# Blender v2.82 (sub 7) OBJ File: 'motoman.blend'
# www.blender.org
mtllib arm_left_link_3_e.mtl
o arm_left_link_3_e.projected_link_b1.017
v 0.057985 0.496147 0.055765
v 0.060622 0.497412 0.055765
v 0.058421 0.496142 0.059765
v 0.058966 0.493757 0.055765
v 0.057500 0.493125 0.055765
v 0.057500 0.505000 0.055765
v 0.050070 0.500562 0.055765
v 0.054274 0.492277 0.055765
v 0.061643 0.504778 0.055765
v 0.053000 0.505000 0.055765
v 0.055215 0.505008 0.058874
v 0.053000 0.510039 0.057518
v 0.061181 0.504856 0.062892
v 0.055835 0.515828 0.060533
v 0.061739 0.513342 0.064561
v 0.066474 0.509731 0.066200
v 0.061926 0.526561 0.066219
v 0.067860 0.527018 0.069599
v 0.075467 0.530746 0.072993
v 0.074393 0.542107 0.073971
v 0.066893 0.539722 0.070154
v 0.071064 0.516978 0.069195
v 0.075944 0.493000 0.065528
v 0.075294 0.524060 0.071747
v 0.081783 0.534889 0.075186
v 0.081923 0.493000 0.066746
v 0.100000 0.493000 0.055765
v 0.087916 0.493000 0.067611
v 0.093948 0.493000 0.068132
v 0.088501 0.542144 0.077541
v 0.083708 0.545810 0.077170
v 0.092133 0.549757 0.078989
v 0.094124 0.545545 0.078662
v 0.098377 0.546565 0.079000
v 0.100000 0.493000 0.068305
v 0.106053 0.493000 0.068132
v 0.104853 0.545807 0.078749
v 0.109924 0.543291 0.077918
v 0.110348 0.548875 0.078588
v 0.102672 0.551513 0.079553
v 0.097344 0.553782 0.079701
v 0.106260 0.553508 0.079438
v 0.101413 0.553914 0.079731
v 0.103671 0.603544 0.079644
v 0.098773 0.603667 0.079741
v 0.095116 0.603451 0.079572
v 0.094776 0.606494 0.080142
v 0.104183 0.606494 0.080239
v 0.109529 0.614708 0.081098
v 0.096819 0.614708 0.081540
v 0.108532 0.602936 0.079163
v 0.112512 0.606494 0.079463
v 0.112149 0.602200 0.078563
v 0.121919 0.610586 0.078351
v 0.115724 0.601214 0.077725
v 0.120520 0.602439 0.077014
v 0.128913 0.601941 0.074405
v 0.122688 0.598718 0.075452
v 0.119236 0.600060 0.076705
v 0.115952 0.551036 0.077663
v 0.120522 0.549071 0.076259
v 0.124404 0.546942 0.074746
v 0.118019 0.541887 0.076335
v 0.123399 0.538638 0.074390
v 0.121990 0.529144 0.073351
v 0.127046 0.521350 0.070604
v 0.128981 0.538598 0.072275
v 0.131880 0.523133 0.069193
v 0.132679 0.510288 0.066646
v 0.136270 0.524920 0.067217
v 0.137924 0.510086 0.064237
v 0.145433 0.505000 0.058301
v 0.137159 0.504356 0.063615
v 0.141847 0.516697 0.062557
v 0.137514 0.535125 0.067088
v 0.144819 0.523600 0.060490
v 0.146996 0.514292 0.057830
v 0.147000 0.530500 0.055765
v 0.147000 0.522865 0.058200
v 0.147000 0.505000 0.055765
v 0.150000 0.530500 0.055765
v 0.140429 0.504889 0.055765
v 0.149982 0.500883 0.055765
v 0.148603 0.495257 0.055765
v 0.149798 0.505488 0.057298
v 0.149963 0.520743 0.057723
v 0.149470 0.523724 0.059620
v 0.149976 0.555707 0.057790
v 0.149777 0.556589 0.058932
v 0.149235 0.557800 0.060100
v 0.150355 0.564735 0.057945
v 0.147096 0.560744 0.059765
v 0.150039 0.567945 0.059756
v 0.152083 0.578688 0.058795
v 0.148894 0.570267 0.061214
v 0.146346 0.566547 0.059765
v 0.142715 0.569364 0.059765
v 0.140522 0.564890 0.059765
v 0.143374 0.566682 0.059765
v 0.143558 0.569954 0.066146
v 0.140887 0.567532 0.068298
v 0.140639 0.563802 0.068492
v 0.139369 0.570293 0.069508
v 0.138761 0.534003 0.069848
v 0.135786 0.539477 0.072009
v 0.140480 0.582804 0.069570
v 0.134772 0.577290 0.072768
v 0.147060 0.576389 0.063748
v 0.152520 0.589435 0.062012
v 0.145947 0.586031 0.066229
v 0.143766 0.595129 0.069618
v 0.153773 0.603605 0.065451
v 0.131584 0.593842 0.075730
v 0.133199 0.586262 0.074162
v 0.139220 0.602834 0.073865
v 0.148216 0.605212 0.069664
v 0.151616 0.613546 0.069056
v 0.141283 0.611451 0.074693
v 0.130580 0.615642 0.079625
v 0.131016 0.606847 0.078160
v 0.141649 0.619851 0.075440
v 0.141648 0.629344 0.075439
v 0.133788 0.624071 0.078997
v 0.149213 0.619851 0.071305
v 0.153055 0.622745 0.069025
v 0.149276 0.627237 0.071406
v 0.155673 0.619486 0.067038
v 0.158223 0.618594 0.059765
v 0.160247 0.618529 0.063306
v 0.154311 0.620845 0.059765
v 0.152548 0.625000 0.059765
v 0.157422 0.623589 0.059765
v 0.158614 0.626559 0.059765
v 0.157490 0.625547 0.055765
v 0.158711 0.622808 0.055765
v 0.160498 0.624030 0.059765
v 0.160655 0.625409 0.055765
v 0.163149 0.618442 0.059669
v 0.163312 0.628430 0.059646
v 0.163361 0.621624 0.055765
v 0.161567 0.631494 0.062038
v 0.163100 0.631663 0.055765
v 0.162166 0.637178 0.060027
v 0.158223 0.631406 0.059765
v 0.154311 0.629155 0.059765
v 0.155147 0.629926 0.067435
v 0.158708 0.641172 0.062977
v 0.152665 0.626163 0.069317
v 0.149918 0.634607 0.070385
v 0.138213 0.640884 0.075679
v 0.152179 0.640884 0.067989
v 0.146373 0.645029 0.070695
v 0.152634 0.650224 0.065074
v 0.143447 0.653194 0.069743
v 0.137604 0.648114 0.074296
v 0.133495 0.658172 0.072619
v 0.125742 0.649135 0.078375
v 0.121445 0.659166 0.076166
v 0.125203 0.640884 0.080323
v 0.116558 0.650143 0.080276
v 0.109527 0.659166 0.078288
v 0.112688 0.642957 0.082613
v 0.106247 0.649135 0.081863
v 0.100000 0.640884 0.083783
v 0.097901 0.649135 0.082052
v 0.100000 0.657196 0.079595
v 0.092299 0.654187 0.080251
v 0.091208 0.665003 0.075895
v 0.102936 0.665003 0.076295
v 0.097690 0.674742 0.071050
v 0.114756 0.668791 0.073155
v 0.104622 0.673383 0.071799
v 0.112361 0.678719 0.067517
v 0.105542 0.683145 0.065063
v 0.102185 0.687835 0.061212
v 0.115680 0.685608 0.061403
v 0.095286 0.684835 0.063784
v 0.096507 0.688326 0.059944
v 0.085966 0.686694 0.060086
v 0.086400 0.685390 0.062283
v 0.089434 0.679609 0.067230
v 0.079601 0.677855 0.066385
v 0.088816 0.672493 0.071729
v 0.080289 0.670642 0.071101
v 0.072125 0.665003 0.071753
v 0.070938 0.669119 0.069208
v 0.081530 0.665003 0.074385
v 0.072450 0.674306 0.066631
v 0.069781 0.679490 0.061696
v 0.072232 0.674870 0.059765
v 0.071893 0.670370 0.059765
v 0.068420 0.667487 0.059765
v 0.067475 0.671834 0.059765
v 0.062635 0.668150 0.059765
v 0.066509 0.675006 0.059765
v 0.064294 0.672853 0.059765
v 0.067356 0.672545 0.055765
v 0.064193 0.673748 0.055765
v 0.066607 0.675399 0.055765
v 0.060847 0.665602 0.055765
v 0.073484 0.679380 0.055765
v 0.075243 0.675218 0.055765
v 0.074949 0.669845 0.055765
v 0.071902 0.665917 0.055765
v 0.066423 0.664056 0.055765
v 0.060905 0.665697 0.062876
v 0.065964 0.663888 0.066370
v 0.069555 0.664518 0.067559
v 0.073013 0.666905 0.067580
v 0.068598 0.656169 0.070850
v 0.073306 0.663394 0.069443
v 0.081408 0.668961 0.068815
v 0.076151 0.655687 0.073602
v 0.084761 0.659576 0.074030
v 0.090012 0.666209 0.071836
v 0.097523 0.657632 0.076141
v 0.082589 0.648724 0.077320
v 0.089794 0.651735 0.077628
v 0.093737 0.643667 0.080012
v 0.102081 0.647729 0.079316
v 0.108108 0.653711 0.077196
v 0.104216 0.639585 0.080955
v 0.113496 0.644695 0.079027
v 0.120899 0.639585 0.078615
v 0.117252 0.651735 0.076544
v 0.114796 0.634423 0.080437
v 0.125495 0.647729 0.075595
v 0.137397 0.644695 0.071889
v 0.134026 0.653952 0.070553
v 0.123849 0.655687 0.073602
v 0.129005 0.639585 0.076295
v 0.125239 0.631322 0.078459
v 0.133239 0.633393 0.075562
v 0.140887 0.635453 0.071855
v 0.137292 0.622489 0.074202
v 0.129348 0.621969 0.077311
v 0.121146 0.621969 0.079659
v 0.133943 0.610586 0.074453
v 0.141369 0.607521 0.070464
v 0.144942 0.622488 0.070421
v 0.137147 0.595472 0.068955
v 0.144906 0.595481 0.064730
v 0.149868 0.603447 0.064382
v 0.148253 0.613681 0.067667
v 0.150075 0.621895 0.067374
v 0.151497 0.619223 0.066278
v 0.155444 0.616365 0.063132
v 0.154987 0.610586 0.062542
v 0.157696 0.607378 0.059574
v 0.150621 0.592110 0.059574
v 0.159755 0.615530 0.059574
v 0.157728 0.607344 0.055765
v 0.159755 0.615530 0.055765
v 0.162034 0.611669 0.055765
v 0.157013 0.615756 0.055765
v 0.153661 0.617197 0.055765
v 0.152383 0.631502 0.055765
v 0.149723 0.626824 0.055765
v 0.149723 0.623176 0.055765
v 0.151104 0.619799 0.055765
v 0.149662 0.626025 0.067690
v 0.151318 0.630461 0.066415
v 0.148491 0.632359 0.068051
v 0.147719 0.642649 0.066810
v 0.154877 0.640087 0.062400
v 0.155767 0.633684 0.062872
v 0.158384 0.634357 0.055765
v 0.156906 0.645041 0.059574
v 0.159755 0.634470 0.059574
v 0.157698 0.642745 0.055765
v 0.161258 0.641536 0.055765
v 0.157277 0.652096 0.055765
v 0.152451 0.655053 0.055765
v 0.152451 0.655053 0.059574
v 0.146940 0.663091 0.055765
v 0.149288 0.664820 0.055765
v 0.151383 0.661874 0.060216
v 0.142031 0.668516 0.055765
v 0.145448 0.669197 0.059801
v 0.139570 0.674600 0.055765
v 0.135187 0.674824 0.055765
v 0.134242 0.671933 0.055765
v 0.137277 0.664803 0.055765
v 0.141304 0.672904 0.060361
v 0.136410 0.676932 0.059669
v 0.130108 0.680753 0.055765
v 0.131012 0.680171 0.060232
v 0.123374 0.683895 0.059819
v 0.117369 0.686027 0.055765
v 0.132215 0.674512 0.055765
v 0.125823 0.678192 0.055765
v 0.119074 0.682290 0.055765
v 0.106843 0.685068 0.055765
v 0.116336 0.683088 0.059574
v 0.126517 0.679380 0.059574
v 0.107523 0.688003 0.055765
v 0.113819 0.686958 0.059574
v 0.106065 0.688101 0.059717
v 0.097488 0.688400 0.055765
v 0.094301 0.685111 0.055765
v 0.086307 0.686866 0.055765
v 0.080927 0.682290 0.055765
v 0.069892 0.680753 0.055765
v 0.074428 0.682871 0.060371
v 0.068658 0.680193 0.059622
v 0.077492 0.682707 0.062195
v 0.061128 0.675065 0.059669
v 0.055590 0.670128 0.060182
v 0.060431 0.674600 0.055765
v 0.058806 0.672499 0.061232
v 0.054983 0.664430 0.063892
v 0.063058 0.667942 0.066493
v 0.068235 0.667183 0.069233
v 0.061826 0.660621 0.069471
v 0.052496 0.650143 0.068492
v 0.068312 0.649135 0.076415
v 0.068212 0.657196 0.073747
v 0.059660 0.649135 0.072765
v 0.066687 0.640884 0.077752
v 0.056054 0.640884 0.072875
v 0.061363 0.632507 0.076628
v 0.049976 0.632507 0.070570
v 0.045589 0.643057 0.065857
v 0.046323 0.653374 0.063267
v 0.040584 0.636928 0.063348
v 0.040722 0.646745 0.060376
v 0.045435 0.657162 0.059952
v 0.042723 0.652096 0.055765
v 0.037946 0.637676 0.059918
v 0.038743 0.641536 0.055765
v 0.042303 0.642745 0.055765
v 0.036901 0.631663 0.055765
v 0.036680 0.628303 0.059669
v 0.036640 0.621624 0.055765
v 0.040246 0.634470 0.055765
v 0.039374 0.626182 0.055765
v 0.040993 0.627117 0.059765
v 0.039771 0.624172 0.059765
v 0.042726 0.625854 0.055765
v 0.040609 0.623325 0.055765
v 0.042742 0.624513 0.059765
v 0.041617 0.615643 0.055765
v 0.047274 0.618007 0.055765
v 0.048209 0.631182 0.055765
v 0.049752 0.621420 0.055765
v 0.048047 0.618711 0.065922
v 0.044274 0.616284 0.062901
v 0.040246 0.615530 0.059574
v 0.051730 0.614200 0.067697
v 0.043220 0.604485 0.059574
v 0.045141 0.609567 0.062375
v 0.050585 0.600435 0.063738
v 0.060063 0.602439 0.069961
v 0.061140 0.594476 0.067813
v 0.049380 0.592110 0.059574
v 0.054501 0.591566 0.062778
v 0.055404 0.586609 0.060773
v 0.062646 0.591161 0.067156
v 0.067739 0.601443 0.073042
v 0.067485 0.594011 0.070555
v 0.061966 0.571651 0.066701
v 0.057074 0.574631 0.062448
v 0.060998 0.572808 0.055765
v 0.053000 0.575000 0.058200
v 0.053000 0.575000 0.055765
v 0.057001 0.574689 0.055765
v 0.054790 0.567500 0.055765
v 0.057106 0.565714 0.055765
v 0.057001 0.556311 0.055765
v 0.053000 0.556000 0.055765
v 0.053135 0.565024 0.055765
v 0.060122 0.557530 0.065232
v 0.056738 0.556268 0.062135
v 0.053000 0.556000 0.058200
v 0.060998 0.558192 0.055765
v 0.055796 0.563560 0.055765
v 0.054585 0.563939 0.059765
v 0.056837 0.566318 0.059765
v 0.053995 0.567241 0.059765
v 0.050833 0.560733 0.060202
v 0.056793 0.561489 0.059765
v 0.049951 0.568064 0.059765
v 0.053126 0.570256 0.063155
v 0.056362 0.569890 0.059765
v 0.049381 0.569153 0.058730
v 0.050110 0.556150 0.058280
v 0.049909 0.559225 0.055765
v 0.047955 0.577287 0.055765
v 0.045347 0.589307 0.059211
v 0.052958 0.576526 0.063784
v 0.048280 0.579377 0.059931
v 0.046479 0.593166 0.062370
v 0.052277 0.587750 0.065307
v 0.056861 0.598029 0.070726
v 0.057301 0.585157 0.068353
v 0.051458 0.602213 0.068614
v 0.044554 0.603552 0.064202
v 0.042930 0.615609 0.065511
v 0.051219 0.611451 0.070594
v 0.040577 0.604189 0.061141
v 0.038081 0.612166 0.060354
v 0.037232 0.618633 0.060504
v 0.037966 0.611669 0.055765
v 0.041308 0.600868 0.058923
v 0.044481 0.591742 0.055765
v 0.040555 0.602744 0.055765
v 0.041851 0.608475 0.055765
v 0.045217 0.599443 0.055765
v 0.049733 0.591465 0.055765
v 0.053000 0.586905 0.055765
v 0.053000 0.586905 0.058200
v 0.043334 0.619116 0.066265
v 0.043222 0.619142 0.059765
v 0.046714 0.622001 0.059765
v 0.046509 0.621663 0.068697
v 0.047358 0.624995 0.069334
v 0.050747 0.623016 0.071371
v 0.058288 0.625126 0.075571
v 0.056563 0.615642 0.074206
v 0.062598 0.611451 0.076482
v 0.066296 0.619851 0.078779
v 0.059920 0.605673 0.074104
v 0.067461 0.593052 0.075174
v 0.069284 0.601195 0.077216
v 0.078647 0.600180 0.080110
v 0.070584 0.611451 0.079523
v 0.079755 0.615642 0.082517
v 0.083097 0.607742 0.082145
v 0.091418 0.615642 0.084364
v 0.082823 0.624071 0.083646
v 0.074409 0.625126 0.081709
v 0.078662 0.632507 0.082483
v 0.070373 0.632507 0.080164
v 0.066205 0.626182 0.079016
v 0.074771 0.640884 0.080416
v 0.083064 0.640884 0.082335
v 0.080324 0.649135 0.079925
v 0.075926 0.657196 0.076290
v 0.089387 0.640868 0.083207
v 0.085398 0.658189 0.077997
v 0.087112 0.630399 0.084159
v 0.096773 0.632507 0.084822
v 0.108574 0.634607 0.084316
v 0.100000 0.623016 0.085155
v 0.091377 0.623015 0.084810
v 0.108622 0.627237 0.084804
v 0.109681 0.619851 0.084539
v 0.118228 0.623016 0.083394
v 0.117125 0.632507 0.083358
v 0.125510 0.632507 0.081418
v 0.125589 0.624071 0.081699
v 0.121281 0.614591 0.082220
v 0.120162 0.605120 0.081063
v 0.112278 0.611008 0.083381
v 0.110732 0.597753 0.082114
v 0.105114 0.611472 0.084109
v 0.095563 0.609821 0.083891
v 0.099660 0.600528 0.083020
v 0.106537 0.592009 0.082424
v 0.101165 0.592258 0.082744
v 0.096390 0.592027 0.082646
v 0.090089 0.596587 0.082111
v 0.087250 0.589384 0.081486
v 0.092135 0.591179 0.082285
v 0.082524 0.588129 0.080381
v 0.077253 0.586548 0.078707
v 0.086500 0.552069 0.081338
v 0.082155 0.550626 0.080254
v 0.078279 0.548988 0.079028
v 0.083625 0.545979 0.080247
v 0.083466 0.537129 0.079009
v 0.088286 0.541666 0.080504
v 0.094523 0.549496 0.082205
v 0.076722 0.536338 0.077385
v 0.091586 0.553220 0.082205
v 0.074877 0.545573 0.077629
v 0.068422 0.533246 0.073951
v 0.073996 0.581199 0.077336
v 0.072029 0.545475 0.076416
v 0.067789 0.542355 0.074208
v 0.070368 0.579428 0.075619
v 0.064078 0.584081 0.072500
v 0.066148 0.574419 0.073244
v 0.062145 0.570466 0.070585
v 0.063631 0.537642 0.071571
v 0.059186 0.526008 0.067952
v 0.060144 0.535276 0.069087
v 0.063758 0.523452 0.070509
v 0.058140 0.512349 0.065736
v 0.062970 0.510142 0.068092
v 0.068971 0.523451 0.072890
v 0.072174 0.520205 0.073294
v 0.066353 0.504412 0.068388
v 0.078330 0.530192 0.076757
v 0.080261 0.494020 0.069746
v 0.071121 0.494020 0.067639
v 0.066334 0.496687 0.066790
v 0.066500 0.492064 0.065135
v 0.075483 0.491513 0.066985
v 0.066500 0.490171 0.062229
v 0.084320 0.492651 0.069887
v 0.090611 0.490824 0.068836
v 0.082177 0.490096 0.065784
v 0.102211 0.490788 0.069121
v 0.073350 0.490000 0.063126
v 0.095701 0.490000 0.066308
v 0.119059 0.490048 0.065067
v 0.100000 0.490000 0.055765
v 0.061220 0.490021 0.055765
v 0.066500 0.490000 0.059765
v 0.136921 0.490000 0.055765
v 0.069500 0.493000 0.055765
v 0.133500 0.490000 0.061117
v 0.133500 0.490000 0.059765
v 0.133531 0.495948 0.059765
v 0.142346 0.490966 0.058531
v 0.140673 0.494054 0.059765
v 0.138398 0.496339 0.059765
v 0.141251 0.497208 0.059765
v 0.139240 0.501890 0.059765
v 0.138374 0.496682 0.055765
v 0.137943 0.493441 0.055765
v 0.135100 0.499475 0.059765
v 0.133838 0.497412 0.066887
v 0.136427 0.500679 0.066596
v 0.129059 0.497123 0.068231
v 0.143908 0.501996 0.062695
v 0.135040 0.508482 0.068642
v 0.130009 0.524093 0.073324
v 0.140794 0.508898 0.065912
v 0.136647 0.523237 0.070243
v 0.127165 0.519395 0.073341
v 0.119740 0.494020 0.069746
v 0.123167 0.530187 0.076415
v 0.117345 0.536231 0.078715
v 0.118118 0.541303 0.079323
v 0.126215 0.539952 0.076817
v 0.127328 0.545887 0.076721
v 0.122612 0.548483 0.078694
v 0.131937 0.541215 0.074303
v 0.129215 0.578568 0.075812
v 0.125415 0.584011 0.077608
v 0.120750 0.593621 0.079625
v 0.120466 0.585141 0.079436
v 0.118429 0.550393 0.080080
v 0.116294 0.587661 0.080684
v 0.111561 0.589895 0.081719
v 0.113550 0.551801 0.081308
v 0.109031 0.553102 0.082116
v 0.106026 0.549394 0.082134
v 0.103214 0.545695 0.081847
v 0.108749 0.543675 0.081172
v 0.099993 0.553898 0.082757
v 0.103955 0.553783 0.082630
v 0.096055 0.553750 0.082631
v 0.097035 0.545787 0.081878
v 0.100000 0.494020 0.071569
v 0.096265 0.494020 0.071502
v 0.092674 0.544396 0.081412
v 0.090974 0.494020 0.071194
v 0.095510 0.492556 0.070835
v 0.085880 0.494020 0.070647
v 0.106740 0.492651 0.070819
v 0.103735 0.494020 0.071502
v 0.109027 0.494020 0.071194
v 0.115539 0.491547 0.068914
v 0.114121 0.494020 0.070647
v 0.113303 0.540379 0.080078
v 0.127177 0.492354 0.067307
v 0.125115 0.490611 0.065934
v 0.133500 0.493193 0.065678
v 0.133500 0.490219 0.062452
v 0.143428 0.519707 0.065448
v 0.145642 0.507620 0.062410
v 0.148876 0.514732 0.060133
v 0.146587 0.526191 0.063059
v 0.142363 0.531727 0.067008
v 0.145416 0.560761 0.064247
v 0.142496 0.561478 0.066946
v 0.142470 0.561520 0.059765
v 0.144522 0.563747 0.059765
v 0.142985 0.564853 0.055765
v 0.145774 0.563995 0.055765
v 0.151047 0.570754 0.055765
v 0.144421 0.567103 0.055765
v 0.143000 0.556311 0.055765
v 0.147000 0.556000 0.055765
v 0.150000 0.555919 0.055765
v 0.144172 0.556087 0.061251
v 0.147000 0.556000 0.058200
v 0.140031 0.557494 0.065091
v 0.140929 0.531702 0.064314
v 0.136852 0.560774 0.067619
v 0.139003 0.558192 0.055765
v 0.143000 0.574689 0.055765
v 0.136173 0.562345 0.055765
v 0.136662 0.569957 0.055765
v 0.139003 0.572808 0.055765
v 0.139348 0.573071 0.065668
v 0.136891 0.570334 0.067591
v 0.135797 0.567807 0.068387
v 0.135735 0.592152 0.068372
v 0.132515 0.594011 0.070555
v 0.130413 0.595130 0.071793
v 0.135569 0.565037 0.068547
v 0.133434 0.539775 0.069953
v 0.129576 0.543378 0.072232
v 0.127159 0.596737 0.073487
v 0.135592 0.566427 0.055765
v 0.141315 0.588645 0.063978
v 0.146320 0.586524 0.058953
v 0.143844 0.574829 0.061562
v 0.147000 0.575000 0.058200
v 0.147000 0.575000 0.055765
v 0.147000 0.586905 0.055765
v 0.153720 0.585378 0.055765
v 0.151894 0.594158 0.055765
v 0.158866 0.601195 0.055765
v 0.156029 0.593597 0.059110
v 0.159384 0.602789 0.059266
v 0.161993 0.612193 0.060142
v 0.159045 0.604174 0.061625
v 0.159347 0.612581 0.063291
v 0.148220 0.560244 0.061341
v 0.148750 0.523724 0.060758
v 0.148413 0.502362 0.059341
v 0.148141 0.495267 0.057373
v 0.145269 0.494098 0.059765
v 0.142412 0.490538 0.055765
v 0.141856 0.494924 0.055765
v 0.134433 0.503048 0.055765
v 0.130500 0.493000 0.055765
v 0.130855 0.496540 0.055765
v 0.130182 0.493000 0.063897
v 0.132656 0.501370 0.064875
v 0.130837 0.497535 0.064648
v 0.130213 0.509821 0.067388
v 0.124010 0.493000 0.065538
v 0.118077 0.493000 0.066746
v 0.112085 0.493000 0.067611
v 0.116038 0.537754 0.076110
v 0.069374 0.495895 0.055765
v 0.069818 0.493000 0.063897
v 0.068765 0.498604 0.064749
v 0.065431 0.503121 0.064532
v 0.066531 0.502093 0.055765
v 0.062459 0.493904 0.055765
v 0.061790 0.496211 0.059765
v 0.059761 0.493499 0.059765
v 0.059984 0.490205 0.059049
v 0.053758 0.495480 0.059763
v 0.051986 0.502000 0.059765
v 0.053632 0.493020 0.057329
v 0.051584 0.497401 0.058398
v 0.051272 0.504711 0.059368
v 0.053675 0.511682 0.062330
v 0.050487 0.511513 0.058774
v 0.050037 0.515226 0.057304
v 0.050586 0.540647 0.059756
v 0.050971 0.523724 0.060393
v 0.052896 0.523251 0.062429
v 0.056057 0.530003 0.065635
v 0.051736 0.559754 0.061297
v 0.054447 0.560761 0.064105
v 0.057877 0.561762 0.067263
v 0.059414 0.563871 0.068535
v 0.059407 0.567617 0.068530
v 0.059467 0.566195 0.059765
v 0.059579 0.574678 0.068862
v 0.057107 0.569716 0.066696
v 0.050000 0.530500 0.055765
v 0.053000 0.530500 0.055765
v 0.053000 0.520851 0.058158
v 0.055117 0.526341 0.060525
v 0.058640 0.530983 0.063934
v 0.062439 0.535743 0.067065
v 0.062595 0.559895 0.067203
v 0.063338 0.561043 0.055765
v 0.063934 0.562302 0.068195
v 0.064432 0.565036 0.068547
v 0.064409 0.564573 0.055765
v 0.064318 0.567353 0.055765
v 0.063338 0.569957 0.055765
v 0.064203 0.567811 0.068386
v 0.058366 0.501928 0.064141
v 0.061628 0.501639 0.059765
v 0.064425 0.500067 0.066820
v 0.065823 0.497602 0.059765
v 0.133684 0.632507 0.078724
v 0.044854 0.629926 0.067435
v 0.047083 0.626499 0.059765
v 0.043222 0.630858 0.059765
v 0.038623 0.631494 0.062286
v 0.070421 0.543376 0.072230
v 0.069581 0.595127 0.071789
v 0.072843 0.596738 0.073487
v 0.075319 0.546768 0.074623
v 0.077314 0.598718 0.075452
v 0.076482 0.602439 0.076205
v 0.080765 0.600060 0.076705
v 0.075014 0.610586 0.077576
v 0.083283 0.608540 0.079150
v 0.084278 0.601214 0.077726
v 0.066853 0.614719 0.075314
v 0.059314 0.610586 0.071456
v 0.058897 0.618851 0.072288
v 0.074758 0.618851 0.078470
v 0.058839 0.625087 0.072404
v 0.070616 0.625087 0.077420
v 0.066688 0.631322 0.075737
v 0.074810 0.633393 0.078275
v 0.080944 0.628724 0.080083
v 0.084132 0.616780 0.080395
v 0.089412 0.635464 0.081029
v 0.083227 0.639585 0.079490
v 0.089352 0.623527 0.081539
v 0.100000 0.623007 0.082195
v 0.097872 0.631838 0.081890
v 0.109585 0.622487 0.081639
v 0.108522 0.629244 0.081699
v 0.074387 0.645702 0.076048
v 0.062784 0.646721 0.071456
v 0.070996 0.639585 0.076295
v 0.063139 0.639585 0.073233
v 0.056091 0.631322 0.070758
v 0.055601 0.639585 0.069456
v 0.050163 0.646716 0.064325
v 0.047811 0.636751 0.064994
v 0.049150 0.629788 0.066777
v 0.046099 0.632861 0.064381
v 0.042342 0.642748 0.059574
v 0.041050 0.634450 0.060250
v 0.044664 0.633524 0.055765
v 0.047550 0.655053 0.059574
v 0.053061 0.663091 0.059574
v 0.054436 0.659068 0.062394
v 0.047550 0.655053 0.055765
v 0.053061 0.663091 0.055765
v 0.050713 0.664820 0.055765
v 0.050672 0.664821 0.060027
v 0.057969 0.668516 0.055765
v 0.057969 0.668516 0.059574
v 0.049337 0.661317 0.061897
v 0.061205 0.655656 0.067682
v 0.049752 0.628580 0.055765
v 0.050339 0.626256 0.067690
v 0.050456 0.625000 0.055765
v 0.049926 0.621894 0.067374
v 0.087848 0.602199 0.078562
v 0.089472 0.552690 0.078849
v 0.083561 0.550845 0.077526
v 0.079442 0.549059 0.076250
v 0.091470 0.602936 0.079163
v 0.093868 0.553527 0.079452
v 0.083948 0.683136 0.059574
v 0.073484 0.679380 0.059574
v 0.097715 0.685414 0.059574
v 0.093194 0.679482 0.063926
v 0.079420 0.677340 0.062883
v 0.087986 0.675225 0.066331
v 0.075099 0.670284 0.066370
v 0.075241 0.675271 0.063186
v 0.097223 0.670787 0.069927
v 0.100890 0.680305 0.063646
v 0.110768 0.674347 0.067026
v 0.103384 0.663856 0.073494
v 0.111354 0.667134 0.071209
v 0.114762 0.659576 0.074143
v 0.126224 0.663394 0.069578
v 0.119266 0.667134 0.069677
v 0.124902 0.670284 0.066370
v 0.120857 0.676928 0.063144
v 0.109197 0.681981 0.061811
v 0.124871 0.675657 0.062876
v 0.124387 0.673432 0.055765
v 0.125052 0.669845 0.055765
v 0.127026 0.666776 0.055765
v 0.126722 0.667125 0.067559
v 0.130148 0.664692 0.067580
v 0.131333 0.664294 0.055765
v 0.134037 0.663888 0.066370
v 0.138772 0.665460 0.063186
v 0.139137 0.659094 0.066127
v 0.146109 0.660521 0.061362
v 0.146494 0.651735 0.064846
v 0.146940 0.663091 0.059574
v 0.142031 0.668516 0.059574
v 0.106843 0.685068 0.059574
v 0.132603 0.675047 0.059765
v 0.135432 0.673551 0.059765
v 0.132519 0.672064 0.059765
v 0.131901 0.667262 0.059765
v 0.128274 0.670456 0.059765
v 0.127771 0.675262 0.059765
v 0.137366 0.668150 0.059765
v 0.137973 0.668457 0.065712
v 0.134132 0.667057 0.068287
v 0.141047 0.662093 0.067395
v 0.128490 0.670014 0.068904
v 0.127093 0.664026 0.072411
v 0.121441 0.674297 0.068449
v 0.127810 0.674981 0.066082
v 0.124458 0.680501 0.063298
v 0.149362 0.659711 0.063591
v 0.144313 0.667189 0.062834
v 0.156577 0.653245 0.060375
v 0.159622 0.646456 0.060065
v 0.110603 0.552669 0.078835
v 0.041000 0.625000 0.038773
v 0.042509 0.624808 0.039765
v 0.041373 0.626474 0.039765
v 0.039478 0.625274 0.039765
v 0.040829 0.623592 0.039765
v 0.039478 0.624726 0.055765
v 0.041373 0.623526 0.055765
v 0.043916 0.594499 0.055765
v 0.040367 0.603730 0.055765
v 0.036937 0.618761 0.055765
v 0.042556 0.624617 0.055765
v 0.042461 0.625767 0.055765
v 0.043575 0.649165 0.055765
v 0.045278 0.634256 0.055765
v 0.046244 0.638802 0.055765
v 0.049299 0.647574 0.055765
v 0.047588 0.643252 0.055765
v 0.044500 0.625000 0.055765
v 0.044695 0.629644 0.055765
v 0.039974 0.645288 0.055765
v 0.046839 0.659300 0.055765
v 0.040829 0.626408 0.055765
v 0.036948 0.632122 0.055765
v 0.033964 0.633513 0.052008
v 0.034784 0.635142 0.053265
v 0.033000 0.625968 0.052105
v 0.033000 0.632749 0.050765
v 0.033000 0.624711 0.049955
v 0.033000 0.627500 0.048265
v 0.033000 0.617294 0.051262
v 0.033918 0.616605 0.052647
v 0.034795 0.614787 0.053265
v 0.033678 0.616791 0.040835
v 0.034644 0.615359 0.040833
v 0.033888 0.617935 0.027118
v 0.034457 0.617407 0.025512
v 0.034787 0.614838 0.007415
v 0.035774 0.609802 0.053265
v 0.035386 0.611616 0.006821
v 0.034509 0.617062 0.007821
v 0.035666 0.612242 0.005361
v 0.034141 0.620882 0.023082
v 0.033729 0.627029 0.024613
v 0.034221 0.629304 0.023872
v 0.034033 0.623557 0.009003
v 0.034243 0.630255 0.009265
v 0.034880 0.622494 0.006696
v 0.036298 0.630055 0.004265
v 0.035552 0.617724 0.004267
v 0.037047 0.606388 0.004265
v 0.038908 0.624286 0.004265
v 0.040910 0.623744 0.004265
v 0.041604 0.625649 0.004265
v 0.041511 0.624272 0.022265
v 0.039686 0.623513 0.022265
v 0.043997 0.625000 0.004265
v 0.046063 0.608849 0.004265
v 0.053354 0.594008 0.004265
v 0.044412 0.588997 0.004265
v 0.039749 0.598052 0.004331
v 0.046700 0.595508 0.004265
v 0.049165 0.596444 0.004265
v 0.047687 0.596623 0.004265
v 0.048414 0.603948 0.004765
v 0.046316 0.610011 0.004765
v 0.045250 0.614556 0.004765
v 0.045031 0.615703 0.017265
v 0.046002 0.611136 0.017265
v 0.044434 0.620920 0.004765
v 0.044250 0.625000 0.017265
v 0.044446 0.620335 0.017265
v 0.044421 0.628497 0.004765
v 0.045031 0.634297 0.017265
v 0.044446 0.629665 0.017265
v 0.045250 0.635444 0.004765
v 0.047002 0.643625 0.004265
v 0.047037 0.642209 0.004765
v 0.046002 0.638864 0.017265
v 0.046244 0.638802 0.017265
v 0.047351 0.643334 0.017265
v 0.047588 0.643252 0.017265
v 0.049299 0.647574 0.017265
v 0.051365 0.651737 0.055765
v 0.051365 0.651737 0.017265
v 0.049070 0.647676 0.017265
v 0.051146 0.651858 0.017265
v 0.049567 0.648732 0.004765
v 0.051730 0.652869 0.004765
v 0.055643 0.658669 0.004765
v 0.053190 0.656101 0.004265
v 0.053565 0.655852 0.017265
v 0.053773 0.655713 0.017265
v 0.056505 0.659474 0.017265
v 0.056310 0.659629 0.017265
v 0.059360 0.663163 0.017265
v 0.059543 0.662992 0.017265
v 0.062864 0.666245 0.017265
v 0.059543 0.662992 0.055765
v 0.062864 0.666245 0.055765
v 0.065925 0.668803 0.055765
v 0.065988 0.671922 0.055765
v 0.064637 0.673603 0.055765
v 0.063746 0.676964 0.055765
v 0.055941 0.670663 0.055765
v 0.071801 0.681843 0.055765
v 0.056215 0.674384 0.053265
v 0.064307 0.680515 0.053265
v 0.060143 0.677605 0.053265
v 0.066662 0.674656 0.055765
v 0.068730 0.677740 0.055765
v 0.078493 0.676163 0.055765
v 0.082850 0.677784 0.055765
v 0.070262 0.671860 0.055765
v 0.074287 0.674184 0.055765
v 0.074287 0.674184 0.017265
v 0.070262 0.671860 0.017265
v 0.066445 0.669207 0.017265
v 0.070128 0.672071 0.017265
v 0.066294 0.669407 0.017265
v 0.062696 0.666430 0.017265
v 0.063580 0.667193 0.004765
v 0.069183 0.671384 0.004765
v 0.075217 0.674925 0.004765
v 0.068948 0.671740 0.004265
v 0.074172 0.674406 0.017265
v 0.078396 0.676394 0.017265
v 0.078493 0.676163 0.017265
v 0.082850 0.677784 0.017265
v 0.087327 0.679034 0.017265
v 0.082773 0.678021 0.017265
v 0.087327 0.679034 0.055765
v 0.095149 0.688080 0.055765
v 0.091893 0.679905 0.055765
v 0.080824 0.685486 0.055765
v 0.073243 0.685332 0.053265
v 0.077962 0.687211 0.053265
v 0.082812 0.688721 0.053265
v 0.087763 0.689855 0.053265
v 0.082456 0.688622 0.009265
v 0.087418 0.689786 0.009265
v 0.092454 0.690563 0.009265
v 0.084725 0.687101 0.004265
v 0.094464 0.688712 0.004265
v 0.097535 0.690950 0.009265
v 0.100192 0.686258 0.004265
v 0.098502 0.685318 0.004265
v 0.104335 0.688805 0.004265
v 0.102631 0.690944 0.009265
v 0.107711 0.690544 0.009265
v 0.101501 0.685268 0.004265
v 0.114103 0.687378 0.004265
v 0.112745 0.689754 0.009265
v 0.117704 0.688577 0.009265
v 0.119064 0.677702 0.004265
v 0.123534 0.684465 0.004265
v 0.130275 0.681387 0.004265
v 0.122556 0.687022 0.009265
v 0.127275 0.685097 0.009265
v 0.122779 0.686943 0.053265
v 0.127476 0.685007 0.053265
v 0.131830 0.682813 0.009265
v 0.132009 0.682716 0.053265
v 0.136196 0.680185 0.009265
v 0.136564 0.677469 0.004265
v 0.140346 0.677228 0.009265
v 0.144203 0.671217 0.004265
v 0.131194 0.675835 0.004265
v 0.131376 0.677263 0.004265
v 0.130634 0.678083 0.022265
v 0.131467 0.676720 0.022265
v 0.130259 0.678300 0.004265
v 0.128813 0.677944 0.004265
v 0.128972 0.678054 0.022265
v 0.129875 0.676745 0.023256
v 0.128285 0.677038 0.022265
v 0.128285 0.676552 0.004265
v 0.128731 0.675673 0.022265
v 0.129701 0.675235 0.004265
v 0.130472 0.675295 0.022265
v 0.132075 0.671149 0.004265
v 0.140173 0.665386 0.004265
v 0.128362 0.672957 0.004765
v 0.134149 0.669024 0.004765
v 0.131818 0.670779 0.017265
v 0.139398 0.664397 0.004765
v 0.135537 0.667956 0.017265
v 0.135377 0.667763 0.017265
v 0.139007 0.664832 0.017265
v 0.138832 0.664653 0.017265
v 0.142014 0.661265 0.055765
v 0.138832 0.664653 0.055765
v 0.142014 0.661265 0.017265
v 0.144901 0.657622 0.017265
v 0.144901 0.657622 0.055765
v 0.142203 0.661428 0.017265
v 0.145103 0.657769 0.017265
v 0.142947 0.660529 0.004765
v 0.149166 0.651358 0.004265
v 0.146082 0.656317 0.004765
v 0.149395 0.650823 0.004765
v 0.147687 0.653880 0.017265
v 0.149936 0.649788 0.017265
v 0.149712 0.649677 0.017265
v 0.147473 0.653750 0.017265
v 0.149712 0.649677 0.055765
v 0.147473 0.653750 0.055765
v 0.151075 0.649165 0.055765
v 0.147431 0.667150 0.055765
v 0.153319 0.659402 0.055765
v 0.157952 0.650844 0.055765
v 0.151338 0.666474 0.053265
v 0.154376 0.662403 0.053265
v 0.157091 0.658110 0.053265
v 0.156425 0.649165 0.055765
v 0.151603 0.645431 0.055765
v 0.153132 0.641041 0.055765
v 0.154288 0.636539 0.055765
v 0.155063 0.631956 0.055765
v 0.155452 0.627324 0.055765
v 0.155452 0.622676 0.055765
v 0.154939 0.591269 0.055765
v 0.157445 0.624617 0.055765
v 0.157539 0.625767 0.055765
v 0.159171 0.626408 0.055765
v 0.161222 0.641680 0.055765
v 0.163053 0.632122 0.055765
v 0.161493 0.648963 0.053265
v 0.163154 0.644163 0.053265
v 0.164440 0.639249 0.053265
v 0.165345 0.634251 0.053265
v 0.164436 0.639270 0.009265
v 0.165345 0.634255 0.009265
v 0.165864 0.629186 0.009265
v 0.163611 0.630620 0.004265
v 0.161689 0.641866 0.004265
v 0.164032 0.616757 0.004265
v 0.161069 0.624090 0.004265
v 0.160884 0.625990 0.004265
v 0.165970 0.623687 0.009027
v 0.165886 0.628277 0.053265
v 0.165981 0.623415 0.053265
v 0.165727 0.619048 0.053265
v 0.165624 0.618004 0.007994
v 0.165075 0.614010 0.053265
v 0.164685 0.612028 0.006896
v 0.164037 0.609038 0.053265
v 0.163645 0.607562 0.006065
v 0.162294 0.605317 0.004265
v 0.161681 0.601597 0.004925
v 0.159576 0.623490 0.004265
v 0.160178 0.597894 0.004265
v 0.158911 0.594905 0.005234
v 0.155781 0.635978 0.004265
v 0.160780 0.599290 0.053265
v 0.156509 0.589749 0.005544
v 0.156796 0.590972 0.004265
v 0.158160 0.624807 0.004265
v 0.155174 0.614127 0.004265
v 0.153167 0.608338 0.004765
v 0.155714 0.624416 0.004765
v 0.147724 0.596078 0.004265
v 0.155433 0.619174 0.004765
v 0.152688 0.596162 0.004265
v 0.154751 0.614556 0.004765
v 0.154532 0.613409 0.017265
v 0.155311 0.618013 0.017265
v 0.155701 0.622665 0.017265
v 0.154288 0.613461 0.017265
v 0.155063 0.618044 0.017265
v 0.155063 0.618044 0.055765
v 0.154288 0.613461 0.055765
v 0.155452 0.622676 0.017265
v 0.155452 0.627324 0.017265
v 0.155701 0.627335 0.017265
v 0.155311 0.631987 0.017265
v 0.155433 0.630826 0.004765
v 0.154618 0.636013 0.004765
v 0.153371 0.641114 0.017265
v 0.152197 0.644412 0.004765
v 0.154532 0.636591 0.017265
v 0.154288 0.636539 0.017265
v 0.155063 0.631956 0.017265
v 0.153132 0.641041 0.017265
v 0.151603 0.645431 0.017265
v 0.151835 0.645523 0.017265
v 0.153132 0.608959 0.055765
v 0.151603 0.604569 0.055765
v 0.153132 0.608959 0.017265
v 0.151603 0.604569 0.017265
v 0.153371 0.608886 0.017265
v 0.151835 0.604477 0.017265
v 0.150389 0.601289 0.004765
v 0.149712 0.600323 0.017265
v 0.149936 0.600212 0.017265
v 0.147687 0.596120 0.017265
v 0.147473 0.596250 0.017265
v 0.144901 0.592378 0.055765
v 0.144901 0.592378 0.017265
v 0.147473 0.596250 0.055765
v 0.152032 0.581098 0.055765
v 0.149709 0.600316 0.055765
v 0.144628 0.566974 0.055765
v 0.155677 0.585941 0.053441
v 0.153870 0.579699 0.053652
v 0.142014 0.588735 0.055765
v 0.150192 0.569654 0.055765
v 0.152563 0.574184 0.053902
v 0.151281 0.566847 0.054337
v 0.150526 0.560748 0.054770
v 0.149604 0.556914 0.055765
v 0.146523 0.565774 0.055765
v 0.146055 0.566691 0.039765
v 0.146481 0.565084 0.039765
v 0.145910 0.564182 0.055765
v 0.144301 0.564150 0.055765
v 0.145381 0.563956 0.039765
v 0.136000 0.557521 0.055765
v 0.136000 0.572870 0.047514
v 0.136000 0.562614 0.040360
v 0.136000 0.544000 0.055765
v 0.142500 0.544000 0.055765
v 0.138832 0.585347 0.055765
v 0.136000 0.582760 0.055765
v 0.143445 0.565883 0.055765
v 0.150000 0.549528 0.055765
v 0.150000 0.544000 0.055765
v 0.150136 0.554687 0.055282
v 0.150000 0.508079 0.033111
v 0.150000 0.504208 0.035599
v 0.149994 0.549528 0.017494
v 0.149974 0.508079 0.017207
v 0.149680 0.549528 0.015094
v 0.150204 0.558217 0.015892
v 0.150112 0.554354 0.017765
v 0.150674 0.562108 0.017765
v 0.151736 0.569730 0.017360
v 0.152922 0.575788 0.016086
v 0.152289 0.576992 0.011332
v 0.154882 0.583427 0.012222
v 0.145193 0.575564 0.005068
v 0.152343 0.584221 0.004265
v 0.148664 0.571228 0.009244
v 0.149296 0.557747 0.012916
v 0.147794 0.558337 0.010380
v 0.145220 0.559415 0.007909
v 0.143890 0.570536 0.006252
v 0.136833 0.568593 0.005253
v 0.138638 0.558199 0.005768
v 0.140869 0.554511 0.006076
v 0.138807 0.531665 0.005825
v 0.141985 0.523998 0.006466
v 0.143500 0.550807 0.007108
v 0.144000 0.519136 0.007406
v 0.145789 0.549528 0.008681
v 0.146113 0.514037 0.008940
v 0.147303 0.511017 0.010208
v 0.147954 0.549528 0.011092
v 0.148629 0.507706 0.012205
v 0.148914 0.549528 0.012777
v 0.149503 0.508079 0.014399
v 0.149995 0.503846 0.016129
v 0.151858 0.494708 0.023999
v 0.149418 0.500792 0.012030
v 0.150402 0.502205 0.029087
v 0.150807 0.498297 0.034344
v 0.149967 0.500374 0.037978
v 0.149446 0.495515 0.039639
v 0.153039 0.490691 0.029638
v 0.152155 0.488609 0.035540
v 0.151191 0.484090 0.038213
v 0.156320 0.479859 0.028619
v 0.158656 0.478772 0.020518
v 0.155458 0.485337 0.023980
v 0.155436 0.472517 0.031649
v 0.160409 0.472671 0.019446
v 0.162028 0.472815 0.010560
v 0.158725 0.470032 0.024823
v 0.163380 0.466822 0.008335
v 0.160573 0.465007 0.022980
v 0.156325 0.465791 0.031483
v 0.161138 0.458634 0.029680
v 0.164679 0.460317 0.017389
v 0.164927 0.455588 0.021836
v 0.167242 0.458481 0.007991
v 0.167323 0.454900 0.013115
v 0.160548 0.455317 0.032530
v 0.163105 0.446000 0.027254
v 0.165747 0.446000 0.019947
v 0.167449 0.446000 0.012366
v 0.163713 0.444000 0.019355
v 0.166262 0.444000 0.005791
v 0.159715 0.444000 0.029921
v 0.164160 0.444000 0.009528
v 0.158421 0.444000 0.028700
v 0.147102 0.444000 0.045203
v 0.151960 0.444500 0.038979
v 0.154781 0.444500 0.034811
v 0.157269 0.444500 0.030436
v 0.159408 0.444500 0.025880
v 0.161185 0.444500 0.021171
v 0.152333 0.444000 0.041583
v 0.158388 0.446000 0.036469
v 0.144714 0.444000 0.049924
v 0.152335 0.446000 0.044867
v 0.155096 0.455187 0.041283
v 0.149820 0.455627 0.047568
v 0.147034 0.446000 0.050548
v 0.144339 0.455317 0.052838
v 0.141061 0.446000 0.055518
v 0.138459 0.454900 0.057413
v 0.132333 0.446000 0.061084
v 0.136788 0.444000 0.056105
v 0.126843 0.444000 0.061463
v 0.131285 0.444000 0.057462
v 0.112480 0.444000 0.064307
v 0.119813 0.444500 0.062146
v 0.124539 0.444500 0.060415
v 0.129115 0.444500 0.058319
v 0.133514 0.444500 0.055874
v 0.137710 0.444500 0.053093
v 0.141675 0.444500 0.049993
v 0.135807 0.457000 0.054353
v 0.126983 0.457000 0.059295
v 0.121223 0.457000 0.052757
v 0.137641 0.457000 0.042569
v 0.143749 0.457000 0.048092
v 0.145387 0.444500 0.046593
v 0.148822 0.444500 0.042915
v 0.150614 0.457000 0.040666
v 0.156233 0.457000 0.032257
v 0.149295 0.457000 0.027865
v 0.155465 0.457000 0.010146
v 0.144596 0.457500 0.034615
v 0.147272 0.457500 0.030765
v 0.149617 0.457500 0.026704
v 0.151613 0.457500 0.022461
v 0.153248 0.457500 0.018066
v 0.160467 0.457000 0.023072
v 0.162590 0.444500 0.016338
v 0.163212 0.457000 0.013339
v 0.164401 0.457000 0.003295
v 0.163613 0.444500 0.011410
v 0.164249 0.444500 0.006417
v 0.164494 0.444500 0.001390
v 0.163772 0.444000 -0.010480
v 0.164346 0.444500 -0.003641
v 0.163807 0.444500 -0.008645
v 0.164004 0.457000 -0.006810
v 0.162878 0.444500 -0.013591
v 0.162031 0.457000 -0.016730
v 0.156056 0.457000 -0.005125
v 0.153311 0.457000 -0.017800
v 0.155927 0.457500 0.001936
v 0.155681 0.457500 -0.005087
v 0.153926 0.457500 -0.014291
v 0.154996 0.457500 -0.009726
v 0.154935 0.470200 -0.009844
v 0.155345 0.470767 -0.004598
v 0.155842 0.469807 -0.003404
v 0.152763 0.463850 -0.017958
v 0.152982 0.470843 -0.014646
v 0.149998 0.470967 -0.022974
v 0.149610 0.470400 -0.025077
v 0.151544 0.470200 -0.021078
v 0.150000 0.471162 -0.004962
v 0.150000 0.473539 -0.006270
v 0.162764 0.471776 -0.005395
v 0.163241 0.469920 -0.003533
v 0.162733 0.469710 -0.007876
v 0.161866 0.474375 -0.006506
v 0.150000 0.476835 -0.006641
v 0.160012 0.477521 -0.010821
v 0.160091 0.477797 -0.006387
v 0.149845 0.480252 -0.005366
v 0.157691 0.481441 -0.004350
v 0.144869 0.482639 -0.002426
v 0.156820 0.482873 -0.002086
v 0.147063 0.481129 -0.004704
v 0.156445 0.483494 -0.020476
v 0.159593 0.476021 -0.018711
v 0.154439 0.487518 -0.024172
v 0.156479 0.483464 0.000554
v 0.154421 0.486224 -0.028261
v 0.152142 0.492248 -0.026400
v 0.156933 0.476069 -0.026804
v 0.151139 0.488628 -0.035937
v 0.151486 0.492679 -0.029762
v 0.148770 0.495000 -0.031953
v 0.148062 0.493408 -0.036357
v 0.147309 0.490160 -0.040189
v 0.139813 0.495000 -0.043141
v 0.140104 0.492743 -0.045480
v 0.130467 0.492743 -0.052220
v 0.131266 0.488622 -0.054026
v 0.140513 0.488365 -0.047598
v 0.145480 0.486000 -0.043489
v 0.140616 0.477681 -0.048045
v 0.134130 0.481840 -0.052703
v 0.135463 0.469231 -0.051881
v 0.128541 0.477681 -0.055958
v 0.129112 0.466179 -0.056315
v 0.139172 0.466139 -0.049897
v 0.139094 0.459595 -0.053747
v 0.126947 0.459595 -0.060665
v 0.123457 0.469022 -0.058252
v 0.118248 0.466257 -0.060633
v 0.115993 0.458634 -0.064938
v 0.109586 0.462978 -0.063985
v 0.119044 0.477681 -0.059810
v 0.112878 0.469231 -0.061391
v 0.106877 0.481840 -0.062334
v 0.112639 0.486796 -0.061344
v 0.105421 0.468683 -0.062540
v 0.097170 0.477681 -0.062610
v 0.099617 0.466665 -0.063140
v 0.101686 0.458634 -0.066845
v 0.093757 0.458634 -0.066525
v 0.091053 0.466179 -0.062682
v 0.082912 0.475536 -0.060337
v 0.089705 0.477681 -0.061882
v 0.085560 0.461881 -0.063665
v 0.077752 0.466255 -0.059233
v 0.067217 0.465573 -0.054524
v 0.079463 0.458389 -0.063552
v 0.070144 0.458634 -0.059909
v 0.074277 0.468840 -0.057301
v 0.075307 0.481840 -0.057720
v 0.069216 0.477681 -0.054732
v 0.067657 0.488951 -0.053258
v 0.075859 0.488622 -0.057564
v 0.082966 0.488622 -0.059996
v 0.092091 0.489106 -0.061636
v 0.092302 0.492743 -0.059863
v 0.079130 0.493320 -0.056357
v 0.085960 0.495000 -0.056925
v 0.072076 0.492001 -0.054285
v 0.074279 0.495000 -0.052689
v 0.063332 0.493054 -0.047976
v 0.063658 0.495000 -0.046186
v 0.073638 0.495000 -0.043368
v 0.076886 0.495000 -0.043897
v 0.090574 0.495000 -0.040857
v 0.078111 0.495000 -0.041422
v 0.078025 0.481000 -0.042382
v 0.075494 0.481000 -0.044293
v 0.073503 0.481000 -0.043491
v 0.080020 0.480992 -0.050368
v 0.059740 0.481000 -0.036432
v 0.101210 0.480894 -0.054486
v 0.090709 0.480788 -0.054039
v 0.069638 0.480712 -0.045899
v 0.080136 0.480750 -0.051201
v 0.098744 0.481000 -0.048894
v 0.098744 0.495000 -0.047378
v 0.099595 0.481000 -0.046754
v 0.100568 0.481000 -0.049733
v 0.090658 0.481000 -0.043630
v 0.098582 0.495000 -0.048980
v 0.100503 0.495000 -0.049561
v 0.111137 0.495000 -0.057396
v 0.096677 0.495000 -0.058462
v 0.101425 0.495000 -0.047704
v 0.101378 0.481000 -0.047896
v 0.100100 0.495000 -0.046591
v 0.115186 0.481000 -0.052100
v 0.114259 0.481000 -0.042184
v 0.101829 0.481250 -0.044397
v 0.104917 0.486075 -0.043901
v 0.095820 0.485313 -0.043971
v 0.085013 0.486149 -0.041568
v 0.108664 0.487947 -0.042824
v 0.090925 0.487947 -0.042603
v 0.092544 0.488000 -0.034916
v 0.076861 0.487947 -0.037360
v 0.082141 0.488000 -0.030790
v 0.103963 0.488000 -0.035307
v 0.100927 0.488500 -0.035211
v 0.104652 0.488500 -0.034922
v 0.098147 0.488500 -0.035187
v 0.108327 0.488500 -0.034248
v 0.117859 0.488000 -0.030790
v 0.111912 0.488500 -0.033197
v 0.115120 0.512266 -0.031839
v 0.110099 0.516173 -0.033761
v 0.115369 0.488500 -0.031780
v 0.118661 0.488500 -0.030011
v 0.121751 0.488500 -0.027912
v 0.119909 0.508844 -0.029207
v 0.124170 0.505783 -0.025864
v 0.118653 0.513648 -0.029083
v 0.126515 0.505443 -0.023331
v 0.122436 0.514733 -0.023912
v 0.114321 0.522359 -0.028746
v 0.111868 0.519959 -0.032219
v 0.109130 0.527081 -0.030003
v 0.105735 0.522880 -0.033980
v 0.106501 0.518396 -0.034630
v 0.103139 0.519500 -0.035093
v 0.100000 0.519500 -0.035235
v 0.103370 0.528666 -0.030309
v 0.098469 0.525355 -0.033377
v 0.096707 0.521737 -0.034749
v 0.094751 0.518782 -0.034794
v 0.091766 0.524368 -0.032570
v 0.089777 0.516703 -0.033651
v 0.085956 0.513002 -0.032372
v 0.089854 0.488500 -0.033761
v 0.093932 0.488500 -0.034685
v 0.086140 0.517413 -0.031709
v 0.082879 0.510956 -0.030889
v 0.079252 0.511430 -0.028116
v 0.083690 0.519677 -0.028330
v 0.075770 0.512299 -0.023174
v 0.079647 0.518138 -0.022983
v 0.087536 0.526470 -0.025968
v 0.093500 0.529142 -0.028709
v 0.101761 0.531308 -0.024772
v 0.091604 0.530011 -0.024325
v 0.097809 0.531500 -0.022605
v 0.089787 0.529464 -0.022112
v 0.091661 0.530560 -0.022112
v 0.094146 0.531352 -0.022112
v 0.087698 0.527446 -0.022418
v 0.076463 0.515397 -0.017535
v 0.086380 0.526034 0.001858
v 0.088874 0.528666 0.002145
v 0.089660 0.530045 0.006759
v 0.090663 0.530032 0.003176
v 0.092952 0.531070 0.004179
v 0.096390 0.531465 0.004850
v 0.102128 0.531913 0.008050
v 0.104578 0.531475 0.004852
v 0.105024 0.531425 -0.022112
v 0.107218 0.530981 0.004209
v 0.109624 0.529860 -0.009654
v 0.107740 0.530832 -0.022112
v 0.110229 0.530168 0.006372
v 0.113505 0.526553 0.004273
v 0.112418 0.527317 0.001964
v 0.116182 0.527927 0.009868
v 0.115074 0.526580 0.007355
v 0.112904 0.535165 0.013523
v 0.104865 0.538420 0.015765
v 0.100459 0.536461 0.014592
v 0.100072 0.533643 0.011706
v 0.120472 0.532550 0.013534
v 0.124903 0.539217 0.014690
v 0.117514 0.529462 0.011628
v 0.116234 0.539810 0.015775
v 0.125398 0.544351 0.017038
v 0.116569 0.560494 0.027391
v 0.105855 0.558627 0.027363
v 0.110242 0.560178 0.027643
v 0.096011 0.559727 0.027693
v 0.098325 0.558351 0.027363
v 0.096051 0.538029 0.015603
v 0.088501 0.538712 0.015605
v 0.089713 0.559168 0.027363
v 0.085155 0.563675 0.027766
v 0.080601 0.561523 0.027533
v 0.081397 0.540269 0.015775
v 0.077426 0.538942 0.014759
v 0.074992 0.541918 0.015775
v 0.073685 0.554051 0.022168
v 0.071307 0.563567 0.028116
v 0.070196 0.551010 0.020661
v 0.066884 0.561614 0.028722
v 0.067048 0.550880 0.022268
v 0.069510 0.538828 0.014899
v 0.068851 0.528880 0.014503
v 0.075128 0.535423 0.013860
v 0.066660 0.538768 0.016496
v 0.064708 0.543187 0.021628
v 0.065471 0.529603 0.017136
v 0.064243 0.535726 0.020081
v 0.065326 0.516956 0.015852
v 0.064252 0.525856 0.019776
v 0.064000 0.522410 0.020953
v 0.064412 0.505275 0.010182
v 0.064000 0.533071 0.044570
v 0.064000 0.537246 0.022294
v 0.064000 0.537363 0.042787
v 0.064001 0.506854 0.022632
v 0.064190 0.507661 0.034006
v 0.064000 0.509500 0.034006
v 0.064571 0.505639 0.030813
v 0.064311 0.499355 0.013027
v 0.067487 0.493091 0.016214
v 0.065942 0.499277 0.021023
v 0.064520 0.493079 0.006108
v 0.064250 0.498679 -0.001198
v 0.064053 0.488500 0.001937
v 0.064529 0.493165 -0.005002
v 0.066234 0.502855 -0.007140
v 0.066614 0.504777 0.002204
v 0.067032 0.505711 0.004311
v 0.068470 0.506826 -0.005662
v 0.085987 0.525851 0.003710
v 0.066672 0.507226 0.007717
v 0.085193 0.525947 0.006032
v 0.084397 0.526690 0.008222
v 0.067939 0.511744 0.010403
v 0.066608 0.512253 0.011925
v 0.069284 0.518963 0.012904
v 0.077061 0.530059 0.013423
v 0.081536 0.529358 0.012017
v 0.083725 0.528110 0.010074
v 0.085706 0.533208 0.012697
v 0.072315 0.510564 -0.016559
v 0.069080 0.504214 -0.015928
v 0.072714 0.506072 -0.022208
v 0.066868 0.493948 -0.013216
v 0.070238 0.501765 -0.019398
v 0.068524 0.488500 -0.016695
v 0.071653 0.488500 -0.021337
v 0.074565 0.496383 -0.024662
v 0.078366 0.507609 -0.027935
v 0.078249 0.488500 -0.027912
v 0.073249 0.488000 -0.023996
v 0.067161 0.488000 -0.014606
v 0.063494 0.488000 -0.023957
v 0.056387 0.487947 -0.008016
v 0.059991 0.487894 -0.019206
v 0.065341 0.485386 -0.027733
v 0.070693 0.486984 -0.033177
v 0.071834 0.481000 -0.034792
v 0.075547 0.483788 -0.036882
v 0.081684 0.481000 -0.040833
v 0.077262 0.481000 -0.039728
v 0.074377 0.481000 -0.039414
v 0.076190 0.495000 -0.039246
v 0.069088 0.495007 -0.028140
v 0.073150 0.495000 -0.040507
v 0.078551 0.495106 -0.035843
v 0.070937 0.495558 -0.029595
v 0.072279 0.504885 -0.030732
v 0.078072 0.505913 -0.034979
v 0.084103 0.495566 -0.038158
v 0.085571 0.507013 -0.038662
v 0.088486 0.495800 -0.039624
v 0.095938 0.495542 -0.041095
v 0.092311 0.507411 -0.040461
v 0.101428 0.507626 -0.041169
v 0.104678 0.495566 -0.041009
v 0.104614 0.495000 -0.041386
v 0.096037 0.519392 -0.041047
v 0.090253 0.521081 -0.039804
v 0.100400 0.521534 -0.040933
v 0.107023 0.519199 -0.040624
v 0.109019 0.521437 -0.039944
v 0.107933 0.525839 -0.038687
v 0.097923 0.525528 -0.039733
v 0.090788 0.525492 -0.038567
v 0.101064 0.530985 -0.036093
v 0.094461 0.530854 -0.035625
v 0.088166 0.529528 -0.034725
v 0.096322 0.536515 -0.029774
v 0.089736 0.535302 -0.028716
v 0.080431 0.529035 -0.029077
v 0.092680 0.538543 -0.021888
v 0.083234 0.527172 -0.033882
v 0.085654 0.534975 -0.024208
v 0.076775 0.527451 -0.021934
v 0.076897 0.527043 -0.025414
v 0.083512 0.534129 -0.019284
v 0.089130 0.537494 -0.014880
v 0.086181 0.536100 -0.008188
v 0.091629 0.538570 -0.007362
v 0.096792 0.540872 -0.002728
v 0.086605 0.539472 -0.000570
v 0.097863 0.539414 -0.017884
v 0.097229 0.539484 -0.008105
v 0.103358 0.539389 -0.014849
v 0.104109 0.540859 -0.002798
v 0.107205 0.538749 -0.011546
v 0.111608 0.539248 -0.002036
v 0.093366 0.545190 0.002789
v 0.103881 0.544656 0.002184
v 0.109938 0.546429 0.004054
v 0.097413 0.549681 0.004969
v 0.114871 0.540433 0.001280
v 0.120280 0.541200 0.003912
v 0.119674 0.533813 -0.002147
v 0.122314 0.535643 0.001826
v 0.131060 0.530658 0.003930
v 0.128743 0.527067 0.000691
v 0.136524 0.520761 0.002887
v 0.129718 0.523214 -0.002026
v 0.139072 0.513993 0.001474
v 0.146541 0.507268 0.007888
v 0.142922 0.507528 0.001104
v 0.138307 0.512017 -0.002933
v 0.141826 0.517601 0.005833
v 0.137950 0.525849 0.005160
v 0.131648 0.535829 0.005387
v 0.126220 0.545293 0.005765
v 0.119281 0.547004 0.005530
v 0.103601 0.552376 0.005600
v 0.112052 0.554750 0.005765
v 0.101209 0.557444 0.005296
v 0.112652 0.558736 0.005278
v 0.126578 0.561638 0.005765
v 0.124933 0.562410 0.005278
v 0.122750 0.562851 0.004265
v 0.108058 0.568318 0.004265
v 0.109190 0.559341 0.004265
v 0.135762 0.569127 0.004265
v 0.113898 0.570523 0.004265
v 0.131398 0.572982 0.004265
v 0.130068 0.571665 0.004265
v 0.143133 0.574651 0.004265
v 0.139485 0.583935 0.004265
v 0.142705 0.589294 0.004765
v 0.135963 0.582444 0.004765
v 0.129068 0.577001 0.004265
v 0.139283 0.575171 0.004265
v 0.131842 0.573673 0.004265
v 0.149830 0.585718 0.004265
v 0.144902 0.580099 0.004265
v 0.136077 0.582648 0.004265
v 0.144299 0.591374 0.004265
v 0.150889 0.593869 0.004265
v 0.130785 0.574574 0.004265
v 0.130141 0.574749 0.022265
v 0.131460 0.573646 0.022265
v 0.129307 0.574753 0.004265
v 0.128320 0.573638 0.004265
v 0.128617 0.574241 0.022265
v 0.128349 0.572779 0.022265
v 0.129875 0.573255 0.023256
v 0.130942 0.572176 0.022265
v 0.129400 0.571728 0.022265
v 0.128676 0.572193 0.004265
v 0.150613 0.596140 0.004265
v 0.151427 0.593697 0.022265
v 0.150290 0.595624 0.022265
v 0.152889 0.594123 0.004265
v 0.153167 0.594509 0.022265
v 0.152309 0.596405 0.022265
v 0.151745 0.595125 0.023256
v 0.137272 0.583606 0.010265
v 0.142203 0.588572 0.010265
v 0.149627 0.594794 0.004265
v 0.150273 0.596761 0.004265
v 0.150886 0.602344 0.004265
v 0.146395 0.594176 0.010265
v 0.148016 0.598177 0.010265
v 0.145568 0.594201 0.010265
v 0.149936 0.600212 0.010265
v 0.150118 0.602345 0.010265
v 0.152603 0.606682 0.010265
v 0.151859 0.606677 0.010265
v 0.154921 0.615711 0.010265
v 0.154231 0.612590 0.004265
v 0.153226 0.611141 0.010265
v 0.151859 0.606677 0.040665
v 0.153226 0.611141 0.040665
v 0.154209 0.615705 0.010265
v 0.154209 0.615705 0.040665
v 0.154802 0.620336 0.010265
v 0.155000 0.625000 0.010265
v 0.154802 0.620336 0.040665
v 0.155701 0.625000 0.010265
v 0.155311 0.631987 0.010265
v 0.155701 0.622665 0.004265
v 0.155506 0.629661 0.004265
v 0.154802 0.629664 0.010265
v 0.154209 0.634295 0.010265
v 0.155000 0.625000 0.040665
v 0.154802 0.629664 0.040665
v 0.147237 0.635781 0.040665
v 0.148403 0.627174 0.040665
v 0.154209 0.634295 0.040665
v 0.153226 0.638859 0.040665
v 0.153226 0.638859 0.010265
v 0.151859 0.643323 0.010265
v 0.153951 0.638852 0.010265
v 0.150886 0.647656 0.010265
v 0.154049 0.638351 0.004265
v 0.151835 0.645523 0.004265
v 0.151974 0.652771 0.004265
v 0.157527 0.651992 0.004265
v 0.148812 0.651834 0.004265
v 0.143653 0.659599 0.004265
v 0.149744 0.654635 0.004265
v 0.147687 0.653880 0.010265
v 0.145568 0.655799 0.010265
v 0.148016 0.651823 0.010265
v 0.143653 0.659599 0.010265
v 0.139708 0.663057 0.010265
v 0.142792 0.659552 0.010265
v 0.139007 0.664832 0.010265
v 0.139926 0.663888 0.004265
v 0.133677 0.669368 0.004265
v 0.133677 0.669368 0.010265
v 0.131875 0.676535 0.004265
v 0.130104 0.674641 0.004265
v 0.124730 0.674815 0.004265
v 0.111551 0.679404 0.004265
v 0.127874 0.676505 0.004265
v 0.126209 0.682888 0.004265
v 0.125806 0.674362 0.010265
v 0.117213 0.677975 0.010265
v 0.110447 0.679762 0.010265
v 0.111588 0.678766 0.010265
v 0.116106 0.677589 0.010265
v 0.120507 0.676034 0.010265
v 0.124762 0.674111 0.010265
v 0.124762 0.674111 0.040665
v 0.120507 0.676034 0.040665
v 0.119062 0.669597 0.040665
v 0.116106 0.677589 0.040665
v 0.112890 0.671705 0.040665
v 0.120516 0.668835 0.049365
v 0.114861 0.671139 0.057965
v 0.110277 0.672396 0.057965
v 0.111588 0.678766 0.040665
v 0.104344 0.673256 0.040665
v 0.095657 0.673256 0.040665
v 0.106986 0.679554 0.040665
v 0.102335 0.679950 0.040665
v 0.106197 0.673101 0.057965
v 0.102071 0.673456 0.057965
v 0.095867 0.673279 0.057965
v 0.111761 0.671452 0.058265
v 0.100000 0.673160 0.058265
v 0.112832 0.650300 0.058265
v 0.087168 0.650300 0.058265
v 0.088442 0.671590 0.058265
v 0.079889 0.666045 0.058115
v 0.080314 0.663468 0.058265
v 0.089724 0.672396 0.057965
v 0.085719 0.671344 0.057965
v 0.082086 0.669970 0.057965
v 0.079843 0.666688 0.049365
v 0.081952 0.669962 0.049365
v 0.080146 0.668027 0.057965
v 0.075150 0.666593 0.049365
v 0.087111 0.671705 0.040665
v 0.078978 0.668653 0.040665
v 0.083895 0.677589 0.040665
v 0.079493 0.676034 0.040665
v 0.071522 0.664198 0.040665
v 0.075239 0.674111 0.040665
v 0.071164 0.671834 0.040665
v 0.071164 0.671834 0.010265
v 0.075239 0.674111 0.010265
v 0.079493 0.676034 0.010265
v 0.076284 0.675400 0.010265
v 0.070128 0.672071 0.010265
v 0.075273 0.674816 0.004265
v 0.085021 0.678649 0.010265
v 0.083895 0.677589 0.010265
v 0.094178 0.680396 0.010265
v 0.088413 0.678766 0.010265
v 0.091120 0.680033 0.004265
v 0.085021 0.678649 0.004265
v 0.085063 0.679872 0.004265
v 0.072038 0.677366 0.004265
v 0.068997 0.680361 0.004265
v 0.071307 0.675118 -0.007735
v 0.070543 0.674778 0.004265
v 0.072219 0.677425 -0.007735
v 0.069308 0.678582 0.004265
v 0.070047 0.678669 -0.007735
v 0.073436 0.682623 -0.007735
v 0.067882 0.676863 -0.007735
v 0.064749 0.677758 -0.007735
v 0.056930 0.671593 -0.007735
v 0.060718 0.674829 0.004265
v 0.058752 0.663708 0.004265
v 0.068051 0.676254 0.004265
v 0.053407 0.668071 0.004265
v 0.047243 0.660251 0.004265
v 0.048255 0.656886 0.004265
v 0.050287 0.664588 -0.007735
v 0.067296 0.669220 -0.007735
v 0.045670 0.657868 -0.007735
v 0.055820 0.657675 -0.007735
v 0.061849 0.664557 -0.007735
v 0.047174 0.656490 -0.007735
v 0.049891 0.656348 -0.007735
v 0.068715 0.675167 -0.007735
v 0.073201 0.672972 -0.007735
v 0.073201 0.672972 -0.027735
v 0.079493 0.676034 -0.007735
v 0.067296 0.669220 -0.027735
v 0.061984 0.664677 -0.027735
v 0.071890 0.671187 -0.028773
v 0.073703 0.666493 -0.027735
v 0.071892 0.667769 -0.031885
v 0.076779 0.667233 -0.031885
v 0.089031 0.665288 -0.027735
v 0.077865 0.660636 -0.027735
v 0.077609 0.668534 -0.027735
v 0.100000 0.669750 -0.027735
v 0.079493 0.676034 -0.027735
v 0.075322 0.672435 -0.027735
v 0.083895 0.677589 -0.027735
v 0.075864 0.672055 -0.031885
v 0.073847 0.669288 -0.032185
v 0.096780 0.675463 -0.027735
v 0.090714 0.679160 -0.027735
v 0.083895 0.677589 -0.007735
v 0.088413 0.678766 -0.007735
v 0.083152 0.686270 -0.007735
v 0.092847 0.679532 -0.007735
v 0.099379 0.682838 -0.007735
v 0.097882 0.685081 -0.007735
v 0.100000 0.679950 -0.007735
v 0.109287 0.679160 -0.007735
v 0.097666 0.679950 -0.027735
v 0.102335 0.679950 -0.027735
v 0.102910 0.676566 -0.027735
v 0.100353 0.679396 -0.029810
v 0.109287 0.679160 -0.027735
v 0.118017 0.676897 -0.007735
v 0.116106 0.677589 -0.027735
v 0.122560 0.670026 -0.027735
v 0.120507 0.676034 -0.027735
v 0.124762 0.674111 -0.027735
v 0.125215 0.672608 -0.027735
v 0.126799 0.672972 -0.007735
v 0.128837 0.671834 -0.027735
v 0.128380 0.675472 -0.007735
v 0.130940 0.674916 -0.007735
v 0.132705 0.669220 -0.007735
v 0.132705 0.669220 -0.027735
v 0.150162 0.664010 -0.007735
v 0.136337 0.666287 -0.007735
v 0.138029 0.664666 -0.027735
v 0.140276 0.662445 -0.007735
v 0.150110 0.656348 -0.007735
v 0.144180 0.657675 -0.007735
v 0.142792 0.659552 -0.027735
v 0.145568 0.655799 -0.027735
v 0.143898 0.653754 -0.027735
v 0.147262 0.651632 -0.027735
v 0.145099 0.653627 -0.031885
v 0.141791 0.652885 -0.031885
v 0.141428 0.649710 -0.027735
v 0.145954 0.647766 -0.027735
v 0.144750 0.637750 -0.027735
v 0.136973 0.644405 -0.027735
v 0.142522 0.649762 -0.032035
v 0.144023 0.647136 -0.031885
v 0.147166 0.649443 -0.031885
v 0.126926 0.656914 -0.027735
v 0.141561 0.629030 -0.027735
v 0.140200 0.636996 -0.029735
v 0.136582 0.645310 -0.029735
v 0.130223 0.653968 -0.029735
v 0.125662 0.651913 -0.029735
v 0.120574 0.661272 -0.029735
v 0.105033 0.666451 -0.029735
v 0.109087 0.656662 -0.029735
v 0.117475 0.657827 -0.029735
v 0.119390 0.656999 -0.029735
v 0.116754 0.663460 -0.027735
v 0.123902 0.666201 -0.027735
v 0.105033 0.666451 -0.027735
v 0.092938 0.666352 -0.029735
v 0.099060 0.662408 -0.029735
v 0.084215 0.663775 -0.029735
v 0.090914 0.658912 -0.029735
v 0.076142 0.659565 -0.029735
v 0.071586 0.655875 -0.029735
v 0.080625 0.656719 -0.029735
v 0.082724 0.657157 -0.029735
v 0.081827 0.654875 -0.029735
v 0.095457 0.654182 -0.029735
v 0.082713 0.656080 -0.022135
v 0.080918 0.656609 -0.021887
v 0.109835 0.652021 -0.029735
v 0.093369 0.652980 -0.030835
v 0.106632 0.652980 -0.030835
v 0.070587 0.651913 -0.029735
v 0.090166 0.652021 -0.029735
v 0.081391 0.647178 -0.029735
v 0.084092 0.649188 -0.030835
v 0.076935 0.642171 -0.030835
v 0.090339 0.643646 -0.030835
v 0.085244 0.639752 -0.030835
v 0.080589 0.632652 -0.030835
v 0.082058 0.635911 -0.042835
v 0.086289 0.640728 -0.042835
v 0.091653 0.644217 -0.042835
v 0.088779 0.639537 -0.042835
v 0.083911 0.634030 -0.042835
v 0.096010 0.642926 -0.042835
v 0.089379 0.639846 -0.040335
v 0.089497 0.633481 -0.040335
v 0.098663 0.643316 -0.040335
v 0.091081 0.635134 -0.040335
v 0.092922 0.636496 -0.040335
v 0.094967 0.637526 -0.040335
v 0.097156 0.638197 -0.040335
v 0.083669 0.633399 -0.040335
v 0.081795 0.626332 -0.042835
v 0.081599 0.626347 -0.040335
v 0.088215 0.631584 -0.040335
v 0.087272 0.629497 -0.040335
v 0.086695 0.627281 -0.040335
v 0.086901 0.628266 0.044465
v 0.087377 0.629777 0.044465
v 0.088262 0.631667 0.044465
v 0.082158 0.633702 0.050865
v 0.080281 0.626376 0.050865
v 0.076693 0.632573 0.050865
v 0.080968 0.640745 0.050865
v 0.085248 0.638283 0.050865
v 0.090852 0.634923 0.044465
v 0.089481 0.641835 0.050865
v 0.086162 0.645358 0.050865
v 0.089430 0.633396 0.044465
v 0.096929 0.649313 0.050865
v 0.093135 0.648639 0.049365
v 0.083720 0.643463 0.049365
v 0.077826 0.635434 0.049365
v 0.063476 0.656910 0.049365
v 0.080047 0.663329 0.049365
v 0.086986 0.650000 0.049365
v 0.100771 0.649604 0.049365
v 0.113015 0.650000 0.049365
v 0.086986 0.650000 0.057965
v 0.113015 0.650000 0.057965
v 0.119953 0.663329 0.057965
v 0.120158 0.666688 0.049365
v 0.119953 0.663329 0.049365
v 0.120461 0.665349 0.057965
v 0.119889 0.664577 0.058265
v 0.119191 0.668829 0.057965
v 0.135021 0.658483 0.049365
v 0.128479 0.664198 0.049365
v 0.112687 0.645715 0.049365
v 0.140436 0.651692 0.049365
v 0.131878 0.661487 0.040665
v 0.136524 0.656910 0.040665
v 0.140436 0.651692 0.040665
v 0.139708 0.663057 0.040665
v 0.145568 0.655799 0.040665
v 0.142792 0.659552 0.040665
v 0.148016 0.651823 0.040665
v 0.150118 0.647655 0.040665
v 0.151859 0.643323 0.040665
v 0.150118 0.647655 0.010265
v 0.144553 0.644042 0.040665
v 0.143697 0.646043 0.049365
v 0.146080 0.639972 0.049365
v 0.124338 0.626908 0.049365
v 0.148062 0.630417 0.049365
v 0.148013 0.618496 0.049365
v 0.122591 0.615222 0.049365
v 0.144889 0.606992 0.049365
v 0.147237 0.614219 0.040665
v 0.148305 0.620652 0.040665
v 0.144553 0.605958 0.040665
v 0.140436 0.598308 0.040665
v 0.148016 0.598177 0.040665
v 0.150118 0.602345 0.040665
v 0.140436 0.598308 0.049365
v 0.135021 0.591517 0.049365
v 0.119033 0.609255 0.049365
v 0.111806 0.603525 0.050865
v 0.119033 0.609255 0.050865
v 0.109336 0.602443 0.049365
v 0.094392 0.601261 0.049365
v 0.102513 0.600488 0.050865
v 0.122983 0.582291 0.049365
v 0.128479 0.585802 0.049365
v 0.104344 0.576744 0.049365
v 0.113909 0.578677 0.049365
v 0.121023 0.581347 0.040665
v 0.112890 0.578295 0.040665
v 0.103800 0.576732 0.040665
v 0.106986 0.570446 0.040665
v 0.111588 0.571234 0.040665
v 0.116106 0.572411 0.040665
v 0.120507 0.573966 0.040665
v 0.120507 0.573966 0.010265
v 0.116106 0.572411 0.010265
v 0.111588 0.571234 0.010265
v 0.108137 0.569897 0.010265
v 0.114993 0.571304 0.010265
v 0.121585 0.573651 0.010265
v 0.116077 0.571759 0.004265
v 0.105828 0.569555 0.004265
v 0.125806 0.575637 0.004265
v 0.127979 0.572661 0.004265
v 0.114938 0.569251 0.004265
v 0.100584 0.569256 0.004265
v 0.085063 0.569251 0.004265
v 0.100230 0.567439 0.004265
v 0.119623 0.564608 0.004265
v 0.101967 0.565668 0.004265
v 0.126565 0.567378 0.004265
v 0.130743 0.571325 0.004265
v 0.133179 0.570857 0.004265
v 0.132868 0.570669 -0.007735
v 0.126565 0.567378 -0.007735
v 0.114938 0.569626 -0.007735
v 0.119623 0.564608 -0.007735
v 0.101967 0.564832 -0.007735
v 0.112379 0.562768 0.004265
v 0.112379 0.562768 -0.007735
v 0.102491 0.561598 0.004265
v 0.102491 0.561598 -0.007735
v 0.092543 0.561989 -0.007735
v 0.099379 0.563338 -0.007735
v 0.092543 0.561989 0.004265
v 0.100211 0.563251 0.004265
v 0.097990 0.564355 0.004265
v 0.082777 0.563931 0.004265
v 0.098426 0.566613 0.004265
v 0.073436 0.567378 0.004265
v 0.082777 0.563931 -0.007735
v 0.097882 0.565581 -0.007735
v 0.073436 0.567378 -0.007735
v 0.085063 0.569626 -0.007735
v 0.093014 0.570446 -0.007735
v 0.097666 0.570050 -0.007735
v 0.100000 0.570000 -0.007735
v 0.081694 0.573189 -0.007735
v 0.088413 0.571234 -0.007735
v 0.067133 0.570669 -0.007735
v 0.070355 0.571066 -0.007735
v 0.072092 0.572837 -0.007735
v 0.100211 0.567250 -0.007735
v 0.073201 0.577028 -0.007735
v 0.071226 0.575161 -0.007735
v 0.071131 0.571514 0.004265
v 0.072278 0.573713 0.004265
v 0.072150 0.576762 0.004265
v 0.080585 0.572792 0.004265
v 0.070558 0.575327 0.004265
v 0.069445 0.575348 -0.007735
v 0.068653 0.574891 0.004265
v 0.068007 0.573586 -0.007735
v 0.066294 0.580594 0.004265
v 0.068229 0.572661 0.004265
v 0.062159 0.583140 0.004265
v 0.069156 0.578575 0.004765
v 0.063408 0.583052 0.004765
v 0.056701 0.589936 0.004765
v 0.051185 0.580138 0.004265
v 0.063921 0.569447 0.004265
v 0.073963 0.575195 0.004265
v 0.050171 0.585718 0.004265
v 0.048466 0.593125 0.004265
v 0.056930 0.578407 0.004265
v 0.060984 0.585251 0.004265
v 0.056310 0.590371 0.004265
v 0.049778 0.594851 0.004265
v 0.068926 0.574317 0.004265
v 0.070319 0.574845 0.004265
v 0.071556 0.573901 0.004265
v 0.069469 0.574713 0.022265
v 0.070953 0.574624 0.022265
v 0.071647 0.573123 0.022265
v 0.070125 0.573255 0.023256
v 0.070414 0.571682 0.022265
v 0.068995 0.572124 0.022265
v 0.068552 0.573543 0.022265
v 0.068570 0.572872 0.004265
v 0.070134 0.571735 0.004265
v 0.071544 0.572511 0.004265
v 0.087831 0.570130 0.004265
v 0.085063 0.567825 0.004265
v 0.098250 0.569311 0.004765
v 0.093015 0.569702 0.004765
v 0.087855 0.570662 0.011015
v 0.083890 0.571641 0.004765
v 0.079482 0.573176 0.004765
v 0.078396 0.573606 0.017265
v 0.082811 0.572097 0.017265
v 0.073671 0.575897 0.004765
v 0.070128 0.577929 0.017265
v 0.074172 0.575594 0.017265
v 0.074287 0.575816 0.017265
v 0.070262 0.578140 0.017265
v 0.071281 0.577579 0.037574
v 0.066445 0.580793 0.017265
v 0.065833 0.581268 0.043752
v 0.062864 0.583755 0.017265
v 0.066294 0.580594 0.017265
v 0.062696 0.583570 0.017265
v 0.059543 0.587008 0.017265
v 0.059360 0.586837 0.017265
v 0.056505 0.590526 0.017265
v 0.056310 0.590371 0.017265
v 0.053565 0.594148 0.017265
v 0.053773 0.594287 0.017265
v 0.053773 0.594287 0.055765
v 0.051365 0.598263 0.017265
v 0.051365 0.598263 0.055765
v 0.049299 0.602426 0.055765
v 0.047588 0.606748 0.055765
v 0.049299 0.602426 0.017265
v 0.047588 0.606748 0.017265
v 0.049070 0.602324 0.017265
v 0.051146 0.598142 0.017265
v 0.052939 0.595134 0.004765
v 0.050605 0.599177 0.004765
v 0.047351 0.606666 0.017265
v 0.046244 0.611198 0.017265
v 0.046244 0.611198 0.055765
v 0.045278 0.615744 0.055765
v 0.045278 0.615744 0.017265
v 0.044695 0.620356 0.017265
v 0.044695 0.620356 0.055765
v 0.044500 0.625000 0.017265
v 0.044695 0.629644 0.017265
v 0.045278 0.634256 0.017265
v 0.056505 0.590526 0.055765
v 0.054090 0.566819 0.055765
v 0.059543 0.587008 0.055765
v 0.055569 0.566998 0.055765
v 0.056200 0.566562 0.039765
v 0.054195 0.566667 0.039765
v 0.056556 0.565883 0.055765
v 0.060290 0.557250 0.055765
v 0.055503 0.564174 0.055765
v 0.056062 0.564559 0.039765
v 0.053732 0.564742 0.039765
v 0.055000 0.565500 0.038773
v 0.053478 0.565226 0.055765
v 0.049323 0.574012 0.055765
v 0.050310 0.558382 0.055765
v 0.057500 0.544000 0.055765
v 0.049957 0.552774 0.055452
v 0.049074 0.564170 0.054522
v 0.049715 0.557636 0.055023
v 0.047684 0.572883 0.053975
v 0.050000 0.549528 0.055765
v 0.050000 0.549528 0.017765
v 0.050000 0.508079 0.017765
v 0.049997 0.505953 0.034398
v 0.050000 0.544000 0.055765
v 0.056960 0.490110 0.055765
v 0.050000 0.501000 0.055765
v 0.050256 0.498763 0.055765
v 0.050009 0.501211 0.037257
v 0.050620 0.497155 0.041151
v 0.048594 0.495181 0.034309
v 0.049759 0.503431 0.025281
v 0.048967 0.498027 0.031727
v 0.049153 0.498890 0.017303
v 0.050516 0.507310 0.014319
v 0.050051 0.508079 0.016662
v 0.051444 0.508079 0.012083
v 0.051567 0.504011 0.011088
v 0.050092 0.549528 0.016483
v 0.050778 0.549528 0.013611
v 0.050679 0.558413 0.012802
v 0.052123 0.550756 0.010939
v 0.049568 0.560248 0.016897
v 0.048496 0.568434 0.017649
v 0.049877 0.554718 0.017765
v 0.048947 0.568003 0.014854
v 0.046831 0.577794 0.013171
v 0.050197 0.572661 0.009868
v 0.047243 0.574968 0.016290
v 0.045522 0.581995 0.013475
v 0.045986 0.580280 0.053627
v 0.046585 0.586301 0.055765
v 0.044177 0.586411 0.053427
v 0.044001 0.586973 0.010645
v 0.042077 0.592379 0.053307
v 0.042153 0.592262 0.006708
v 0.039967 0.597557 0.053266
v 0.038867 0.600127 0.053265
v 0.037133 0.604908 0.053265
v 0.038042 0.602291 0.005061
v 0.036836 0.605907 0.005752
v 0.045612 0.583896 0.008577
v 0.050882 0.578261 0.005970
v 0.056738 0.570102 0.006274
v 0.064721 0.568001 0.005107
v 0.073639 0.561593 0.005765
v 0.078308 0.561150 0.005278
v 0.061585 0.558058 0.005767
v 0.058901 0.555835 0.006145
v 0.073323 0.544770 0.005765
v 0.061872 0.533302 0.005766
v 0.062433 0.529470 0.005544
v 0.059337 0.527187 0.006092
v 0.057009 0.521568 0.006859
v 0.058762 0.518060 0.005381
v 0.057054 0.550305 0.006829
v 0.055399 0.549528 0.007764
v 0.054789 0.560137 0.007847
v 0.053535 0.549528 0.009260
v 0.052000 0.564955 0.009855
v 0.055081 0.516357 0.007960
v 0.052922 0.511577 0.009969
v 0.054140 0.510561 0.008355
v 0.054408 0.506428 0.005838
v 0.061943 0.516155 0.001588
v 0.052169 0.500908 -0.002312
v 0.049834 0.497628 0.009515
v 0.056756 0.506889 0.000397
v 0.067619 0.518376 -0.004847
v 0.059886 0.509350 -0.008953
v 0.061531 0.510357 -0.016173
v 0.057323 0.506504 -0.011040
v 0.070888 0.521159 -0.008839
v 0.081016 0.532025 -0.008522
v 0.080585 0.532297 -0.005331
v 0.071348 0.525006 -0.001336
v 0.079477 0.534829 -0.000245
v 0.074134 0.535448 0.003687
v 0.067377 0.525766 0.002613
v 0.064542 0.527695 0.004650
v 0.073053 0.540965 0.005409
v 0.082412 0.547065 0.005343
v 0.083266 0.543182 0.003790
v 0.089097 0.553236 0.005741
v 0.090691 0.558522 0.005107
v 0.079289 0.562033 0.004265
v 0.091687 0.559272 0.004265
v 0.098592 0.565079 0.004265
v 0.100000 0.563648 0.004265
v 0.101319 0.564340 0.004265
v 0.100291 0.563659 0.022265
v 0.098718 0.564618 0.022265
v 0.099219 0.566545 0.022265
v 0.100000 0.565250 0.023256
v 0.101144 0.566322 0.022265
v 0.101422 0.564634 0.022265
v 0.101354 0.565899 0.004265
v 0.099617 0.566806 0.004265
v 0.053445 0.500831 -0.010099
v 0.050962 0.496194 -0.009091
v 0.062408 0.507774 -0.019310
v 0.057585 0.499398 -0.014558
v 0.048804 0.495265 -0.003534
v 0.048465 0.493271 -0.006876
v 0.047798 0.493329 0.020009
v 0.047050 0.491150 -0.003899
v 0.046135 0.488813 0.026961
v 0.045593 0.487595 -0.024228
v 0.047353 0.491293 -0.027421
v 0.044828 0.485512 -0.025484
v 0.048402 0.488000 -0.034953
v 0.050469 0.493694 -0.033506
v 0.050438 0.495000 -0.028792
v 0.048682 0.493601 -0.026458
v 0.049999 0.495000 -0.009310
v 0.057090 0.495000 -0.021156
v 0.055045 0.495000 -0.023735
v 0.056474 0.495168 -0.014351
v 0.061407 0.495800 -0.018295
v 0.065248 0.495287 -0.023293
v 0.059708 0.495000 -0.022408
v 0.059863 0.495000 -0.025158
v 0.059708 0.481000 -0.022408
v 0.059863 0.481000 -0.025158
v 0.063236 0.481000 -0.025817
v 0.057333 0.481000 -0.026245
v 0.056360 0.495000 -0.026155
v 0.055045 0.481000 -0.024459
v 0.058305 0.495000 -0.026335
v 0.051560 0.480932 -0.025318
v 0.056442 0.481000 -0.021479
v 0.050800 0.481000 -0.004825
v 0.059120 0.480723 -0.036707
v 0.052156 0.480200 -0.028336
v 0.050363 0.480200 -0.024967
v 0.050156 0.480489 -0.005231
v 0.050107 0.480440 -0.023235
v 0.050000 0.476814 -0.006455
v 0.050000 0.470986 -0.022857
v 0.047183 0.470858 -0.015107
v 0.050000 0.472035 -0.005546
v 0.050000 0.471000 -0.004825
v 0.049961 0.470290 -0.024292
v 0.051514 0.457500 -0.027229
v 0.048433 0.457500 -0.020912
v 0.047252 0.470200 -0.017928
v 0.046075 0.457500 -0.014291
v 0.045259 0.463850 -0.010899
v 0.044500 0.470200 -0.006683
v 0.044319 0.457500 -0.005087
v 0.044192 0.457000 -0.006285
v 0.036500 0.457000 0.003265
v 0.049614 0.457000 -0.024247
v 0.044977 0.457000 0.012460
v 0.044037 0.457500 0.001351
v 0.036500 0.457000 -0.001735
v 0.035549 0.457000 -0.001735
v 0.036500 0.468929 -0.001735
v 0.036500 0.468641 0.000348
v 0.036500 0.468929 0.003265
v 0.044119 0.469460 0.004256
v 0.044021 0.468656 -0.000173
v 0.044159 0.469807 -0.003404
v 0.036055 0.469666 -0.003148
v 0.037658 0.472980 -0.005901
v 0.044823 0.470881 -0.004710
v 0.039243 0.474422 -0.013778
v 0.040810 0.479173 -0.005856
v 0.036265 0.467833 -0.007014
v 0.033943 0.462366 -0.007648
v 0.032732 0.462079 -0.006872
v 0.039375 0.468060 -0.018513
v 0.035856 0.462550 -0.013352
v 0.036347 0.459695 -0.020163
v 0.032892 0.456316 -0.011943
v 0.034712 0.454900 -0.019801
v 0.032458 0.452760 -0.010477
v 0.031535 0.451787 -0.005442
v 0.031500 0.457511 -0.001688
v 0.032161 0.446000 -0.008275
v 0.031571 0.446000 0.002060
v 0.031500 0.455049 0.001679
v 0.031500 0.459000 0.003265
v 0.031500 0.454267 0.008033
v 0.035543 0.455792 -0.001570
v 0.035523 0.454917 0.001898
v 0.035549 0.457000 0.003265
v 0.035472 0.468929 0.003265
v 0.035997 0.457000 0.008340
v 0.035580 0.444500 0.001405
v 0.036049 0.444500 0.008932
v 0.036881 0.444500 0.013894
v 0.037970 0.457000 0.018259
v 0.041470 0.457000 0.027748
v 0.038098 0.444500 0.018775
v 0.039692 0.444500 0.023547
v 0.043920 0.444000 0.033143
v 0.036712 0.444000 0.014474
v 0.042293 0.444500 0.029502
v 0.045220 0.444500 0.034811
v 0.046412 0.457000 0.036572
v 0.052673 0.457000 0.044514
v 0.049610 0.444500 0.040947
v 0.049437 0.457000 0.025865
v 0.057418 0.457000 0.037521
v 0.060100 0.457000 0.051379
v 0.071874 0.457000 0.049481
v 0.052728 0.457500 0.030765
v 0.055405 0.457500 0.034615
v 0.058393 0.457500 0.038228
v 0.061674 0.457500 0.041578
v 0.065224 0.457500 0.044642
v 0.069017 0.457500 0.047398
v 0.063684 0.480200 0.043369
v 0.069573 0.480200 0.047731
v 0.072927 0.480894 0.049043
v 0.074759 0.480200 0.050728
v 0.064639 0.480750 0.043603
v 0.073028 0.457500 0.049827
v 0.077228 0.457500 0.051912
v 0.081588 0.457500 0.053638
v 0.079861 0.480200 0.053014
v 0.086231 0.480875 0.054195
v 0.083754 0.480200 0.054335
v 0.090459 0.480200 0.055927
v 0.086077 0.457500 0.054994
v 0.089460 0.457000 0.056021
v 0.090663 0.457500 0.055968
v 0.095315 0.457500 0.056556
v 0.096610 0.480200 0.056625
v 0.100000 0.457500 0.056753
v 0.102923 0.480200 0.056672
v 0.104685 0.457500 0.056556
v 0.103545 0.457000 0.057104
v 0.107576 0.457000 0.064768
v 0.097470 0.457000 0.065165
v 0.109337 0.457500 0.055968
v 0.108166 0.480200 0.056166
v 0.112080 0.480200 0.055442
v 0.113924 0.457500 0.054994
v 0.116025 0.480200 0.054401
v 0.118413 0.457500 0.053638
v 0.122773 0.457500 0.051912
v 0.121230 0.480200 0.052582
v 0.121026 0.480894 0.051830
v 0.125037 0.480200 0.050835
v 0.126973 0.457500 0.049827
v 0.129759 0.480200 0.048203
v 0.130984 0.457500 0.047398
v 0.134200 0.480788 0.044419
v 0.133298 0.480200 0.045768
v 0.134777 0.457500 0.044642
v 0.137415 0.480200 0.042432
v 0.138327 0.457500 0.041578
v 0.140276 0.480200 0.039665
v 0.144253 0.480788 0.034449
v 0.141607 0.457500 0.038228
v 0.142970 0.480200 0.036642
v 0.147377 0.480200 0.030539
v 0.150289 0.470290 0.025291
v 0.149577 0.480453 0.026036
v 0.139533 0.481000 0.038618
v 0.148598 0.481000 0.026333
v 0.149845 0.480489 0.006760
v 0.150000 0.480200 0.024765
v 0.150000 0.470986 0.024387
v 0.150000 0.471000 0.006355
v 0.150000 0.472035 0.007075
v 0.150000 0.476814 0.007985
v 0.152773 0.470865 0.016783
v 0.154524 0.463850 0.013462
v 0.152576 0.470200 0.019993
v 0.155178 0.470881 0.006240
v 0.155330 0.470200 0.009373
v 0.155387 0.457500 0.008944
v 0.155890 0.469397 0.004075
v 0.163508 0.468652 0.000813
v 0.163254 0.469853 0.004934
v 0.155987 0.468600 0.000247
v 0.162803 0.471651 0.006855
v 0.161972 0.474103 0.007961
v 0.159182 0.479183 0.007379
v 0.158210 0.480674 0.015890
v 0.156963 0.482638 0.003949
v 0.144916 0.482953 0.002801
v 0.147094 0.481095 0.006263
v 0.143723 0.481500 0.011205
v 0.142868 0.481000 0.015280
v 0.142008 0.484550 0.016870
v 0.139342 0.484550 0.022535
v 0.134756 0.481000 0.029754
v 0.125631 0.481000 0.038301
v 0.135511 0.484550 0.028274
v 0.123931 0.481000 0.043928
v 0.126393 0.484550 0.037098
v 0.131244 0.484550 0.033096
v 0.129391 0.487894 0.034323
v 0.108337 0.488000 0.043565
v 0.122588 0.487600 0.039681
v 0.114099 0.487894 0.042958
v 0.135043 0.487947 0.028015
v 0.119460 0.488000 0.031359
v 0.130083 0.488000 0.021006
v 0.141592 0.487947 0.016795
v 0.144228 0.487947 0.000414
v 0.135168 0.488000 0.010028
v 0.143749 0.487600 0.011145
v 0.144865 0.487600 0.003147
v 0.144447 0.487600 -0.005933
v 0.142537 0.486075 -0.013769
v 0.143596 0.481125 -0.010867
v 0.140935 0.487947 -0.016376
v 0.134429 0.488000 -0.011211
v 0.129001 0.488000 -0.020998
v 0.128166 0.487974 -0.033347
v 0.137598 0.487894 -0.023356
v 0.139855 0.484550 -0.020094
v 0.136491 0.484550 -0.025429
v 0.136765 0.481000 -0.025817
v 0.140438 0.481000 -0.021914
v 0.139732 0.481000 -0.023735
v 0.141060 0.481000 -0.025968
v 0.128167 0.481000 -0.034792
v 0.131456 0.483025 -0.031335
v 0.131500 0.487747 -0.031260
v 0.122589 0.483788 -0.038029
v 0.117963 0.487894 -0.040186
v 0.112957 0.485313 -0.042273
v 0.126920 0.481000 -0.040465
v 0.125477 0.481000 -0.039150
v 0.123524 0.481000 -0.039150
v 0.146019 0.481000 -0.029075
v 0.143955 0.481000 -0.025747
v 0.144579 0.481000 -0.022408
v 0.149184 0.480761 -0.024686
v 0.142751 0.480723 -0.034833
v 0.134999 0.480875 -0.041948
v 0.125212 0.481000 -0.044194
v 0.127103 0.481000 -0.042347
v 0.125955 0.480750 -0.048407
v 0.134358 0.480200 -0.043452
v 0.138572 0.480200 -0.039802
v 0.130999 0.480200 -0.045849
v 0.129004 0.457500 -0.047125
v 0.126313 0.480200 -0.048667
v 0.132909 0.457500 -0.044530
v 0.134011 0.457000 -0.044042
v 0.136584 0.457500 -0.041617
v 0.140002 0.457500 -0.038408
v 0.146854 0.457000 -0.030365
v 0.142684 0.480200 -0.035426
v 0.143140 0.457500 -0.034923
v 0.145975 0.457500 -0.031188
v 0.148487 0.457500 -0.027229
v 0.147377 0.480200 -0.029009
v 0.149733 0.480200 -0.024731
v 0.150000 0.480200 -0.023235
v 0.150660 0.457500 -0.023073
v 0.147328 0.457000 -0.042984
v 0.153589 0.457000 -0.035042
v 0.158530 0.457000 -0.026218
v 0.159881 0.444500 -0.023192
v 0.157830 0.444500 -0.027789
v 0.155427 0.444500 -0.032211
v 0.157294 0.444000 -0.029414
v 0.152687 0.444500 -0.036432
v 0.145343 0.444000 -0.045466
v 0.149626 0.444500 -0.040427
v 0.146262 0.444500 -0.044171
v 0.142617 0.444500 -0.047641
v 0.138713 0.444500 -0.050816
v 0.139901 0.457000 -0.049849
v 0.131492 0.457000 -0.055468
v 0.134573 0.444500 -0.053677
v 0.130222 0.444500 -0.056207
v 0.129063 0.444000 -0.057103
v 0.118612 0.444000 -0.063028
v 0.128021 0.444000 -0.059491
v 0.136788 0.444000 -0.054575
v 0.114979 0.444000 -0.062435
v 0.125687 0.444500 -0.058389
v 0.120996 0.444500 -0.060212
v 0.122308 0.457000 -0.059702
v 0.116178 0.444500 -0.061663
v 0.111260 0.444500 -0.062734
v 0.112574 0.457000 -0.062447
v 0.104388 0.444500 -0.063552
v 0.102531 0.457000 -0.063636
v 0.116798 0.457000 -0.052821
v 0.098522 0.457000 -0.055676
v 0.124894 0.457500 -0.049384
v 0.120611 0.457500 -0.051291
v 0.116183 0.457500 -0.052833
v 0.111063 0.457500 -0.054097
v 0.104685 0.457500 -0.055026
v 0.106188 0.480200 -0.054854
v 0.098389 0.457500 -0.055175
v 0.100116 0.480200 -0.055214
v 0.094623 0.480200 -0.054974
v 0.092983 0.457500 -0.054781
v 0.084873 0.457000 -0.053415
v 0.090459 0.480200 -0.054397
v 0.088360 0.457500 -0.053999
v 0.083818 0.457500 -0.052833
v 0.085194 0.480200 -0.053241
v 0.081087 0.480200 -0.051926
v 0.074429 0.480200 -0.049013
v 0.079390 0.457500 -0.051291
v 0.075106 0.457500 -0.049384
v 0.070997 0.457500 -0.047125
v 0.067896 0.457000 -0.045427
v 0.056252 0.457000 -0.046562
v 0.073018 0.457000 -0.057765
v 0.057268 0.457000 -0.036121
v 0.067092 0.457500 -0.044530
v 0.059999 0.457500 -0.038408
v 0.063417 0.457500 -0.041617
v 0.064611 0.456983 -0.053196
v 0.065415 0.444000 -0.054111
v 0.069779 0.444500 -0.056207
v 0.060694 0.444500 -0.050333
v 0.055524 0.444500 -0.045922
v 0.051211 0.444000 -0.041813
v 0.041432 0.444000 -0.030630
v 0.046837 0.444000 -0.039104
v 0.054420 0.444000 -0.047477
v 0.040541 0.444000 -0.024884
v 0.052020 0.444500 -0.042311
v 0.048807 0.444500 -0.038438
v 0.045907 0.444500 -0.034326
v 0.043336 0.444500 -0.030001
v 0.043768 0.457000 -0.030727
v 0.049387 0.457000 -0.039136
v 0.041110 0.444500 -0.025489
v 0.039534 0.457000 -0.021542
v 0.037746 0.444500 -0.016013
v 0.037283 0.457000 -0.014292
v 0.039243 0.444500 -0.020817
v 0.035997 0.457000 -0.006810
v 0.036628 0.444500 -0.011108
v 0.035897 0.444500 -0.006130
v 0.035549 0.444000 -0.005504
v 0.034735 0.444000 -0.011736
v 0.033643 0.444000 0.002022
v 0.032997 0.446000 0.014588
v 0.035630 0.444000 0.016931
v 0.040923 0.444000 0.031009
v 0.035255 0.446000 0.023028
v 0.039080 0.446000 0.031951
v 0.038313 0.454639 0.030459
v 0.035294 0.454900 0.023138
v 0.033285 0.456078 0.015232
v 0.039350 0.459307 0.029471
v 0.035956 0.458090 0.023091
v 0.036970 0.462443 0.018905
v 0.041230 0.468686 0.024854
v 0.034700 0.465378 0.007780
v 0.037686 0.470720 0.011224
v 0.040273 0.478032 0.013185
v 0.039902 0.474827 0.019360
v 0.038351 0.474831 0.008058
v 0.037222 0.471721 0.006877
v 0.035999 0.469604 0.004596
v 0.032759 0.462146 0.008444
v 0.044787 0.470844 0.006203
v 0.050000 0.471162 0.006492
v 0.050000 0.475187 0.007985
v 0.040629 0.478931 0.007614
v 0.050156 0.480252 0.006896
v 0.050003 0.470967 0.024504
v 0.050000 0.480200 0.024765
v 0.050286 0.480788 0.024765
v 0.050388 0.480200 0.026596
v 0.049492 0.470668 0.024395
v 0.050218 0.463850 0.026378
v 0.054029 0.480717 0.031885
v 0.053251 0.480200 0.031528
v 0.056881 0.480200 0.036465
v 0.060545 0.480200 0.040503
v 0.052579 0.481000 0.028446
v 0.062981 0.481000 0.041507
v 0.062565 0.481000 0.026542
v 0.068731 0.481000 0.033635
v 0.076509 0.481000 0.043287
v 0.077934 0.481000 0.040500
v 0.079232 0.481000 0.042282
v 0.076100 0.481000 0.046011
v 0.079847 0.495000 0.042663
v 0.075829 0.495000 0.045055
v 0.076578 0.495000 0.043044
v 0.072000 0.495000 0.035765
v 0.069258 0.495759 0.055765
v 0.070031 0.495372 0.035765
v 0.072000 0.495000 0.055765
v 0.092023 0.495000 0.036296
v 0.080372 0.496996 0.035765
v 0.069011 0.499410 0.030334
v 0.077455 0.496902 0.032808
v 0.089866 0.493258 0.035328
v 0.083194 0.494027 0.032904
v 0.069248 0.499856 0.035765
v 0.066335 0.499365 0.035765
v 0.067784 0.496784 0.035765
v 0.066000 0.502867 0.035765
v 0.065686 0.503352 0.033084
v 0.065804 0.503183 0.055765
v 0.064255 0.489000 0.055765
v 0.066076 0.500333 0.055765
v 0.064724 0.505396 0.055765
v 0.064183 0.507416 0.055765
v 0.064000 0.509500 0.055765
v 0.064000 0.528000 0.055765
v 0.064000 0.528611 0.049592
v 0.063080 0.544000 0.055765
v 0.064943 0.530716 0.055765
v 0.067080 0.544000 0.055765
v 0.064928 0.557308 0.055765
v 0.060547 0.496919 0.055765
v 0.061591 0.495693 0.055765
v 0.061063 0.494301 0.055765
v 0.061527 0.495024 0.039765
v 0.060582 0.496791 0.039765
v 0.058906 0.496735 0.055765
v 0.058632 0.496327 0.039765
v 0.060000 0.495500 0.038773
v 0.058696 0.494747 0.039765
v 0.060476 0.493973 0.039765
v 0.059130 0.494254 0.055765
v 0.060234 0.489133 0.055765
v 0.058407 0.495743 0.055765
v 0.057165 0.489402 0.049926
v 0.061179 0.489000 0.050955
v 0.067234 0.489000 0.055158
v 0.055589 0.489000 0.046150
v 0.062057 0.469152 0.051651
v 0.067750 0.476681 0.055462
v 0.055817 0.469361 0.046372
v 0.064271 0.465106 0.054447
v 0.055913 0.466179 0.047273
v 0.052638 0.469231 0.043046
v 0.050807 0.466100 0.041822
v 0.054345 0.458634 0.050584
v 0.047042 0.458753 0.042660
v 0.055873 0.455187 0.052943
v 0.061708 0.457200 0.056957
v 0.047579 0.455550 0.044605
v 0.041607 0.454900 0.036506
v 0.044481 0.446000 0.040782
v 0.051151 0.446000 0.048698
v 0.042492 0.459043 0.035687
v 0.046931 0.466100 0.036657
v 0.045866 0.472082 0.033904
v 0.048987 0.480432 0.038499
v 0.041978 0.474780 0.026208
v 0.046884 0.484368 0.034750
v 0.052859 0.490661 0.043449
v 0.043206 0.482088 0.024639
v 0.042473 0.481709 0.017771
v 0.044478 0.485267 0.023419
v 0.044128 0.484567 -0.020944
v 0.043502 0.483429 0.001182
v 0.055086 0.482832 -0.001856
v 0.055093 0.482676 0.003564
v 0.043038 0.482639 -0.002419
v 0.042729 0.482129 0.004849
v 0.050800 0.481000 0.006355
v 0.055075 0.481000 0.007817
v 0.055352 0.486075 0.005885
v 0.058138 0.481000 0.018250
v 0.057736 0.483788 0.015703
v 0.060639 0.487600 0.022571
v 0.062545 0.484550 0.025675
v 0.056278 0.487947 0.009556
v 0.059416 0.487947 0.019371
v 0.068784 0.487947 0.032105
v 0.065187 0.488000 0.010899
v 0.072158 0.488000 0.023992
v 0.068980 0.488500 0.019031
v 0.066567 0.488500 0.013979
v 0.072259 0.490642 0.023640
v 0.081277 0.488000 0.031942
v 0.076073 0.488500 0.027662
v 0.076209 0.493881 0.028105
v 0.080563 0.488500 0.031008
v 0.085471 0.488500 0.033702
v 0.090770 0.488500 0.035511
v 0.091646 0.488000 0.036159
v 0.087006 0.488000 0.043131
v 0.096268 0.488500 0.036571
v 0.105580 0.488000 0.036591
v 0.109231 0.488500 0.035511
v 0.099761 0.491024 0.036733
v 0.105510 0.493585 0.036477
v 0.112450 0.493585 0.034695
v 0.108923 0.495000 0.036241
v 0.120271 0.497028 0.035765
v 0.128668 0.495075 0.035765
v 0.118881 0.495000 0.044066
v 0.120306 0.495000 0.042461
v 0.095876 0.495000 0.044085
v 0.089657 0.495000 0.046300
v 0.091978 0.495000 0.046721
v 0.098490 0.495000 0.049590
v 0.099992 0.495000 0.048244
v 0.107193 0.495000 0.047236
v 0.108853 0.495000 0.046207
v 0.093233 0.495000 0.049404
v 0.098398 0.495000 0.055765
v 0.081102 0.495000 0.045345
v 0.079244 0.495000 0.047326
v 0.077796 0.481000 0.047326
v 0.080454 0.481000 0.046577
v 0.088203 0.495000 0.047923
v 0.076699 0.495000 0.046803
v 0.088953 0.481000 0.050727
v 0.088231 0.495000 0.050069
v 0.088424 0.481000 0.047479
v 0.090899 0.481000 0.046254
v 0.085591 0.481000 0.043872
v 0.081123 0.481000 0.044129
v 0.086428 0.481500 0.043636
v 0.096868 0.481000 0.046024
v 0.083797 0.486075 0.042671
v 0.076005 0.484550 0.038762
v 0.082421 0.487894 0.041764
v 0.092261 0.487600 0.045055
v 0.094096 0.487894 0.045146
v 0.097984 0.483025 0.045679
v 0.091164 0.481500 0.044885
v 0.107269 0.481000 0.045545
v 0.104841 0.484587 0.045402
v 0.112432 0.484550 0.043988
v 0.118323 0.482013 0.042091
v 0.119323 0.481000 0.043177
v 0.121729 0.481000 0.042195
v 0.123056 0.495000 0.042709
v 0.123738 0.495000 0.045961
v 0.123179 0.481000 0.046669
v 0.120757 0.495000 0.047326
v 0.128000 0.495000 0.055765
v 0.132252 0.489000 0.055461
v 0.129970 0.495372 0.055765
v 0.122551 0.488831 0.055765
v 0.101461 0.495000 0.050532
v 0.108845 0.495000 0.051568
v 0.110327 0.495000 0.051385
v 0.100921 0.489000 0.055765
v 0.129566 0.486750 0.055765
v 0.129484 0.484106 0.056931
v 0.125883 0.486313 0.057913
v 0.117250 0.488092 0.059229
v 0.106428 0.488956 0.059061
v 0.106123 0.488403 0.061158
v 0.118615 0.485788 0.061000
v 0.106127 0.485883 0.063401
v 0.100443 0.484000 0.064246
v 0.092975 0.485453 0.063509
v 0.107422 0.476681 0.063774
v 0.113753 0.484000 0.062739
v 0.096997 0.487500 0.062553
v 0.085286 0.487595 0.060802
v 0.088816 0.488886 0.058663
v 0.078730 0.488939 0.055765
v 0.080002 0.488588 0.057594
v 0.073730 0.486360 0.057712
v 0.070130 0.487354 0.055765
v 0.072563 0.480340 0.058013
v 0.073209 0.468165 0.058413
v 0.080554 0.485788 0.060737
v 0.078551 0.476681 0.060493
v 0.086247 0.484000 0.062739
v 0.084336 0.468943 0.062305
v 0.091780 0.468762 0.063716
v 0.079957 0.462120 0.063558
v 0.092791 0.484000 0.063818
v 0.072448 0.456771 0.063099
v 0.083124 0.455550 0.067010
v 0.071202 0.461218 0.060500
v 0.089599 0.461159 0.066254
v 0.100000 0.458634 0.068387
v 0.094698 0.465910 0.064626
v 0.091392 0.455342 0.068587
v 0.102582 0.455550 0.069053
v 0.082079 0.446000 0.066815
v 0.089671 0.446000 0.068469
v 0.097411 0.446000 0.069154
v 0.107755 0.446000 0.068763
v 0.099999 0.444000 0.067134
v 0.088736 0.444000 0.066256
v 0.077828 0.444000 0.063321
v 0.092483 0.444000 0.065083
v 0.077786 0.444000 0.061799
v 0.064417 0.444000 0.054868
v 0.070885 0.444500 0.058319
v 0.075462 0.444500 0.060415
v 0.080188 0.444500 0.062146
v 0.085034 0.444500 0.063504
v 0.077693 0.457000 0.061232
v 0.087427 0.457000 0.063977
v 0.068509 0.457000 0.056997
v 0.066486 0.444500 0.055874
v 0.062291 0.444500 0.053093
v 0.058326 0.444500 0.049993
v 0.054614 0.444500 0.046593
v 0.052757 0.444000 0.045337
v 0.057179 0.444000 0.051580
v 0.049249 0.444000 0.043534
v 0.058940 0.446000 0.055518
v 0.065333 0.444000 0.057458
v 0.067667 0.446000 0.061084
v 0.071271 0.454900 0.062895
v 0.065188 0.454639 0.059737
v 0.074692 0.446000 0.064405
v 0.077886 0.454639 0.065579
v 0.089972 0.444500 0.064480
v 0.094971 0.444500 0.065068
v 0.100000 0.444500 0.065265
v 0.105030 0.444500 0.065068
v 0.110029 0.444500 0.064480
v 0.114966 0.444500 0.063504
v 0.117495 0.457000 0.062795
v 0.113735 0.444000 0.065782
v 0.122866 0.446000 0.065271
v 0.115421 0.446000 0.067494
v 0.111307 0.454900 0.068274
v 0.117978 0.454639 0.066843
v 0.114612 0.457471 0.067143
v 0.123897 0.455474 0.064811
v 0.124276 0.458753 0.063787
v 0.131665 0.454900 0.061456
v 0.132258 0.458818 0.059926
v 0.123694 0.465367 0.060558
v 0.131462 0.466220 0.056527
v 0.139737 0.459744 0.054701
v 0.137320 0.467230 0.052426
v 0.145714 0.466684 0.045346
v 0.147757 0.461039 0.046963
v 0.152557 0.461940 0.040677
v 0.157664 0.458329 0.036281
v 0.151074 0.468943 0.038489
v 0.147706 0.469361 0.042675
v 0.143338 0.469231 0.047130
v 0.145686 0.489262 0.044824
v 0.138822 0.489000 0.050955
v 0.142927 0.489471 0.050331
v 0.146216 0.492042 0.046809
v 0.149318 0.497182 0.041486
v 0.148295 0.494922 0.055765
v 0.144336 0.490954 0.055765
v 0.139767 0.489133 0.055765
v 0.140660 0.494244 0.055765
v 0.141501 0.496018 0.055765
v 0.149745 0.498763 0.055765
v 0.150000 0.501000 0.055765
v 0.140192 0.497008 0.055765
v 0.141374 0.496042 0.039765
v 0.139557 0.496951 0.039765
v 0.141239 0.494468 0.039765
v 0.140000 0.495500 0.038773
v 0.139370 0.494120 0.039765
v 0.138404 0.495404 0.039765
v 0.138682 0.494590 0.055765
v 0.138502 0.496068 0.055765
v 0.133666 0.499365 0.055765
v 0.132216 0.496784 0.055765
v 0.131172 0.495952 0.035765
v 0.133049 0.497828 0.035765
v 0.133925 0.500333 0.035765
v 0.130753 0.499856 0.035765
v 0.134000 0.502867 0.035765
v 0.133585 0.502241 0.032439
v 0.130490 0.498837 0.029817
v 0.122887 0.497090 0.032721
v 0.133784 0.498902 0.021593
v 0.127358 0.495325 0.025496
v 0.131525 0.493574 0.018419
v 0.126883 0.490607 0.024593
v 0.118846 0.493765 0.031644
v 0.122469 0.488500 0.028830
v 0.116198 0.488500 0.032860
v 0.131884 0.488500 0.017374
v 0.133977 0.490778 0.012680
v 0.135771 0.496551 0.007990
v 0.135539 0.489500 0.006232
v 0.135921 0.488500 -0.000639
v 0.136319 0.488000 -0.001105
v 0.134859 0.488500 -0.008016
v 0.134403 0.498849 -0.009538
v 0.135758 0.497857 -0.002739
v 0.133118 0.488500 -0.013337
v 0.132532 0.500997 -0.014222
v 0.131477 0.488500 -0.016695
v 0.129868 0.501691 -0.019275
v 0.128348 0.488500 -0.021337
v 0.124608 0.488500 -0.025502
v 0.129490 0.505372 -0.018549
v 0.128414 0.509840 -0.015077
v 0.133823 0.503221 -0.006238
v 0.135100 0.502867 0.005284
v 0.133280 0.504917 0.001725
v 0.130212 0.508240 -0.007754
v 0.118789 0.520489 -0.020809
v 0.113315 0.525414 -0.026120
v 0.120786 0.518066 -0.021866
v 0.111439 0.528307 -0.022641
v 0.107653 0.530166 -0.025639
v 0.132993 0.505733 0.004504
v 0.133327 0.506586 0.006845
v 0.132545 0.509759 0.009349
v 0.135239 0.507919 0.012314
v 0.135419 0.518754 0.017803
v 0.133883 0.513390 0.013063
v 0.135999 0.505703 0.015599
v 0.135781 0.507350 0.032583
v 0.136000 0.509366 0.032361
v 0.135421 0.502778 0.021022
v 0.135970 0.523557 0.020693
v 0.134917 0.531724 0.017999
v 0.135828 0.538462 0.021147
v 0.136000 0.541739 0.025150
v 0.135151 0.550015 0.025284
v 0.136000 0.558717 0.034487
v 0.135883 0.558345 0.032107
v 0.134385 0.561003 0.029862
v 0.135784 0.563300 0.038077
v 0.134971 0.574742 0.044858
v 0.134039 0.566356 0.036501
v 0.130245 0.562575 0.027612
v 0.130413 0.567958 0.034726
v 0.128776 0.572717 0.037480
v 0.123730 0.565919 0.030253
v 0.126159 0.561070 0.026002
v 0.122274 0.569625 0.030568
v 0.118417 0.568207 0.028353
v 0.122240 0.574220 0.030932
v 0.113181 0.571174 0.027846
v 0.115089 0.568551 0.027774
v 0.103482 0.569658 0.027765
v 0.096516 0.569610 0.027765
v 0.112691 0.570892 0.017265
v 0.101165 0.569387 0.017265
v 0.105815 0.569680 0.017265
v 0.109296 0.570043 0.004765
v 0.104664 0.569458 0.004765
v 0.115545 0.571496 0.004765
v 0.119390 0.572864 0.017265
v 0.120519 0.573176 0.004765
v 0.123738 0.574556 0.017265
v 0.124783 0.575075 0.004765
v 0.127875 0.576719 0.017265
v 0.129360 0.577647 0.004765
v 0.131818 0.579221 0.017265
v 0.127750 0.576936 0.017265
v 0.135537 0.582044 0.017265
v 0.131675 0.579426 0.017265
v 0.128745 0.577538 0.037602
v 0.133873 0.581068 0.043529
v 0.135689 0.582498 0.017265
v 0.135816 0.582604 0.047514
v 0.138832 0.585347 0.017265
v 0.139007 0.585168 0.017265
v 0.142203 0.588572 0.017265
v 0.145103 0.592231 0.017265
v 0.142014 0.588735 0.017265
v 0.147061 0.595134 0.004765
v 0.123631 0.574782 0.017265
v 0.094191 0.569728 0.017265
v 0.089610 0.570531 0.027765
v 0.082342 0.572421 0.028321
v 0.081621 0.568185 0.028269
v 0.077383 0.569902 0.030877
v 0.077468 0.574287 0.030811
v 0.078493 0.573837 0.017265
v 0.074481 0.566718 0.031137
v 0.070459 0.573172 0.038315
v 0.065952 0.572745 0.042275
v 0.069113 0.568795 0.036165
v 0.064893 0.564507 0.037346
v 0.064199 0.558616 0.031972
v 0.064100 0.573445 0.047031
v 0.064001 0.558817 0.045581
v 0.065368 0.550055 0.045406
v 0.064000 0.560000 0.055765
v 0.064000 0.550773 0.042810
v 0.064032 0.548268 0.027417
v 0.065125 0.557036 0.049855
v 0.071773 0.552110 0.047775
v 0.070048 0.554565 0.050285
v 0.068370 0.555170 0.055765
v 0.068964 0.549929 0.055765
v 0.072799 0.552915 0.055765
v 0.073650 0.551705 0.050765
v 0.074000 0.547000 0.055765
v 0.068503 0.540326 0.055765
v 0.073790 0.537052 0.055765
v 0.068007 0.547862 0.055765
v 0.073903 0.544750 0.050100
v 0.073599 0.536633 0.049903
v 0.072006 0.545500 0.046979
v 0.069391 0.549085 0.045786
v 0.070466 0.535672 0.047144
v 0.069716 0.538757 0.045851
v 0.068267 0.537894 0.055765
v 0.067867 0.540430 0.045764
v 0.067834 0.537491 0.045787
v 0.065588 0.536930 0.045476
v 0.066467 0.538814 0.045714
v 0.067259 0.547712 0.045755
v 0.066375 0.549582 0.045691
v 0.066478 0.539274 0.055765
v 0.067882 0.550483 0.045785
v 0.066570 0.549646 0.055765
v 0.064221 0.529375 0.050292
v 0.067981 0.532772 0.050075
v 0.064186 0.543720 0.043798
v 0.070197 0.533450 0.055765
v 0.072260 0.534453 0.050386
v 0.062864 0.583755 0.055765
v 0.064000 0.582760 0.055765
v 0.064033 0.582732 0.048324
v 0.064481 0.582356 0.046159
v 0.065300 0.554613 0.026429
v 0.128606 0.551713 0.020765
v 0.130357 0.538145 0.014627
v 0.132251 0.551076 0.021907
v 0.133573 0.538990 0.016998
v 0.132259 0.530657 0.014997
v 0.127381 0.532594 0.013886
v 0.129686 0.522703 0.013497
v 0.132740 0.519948 0.014352
v 0.131108 0.515647 0.011895
v 0.136000 0.509500 0.055765
v 0.135547 0.506406 0.055765
v 0.134197 0.503183 0.055765
v 0.134805 0.504263 0.033285
v 0.136385 0.469361 0.052725
v 0.132003 0.469361 0.055604
v 0.123375 0.468774 0.059772
v 0.113953 0.468683 0.062750
v 0.114994 0.465519 0.063249
v 0.121144 0.480340 0.060596
v 0.108745 0.458329 0.067941
v 0.104293 0.464677 0.065284
v 0.098566 0.469022 0.064256
v 0.107052 0.468683 0.063908
v 0.111861 0.481000 0.049129
v 0.111861 0.495000 0.049129
v 0.110327 0.481000 0.051385
v 0.106334 0.481000 0.055479
v 0.107652 0.481000 0.050727
v 0.106612 0.481000 0.048611
v 0.107094 0.495000 0.049988
v 0.101556 0.495000 0.049381
v 0.101200 0.481000 0.048702
v 0.101556 0.481000 0.050148
v 0.100519 0.481000 0.051266
v 0.099805 0.495000 0.051175
v 0.098744 0.481000 0.050424
v 0.091627 0.481000 0.051385
v 0.099286 0.481000 0.048423
v 0.093233 0.481000 0.049404
v 0.092808 0.481000 0.047236
v 0.091627 0.495000 0.051385
v 0.089674 0.495000 0.051385
v 0.108023 0.481000 0.046721
v 0.110773 0.481000 0.046566
v 0.110773 0.495000 0.046566
v 0.119061 0.495000 0.046011
v 0.120504 0.481000 0.047326
v 0.118902 0.481000 0.045281
v 0.108100 0.480750 0.055824
v 0.096756 0.480788 0.056231
v 0.067627 0.485313 0.031861
v 0.070785 0.496114 0.024707
v 0.064753 0.488500 0.007926
v 0.063826 0.488000 -0.002976
v 0.065437 0.488500 -0.009184
v 0.055160 0.487747 -0.001245
v 0.055700 0.484550 -0.006887
v 0.057696 0.484550 -0.014312
v 0.055318 0.481000 -0.007307
v 0.058474 0.481000 -0.017713
v 0.061091 0.483025 -0.021744
v 0.041880 0.480737 -0.015238
v 0.043844 0.480576 -0.027302
v 0.046410 0.480029 -0.033173
v 0.042324 0.472861 -0.025698
v 0.045528 0.468594 -0.031923
v 0.041325 0.465791 -0.025178
v 0.044406 0.460317 -0.036135
v 0.038203 0.457900 -0.027171
v 0.037564 0.454900 -0.027338
v 0.041790 0.455263 -0.035111
v 0.046719 0.455474 -0.042072
v 0.044481 0.446000 -0.039252
v 0.039080 0.446000 -0.030421
v 0.035255 0.446000 -0.021498
v 0.037367 0.444000 -0.021437
v 0.033575 0.446000 -0.015916
v 0.051151 0.446000 -0.047168
v 0.052142 0.455474 -0.048101
v 0.058940 0.446000 -0.053988
v 0.067667 0.446000 -0.059554
v 0.066453 0.444000 -0.056501
v 0.063230 0.454639 -0.057005
v 0.057566 0.455317 -0.052900
v 0.057860 0.458481 -0.052190
v 0.064917 0.457471 -0.057414
v 0.071598 0.455474 -0.061431
v 0.074692 0.446000 -0.062875
v 0.076247 0.454639 -0.063444
v 0.085977 0.455057 -0.066195
v 0.082079 0.446000 -0.065286
v 0.089671 0.446000 -0.066939
v 0.078988 0.444000 -0.062278
v 0.088736 0.444000 -0.064726
v 0.097411 0.446000 -0.067625
v 0.098743 0.444000 -0.065676
v 0.099685 0.444000 -0.063997
v 0.080229 0.444000 -0.060899
v 0.088740 0.444500 -0.062734
v 0.083823 0.444500 -0.061663
v 0.079004 0.444500 -0.060212
v 0.074313 0.444500 -0.058389
v 0.082506 0.457000 -0.061266
v 0.092425 0.457000 -0.063239
v 0.096238 0.444500 -0.063564
v 0.108778 0.444000 -0.065105
v 0.115421 0.446000 -0.065964
v 0.107755 0.446000 -0.067233
v 0.101539 0.455057 -0.067641
v 0.109778 0.455925 -0.066810
v 0.120388 0.455474 -0.064453
v 0.122866 0.446000 -0.063741
v 0.130389 0.455550 -0.060473
v 0.136485 0.455914 -0.056992
v 0.132333 0.446000 -0.059554
v 0.138988 0.446000 -0.055543
v 0.143277 0.455133 -0.052179
v 0.145085 0.446000 -0.050726
v 0.150728 0.454900 -0.045215
v 0.151936 0.446000 -0.043848
v 0.148166 0.444000 -0.044741
v 0.157339 0.444000 -0.032824
v 0.157153 0.446000 -0.036840
v 0.155075 0.455550 -0.039739
v 0.159713 0.455133 -0.032555
v 0.162102 0.446000 -0.028114
v 0.164095 0.454639 -0.023345
v 0.164927 0.446000 -0.020876
v 0.161749 0.444000 -0.023791
v 0.164746 0.444000 -0.014197
v 0.166262 0.444000 -0.004261
v 0.167009 0.446000 -0.013390
v 0.168096 0.446000 -0.006349
v 0.168229 0.455550 -0.002825
v 0.166700 0.455095 -0.014228
v 0.168427 0.446000 0.002060
v 0.168254 0.455474 0.005197
v 0.164011 0.459095 -0.019600
v 0.167325 0.458634 -0.005661
v 0.166215 0.458873 -0.012404
v 0.163182 0.465519 -0.010783
v 0.164605 0.464832 0.000574
v 0.160789 0.468806 -0.017793
v 0.156805 0.468374 -0.027695
v 0.161547 0.458389 -0.026973
v 0.156430 0.465340 -0.030140
v 0.151273 0.478391 -0.036564
v 0.152266 0.468526 -0.035387
v 0.146057 0.468957 -0.042849
v 0.150740 0.463683 -0.040047
v 0.156541 0.458873 -0.035961
v 0.147470 0.457861 -0.047640
v 0.146494 0.465671 -0.043562
v 0.095064 0.455474 -0.067432
v 0.059396 0.465367 -0.049113
v 0.050197 0.458634 -0.044941
v 0.054022 0.463683 -0.045372
v 0.048387 0.465791 -0.037333
v 0.055314 0.468450 -0.044436
v 0.050644 0.469022 -0.039177
v 0.051463 0.485395 -0.040083
v 0.052975 0.489627 -0.040706
v 0.056904 0.486796 -0.045751
v 0.059046 0.477681 -0.047762
v 0.061438 0.488951 -0.049063
v 0.063613 0.486000 -0.051254
v 0.062882 0.468943 -0.050783
v 0.055339 0.493837 -0.040015
v 0.055705 0.495000 -0.038638
v 0.052013 0.494353 0.044551
v 0.051706 0.494922 0.055765
v 0.054404 0.491751 0.052094
v 0.066952 0.497828 0.055765
v 0.048387 0.457500 0.022461
v 0.047252 0.470200 0.019458
v 0.045812 0.460675 0.014692
v 0.046371 0.470868 0.014083
v 0.044526 0.463850 0.008287
v 0.032079 0.451486 0.009788
v 0.063684 0.480200 -0.041839
v 0.069196 0.480200 -0.045975
v 0.059183 0.480200 -0.037522
v 0.056861 0.457500 -0.034923
v 0.055144 0.480200 -0.032730
v 0.054026 0.457500 -0.031188
v 0.113317 0.480200 -0.053611
v 0.112876 0.480733 -0.053339
v 0.117496 0.480200 -0.052431
v 0.122495 0.480200 -0.050498
v 0.161567 0.444500 -0.018450
v 0.126513 0.495000 -0.043158
v 0.126920 0.495000 -0.040465
v 0.125477 0.495000 -0.039150
v 0.128483 0.495053 -0.030806
v 0.121627 0.495120 -0.035771
v 0.135230 0.495366 -0.022602
v 0.141285 0.495015 -0.016971
v 0.124714 0.495800 -0.033148
v 0.129520 0.495800 -0.029086
v 0.139915 0.495000 -0.023735
v 0.141960 0.495000 -0.026314
v 0.144532 0.495000 -0.025310
v 0.150002 0.495000 -0.026458
v 0.144579 0.495000 -0.022408
v 0.150002 0.495000 -0.009308
v 0.141960 0.495000 -0.021156
v 0.142186 0.481000 -0.021043
v 0.151611 0.493192 -0.006639
v 0.144722 0.495265 -0.012964
v 0.149727 0.497017 -0.007520
v 0.143847 0.501225 -0.013274
v 0.139585 0.499983 -0.017326
v 0.135347 0.511319 -0.021512
v 0.133700 0.501158 -0.024264
v 0.130945 0.515532 -0.026697
v 0.128082 0.513906 -0.030374
v 0.124576 0.517555 -0.032917
v 0.121914 0.508207 -0.034983
v 0.119506 0.519994 -0.035957
v 0.115371 0.506926 -0.038286
v 0.112547 0.495566 -0.039375
v 0.114166 0.520682 -0.038420
v 0.111217 0.518784 -0.039706
v 0.108194 0.495800 -0.040427
v 0.114577 0.527516 -0.035001
v 0.111192 0.535344 -0.027864
v 0.107865 0.530521 -0.035346
v 0.118537 0.527098 -0.032472
v 0.125970 0.520866 -0.029961
v 0.123769 0.525401 -0.027936
v 0.118441 0.531548 -0.025559
v 0.122781 0.527885 -0.022725
v 0.113202 0.536160 -0.022774
v 0.117012 0.533731 -0.016592
v 0.113199 0.536474 -0.007981
v 0.111297 0.537274 -0.017705
v 0.118226 0.532791 -0.007981
v 0.128857 0.521798 -0.006443
v 0.129403 0.520838 -0.014681
v 0.123740 0.527950 -0.004753
v 0.143052 0.505329 -0.012321
v 0.131848 0.517571 -0.022576
v 0.139954 0.509535 -0.007868
v 0.147137 0.501704 -0.005602
v 0.149020 0.499298 0.002396
v 0.151626 0.494459 -0.000790
v 0.153278 0.490273 -0.003520
v 0.152263 0.493083 0.016487
v 0.154199 0.488030 0.026219
v 0.107779 0.538143 -0.023919
v 0.104135 0.535707 -0.030887
v 0.101024 0.539028 -0.024245
v 0.123524 0.495000 -0.039150
v 0.122081 0.495000 -0.040465
v 0.122081 0.481000 -0.040465
v 0.121900 0.495000 -0.042410
v 0.123326 0.495000 -0.044015
v 0.122489 0.481000 -0.043189
v 0.126792 0.495000 -0.052045
v 0.116908 0.492898 -0.057949
v 0.116549 0.489466 -0.059864
v 0.124378 0.487311 -0.057658
v 0.105644 0.491603 -0.060867
v 0.101331 0.488107 -0.062423
v 0.035472 0.468929 -0.001735
v 0.066579 0.503131 -0.024606
v 0.067154 0.514561 -0.024003
v 0.071068 0.516288 -0.029140
v 0.076894 0.518413 -0.033793
v 0.070012 0.519185 -0.024928
v 0.076943 0.523471 -0.031352
v 0.084122 0.520935 -0.037705
v 0.048449 0.593535 0.004265
v 0.049630 0.595903 0.022265
v 0.049323 0.594046 0.022265
v 0.047780 0.593598 0.022265
v 0.048255 0.595125 0.023256
v 0.048352 0.596721 0.022265
v 0.046729 0.594649 0.022265
v 0.046997 0.596111 0.022265
v 0.047056 0.594063 0.004265
v 0.050408 0.594667 0.004265
v 0.053565 0.594148 0.010265
v 0.057835 0.588604 0.010265
v 0.052356 0.596145 0.004265
v 0.050108 0.600233 0.010265
v 0.048211 0.604495 0.004265
v 0.049493 0.596842 0.004265
v 0.047575 0.597218 -0.007735
v 0.047575 0.597218 0.004265
v 0.049882 0.596307 -0.007735
v 0.055820 0.592325 -0.007735
v 0.050934 0.600261 -0.007735
v 0.048142 0.606677 -0.007735
v 0.049493 0.593408 -0.007735
v 0.050171 0.585718 -0.007735
v 0.059190 0.584190 -0.007735
v 0.046910 0.593631 -0.007735
v 0.046233 0.595903 -0.007735
v 0.045670 0.592132 -0.007735
v 0.046239 0.595067 0.004265
v 0.044252 0.610062 0.004265
v 0.045858 0.591821 0.004265
v 0.042378 0.598436 0.004265
v 0.042378 0.598436 -0.007735
v 0.039608 0.605377 0.004265
v 0.037769 0.612621 0.004265
v 0.040668 0.623033 0.004265
v 0.038932 0.607777 -0.007735
v 0.036989 0.617542 -0.007735
v 0.044627 0.610062 -0.007735
v 0.040022 0.622896 -0.007735
v 0.042322 0.624567 -0.007735
v 0.038176 0.624509 -0.007735
v 0.038176 0.624509 0.004265
v 0.036598 0.622509 0.004265
v 0.036696 0.629982 0.004265
v 0.038615 0.626473 0.004265
v 0.039433 0.626837 -0.007735
v 0.037769 0.637379 0.004265
v 0.040464 0.627106 0.004265
v 0.044252 0.639938 0.004265
v 0.041886 0.626473 -0.007735
v 0.042319 0.625447 0.004265
v 0.044627 0.639938 -0.007735
v 0.047798 0.652722 -0.007735
v 0.046181 0.654384 -0.007735
v 0.042378 0.651564 -0.007735
v 0.037769 0.637379 -0.007735
v 0.039608 0.644623 -0.007735
v 0.045199 0.629664 -0.007735
v 0.045792 0.634295 -0.007735
v 0.047459 0.641091 -0.007735
v 0.045000 0.625000 -0.007735
v 0.045000 0.625000 -0.027735
v 0.045199 0.620336 -0.007735
v 0.045199 0.620336 -0.027735
v 0.046789 0.622598 -0.027735
v 0.046283 0.613423 -0.027735
v 0.046775 0.611141 -0.007735
v 0.045792 0.615705 -0.007735
v 0.052084 0.612250 -0.027735
v 0.048142 0.606677 -0.027735
v 0.055340 0.602422 -0.027735
v 0.049883 0.602345 -0.027735
v 0.051985 0.598177 -0.027735
v 0.052612 0.598963 -0.027735
v 0.054605 0.598278 -0.032035
v 0.053552 0.601374 -0.031885
v 0.054432 0.594201 -0.027735
v 0.055684 0.596325 -0.027735
v 0.063651 0.583725 -0.027735
v 0.059104 0.599572 -0.027735
v 0.057917 0.597259 -0.031885
v 0.058751 0.588696 -0.027735
v 0.059725 0.587555 -0.007735
v 0.063663 0.583713 -0.007735
v 0.067296 0.580780 -0.007735
v 0.069230 0.579473 -0.027735
v 0.071776 0.581406 -0.027735
v 0.075239 0.575889 -0.027735
v 0.072107 0.579130 -0.030848
v 0.075423 0.579366 -0.032035
v 0.073510 0.583827 -0.031885
v 0.075868 0.578232 -0.027735
v 0.084215 0.586225 -0.027735
v 0.076903 0.583044 -0.027735
v 0.077414 0.581777 -0.031885
v 0.081694 0.573189 -0.027735
v 0.087250 0.580250 -0.027735
v 0.087250 0.573916 -0.027735
v 0.097221 0.572999 -0.027735
v 0.090714 0.570840 -0.027735
v 0.099417 0.570037 -0.027735
v 0.106986 0.570446 -0.027735
v 0.102335 0.570050 -0.007735
v 0.101775 0.571706 -0.030848
v 0.102580 0.572591 -0.027735
v 0.101257 0.576662 -0.031885
v 0.101889 0.576890 -0.027735
v 0.112750 0.577083 -0.027735
v 0.113847 0.571823 -0.027735
v 0.120507 0.573966 -0.027735
v 0.118307 0.573189 -0.007735
v 0.111588 0.571234 -0.007735
v 0.106986 0.570446 -0.007735
v 0.124762 0.575889 -0.027735
v 0.124762 0.575889 -0.007735
v 0.127859 0.573313 -0.007735
v 0.129195 0.571162 -0.007735
v 0.129195 0.575348 -0.007735
v 0.129254 0.575167 0.004265
v 0.131453 0.574666 -0.007735
v 0.131502 0.572073 -0.007735
v 0.134650 0.582361 -0.007735
v 0.138954 0.574792 -0.007735
v 0.128837 0.578166 -0.007735
v 0.128837 0.578166 -0.027735
v 0.132705 0.580780 -0.027735
v 0.128601 0.582037 -0.027735
v 0.128318 0.578985 -0.027735
v 0.136337 0.583713 -0.027735
v 0.139709 0.586945 -0.027735
v 0.144180 0.592325 -0.027735
v 0.142491 0.597194 -0.027735
v 0.129880 0.595834 -0.027735
v 0.124887 0.583834 -0.027735
v 0.119458 0.587931 -0.027735
v 0.141250 0.588696 -0.007735
v 0.146792 0.596189 -0.007735
v 0.150273 0.593489 -0.007735
v 0.149627 0.595456 -0.007735
v 0.151753 0.597242 -0.007735
v 0.150988 0.604511 -0.007735
v 0.157529 0.598011 -0.007735
v 0.153761 0.595772 -0.007735
v 0.152751 0.596866 0.004265
v 0.157889 0.598794 0.004265
v 0.153898 0.594667 0.004265
v 0.154143 0.591821 0.004265
v 0.152751 0.593384 -0.007735
v 0.151956 0.593125 0.004265
v 0.152758 0.589749 -0.007735
v 0.146594 0.581929 -0.007735
v 0.161069 0.607777 0.004265
v 0.161069 0.607777 -0.007735
v 0.153717 0.613423 -0.007735
v 0.162719 0.615066 -0.007735
v 0.159129 0.623088 -0.007735
v 0.159758 0.622883 0.004265
v 0.157632 0.625331 -0.007735
v 0.161531 0.623706 -0.007735
v 0.163402 0.622509 -0.007735
v 0.157632 0.624669 0.004265
v 0.154802 0.620336 -0.007735
v 0.155000 0.625000 -0.027735
v 0.154802 0.620336 -0.027735
v 0.154901 0.627332 -0.007735
v 0.153717 0.636577 -0.007735
v 0.153717 0.636577 -0.027735
v 0.154802 0.629664 -0.027735
v 0.159758 0.627117 -0.007735
v 0.161766 0.625647 -0.007735
v 0.163012 0.632458 -0.007735
v 0.161069 0.642223 -0.007735
v 0.161531 0.626294 0.004265
v 0.159129 0.626912 0.004265
v 0.162719 0.634934 0.004265
v 0.161069 0.642223 0.004265
v 0.163402 0.627491 0.004265
v 0.163012 0.617542 0.004265
v 0.161766 0.624353 0.004265
v 0.157892 0.651200 -0.007735
v 0.152163 0.652908 -0.007735
v 0.154143 0.658179 -0.007735
v 0.153862 0.654867 -0.007735
v 0.151859 0.643323 -0.007735
v 0.150118 0.647655 -0.027735
v 0.149067 0.649739 -0.007735
v 0.151859 0.643323 -0.027735
v 0.148016 0.651823 -0.027735
v 0.149670 0.654384 -0.007735
v 0.151959 0.656981 -0.007735
v 0.153651 0.653775 0.004265
v 0.153239 0.656220 0.004265
v 0.149830 0.664282 0.004265
v 0.150850 0.656886 0.004265
v 0.154143 0.658179 0.004265
v 0.143071 0.671593 -0.007735
v 0.144902 0.669901 0.004265
v 0.139282 0.674829 0.004265
v 0.135252 0.677758 -0.007735
v 0.133179 0.679143 0.004265
v 0.126565 0.682623 -0.007735
v 0.129875 0.678756 0.004265
v 0.131788 0.677366 -0.007735
v 0.129058 0.678582 -0.007735
v 0.117701 0.686029 -0.007735
v 0.119623 0.685392 0.004265
v 0.101967 0.684332 -0.007735
v 0.112379 0.687232 0.004265
v 0.109934 0.687718 -0.007735
v 0.102491 0.688402 -0.007735
v 0.092543 0.688011 -0.007735
v 0.100211 0.686750 -0.007735
v 0.102491 0.688402 0.004265
v 0.101967 0.685168 0.004265
v 0.099379 0.686662 0.004265
v 0.092543 0.688011 0.004265
v 0.097882 0.684419 0.004265
v 0.082777 0.686069 0.004265
v 0.075700 0.683666 0.004265
v 0.100211 0.682750 0.004265
v 0.098834 0.680689 0.004265
v 0.103498 0.680591 0.010265
v 0.097666 0.679950 0.010265
v 0.102335 0.679950 0.010265
v 0.106986 0.679554 0.010265
v 0.093014 0.679554 0.010265
v 0.097666 0.679950 0.040665
v 0.093014 0.679554 0.040665
v 0.088413 0.678766 0.040665
v 0.151289 0.627940 -0.027735
v 0.154272 0.625072 -0.027735
v 0.151289 0.622060 -0.027735
v 0.153027 0.625859 -0.032035
v 0.153490 0.622891 -0.031885
v 0.148789 0.623300 -0.031960
v 0.147643 0.624716 -0.027735
v 0.149741 0.627916 -0.031885
v 0.144750 0.612250 -0.027735
v 0.153717 0.613423 -0.027735
v 0.144969 0.602665 -0.027735
v 0.138383 0.608282 -0.027735
v 0.141170 0.616940 -0.027735
v 0.140395 0.614000 -0.029735
v 0.141853 0.626010 -0.029735
v 0.135768 0.625973 -0.029735
v 0.137828 0.624595 -0.029735
v 0.135688 0.623744 -0.029735
v 0.135974 0.625889 -0.022135
v 0.136543 0.624132 -0.021887
v 0.132787 0.625000 -0.029735
v 0.133071 0.606584 -0.029735
v 0.131381 0.608050 -0.029735
v 0.129922 0.642790 -0.029735
v 0.132324 0.642606 -0.029735
v 0.135563 0.602909 -0.029735
v 0.129158 0.619615 -0.029735
v 0.127548 0.633247 -0.029735
v 0.120916 0.644733 -0.029735
v 0.126404 0.636389 -0.030835
v 0.128707 0.623328 -0.030835
v 0.126404 0.613611 -0.029735
v 0.124903 0.610622 -0.030835
v 0.120222 0.619334 -0.030835
v 0.120513 0.629263 -0.030835
v 0.120903 0.623570 -0.030835
v 0.120903 0.626430 -0.042835
v 0.120273 0.620062 -0.042835
v 0.118602 0.615361 -0.030835
v 0.117943 0.614089 -0.042835
v 0.114114 0.613251 -0.042835
v 0.118011 0.622676 -0.042835
v 0.119742 0.632016 -0.042835
v 0.116706 0.632832 -0.042835
v 0.117669 0.630316 -0.040335
v 0.118060 0.622342 -0.040335
v 0.114938 0.614317 -0.040335
v 0.107140 0.608200 -0.040335
v 0.111185 0.617440 -0.040335
v 0.112302 0.619439 -0.040335
v 0.109747 0.615659 -0.040335
v 0.108028 0.614146 -0.040335
v 0.106078 0.612945 -0.040335
v 0.108353 0.614402 0.044465
v 0.107154 0.613551 0.044465
v 0.106111 0.606201 0.050865
v 0.111669 0.608940 0.050865
v 0.105785 0.612806 0.044465
v 0.103953 0.612092 -0.040335
v 0.103837 0.612057 0.044465
v 0.101797 0.611620 0.044465
v 0.099714 0.611506 0.044465
v 0.097937 0.605341 0.050865
v 0.101715 0.611609 -0.040335
v 0.098494 0.606681 -0.040335
v 0.099714 0.611506 -0.040335
v 0.097156 0.611803 -0.040335
v 0.098122 0.611631 0.044465
v 0.096718 0.611913 0.044465
v 0.094738 0.612570 0.044465
v 0.090681 0.607472 0.050865
v 0.094967 0.612474 -0.040335
v 0.091564 0.608591 -0.040335
v 0.092922 0.613504 -0.040335
v 0.091081 0.614866 -0.040335
v 0.092884 0.613528 0.044465
v 0.091202 0.614762 0.044465
v 0.086210 0.610720 0.050865
v 0.089732 0.616243 0.044465
v 0.089497 0.616519 -0.040335
v 0.088808 0.617451 0.044465
v 0.082808 0.615074 0.050865
v 0.080739 0.620197 0.050865
v 0.075928 0.620408 0.050865
v 0.081118 0.609379 0.050865
v 0.088041 0.618749 0.044465
v 0.087216 0.620665 0.044465
v 0.088215 0.618416 -0.040335
v 0.087272 0.620503 -0.040335
v 0.086700 0.622687 0.044465
v 0.086695 0.622719 -0.040335
v 0.082620 0.619068 -0.040335
v 0.084082 0.616066 -0.042835
v 0.086782 0.612252 -0.040335
v 0.086500 0.625000 -0.040335
v 0.086505 0.624764 0.044465
v 0.086634 0.626846 0.044465
v 0.089265 0.609994 -0.042835
v 0.096600 0.607048 -0.042835
v 0.091653 0.605783 -0.042835
v 0.086778 0.608748 -0.042835
v 0.089115 0.607099 -0.030835
v 0.084689 0.610700 -0.030835
v 0.082884 0.612918 -0.042835
v 0.081398 0.615361 -0.030835
v 0.080259 0.617984 -0.042835
v 0.079488 0.620737 -0.030835
v 0.079098 0.623570 -0.042835
v 0.079728 0.629938 -0.042835
v 0.079098 0.626430 -0.030835
v 0.072119 0.632473 -0.030835
v 0.071682 0.620007 -0.030835
v 0.073042 0.615636 -0.029735
v 0.070715 0.623149 -0.029735
v 0.076935 0.607829 -0.030835
v 0.080813 0.603436 -0.029735
v 0.084845 0.600433 -0.030835
v 0.090166 0.597979 -0.029735
v 0.096451 0.596433 -0.030835
v 0.094348 0.604826 -0.030835
v 0.100359 0.604037 -0.030835
v 0.097685 0.604238 -0.042835
v 0.104273 0.604439 -0.042835
v 0.107140 0.608200 -0.042835
v 0.106310 0.605111 -0.030835
v 0.110229 0.606814 -0.042835
v 0.112111 0.607844 -0.030835
v 0.115312 0.610700 -0.042835
v 0.115312 0.610700 -0.030835
v 0.115802 0.600975 -0.030835
v 0.106677 0.596829 -0.030835
v 0.112906 0.599303 -0.029735
v 0.121059 0.605133 -0.029735
v 0.126913 0.595587 -0.029735
v 0.123559 0.590340 -0.029735
v 0.129648 0.595298 -0.029735
v 0.131477 0.605408 -0.029735
v 0.129887 0.606634 -0.029735
v 0.100630 0.595861 -0.029735
v 0.119598 0.593474 -0.029735
v 0.118367 0.595114 -0.029735
v 0.117540 0.594019 -0.022135
v 0.116951 0.593619 -0.029735
v 0.118367 0.591933 -0.029735
v 0.109087 0.591088 -0.029735
v 0.109070 0.584520 -0.029735
v 0.116754 0.586540 -0.029735
v 0.090914 0.591088 -0.029735
v 0.100672 0.587483 -0.029735
v 0.100532 0.590078 -0.029735
v 0.098798 0.588896 -0.029735
v 0.099974 0.589884 -0.022135
v 0.099589 0.588035 -0.021887
v 0.090953 0.584338 -0.029735
v 0.077969 0.589530 -0.029735
v 0.101268 0.583058 -0.029735
v 0.097103 0.583353 -0.027735
v 0.109053 0.584037 -0.027735
v 0.122280 0.580295 -0.027735
v 0.125231 0.577579 -0.027735
v 0.123176 0.578669 -0.031885
v 0.122757 0.582784 -0.031885
v 0.127265 0.580978 -0.032035
v 0.126431 0.583960 -0.031885
v 0.127170 0.578030 -0.031885
v 0.070431 0.595459 -0.029735
v 0.081827 0.591921 -0.029735
v 0.080419 0.593352 -0.029735
v 0.074529 0.591667 -0.027735
v 0.066734 0.599582 -0.027735
v 0.060612 0.611141 -0.027735
v 0.065547 0.601216 -0.029735
v 0.059459 0.615007 -0.029735
v 0.068467 0.605489 -0.029735
v 0.066089 0.615913 -0.029735
v 0.068284 0.607800 -0.029735
v 0.069128 0.606263 -0.021887
v 0.067409 0.607018 -0.022135
v 0.070117 0.606584 -0.029735
v 0.065135 0.624595 -0.029735
v 0.062950 0.624114 -0.029735
v 0.066089 0.634087 -0.029735
v 0.060002 0.625000 -0.029735
v 0.063994 0.626377 -0.029735
v 0.058683 0.631033 -0.029735
v 0.061956 0.642678 -0.027735
v 0.058732 0.632047 -0.027735
v 0.058098 0.622973 -0.027735
v 0.064161 0.646343 -0.029735
v 0.067831 0.642277 -0.029735
v 0.068327 0.644288 -0.029735
v 0.068746 0.652689 -0.027735
v 0.057666 0.653097 -0.027735
v 0.057807 0.648225 -0.027735
v 0.053622 0.648098 -0.027735
v 0.057555 0.647831 -0.031885
v 0.058489 0.652378 -0.031885
v 0.055250 0.637750 -0.027735
v 0.052272 0.625905 -0.027735
v 0.048917 0.637750 -0.027735
v 0.049802 0.628165 -0.027735
v 0.045199 0.629664 -0.027735
v 0.046283 0.636577 -0.027735
v 0.046129 0.626554 -0.027735
v 0.050752 0.627649 -0.031885
v 0.046624 0.627385 -0.031885
v 0.047355 0.624262 -0.032035
v 0.048855 0.621636 -0.031885
v 0.052040 0.623796 -0.031885
v 0.050786 0.622266 -0.027735
v 0.049013 0.645489 -0.027735
v 0.051985 0.651823 -0.027735
v 0.053545 0.652339 -0.030848
v 0.050934 0.649739 -0.007735
v 0.049997 0.653870 -0.007735
v 0.049437 0.653248 0.004265
v 0.050349 0.655555 0.004265
v 0.051837 0.652809 0.004265
v 0.057835 0.661396 0.004265
v 0.057835 0.661396 0.010265
v 0.064332 0.667769 0.004265
v 0.064495 0.667918 0.010265
v 0.060293 0.663057 0.010265
v 0.063663 0.666287 0.010265
v 0.067296 0.669220 0.010265
v 0.067296 0.669220 0.040665
v 0.064980 0.658483 0.040665
v 0.063663 0.666287 0.040665
v 0.060293 0.663057 0.040665
v 0.057208 0.659552 0.040665
v 0.057208 0.659552 0.010265
v 0.054432 0.655799 0.010265
v 0.054432 0.655799 0.040665
v 0.051985 0.651823 0.010265
v 0.052356 0.653855 0.010265
v 0.049070 0.647676 0.010265
v 0.049883 0.647655 0.010265
v 0.048142 0.643323 0.010265
v 0.051985 0.651823 0.040665
v 0.049883 0.647655 0.040665
v 0.055448 0.644042 0.040665
v 0.048142 0.643323 0.040665
v 0.052764 0.635781 0.040665
v 0.046775 0.638859 0.010265
v 0.046775 0.638859 0.040665
v 0.045792 0.634295 0.010265
v 0.045792 0.634295 0.040665
v 0.045199 0.629664 0.040665
v 0.045199 0.629664 0.010265
v 0.051598 0.627174 0.040665
v 0.051988 0.631504 0.049365
v 0.051988 0.618496 0.040665
v 0.045000 0.625000 0.040665
v 0.051598 0.622826 0.049365
v 0.075397 0.624224 0.049365
v 0.052280 0.616340 0.049365
v 0.077826 0.614566 0.049365
v 0.053921 0.610028 0.049365
v 0.053921 0.610028 0.040665
v 0.057335 0.602041 0.040665
v 0.048142 0.606677 0.040665
v 0.045792 0.615705 0.040665
v 0.046775 0.611141 0.040665
v 0.048142 0.606677 0.010265
v 0.046775 0.611141 0.010265
v 0.045792 0.615705 0.010265
v 0.044739 0.618019 0.010265
v 0.046677 0.608901 0.010265
v 0.045517 0.613419 0.004265
v 0.049883 0.602345 0.010265
v 0.049883 0.602345 0.040665
v 0.051985 0.598177 0.010265
v 0.054432 0.594201 0.010265
v 0.051985 0.598177 0.040665
v 0.062120 0.594791 0.040665
v 0.054432 0.594201 0.040665
v 0.057208 0.590448 0.040665
v 0.057208 0.590448 0.010265
v 0.060293 0.586943 0.010265
v 0.063663 0.583713 0.010265
v 0.060293 0.586943 0.040665
v 0.068123 0.588513 0.040665
v 0.063663 0.583713 0.040665
v 0.067296 0.580780 0.010265
v 0.067296 0.580780 0.040665
v 0.071164 0.578166 0.040665
v 0.071164 0.578166 0.010265
v 0.073282 0.584523 0.040665
v 0.078978 0.581347 0.040665
v 0.071522 0.585802 0.049365
v 0.078978 0.581347 0.049365
v 0.083720 0.606537 0.049365
v 0.066484 0.589944 0.049365
v 0.062120 0.594791 0.049365
v 0.057335 0.602041 0.049365
v 0.090979 0.602215 0.050865
v 0.087111 0.578295 0.049365
v 0.087111 0.578295 0.040665
v 0.088413 0.571234 0.040665
v 0.095657 0.576744 0.040665
v 0.079493 0.573966 0.040665
v 0.083895 0.572411 0.040665
v 0.088413 0.571234 0.010265
v 0.083895 0.572411 0.010265
v 0.079493 0.573966 0.010265
v 0.076284 0.574600 0.010265
v 0.085021 0.571351 0.010265
v 0.094178 0.569604 0.010265
v 0.089563 0.570286 0.004265
v 0.093014 0.570446 0.010265
v 0.097666 0.570050 0.010265
v 0.093014 0.570446 0.040665
v 0.098833 0.570025 0.040665
v 0.101168 0.570025 0.010265
v 0.102335 0.570050 0.040665
v 0.106986 0.570446 0.010265
v 0.100584 0.569256 0.010265
v 0.096500 0.569360 0.004265
v 0.075239 0.575889 0.010265
v 0.068211 0.579261 0.010265
v 0.062696 0.583570 0.010265
v 0.075239 0.575889 0.040665
v 0.095657 0.576744 0.049365
v 0.044446 0.620335 0.004265
v 0.044348 0.627333 0.010265
v 0.044250 0.625000 0.004265
v 0.044446 0.629665 0.004265
v 0.046434 0.639958 0.004265
v 0.045031 0.634297 0.010265
v 0.046677 0.641099 0.010265
v 0.046845 0.653297 0.004265
v 0.043422 0.653828 0.004265
v 0.046159 0.655496 0.004265
v 0.040471 0.646962 0.004265
v 0.045199 0.620336 0.010265
v 0.045000 0.625000 0.010265
v 0.045199 0.620336 0.040665
v 0.053921 0.639972 0.049365
v 0.057934 0.648867 0.049365
v 0.059564 0.651692 0.040665
v 0.068123 0.661487 0.049365
v 0.054680 0.649048 -0.032035
v 0.053759 0.653156 -0.027735
v 0.054432 0.655799 -0.027735
v 0.057208 0.659552 -0.027735
v 0.067890 0.643669 -0.022135
v 0.069356 0.642714 -0.021887
v 0.070150 0.642976 -0.029735
v 0.064449 0.625994 -0.022135
v 0.062873 0.624773 -0.022011
v 0.080907 0.594393 -0.022135
v 0.082000 0.592853 -0.021887
v 0.081444 0.595079 -0.029735
v 0.083030 0.593753 -0.029735
v 0.118698 0.592704 -0.021887
v 0.131152 0.605702 -0.022135
v 0.131292 0.607580 -0.021887
v 0.073849 0.636727 -0.029735
v 0.109890 0.615813 0.044465
v 0.115644 0.612778 0.050865
v 0.112218 0.619261 0.044465
v 0.111192 0.617451 0.044465
v 0.118574 0.618237 0.050865
v 0.113295 0.622656 0.044465
v 0.112952 0.621213 0.044465
v 0.119840 0.625693 0.050865
v 0.123162 0.616664 0.050865
v 0.124458 0.626539 0.050865
v 0.113472 0.624192 0.044465
v 0.113452 0.626145 -0.040335
v 0.113452 0.623855 -0.040335
v 0.113439 0.626278 0.044465
v 0.113065 0.628402 -0.040335
v 0.113082 0.628334 0.044465
v 0.112410 0.630309 0.044465
v 0.118880 0.631134 0.050865
v 0.116458 0.636101 0.050865
v 0.111692 0.631750 0.044465
v 0.122351 0.635517 0.050865
v 0.120856 0.638236 0.049365
v 0.114653 0.644527 0.050865
v 0.106807 0.643700 0.050865
v 0.112172 0.640575 0.050865
v 0.106143 0.648925 0.050865
v 0.100688 0.644755 0.050865
v 0.097175 0.638201 0.044465
v 0.101329 0.638429 0.044465
v 0.099243 0.638477 0.044465
v 0.102807 0.638205 0.044465
v 0.094529 0.644082 0.050865
v 0.093292 0.636708 0.044465
v 0.095175 0.637606 0.044465
v 0.092065 0.635922 0.044465
v 0.101715 0.638391 -0.040335
v 0.104286 0.637797 0.044465
v 0.103953 0.637908 -0.040335
v 0.107140 0.641800 -0.040335
v 0.106078 0.637055 -0.040335
v 0.108028 0.635854 -0.040335
v 0.106208 0.636987 0.044465
v 0.107982 0.635888 0.044465
v 0.109563 0.634526 0.044465
v 0.109747 0.634341 -0.040335
v 0.110912 0.632936 0.044465
v 0.111185 0.632560 -0.040335
v 0.112302 0.630561 -0.040335
v 0.114114 0.636749 -0.040335
v 0.111677 0.639031 -0.042835
v 0.113222 0.641252 -0.042835
v 0.117117 0.637082 -0.042835
v 0.103996 0.642925 -0.042835
v 0.108347 0.644217 -0.042835
v 0.113222 0.641252 -0.030835
v 0.108347 0.644217 -0.030835
v 0.104273 0.645561 -0.042835
v 0.104273 0.645561 -0.030835
v 0.097864 0.645756 -0.042835
v 0.100000 0.645951 -0.030835
v 0.094348 0.645174 -0.030835
v 0.118484 0.647028 -0.030835
v 0.117117 0.637082 -0.030835
v 0.119262 0.633366 -0.030835
v 0.099427 0.638488 -0.040335
v 0.113065 0.621598 -0.040335
v 0.130974 0.644500 -0.029735
v 0.130125 0.642752 -0.022135
v 0.131936 0.643650 -0.022011
v 0.141343 0.601338 -0.027735
v 0.141237 0.598067 -0.031885
v 0.143445 0.602256 -0.031885
v 0.143915 0.597797 -0.032035
v 0.147439 0.600405 -0.027735
v 0.147189 0.598470 -0.030848
v 0.148016 0.598177 -0.027735
v 0.150988 0.604511 -0.027735
v 0.099452 0.577325 -0.027735
v 0.097198 0.575670 -0.031885
v 0.098724 0.572844 -0.032035
v 0.058489 0.601378 -0.031885
v 0.036598 0.627491 -0.007735
v 0.055099 0.580099 -0.007735
v 0.060718 0.575171 -0.007735
v 0.064749 0.572242 0.004265
v 0.068653 0.571620 -0.007735
v 0.129846 0.577970 0.010265
v 0.128837 0.578166 0.010265
v 0.136337 0.583713 0.010265
v 0.132705 0.580780 0.010265
v 0.128837 0.578166 0.040665
v 0.132705 0.580780 0.040665
v 0.135021 0.591517 0.040665
v 0.128479 0.585802 0.040665
v 0.136337 0.583713 0.040665
v 0.139708 0.586943 0.010265
v 0.139708 0.586943 0.040665
v 0.142792 0.590448 0.010265
v 0.142792 0.590448 0.040665
v 0.145568 0.594201 0.040665
v 0.124762 0.575889 0.040665
v 0.124762 0.575889 0.010265
v 0.136337 0.666287 0.010265
v 0.136337 0.666287 0.040665
v 0.132705 0.669220 0.040665
v 0.132705 0.669220 0.010265
v 0.128837 0.671834 0.010265
v 0.128837 0.671834 0.040665
v 0.124851 0.666593 0.040665
v 0.080047 0.663329 0.057965
v 0.099341 0.660090 -0.029735
v 0.101203 0.661576 -0.029735
v 0.099369 0.662399 -0.022135
v 0.101174 0.660905 -0.022135
v 0.099621 0.660677 -0.021639
v 0.122663 0.667833 -0.031960
v 0.126796 0.666505 -0.031885
v 0.127474 0.666892 -0.027735
v 0.127202 0.670499 -0.032035
v 0.128077 0.671173 -0.027735
v 0.124241 0.672083 -0.031885
v 0.117647 0.655246 -0.029735
v 0.118237 0.657450 -0.022135
v 0.118457 0.655687 -0.021887
v 0.097101 0.676979 -0.031885
v 0.101419 0.677040 -0.032035
v 0.097926 0.678656 -0.027735
v 0.098568 0.673069 -0.031885
v 0.102490 0.673891 -0.031885
v 0.099731 0.672746 -0.027735
v 0.049295 0.663835 0.004265
v 0.058571 0.673718 0.004265
v 0.048064 0.656383 0.004265
v 0.049756 0.655393 0.004265
v 0.068807 0.675835 0.004265
v 0.060177 0.663998 0.004765
v 0.070125 0.675143 0.004265
v 0.068627 0.677313 0.004265
v 0.069561 0.675258 0.022265
v 0.068593 0.676413 0.022265
v 0.069222 0.678054 0.022265
v 0.070125 0.676745 0.023256
v 0.070416 0.678336 0.022265
v 0.071535 0.677459 0.022265
v 0.071120 0.675610 0.022265
v 0.071607 0.676340 0.004265
v 0.071188 0.677944 0.004265
v 0.082064 0.678268 0.004265
v 0.081686 0.677591 0.004765
v 0.101173 0.680991 0.004265
v 0.090713 0.679909 0.004765
v 0.098682 0.683840 0.004265
v 0.072009 0.682408 0.004265
v 0.063943 0.680275 0.009265
v 0.068316 0.682893 0.009265
v 0.064455 0.678221 0.004265
v 0.069742 0.678300 0.004265
v 0.072877 0.685165 0.009265
v 0.077600 0.687078 0.009265
v 0.068682 0.683095 0.053265
v 0.059786 0.677328 0.009265
v 0.055868 0.674069 0.009265
v 0.052547 0.670870 0.053265
v 0.052214 0.670518 0.009265
v 0.049159 0.667085 0.053265
v 0.048844 0.666695 0.009265
v 0.046073 0.663050 0.053265
v 0.045779 0.662624 0.009265
v 0.043038 0.658328 0.009265
v 0.043307 0.658790 0.053265
v 0.040876 0.654330 0.053265
v 0.038795 0.649696 0.053265
v 0.040636 0.653834 0.009265
v 0.038589 0.649167 0.009265
v 0.041160 0.650054 0.004265
v 0.044410 0.656713 0.004265
v 0.046735 0.654866 0.004265
v 0.048081 0.653365 0.004265
v 0.047029 0.653789 0.022265
v 0.046847 0.655418 0.022265
v 0.048562 0.656325 0.022265
v 0.048255 0.654875 0.023256
v 0.049756 0.654677 0.022265
v 0.048401 0.653314 0.022265
v 0.049574 0.653965 0.004265
v 0.036907 0.644357 0.009265
v 0.038005 0.640700 0.004265
v 0.039380 0.626246 0.004265
v 0.034784 0.635142 0.009265
v 0.035602 0.639431 0.009265
v 0.035732 0.640018 0.053265
v 0.037077 0.644916 0.053265
v 0.034765 0.635016 0.030327
v 0.033822 0.633282 0.030326
v 0.034529 0.634312 0.045932
v 0.033000 0.632173 0.029354
v 0.033000 0.622316 0.026315
v 0.033000 0.625450 0.031654
v 0.033000 0.627500 0.033265
v 0.037000 0.624880 0.031405
v 0.037000 0.627500 0.033265
v 0.037000 0.627500 0.048265
v 0.037000 0.622500 0.048265
v 0.037000 0.622500 0.033265
v 0.037000 0.625120 0.050125
v 0.033000 0.622500 0.048265
v 0.033000 0.617251 0.030765
v 0.033000 0.622500 0.033265
v 0.041032 0.626294 0.022265
v 0.038718 0.624864 0.022265
v 0.039347 0.626309 0.022265
v 0.040250 0.625000 0.023256
v 0.100000 0.683148 0.004265
v 0.100307 0.683300 0.022265
v 0.098592 0.684207 0.022265
v 0.098774 0.685836 0.022265
v 0.100000 0.684750 0.023256
v 0.100709 0.686030 0.022265
v 0.101618 0.684604 0.022265
v 0.101319 0.683840 0.004265
v 0.096500 0.680640 0.017265
v 0.091856 0.680152 0.017265
v 0.087270 0.679277 0.017265
v 0.097666 0.680689 0.004765
v 0.104660 0.680493 0.004765
v 0.101168 0.680738 0.017265
v 0.101163 0.680488 0.017265
v 0.105828 0.680445 0.017265
v 0.105802 0.680196 0.017265
v 0.105802 0.680196 0.055765
v 0.110400 0.679517 0.055765
v 0.110400 0.679517 0.017265
v 0.114925 0.678455 0.017265
v 0.110447 0.679762 0.017265
v 0.114925 0.678455 0.055765
v 0.131384 0.680054 0.055765
v 0.132642 0.674392 0.055765
v 0.119346 0.677019 0.055765
v 0.119177 0.685486 0.055765
v 0.113010 0.689704 0.053265
v 0.117948 0.688511 0.053265
v 0.109703 0.687707 0.055765
v 0.102934 0.690933 0.053265
v 0.107996 0.690513 0.053265
v 0.097854 0.690964 0.053265
v 0.092787 0.690604 0.053265
v 0.123631 0.675218 0.055765
v 0.119346 0.677019 0.017265
v 0.123631 0.675218 0.017265
v 0.119433 0.677253 0.017265
v 0.114993 0.678696 0.017265
v 0.113850 0.678939 0.004765
v 0.121052 0.676586 0.004765
v 0.123738 0.675444 0.017265
v 0.127875 0.673281 0.017265
v 0.127750 0.673064 0.017265
v 0.131675 0.670574 0.055765
v 0.131675 0.670574 0.017265
v 0.127750 0.673064 0.055765
v 0.132417 0.672799 0.055765
v 0.134034 0.671740 0.055765
v 0.132406 0.673467 0.039765
v 0.133461 0.671786 0.039765
v 0.135176 0.672784 0.039765
v 0.133841 0.673330 0.038773
v 0.134178 0.674697 0.039765
v 0.134647 0.674497 0.055765
v 0.140429 0.673907 0.055765
v 0.135272 0.672684 0.055765
v 0.135377 0.667763 0.055765
v 0.136353 0.680084 0.053265
v 0.140482 0.677125 0.053265
v 0.144371 0.673857 0.053265
v 0.147997 0.670300 0.053265
v 0.144256 0.673959 0.009265
v 0.147901 0.670398 0.009265
v 0.151261 0.666567 0.009265
v 0.150789 0.663864 0.004265
v 0.156671 0.654457 0.004265
v 0.152808 0.656074 0.004265
v 0.151362 0.656430 0.004265
v 0.150247 0.655443 0.004265
v 0.154316 0.662488 0.009265
v 0.157046 0.658185 0.009265
v 0.159437 0.653685 0.009265
v 0.159468 0.653621 0.053265
v 0.161473 0.649013 0.009265
v 0.163143 0.644199 0.009265
v 0.150889 0.653619 0.004265
v 0.150290 0.655374 0.022265
v 0.151427 0.653447 0.022265
v 0.151745 0.654875 0.023256
v 0.151600 0.656436 0.022265
v 0.153018 0.655873 0.022265
v 0.153167 0.654259 0.022265
v 0.153339 0.654632 0.004265
v 0.152490 0.653456 0.004265
v 0.101163 0.680488 0.055765
v 0.096516 0.680390 0.055765
v 0.096516 0.680390 0.017265
v 0.091893 0.679905 0.017265
v 0.072797 0.481000 -0.041670
v 0.082622 0.488500 -0.030724
v 0.086330 0.488500 -0.032522
v 0.157024 0.589921 0.008683
v 0.158042 0.592648 0.053307
v 0.159573 0.603580 0.055765
v 0.158628 0.623526 0.055765
v 0.162619 0.604161 0.053265
v 0.163064 0.618761 0.055765
v 0.160523 0.624726 0.055765
v 0.160538 0.625049 0.039765
v 0.158710 0.623608 0.039765
v 0.159000 0.625000 0.038773
v 0.157439 0.625145 0.039765
v 0.158791 0.626448 0.039765
v 0.143669 0.565073 0.039765
v 0.144501 0.566955 0.039765
v 0.145000 0.565500 0.038773
v 0.158880 0.626246 0.004265
v 0.158992 0.623662 0.022265
v 0.158342 0.625543 0.022265
v 0.159750 0.625000 0.023256
v 0.159896 0.626561 0.022265
v 0.161195 0.625426 0.022265
v 0.160654 0.623691 0.022265
v 0.067715 0.672947 0.055765
v 0.067221 0.674271 0.039765
v 0.066662 0.672004 0.039765
v 0.064729 0.672684 0.039765
v 0.066159 0.673330 0.038773
v 0.065158 0.674474 0.039765
v 0.056505 0.659474 0.055765
v 0.053773 0.655713 0.055765
vt 0.733929 0.414332
vt 0.732906 0.414824
vt 0.732716 0.411388
vt 0.819495 0.066652
vt 0.818922 0.066676
vt 0.819408 0.065102
vt 0.820387 0.066608
vt 0.732719 0.415997
vt 0.733287 0.415751
vt 0.734324 0.411473
vt 0.730970 0.411389
vt 0.729833 0.413112
vt 0.731467 0.416326
vt 0.212610 0.989655
vt 0.212825 0.988060
vt 0.214140 0.987345
vt 0.213060 0.986335
vt 0.801069 0.965588
vt 0.800536 0.963714
vt 0.801746 0.963638
vt 0.780586 0.312279
vt 0.781687 0.310037
vt 0.781447 0.314234
vt 0.783981 0.311009
vt 0.783764 0.314300
vt 0.215375 0.989845
vt 0.785820 0.312413
vt 0.786359 0.305710
vt 0.784054 0.305882
vt 0.787603 0.309606
vt 0.789313 0.304269
vt 0.788896 0.299861
vt 0.785983 0.300780
vt 0.789245 0.306861
vt 0.789495 0.318904
vt 0.791817 0.318906
vt 0.791765 0.302664
vt 0.985757 0.589982
vt 0.985285 0.587670
vt 0.989546 0.580671
vt 0.984949 0.585352
vt 0.794143 0.318908
vt 0.984747 0.583018
vt 0.794373 0.299853
vt 0.796484 0.318908
vt 0.792513 0.298429
vt 0.795783 0.296901
vt 0.796556 0.298534
vt 0.798833 0.318908
vt 0.798206 0.298139
vt 0.800720 0.298432
vt 0.984679 0.580677
vt 0.984747 0.578336
vt 0.801182 0.318907
vt 0.802687 0.299407
vt 0.802852 0.297241
vt 0.799873 0.296219
vt 0.797806 0.295339
vt 0.799385 0.295288
vt 0.801266 0.295445
vt 0.800258 0.276027
vt 0.798358 0.275979
vt 0.796938 0.276063
vt 0.796807 0.274883
vt 0.800458 0.274883
vt 0.797600 0.271698
vt 0.802532 0.271696
vt 0.803690 0.274881
vt 0.802145 0.276261
vt 0.803548 0.276546
vt 0.804935 0.276927
vt 0.807339 0.273290
vt 0.806796 0.276450
vt 0.810052 0.276638
vt 0.807636 0.277891
vt 0.806298 0.277373
vt 0.806799 0.297160
vt 0.805026 0.296401
vt 0.808305 0.297984
vt 0.805828 0.299949
vt 0.807915 0.301206
vt 0.807368 0.304889
vt 0.810080 0.301217
vt 0.809329 0.307908
vt 0.811204 0.307214
vt 0.813547 0.312268
vt 0.811513 0.312194
vt 0.812907 0.306516
vt 0.816458 0.314231
vt 0.815068 0.309699
vt 0.813251 0.314491
vt 0.817064 0.310624
vt 0.813389 0.302556
vt 0.816220 0.307017
vt 0.133415 0.975585
vt 0.134386 0.979169
vt 0.133528 0.978911
vt 0.132557 0.981864
vt 0.132647 0.971975
vt 0.133611 0.971959
vt 0.768609 0.401473
vt 0.768608 0.412967
vt 0.767450 0.411370
vt 0.767445 0.401473
vt 0.719585 0.985914
vt 0.719596 0.988452
vt 0.718603 0.986526
vt 0.764900 0.411414
vt 0.768074 0.415150
vt 0.812299 0.851212
vt 0.812889 0.847216
vt 0.812891 0.849436
vt 0.812145 0.857118
vt 0.812912 0.860892
vt 0.811411 0.858257
vt 0.811701 0.870977
vt 0.812144 0.870642
vt 0.812089 0.874146
vt 0.811249 0.871429
vt 0.811384 0.872499
vt 0.811389 0.875378
vt 0.961956 0.339290
vt 0.960880 0.336469
vt 0.961956 0.334881
vt 0.811767 0.879598
vt 0.810826 0.876240
vt 0.960536 0.338714
vt 0.959102 0.339774
vt 0.961493 0.340182
vt 0.808832 0.484620
vt 0.808832 0.486421
vt 0.805521 0.485659
vt 0.958291 0.338019
vt 0.959382 0.338740
vt 0.808261 0.486969
vt 0.806354 0.486680
vt 0.807374 0.725783
vt 0.808318 0.726812
vt 0.806690 0.726797
vt 0.805444 0.484209
vt 0.807412 0.724333
vt 0.809440 0.729420
vt 0.807750 0.712752
vt 0.806407 0.714764
vt 0.804666 0.729342
vt 0.806673 0.731672
vt 0.809850 0.878551
vt 0.810525 0.883771
vt 0.810365 0.727116
vt 0.811083 0.734654
vt 0.808668 0.733110
vt 0.807503 0.736552
vt 0.811064 0.740179
vt 0.803740 0.732755
vt 0.808863 0.740608
vt 0.805475 0.739374
vt 0.802847 0.735628
vt 0.809879 0.743949
vt 0.805966 0.742778
vt 0.801684 0.744022
vt 0.802165 0.740637
vt 0.805808 0.746038
vt 0.802622 0.747393
vt 0.808727 0.746303
vt 0.805469 0.749707
vt 0.811233 0.746386
vt 0.810107 0.747555
vt 0.808488 0.749159
vt 0.944787 0.933828
vt 0.944811 0.935411
vt 0.941977 0.934864
vt 0.943408 0.933054
vt 0.813032 0.746175
vt 0.397128 0.987593
vt 0.397889 0.986412
vt 0.400716 0.986879
vt 0.601941 0.177439
vt 0.602652 0.175838
vt 0.603842 0.176923
vt 0.400727 0.988429
vt 0.604184 0.174989
vt 0.604285 0.178082
vt 0.605033 0.177113
vt 0.858251 0.241616
vt 0.859421 0.241815
vt 0.858415 0.243220
vt 0.859421 0.243387
vt 0.877761 0.340067
vt 0.876647 0.339687
vt 0.877761 0.338433
vt 0.874871 0.691383
vt 0.875797 0.691157
vt 0.875797 0.692737
vt 0.606097 0.178838
vt 0.874802 0.693033
vt 0.606097 0.174961
vt 0.811456 0.899197
vt 0.811440 0.895329
vt 0.812957 0.896564
vt 0.812964 0.900439
vt 0.604103 0.179961
vt 0.605402 0.180019
vt 0.811315 0.902544
vt 0.810532 0.900328
vt 0.602599 0.179062
vt 0.400734 0.990093
vt 0.400734 0.991089
vt 0.397758 0.990434
vt 0.399848 0.991235
vt 0.811629 0.754870
vt 0.808473 0.752029
vt 0.810658 0.750403
vt 0.813078 0.751231
vt 0.809835 0.748862
vt 0.397023 0.988903
vt 0.803730 0.754044
vt 0.806731 0.755931
vt 0.809120 0.754532
vt 0.808961 0.758154
vt 0.805308 0.758980
vt 0.803235 0.756815
vt 0.801287 0.760553
vt 0.798618 0.756792
vt 0.796598 0.760512
vt 0.795035 0.756856
vt 0.798706 0.753586
vt 0.791994 0.760089
vt 0.791088 0.756101
vt 0.793798 0.753944
vt 0.788970 0.752692
vt 0.787862 0.755803
vt 0.788384 0.758990
vt 0.789237 0.762107
vt 0.785516 0.757553
vt 0.784705 0.761688
vt 0.789586 0.765400
vt 0.786858 0.765677
vt 0.793667 0.763989
vt 0.792383 0.767732
vt 0.789587 0.769196
vt 0.788120 0.770884
vt 0.785563 0.769482
vt 0.793414 0.770505
vt 0.511093 0.828418
vt 0.509584 0.828787
vt 0.510594 0.826208
vt 0.511037 0.832445
vt 0.510177 0.832240
vt 0.783491 0.767258
vt 0.782108 0.769377
vt 0.783510 0.764492
vt 0.779753 0.766228
vt 0.780280 0.763472
vt 0.776719 0.762547
vt 0.777327 0.761002
vt 0.780964 0.761341
vt 0.777116 0.764602
vt 0.987786 0.241958
vt 0.989683 0.239935
vt 0.990446 0.241670
vt 0.775896 0.766503
vt 0.990495 0.243419
vt 0.986859 0.244018
vt 0.941735 0.985908
vt 0.941723 0.987162
vt 0.938065 0.986256
vt 0.073953 0.884569
vt 0.075322 0.883477
vt 0.075388 0.885666
vt 0.073787 0.886312
vt 0.075263 0.888023
vt 0.076409 0.886464
vt 0.639201 0.178344
vt 0.640409 0.178478
vt 0.639320 0.179917
vt 0.076616 0.885283
vt 0.862531 0.339992
vt 0.861270 0.340050
vt 0.861272 0.338493
vt 0.640409 0.180036
vt 0.862531 0.338433
vt 0.735279 0.345897
vt 0.736507 0.346363
vt 0.733983 0.349059
vt 0.736216 0.345256
vt 0.738884 0.343709
vt 0.736147 0.349658
vt 0.739567 0.345324
vt 0.739454 0.347409
vt 0.738273 0.348935
vt 0.311013 0.973972
vt 0.311007 0.974867
vt 0.306432 0.974257
vt 0.997030 0.140485
vt 0.996430 0.139053
vt 0.997030 0.136377
vt 0.996516 0.136295
vt 0.306898 0.973898
vt 0.306421 0.975291
vt 0.785615 0.252586
vt 0.787009 0.252344
vt 0.786640 0.255590
vt 0.788351 0.251417
vt 0.788466 0.252783
vt 0.789573 0.255781
vt 0.791609 0.250621
vt 0.792914 0.254272
vt 0.794950 0.251694
vt 0.797868 0.255030
vt 0.794870 0.257321
vt 0.792073 0.258489
vt 0.799639 0.258878
vt 0.796402 0.260456
vt 0.801977 0.256553
vt 0.804069 0.260055
vt 0.800469 0.262042
vt 0.806942 0.262037
vt 0.804575 0.264043
vt 0.808724 0.258870
vt 0.805525 0.257318
vt 0.813340 0.260041
vt 0.810087 0.262032
vt 0.812031 0.256446
vt 0.808083 0.255779
vt 0.808627 0.265243
vt 0.811730 0.264434
vt 0.814695 0.263627
vt 0.813302 0.268663
vt 0.810221 0.268871
vt 0.807039 0.268875
vt 0.812003 0.273283
vt 0.814883 0.274465
vt 0.816269 0.268656
vt 0.817553 0.272069
vt 0.813244 0.279139
vt 0.816253 0.279128
vt 0.818178 0.276035
vt 0.818259 0.268881
vt 0.818811 0.269916
vt 0.820341 0.271019
vt 0.820163 0.273261
vt 0.821213 0.274501
vt 0.956554 0.333391
vt 0.956574 0.327363
vt 0.958051 0.327401
vt 0.818468 0.280426
vt 0.822012 0.271337
vt 0.956607 0.324170
vt 0.958084 0.324196
vt 0.772377 0.368471
vt 0.772724 0.364637
vt 0.773263 0.369969
vt 0.771592 0.371648
vt 0.771971 0.365647
vt 0.771313 0.368384
vt 0.958120 0.324150
vt 0.958173 0.323643
vt 0.955287 0.323889
vt 0.770012 0.367826
vt 0.768482 0.364090
vt 0.769513 0.362274
vt 0.771496 0.364584
vt 0.768482 0.365506
vt 0.769019 0.366816
vt 0.954137 0.322820
vt 0.958224 0.322673
vt 0.953749 0.321799
vt 0.958265 0.321385
vt 0.958291 0.319970
vt 0.953662 0.320202
vt 0.818741 0.265555
vt 0.818099 0.267278
vt 0.817644 0.264821
vt 0.954167 0.318465
vt 0.817344 0.260825
vt 0.820119 0.261812
vt 0.820465 0.264297
vt 0.895710 0.994156
vt 0.894224 0.992619
vt 0.895710 0.989999
vt 0.893488 0.989777
vt 0.892829 0.991199
vt 0.820905 0.259884
vt 0.822011 0.263986
vt 0.995460 0.239168
vt 0.995504 0.242411
vt 0.994008 0.242372
vt 0.993979 0.238316
vt 0.771408 0.354280
vt 0.772955 0.358378
vt 0.771573 0.357910
vt 0.771841 0.361165
vt 0.769535 0.353134
vt 0.995452 0.234474
vt 0.768305 0.349344
vt 0.993974 0.234500
vt 0.995474 0.231439
vt 0.767394 0.350016
vt 0.811274 0.911751
vt 0.812987 0.908155
vt 0.813007 0.912820
vt 0.811449 0.914393
vt 0.764532 0.345550
vt 0.765488 0.347911
vt 0.512536 0.807265
vt 0.512601 0.811328
vt 0.510999 0.808891
vt 0.510806 0.810610
vt 0.760859 0.343165
vt 0.762831 0.345465
vt 0.762465 0.346587
vt 0.763644 0.349353
vt 0.511102 0.812627
vt 0.512644 0.815179
vt 0.510907 0.814817
vt 0.511095 0.817887
vt 0.512685 0.820271
vt 0.756576 0.342571
vt 0.755913 0.341121
vt 0.759196 0.344159
vt 0.761677 0.345586
vt 0.904228 0.478636
vt 0.904104 0.479534
vt 0.902653 0.479324
vt 0.751829 0.341495
vt 0.752092 0.340356
vt 0.902571 0.480612
vt 0.904074 0.481024
vt 0.512704 0.824141
vt 0.511215 0.821678
vt 0.511173 0.824713
vt 0.748197 0.340203
vt 0.512715 0.828035
vt 0.746961 0.341480
vt 0.743859 0.340801
vt 0.512715 0.832313
vt 0.741772 0.342578
vt 0.737490 0.343177
vt 0.510914 0.836791
vt 0.512692 0.838474
vt 0.510202 0.835602
vt 0.511193 0.838939
vt 0.510384 0.838485
vt 0.778761 0.768022
vt 0.511151 0.841693
vt 0.077810 0.883461
vt 0.990495 0.239658
vt 0.077810 0.886997
vt 0.949792 0.065606
vt 0.950316 0.064721
vt 0.950316 0.066724
vt 0.709352 0.708881
vt 0.709472 0.706882
vt 0.710996 0.707065
vt 0.512664 0.841943
vt 0.077495 0.888300
vt 0.941197 0.991039
vt 0.939123 0.989263
vt 0.941735 0.989420
vt 0.771904 0.763410
vt 0.770716 0.760158
vt 0.773714 0.761808
vt 0.770744 0.762377
vt 0.773502 0.758938
vt 0.938048 0.987242
vt 0.775744 0.761702
vt 0.776095 0.757848
vt 0.773077 0.754427
vt 0.770269 0.754555
vt 0.776424 0.754740
vt 0.771978 0.751109
vt 0.776091 0.751495
vt 0.774332 0.748066
vt 0.767851 0.751566
vt 0.769926 0.747652
vt 0.767764 0.755576
vt 0.765833 0.752811
vt 0.766133 0.749016
vt 0.708300 0.715524
vt 0.709591 0.714062
vt 0.709503 0.718173
vt 0.711258 0.716059
vt 0.711324 0.720214
vt 0.708366 0.721988
vt 0.709729 0.721731
vt 0.725409 0.358403
vt 0.726952 0.354304
vt 0.726790 0.357933
vt 0.724696 0.362235
vt 0.711362 0.724070
vt 0.709856 0.725384
vt 0.711380 0.727968
vt 0.724597 0.366131
vt 0.725657 0.364362
vt 0.725994 0.361145
vt 0.828860 0.485738
vt 0.828860 0.487045
vt 0.828433 0.486332
vt 0.857095 0.241616
vt 0.858251 0.241842
vt 0.857205 0.243221
vt 0.858251 0.243422
vt 0.726958 0.364489
vt 0.726137 0.365470
vt 0.882110 0.338948
vt 0.883126 0.338433
vt 0.883126 0.340167
vt 0.876759 0.692754
vt 0.875797 0.693073
vt 0.875811 0.691420
vt 0.726530 0.368452
vt 0.728725 0.367533
vt 0.729085 0.362420
vt 0.729686 0.366208
vt 0.970015 0.984691
vt 0.970014 0.986091
vt 0.966073 0.984993
vt 0.967249 0.983932
vt 0.970022 0.983596
vt 0.776787 0.275629
vt 0.775632 0.271343
vt 0.777197 0.271056
vt 0.968546 0.983510
vt 0.780094 0.271873
vt 0.777534 0.273662
vt 0.778663 0.270119
vt 0.779648 0.277208
vt 0.783330 0.276441
vt 0.783747 0.279527
vt 0.781168 0.280648
vt 0.779178 0.280432
vt 0.781517 0.282568
vt 0.784331 0.280812
vt 0.782166 0.287220
vt 0.786310 0.276832
vt 0.786211 0.279712
vt 0.784068 0.288384
vt 0.736642 0.989080
vt 0.738458 0.987232
vt 0.738458 0.991502
vt 0.736862 0.991665
vt 0.967382 0.968231
vt 0.969037 0.968242
vt 0.968042 0.972810
vt 0.735312 0.991814
vt 0.735221 0.990874
vt 0.731652 0.387133
vt 0.730956 0.384222
vt 0.732508 0.384342
vt 0.732551 0.387825
vt 0.079097 0.506501
vt 0.079097 0.513634
vt 0.079056 0.509984
vt 0.232526 0.985663
vt 0.232526 0.992795
vt 0.230975 0.992065
vt 0.800835 0.983365
vt 0.801780 0.983364
vt 0.801774 0.983612
vt 0.732512 0.391475
vt 0.730960 0.391596
vt 0.731010 0.388094
vt 0.732043 0.388661
vt 0.801770 0.984467
vt 0.798097 0.984189
vt 0.799303 0.983590
vt 0.230975 0.986393
vt 0.896870 0.340056
vt 0.895842 0.339745
vt 0.896870 0.338433
vt 0.818802 0.243438
vt 0.817947 0.243462
vt 0.818060 0.241925
vt 0.819017 0.241888
vt 0.789921 0.484376
vt 0.789109 0.485354
vt 0.788062 0.484617
vt 0.858015 0.427244
vt 0.856761 0.427347
vt 0.857007 0.425767
vt 0.790408 0.485428
vt 0.790913 0.486948
vt 0.788048 0.486948
vt 0.791614 0.485619
vt 0.791319 0.484393
vt 0.709733 0.748546
vt 0.708374 0.747655
vt 0.710140 0.748130
vt 0.709563 0.751376
vt 0.710324 0.753161
vt 0.711298 0.751966
vt 0.711297 0.744991
vt 0.709977 0.740376
vt 0.709674 0.744184
vt 0.708124 0.745227
vt 0.771157 0.727045
vt 0.771947 0.723132
vt 0.773070 0.726116
vt 0.772408 0.730431
vt 0.769971 0.732313
vt 0.708732 0.738869
vt 0.771578 0.735995
vt 0.773817 0.734574
vt 0.774444 0.729612
vt 0.768859 0.736260
vt 0.767802 0.740864
vt 0.771158 0.739559
vt 0.766047 0.739353
vt 0.767296 0.736361
vt 0.765488 0.741823
vt 0.711377 0.731808
vt 0.709595 0.731623
vt 0.709538 0.729128
vt 0.710125 0.735953
vt 0.709269 0.734680
vt 0.711322 0.739438
vt 0.711357 0.735231
vt 0.726120 0.373458
vt 0.725114 0.369994
vt 0.726622 0.371233
vt 0.727930 0.374738
vt 0.727646 0.377727
vt 0.970007 0.977445
vt 0.970017 0.980831
vt 0.968535 0.979333
vt 0.968519 0.974744
vt 0.969996 0.974504
vt 0.729684 0.377833
vt 0.969044 0.972846
vt 0.969989 0.972845
vt 0.728997 0.383336
vt 0.730953 0.379602
vt 0.969982 0.968241
vt 0.863439 0.244166
vt 0.862640 0.243051
vt 0.863439 0.241616
vt 0.909619 0.148873
vt 0.909619 0.152631
vt 0.908513 0.150542
vt 0.767834 0.742234
vt 0.802356 0.483368
vt 0.804539 0.485758
vt 0.802018 0.485663
vt 0.907288 0.152568
vt 0.805444 0.486925
vt 0.905872 0.151537
vt 0.907355 0.150476
vt 0.801975 0.486925
vt 0.770563 0.744013
vt 0.768972 0.743335
vt 0.769181 0.744654
vt 0.534800 0.988792
vt 0.534800 0.992257
vt 0.533486 0.992462
vt 0.773406 0.745103
vt 0.773076 0.741374
vt 0.776691 0.743354
vt 0.774729 0.737642
vt 0.775560 0.739973
vt 0.778095 0.733035
vt 0.778510 0.736250
vt 0.782167 0.736195
vt 0.778649 0.740262
vt 0.782046 0.742213
vt 0.783619 0.739279
vt 0.786554 0.742631
vt 0.782932 0.745581
vt 0.779641 0.745686
vt 0.781021 0.748691
vt 0.777817 0.748393
vt 0.776431 0.745798
vt 0.779217 0.751787
vt 0.782424 0.752086
vt 0.781069 0.755173
vt 0.782705 0.758851
vt 0.784869 0.752306
vt 0.779078 0.758127
vt 0.788023 0.749341
vt 0.784364 0.748181
vt 0.792507 0.750573
vt 0.792789 0.747727
vt 0.786276 0.745480
vt 0.789608 0.745789
vt 0.793462 0.744910
vt 0.796651 0.746437
vt 0.795886 0.750065
vt 0.799124 0.750361
vt 0.799456 0.747104
vt 0.798130 0.743288
vt 0.794780 0.741584
vt 0.798035 0.739586
vt 0.794654 0.736404
vt 0.791995 0.741508
vt 0.790278 0.737083
vt 0.788363 0.740529
vt 0.793239 0.734036
vt 0.791154 0.733940
vt 0.789317 0.733681
vt 0.786719 0.735217
vt 0.787703 0.733201
vt 0.785878 0.732332
vt 0.784096 0.731677
vt 0.786919 0.717884
vt 0.782113 0.730875
vt 0.785291 0.717170
vt 0.786025 0.715427
vt 0.783850 0.716397
vt 0.786278 0.711999
vt 0.787980 0.713927
vt 0.783699 0.711451
vt 0.790112 0.717177
vt 0.788844 0.718512
vt 0.782656 0.714954
vt 0.780599 0.709955
vt 0.781558 0.714813
vt 0.781045 0.728690
vt 0.780030 0.713453
vt 0.779704 0.727874
vt 0.778250 0.725785
vt 0.777105 0.729444
vt 0.778589 0.711480
vt 0.776842 0.724110
vt 0.777283 0.706821
vt 0.779143 0.705999
vt 0.777323 0.710438
vt 0.777364 0.701502
vt 0.781159 0.706188
vt 0.779311 0.700824
vt 0.782513 0.705049
vt 0.780823 0.698731
vt 0.783036 0.694884
vt 0.784539 0.709132
vt 0.786570 0.695213
vt 0.781090 0.695743
vt 0.781318 0.693960
vt 0.784810 0.694070
vt 0.787447 0.693760
vt 0.781383 0.693225
vt 0.788187 0.694829
vt 0.790683 0.694346
vt 0.795167 0.694746
vt 0.784037 0.693404
vt 0.792677 0.694206
vt 0.809089 0.843099
vt 0.810133 0.842777
vt 0.808867 0.843495
vt 0.801701 0.695056
vt 0.812953 0.843626
vt 0.809316 0.844261
vt 0.749213 0.417201
vt 0.734163 0.417201
vt 0.737376 0.416043
vt 0.813007 0.842393
vt 0.811447 0.842556
vt 0.763541 0.417193
vt 0.749212 0.416036
vt 0.811354 0.844702
vt 0.812901 0.844809
vt 0.810829 0.844702
vt 0.811358 0.847003
vt 0.421361 0.990120
vt 0.419056 0.990250
vt 0.421415 0.988226
vt 0.811821 0.845358
vt 0.420484 0.987390
vt 0.419253 0.986804
vt 0.837939 0.065053
vt 0.838282 0.065308
vt 0.837259 0.066484
vt 0.421695 0.987103
vt 0.423550 0.987789
vt 0.422696 0.989442
vt 0.070043 0.752360
vt 0.070994 0.752341
vt 0.069968 0.753896
vt 0.838282 0.067232
vt 0.811358 0.848417
vt 0.808595 0.847583
vt 0.808706 0.848930
vt 0.811354 0.849484
vt 0.808034 0.699786
vt 0.805315 0.698151
vt 0.807151 0.698432
vt 0.807222 0.702755
vt 0.810211 0.849676
vt 0.810875 0.700557
vt 0.809428 0.703117
vt 0.807318 0.708516
vt 0.804724 0.708615
vt 0.803793 0.706698
vt 0.801826 0.696621
vt 0.801866 0.710730
vt 0.799402 0.712861
vt 0.799520 0.714849
vt 0.802696 0.714612
vt 0.801000 0.717783
vt 0.804859 0.715301
vt 0.802914 0.716946
vt 0.802476 0.729641
vt 0.800815 0.731612
vt 0.798671 0.735162
vt 0.798864 0.731874
vt 0.799317 0.718374
vt 0.797162 0.732701
vt 0.797382 0.718746
vt 0.795255 0.733397
vt 0.794561 0.717548
vt 0.795590 0.719088
vt 0.791215 0.715833
vt 0.793606 0.716018
vt 0.795817 0.715434
vt 0.792070 0.719074
vt 0.790553 0.718877
vt 0.793605 0.719171
vt 0.794199 0.695920
vt 0.792756 0.695786
vt 0.789579 0.715139
vt 0.790711 0.695597
vt 0.792516 0.695193
vt 0.788742 0.695415
vt 0.795643 0.696053
vt 0.796852 0.695630
vt 0.797687 0.696241
vt 0.800290 0.695515
vt 0.799655 0.696422
vt 0.797693 0.714321
vt 0.804021 0.695491
vt 0.804758 0.696240
vt 0.807170 0.696788
vt 0.807273 0.695634
vt 0.807280 0.695548
vt 0.810311 0.844788
vt 0.809061 0.845940
vt 0.810060 0.707388
vt 0.809221 0.711997
vt 0.811344 0.702792
vt 0.812338 0.705652
vt 0.811047 0.710003
vt 0.809362 0.723322
vt 0.808210 0.723499
vt 0.806040 0.483368
vt 0.808827 0.483379
vt 0.582509 0.113915
vt 0.582509 0.116702
vt 0.581353 0.115662
vt 0.959078 0.336729
vt 0.959854 0.337611
vt 0.580695 0.113925
vt 0.874356 0.339996
vt 0.873266 0.340136
vt 0.873447 0.338546
vt 0.886327 0.339989
vt 0.885222 0.339989
vt 0.885856 0.338433
vt 0.863711 0.340081
vt 0.862599 0.340019
vt 0.863711 0.338541
vt 0.765887 0.391457
vt 0.765879 0.388142
vt 0.766962 0.388474
vt 0.769007 0.385850
vt 0.767439 0.391577
vt 0.766436 0.387268
vt 0.862531 0.338433
vt 0.768604 0.391608
vt 0.403531 0.989542
vt 0.405671 0.989421
vt 0.405621 0.989482
vt 0.458604 0.588392
vt 0.458578 0.587447
vt 0.458604 0.586266
vt 0.133411 0.991760
vt 0.132466 0.991753
vt 0.134558 0.991760
vt 0.814713 0.303879
vt 0.814363 0.293871
vt 0.815968 0.294410
vt 0.402083 0.989095
vt 0.813131 0.292602
vt 0.405707 0.988750
vt 0.401116 0.987894
vt 0.644621 0.986346
vt 0.646173 0.985617
vt 0.644621 0.992019
vt 0.646173 0.992749
vt 0.405707 0.987182
vt 0.643523 0.990407
vt 0.643713 0.987453
vt 0.405575 0.983084
vt 0.405632 0.984224
vt 0.401040 0.984187
vt 0.401728 0.983071
vt 0.904133 0.990299
vt 0.905621 0.990263
vt 0.905621 0.994106
vt 0.813146 0.288892
vt 0.812721 0.289874
vt 0.811448 0.279709
vt 0.400768 0.985190
vt 0.814098 0.287827
vt 0.812696 0.280426
vt 0.810633 0.279277
vt 0.810311 0.299362
vt 0.812633 0.290949
vt 0.811807 0.300756
vt 0.809371 0.278656
vt 0.400734 0.986269
vt 0.405678 0.985608
vt 0.643298 0.988823
vt 0.814859 0.281779
vt 0.816799 0.282593
vt 0.815840 0.287137
vt 0.903885 0.992557
vt 0.902627 0.991290
vt 0.957010 0.340090
vt 0.955745 0.340182
vt 0.956809 0.335627
vt 0.902596 0.990346
vt 0.958040 0.335490
vt 0.957954 0.340106
vt 0.767433 0.379583
vt 0.769331 0.376767
vt 0.770041 0.380174
vt 0.958030 0.332603
vt 0.767436 0.384203
vt 0.772035 0.374035
vt 0.812945 0.882236
vt 0.812949 0.888519
vt 0.811649 0.885491
vt 0.811591 0.889154
vt 0.811253 0.892875
vt 0.812952 0.892671
vt 0.810676 0.889680
vt 0.810036 0.892942
vt 0.810032 0.895272
vt 0.812896 0.743844
vt 0.813078 0.740582
vt 0.812938 0.876494
vt 0.765883 0.384325
vt 0.079298 0.355194
vt 0.079304 0.351878
vt 0.079304 0.359011
vt 0.812929 0.870723
vt 0.662302 0.440404
vt 0.662302 0.441559
vt 0.662113 0.441163
vt 0.874356 0.338433
vt 0.809648 0.872454
vt 0.810082 0.859120
vt 0.810771 0.872342
vt 0.580248 0.114541
vt 0.810971 0.858234
vt 0.811207 0.854760
vt 0.811506 0.849960
vt 0.812600 0.700855
vt 0.423550 0.984225
vt 0.420803 0.984473
vt 0.420410 0.985607
vt 0.812265 0.847206
vt 0.811340 0.846664
vt 0.812894 0.845193
vt 0.765672 0.416983
vt 0.763937 0.415857
vt 0.765455 0.415281
vt 0.864466 0.152664
vt 0.863234 0.152664
vt 0.864118 0.151125
vt 0.869647 0.485616
vt 0.869647 0.487130
vt 0.868956 0.486522
vt 0.071435 0.753896
vt 0.764104 0.414600
vt 0.761049 0.416030
vt 0.762573 0.412130
vt 0.761186 0.414656
vt 0.462372 0.990630
vt 0.462352 0.992008
vt 0.459202 0.991961
vt 0.458934 0.990188
vt 0.458850 0.988671
vt 0.462372 0.988052
vt 0.810544 0.318899
vt 0.810557 0.312377
vt 0.810798 0.317140
vt 0.811504 0.315652
vt 0.808149 0.318902
vt 0.985753 0.571387
vt 0.986390 0.568999
vt 0.989546 0.568872
vt 0.985285 0.573683
vt 0.805848 0.318904
vt 0.984949 0.576002
vt 0.803522 0.318906
vt 0.805059 0.301552
vt 0.719596 0.990715
vt 0.716054 0.991371
vt 0.716552 0.989719
vt 0.737326 0.414919
vt 0.989546 0.592470
vt 0.787713 0.487142
vt 0.784557 0.487142
vt 0.784560 0.486026
vt 0.986390 0.592351
vt 0.787117 0.318902
vt 0.786709 0.316728
vt 0.788048 0.485009
vt 0.785415 0.314975
vt 0.784562 0.483720
vt 0.787964 0.483368
vt 0.736222 0.412514
vt 0.734643 0.415693
vt 0.215787 0.991613
vt 0.212359 0.991613
vt 0.652939 0.178345
vt 0.654258 0.178543
vt 0.653181 0.179957
vt 0.654258 0.180072
vt 0.072782 0.753895
vt 0.071435 0.753895
vt 0.071748 0.752341
vt 0.044558 0.987740
vt 0.043549 0.987189
vt 0.043862 0.985388
vt 0.820387 0.065053
vt 0.043481 0.988494
vt 0.045834 0.987866
vt 0.044820 0.985366
vt 0.202420 0.763684
vt 0.202311 0.761184
vt 0.202420 0.760136
vt 0.041354 0.984622
vt 0.709789 0.776636
vt 0.710344 0.775922
vt 0.710738 0.777587
vt 0.375436 0.994467
vt 0.374813 0.991696
vt 0.375436 0.990758
vt 0.710192 0.770466
vt 0.709961 0.773093
vt 0.708771 0.770359
vt 0.774977 0.698297
vt 0.775350 0.697275
vt 0.775660 0.701080
vt 0.710763 0.769030
vt 0.711380 0.774713
vt 0.709768 0.759169
vt 0.709540 0.765726
vt 0.708726 0.765885
vt 0.707432 0.763225
vt 0.708002 0.751319
vt 0.775929 0.708250
vt 0.774946 0.705523
vt 0.709128 0.751744
vt 0.775501 0.720590
vt 0.774208 0.720077
vt 0.890332 0.994769
vt 0.890206 0.996543
vt 0.888535 0.994129
vt 0.890332 0.992710
vt 0.776020 0.721462
vt 0.587032 0.859247
vt 0.587872 0.858733
vt 0.586919 0.862170
vt 0.589325 0.858732
vt 0.588784 0.862132
vt 0.775884 0.722909
vt 0.789751 0.483368
vt 0.590170 0.862170
vt 0.774919 0.723636
vt 0.775699 0.725644
vt 0.590106 0.859472
vt 0.773358 0.723697
vt 0.590259 0.860896
vt 0.711338 0.763104
vt 0.729801 0.401493
vt 0.729759 0.390345
vt 0.730965 0.401493
vt 0.801763 0.973501
vt 0.800828 0.969770
vt 0.781408 0.305957
vt 0.780586 0.308084
vt 0.799910 0.971963
vt 0.782777 0.304162
vt 0.782037 0.294346
vt 0.784253 0.302320
vt 0.783352 0.293861
vt 0.784313 0.292947
vt 0.797330 0.985184
vt 0.801769 0.985645
vt 0.796945 0.986158
vt 0.784833 0.292014
vt 0.801770 0.987045
vt 0.785026 0.290954
vt 0.796809 0.987231
vt 0.229686 0.989948
vt 0.229651 0.988869
vt 0.230067 0.987499
vt 0.801772 0.988117
vt 0.796874 0.988297
vt 0.801775 0.989093
vt 0.230067 0.990959
vt 0.784937 0.289876
vt 0.797534 0.989710
vt 0.801780 0.990121
vt 0.777822 0.697480
vt 0.429609 0.990662
vt 0.430717 0.990015
vt 0.432373 0.990052
vt 0.409740 0.791136
vt 0.409740 0.792852
vt 0.409573 0.792821
vt 0.780232 0.696981
vt 0.432340 0.991555
vt 0.429614 0.991944
vt 0.432373 0.994493
vt 0.431417 0.994441
vt 0.045834 0.990397
vt 0.042893 0.990042
vt 0.041378 0.988367
vt 0.430279 0.993725
vt 0.709993 0.778587
vt 0.711338 0.777863
vt 0.811734 0.842426
vt 0.711251 0.778633
vt 0.826687 0.485738
vt 0.826687 0.487046
vt 0.826204 0.486184
vt 0.781387 0.693155
vt 0.802281 0.750649
vt 0.768036 0.746468
vt 0.533052 0.988727
vt 0.531643 0.991619
vt 0.905629 0.149803
vt 0.907028 0.148028
vt 0.531423 0.988611
vt 0.531210 0.989522
vt 0.907975 0.149428
vt 0.908793 0.147676
vt 0.708811 0.724123
vt 0.765568 0.746845
vt 0.819332 0.241922
vt 0.819459 0.243462
vt 0.858015 0.425688
vt 0.787354 0.299366
vt 0.787025 0.279281
vt 0.788291 0.278659
vt 0.789705 0.276451
vt 0.790028 0.277893
vt 0.789256 0.298054
vt 0.791368 0.277375
vt 0.792732 0.276928
vt 0.789136 0.273291
vt 0.792346 0.274088
vt 0.785967 0.271684
vt 0.783039 0.273281
vt 0.782878 0.270075
vt 0.782855 0.267656
vt 0.789037 0.270085
vt 0.787428 0.267664
vt 0.785903 0.265241
vt 0.789056 0.264442
vt 0.791438 0.266256
vt 0.792675 0.270892
vt 0.794702 0.268275
vt 0.794724 0.263642
vt 0.792323 0.262040
vt 0.798835 0.268478
vt 0.798008 0.265050
vt 0.802554 0.268678
vt 0.802141 0.266056
vt 0.788890 0.259660
vt 0.784384 0.259258
vt 0.787574 0.262035
vt 0.784523 0.262030
vt 0.781596 0.262024
vt 0.781787 0.265233
vt 0.778570 0.263116
vt 0.779482 0.259248
vt 0.776445 0.260780
vt 0.779091 0.265822
vt 0.777906 0.264625
vt 0.775944 0.264001
vt 0.162830 0.991879
vt 0.161100 0.992047
vt 0.161245 0.990285
vt 0.992135 0.330997
vt 0.992363 0.334250
vt 0.990621 0.334250
vt 0.163086 0.988493
vt 0.727709 0.361511
vt 0.164266 0.991730
vt 0.990657 0.330984
vt 0.992193 0.326072
vt 0.778465 0.256004
vt 0.990715 0.326056
vt 0.780603 0.252884
vt 0.781139 0.254450
vt 0.992234 0.322786
vt 0.728824 0.353155
vt 0.990756 0.322771
vt 0.730961 0.350035
vt 0.730050 0.349365
vt 0.732865 0.347928
vt 0.733819 0.345567
vt 0.711136 0.711005
vt 0.709483 0.711013
vt 0.990786 0.320516
vt 0.992264 0.320531
vt 0.995430 0.136238
vt 0.995404 0.137715
vt 0.782508 0.250779
vt 0.783649 0.251878
vt 0.769033 0.760151
vt 0.768644 0.758751
vt 0.708780 0.712396
vt 0.783769 0.255784
vt 0.164266 0.987430
vt 0.965746 0.989313
vt 0.970018 0.988860
vt 0.970022 0.989817
vt 0.965388 0.987985
vt 0.779553 0.267194
vt 0.970015 0.987498
vt 0.965509 0.986285
vt 0.779393 0.268886
vt 0.729684 0.363429
vt 0.729958 0.364818
vt 0.794750 0.295762
vt 0.794117 0.276548
vt 0.792456 0.296476
vt 0.790856 0.297167
vt 0.795523 0.276262
vt 0.796457 0.295438
vt 0.876759 0.691157
vt 0.311013 0.980125
vt 0.311005 0.981489
vt 0.309523 0.981915
vt 0.310988 0.983008
vt 0.792589 0.245103
vt 0.790834 0.247359
vt 0.788528 0.246562
vt 0.309535 0.980127
vt 0.796180 0.246529
vt 0.797932 0.244219
vt 0.309505 0.983236
vt 0.789212 0.248162
vt 0.794160 0.248185
vt 0.789159 0.250103
vt 0.308128 0.978596
vt 0.311008 0.978571
vt 0.306889 0.976664
vt 0.311005 0.976484
vt 0.797748 0.249913
vt 0.799166 0.246208
vt 0.803002 0.248526
vt 0.800141 0.252609
vt 0.804557 0.254271
vt 0.803232 0.251333
vt 0.809002 0.252780
vt 0.806302 0.251330
vt 0.806915 0.247517
vt 0.808487 0.250101
vt 0.802389 0.245554
vt 0.805158 0.245120
vt 0.809109 0.246559
vt 0.808473 0.248009
vt 0.900094 0.484264
vt 0.901369 0.482129
vt 0.904164 0.482889
vt 0.758898 0.347399
vt 0.758640 0.346007
vt 0.904209 0.484270
vt 0.759665 0.348589
vt 0.904228 0.485430
vt 0.899656 0.485480
vt 0.809194 0.251329
vt 0.810524 0.252273
vt 0.899637 0.486373
vt 0.904206 0.486329
vt 0.900066 0.486610
vt 0.812032 0.252583
vt 0.814012 0.254442
vt 0.813868 0.251967
vt 0.445126 0.995796
vt 0.444775 0.992919
vt 0.445513 0.991677
vt 0.445513 0.995798
vt 0.816715 0.253880
vt 0.816867 0.257296
vt 0.819175 0.255998
vt 0.817036 0.252879
vt 0.995504 0.229409
vt 0.993996 0.231465
vt 0.994027 0.229435
vt 0.815131 0.250774
vt 0.443512 0.994339
vt 0.443538 0.995817
vt 0.761337 0.349552
vt 0.801474 0.244352
vt 0.902751 0.478695
vt 0.354577 0.691486
vt 0.354452 0.687943
vt 0.354577 0.686615
vt 0.870016 0.487161
vt 0.869647 0.487048
vt 0.870016 0.485616
vt 0.510496 0.820918
vt 0.950032 0.647052
vt 0.950569 0.647015
vt 0.950569 0.648586
vt 0.079284 0.753894
vt 0.078127 0.753894
vt 0.079065 0.752341
vt 0.762928 0.345966
vt 0.078132 0.752344
vt 0.057436 0.884889
vt 0.059049 0.883470
vt 0.059028 0.885887
vt 0.057499 0.886763
vt 0.058816 0.888099
vt 0.059942 0.886597
vt 0.060191 0.885381
vt 0.865547 0.152664
vt 0.864466 0.152664
vt 0.864862 0.151118
vt 0.061446 0.883461
vt 0.594489 0.284772
vt 0.596107 0.283112
vt 0.596107 0.285812
vt 0.133323 0.761765
vt 0.134292 0.760296
vt 0.136603 0.760458
vt 0.136653 0.762544
vt 0.802645 0.764678
vt 0.801213 0.764003
vt 0.804061 0.762330
vt 0.133160 0.764045
vt 0.798927 0.764946
vt 0.798604 0.762587
vt 0.796050 0.766349
vt 0.798485 0.766837
vt 0.796990 0.768847
vt 0.799532 0.768949
vt 0.509724 0.817366
vt 0.855661 0.925843
vt 0.858029 0.923996
vt 0.859212 0.925843
vt 0.855575 0.924002
vt 0.855668 0.921993
vt 0.136711 0.764045
vt 0.807356 0.761702
vt 0.805138 0.764411
vt 0.803769 0.766508
vt 0.509811 0.809272
vt 0.808057 0.762605
vt 0.510790 0.806369
vt 0.810372 0.759456
vt 0.811791 0.756941
vt 0.811200 0.908579
vt 0.811311 0.906051
vt 0.812974 0.904198
vt 0.810178 0.903980
vt 0.061446 0.885921
vt 0.061087 0.888337
vt 0.882110 0.339993
vt 0.880975 0.339993
vt 0.881635 0.338433
vt 0.773672 0.362209
vt 0.958291 0.318116
vt 0.773775 0.366105
vt 0.906724 0.338501
vt 0.907436 0.338433
vt 0.907436 0.339993
vt 0.906537 0.340080
vt 0.944811 0.931918
vt 0.775950 0.165992
vt 0.775950 0.167221
vt 0.775533 0.166414
vt 0.802951 0.295769
vt 0.130438 0.336668
vt 0.130852 0.336306
vt 0.130829 0.337111
vt 0.130047 0.337111
vt 0.130017 0.336241
vt 0.999705 0.188784
vt 0.999095 0.188737
vt 0.999705 0.182555
vt 0.223752 0.992738
vt 0.224360 0.992734
vt 0.224164 0.998945
vt 0.998936 0.182511
vt 0.664958 0.619659
vt 0.665693 0.619193
vt 0.666680 0.621508
vt 0.845355 0.992671
vt 0.845796 0.992659
vt 0.845835 0.998866
vt 0.664499 0.619235
vt 0.663973 0.630924
vt 0.665350 0.627341
vt 0.846240 0.992663
vt 0.664535 0.618789
vt 0.664101 0.609708
vt 0.663668 0.617285
vt 0.663442 0.615495
vt 0.663066 0.613730
vt 0.662545 0.612004
vt 0.661880 0.610326
vt 0.662834 0.605775
vt 0.663744 0.619087
vt 0.665169 0.618540
vt 0.665499 0.611213
vt 0.224885 0.992736
vt 0.224857 0.998945
vt 0.846464 0.992685
vt 0.846464 0.998885
vt 0.666674 0.616322
vt 0.667516 0.615153
vt 0.668211 0.618715
vt 0.673968 0.722397
vt 0.674413 0.723078
vt 0.672883 0.723454
vt 0.674155 0.726007
vt 0.674882 0.723426
vt 0.675687 0.725531
vt 0.674214 0.729386
vt 0.674947 0.726558
vt 0.673646 0.729596
vt 0.672472 0.728619
vt 0.667855 0.622348
vt 0.667514 0.623053
vt 0.678222 0.729885
vt 0.673341 0.730266
vt 0.678168 0.730424
vt 0.691072 0.731635
vt 0.683559 0.729855
vt 0.684157 0.730098
vt 0.673176 0.732177
vt 0.691196 0.732889
vt 0.691776 0.732686
vt 0.690987 0.730767
vt 0.685208 0.728834
vt 0.684810 0.726418
vt 0.685161 0.725553
vt 0.690735 0.728228
vt 0.690838 0.725627
vt 0.691585 0.728695
vt 0.692741 0.725823
vt 0.692370 0.730602
vt 0.274670 0.769859
vt 0.273344 0.772394
vt 0.273677 0.767611
vt 0.692004 0.734960
vt 0.275445 0.770076
vt 0.273885 0.776798
vt 0.277392 0.775875
vt 0.981608 0.991716
vt 0.982290 0.998685
vt 0.981500 0.998712
vt 0.922718 0.991138
vt 0.923407 0.998106
vt 0.922658 0.998131
vt 0.276647 0.769600
vt 0.275721 0.769339
vt 0.982290 0.991700
vt 0.984256 0.273886
vt 0.984242 0.267706
vt 0.984445 0.271705
vt 0.280170 0.781660
vt 0.278553 0.780700
vt 0.984276 0.279393
vt 0.984456 0.275706
vt 0.274904 0.780043
vt 0.277593 0.781054
vt 0.276682 0.783573
vt 0.277980 0.780625
vt 0.272961 0.752652
vt 0.273184 0.752249
vt 0.273291 0.754736
vt 0.273291 0.750440
vt 0.989295 0.271261
vt 0.984439 0.269270
vt 0.989299 0.272996
vt 0.984449 0.273428
vt 0.984434 0.266339
vt 0.989287 0.267690
vt 0.989291 0.269488
vt 0.984430 0.263626
vt 0.989282 0.264069
vt 0.989284 0.265879
vt 0.989280 0.262272
vt 0.984233 0.260406
vt 0.984428 0.260952
vt 0.899968 0.736040
vt 0.898204 0.735626
vt 0.898230 0.735533
vt 0.896515 0.734975
vt 0.989279 0.260500
vt 0.896481 0.735066
vt 0.038499 0.949911
vt 0.038500 0.951638
vt 0.023559 0.951660
vt 0.023558 0.949933
vt 0.038498 0.948147
vt 0.894852 0.734276
vt 0.023559 0.953336
vt 0.038500 0.953314
vt 0.893253 0.733440
vt 0.894810 0.734364
vt 0.893205 0.733525
vt 0.989278 0.257081
vt 0.989278 0.258765
vt 0.984427 0.258348
vt 0.984427 0.256679
vt 0.148182 0.869593
vt 0.148182 0.872308
vt 0.147970 0.871800
vt 0.281285 0.756575
vt 0.279746 0.758812
vt 0.280324 0.757562
vt 0.984429 0.254310
vt 0.989279 0.255459
vt 0.984233 0.255382
vt 0.891675 0.732554
vt 0.891730 0.732474
vt 0.890293 0.731383
vt 0.890231 0.731458
vt 0.989280 0.253910
vt 0.989282 0.252446
vt 0.888885 0.730245
vt 0.888953 0.730176
vt 0.038498 0.956471
vt 0.038496 0.957929
vt 0.023555 0.957951
vt 0.887718 0.728861
vt 0.038494 0.959293
vt 0.023553 0.959315
vt 0.023550 0.960403
vt 0.656614 0.603082
vt 0.655426 0.602089
vt 0.655401 0.600879
vt 0.655926 0.600226
vt 0.656271 0.598921
vt 0.657903 0.604344
vt 0.655140 0.599817
vt 0.659196 0.599925
vt 0.659301 0.601366
vt 0.656056 0.597547
vt 0.653145 0.597029
vt 0.654337 0.598621
vt 0.657672 0.598676
vt 0.652180 0.600001
vt 0.650548 0.599234
vt 0.648857 0.598605
vt 0.653743 0.600903
vt 0.023543 0.962752
vt 0.023547 0.961724
vt 0.038488 0.961702
vt 0.038484 0.962730
vt 0.023538 0.963652
vt 0.038491 0.960554
vt 0.884730 0.724364
vt 0.885599 0.725945
vt 0.885516 0.725995
vt 0.886597 0.727447
vt 0.886519 0.727504
vt 0.887644 0.728924
vt 0.989291 0.248655
vt 0.989287 0.249809
vt 0.984439 0.248959
vt 0.989284 0.251075
vt 0.984434 0.250759
vt 0.273127 0.725686
vt 0.273278 0.728397
vt 0.272961 0.725685
vt 0.273278 0.722975
vt 0.984445 0.247396
vt 0.989295 0.247623
vt 0.989299 0.246719
vt 0.884643 0.724407
vt 0.883906 0.722752
vt 0.883996 0.722716
vt 0.883403 0.721012
vt 0.038479 0.963630
vt 0.038474 0.964396
vt 0.023533 0.964418
vt 0.882955 0.719265
vt 0.883310 0.721040
vt 0.038469 0.965023
vt 0.023528 0.965045
vt 0.644083 0.594610
vt 0.649643 0.595616
vt 0.647120 0.598120
vt 0.645348 0.597783
vt 0.023522 0.965528
vt 0.652587 0.595678
vt 0.650756 0.594949
vt 0.648874 0.594363
vt 0.646952 0.593924
vt 0.954926 0.420594
vt 0.954919 0.422424
vt 0.937845 0.422322
vt 0.954913 0.424304
vt 0.937840 0.424205
vt 0.937837 0.426129
vt 0.935914 0.423250
vt 0.935908 0.426968
vt 0.935910 0.430784
vt 0.937836 0.428083
vt 0.292670 0.745642
vt 0.296455 0.745051
vt 0.298010 0.746382
vt 0.298669 0.746024
vt 0.300286 0.745050
vt 0.937837 0.430054
vt 0.937841 0.432032
vt 0.935921 0.434607
vt 0.299174 0.746412
vt 0.304071 0.745638
vt 0.937847 0.434004
vt 0.937855 0.435959
vt 0.935941 0.438346
vt 0.305963 0.749410
vt 0.307721 0.746801
vt 0.310326 0.748019
vt 0.935960 0.441049
vt 0.937878 0.439769
vt 0.937866 0.437884
vt 0.954940 0.437940
vt 0.954952 0.439817
vt 0.937893 0.441602
vt 0.954967 0.441642
vt 0.937909 0.443373
vt 0.935984 0.443603
vt 0.937927 0.445070
vt 0.312753 0.749562
vt 0.310739 0.749623
vt 0.936023 0.446752
vt 0.315696 0.752015
vt 0.310663 0.750177
vt 0.310309 0.749217
vt 0.446081 0.991677
vt 0.446212 0.998663
vt 0.445655 0.998658
vt 0.446597 0.991695
vt 0.446597 0.998682
vt 0.309747 0.749350
vt 0.689127 0.998909
vt 0.689007 0.991924
vt 0.689191 0.991925
vt 0.689191 0.998911
vt 0.784961 0.339493
vt 0.784388 0.339752
vt 0.784381 0.339276
vt 0.784903 0.338897
vt 0.688712 0.998913
vt 0.688452 0.991930
vt 0.688198 0.998919
vt 0.784834 0.340087
vt 0.980569 0.991700
vt 0.980941 0.998684
vt 0.980352 0.998690
vt 0.981254 0.991701
vt 0.785472 0.339820
vt 0.981500 0.998690
vt 0.445513 0.991683
vt 0.785472 0.339146
vt 0.309537 0.749889
vt 0.310082 0.750405
vt 0.310989 0.751999
vt 0.314111 0.754263
vt 0.311787 0.752831
vt 0.988427 0.094322
vt 0.988728 0.092619
vt 0.988578 0.094965
vt 0.309555 0.751285
vt 0.988363 0.095760
vt 0.983500 0.096195
vt 0.983540 0.095156
vt 0.313807 0.754645
vt 0.988308 0.097475
vt 0.886519 0.702069
vt 0.887644 0.700649
vt 0.887718 0.700713
vt 0.888953 0.699398
vt 0.983463 0.097354
vt 0.888885 0.699328
vt 0.861700 0.234744
vt 0.861652 0.236010
vt 0.846719 0.235943
vt 0.846767 0.234677
vt 0.846668 0.237096
vt 0.890293 0.698191
vt 0.861745 0.233375
vt 0.891730 0.697100
vt 0.890231 0.698116
vt 0.846812 0.233308
vt 0.988273 0.098922
vt 0.983404 0.100002
vt 0.983432 0.098626
vt 0.891675 0.697020
vt 0.988244 0.100508
vt 0.315171 0.756159
vt 0.602743 0.756638
vt 0.602933 0.754791
vt 0.602933 0.760097
vt 0.128992 0.725515
vt 0.129082 0.723479
vt 0.129082 0.727780
vt 0.988412 0.102384
vt 0.988216 0.102589
vt 0.983382 0.101471
vt 0.983364 0.103024
vt 0.893205 0.696049
vt 0.894810 0.695210
vt 0.894852 0.695298
vt 0.893253 0.696133
vt 0.861825 0.230367
vt 0.861787 0.231913
vt 0.846854 0.231846
vt 0.846892 0.230300
vt 0.623780 0.607938
vt 0.622911 0.609519
vt 0.622382 0.609717
vt 0.621511 0.605745
vt 0.623795 0.602737
vt 0.624778 0.606435
vt 0.620049 0.606250
vt 0.619714 0.609066
vt 0.620306 0.609718
vt 0.621103 0.604583
vt 0.622281 0.603003
vt 0.622178 0.611167
vt 0.621585 0.612870
vt 0.621137 0.614618
vt 0.620836 0.616397
vt 0.620686 0.618194
vt 0.620686 0.619998
vt 0.620887 0.632187
vt 0.619912 0.619245
vt 0.618445 0.612623
vt 0.619876 0.618799
vt 0.619242 0.618550
vt 0.617199 0.613570
vt 0.617736 0.616333
vt 0.618342 0.609800
vt 0.617698 0.611663
vt 0.616848 0.615510
vt 0.196867 0.625762
vt 0.196812 0.627621
vt 0.179745 0.627084
vt 0.196755 0.629524
vt 0.179688 0.628994
vt 0.177701 0.630395
vt 0.179629 0.630937
vt 0.177829 0.626109
vt 0.322379 0.763466
vt 0.323085 0.767838
vt 0.322011 0.769625
vt 0.323200 0.773219
vt 0.322076 0.770363
vt 0.177538 0.635740
vt 0.179471 0.633057
vt 0.196685 0.631817
vt 0.196628 0.633693
vt 0.196576 0.635390
vt 0.179003 0.635252
vt 0.196514 0.637358
vt 0.178504 0.637579
vt 0.196453 0.639313
vt 0.178126 0.639329
vt 0.177398 0.640219
vt 0.177608 0.641684
vt 0.177305 0.643156
vt 0.322485 0.777653
vt 0.321494 0.770590
vt 0.321638 0.780526
vt 0.177642 0.644364
vt 0.177695 0.646437
vt 0.196329 0.643186
vt 0.320065 0.765731
vt 0.320949 0.770074
vt 0.319753 0.774209
vt 0.177214 0.645940
vt 0.320302 0.783200
vt 0.048785 0.887803
vt 0.048984 0.885433
vt 0.048984 0.887923
vt 0.526142 0.704430
vt 0.526142 0.711543
vt 0.525943 0.706703
vt 0.988369 0.108249
vt 0.988439 0.116732
vt 0.988209 0.112735
vt 0.988227 0.114772
vt 0.318725 0.781172
vt 0.316799 0.781187
vt 0.988249 0.116573
vt 0.983407 0.117063
vt 0.988288 0.119008
vt 0.983384 0.115266
vt 0.907183 0.693383
vt 0.908963 0.693722
vt 0.908941 0.693817
vt 0.983366 0.113456
vt 0.905381 0.693193
vt 0.907169 0.693479
vt 0.847026 0.219916
vt 0.847031 0.218114
vt 0.861964 0.218181
vt 0.861964 0.216392
vt 0.847031 0.216325
vt 0.905375 0.693290
vt 0.861959 0.219983
vt 0.903571 0.693252
vt 0.903569 0.693155
vt 0.847015 0.221719
vt 0.983353 0.111645
vt 0.988194 0.110253
vt 0.983345 0.109847
vt 0.901761 0.693269
vt 0.983522 0.143813
vt 0.983485 0.145850
vt 0.983043 0.145760
vt 0.988190 0.108254
vt 0.983846 0.141344
vt 0.983342 0.108073
vt 0.983344 0.106337
vt 0.988198 0.105034
vt 0.983846 0.149223
vt 0.898204 0.693948
vt 0.899968 0.693534
vt 0.899986 0.693629
vt 0.901771 0.693366
vt 0.846980 0.225275
vt 0.847000 0.223509
vt 0.861933 0.223576
vt 0.861948 0.221786
vt 0.898230 0.694041
vt 0.846955 0.227003
vt 0.861913 0.225341
vt 0.896515 0.694598
vt 0.896481 0.694508
vt 0.846925 0.228682
vt 0.861888 0.227070
vt 0.983351 0.104650
vt 0.861858 0.228749
vt 0.620837 0.621796
vt 0.621139 0.623574
vt 0.861960 0.214628
vt 0.621588 0.625321
vt 0.861950 0.212903
vt 0.847027 0.214561
vt 0.622181 0.627025
vt 0.912369 0.694931
vt 0.910678 0.694302
vt 0.910708 0.694210
vt 0.847017 0.212836
vt 0.983468 0.120567
vt 0.983435 0.118834
vt 0.912406 0.694841
vt 0.988344 0.121783
vt 0.983504 0.122250
vt 0.914001 0.695699
vt 0.914046 0.695613
vt 0.915563 0.696601
vt 0.983545 0.123870
vt 0.915615 0.696519
vt 0.861891 0.208074
vt 0.861916 0.209614
vt 0.846983 0.209547
vt 0.846959 0.208007
vt 0.917044 0.697630
vt 0.847002 0.211161
vt 0.622017 0.636134
vt 0.622917 0.628675
vt 0.623785 0.630253
vt 0.624783 0.631756
vt 0.861935 0.211225
vt 0.624891 0.641615
vt 0.625904 0.633169
vt 0.622732 0.640575
vt 0.421514 0.995314
vt 0.421514 0.999341
vt 0.420615 0.997352
vt 0.857095 0.241616
vt 0.857095 0.244138
vt 0.856260 0.241943
vt 0.197062 0.650528
vt 0.196922 0.655011
vt 0.196230 0.650985
vt 0.196259 0.653162
vt 0.196338 0.656044
vt 0.196431 0.658432
vt 0.196770 0.659955
vt 0.624156 0.642081
vt 0.622961 0.645519
vt 0.633845 0.998605
vt 0.633229 0.998606
vt 0.633428 0.992397
vt 0.633865 0.992417
vt 0.632801 0.992411
vt 0.624394 0.642699
vt 0.924405 0.779037
vt 0.923784 0.772845
vt 0.924405 0.772826
vt 0.625018 0.642711
vt 0.628240 0.645283
vt 0.632775 0.998624
vt 0.858621 0.200359
vt 0.855869 0.196369
vt 0.861856 0.194421
vt 0.861799 0.204209
vt 0.861886 0.189178
vt 0.628241 0.650530
vt 0.625719 0.650531
vt 0.622808 0.648386
vt 0.627139 0.634484
vt 0.628238 0.635488
vt 0.625350 0.642038
vt 0.622808 0.650531
vt 0.196683 0.662798
vt 0.196617 0.664935
vt 0.188324 0.680076
vt 0.196557 0.660793
vt 0.181838 0.662338
vt 0.187404 0.678550
vt 0.180906 0.662319
vt 0.181235 0.678359
vt 0.181320 0.658953
vt 0.182000 0.660472
vt 0.182094 0.657456
vt 0.182030 0.654471
vt 0.179779 0.651574
vt 0.181610 0.652076
vt 0.178892 0.653893
vt 0.180207 0.649014
vt 0.177123 0.648692
vt 0.177315 0.652277
vt 0.315745 0.789140
vt 0.318507 0.788622
vt 0.317079 0.790843
vt 0.180158 0.659128
vt 0.179177 0.658918
vt 0.315701 0.795412
vt 0.316697 0.795844
vt 0.315223 0.791089
vt 0.313994 0.797297
vt 0.312477 0.791817
vt 0.313141 0.795858
vt 0.313114 0.806155
vt 0.314321 0.809143
vt 0.315003 0.798746
vt 0.315086 0.811039
vt 0.315887 0.799253
vt 0.178549 0.677225
vt 0.178090 0.676080
vt 0.178409 0.662367
vt 0.315889 0.813028
vt 0.179350 0.662326
vt 0.178225 0.658553
vt 0.179287 0.678487
vt 0.180005 0.662316
vt 0.316729 0.799264
vt 0.180145 0.678341
vt 0.180767 0.679982
vt 0.185775 0.680759
vt 0.183716 0.683550
vt 0.179139 0.681132
vt 0.187769 0.682320
vt 0.189201 0.681588
vt 0.189786 0.683503
vt 0.188121 0.686037
vt 0.185859 0.685133
vt 0.185343 0.689203
vt 0.189102 0.687847
vt 0.182193 0.689451
vt 0.181709 0.691741
vt 0.183606 0.687057
vt 0.186429 0.692106
vt 0.183759 0.692880
vt 0.177337 0.693774
vt 0.178268 0.691527
vt 0.182990 0.694741
vt 0.186287 0.694676
vt 0.185514 0.697267
vt 0.180775 0.696356
vt 0.182445 0.698229
vt 0.179060 0.698314
vt 0.177114 0.696871
vt 0.186579 0.698603
vt 0.181600 0.701887
vt 0.184428 0.702059
vt 0.178664 0.701742
vt 0.181342 0.702718
vt 0.176087 0.702474
vt 0.177532 0.702586
vt 0.185431 0.702973
vt 0.184954 0.703000
vt 0.990351 0.712454
vt 0.990443 0.719816
vt 0.990206 0.716931
vt 0.677067 0.464501
vt 0.677067 0.472263
vt 0.676893 0.469213
vt 0.191328 0.703560
vt 0.189937 0.703349
vt 0.990350 0.723720
vt 0.990306 0.722140
vt 0.990267 0.720475
vt 0.990234 0.718735
vt 0.187991 0.702321
vt 0.191234 0.702615
vt 0.193153 0.703693
vt 0.189960 0.698932
vt 0.192390 0.699007
vt 0.193425 0.702853
vt 0.623972 0.688571
vt 0.626285 0.688564
vt 0.624873 0.689348
vt 0.625015 0.684952
vt 0.622893 0.684839
vt 0.629667 0.688556
vt 0.627293 0.685108
vt 0.627943 0.689339
vt 0.631797 0.689332
vt 0.195532 0.704020
vt 0.196045 0.704213
vt 0.197586 0.704403
vt 0.198654 0.704896
vt 0.677068 0.456746
vt 0.677068 0.464501
vt 0.676893 0.461507
vt 0.985580 0.561752
vt 0.985567 0.554458
vt 0.985765 0.557303
vt 0.985768 0.559136
vt 0.985772 0.560911
vt 0.985777 0.562617
vt 0.985782 0.564243
vt 0.990631 0.563505
vt 0.985788 0.565780
vt 0.676901 0.459556
vt 0.990621 0.560083
vt 0.195004 0.699005
vt 0.196899 0.699346
vt 0.194349 0.699452
vt 0.190437 0.698805
vt 0.192595 0.698676
vt 0.990642 0.566583
vt 0.985794 0.567219
vt 0.990399 0.725206
vt 0.990452 0.726589
vt 0.985629 0.727146
vt 0.985524 0.724354
vt 0.189731 0.698367
vt 0.186483 0.698087
vt 0.184762 0.698256
vt 0.985436 0.721165
vt 0.298074 0.971125
vt 0.298133 0.977918
vt 0.297898 0.974167
vt 0.177904 0.697846
vt 0.182930 0.697841
vt 0.526127 0.718762
vt 0.526127 0.726038
vt 0.525943 0.721953
vt 0.297998 0.980475
vt 0.297964 0.979016
vt 0.297937 0.977471
vt 0.297915 0.975851
vt 0.985370 0.717657
vt 0.990183 0.715075
vt 0.985325 0.713917
vt 0.179161 0.697636
vt 0.990166 0.713176
vt 0.175268 0.697478
vt 0.985304 0.710036
vt 0.990155 0.711248
vt 0.990150 0.709301
vt 0.990151 0.707348
vt 0.990351 0.704688
vt 0.990157 0.705400
vt 0.985307 0.706111
vt 0.990170 0.703469
vt 0.985334 0.702239
vt 0.171982 0.697643
vt 0.171348 0.697369
vt 0.167495 0.697313
vt 0.297950 0.961625
vt 0.298160 0.960257
vt 0.298094 0.965209
vt 0.167059 0.697579
vt 0.297888 0.967945
vt 0.297906 0.965217
vt 0.297925 0.963409
vt 0.293001 0.963332
vt 0.293128 0.965843
vt 0.292765 0.965371
vt 0.292791 0.961443
vt 0.295512 0.960172
vt 0.293074 0.958931
vt 0.292694 0.965160
vt 0.292804 0.958174
vt 0.293034 0.957355
vt 0.304588 0.988981
vt 0.301800 0.989797
vt 0.306421 0.987996
vt 0.306047 0.987155
vt 0.291775 0.964647
vt 0.817858 0.987788
vt 0.815001 0.987687
vt 0.815255 0.986958
vt 0.172069 0.691713
vt 0.172770 0.692438
vt 0.171082 0.692483
vt 0.171666 0.690724
vt 0.301709 0.988735
vt 0.818088 0.987323
vt 0.170026 0.689515
vt 0.305526 0.985987
vt 0.301797 0.987241
vt 0.171749 0.689459
vt 0.172576 0.688152
vt 0.305039 0.984750
vt 0.302069 0.985569
vt 0.306421 0.983115
vt 0.305885 0.983999
vt 0.302148 0.984922
vt 0.166342 0.687204
vt 0.173470 0.687653
vt 0.166946 0.690013
vt 0.163350 0.686120
vt 0.164951 0.685668
vt 0.174499 0.687467
vt 0.163801 0.689983
vt 0.164138 0.683886
vt 0.162837 0.683700
vt 0.160393 0.685203
vt 0.160279 0.683449
vt 0.162008 0.682863
vt 0.944159 0.067298
vt 0.943679 0.066053
vt 0.944159 0.064721
vt 0.158753 0.684682
vt 0.942081 0.105514
vt 0.940090 0.102595
vt 0.943544 0.105742
vt 0.940989 0.102435
vt 0.945238 0.106009
vt 0.391742 0.914402
vt 0.390146 0.914711
vt 0.390159 0.910967
vt 0.937575 0.098802
vt 0.391854 0.910810
vt 0.391171 0.908168
vt 0.392780 0.908880
vt 0.396000 0.910771
vt 0.394377 0.913291
vt 0.399272 0.912774
vt 0.400448 0.915242
vt 0.395985 0.915462
vt 0.400475 0.911334
vt 0.403009 0.911367
vt 0.402995 0.916085
vt 0.400409 0.919461
vt 0.399341 0.917437
vt 0.401675 0.922824
vt 0.403360 0.920339
vt 0.399253 0.921544
vt 0.395977 0.919150
vt 0.394357 0.923873
vt 0.392436 0.921636
vt 0.399463 0.924440
vt 0.400244 0.926692
vt 0.395970 0.927641
vt 0.403355 0.925892
vt 0.400433 0.930016
vt 0.403355 0.928970
vt 0.402099 0.932149
vt 0.395971 0.930538
vt 0.400408 0.935176
vt 0.396805 0.933173
vt 0.400680 0.939262
vt 0.399408 0.936523
vt 0.403364 0.938130
vt 0.403453 0.934515
vt 0.394362 0.936122
vt 0.395981 0.938485
vt 0.391727 0.933150
vt 0.391610 0.939088
vt 0.391731 0.935907
vt 0.391537 0.929610
vt 0.389910 0.934637
vt 0.390129 0.929527
vt 0.936495 0.078890
vt 0.937960 0.076998
vt 0.936196 0.081474
vt 0.389258 0.931986
vt 0.390425 0.937373
vt 0.389264 0.936517
vt 0.941344 0.078093
vt 0.390027 0.940763
vt 0.389274 0.940636
vt 0.941582 0.076842
vt 0.940592 0.072955
vt 0.942382 0.083417
vt 0.942291 0.078591
vt 0.787573 0.996423
vt 0.786312 0.996423
vt 0.787035 0.990989
vt 0.857584 0.990941
vt 0.858559 0.990970
vt 0.857889 0.996375
vt 0.788019 0.990992
vt 0.157625 0.690412
vt 0.156878 0.690469
vt 0.154532 0.690255
vt 0.786263 0.990989
vt 0.157184 0.690543
vt 0.155149 0.689671
vt 0.159889 0.691067
vt 0.156237 0.690749
vt 0.978037 0.109169
vt 0.978089 0.117389
vt 0.978001 0.113244
vt 0.152985 0.689566
vt 0.977994 0.117345
vt 0.977991 0.121413
vt 0.155282 0.684263
vt 0.155903 0.684277
vt 0.155982 0.689669
vt 0.157172 0.689993
vt 0.154828 0.689603
vt 0.999037 0.429692
vt 0.999744 0.429687
vt 0.999744 0.435121
vt 0.998999 0.435125
vt 0.938903 0.087170
vt 0.939614 0.087545
vt 0.935755 0.091205
vt 0.935490 0.085603
vt 0.939149 0.086433
vt 0.932742 0.889649
vt 0.933474 0.889671
vt 0.932751 0.895080
vt 0.933474 0.895100
vt 0.998681 0.413983
vt 0.999372 0.413981
vt 0.999173 0.419414
vt 0.998659 0.419416
vt 0.155543 0.689599
vt 0.156904 0.689530
vt 0.153946 0.689107
vt 0.157790 0.689256
vt 0.982350 0.977538
vt 0.982448 0.982364
vt 0.982347 0.982543
vt 0.984320 0.981164
vt 0.984027 0.984694
vt 0.982355 0.986699
vt 0.985047 0.979708
vt 0.984357 0.988886
vt 0.985052 0.986592
vt 0.160515 0.686961
vt 0.160639 0.687331
vt 0.157653 0.687311
vt 0.162214 0.687713
vt 0.985063 0.992045
vt 0.159653 0.687823
vt 0.157611 0.686741
vt 0.928130 0.583897
vt 0.928130 0.582818
vt 0.928324 0.585076
vt 0.928129 0.585343
vt 0.928128 0.586770
vt 0.928324 0.580644
vt 0.928127 0.588163
vt 0.162301 0.686571
vt 0.928318 0.590473
vt 0.918902 0.589408
vt 0.917388 0.587457
vt 0.928125 0.589506
vt 0.928123 0.590785
vt 0.928120 0.591986
vt 0.920226 0.591269
vt 0.921410 0.592926
vt 0.828801 0.175153
vt 0.830159 0.174036
vt 0.828822 0.176996
vt 0.918362 0.590781
vt 0.831172 0.173944
vt 0.830874 0.177484
vt 0.828878 0.180309
vt 0.914981 0.589100
vt 0.915917 0.588145
vt 0.913151 0.587084
vt 0.914786 0.585763
vt 0.912536 0.584848
vt 0.916527 0.586060
vt 0.916099 0.584754
vt 0.916099 0.583536
vt 0.915231 0.582259
vt 0.913825 0.582944
vt 0.917184 0.579570
vt 0.916378 0.581499
vt 0.914207 0.580343
vt 0.918618 0.578089
vt 0.916906 0.578161
vt 0.928129 0.579601
vt 0.928130 0.581183
vt 0.919411 0.576896
vt 0.919224 0.575491
vt 0.916023 0.577213
vt 0.997234 0.880078
vt 0.995671 0.877951
vt 0.997234 0.876101
vt 0.163548 0.675447
vt 0.165594 0.676236
vt 0.165441 0.678615
vt 0.163522 0.678780
vt 0.164554 0.672726
vt 0.342417 0.999640
vt 0.341556 0.997259
vt 0.342417 0.994350
vt 0.912350 0.581019
vt 0.911504 0.584229
vt 0.912007 0.580288
vt 0.165243 0.671247
vt 0.163537 0.671470
vt 0.911427 0.582697
vt 0.911484 0.581276
vt 0.166108 0.671060
vt 0.166091 0.671543
vt 0.165943 0.672387
vt 0.166124 0.670674
vt 0.167667 0.677462
vt 0.175339 0.673266
vt 0.175488 0.672172
vt 0.177296 0.671670
vt 0.175909 0.671600
vt 0.176315 0.671137
vt 0.176589 0.670883
vt 0.177849 0.670564
vt 0.878579 0.669340
vt 0.878755 0.667110
vt 0.878755 0.670288
vt 0.176610 0.670617
vt 0.165943 0.670494
vt 0.842973 0.183894
vt 0.841764 0.183755
vt 0.841550 0.183603
vt 0.166151 0.670298
vt 0.831312 0.183696
vt 0.836206 0.183180
vt 0.831348 0.183507
vt 0.842429 0.183337
vt 0.841665 0.181981
vt 0.842880 0.182021
vt 0.840754 0.182257
vt 0.944169 0.875658
vt 0.942230 0.876720
vt 0.941345 0.874415
vt 0.940823 0.874851
vt 0.942937 0.879857
vt 0.944715 0.880483
vt 0.945463 0.878765
vt 0.945964 0.874348
vt 0.943619 0.880645
vt 0.941938 0.873891
vt 0.943129 0.872730
vt 0.945703 0.870987
vt 0.947696 0.870775
vt 0.954003 0.874137
vt 0.953315 0.878301
vt 0.953902 0.876593
vt 0.953776 0.882118
vt 0.953233 0.881225
vt 0.945340 0.882187
vt 0.953579 0.884564
vt 0.945631 0.885115
vt 0.955344 0.886317
vt 0.954525 0.888092
vt 0.946259 0.887866
vt 0.946921 0.890347
vt 0.945756 0.889413
vt 0.409077 0.930214
vt 0.409717 0.925533
vt 0.409717 0.931560
vt 0.951641 0.890806
vt 0.950471 0.892172
vt 0.955350 0.891691
vt 0.954608 0.893414
vt 0.950433 0.893393
vt 0.945739 0.892485
vt 0.941880 0.892775
vt 0.945727 0.893590
vt 0.944397 0.890317
vt 0.181120 0.669150
vt 0.183159 0.667565
vt 0.181257 0.672738
vt 0.183504 0.664524
vt 0.942176 0.894081
vt 0.182469 0.670446
vt 0.937267 0.894182
vt 0.182234 0.674258
vt 0.180609 0.677617
vt 0.182649 0.675612
vt 0.183116 0.681646
vt 0.178269 0.682094
vt 0.191936 0.671774
vt 0.191296 0.670094
vt 0.183345 0.669893
vt 0.187559 0.680760
vt 0.187538 0.681464
vt 0.186276 0.682196
vt 0.179302 0.684420
vt 0.182407 0.684494
vt 0.180472 0.686778
vt 0.176544 0.686756
vt 0.173776 0.684512
vt 0.174871 0.688491
vt 0.172236 0.686589
vt 0.171526 0.682763
vt 0.175174 0.682120
vt 0.176003 0.681771
vt 0.176055 0.673372
vt 0.640892 0.441003
vt 0.641045 0.440416
vt 0.641045 0.441373
vt 0.172151 0.681174
vt 0.177341 0.681238
vt 0.176955 0.673388
vt 0.177811 0.673153
vt 0.935228 0.893191
vt 0.933476 0.893700
vt 0.940970 0.886755
vt 0.935432 0.893704
vt 0.179033 0.679347
vt 0.179499 0.676679
vt 0.938028 0.892642
vt 0.942309 0.889586
vt 0.942020 0.887853
vt 0.941526 0.887009
vt 0.943501 0.886221
vt 0.942252 0.884703
vt 0.167978 0.679475
vt 0.168140 0.682041
vt 0.165735 0.681131
vt 0.166767 0.682909
vt 0.169065 0.686113
vt 0.167655 0.688124
vt 0.165862 0.687969
vt 0.164672 0.684788
vt 0.164828 0.688079
vt 0.163545 0.680287
vt 0.920706 0.575148
vt 0.925059 0.573676
vt 0.928122 0.575103
vt 0.928311 0.573166
vt 0.928319 0.576611
vt 0.164820 0.688391
vt 0.168456 0.688386
vt 0.161249 0.688443
vt 0.170985 0.688830
vt 0.166653 0.688601
vt 0.163329 0.689297
vt 0.984697 0.994435
vt 0.983450 0.992556
vt 0.160554 0.690701
vt 0.982372 0.993996
vt 0.982361 0.990179
vt 0.158235 0.690313
vt 0.158653 0.690468
vt 0.158767 0.690564
vt 0.856869 0.996375
vt 0.998124 0.070965
vt 0.997008 0.070880
vt 0.998124 0.065517
vt 0.856764 0.990961
vt 0.947536 0.075233
vt 0.943155 0.077870
vt 0.942697 0.076682
vt 0.944450 0.078813
vt 0.996947 0.065424
vt 0.898856 0.066716
vt 0.898640 0.065999
vt 0.898807 0.063048
vt 0.895019 0.065475
vt 0.894615 0.063229
vt 0.898627 0.060895
vt 0.898844 0.058385
vt 0.894184 0.060321
vt 0.898535 0.059194
vt 0.898636 0.056303
vt 0.968698 0.146169
vt 0.968698 0.150889
vt 0.968294 0.148869
vt 0.894029 0.057706
vt 0.889380 0.056256
vt 0.893948 0.054168
vt 0.898630 0.052911
vt 0.898849 0.052936
vt 0.888725 0.058499
vt 0.888551 0.054562
vt 0.887002 0.055521
vt 0.889460 0.051992
vt 0.888593 0.051216
vt 0.886887 0.051635
vt 0.887015 0.058289
vt 0.884941 0.056860
vt 0.884892 0.054297
vt 0.100292 0.948990
vt 0.102541 0.949483
vt 0.100164 0.951544
vt 0.885455 0.059303
vt 0.100597 0.946588
vt 0.102904 0.946964
vt 0.104621 0.945356
vt 0.102727 0.943562
vt 0.100898 0.944746
vt 0.105557 0.947943
vt 0.104132 0.942224
vt 0.105478 0.942134
vt 0.698345 0.762861
vt 0.700250 0.762648
vt 0.699242 0.765630
vt 0.108253 0.946540
vt 0.106519 0.944510
vt 0.110833 0.945384
vt 0.111183 0.947407
vt 0.113771 0.945376
vt 0.113009 0.949292
vt 0.110936 0.949552
vt 0.107147 0.949885
vt 0.113043 0.952123
vt 0.108371 0.951984
vt 0.113411 0.955067
vt 0.109688 0.953463
vt 0.114949 0.951874
vt 0.115093 0.947785
vt 0.114717 0.956263
vt 0.297113 0.799017
vt 0.299603 0.800985
vt 0.295525 0.800742
vt 0.303853 0.802661
vt 0.301961 0.800322
vt 0.305957 0.802387
vt 0.306725 0.804547
vt 0.113470 0.958355
vt 0.115022 0.959285
vt 0.310103 0.806516
vt 0.309189 0.807896
vt 0.305692 0.805241
vt 0.312188 0.810374
vt 0.313152 0.813007
vt 0.114690 0.962046
vt 0.113668 0.962566
vt 0.175002 0.671499
vt 0.175176 0.676233
vt 0.173905 0.672925
vt 0.176916 0.674802
vt 0.177602 0.678670
vt 0.174965 0.678604
vt 0.173441 0.676968
vt 0.314236 0.811624
vt 0.312760 0.808408
vt 0.316031 0.815654
vt 0.310350 0.804514
vt 0.308277 0.800823
vt 0.305590 0.800134
vt 0.299524 0.797994
vt 0.302812 0.797103
vt 0.298613 0.796019
vt 0.303058 0.795557
vt 0.308473 0.794481
vt 0.307837 0.794175
vt 0.306991 0.793994
vt 0.301308 0.791821
vt 0.312063 0.791604
vt 0.301716 0.795309
vt 0.273242 0.847882
vt 0.272978 0.845525
vt 0.273242 0.845072
vt 0.303583 0.790986
vt 0.309862 0.790599
vt 0.314942 0.789486
vt 0.310382 0.790093
vt 0.313559 0.785870
vt 0.318550 0.785805
vt 0.988587 0.123843
vt 0.988728 0.128675
vt 0.988477 0.126550
vt 0.312187 0.786437
vt 0.314828 0.783803
vt 0.309492 0.788525
vt 0.310150 0.789473
vt 0.751342 0.873319
vt 0.754744 0.873374
vt 0.752747 0.875478
vt 0.755438 0.870512
vt 0.751893 0.872017
vt 0.750493 0.877303
vt 0.748384 0.875073
vt 0.318019 0.782055
vt 0.994267 0.824686
vt 0.993659 0.824683
vt 0.993851 0.817699
vt 0.994259 0.817712
vt 0.994314 0.824705
vt 0.309577 0.789398
vt 0.285848 0.992611
vt 0.286311 0.992614
vt 0.286066 0.999598
vt 0.309190 0.789827
vt 0.286311 0.999601
vt 0.285492 0.999596
vt 0.779052 0.339182
vt 0.779554 0.338897
vt 0.779572 0.339519
vt 0.780084 0.339225
vt 0.779000 0.339756
vt 0.780084 0.339892
vt 0.779518 0.340104
vt 0.209147 0.992510
vt 0.209586 0.992506
vt 0.209262 0.999492
vt 0.209817 0.999492
vt 0.210169 0.992512
vt 0.285301 0.992610
vt 0.309323 0.790389
vt 0.993128 0.824705
vt 0.993273 0.817710
vt 0.318796 0.781963
vt 0.461713 0.998994
vt 0.461048 0.992010
vt 0.461917 0.992008
vt 0.317920 0.781173
vt 0.461005 0.998996
vt 0.078638 0.992037
vt 0.079285 0.999017
vt 0.078519 0.999025
vt 0.502109 0.999061
vt 0.501360 0.992083
vt 0.502147 0.992074
vt 0.079285 0.992034
vt 0.132125 0.336652
vt 0.132529 0.336288
vt 0.132529 0.337096
vt 0.501387 0.999061
vt 0.131784 0.337104
vt 0.131691 0.336241
vt 0.462080 0.998996
vt 0.461992 0.992011
vt 0.079304 0.373558
vt 0.079300 0.372753
vt 0.079304 0.371632
vt 0.179465 0.965359
vt 0.177138 0.964212
vt 0.177141 0.962133
vt 0.179470 0.961721
vt 0.177136 0.966513
vt 0.746976 0.877087
vt 0.746204 0.877307
vt 0.744030 0.877460
vt 0.179464 0.969813
vt 0.359930 0.871427
vt 0.358815 0.872855
vt 0.358693 0.872558
vt 0.360410 0.870453
vt 0.357222 0.874841
vt 0.177135 0.968961
vt 0.361162 0.870099
vt 0.362403 0.868608
vt 0.177136 0.971549
vt 0.363941 0.867778
vt 0.362502 0.868879
vt 0.177140 0.975116
vt 0.179467 0.973883
vt 0.365373 0.866543
vt 0.964722 0.492750
vt 0.976519 0.492732
vt 0.976521 0.494502
vt 0.964723 0.494520
vt 0.976522 0.496299
vt 0.365468 0.866803
vt 0.964725 0.496316
vt 0.976525 0.498109
vt 0.367072 0.865961
vt 0.964727 0.498127
vt 0.368647 0.865003
vt 0.368742 0.865258
vt 0.976528 0.499919
vt 0.179472 0.977827
vt 0.177145 0.978733
vt 0.179477 0.980526
vt 0.177151 0.981423
vt 0.371241 0.864200
vt 0.370465 0.864699
vt 0.372230 0.864288
vt 0.964734 0.501735
vt 0.976531 0.501717
vt 0.976535 0.503489
vt 0.964730 0.499937
vt 0.190698 0.904500
vt 0.190392 0.906286
vt 0.187664 0.906748
vt 0.188258 0.903429
vt 0.190852 0.902695
vt 0.964738 0.503507
vt 0.189936 0.908040
vt 0.976540 0.505222
vt 0.964742 0.505240
vt 0.375831 0.863922
vt 0.374023 0.864029
vt 0.373922 0.863766
vt 0.976545 0.506905
vt 0.377539 0.863690
vt 0.179486 0.983841
vt 0.177158 0.984035
vt 0.179494 0.986544
vt 0.177168 0.987342
vt 0.727271 0.877170
vt 0.730019 0.878138
vt 0.724676 0.879279
vt 0.724870 0.875901
vt 0.724458 0.877113
vt 0.179503 0.988888
vt 0.721938 0.873782
vt 0.723769 0.876220
vt 0.177177 0.989647
vt 0.179516 0.991726
vt 0.380236 0.864011
vt 0.382862 0.864705
vt 0.381220 0.864523
vt 0.379443 0.864170
vt 0.177187 0.991729
vt 0.385394 0.865687
vt 0.384653 0.865672
vt 0.382961 0.865025
vt 0.205393 0.987102
vt 0.205420 0.989062
vt 0.203069 0.987486
vt 0.203092 0.989061
vt 0.203042 0.984899
vt 0.719746 0.872345
vt 0.720331 0.872272
vt 0.718301 0.869765
vt 0.205370 0.984900
vt 0.203016 0.981269
vt 0.715549 0.868957
vt 0.716311 0.868299
vt 0.716325 0.866212
vt 0.715622 0.867406
vt 0.713172 0.866663
vt 0.714747 0.861032
vt 0.205331 0.978264
vt 0.202998 0.976028
vt 0.205346 0.981700
vt 0.390646 0.869200
vt 0.393122 0.871837
vt 0.391971 0.870901
vt 0.205325 0.975591
vt 0.394688 0.874056
vt 0.394171 0.873776
vt 0.393132 0.872292
vt 0.146394 0.967750
vt 0.134598 0.967750
vt 0.134591 0.965998
vt 0.390696 0.869614
vt 0.146403 0.969456
vt 0.134607 0.969455
vt 0.173755 0.920111
vt 0.176183 0.919396
vt 0.176637 0.921915
vt 0.178318 0.921240
vt 0.146387 0.965999
vt 0.174905 0.922446
vt 0.661567 0.964266
vt 0.661579 0.966719
vt 0.658187 0.963684
vt 0.654863 0.965947
vt 0.654870 0.967759
vt 0.661588 0.970073
vt 0.173134 0.922828
vt 0.170416 0.920572
vt 0.167048 0.920429
vt 0.169527 0.923135
vt 0.654876 0.970966
vt 0.661588 0.973433
vt 0.171337 0.923058
vt 0.654874 0.969359
vt 0.920363 0.974625
vt 0.919723 0.972466
vt 0.919586 0.970864
vt 0.654875 0.973361
vt 0.654758 0.971758
vt 0.919700 0.970061
vt 0.928572 0.965081
vt 0.928572 0.975041
vt 0.920309 0.965575
vt 0.919654 0.968457
vt 0.920938 0.963108
vt 0.922462 0.962256
vt 0.923461 0.962421
vt 0.919997 0.966072
vt 0.920405 0.964518
vt 0.596802 0.990642
vt 0.600142 0.991160
vt 0.600167 0.991943
vt 0.596830 0.991943
vt 0.658193 0.978637
vt 0.654856 0.978589
vt 0.654864 0.977227
vt 0.921693 0.962355
vt 0.600196 0.990388
vt 0.746928 0.581509
vt 0.745544 0.584109
vt 0.745634 0.582290
vt 0.661562 0.979743
vt 0.658174 0.981164
vt 0.661579 0.976691
vt 0.661536 0.982489
vt 0.160657 0.918369
vt 0.163760 0.919687
vt 0.162416 0.921915
vt 0.160735 0.921240
vt 0.159117 0.920424
vt 0.157839 0.916519
vt 0.134631 0.950297
vt 0.146427 0.950298
vt 0.146414 0.951884
vt 0.134646 0.948791
vt 0.146442 0.948792
vt 0.157574 0.919474
vt 0.134618 0.951883
vt 0.397118 0.889418
vt 0.397395 0.887628
vt 0.397722 0.887074
vt 0.397519 0.885820
vt 0.203046 0.962136
vt 0.205393 0.960232
vt 0.205370 0.962510
vt 0.397345 0.889763
vt 0.205346 0.965789
vt 0.397722 0.883456
vt 0.397489 0.884009
vt 0.397306 0.882206
vt 0.205331 0.969277
vt 0.203007 0.968105
vt 0.397119 0.879889
vt 0.203018 0.965788
vt 0.714814 0.853099
vt 0.714968 0.850752
vt 0.715443 0.850755
vt 0.716139 0.845739
vt 0.717078 0.847033
vt 0.715024 0.844515
vt 0.715709 0.844662
vt 0.911855 0.997536
vt 0.910946 0.997538
vt 0.911874 0.992884
vt 0.910848 0.992892
vt 0.717165 0.845199
vt 0.912304 0.997569
vt 0.912304 0.992924
vt 0.220318 0.841638
vt 0.219495 0.841123
vt 0.220869 0.839641
vt 0.217426 0.841395
vt 0.022467 0.993962
vt 0.023234 0.993964
vt 0.023185 0.998620
vt 0.218627 0.841790
vt 0.993147 0.145097
vt 0.988474 0.146742
vt 0.988508 0.143532
vt 0.214300 0.843666
vt 0.993184 0.142066
vt 0.988548 0.140699
vt 0.717295 0.841389
vt 0.716631 0.844210
vt 0.721638 0.840796
vt 0.720027 0.838656
vt 0.404896 0.859877
vt 0.409491 0.858408
vt 0.409611 0.861138
vt 0.724443 0.836829
vt 0.404784 0.857061
vt 0.409382 0.855283
vt 0.723153 0.836385
vt 0.218925 0.842460
vt 0.218284 0.844745
vt 0.211618 0.846282
vt 0.216101 0.846470
vt 0.404699 0.854386
vt 0.209725 0.848818
vt 0.210287 0.849375
vt 0.211338 0.849471
vt 0.213658 0.849047
vt 0.547095 0.994882
vt 0.548104 0.994936
vt 0.547102 0.999541
vt 0.021837 0.993964
vt 0.022244 0.998620
vt 0.548104 0.999604
vt 0.219929 0.842519
vt 0.220631 0.843380
vt 0.977768 0.861330
vt 0.985528 0.861324
vt 0.985506 0.863492
vt 0.977745 0.863498
vt 0.985487 0.865831
vt 0.223118 0.842288
vt 0.977794 0.859416
vt 0.852942 0.914930
vt 0.851487 0.917219
vt 0.848800 0.916936
vt 0.850007 0.918473
vt 0.977353 0.863046
vt 0.846590 0.915235
vt 0.658382 0.179910
vt 0.657783 0.179285
vt 0.659607 0.179843
vt 0.729172 0.065833
vt 0.730695 0.064794
vt 0.730695 0.066586
vt 0.654950 0.338138
vt 0.653338 0.338666
vt 0.653344 0.337752
vt 0.847582 0.918137
vt 0.842975 0.918231
vt 0.654950 0.339974
vt 0.846279 0.922211
vt 0.839412 0.921133
vt 0.848875 0.919325
vt 0.847736 0.921134
vt 0.653340 0.340102
vt 0.848305 0.242103
vt 0.849636 0.241888
vt 0.849636 0.243512
vt 0.658030 0.177987
vt 0.659607 0.177938
vt 0.658638 0.178847
vt 0.841256 0.922887
vt 0.985478 0.867486
vt 0.977717 0.867492
vt 0.977727 0.865837
vt 0.843927 0.923569
vt 0.985470 0.869197
vt 0.977707 0.870081
vt 0.985465 0.870888
vt 0.226618 0.841365
vt 0.224848 0.841752
vt 0.224692 0.838374
vt 0.228349 0.841135
vt 0.230387 0.839060
vt 0.230933 0.839953
vt 0.231130 0.841082
vt 0.985462 0.873643
vt 0.234719 0.841530
vt 0.977701 0.874552
vt 0.985465 0.877260
vt 0.977701 0.872746
vt 0.976899 0.873803
vt 0.839107 0.923993
vt 0.840379 0.924756
vt 0.839705 0.925183
vt 0.837035 0.925680
vt 0.977704 0.877266
vt 0.985477 0.880707
vt 0.977712 0.879952
vt 0.834327 0.925872
vt 0.831072 0.923799
vt 0.832516 0.925795
vt 0.977720 0.881703
vt 0.985498 0.884226
vt 0.977731 0.883409
vt 0.830719 0.925565
vt 0.830380 0.925059
vt 0.977743 0.885056
vt 0.985518 0.886628
vt 0.241416 0.844196
vt 0.238070 0.842541
vt 0.242067 0.843251
vt 0.243051 0.843506
vt 0.243649 0.845741
vt 0.977757 0.886634
vt 0.985535 0.888124
vt 0.250339 0.848028
vt 0.245012 0.846934
vt 0.977783 0.888834
vt 0.985556 0.889767
vt 0.246481 0.848484
vt 0.250202 0.850998
vt 0.247923 0.850393
vt 0.352991 0.940044
vt 0.353000 0.941764
vt 0.345235 0.941094
vt 0.977811 0.890836
vt 0.345242 0.942457
vt 0.822374 0.922212
vt 0.820917 0.921134
vt 0.821305 0.920186
vt 0.824723 0.923568
vt 0.819816 0.919781
vt 0.717051 0.166287
vt 0.715861 0.165106
vt 0.717051 0.164434
vt 0.715950 0.166891
vt 0.596170 0.285308
vt 0.597760 0.284050
vt 0.597811 0.285656
vt 0.821762 0.918404
vt 0.822812 0.915929
vt 0.596173 0.283112
vt 0.597811 0.283365
vt 0.819862 0.918198
vt 0.819170 0.914344
vt 0.596107 0.284109
vt 0.656511 0.338964
vt 0.658071 0.339874
vt 0.656581 0.340136
vt 0.609447 0.283418
vt 0.611060 0.283112
vt 0.611056 0.284105
vt 0.658071 0.338062
vt 0.609446 0.284955
vt 0.611060 0.285657
vt 0.656793 0.337752
vt 0.668202 0.839666
vt 0.667432 0.840701
vt 0.667412 0.836184
vt 0.827962 0.919430
vt 0.819363 0.910746
vt 0.668181 0.833421
vt 0.667399 0.830385
vt 0.668190 0.836521
vt 0.997230 0.644175
vt 0.996472 0.645544
vt 0.996426 0.641585
vt 0.153688 0.951574
vt 0.158541 0.952559
vt 0.157143 0.953907
vt 0.161624 0.955314
vt 0.997187 0.640037
vt 0.165219 0.952128
vt 0.167980 0.955174
vt 0.996389 0.635412
vt 0.162306 0.953650
vt 0.161498 0.953598
vt 0.832480 0.920703
vt 0.830139 0.922532
vt 0.837169 0.920480
vt 0.997165 0.635410
vt 0.996385 0.630736
vt 0.997165 0.629256
vt 0.172386 0.953557
vt 0.169634 0.952916
vt 0.175237 0.951475
vt 0.996396 0.627442
vt 0.997187 0.625081
vt 0.996417 0.624449
vt 0.172153 0.950573
vt 0.177636 0.948881
vt 0.996436 0.622801
vt 0.178818 0.946937
vt 0.175626 0.948427
vt 0.174916 0.948861
vt 0.169875 0.949439
vt 0.511851 0.806191
vt 0.511621 0.806139
vt 0.512512 0.803217
vt 0.203273 0.828166
vt 0.203657 0.831119
vt 0.202758 0.831119
vt 0.174946 0.947910
vt 0.203452 0.828095
vt 0.027284 0.995725
vt 0.027284 0.998788
vt 0.026592 0.998600
vt 0.512512 0.806328
vt 0.164338 0.950530
vt 0.760088 0.822046
vt 0.760532 0.817687
vt 0.760514 0.823317
vt 0.178666 0.945358
vt 0.776192 0.688660
vt 0.774680 0.684570
vt 0.776969 0.689180
vt 0.664328 0.913092
vt 0.664751 0.911879
vt 0.664753 0.913859
vt 0.171526 0.947958
vt 0.174099 0.945041
vt 0.664323 0.909621
vt 0.664753 0.908635
vt 0.692016 0.173914
vt 0.691612 0.174729
vt 0.691561 0.171899
vt 0.783563 0.693027
vt 0.779889 0.691750
vt 0.782969 0.689721
vt 0.780737 0.688622
vt 0.678304 0.982720
vt 0.682920 0.981362
vt 0.683021 0.984185
vt 0.786241 0.690114
vt 0.678386 0.984651
vt 0.959888 0.921999
vt 0.964551 0.921626
vt 0.964526 0.923476
vt 0.161771 0.959889
vt 0.163222 0.957867
vt 0.164229 0.958232
vt 0.165160 0.956315
vt 0.959866 0.923966
vt 0.162559 0.960545
vt 0.166892 0.956647
vt 0.992421 0.770388
vt 0.992424 0.768102
vt 0.993395 0.767962
vt 0.992433 0.766560
vt 0.427362 0.617547
vt 0.428221 0.617320
vt 0.426973 0.619452
vt 0.430168 0.618472
vt 0.423196 0.618724
vt 0.424730 0.617333
vt 0.993406 0.766323
vt 0.426477 0.617626
vt 0.425591 0.617554
vt 0.993391 0.770638
vt 0.992422 0.773433
vt 0.993392 0.773432
vt 0.432279 0.616554
vt 0.429763 0.616451
vt 0.429029 0.616951
vt 0.689044 0.977803
vt 0.688654 0.944893
vt 0.689530 0.944893
vt 0.430403 0.615833
vt 0.689644 0.977804
vt 0.690367 0.944894
vt 0.690403 0.977805
vt 0.690995 0.980280
vt 0.911978 0.883217
vt 0.911681 0.882463
vt 0.914090 0.881815
vt 0.688102 0.980278
vt 0.913004 0.879965
vt 0.914638 0.884698
vt 0.916179 0.882386
vt 0.914722 0.879116
vt 0.911271 0.881765
vt 0.911452 0.878487
vt 0.910758 0.881139
vt 0.912823 0.877203
vt 0.691109 0.977806
vt 0.691142 0.944896
vt 0.691745 0.977808
vt 0.615960 0.614290
vt 0.616571 0.611696
vt 0.616533 0.615738
vt 0.908749 0.875409
vt 0.179651 0.995478
vt 0.180193 0.994380
vt 0.180267 0.996247
vt 0.616004 0.610808
vt 0.179563 0.992276
vt 0.733488 0.582718
vt 0.736669 0.580523
vt 0.741656 0.588528
vt 0.738783 0.576929
vt 0.739242 0.579330
vt 0.744334 0.582172
vt 0.739537 0.569232
vt 0.739244 0.573977
vt 0.596804 0.989342
vt 0.596892 0.984278
vt 0.600228 0.984273
vt 0.031925 0.980604
vt 0.031892 0.981438
vt 0.028555 0.981457
vt 0.028587 0.980623
vt 0.928688 0.975112
vt 0.923516 0.977804
vt 0.028576 0.986834
vt 0.928688 0.965010
vt 0.031913 0.986816
vt 0.031920 0.988121
vt 0.028580 0.987631
vt 0.923031 0.977780
vt 0.922732 0.978001
vt 0.921381 0.977509
vt 0.028589 0.988937
vt 0.031925 0.988963
vt 0.654850 0.964200
vt 0.920485 0.975828
vt 0.746091 0.566651
vt 0.744786 0.566692
vt 0.743077 0.560792
vt 0.661521 0.959056
vt 0.658160 0.960459
vt 0.658127 0.957751
vt 0.745219 0.563394
vt 0.740504 0.558614
vt 0.737871 0.569311
vt 0.301705 0.983793
vt 0.298332 0.984359
vt 0.298320 0.981906
vt 0.661494 0.957117
vt 0.184296 0.917200
vt 0.181286 0.916462
vt 0.183163 0.914764
vt 0.184765 0.912805
vt 0.186687 0.914482
vt 0.301696 0.981900
vt 0.185549 0.915891
vt 0.134662 0.975580
vt 0.146459 0.975581
vt 0.146477 0.976883
vt 0.976569 0.512892
vt 0.964772 0.512910
vt 0.964765 0.511547
vt 0.134681 0.976882
vt 0.187702 0.912981
vt 0.976563 0.511529
vt 0.964759 0.510088
vt 0.976556 0.510070
vt 0.964753 0.508543
vt 0.188586 0.911399
vt 0.976551 0.508525
vt 0.964747 0.506923
vt 0.189332 0.909748
vt 0.186487 0.909907
vt 0.298311 0.979825
vt 0.301685 0.979074
vt 0.298304 0.977554
vt 0.301675 0.975964
vt 0.730707 0.564578
vt 0.736021 0.556292
vt 0.738349 0.557285
vt 0.732337 0.555415
vt 0.298294 0.973921
vt 0.727712 0.555298
vt 0.301668 0.972673
vt 0.298286 0.969309
vt 0.726154 0.565123
vt 0.723214 0.556380
vt 0.301660 0.967625
vt 0.298282 0.964760
vt 0.301663 0.970147
vt 0.188328 0.900899
vt 0.190852 0.900883
vt 0.188019 0.898387
vt 0.190698 0.899078
vt 0.301658 0.964343
vt 0.189936 0.895539
vt 0.190392 0.897292
vt 0.187115 0.895139
vt 0.298282 0.961258
vt 0.185645 0.892106
vt 0.188586 0.892180
vt 0.301658 0.961253
vt 0.189332 0.893831
vt 0.719795 0.558009
vt 0.723799 0.566436
vt 0.298285 0.958458
vt 0.717100 0.560033
vt 0.676457 0.443031
vt 0.677042 0.442533
vt 0.677031 0.445478
vt 0.676449 0.445479
vt 0.677029 0.447900
vt 0.721047 0.570120
vt 0.711021 0.571766
vt 0.720419 0.575904
vt 0.571186 0.949913
vt 0.571736 0.946794
vt 0.571736 0.952612
vt 0.676469 0.441559
vt 0.714809 0.562506
vt 0.711880 0.568077
vt 0.713384 0.564598
vt 0.301682 0.952630
vt 0.298305 0.952816
vt 0.298317 0.951762
vt 0.301673 0.954071
vt 0.298295 0.954504
vt 0.301694 0.951735
vt 0.178397 0.885209
vt 0.175294 0.883892
vt 0.176637 0.881663
vt 0.171795 0.883136
vt 0.173134 0.880751
vt 0.174905 0.881133
vt 0.976545 0.478334
vt 0.964747 0.478351
vt 0.964753 0.477752
vt 0.976540 0.479076
vt 0.964742 0.479094
vt 0.178318 0.882339
vt 0.354844 0.884709
vt 0.354874 0.886520
vt 0.354622 0.887075
vt 0.976551 0.477734
vt 0.355057 0.888323
vt 0.355037 0.889759
vt 0.354584 0.884359
vt 0.179490 0.956869
vt 0.177163 0.956662
vt 0.177171 0.955898
vt 0.177155 0.957781
vt 0.757431 0.860486
vt 0.757410 0.864024
vt 0.756420 0.864427
vt 0.179503 0.955688
vt 0.754768 0.868141
vt 0.755889 0.869029
vt 0.179479 0.958680
vt 0.757627 0.858457
vt 0.757865 0.852438
vt 0.758337 0.858348
vt 0.758997 0.859048
vt 0.759139 0.865911
vt 0.757960 0.868561
vt 0.756509 0.871073
vt 0.756365 0.870121
vt 0.989877 0.385958
vt 0.985220 0.386049
vt 0.985227 0.384491
vt 0.989883 0.384483
vt 0.985234 0.383198
vt 0.239716 0.885142
vt 0.236982 0.886110
vt 0.235241 0.884092
vt 0.242210 0.883961
vt 0.989891 0.383190
vt 0.230138 0.885754
vt 0.234145 0.886713
vt 0.985243 0.382254
vt 0.989900 0.382246
vt 0.230292 0.887016
vt 0.985255 0.381485
vt 0.989912 0.381477
vt 0.985269 0.381317
vt 0.989926 0.381309
vt 0.226440 0.886713
vt 0.229112 0.886294
vt 0.760568 0.855449
vt 0.760568 0.859313
vt 0.759961 0.858404
vt 0.759567 0.857526
vt 0.759963 0.851633
vt 0.404957 0.817907
vt 0.409611 0.817857
vt 0.409491 0.818464
vt 0.758769 0.847958
vt 0.758685 0.857661
vt 0.404837 0.818514
vt 0.409382 0.819661
vt 0.222683 0.885811
vt 0.223656 0.883637
vt 0.228566 0.885401
vt 0.404728 0.819711
vt 0.219113 0.884332
vt 0.226752 0.883441
vt 0.224980 0.883065
vt 0.228550 0.883665
vt 0.229454 0.883720
vt 0.218675 0.882195
vt 0.222404 0.882204
vt 0.216719 0.882960
vt 0.229494 0.884790
vt 0.217975 0.882855
vt 0.003795 0.992438
vt 0.004515 0.992453
vt 0.004138 0.997102
vt 0.004515 0.997110
vt 0.975253 0.423074
vt 0.975914 0.423087
vt 0.975914 0.427742
vt 0.975002 0.427733
vt 0.201500 0.783236
vt 0.200787 0.783263
vt 0.200933 0.778597
vt 0.219169 0.880586
vt 0.218375 0.881280
vt 0.202388 0.783241
vt 0.201803 0.778576
vt 0.756330 0.847412
vt 0.757200 0.847001
vt 0.756560 0.850648
vt 0.755150 0.847316
vt 0.755730 0.846721
vt 0.202403 0.778594
vt 0.096065 0.997620
vt 0.095835 0.997616
vt 0.096065 0.992961
vt 0.202434 0.783263
vt 0.755928 0.845988
vt 0.095337 0.992955
vt 0.094959 0.997610
vt 0.753753 0.844987
vt 0.752828 0.843345
vt 0.756799 0.845858
vt 0.765486 0.765596
vt 0.765486 0.770409
vt 0.765293 0.767559
vt 0.603220 0.909573
vt 0.603439 0.912392
vt 0.602919 0.909192
vt 0.603439 0.905850
vt 0.984296 0.283314
vt 0.984478 0.280860
vt 0.283549 0.785908
vt 0.278785 0.781320
vt 0.284185 0.791228
vt 0.279280 0.787035
vt 0.286144 0.789356
vt 0.288101 0.789033
vt 0.286686 0.789156
vt 0.752011 0.838656
vt 0.754744 0.841389
vt 0.749165 0.837882
vt 0.750113 0.840966
vt 0.752028 0.842857
vt 0.287163 0.789527
vt 0.654116 0.992235
vt 0.654365 0.992235
vt 0.654352 0.999219
vt 0.220122 0.998896
vt 0.219774 0.998875
vt 0.220122 0.991905
vt 0.654365 0.999221
vt 0.791155 0.338897
vt 0.791739 0.339165
vt 0.791258 0.339511
vt 0.219550 0.991889
vt 0.790695 0.339245
vt 0.791739 0.339901
vt 0.791209 0.340128
vt 0.790720 0.339822
vt 0.653870 0.999223
vt 0.653545 0.992240
vt 0.653335 0.999229
vt 0.286001 0.789916
vt 0.286603 0.790362
vt 0.916490 0.998663
vt 0.915850 0.998669
vt 0.916041 0.991680
vt 0.917011 0.998669
vt 0.916604 0.991678
vt 0.287153 0.790066
vt 0.293466 0.791047
vt 0.966109 0.399547
vt 0.966158 0.405069
vt 0.965944 0.402872
vt 0.292383 0.791932
vt 0.966071 0.391666
vt 0.965896 0.395492
vt 0.965905 0.397529
vt 0.963493 0.399566
vt 0.965929 0.401119
vt 0.961098 0.403328
vt 0.965968 0.405204
vt 0.961083 0.401573
vt 0.512353 0.765557
vt 0.512541 0.765331
vt 0.512650 0.767819
vt 0.961115 0.405024
vt 0.965990 0.407034
vt 0.961135 0.406661
vt 0.512650 0.763296
vt 0.923787 0.723587
vt 0.922982 0.725210
vt 0.922897 0.725164
vt 0.921962 0.726707
vt 0.922043 0.726760
vt 0.961136 0.406616
vt 0.961157 0.408174
vt 0.953251 0.406241
vt 0.961117 0.404986
vt 0.920902 0.728166
vt 0.950882 0.408475
vt 0.961179 0.409652
vt 0.919723 0.729532
vt 0.920978 0.728226
vt 0.961178 0.409711
vt 0.961156 0.408227
vt 0.966024 0.409396
vt 0.919794 0.729598
vt 0.918434 0.730794
vt 0.918499 0.730866
vt 0.961202 0.411102
vt 0.917044 0.731944
vt 0.917103 0.732021
vt 0.961227 0.412392
vt 0.966074 0.412204
vt 0.989321 0.279324
vt 0.989328 0.280697
vt 0.915615 0.733055
vt 0.915563 0.732973
vt 0.038451 0.929804
vt 0.038457 0.931171
vt 0.023516 0.931193
vt 0.023522 0.932654
vt 0.914001 0.733875
vt 0.038463 0.932632
vt 0.660148 0.631007
vt 0.661082 0.629464
vt 0.023528 0.934198
vt 0.661884 0.627848
vt 0.023533 0.935815
vt 0.038469 0.934176
vt 0.662548 0.626171
vt 0.038474 0.935793
vt 0.912369 0.734643
vt 0.914046 0.733961
vt 0.910678 0.735272
vt 0.912406 0.734733
vt 0.989315 0.277857
vt 0.984469 0.278970
vt 0.984463 0.277481
vt 0.989309 0.276306
vt 0.989304 0.274682
vt 0.910708 0.735364
vt 0.908963 0.735852
vt 0.908941 0.735757
vt 0.023543 0.939220
vt 0.023538 0.937493
vt 0.038479 0.937470
vt 0.038484 0.939198
vt 0.907169 0.736095
vt 0.905375 0.736284
vt 0.907183 0.736191
vt 0.038488 0.940963
vt 0.023547 0.940985
vt 0.023550 0.942775
vt 0.663669 0.620889
vt 0.663443 0.622679
vt 0.903571 0.736322
vt 0.905381 0.736381
vt 0.038491 0.942753
vt 0.023553 0.944578
vt 0.901771 0.736208
vt 0.903569 0.736419
vt 0.038494 0.944555
vt 0.038496 0.946358
vt 0.023555 0.946380
vt 0.899986 0.735945
vt 0.901761 0.736305
vt 0.023557 0.948169
vt 0.663069 0.624444
vt 0.023509 0.929826
vt 0.659088 0.632467
vt 0.660027 0.641668
vt 0.659454 0.641598
vt 0.961203 0.411037
vt 0.961227 0.412321
vt 0.946288 0.412392
vt 0.946263 0.411108
vt 0.657910 0.633833
vt 0.659070 0.642031
vt 0.822523 0.993353
vt 0.822546 0.993356
vt 0.822546 0.999567
vt 0.245833 0.993082
vt 0.246250 0.993096
vt 0.246084 0.999293
vt 0.822430 0.999562
vt 0.657622 0.645382
vt 0.659479 0.642694
vt 0.245154 0.993094
vt 0.245306 0.999293
vt 0.202530 0.992187
vt 0.202990 0.992585
vt 0.202083 0.992569
vt 0.202174 0.998783
vt 0.140047 0.336711
vt 0.140381 0.337148
vt 0.139602 0.337148
vt 0.139615 0.336369
vt 0.140373 0.336241
vt 0.821764 0.993334
vt 0.821795 0.999546
vt 0.202990 0.998793
vt 0.660265 0.642285
vt 0.661877 0.638876
vt 0.661495 0.644941
vt 0.658706 0.650524
vt 0.661616 0.648378
vt 0.670458 0.751745
vt 0.670950 0.745719
vt 0.671627 0.746236
vt 0.670728 0.752065
vt 0.670410 0.753929
vt 0.670189 0.755173
vt 0.671131 0.749565
vt 0.684883 0.756324
vt 0.683607 0.772347
vt 0.677110 0.772666
vt 0.670019 0.757310
vt 0.661616 0.650523
vt 0.661620 0.667211
vt 0.658920 0.671438
vt 0.668695 0.773933
vt 0.661521 0.668079
vt 0.675858 0.774412
vt 0.668623 0.774794
vt 0.674220 0.775852
vt 0.676829 0.776855
vt 0.680561 0.773920
vt 0.684910 0.772741
vt 0.677911 0.775827
vt 0.683513 0.775927
vt 0.273338 0.695888
vt 0.273198 0.692615
vt 0.273338 0.691124
vt 0.684033 0.772380
vt 0.685377 0.756361
vt 0.685787 0.772496
vt 0.686045 0.774097
vt 0.686480 0.756437
vt 0.685554 0.752213
vt 0.687535 0.756022
vt 0.687067 0.753029
vt 0.685527 0.749043
vt 0.685044 0.754320
vt 0.686589 0.749287
vt 0.688646 0.747617
vt 0.687566 0.745587
vt 0.686268 0.746578
vt 0.672009 0.743414
vt 0.687593 0.743975
vt 0.671360 0.741012
vt 0.672296 0.741079
vt 0.026592 0.995725
vt 0.026592 0.998670
vt 0.025872 0.998383
vt 0.672550 0.738810
vt 0.688858 0.742161
vt 0.664690 0.631750
vt 0.662938 0.634106
vt 0.665508 0.629740
vt 0.690565 0.740265
vt 0.672750 0.736843
vt 0.665935 0.628743
vt 0.691691 0.738137
vt 0.672843 0.735867
vt 0.691559 0.736504
vt 0.666607 0.626887
vt 0.673010 0.734047
vt 0.691417 0.735105
vt 0.667134 0.624987
vt 0.691383 0.741565
vt 0.689545 0.743387
vt 0.690318 0.745560
vt 0.279156 0.787765
vt 0.284490 0.791794
vt 0.278873 0.789943
vt 0.281401 0.790953
vt 0.289739 0.794500
vt 0.287929 0.794313
vt 0.283239 0.795643
vt 0.282190 0.796497
vt 0.287748 0.800840
vt 0.283263 0.805251
vt 0.282259 0.807616
vt 0.283468 0.806739
vt 0.282003 0.811154
vt 0.281336 0.809789
vt 0.281454 0.798637
vt 0.280610 0.794815
vt 0.280809 0.798935
vt 0.301709 0.997897
vt 0.302774 0.994260
vt 0.302774 0.999773
vt 0.688989 0.752446
vt 0.688130 0.756525
vt 0.280087 0.798931
vt 0.602919 0.936666
vt 0.603380 0.933741
vt 0.603380 0.938582
vt 0.901410 0.947382
vt 0.900813 0.944369
vt 0.901410 0.941844
vt 0.688393 0.750568
vt 0.280570 0.811807
vt 0.279716 0.813658
vt 0.686695 0.771184
vt 0.687274 0.771607
vt 0.687594 0.769363
vt 0.280185 0.814054
vt 0.688117 0.773276
vt 0.688601 0.768723
vt 0.690207 0.773225
vt 0.689972 0.769523
vt 0.283229 0.811898
vt 0.280273 0.815654
vt 0.691124 0.775693
vt 0.686477 0.776640
vt 0.693862 0.772506
vt 0.692462 0.768768
vt 0.696666 0.772309
vt 0.694611 0.773711
vt 0.694054 0.767761
vt 0.694148 0.763388
vt 0.692927 0.763193
vt 0.110687 0.943515
vt 0.111919 0.943312
vt 0.694084 0.761720
vt 0.691051 0.762078
vt 0.691265 0.766039
vt 0.113867 0.942760
vt 0.288029 0.804457
vt 0.292880 0.802932
vt 0.290097 0.804709
vt 0.286908 0.808491
vt 0.285372 0.808189
vt 0.284279 0.807434
vt 0.287629 0.802315
vt 0.291283 0.799981
vt 0.291599 0.801488
vt 0.293898 0.797610
vt 0.294535 0.795563
vt 0.290122 0.794159
vt 0.294924 0.795274
vt 0.297624 0.793045
vt 0.298165 0.793605
vt 0.080956 0.992099
vt 0.081513 0.999076
vt 0.080924 0.999086
vt 0.081594 0.992091
vt 0.082002 0.999079
vt 0.298679 0.793341
vt 0.109942 0.336447
vt 0.109942 0.337220
vt 0.109521 0.336809
vt 0.796734 0.999387
vt 0.795973 0.999399
vt 0.796034 0.992411
vt 0.109258 0.336241
vt 0.109197 0.337325
vt 0.108928 0.336717
vt 0.673287 0.990962
vt 0.673892 0.997936
vt 0.673241 0.997942
vt 0.673892 0.990952
vt 0.082002 0.992095
vt 0.298698 0.792736
vt 0.298028 0.792378
vt 0.672961 0.990944
vt 0.796734 0.992401
vt 0.673184 0.997918
vt 0.694118 0.775938
vt 0.449554 0.617621
vt 0.451198 0.618033
vt 0.448744 0.619496
vt 0.693615 0.777740
vt 0.691463 0.777965
vt 0.695750 0.776560
vt 0.697789 0.773389
vt 0.692697 0.778843
vt 0.691497 0.779595
vt 0.682311 0.778017
vt 0.679503 0.779579
vt 0.699266 0.781609
vt 0.700594 0.780248
vt 0.699696 0.782464
vt 0.700277 0.779305
vt 0.703393 0.781732
vt 0.702985 0.779454
vt 0.701202 0.778806
vt 0.955037 0.068036
vt 0.947475 0.068014
vt 0.948405 0.067401
vt 0.693674 0.778223
vt 0.450905 0.619706
vt 0.448410 0.619988
vt 0.950369 0.070662
vt 0.953014 0.070485
vt 0.949389 0.069845
vt 0.949856 0.071662
vt 0.949454 0.073786
vt 0.452790 0.619295
vt 0.951430 0.072334
vt 0.948788 0.071695
vt 0.893894 0.999585
vt 0.892829 0.999589
vt 0.892829 0.994160
vt 0.893894 0.994156
vt 0.643549 0.992751
vt 0.644565 0.992749
vt 0.644565 0.998182
vt 0.164262 0.691199
vt 0.164015 0.691083
vt 0.163834 0.691267
vt 0.165328 0.691237
vt 0.503105 0.990877
vt 0.504088 0.990879
vt 0.504088 0.996312
vt 0.503482 0.996311
vt 0.502727 0.996311
vt 0.502218 0.990880
vt 0.164521 0.691361
vt 0.164179 0.691489
vt 0.172127 0.691733
vt 0.165681 0.691352
vt 0.171962 0.691946
vt 0.159777 0.691191
vt 0.163001 0.691716
vt 0.164303 0.691814
vt 0.164977 0.691751
vt 0.171443 0.693357
vt 0.165012 0.695413
vt 0.168010 0.695646
vt 0.172006 0.695624
vt 0.164447 0.695666
vt 0.171739 0.695216
vt 0.163160 0.700526
vt 0.165602 0.700700
vt 0.166908 0.695864
vt 0.169554 0.698467
vt 0.168165 0.700855
vt 0.171260 0.701205
vt 0.171263 0.696087
vt 0.171731 0.701022
vt 0.178533 0.701405
vt 0.174946 0.701565
vt 0.173006 0.701505
vt 0.550013 0.684472
vt 0.550226 0.681288
vt 0.550226 0.688570
vt 0.164306 0.700816
vt 0.526142 0.697150
vt 0.526142 0.704430
vt 0.525943 0.701475
vt 0.174228 0.701108
vt 0.173004 0.701536
vt 0.882800 0.995574
vt 0.882451 0.995453
vt 0.883972 0.991080
vt 0.175831 0.991579
vt 0.176639 0.991466
vt 0.176639 0.996092
vt 0.174699 0.996095
vt 0.951383 0.992168
vt 0.951346 0.991359
vt 0.954262 0.991399
vt 0.951273 0.990230
vt 0.954177 0.989687
vt 0.174699 0.991469
vt 0.954351 0.992656
vt 0.173769 0.696777
vt 0.175496 0.696517
vt 0.172529 0.696289
vt 0.951219 0.992730
vt 0.676465 0.179988
vt 0.675041 0.179988
vt 0.676457 0.177180
vt 0.667631 0.809201
vt 0.668174 0.809065
vt 0.668174 0.811941
vt 0.172037 0.695837
vt 0.250955 0.985570
vt 0.246553 0.983645
vt 0.249391 0.984233
vt 0.251143 0.985217
vt 0.692110 0.788877
vt 0.690674 0.788055
vt 0.691822 0.786831
vt 0.694893 0.786487
vt 0.691958 0.784385
vt 0.246505 0.986342
vt 0.250084 0.987206
vt 0.694403 0.791118
vt 0.692214 0.791047
vt 0.602751 0.895256
vt 0.603435 0.892726
vt 0.603169 0.895015
vt 0.691919 0.791154
vt 0.696527 0.789087
vt 0.696943 0.792420
vt 0.693701 0.793533
vt 0.696674 0.794289
vt 0.693029 0.794870
vt 0.691063 0.795108
vt 0.691973 0.797421
vt 0.603435 0.899221
vt 0.689788 0.792782
vt 0.688410 0.793632
vt 0.687984 0.797118
vt 0.589817 0.990706
vt 0.589817 0.992237
vt 0.588246 0.991461
vt 0.687919 0.792057
vt 0.685929 0.793742
vt 0.830458 0.243451
vt 0.830426 0.241888
vt 0.831775 0.241952
vt 0.831775 0.243570
vt 0.588256 0.990655
vt 0.588278 0.996091
vt 0.587879 0.996091
vt 0.174388 0.702386
vt 0.174943 0.701596
vt 0.176913 0.701642
vt 0.587876 0.991462
vt 0.174074 0.706405
vt 0.176995 0.706480
vt 0.178921 0.706513
vt 0.180766 0.701699
vt 0.184454 0.701701
vt 0.182673 0.706539
vt 0.180818 0.706533
vt 0.184989 0.706528
vt 0.186399 0.706713
vt 0.419956 0.676110
vt 0.419956 0.683870
vt 0.419754 0.680179
vt 0.179140 0.706719
vt 0.187889 0.701649
vt 0.187055 0.706498
vt 0.189446 0.706432
vt 0.188284 0.701308
vt 0.190985 0.701544
vt 0.183744 0.701423
vt 0.193666 0.701389
vt 0.192959 0.700990
vt 0.185658 0.701184
vt 0.526149 0.689887
vt 0.526149 0.697150
vt 0.525943 0.693077
vt 0.187158 0.701145
vt 0.188567 0.701092
vt 0.189874 0.701028
vt 0.972007 0.000000
vt 0.972190 0.001655
vt 0.972182 0.003034
vt 0.971973 0.005617
vt 0.972174 0.004508
vt 0.980995 0.002456
vt 0.980982 0.004744
vt 0.981246 0.006047
vt 0.980972 0.006758
vt 0.981207 0.002827
vt 0.972166 0.006066
vt 0.972158 0.007697
vt 0.972152 0.009390
vt 0.980964 0.008740
vt 0.981218 0.011213
vt 0.980958 0.010251
vt 0.980949 0.012855
vt 0.972145 0.011133
vt 0.971946 0.012446
vt 0.972139 0.012914
vt 0.972134 0.014719
vt 0.972130 0.016538
vt 0.980942 0.015242
vt 0.971932 0.017913
vt 0.980937 0.017692
vt 0.972126 0.018356
vt 0.198975 0.700033
vt 0.199105 0.700360
vt 0.195993 0.700069
vt 0.195538 0.700506
vt 0.971924 0.024771
vt 0.972123 0.020161
vt 0.980933 0.019727
vt 0.980931 0.021245
vt 0.972120 0.021940
vt 0.138351 0.714436
vt 0.138351 0.719216
vt 0.138254 0.717404
vt 0.980929 0.022776
vt 0.972119 0.023682
vt 0.980927 0.024795
vt 0.972118 0.025373
vt 0.981198 0.024715
vt 0.980927 0.026271
vt 0.980927 0.028102
vt 0.972118 0.027001
vt 0.981158 0.029824
vt 0.972118 0.028557
vt 0.980929 0.029474
vt 0.972120 0.030027
vt 0.980931 0.031070
vt 0.972122 0.031403
vt 0.980933 0.032179
vt 0.981167 0.033720
vt 0.288973 0.980350
vt 0.289216 0.981186
vt 0.289251 0.982324
vt 0.972125 0.032674
vt 0.298036 0.981838
vt 0.289161 0.978875
vt 0.289038 0.977156
vt 0.292969 0.976901
vt 0.079305 0.514365
vt 0.079272 0.511108
vt 0.079305 0.509495
vt 0.288954 0.981906
vt 0.288840 0.977257
vt 0.289057 0.969683
vt 0.289132 0.976669
vt 0.292706 0.976544
vt 0.290477 0.970169
vt 0.569347 0.308750
vt 0.569357 0.311697
vt 0.569238 0.304700
vt 0.292332 0.969827
vt 0.292735 0.969550
vt 0.292725 0.973631
vt 0.292958 0.970791
vt 0.295425 0.972382
vt 0.292980 0.974875
vt 0.569357 0.304661
vt 0.292703 0.969572
vt 0.297883 0.970656
vt 0.293271 0.968745
vt 0.814831 0.989378
vt 0.817742 0.989209
vt 0.817780 0.990691
vt 0.814940 0.990973
vt 0.815159 0.991712
vt 0.293586 0.967263
vt 0.818088 0.991528
vt 0.176054 0.692565
vt 0.176819 0.691908
vt 0.985433 0.086972
vt 0.980844 0.085891
vt 0.980919 0.084891
vt 0.177275 0.691000
vt 0.983759 0.085775
vt 0.984708 0.088677
vt 0.981069 0.088130
vt 0.177103 0.689118
vt 0.180420 0.688675
vt 0.175808 0.687812
vt 0.981383 0.090082
vt 0.981336 0.089707
vt 0.985590 0.091651
vt 0.984205 0.090015
vt 0.985095 0.090651
vt 0.130293 0.778616
vt 0.130986 0.779985
vt 0.130888 0.781859
vt 0.555541 0.985725
vt 0.554859 0.977964
vt 0.555411 0.982230
vt 0.288865 0.969453
vt 0.131101 0.783428
vt 0.129740 0.784037
vt 0.129788 0.786200
vt 0.131245 0.788937
vt 0.555188 0.976623
vt 0.555195 0.973306
vt 0.555061 0.971128
vt 0.523820 0.993830
vt 0.523805 0.990293
vt 0.525185 0.990588
vt 0.129855 0.788376
vt 0.129927 0.790192
vt 0.554739 0.973202
vt 0.525192 0.992468
vt 0.128660 0.790647
vt 0.526488 0.991750
vt 0.191120 0.687769
vt 0.185153 0.686749
vt 0.187585 0.687026
vt 0.190897 0.687619
vt 0.526364 0.989113
vt 0.526472 0.985820
vt 0.128544 0.788273
vt 0.186412 0.687267
vt 0.182422 0.686803
vt 0.180816 0.686405
vt 0.128428 0.784006
vt 0.178177 0.686509
vt 0.128363 0.777686
vt 0.128522 0.781842
vt 0.174469 0.686124
vt 0.128493 0.778754
vt 0.128485 0.775227
vt 0.130408 0.776587
vt 0.128387 0.771131
vt 0.131001 0.773295
vt 0.129093 0.772161
vt 0.169936 0.686277
vt 0.167948 0.686028
vt 0.166127 0.686333
vt 0.161334 0.686222
vt 0.165232 0.686071
vt 0.128447 0.768381
vt 0.129715 0.769672
vt 0.129758 0.767559
vt 0.131129 0.767408
vt 0.170010 0.688646
vt 0.164193 0.688733
vt 0.165716 0.688663
vt 0.165008 0.688663
vt 0.164145 0.688594
vt 0.160691 0.688900
vt 0.131245 0.763816
vt 0.130416 0.765201
vt 0.128584 0.765236
vt 0.984977 0.970834
vt 0.985063 0.972130
vt 0.983144 0.970853
vt 0.983434 0.974301
vt 0.982355 0.972133
vt 0.985027 0.976097
vt 0.984024 0.978042
vt 0.158656 0.686496
vt 0.985042 0.968460
vt 0.158989 0.688996
vt 0.158487 0.688872
vt 0.162952 0.688398
vt 0.158994 0.688934
vt 0.165535 0.688524
vt 0.164238 0.688504
vt 0.288873 0.965199
vt 0.288985 0.955733
vt 0.289022 0.957476
vt 0.172409 0.688608
vt 0.157931 0.688644
vt 0.289154 0.953458
vt 0.978089 0.091754
vt 0.978030 0.096043
vt 0.977976 0.093028
vt 0.157758 0.688843
vt 0.157037 0.688881
vt 0.978074 0.103742
vt 0.977977 0.099560
vt 0.977765 0.097600
vt 0.977769 0.094655
vt 0.977766 0.096294
vt 0.968955 0.098386
vt 0.968956 0.096867
vt 0.977763 0.099421
vt 0.968762 0.096440
vt 0.968958 0.095438
vt 0.968961 0.094109
vt 0.138066 0.717602
vt 0.138254 0.714436
vt 0.138254 0.721702
vt 0.298282 0.955301
vt 0.298153 0.953484
vt 0.298208 0.952093
vt 0.289358 0.953229
vt 0.289429 0.951479
vt 0.298103 0.954969
vt 0.298057 0.956537
vt 0.289275 0.955778
vt 0.289231 0.957467
vt 0.289224 0.958051
vt 0.290497 0.964495
vt 0.289172 0.964979
vt 0.298016 0.958177
vt 0.162169 0.697634
vt 0.156833 0.697880
vt 0.157275 0.697467
vt 0.163806 0.697311
vt 0.160371 0.697363
vt 0.985384 0.698513
vt 0.990212 0.699707
vt 0.990242 0.697897
vt 0.985457 0.695027
vt 0.990277 0.696151
vt 0.990317 0.694479
vt 0.990443 0.697260
vt 0.419950 0.706139
vt 0.419950 0.713892
vt 0.419769 0.710633
vt 0.990362 0.692890
vt 0.990619 0.690880
vt 0.990412 0.691394
vt 0.985549 0.691866
vt 0.987007 0.593909
vt 0.987002 0.595327
vt 0.986811 0.594267
vt 0.991859 0.593494
vt 0.986999 0.596846
vt 0.991851 0.596383
vt 0.152395 0.697823
vt 0.154594 0.697622
vt 0.991844 0.599652
vt 0.986995 0.598455
vt 0.986797 0.600597
vt 0.986992 0.600146
vt 0.151600 0.702907
vt 0.149498 0.703293
vt 0.149277 0.703170
vt 0.150671 0.702912
vt 0.152599 0.702691
vt 0.419950 0.698393
vt 0.419764 0.702832
vt 0.156154 0.702527
vt 0.986791 0.606068
vt 0.986988 0.603730
vt 0.986990 0.601908
vt 0.991839 0.603220
vt 0.986986 0.605602
vt 0.986985 0.607511
vt 0.991836 0.607001
vt 0.986984 0.610179
vt 0.991835 0.610900
vt 0.149156 0.698651
vt 0.149641 0.698344
vt 0.153386 0.698325
vt 0.150730 0.698066
vt 0.152234 0.698875
vt 0.273081 0.604301
vt 0.273316 0.600922
vt 0.273316 0.608398
vt 0.968956 0.107831
vt 0.968764 0.110224
vt 0.968759 0.103128
vt 0.968954 0.099982
vt 0.968953 0.101647
vt 0.968953 0.103367
vt 0.968954 0.105355
vt 0.968958 0.110275
vt 0.977765 0.107238
vt 0.968961 0.112372
vt 0.977767 0.109594
vt 0.977770 0.111726
vt 0.968772 0.115519
vt 0.968964 0.114166
vt 0.977772 0.113341
vt 0.977776 0.115384
vt 0.968968 0.115927
vt 0.977780 0.116976
vt 0.968972 0.117644
vt 0.977786 0.119557
vt 0.968976 0.119305
vt 0.968981 0.120898
vt 0.968790 0.122100
vt 0.419749 0.687036
vt 0.419956 0.683870
vt 0.419956 0.691135
vt 0.155666 0.700335
vt 0.153113 0.699995
vt 0.156135 0.699977
vt 0.159719 0.700428
vt 0.153077 0.699338
vt 0.151361 0.699665
vt 0.968996 0.125158
vt 0.968807 0.126215
vt 0.968986 0.122411
vt 0.968991 0.123834
vt 0.986804 0.625295
vt 0.991844 0.625606
vt 0.987003 0.627124
vt 0.986995 0.623604
vt 0.991844 0.622348
vt 0.991859 0.628844
vt 0.987009 0.629126
vt 0.986820 0.630796
vt 0.161656 0.706026
vt 0.158382 0.705752
vt 0.157342 0.705579
vt 0.163883 0.706124
vt 0.155153 0.705409
vt 0.152606 0.704977
vt 0.273250 0.640999
vt 0.273250 0.648762
vt 0.273044 0.645203
vt 0.155764 0.705199
vt 0.157157 0.705354
vt 0.158651 0.705503
vt 0.160239 0.705645
vt 0.158530 0.700644
vt 0.161910 0.705780
vt 0.161778 0.700925
vt 0.163655 0.705905
vt 0.165330 0.701170
vt 0.167323 0.706126
vt 0.165463 0.706021
vt 0.168137 0.701329
vt 0.171036 0.701460
vt 0.169223 0.706221
vt 0.171388 0.706516
vt 0.171152 0.706304
vt 0.168968 0.706467
vt 0.174303 0.706667
vt 0.273250 0.633233
vt 0.273044 0.637394
vt 0.683122 0.796715
vt 0.687912 0.797859
vt 0.682124 0.797375
vt 0.693220 0.798258
vt 0.180090 0.706783
vt 0.185564 0.706783
vt 0.676619 0.796864
vt 0.679833 0.796423
vt 0.676338 0.796092
vt 0.677190 0.792809
vt 0.680063 0.792979
vt 0.683181 0.792795
vt 0.680172 0.791736
vt 0.677703 0.791018
vt 0.681913 0.790164
vt 0.679755 0.787502
vt 0.685130 0.787186
vt 0.686332 0.789403
vt 0.682084 0.785316
vt 0.684566 0.784258
vt 0.686473 0.785681
vt 0.686847 0.786938
vt 0.687678 0.787845
vt 0.951029 0.989730
vt 0.951387 0.988836
vt 0.950876 0.990252
vt 0.685998 0.790664
vt 0.688178 0.788155
vt 0.272961 0.735959
vt 0.273337 0.732885
vt 0.273337 0.737372
vt 0.954351 0.988929
vt 0.180285 0.986010
vt 0.180476 0.983061
vt 0.180510 0.988025
vt 0.182067 0.987947
vt 0.181702 0.983439
vt 0.176398 0.695698
vt 0.177025 0.694160
vt 0.183382 0.695989
vt 0.184035 0.987908
vt 0.183336 0.984241
vt 0.183593 0.692423
vt 0.176663 0.692183
vt 0.184304 0.692433
vt 0.183601 0.692187
vt 0.839701 0.683920
vt 0.839514 0.683785
vt 0.839701 0.680201
vt 0.184026 0.698756
vt 0.183336 0.696120
vt 0.186371 0.692180
vt 0.186225 0.692401
vt 0.188148 0.692344
vt 0.189724 0.692275
vt 0.190843 0.692209
vt 0.190943 0.691969
vt 0.981003 0.001236
vt 0.185037 0.692076
vt 0.190128 0.691900
vt 0.184322 0.691734
vt 0.187089 0.691622
vt 0.190852 0.691489
vt 0.193074 0.691714
vt 0.191907 0.691535
vt 0.189774 0.691410
vt 0.190468 0.691390
vt 0.848842 0.998097
vt 0.847786 0.998093
vt 0.847574 0.992659
vt 0.191702 0.686120
vt 0.848842 0.992664
vt 0.190924 0.686072
vt 0.684534 0.086549
vt 0.685315 0.086258
vt 0.688139 0.088026
vt 0.685463 0.084993
vt 0.680382 0.089118
vt 0.680378 0.088034
vt 0.688141 0.088800
vt 0.965962 0.150035
vt 0.966045 0.149261
vt 0.967727 0.146376
vt 0.687935 0.080280
vt 0.968294 0.141823
vt 0.099996 0.972909
vt 0.099217 0.977430
vt 0.098543 0.976592
vt 0.893502 0.979764
vt 0.895725 0.975976
vt 0.895275 0.980901
vt 0.896139 0.977528
vt 0.897269 0.975514
vt 0.897783 0.972791
vt 0.967540 0.150829
vt 0.967031 0.151856
vt 0.966235 0.151028
vt 0.968294 0.152374
vt 0.892829 0.980934
vt 0.893658 0.981582
vt 0.195929 0.683405
vt 0.188168 0.683281
vt 0.187133 0.683071
vt 0.897783 0.983756
vt 0.655486 0.666365
vt 0.655905 0.665506
vt 0.656089 0.671869
vt 0.655381 0.667471
vt 0.195896 0.684499
vt 0.195952 0.682585
vt 0.195975 0.681821
vt 0.656115 0.664722
vt 0.195999 0.681021
vt 0.656186 0.663913
vt 0.193831 0.673559
vt 0.196219 0.673869
vt 0.656184 0.656734
vt 0.656540 0.650524
vt 0.655822 0.645359
vt 0.657527 0.668796
vt 0.655819 0.655680
vt 0.654988 0.650524
vt 0.657122 0.669271
vt 0.244483 0.999290
vt 0.244146 0.993092
vt 0.244694 0.993082
vt 0.657327 0.669812
vt 0.245154 0.999298
vt 0.245154 0.993092
vt 0.999612 0.413979
vt 0.999435 0.407770
vt 0.999677 0.407772
vt 0.999735 0.413981
vt 0.102278 0.336776
vt 0.101962 0.336241
vt 0.102714 0.336439
vt 0.102714 0.337217
vt 0.102112 0.337335
vt 0.101660 0.336732
vt 0.244059 0.999307
vt 0.999052 0.043236
vt 0.999764 0.049426
vt 0.999018 0.049446
vt 0.999764 0.043211
vt 0.658077 0.669830
vt 0.657649 0.671817
vt 0.998826 0.407771
vt 0.999212 0.413979
vt 0.998659 0.413981
vt 0.658358 0.669252
vt 0.658164 0.668867
vt 0.670513 0.778478
vt 0.668211 0.778356
vt 0.668279 0.778031
vt 0.670055 0.778538
vt 0.273250 0.915863
vt 0.273327 0.915870
vt 0.273327 0.917735
vt 0.654933 0.671870
vt 0.657287 0.671875
vt 0.656947 0.679577
vt 0.273152 0.916093
vt 0.659461 0.671881
vt 0.658846 0.671720
vt 0.654734 0.676651
vt 0.656086 0.681144
vt 0.659374 0.679502
vt 0.659336 0.680736
vt 0.659942 0.683660
vt 0.670838 0.787556
vt 0.672605 0.786557
vt 0.673003 0.787834
vt 0.671286 0.786355
vt 0.669344 0.790398
vt 0.672497 0.790709
vt 0.671640 0.791880
vt 0.668307 0.791634
vt 0.659347 0.684995
vt 0.657079 0.684209
vt 0.669721 0.795390
vt 0.672860 0.795737
vt 0.674821 0.792473
vt 0.675255 0.790881
vt 0.675045 0.788053
vt 0.676306 0.785841
vt 0.674750 0.782424
vt 0.676346 0.781049
vt 0.679411 0.785093
vt 0.673106 0.778257
vt 0.680228 0.782296
vt 0.682881 0.782662
vt 0.680783 0.781084
vt 0.697920 0.782703
vt 0.689336 0.782483
vt 0.185147 0.989763
vt 0.185077 0.989772
vt 0.185147 0.985263
vt 0.246654 0.988302
vt 0.246638 0.987941
vt 0.250732 0.990202
vt 0.184621 0.984991
vt 0.690710 0.782905
vt 0.687887 0.782887
vt 0.686744 0.784073
vt 0.184339 0.988142
vt 0.176464 0.691867
vt 0.177041 0.691748
vt 0.184420 0.989800
vt 0.181096 0.691776
vt 0.176352 0.689754
vt 0.180140 0.690680
vt 0.175411 0.691048
vt 0.177801 0.689045
vt 0.184029 0.690352
vt 0.182856 0.689196
vt 0.181616 0.689063
vt 0.186578 0.688916
vt 0.183440 0.688690
vt 0.178344 0.688756
vt 0.181514 0.688539
vt 0.183335 0.687661
vt 0.273342 0.700343
vt 0.273198 0.698177
vt 0.273342 0.695888
vt 0.179548 0.688555
vt 0.097554 0.969751
vt 0.096714 0.971233
vt 0.096528 0.969712
vt 0.186546 0.688494
vt 0.096511 0.973255
vt 0.495754 0.337860
vt 0.495754 0.340079
vt 0.494227 0.338649
vt 0.096707 0.972978
vt 0.098801 0.971288
vt 0.098848 0.974001
vt 0.096701 0.974884
vt 0.096696 0.976942
vt 0.096500 0.977282
vt 0.188207 0.688214
vt 0.190900 0.688446
vt 0.188408 0.687773
vt 0.096495 0.982690
vt 0.096692 0.979076
vt 0.096500 0.988074
vt 0.096690 0.984106
vt 0.097670 0.980433
vt 0.098663 0.982664
vt 0.099211 0.983989
vt 0.098664 0.985357
vt 0.099996 0.988394
vt 0.653872 0.987797
vt 0.654440 0.992235
vt 0.652174 0.984915
vt 0.688144 0.066106
vt 0.687957 0.073743
vt 0.685544 0.069342
vt 0.684912 0.078793
vt 0.684922 0.069894
vt 0.684422 0.084509
vt 0.683653 0.085228
vt 0.684052 0.081200
vt 0.683889 0.080302
vt 0.682848 0.079818
vt 0.682776 0.077784
vt 0.683299 0.077202
vt 0.680380 0.077822
vt 0.683691 0.074416
vt 0.684090 0.073773
vt 0.873009 0.996551
vt 0.872021 0.996551
vt 0.872578 0.991117
vt 0.871547 0.991119
vt 0.508809 0.990977
vt 0.509555 0.990969
vt 0.508929 0.996393
vt 0.683856 0.086213
vt 0.683422 0.081763
vt 0.873237 0.991119
vt 0.192382 0.686113
vt 0.682590 0.081753
vt 0.193768 0.691181
vt 0.192507 0.691159
vt 0.192845 0.685759
vt 0.193677 0.685784
vt 0.192219 0.685693
vt 0.192138 0.691403
vt 0.191190 0.691352
vt 0.398724 0.991237
vt 0.399683 0.991235
vt 0.399205 0.996669
vt 0.192038 0.691065
vt 0.191101 0.691206
vt 0.509870 0.996409
vt 0.510610 0.996458
vt 0.510610 0.991017
vt 0.523794 0.974757
vt 0.523800 0.971783
vt 0.525765 0.974060
vt 0.523791 0.979135
vt 0.523988 0.975081
vt 0.191963 0.690871
vt 0.525180 0.971033
vt 0.526473 0.973525
vt 0.526353 0.977346
vt 0.526467 0.978058
vt 0.524577 0.979568
vt 0.523986 0.976920
vt 0.525184 0.982229
vt 0.523792 0.983171
vt 0.526512 0.983584
vt 0.525172 0.985174
vt 0.524191 0.987459
vt 0.523796 0.987848
vt 0.523798 0.988781
vt 0.555190 0.971795
vt 0.170973 0.991123
vt 0.171830 0.991125
vt 0.171490 0.996557
vt 0.170041 0.991125
vt 0.170423 0.996557
vt 0.998234 0.243782
vt 0.996965 0.243836
vt 0.997182 0.238402
vt 0.685448 0.068278
vt 0.684187 0.068015
vt 0.995563 0.194039
vt 0.994407 0.194041
vt 0.994624 0.188606
vt 0.998234 0.238338
vt 0.680383 0.066370
vt 0.683656 0.069169
vt 0.629700 0.671875
vt 0.631350 0.669546
vt 0.630743 0.672748
vt 0.630586 0.669402
vt 0.680385 0.065620
vt 0.682411 0.076635
vt 0.642838 0.669544
vt 0.641859 0.671872
vt 0.633465 0.671940
vt 0.682010 0.073779
vt 0.682081 0.073206
vt 0.630774 0.673773
vt 0.632170 0.672915
vt 0.131117 0.976767
vt 0.132453 0.971959
vt 0.132465 0.974738
vt 0.131617 0.973372
vt 0.131187 0.980981
vt 0.130370 0.981082
vt 0.639835 0.672098
vt 0.639832 0.673073
vt 0.635519 0.672222
vt 0.130416 0.976169
vt 0.634988 0.673114
vt 0.644936 0.673239
vt 0.642037 0.673802
vt 0.639330 0.676644
vt 0.643376 0.672446
vt 0.636873 0.673805
vt 0.647922 0.672410
vt 0.131341 0.987791
vt 0.130504 0.989118
vt 0.129824 0.984585
vt 0.132466 0.983111
vt 0.132466 0.991694
vt 0.131754 0.991191
vt 0.652410 0.672892
vt 0.649976 0.672028
vt 0.653809 0.672509
vt 0.131696 0.993549
vt 0.132457 0.994971
vt 0.653082 0.669541
vt 0.654147 0.669247
vt 0.650471 0.671894
vt 0.652863 0.675228
vt 0.205412 0.846630
vt 0.205725 0.845375
vt 0.205725 0.847743
vt 0.652613 0.679953
vt 0.650537 0.676646
vt 0.649759 0.673111
vt 0.648291 0.679647
vt 0.647548 0.673803
vt 0.645007 0.673802
vt 0.645401 0.679716
vt 0.649990 0.682293
vt 0.652905 0.684369
vt 0.648758 0.684838
vt 0.653390 0.682646
vt 0.646245 0.682663
vt 0.644268 0.680822
vt 0.642207 0.683641
vt 0.645548 0.684918
vt 0.649164 0.688545
vt 0.641205 0.684838
vt 0.643212 0.688543
vt 0.646217 0.688544
vt 0.646581 0.689322
vt 0.639198 0.688545
vt 0.642210 0.689322
vt 0.199720 0.705329
vt 0.199352 0.705678
vt 0.198907 0.705544
vt 0.198187 0.705992
vt 0.197597 0.705975
vt 0.650818 0.689325
vt 0.985569 0.540992
vt 0.985580 0.535799
vt 0.985768 0.538312
vt 0.194876 0.706319
vt 0.985765 0.540089
vt 0.985762 0.541924
vt 0.985564 0.546698
vt 0.990615 0.540955
vt 0.985760 0.543806
vt 0.273341 0.628916
vt 0.273265 0.626971
vt 0.273341 0.624011
vt 0.990621 0.537388
vt 0.990610 0.544734
vt 0.198619 0.700667
vt 0.197531 0.700945
vt 0.195866 0.701188
vt 0.990631 0.534121
vt 0.985772 0.536603
vt 0.985777 0.534974
vt 0.985782 0.533433
vt 0.526209 0.723741
vt 0.526127 0.721794
vt 0.526209 0.718762
vt 0.985788 0.531990
vt 0.990642 0.531235
vt 0.765487 0.770409
vt 0.765487 0.774939
vt 0.765293 0.774218
vt 0.191648 0.706339
vt 0.191151 0.706577
vt 0.193583 0.706511
vt 0.190443 0.706667
vt 0.671679 0.796350
vt 0.661928 0.689348
vt 0.658843 0.689338
vt 0.661184 0.688565
vt 0.658155 0.688557
vt 0.655672 0.689331
vt 0.195883 0.706321
vt 0.654763 0.688551
vt 0.653362 0.685095
vt 0.655725 0.685200
vt 0.652033 0.688547
vt 0.650792 0.685193
vt 0.985759 0.545723
vt 0.985758 0.547663
vt 0.990609 0.548632
vt 0.985758 0.549615
vt 0.985759 0.551567
vt 0.985760 0.553507
vt 0.990610 0.552554
vt 0.985762 0.555422
vt 0.990615 0.556403
vt 0.198234 0.699692
vt 0.199230 0.704874
vt 0.636881 0.689325
vt 0.633337 0.688550
vt 0.636224 0.688547
vt 0.637819 0.685092
vt 0.635232 0.685195
vt 0.632937 0.684874
vt 0.636537 0.684095
vt 0.629925 0.685102
vt 0.632791 0.683603
vt 0.629696 0.683583
vt 0.633019 0.681040
vt 0.630008 0.680715
vt 0.626799 0.683231
vt 0.627738 0.680329
vt 0.624488 0.680550
vt 0.623694 0.682739
vt 0.189798 0.696396
vt 0.191649 0.694837
vt 0.192214 0.696973
vt 0.189029 0.693709
vt 0.188063 0.697576
vt 0.190649 0.693706
vt 0.623717 0.679515
vt 0.625408 0.679559
vt 0.191714 0.686103
vt 0.192365 0.693949
vt 0.624498 0.671788
vt 0.627155 0.671882
vt 0.194073 0.686497
vt 0.193846 0.686176
vt 0.192518 0.685035
vt 0.190522 0.682885
vt 0.196032 0.683963
vt 0.195975 0.685623
vt 0.195942 0.686473
vt 0.626784 0.671824
vt 0.625010 0.671118
vt 0.626437 0.669841
vt 0.626110 0.669152
vt 0.622812 0.667219
vt 0.623474 0.669578
vt 0.622911 0.668088
vt 0.196108 0.681558
vt 0.196081 0.682431
vt 0.626618 0.668768
vt 0.998663 0.476843
vt 0.999363 0.476830
vt 0.999402 0.483037
vt 0.999727 0.476845
vt 0.099570 0.336467
vt 0.099570 0.337256
vt 0.099142 0.336850
vt 0.999727 0.483060
vt 0.099000 0.336241
vt 0.998790 0.483041
vt 0.098832 0.337387
vt 0.098554 0.336829
vt 0.239532 0.992929
vt 0.240168 0.992935
vt 0.239750 0.999140
vt 0.239184 0.999137
vt 0.239067 0.992927
vt 0.627274 0.669132
vt 0.629714 0.668854
vt 0.627205 0.669706
vt 0.240168 0.999145
vt 0.629151 0.667853
vt 0.861943 0.170810
vt 0.861956 0.171833
vt 0.854194 0.171193
vt 0.854174 0.170437
vt 0.680393 0.064794
vt 0.688149 0.065165
vt 0.854200 0.172177
vt 0.653702 0.983587
vt 0.652684 0.982973
vt 0.653510 0.982358
vt 0.652207 0.983886
vt 0.654440 0.982035
vt 0.854160 0.171945
vt 0.854195 0.173161
vt 0.852901 0.172907
vt 0.851852 0.171535
vt 0.150307 0.983215
vt 0.148201 0.979852
vt 0.150183 0.978680
vt 0.152172 0.978725
vt 0.150765 0.981729
vt 0.148757 0.978291
vt 0.152200 0.975896
vt 0.151882 0.982750
vt 0.848704 0.171596
vt 0.847456 0.169490
vt 0.850144 0.170118
vt 0.849798 0.168280
vt 0.099351 0.991138
vt 0.097521 0.990951
vt 0.098737 0.987837
vt 0.096693 0.986809
vt 0.152200 0.985471
vt 0.096698 0.989240
vt 0.096515 0.992190
vt 0.847067 0.167526
vt 0.848454 0.167311
vt 0.845268 0.168433
vt 0.844261 0.167369
vt 0.843459 0.170691
vt 0.842790 0.167950
vt 0.840132 0.167556
vt 0.839957 0.167367
vt 0.173861 0.686338
vt 0.836013 0.167321
vt 0.837257 0.167527
vt 0.835171 0.167491
vt 0.836638 0.171531
vt 0.839295 0.171178
vt 0.834792 0.172327
vt 0.833848 0.167460
vt 0.832148 0.167222
vt 0.832007 0.167405
vt 0.832797 0.172547
vt 0.830343 0.167341
vt 0.928117 0.593097
vt 0.065477 0.741801
vt 0.065477 0.747544
vt 0.065298 0.745101
vt 0.833065 0.173970
vt 0.834388 0.175692
vt 0.837900 0.173223
vt 0.842387 0.173125
vt 0.840979 0.173886
vt 0.837255 0.175112
vt 0.832018 0.179666
vt 0.831196 0.182583
vt 0.829877 0.181484
vt 0.831639 0.178755
vt 0.829980 0.183241
vt 0.911948 0.586515
vt 0.828314 0.182060
vt 0.911455 0.585498
vt 0.911685 0.586552
vt 0.842051 0.174203
vt 0.842961 0.174543
vt 0.843915 0.175766
vt 0.845104 0.175099
vt 0.845365 0.177201
vt 0.847211 0.179312
vt 0.846393 0.174256
vt 0.848495 0.173123
vt 0.852974 0.174922
vt 0.852886 0.175706
vt 0.848328 0.181189
vt 0.847251 0.184335
vt 0.848469 0.186967
vt 0.850016 0.188248
vt 0.850039 0.191445
vt 0.852676 0.194698
vt 0.853600 0.194848
vt 0.851780 0.195702
vt 0.854979 0.196628
vt 0.857574 0.201065
vt 0.854339 0.197784
vt 0.956862 0.868732
vt 0.956231 0.867329
vt 0.959492 0.866931
vt 0.850851 0.196245
vt 0.853600 0.198347
vt 0.958718 0.869349
vt 0.956088 0.871337
vt 0.954765 0.868823
vt 0.957532 0.871889
vt 0.954193 0.870415
vt 0.956991 0.873393
vt 0.959315 0.871887
vt 0.958160 0.875416
vt 0.957136 0.874684
vt 0.957604 0.879185
vt 0.957609 0.881889
vt 0.956966 0.393521
vt 0.956930 0.389816
vt 0.961035 0.389977
vt 0.956975 0.396214
vt 0.961042 0.394389
vt 0.961037 0.392600
vt 0.965888 0.393015
vt 0.965885 0.391241
vt 0.966075 0.389475
vt 0.297506 0.791402
vt 0.299996 0.791368
vt 0.878802 0.678560
vt 0.878802 0.681050
vt 0.878579 0.680341
vt 0.965885 0.388869
vt 0.965888 0.386997
vt 0.961037 0.387447
vt 0.961041 0.385817
vt 0.965893 0.385406
vt 0.961048 0.384284
vt 0.965902 0.383715
vt 0.273178 0.784804
vt 0.273340 0.782988
vt 0.273340 0.785025
vt 0.966092 0.383807
vt 0.961057 0.382836
vt 0.965921 0.381309
vt 0.922897 0.704410
vt 0.921962 0.702867
vt 0.922043 0.702814
vt 0.922982 0.704364
vt 0.961069 0.381485
vt 0.920978 0.701348
vt 0.953160 0.384010
vt 0.950874 0.382147
vt 0.961059 0.382898
vt 0.961049 0.384339
vt 0.961071 0.381440
vt 0.920803 0.701285
vt 0.949334 0.381450
vt 0.858597 0.204131
vt 0.846897 0.205188
vt 0.846863 0.204035
vt 0.919723 0.700042
vt 0.919794 0.699976
vt 0.918499 0.698708
vt 0.983743 0.129511
vt 0.983689 0.128247
vt 0.988584 0.129308
vt 0.983638 0.126880
vt 0.918434 0.698780
vt 0.983590 0.125417
vt 0.917103 0.697553
vt 0.846930 0.206550
vt 0.861829 0.205255
vt 0.861863 0.206617
vt 0.988404 0.124220
vt 0.857029 0.203499
vt 0.854673 0.202042
vt 0.854637 0.200173
vt 0.852010 0.200645
vt 0.955738 0.386411
vt 0.923699 0.706026
vt 0.961042 0.385866
vt 0.924408 0.707688
vt 0.923787 0.705987
vt 0.961053 0.397098
vt 0.956990 0.398914
vt 0.957990 0.884565
vt 0.956796 0.401785
vt 0.958749 0.887379
vt 0.957791 0.889309
vt 0.957107 0.887673
vt 0.959492 0.889262
vt 0.961099 0.403298
vt 0.955847 0.403733
vt 0.923699 0.723548
vt 0.924408 0.721887
vt 0.994588 0.278369
vt 0.996139 0.279062
vt 0.996011 0.281887
vt 0.956566 0.890446
vt 0.959093 0.891978
vt 0.994321 0.281417
vt 0.957396 0.892517
vt 0.996139 0.284581
vt 0.945383 0.244209
vt 0.943630 0.244209
vt 0.945123 0.240909
vt 0.190001 0.655990
vt 0.191521 0.656347
vt 0.189112 0.657699
vt 0.189509 0.659506
vt 0.186134 0.660457
vt 0.187353 0.661741
vt 0.192634 0.661833
vt 0.193370 0.656192
vt 0.194273 0.662537
vt 0.192465 0.665175
vt 0.191463 0.664910
vt 0.196598 0.661498
vt 0.185463 0.665692
vt 0.579957 0.285470
vt 0.577356 0.284736
vt 0.579957 0.282859
vt 0.196568 0.662509
vt 0.600890 0.860782
vt 0.599924 0.861518
vt 0.600726 0.858799
vt 0.603019 0.858732
vt 0.603019 0.860130
vt 0.654486 0.646190
vt 0.654256 0.648224
vt 0.652768 0.647065
vt 0.603016 0.861914
vt 0.601079 0.862265
vt 0.194584 0.664336
vt 0.196535 0.663956
vt 0.196468 0.666204
vt 0.652302 0.649361
vt 0.654628 0.649026
vt 0.654436 0.651950
vt 0.652384 0.653222
vt 0.196350 0.670057
vt 0.194244 0.667009
vt 0.194071 0.670155
vt 0.193038 0.666742
vt 0.193424 0.664204
vt 0.998841 0.195301
vt 0.997695 0.191992
vt 0.998841 0.191440
vt 0.961699 0.689449
vt 0.961468 0.686894
vt 0.962559 0.688229
vt 0.962213 0.684234
vt 0.526996 0.975772
vt 0.526512 0.974594
vt 0.526996 0.971920
vt 0.802727 0.995196
vt 0.802727 0.999083
vt 0.802106 0.999020
vt 0.801780 0.995190
vt 0.056820 0.994989
vt 0.057195 0.998861
vt 0.056507 0.998849
vt 0.962915 0.683703
vt 0.961855 0.683052
vt 0.962965 0.684843
vt 0.055936 0.998861
vt 0.963774 0.683439
vt 0.963473 0.684187
vt 0.963356 0.687652
vt 0.788019 0.995417
vt 0.788689 0.995434
vt 0.788217 0.999316
vt 0.056086 0.994966
vt 0.963738 0.688358
vt 0.655222 0.652359
vt 0.654528 0.652894
vt 0.788689 0.999317
vt 0.925348 0.998951
vt 0.925311 0.995041
vt 0.925708 0.995080
vt 0.964139 0.688520
vt 0.963173 0.688739
vt 0.924704 0.998955
vt 0.924617 0.995069
vt 0.655186 0.648333
vt 0.925534 0.998955
vt 0.882181 0.768804
vt 0.882384 0.767855
vt 0.882384 0.770433
vt 0.036524 0.995534
vt 0.036524 0.999424
vt 0.036006 0.999377
vt 0.941735 0.995368
vt 0.942515 0.995308
vt 0.942515 0.999201
vt 0.962754 0.681871
vt 0.192337 0.670243
vt 0.194113 0.673265
vt 0.964139 0.680474
vt 0.409668 0.942935
vt 0.409668 0.947070
vt 0.409077 0.944441
vt 0.191764 0.667642
vt 0.196298 0.671564
vt 0.194078 0.671829
vt 0.194229 0.671046
vt 0.196253 0.672789
vt 0.961132 0.682613
vt 0.192981 0.670593
vt 0.653779 0.654619
vt 0.035708 0.995504
vt 0.656621 0.635095
vt 0.656182 0.644315
vt 0.656180 0.635482
vt 0.196868 0.652700
vt 0.946239 0.409723
vt 0.946232 0.409252
vt 0.949119 0.409225
vt 0.193981 0.652620
vt 0.193138 0.652725
vt 0.949956 0.409036
vt 0.192195 0.653073
vt 0.185158 0.663187
vt 0.851880 0.198863
vt 0.950547 0.869502
vt 0.945268 0.868874
vt 0.950289 0.868089
vt 0.848690 0.191806
vt 0.846830 0.187131
vt 0.945588 0.867621
vt 0.954144 0.867219
vt 0.942356 0.868161
vt 0.846056 0.183876
vt 0.943123 0.870049
vt 0.939276 0.869188
vt 0.845835 0.179729
vt 0.938198 0.868011
vt 0.936532 0.868661
vt 0.935648 0.867591
vt 0.934238 0.868126
vt 0.861963 0.175799
vt 0.628244 0.663919
vt 0.628420 0.665120
vt 0.861964 0.174592
vt 0.628945 0.666371
vt 0.853240 0.173711
vt 0.861954 0.173322
vt 0.843866 0.182564
vt 0.476708 0.988054
vt 0.477484 0.988080
vt 0.476772 0.994267
vt 0.477484 0.994295
vt 0.195805 0.686761
vt 0.628101 0.679501
vt 0.629799 0.679497
vt 0.633143 0.679719
vt 0.634007 0.675229
vt 0.636797 0.679750
vt 0.636393 0.680977
vt 0.638814 0.683761
vt 0.640543 0.681300
vt 0.639474 0.679748
vt 0.642767 0.679615
vt 0.774143 0.990801
vt 0.774998 0.990777
vt 0.774998 0.996206
vt 0.774143 0.996230
vt 0.682956 0.072611
vt 0.997837 0.018550
vt 0.998412 0.018549
vt 0.998412 0.023983
vt 0.555248 0.968227
vt 0.555274 0.969101
vt 0.554931 0.968065
vt 0.555239 0.966639
vt 0.555355 0.968477
vt 0.997374 0.023982
vt 0.555459 0.969294
vt 0.550004 0.969230
vt 0.997157 0.018547
vt 0.550092 0.970295
vt 0.682858 0.076598
vt 0.682623 0.074456
vt 0.859503 0.551374
vt 0.860068 0.551394
vt 0.859624 0.556814
vt 0.977802 0.999227
vt 0.977194 0.999225
vt 0.977664 0.993792
vt 0.860068 0.556824
vt 0.191802 0.690533
vt 0.195653 0.690682
vt 0.193574 0.690771
vt 0.194005 0.690818
vt 0.664323 0.903236
vt 0.664743 0.903216
vt 0.664743 0.908635
vt 0.409715 0.942935
vt 0.409077 0.942856
vt 0.409715 0.937461
vt 0.193013 0.690765
vt 0.193516 0.685450
vt 0.194134 0.685427
vt 0.193674 0.690864
vt 0.682162 0.077276
vt 0.145825 0.939555
vt 0.146512 0.939504
vt 0.146512 0.944951
vt 0.195105 0.691358
vt 0.194030 0.691103
vt 0.192899 0.690823
vt 0.192423 0.691016
vt 0.193265 0.691028
vt 0.976922 0.993792
vt 0.976612 0.999227
vt 0.671367 0.990964
vt 0.672213 0.990969
vt 0.672213 0.996399
vt 0.400425 0.991236
vt 0.400106 0.996669
vt 0.671157 0.996381
vt 0.672961 0.990944
vt 0.672961 0.996373
vt 0.866097 0.992296
vt 0.866854 0.992296
vt 0.866854 0.997729
vt 0.682079 0.080439
vt 0.682079 0.081195
vt 0.865816 0.997728
vt 0.865536 0.992294
vt 0.202442 0.723863
vt 0.202442 0.727736
vt 0.202300 0.726527
vt 0.555477 0.970027
vt 0.555541 0.970481
vt 0.808353 0.991902
vt 0.809420 0.991902
vt 0.809420 0.997335
vt 0.555394 0.970090
vt 0.808675 0.997335
vt 0.808032 0.997336
vt 0.684167 0.069825
vt 0.683951 0.073031
vt 0.773135 0.996215
vt 0.773135 0.990786
vt 0.555057 0.969809
vt 0.555177 0.970598
vt 0.549753 0.970784
vt 0.996222 0.194041
vt 0.995661 0.188605
vt 0.549824 0.971536
vt 0.555234 0.971412
vt 0.554994 0.970067
vt 0.981147 0.019701
vt 0.981246 0.019016
vt 0.981171 0.015299
vt 0.549832 0.972158
vt 0.191697 0.688284
vt 0.526512 0.975305
vt 0.190357 0.688617
vt 0.526510 0.968227
vt 0.525488 0.967778
vt 0.523811 0.968208
vt 0.186449 0.689969
vt 0.192422 0.691497
vt 0.897498 0.978781
vt 0.897540 0.981323
vt 0.422172 0.339200
vt 0.423913 0.337860
vt 0.423913 0.340141
vt 0.183810 0.685606
vt 0.177196 0.688541
vt 0.172959 0.688633
vt 0.170561 0.688313
vt 0.173606 0.689028
vt 0.171381 0.690179
vt 0.173311 0.690923
vt 0.168506 0.690026
vt 0.171175 0.691559
vt 0.249596 0.988789
vt 0.251143 0.989608
vt 0.167146 0.691333
vt 0.165613 0.690418
vt 0.695622 0.784047
vt 0.249468 0.988496
vt 0.700259 0.784443
vt 0.702482 0.784791
vt 0.699419 0.787401
vt 0.699012 0.790135
vt 0.701657 0.789188
vt 0.703044 0.792534
vt 0.699576 0.793296
vt 0.702523 0.794498
vt 0.699556 0.794471
vt 0.705164 0.794548
vt 0.700456 0.797981
vt 0.703808 0.798161
vt 0.697050 0.797772
vt 0.700448 0.798722
vt 0.696940 0.798509
vt 0.165212 0.706267
vt 0.694911 0.797630
vt 0.703662 0.798892
vt 0.706791 0.798294
vt 0.408276 0.942476
vt 0.408287 0.945495
vt 0.404609 0.945110
vt 0.707432 0.794644
vt 0.409063 0.944226
vt 0.409077 0.947165
vt 0.404662 0.943008
vt 0.409049 0.939562
vt 0.408267 0.939092
vt 0.404918 0.940812
vt 0.403435 0.942893
vt 0.403819 0.940157
vt 0.404588 0.937567
vt 0.404908 0.935764
vt 0.408262 0.936368
vt 0.404743 0.931989
vt 0.408259 0.933502
vt 0.409036 0.930918
vt 0.408256 0.930557
vt 0.409040 0.934700
vt 0.409036 0.927035
vt 0.408256 0.927553
vt 0.149471 0.704446
vt 0.148545 0.704104
vt 0.150009 0.704422
vt 0.148201 0.703773
vt 0.148855 0.703763
vt 0.986795 0.619553
vt 0.151681 0.704916
vt 0.986986 0.616251
vt 0.986988 0.618159
vt 0.986790 0.612005
vt 0.986990 0.620027
vt 0.986992 0.621846
vt 0.991839 0.618669
vt 0.150027 0.699320
vt 0.991836 0.614821
vt 0.149285 0.698979
vt 0.986985 0.613342
vt 0.148447 0.703459
vt 0.409038 0.923140
vt 0.408258 0.923539
vt 0.409042 0.919323
vt 0.408261 0.920563
vt 0.404742 0.925950
vt 0.404407 0.922752
vt 0.404587 0.918633
vt 0.408265 0.917672
vt 0.404565 0.914750
vt 0.404431 0.912381
vt 0.408274 0.913995
vt 0.409059 0.912264
vt 0.408281 0.911410
vt 0.409049 0.915669
vt 0.408290 0.909042
vt 0.404743 0.909743
vt 0.404847 0.906847
vt 0.156393 0.698144
vt 0.156821 0.701562
vt 0.154137 0.701699
vt 0.156442 0.702445
vt 0.409077 0.907843
vt 0.161087 0.702295
vt 0.162409 0.702338
vt 0.159552 0.701480
vt 0.158536 0.697819
vt 0.161329 0.697919
vt 0.162949 0.701426
vt 0.164906 0.698080
vt 0.165763 0.701423
vt 0.164601 0.702263
vt 0.168330 0.702282
vt 0.169770 0.702358
vt 0.172188 0.702353
vt 0.171406 0.701496
vt 0.168672 0.701446
vt 0.174669 0.701587
vt 0.172887 0.697842
vt 0.168454 0.697930
vt 0.175997 0.697967
vt 0.169205 0.696507
vt 0.166411 0.696405
vt 0.171821 0.696645
vt 0.169906 0.694054
vt 0.174306 0.694411
vt 0.167220 0.692776
vt 0.163364 0.692951
vt 0.163537 0.696668
vt 0.162379 0.694107
vt 0.160371 0.692945
vt 0.160029 0.689149
vt 0.157466 0.692887
vt 0.158502 0.694810
vt 0.160044 0.696533
vt 0.400669 0.908489
vt 0.399395 0.908657
vt 0.401447 0.906839
vt 0.155480 0.697074
vt 0.157152 0.694135
vt 0.403693 0.908113
vt 0.991690 0.647379
vt 0.989186 0.644539
vt 0.991690 0.642812
vt 0.157419 0.686309
vt 0.174442 0.692972
vt 0.404579 0.928463
vt 0.401428 0.944378
vt 0.400769 0.942294
vt 0.403388 0.945862
vt 0.706608 0.791357
vt 0.703629 0.790390
vt 0.704416 0.789160
vt 0.706330 0.793358
vt 0.399580 0.943875
vt 0.706378 0.789466
vt 0.705261 0.782845
vt 0.707432 0.782388
vt 0.705614 0.781204
vt 0.392458 0.943257
vt 0.391368 0.944779
vt 0.391617 0.941499
vt 0.395993 0.942428
vt 0.392758 0.940657
vt 0.399378 0.940942
vt 0.705449 0.779517
vt 0.389736 0.943861
vt 0.943077 0.069835
vt 0.945652 0.068020
vt 0.943601 0.069954
vt 0.672803 0.776810
vt 0.671978 0.778773
vt 0.669778 0.777549
vt 0.668488 0.776255
vt 0.660958 0.669570
vt 0.998891 0.363555
vt 0.999752 0.359068
vt 0.999752 0.364671
vt 0.655041 0.668443
vt 0.195868 0.685439
vt 0.188127 0.684624
vt 0.680394 0.090075
vt 0.688149 0.089712
vt 0.188100 0.685576
vt 0.181409 0.696313
vt 0.182427 0.701223
vt 0.179330 0.696019
vt 0.179444 0.699984
vt 0.176270 0.695984
vt 0.176994 0.698721
vt 0.685158 0.794755
vt 0.173053 0.702005
vt 0.977800 0.123721
vt 0.977792 0.121585
vt 0.157791 0.691186
vt 0.977807 0.125463
vt 0.159455 0.691381
vt 0.161304 0.691568
vt 0.160188 0.700262
vt 0.158844 0.700120
vt 0.161630 0.700398
vt 0.977763 0.104470
vt 0.977971 0.104640
vt 0.977763 0.102847
vt 0.977763 0.100904
vt 0.990188 0.701568
vt 0.338385 0.997334
vt 0.337335 0.997329
vt 0.337658 0.991909
vt 0.336916 0.991881
vt 0.338385 0.991905
vt 0.729841 0.996171
vt 0.729282 0.996174
vt 0.729282 0.990741
vt 0.942160 0.097476
vt 0.942685 0.096931
vt 0.945891 0.098174
vt 0.941120 0.097292
vt 0.944035 0.095472
vt 0.898856 0.043667
vt 0.898819 0.046330
vt 0.898560 0.045131
vt 0.951126 0.103262
vt 0.949002 0.100854
vt 0.165607 0.683267
vt 0.162404 0.683505
vt 0.163083 0.683204
vt 0.948516 0.102666
vt 0.138344 0.759894
vt 0.138344 0.762330
vt 0.138082 0.761614
vt 0.947495 0.103432
vt 0.164179 0.683149
vt 0.165174 0.683245
vt 0.990964 0.823065
vt 0.989966 0.823022
vt 0.990964 0.817626
vt 0.947858 0.104436
vt 0.989841 0.817580
vt 0.947356 0.106540
vt 0.948983 0.104483
vt 0.860519 0.997870
vt 0.859392 0.997871
vt 0.859216 0.992433
vt 0.954009 0.106709
vt 0.949496 0.103482
vt 0.718253 0.991373
vt 0.719268 0.991371
vt 0.719268 0.996805
vt 0.860519 0.992441
vt 0.166180 0.683211
vt 0.718341 0.996807
vt 0.717661 0.996805
vt 0.166058 0.688617
vt 0.955037 0.107414
vt 0.526512 0.988286
vt 0.527003 0.986291
vt 0.527003 0.989086
vt 0.952644 0.104623
vt 0.708080 0.485061
vt 0.709288 0.483928
vt 0.709288 0.486727
vt 0.169316 0.680839
vt 0.171512 0.682347
vt 0.169367 0.683118
vt 0.709326 0.994785
vt 0.710900 0.995487
vt 0.709672 0.997477
vt 0.167719 0.681406
vt 0.710900 0.990352
vt 0.165027 0.681057
vt 0.166219 0.677109
vt 0.164247 0.675559
vt 0.162795 0.676235
vt 0.161843 0.674906
vt 0.891540 0.043815
vt 0.893741 0.046214
vt 0.890118 0.045176
vt 0.898569 0.043263
vt 0.889164 0.047144
vt 0.894230 0.048755
vt 0.898636 0.049856
vt 0.889624 0.050364
vt 0.888891 0.049218
vt 0.898541 0.051546
vt 0.886245 0.049054
vt 0.103413 0.955254
vt 0.100723 0.956868
vt 0.100513 0.954182
vt 0.101739 0.958390
vt 0.885076 0.051658
vt 0.886413 0.047516
vt 0.163866 0.671958
vt 0.163032 0.673616
vt 0.162114 0.671414
vt 0.888839 0.044632
vt 0.104392 0.958154
vt 0.103553 0.960426
vt 0.107844 0.957455
vt 0.105551 0.959921
vt 0.105399 0.955961
vt 0.107343 0.955145
vt 0.111136 0.955820
vt 0.111201 0.957878
vt 0.112530 0.960132
vt 0.111957 0.962316
vt 0.108772 0.962629
vt 0.111575 0.966999
vt 0.109900 0.968367
vt 0.105750 0.963745
vt 0.113460 0.966242
vt 0.112564 0.969999
vt 0.115093 0.968130
vt 0.172305 0.680640
vt 0.175384 0.681606
vt 0.169732 0.679289
vt 0.174097 0.683356
vt 0.172992 0.684888
vt 0.171813 0.683776
vt 0.180784 0.684075
vt 0.184503 0.686083
vt 0.165872 0.674791
vt 0.172173 0.673447
vt 0.104897 0.953812
vt 0.102179 0.952540
vt 0.104709 0.951175
vt 0.883069 0.053101
vt 0.164143 0.682890
vt 0.942705 0.096175
vt 0.942210 0.095604
vt 0.942032 0.088841
vt 0.730599 0.990738
vt 0.731160 0.990741
vt 0.731160 0.996174
vt 0.730599 0.996171
vt 0.157887 0.683596
vt 0.158641 0.683614
vt 0.158476 0.689026
vt 0.941457 0.095515
vt 0.940820 0.096051
vt 0.157268 0.683532
vt 0.157420 0.688981
vt 0.242806 0.998598
vt 0.241752 0.998537
vt 0.242806 0.993157
vt 0.937669 0.097312
vt 0.241570 0.993082
vt 0.389270 0.916137
vt 0.390075 0.919976
vt 0.935491 0.093497
vt 0.392244 0.917078
vt 0.391403 0.920117
vt 0.390571 0.924349
vt 0.389259 0.922216
vt 0.391925 0.926025
vt 0.389256 0.927828
vt 0.729841 0.990738
vt 0.130957 0.775731
vt 0.936350 0.242169
vt 0.936350 0.244201
vt 0.935731 0.242988
vt 0.985590 0.086604
vt 0.981246 0.031891
vt 0.971927 0.031137
vt 0.298282 0.983473
vt 0.273263 0.633233
vt 0.273064 0.630754
vt 0.273044 0.628938
vt 0.273263 0.625748
vt 0.419950 0.691135
vt 0.419950 0.698393
vt 0.419749 0.694326
vt 0.882648 0.996017
vt 0.884349 0.995903
vt 0.690111 0.788306
vt 0.884349 0.991211
vt 0.950985 0.992190
vt 0.164968 0.685958
vt 0.165973 0.685923
vt 0.643298 0.998184
vt 0.948347 0.071080
vt 0.948437 0.070330
vt 0.164033 0.685887
vt 0.698912 0.778291
vt 0.701291 0.778286
vt 0.700733 0.778484
vt 0.699646 0.775277
vt 0.697040 0.778003
vt 0.702002 0.774693
vt 0.701752 0.770256
vt 0.699758 0.770831
vt 0.890596 0.065940
vt 0.889766 0.063681
vt 0.700224 0.769025
vt 0.887807 0.063659
vt 0.702760 0.767452
vt 0.700574 0.765892
vt 0.702011 0.765176
vt 0.703779 0.765996
vt 0.886368 0.061217
vt 0.888783 0.060877
vt 0.452790 0.614630
vt 0.219235 0.998869
vt 0.218973 0.991898
vt 0.278264 0.781826
vt 0.959002 0.998335
vt 0.958471 0.998356
vt 0.958616 0.991362
vt 0.959610 0.998338
vt 0.959341 0.991352
vt 0.793801 0.339130
vt 0.793801 0.339860
vt 0.793325 0.339516
vt 0.793239 0.340129
vt 0.210608 0.992506
vt 0.211191 0.992512
vt 0.210839 0.999492
vt 0.793260 0.338897
vt 0.792780 0.339217
vt 0.792770 0.339794
vt 0.999585 0.108135
vt 0.999306 0.108131
vt 0.999585 0.101148
vt 0.999123 0.101143
vt 0.998732 0.108126
vt 0.998575 0.101139
vt 0.210169 0.992510
vt 0.210284 0.999492
vt 0.277726 0.781617
vt 0.959639 0.991366
vt 0.959657 0.998356
vt 0.748537 0.838612
vt 0.747935 0.839345
vt 0.549847 0.650432
vt 0.547507 0.651121
vt 0.547548 0.649205
vt 0.549813 0.652518
vt 0.547478 0.653301
vt 0.549792 0.654826
vt 0.547457 0.656477
vt 0.744760 0.837610
vt 0.747708 0.838224
vt 0.823819 0.993405
vt 0.823937 0.993427
vt 0.824022 0.998081
vt 0.823703 0.998057
vt 0.822990 0.993407
vt 0.747591 0.837474
vt 0.210888 0.871237
vt 0.212662 0.874389
vt 0.210420 0.872755
vt 0.210225 0.873873
vt 0.209540 0.872366
vt 0.209903 0.868707
vt 0.822573 0.998081
vt 0.213845 0.877595
vt 0.210371 0.876866
vt 0.209227 0.873747
vt 0.599196 0.996602
vt 0.598189 0.996602
vt 0.598807 0.991943
vt 0.599511 0.991953
vt 0.208723 0.874309
vt 0.144534 0.993925
vt 0.145391 0.993924
vt 0.145068 0.998581
vt 0.208999 0.872856
vt 0.597886 0.991953
vt 0.748446 0.836989
vt 0.742661 0.835990
vt 0.747198 0.835440
vt 0.145943 0.998583
vt 0.749710 0.836891
vt 0.744549 0.834261
vt 0.409092 0.831239
vt 0.404437 0.831289
vt 0.404457 0.828894
vt 0.409081 0.833890
vt 0.409113 0.828727
vt 0.737686 0.834403
vt 0.404427 0.834860
vt 0.409084 0.836671
vt 0.741768 0.833437
vt 0.404437 0.838618
vt 0.206349 0.868140
vt 0.205744 0.864323
vt 0.207002 0.862293
vt 0.207543 0.871815
vt 0.208592 0.867340
vt 0.990034 0.991912
vt 0.990872 0.991923
vt 0.990626 0.996579
vt 0.207919 0.861680
vt 0.206310 0.861640
vt 0.991636 0.991915
vt 0.991636 0.996571
vt 0.834126 0.994709
vt 0.834899 0.994709
vt 0.834899 0.999367
vt 0.737152 0.833413
vt 0.737951 0.832832
vt 0.735052 0.832756
vt 0.736383 0.833554
vt 0.833959 0.999365
vt 0.833822 0.994706
vt 0.732167 0.833059
vt 0.736110 0.834261
vt 0.736725 0.835006
vt 0.731076 0.835535
vt 0.050711 0.996991
vt 0.050606 0.996962
vt 0.050710 0.992322
vt 0.050095 0.992313
vt 0.049873 0.996974
vt 0.049135 0.992358
vt 0.209047 0.855755
vt 0.207779 0.860935
vt 0.206833 0.860756
vt 0.210472 0.850846
vt 0.210163 0.855351
vt 0.209870 0.850177
vt 0.208352 0.851212
vt 0.207172 0.853862
vt 0.206349 0.856643
vt 0.209112 0.859748
vt 0.208964 0.861553
vt 0.209413 0.857961
vt 0.968726 0.847263
vt 0.976483 0.847154
vt 0.976508 0.848966
vt 0.968705 0.845457
vt 0.208970 0.863365
vt 0.976462 0.845348
vt 0.852944 0.894126
vt 0.854132 0.896568
vt 0.853799 0.897588
vt 0.854735 0.898276
vt 0.968685 0.842793
vt 0.850658 0.894350
vt 0.976437 0.841806
vt 0.976447 0.843561
vt 0.968676 0.840205
vt 0.851487 0.891834
vt 0.848333 0.891073
vt 0.850349 0.890425
vt 0.976433 0.840096
vt 0.968678 0.838551
vt 0.848952 0.889479
vt 0.976438 0.837650
vt 0.968684 0.836966
vt 0.849096 0.889117
vt 0.847736 0.887920
vt 0.641878 0.338790
vt 0.640282 0.339744
vt 0.640235 0.338560
vt 0.641916 0.337813
vt 0.641916 0.340172
vt 0.847512 0.888850
vt 0.843124 0.885080
vt 0.845508 0.886367
vt 0.846612 0.890443
vt 0.695160 0.339393
vt 0.693841 0.338079
vt 0.695160 0.337728
vt 0.436901 0.337860
vt 0.437322 0.338626
vt 0.436037 0.338229
vt 0.976490 0.832854
vt 0.968726 0.833391
vt 0.968765 0.831536
vt 0.976462 0.834645
vt 0.968697 0.835461
vt 0.976522 0.831423
vt 0.214104 0.876299
vt 0.215572 0.877849
vt 0.968817 0.829971
vt 0.216936 0.879041
vt 0.217687 0.881180
vt 0.976555 0.830340
vt 0.217103 0.881842
vt 0.840571 0.884136
vt 0.839846 0.885142
vt 0.944779 0.648256
vt 0.945448 0.647246
vt 0.945448 0.648895
vt 0.976614 0.828973
vt 0.968878 0.828671
vt 0.967646 0.829898
vt 0.751040 0.591620
vt 0.751040 0.593478
vt 0.749666 0.592191
vt 0.839467 0.884340
vt 0.837967 0.884430
vt 0.837934 0.883489
vt 0.838265 0.884806
vt 0.839482 0.886244
vt 0.835778 0.888344
vt 0.833972 0.886472
vt 0.838130 0.886333
vt 0.620597 0.439659
vt 0.620597 0.441553
vt 0.618988 0.440133
vt 0.618927 0.441129
vt 0.833253 0.884122
vt 0.835232 0.883220
vt 0.831618 0.883374
vt 0.829448 0.884914
vt 0.976840 0.826716
vt 0.969055 0.826944
vt 0.969165 0.826763
vt 0.828297 0.884065
vt 0.976784 0.826954
vt 0.976706 0.827611
vt 0.968949 0.827720
vt 0.353000 0.977089
vt 0.352997 0.977145
vt 0.345238 0.977105
vt 0.976899 0.826632
vt 0.353003 0.976995
vt 0.345248 0.976705
vt 0.825535 0.885077
vt 0.827413 0.885372
vt 0.623464 0.283903
vt 0.622233 0.284189
vt 0.622310 0.283103
vt 0.827615 0.884957
vt 0.623740 0.285826
vt 0.622124 0.285826
vt 0.828159 0.886889
vt 0.824150 0.888195
vt 0.823146 0.886367
vt 0.820917 0.887920
vt 0.353023 0.975270
vt 0.345257 0.975953
vt 0.345264 0.974910
vt 0.353010 0.976693
vt 0.353015 0.976241
vt 0.233967 0.883418
vt 0.232170 0.883654
vt 0.230360 0.883736
vt 0.236602 0.882762
vt 0.345269 0.974030
vt 0.353031 0.974019
vt 0.239146 0.881813
vt 0.240308 0.882859
vt 0.079305 0.992094
vt 0.080094 0.992091
vt 0.079853 0.996749
vt 0.080863 0.996749
vt 0.240793 0.883714
vt 0.080924 0.992091
vt 0.240857 0.882091
vt 0.641890 0.997448
vt 0.641659 0.997415
vt 0.641890 0.992792
vt 0.754898 0.869485
vt 0.641350 0.992750
vt 0.241722 0.882390
vt 0.240761 0.880992
vt 0.640655 0.997398
vt 0.241702 0.883396
vt 0.244633 0.882455
vt 0.243079 0.879454
vt 0.345277 0.971884
vt 0.353040 0.971199
vt 0.353035 0.973007
vt 0.345273 0.973019
vt 0.818589 0.890670
vt 0.818832 0.891835
vt 0.817166 0.891835
vt 0.816151 0.893336
vt 0.818304 0.890425
vt 0.345280 0.970634
vt 0.815267 0.894918
vt 0.345282 0.969275
vt 0.353045 0.968537
vt 0.345284 0.967052
vt 0.814219 0.897423
vt 0.815400 0.899037
vt 0.819924 0.897100
vt 0.822894 0.892983
vt 0.820414 0.892079
vt 0.353047 0.965462
vt 0.245735 0.877098
vt 0.247999 0.874277
vt 0.249087 0.874604
vt 0.249307 0.875377
vt 0.029877 0.997445
vt 0.029137 0.997449
vt 0.029376 0.992791
vt 0.249938 0.873944
vt 0.028378 0.997449
vt 0.028594 0.992793
vt 0.249753 0.871113
vt 0.252190 0.873734
vt 0.250694 0.874545
vt 0.845355 0.997332
vt 0.844815 0.997311
vt 0.845178 0.992666
vt 0.028474 0.992790
vt 0.746125 0.878266
vt 0.746961 0.878745
vt 0.745300 0.880230
vt 0.844342 0.992659
vt 0.748061 0.878883
vt 0.747588 0.878015
vt 0.843874 0.997332
vt 0.264124 0.991989
vt 0.264827 0.991998
vt 0.264426 0.996647
vt 0.263464 0.996647
vt 0.263171 0.991998
vt 0.250266 0.875455
vt 0.250214 0.876865
vt 0.985209 0.392330
vt 0.989867 0.390753
vt 0.989865 0.393974
vt 0.247704 0.879804
vt 0.985207 0.394828
vt 0.989865 0.397323
vt 0.985211 0.389999
vt 0.985215 0.387913
vt 0.989872 0.387748
vt 0.985208 0.397645
vt 0.989867 0.401213
vt 0.985210 0.401221
vt 0.740005 0.878601
vt 0.741768 0.881326
vt 0.253712 0.870001
vt 0.250947 0.867699
vt 0.253192 0.864034
vt 0.989871 0.404086
vt 0.254462 0.867199
vt 0.251473 0.865035
vt 0.016179 0.996801
vt 0.015269 0.996801
vt 0.015495 0.992142
vt 0.014617 0.992156
vt 0.104794 0.992329
vt 0.105613 0.992325
vt 0.105367 0.996983
vt 0.252646 0.863141
vt 0.254133 0.863830
vt 0.254841 0.864323
vt 0.353041 0.955866
vt 0.345280 0.955877
vt 0.345277 0.954067
vt 0.353036 0.953157
vt 0.353045 0.958574
vt 0.251618 0.862323
vt 0.345273 0.952269
vt 0.251299 0.858720
vt 0.253498 0.862481
vt 0.345267 0.949631
vt 0.353028 0.949619
vt 0.761680 0.998610
vt 0.761140 0.998594
vt 0.761299 0.993939
vt 0.254254 0.863081
vt 0.254841 0.860459
vt 0.254236 0.856643
vt 0.761504 0.993966
vt 0.106372 0.992326
vt 0.106283 0.996983
vt 0.731212 0.881552
vt 0.728410 0.880801
vt 0.734377 0.880282
vt 0.734087 0.881930
vt 0.733366 0.878835
vt 0.735270 0.879736
vt 0.734580 0.881223
vt 0.989876 0.406986
vt 0.985222 0.408921
vt 0.985215 0.405061
vt 0.737951 0.881930
vt 0.735329 0.881343
vt 0.989884 0.410822
vt 0.985229 0.411778
vt 0.760384 0.998610
vt 0.760551 0.993949
vt 0.016226 0.992148
vt 0.735930 0.880587
vt 0.989894 0.414536
vt 0.985237 0.414544
vt 0.989906 0.417907
vt 0.985250 0.418209
vt 0.250946 0.852363
vt 0.251634 0.851629
vt 0.253141 0.853113
vt 0.250681 0.856076
vt 0.989916 0.420486
vt 0.251794 0.850350
vt 0.353021 0.947069
vt 0.345259 0.947081
vt 0.345254 0.945461
vt 0.353013 0.944677
vt 0.249697 0.853545
vt 0.817166 0.917220
vt 0.815709 0.914928
vt 0.818304 0.918629
vt 0.345248 0.943916
vt 0.250001 0.851753
vt 0.194389 0.992413
vt 0.195399 0.992401
vt 0.195399 0.997056
vt 0.834899 0.994707
vt 0.835673 0.994706
vt 0.835006 0.999364
vt 0.819557 0.919937
vt 0.332766 0.996899
vt 0.331981 0.996922
vt 0.332326 0.992248
vt 0.333557 0.996922
vt 0.333268 0.992251
vt 0.250928 0.850781
vt 0.722880 0.876615
vt 0.723102 0.877551
vt 0.720027 0.876106
vt 0.722328 0.877872
vt 0.333490 0.992282
vt 0.724044 0.877748
vt 0.985259 0.420494
vt 0.989926 0.422613
vt 0.985270 0.422716
vt 0.835912 0.999364
vt 0.835977 0.994709
vt 0.988490 0.174023
vt 0.993155 0.174786
vt 0.993184 0.176867
vt 0.988529 0.177001
vt 0.717923 0.874110
vt 0.993131 0.172459
vt 0.716098 0.871855
vt 0.988461 0.170806
vt 0.993111 0.169964
vt 0.714518 0.869423
vt 0.988439 0.167295
vt 0.714719 0.868148
vt 0.993094 0.167152
vt 0.501360 0.996752
vt 0.500929 0.996724
vt 0.501360 0.992086
vt 0.500528 0.992074
vt 0.189010 0.999022
vt 0.188076 0.999000
vt 0.189010 0.994363
vt 0.243417 0.842568
vt 0.242377 0.842055
vt 0.241472 0.840450
vt 0.238086 0.838994
vt 0.187786 0.994337
vt 0.231959 0.839413
vt 0.988425 0.163760
vt 0.993084 0.164526
vt 0.993079 0.161667
vt 0.235100 0.838221
vt 0.988421 0.160703
vt 0.988422 0.157803
vt 0.232224 0.837842
vt 0.993079 0.157805
vt 0.988431 0.153966
vt 0.228360 0.837842
vt 0.231315 0.838448
vt 0.993087 0.153969
vt 0.712117 0.856201
vt 0.712657 0.857227
vt 0.711395 0.857381
vt 0.711698 0.861233
vt 0.711698 0.853529
vt 0.988447 0.150387
vt 0.993105 0.150251
vt 0.713010 0.855655
vt 0.712600 0.849772
vt 0.713640 0.847064
vt 0.993124 0.147588
vt 0.998798 0.086730
vt 0.999743 0.086849
vt 0.998798 0.091421
vt 0.713621 0.856583
vt 0.011163 0.992545
vt 0.011982 0.992541
vt 0.011736 0.997199
vt 0.012651 0.997199
vt 0.714442 0.856080
vt 0.601265 0.992598
vt 0.602229 0.992586
vt 0.601858 0.997236
vt 0.999743 0.091558
vt 0.205324 0.972877
vt 0.202998 0.971069
vt 0.395929 0.876472
vt 0.396485 0.878680
vt 0.395854 0.876982
vt 0.395080 0.875343
vt 0.146383 0.964215
vt 0.134586 0.964214
vt 0.134584 0.962410
vt 0.146381 0.962411
vt 0.134584 0.960598
vt 0.146381 0.960599
vt 0.134586 0.958792
vt 0.396971 0.880426
vt 0.146383 0.958793
vt 0.134591 0.957005
vt 0.167716 0.923058
vt 0.165919 0.922828
vt 0.146387 0.957005
vt 0.134598 0.955249
vt 0.146394 0.955250
vt 0.164148 0.922446
vt 0.134607 0.953538
vt 0.146403 0.953539
vt 0.012702 0.992543
vt 0.602769 0.992625
vt 0.602769 0.997269
vt 0.712301 0.864071
vt 0.499966 0.996750
vt 0.247704 0.844979
vt 0.244766 0.842469
vt 0.194478 0.997070
vt 0.193861 0.997066
vt 0.814196 0.910721
vt 0.815629 0.911447
vt 0.814521 0.912486
vt 0.813918 0.910778
vt 0.731987 0.066542
vt 0.730802 0.065169
vt 0.731987 0.064794
vt 0.823408 0.065288
vt 0.824518 0.066744
vt 0.823272 0.066938
vt 0.813461 0.909024
vt 0.814961 0.909265
vt 0.824518 0.065053
vt 0.429765 0.337860
vt 0.430816 0.338143
vt 0.428997 0.338356
vt 0.429406 0.339448
vt 0.434112 0.338835
vt 0.432529 0.340110
vt 0.432488 0.338306
vt 0.434159 0.337860
vt 0.430816 0.339972
vt 0.730695 0.066882
vt 0.434159 0.340141
vt 0.816616 0.909836
vt 0.816272 0.904881
vt 0.818134 0.906215
vt 0.813078 0.906336
vt 0.815102 0.901350
vt 0.818184 0.902685
vt 0.668174 0.829225
vt 0.667395 0.825696
vt 0.668171 0.824533
vt 0.667395 0.822258
vt 0.149238 0.945211
vt 0.148201 0.940632
vt 0.150524 0.944168
vt 0.151279 0.949009
vt 0.151457 0.944402
vt 0.151195 0.943577
vt 0.835926 0.991378
vt 0.836427 0.991438
vt 0.835762 0.994324
vt 0.987879 0.468848
vt 0.987081 0.465866
vt 0.987879 0.465788
vt 0.836427 0.994472
vt 0.042548 0.836069
vt 0.043214 0.836011
vt 0.043214 0.839063
vt 0.042351 0.839013
vt 0.152419 0.943657
vt 0.148517 0.935947
vt 0.149908 0.936965
vt 0.150717 0.937279
vt 0.153041 0.941215
vt 0.155792 0.949783
vt 0.154890 0.950030
vt 0.155412 0.945985
vt 0.159337 0.949315
vt 0.148088 0.824482
vt 0.147657 0.828281
vt 0.147663 0.823060
vt 0.148083 0.829460
vt 0.147659 0.832511
vt 0.777034 0.674834
vt 0.781176 0.671779
vt 0.780528 0.675651
vt 0.153693 0.942514
vt 0.153263 0.938661
vt 0.664323 0.866533
vt 0.664750 0.865329
vt 0.664750 0.870365
vt 0.784029 0.674039
vt 0.786249 0.670908
vt 0.782439 0.674533
vt 0.950812 0.929855
vt 0.955467 0.928469
vt 0.955472 0.930952
vt 0.950818 0.932044
vt 0.950810 0.928195
vt 0.950809 0.926606
vt 0.955466 0.926084
vt 0.177135 0.962068
vt 0.177135 0.964551
vt 0.176162 0.963628
vt 0.176463 0.966947
vt 0.175017 0.967417
vt 0.176474 0.959955
vt 0.175270 0.959755
vt 0.993248 0.136314
vt 0.993340 0.140027
vt 0.992355 0.139614
vt 0.993219 0.132395
vt 0.992248 0.133369
vt 0.992279 0.136455
vt 0.423506 0.608057
vt 0.421012 0.607854
vt 0.423669 0.605827
vt 0.719609 0.988741
vt 0.719648 0.985914
vt 0.720612 0.986199
vt 0.427489 0.605378
vt 0.425992 0.607168
vt 0.425117 0.607322
vt 0.424280 0.607621
vt 0.984429 0.512282
vt 0.983811 0.512273
vt 0.983911 0.479368
vt 0.983474 0.479362
vt 0.983094 0.512266
vt 0.426881 0.607165
vt 0.903479 0.888661
vt 0.903923 0.889019
vt 0.902056 0.890687
vt 0.982967 0.479358
vt 0.904435 0.889341
vt 0.904142 0.891883
vt 0.905171 0.889679
vt 0.982299 0.512260
vt 0.982237 0.479353
vt 0.981461 0.479350
vt 0.983297 0.476837
vt 0.980659 0.479349
vt 0.980161 0.476830
vt 0.981448 0.512257
vt 0.428596 0.607605
vt 0.430660 0.606624
vt 0.429280 0.607975
vt 0.980677 0.512256
vt 0.427757 0.607312
vt 0.430067 0.608591
vt 0.979678 0.512257
vt 0.980039 0.479349
vt 0.979487 0.479351
vt 0.978701 0.479354
vt 0.977288 0.476840
vt 0.978811 0.512260
vt 0.432569 0.608658
vt 0.430657 0.609255
vt 0.431126 0.610010
vt 0.977988 0.512266
vt 0.977233 0.512273
vt 0.977265 0.479366
vt 0.431460 0.610834
vt 0.977954 0.479359
vt 0.910131 0.888939
vt 0.910736 0.888402
vt 0.911960 0.890618
vt 0.909449 0.889376
vt 0.976651 0.479374
vt 0.976569 0.512282
vt 0.684923 0.977808
vt 0.684485 0.977809
vt 0.684582 0.944899
vt 0.911123 0.887956
vt 0.913384 0.889014
vt 0.913900 0.891262
vt 0.911452 0.887472
vt 0.914310 0.887081
vt 0.916179 0.887116
vt 0.685274 0.944897
vt 0.685400 0.977807
vt 0.911818 0.886750
vt 0.686051 0.944895
vt 0.686115 0.977805
vt 0.431582 0.613471
vt 0.431692 0.612589
vt 0.433413 0.613937
vt 0.686880 0.977804
vt 0.686890 0.944894
vt 0.431325 0.614322
vt 0.992430 0.777330
vt 0.993397 0.776215
vt 0.993406 0.778718
vt 0.433413 0.610837
vt 0.430928 0.615117
vt 0.687766 0.944893
vt 0.687677 0.977803
vt 0.688487 0.977803
vt 0.720580 0.995712
vt 0.720612 0.997905
vt 0.719621 0.996742
vt 0.719603 0.994778
vt 0.431651 0.611702
vt 0.163311 0.967476
vt 0.165544 0.969623
vt 0.164631 0.970199
vt 0.720567 0.992782
vt 0.168490 0.970481
vt 0.166627 0.971158
vt 0.678215 0.972258
vt 0.682890 0.971581
vt 0.682852 0.972911
vt 0.678263 0.971181
vt 0.678187 0.973817
vt 0.162968 0.968737
vt 0.682835 0.974669
vt 0.678181 0.975742
vt 0.161761 0.966881
vt 0.682840 0.976726
vt 0.678197 0.977891
vt 0.161100 0.964768
vt 0.162036 0.963598
vt 0.161100 0.962285
vt 0.682866 0.978927
vt 0.678240 0.980369
vt 0.788661 0.689558
vt 0.787765 0.693027
vt 0.792173 0.691027
vt 0.790572 0.688440
vt 0.078833 0.498922
vt 0.079248 0.497239
vt 0.079268 0.500118
vt 0.078820 0.494278
vt 0.791250 0.691904
vt 0.792111 0.686848
vt 0.795500 0.687099
vt 0.079268 0.492624
vt 0.078874 0.491528
vt 0.796705 0.683073
vt 0.793163 0.684900
vt 0.131253 0.779941
vt 0.131473 0.777677
vt 0.131473 0.781880
vt 0.796641 0.680799
vt 0.796092 0.678349
vt 0.793538 0.680528
vt 0.793651 0.682740
vt 0.792775 0.678303
vt 0.678333 0.970672
vt 0.683021 0.970561
vt 0.682946 0.970777
vt 0.169016 0.971525
vt 0.171552 0.971196
vt 0.950825 0.921642
vt 0.955486 0.921626
vt 0.955477 0.921914
vt 0.172516 0.969634
vt 0.173762 0.970051
vt 0.950817 0.922248
vt 0.955470 0.923023
vt 0.950812 0.923491
vt 0.955467 0.924689
vt 0.175577 0.968356
vt 0.950810 0.924698
vt 0.791173 0.672406
vt 0.787878 0.674255
vt 0.785690 0.673916
vt 0.789423 0.674875
vt 0.788822 0.671295
vt 0.794189 0.674863
vt 0.791374 0.676420
vt 0.526512 0.980729
vt 0.526940 0.979570
vt 0.526940 0.981465
vt 0.526518 0.983244
vt 0.154107 0.934864
vt 0.150720 0.932141
vt 0.156324 0.931668
vt 0.664327 0.863083
vt 0.151260 0.929785
vt 0.153117 0.930413
vt 0.149683 0.932393
vt 0.150336 0.936327
vt 0.151078 0.936566
vt 0.153781 0.930851
vt 0.160360 0.928805
vt 0.693558 0.486976
vt 0.692940 0.486960
vt 0.693117 0.484039
vt 0.700463 0.486824
vt 0.699861 0.486663
vt 0.701050 0.483928
vt 0.154103 0.930119
vt 0.156646 0.928167
vt 0.701050 0.486978
vt 0.153365 0.929688
vt 0.153249 0.927507
vt 0.163286 0.925790
vt 0.155793 0.925764
vt 0.159249 0.925749
vt 0.159640 0.926679
vt 0.874926 0.995584
vt 0.875640 0.998478
vt 0.875130 0.998527
vt 0.160118 0.926020
vt 0.714665 0.483990
vt 0.715668 0.483928
vt 0.714940 0.486919
vt 0.875640 0.995415
vt 0.715668 0.486964
vt 0.992964 0.425001
vt 0.993727 0.424910
vt 0.993727 0.427978
vt 0.162389 0.923329
vt 0.167812 0.923529
vt 0.165096 0.923135
vt 0.273194 0.667203
vt 0.273343 0.664788
vt 0.273343 0.669913
vt 0.158453 0.924210
vt 0.160011 0.923770
vt 0.830669 0.888743
vt 0.826312 0.890355
vt 0.138339 0.742871
vt 0.138067 0.741275
vt 0.138339 0.738207
vt 0.826363 0.890539
vt 0.820979 0.890470
vt 0.668192 0.813156
vt 0.667413 0.813781
vt 0.667426 0.811942
vt 0.668202 0.812128
vt 0.641916 0.339738
vt 0.643517 0.338761
vt 0.643553 0.340172
vt 0.819575 0.889797
vt 0.641918 0.338149
vt 0.643553 0.337752
vt 0.420365 0.339061
vt 0.418831 0.337967
vt 0.420324 0.337860
vt 0.418611 0.339557
vt 0.692162 0.065526
vt 0.693462 0.066647
vt 0.692247 0.067312
vt 0.606140 0.283775
vt 0.604473 0.284239
vt 0.604522 0.283112
vt 0.693462 0.064794
vt 0.606148 0.284965
vt 0.604539 0.285382
vt 0.420059 0.340164
vt 0.606148 0.285608
vt 0.419287 0.340164
vt 0.819557 0.889117
vt 0.171342 0.924709
vt 0.167417 0.925245
vt 0.990703 0.694261
vt 0.990783 0.692075
vt 0.991520 0.692845
vt 0.166715 0.924907
vt 0.991630 0.690880
vt 0.843782 0.891314
vt 0.839990 0.889263
vt 0.991443 0.695798
vt 0.847367 0.894908
vt 0.990657 0.696421
vt 0.991398 0.700188
vt 0.173879 0.926175
vt 0.177907 0.930418
vt 0.175603 0.931616
vt 0.990619 0.701677
vt 0.173371 0.928118
vt 0.173740 0.928938
vt 0.174858 0.934865
vt 0.195535 0.985301
vt 0.195282 0.982201
vt 0.195535 0.982347
vt 0.195096 0.985230
vt 0.044412 0.836011
vt 0.044967 0.838959
vt 0.044080 0.838959
vt 0.172911 0.928733
vt 0.376882 0.998661
vt 0.376950 0.995592
vt 0.377547 0.995685
vt 0.377578 0.998661
vt 0.177979 0.938256
vt 0.177086 0.934663
vt 0.177822 0.934202
vt 0.179015 0.934140
vt 0.180285 0.936172
vt 0.177736 0.935165
vt 0.990658 0.707880
vt 0.991437 0.708267
vt 0.991511 0.712438
vt 0.990775 0.713899
vt 0.991401 0.704739
vt 0.180285 0.942483
vt 0.991630 0.716422
vt 0.990901 0.717707
vt 0.178413 0.941477
vt 0.178494 0.942277
vt 0.849071 0.911250
vt 0.853229 0.910142
vt 0.852623 0.908350
vt 0.850453 0.906763
vt 0.997230 0.621800
vt 0.852381 0.904173
vt 0.688967 0.337751
vt 0.687357 0.337911
vt 0.687362 0.337728
vt 0.854161 0.907827
vt 0.688967 0.339539
vt 0.687358 0.339791
vt 0.852140 0.899439
vt 0.853313 0.899997
vt 0.849645 0.899013
vt 0.854731 0.903453
vt 0.850441 0.902452
vt 0.646869 0.339506
vt 0.648477 0.339123
vt 0.648488 0.340148
vt 0.855575 0.902718
vt 0.855192 0.900030
vt 0.854493 0.898981
vt 0.646873 0.337917
vt 0.648488 0.337752
vt 0.638568 0.339052
vt 0.638683 0.337813
vt 0.640235 0.338224
vt 0.494227 0.339716
vt 0.492626 0.340056
vt 0.492570 0.338857
vt 0.494227 0.338191
vt 0.492642 0.337860
vt 0.640235 0.339800
vt 0.638797 0.340203
vt 0.650106 0.339514
vt 0.651716 0.338689
vt 0.651719 0.340138
vt 0.650106 0.338059
vt 0.651719 0.337752
vt 0.147880 0.892658
vt 0.148191 0.891928
vt 0.148191 0.893485
vt 0.852278 0.897920
vt 0.976594 0.853430
vt 0.968880 0.855268
vt 0.968800 0.851771
vt 0.855575 0.906335
vt 0.976539 0.850770
vt 0.968752 0.849075
vt 0.976683 0.856836
vt 0.968950 0.857769
vt 0.967766 0.858009
vt 0.854675 0.909397
vt 0.976786 0.859986
vt 0.211642 0.852050
vt 0.211342 0.850434
vt 0.079302 0.888123
vt 0.078488 0.888115
vt 0.079109 0.883463
vt 0.259765 0.993916
vt 0.260674 0.993903
vt 0.260027 0.998563
vt 0.260987 0.998563
vt 0.725969 0.838280
vt 0.724927 0.837661
vt 0.725835 0.837343
vt 0.722548 0.840475
vt 0.261158 0.993929
vt 0.719978 0.842897
vt 0.550134 0.678660
vt 0.547807 0.678686
vt 0.547695 0.675267
vt 0.547916 0.681255
vt 0.203093 0.958122
vt 0.205420 0.958182
vt 0.550246 0.681288
vt 0.396596 0.892374
vt 0.395124 0.895679
vt 0.395396 0.894560
vt 0.396115 0.892897
vt 0.396690 0.891179
vt 0.146459 0.947377
vt 0.134662 0.947376
vt 0.134681 0.946062
vt 0.156118 0.918397
vt 0.154757 0.917200
vt 0.155397 0.914195
vt 0.146477 0.946063
vt 0.153504 0.915892
vt 0.900813 0.972631
vt 0.889023 0.972791
vt 0.888963 0.971488
vt 0.900754 0.971328
vt 0.152366 0.914482
vt 0.888906 0.970083
vt 0.900697 0.969923
vt 0.888852 0.968586
vt 0.393549 0.897674
vt 0.394538 0.896156
vt 0.900642 0.968426
vt 0.888801 0.967008
vt 0.392434 0.899102
vt 0.393122 0.898692
vt 0.550033 0.675653
vt 0.549966 0.673208
vt 0.391319 0.900723
vt 0.391202 0.900430
vt 0.389862 0.901649
vt 0.900544 0.965200
vt 0.888754 0.965360
vt 0.888710 0.963655
vt 0.900591 0.966848
vt 0.149721 0.909748
vt 0.149118 0.908040
vt 0.151939 0.908439
vt 0.150468 0.911399
vt 0.900501 0.963494
vt 0.151034 0.905192
vt 0.148661 0.906286
vt 0.888671 0.961903
vt 0.900461 0.961743
vt 0.888637 0.960119
vt 0.900427 0.959958
vt 0.148355 0.904501
vt 0.888607 0.958314
vt 0.900397 0.958154
vt 0.148201 0.902695
vt 0.150724 0.901835
vt 0.878242 0.679289
vt 0.874896 0.681000
vt 0.874844 0.677645
vt 0.878200 0.675918
vt 0.151018 0.898477
vt 0.148201 0.900884
vt 0.874812 0.674286
vt 0.729112 0.583533
vt 0.728300 0.592750
vt 0.725791 0.592412
vt 0.731670 0.592697
vt 0.878181 0.673413
vt 0.723361 0.591704
vt 0.725392 0.582481
vt 0.874802 0.671031
vt 0.878176 0.670990
vt 0.874812 0.667985
vt 0.151907 0.895225
vt 0.148661 0.897293
vt 0.153362 0.892184
vt 0.149721 0.893831
vt 0.149118 0.895539
vt 0.888539 0.951155
vt 0.900329 0.950995
vt 0.900338 0.952750
vt 0.888535 0.949445
vt 0.900326 0.949284
vt 0.376532 0.906607
vt 0.378341 0.906500
vt 0.377539 0.906839
vt 0.380134 0.906241
vt 0.381118 0.906311
vt 0.888548 0.952910
vt 0.547457 0.659897
vt 0.549782 0.658136
vt 0.549792 0.661643
vt 0.373922 0.906763
vt 0.374721 0.906560
vt 0.888537 0.947791
vt 0.900328 0.947630
vt 0.888545 0.946206
vt 0.372920 0.906359
vt 0.900335 0.946045
vt 0.371143 0.906006
vt 0.888558 0.944701
vt 0.150468 0.892180
vt 0.151351 0.890598
vt 0.152366 0.889097
vt 0.155337 0.889452
vt 0.900348 0.944540
vt 0.153504 0.887687
vt 0.888576 0.943287
vt 0.900367 0.943126
vt 0.888600 0.941974
vt 0.367710 0.904856
vt 0.369402 0.905504
vt 0.368647 0.905526
vt 0.371241 0.906329
vt 0.900390 0.941813
vt 0.366079 0.904067
vt 0.888629 0.940771
vt 0.154757 0.886379
vt 0.157767 0.887117
vt 0.156118 0.885182
vt 0.900419 0.940611
vt 0.157574 0.884105
vt 0.888662 0.939688
vt 0.900452 0.939528
vt 0.888700 0.938733
vt 0.900490 0.938572
vt 0.159117 0.883155
vt 0.159834 0.885655
vt 0.878303 0.661859
vt 0.874896 0.662900
vt 0.874946 0.661430
vt 0.162095 0.884517
vt 0.875007 0.660284
vt 0.878381 0.660243
vt 0.722345 0.580104
vt 0.714163 0.584601
vt 0.712519 0.581658
vt 0.715713 0.586602
vt 0.878255 0.663390
vt 0.878218 0.665204
vt 0.717544 0.588350
vt 0.874844 0.665245
vt 0.878187 0.667943
vt 0.720302 0.590289
vt 0.179598 0.981158
vt 0.180267 0.979588
vt 0.180150 0.982218
vt 0.128808 0.744464
vt 0.129065 0.741193
vt 0.129065 0.745813
vt 0.179533 0.984183
vt 0.908562 0.894085
vt 0.905396 0.894184
vt 0.909906 0.893796
vt 0.907287 0.892416
vt 0.910149 0.891767
vt 0.711428 0.578469
vt 0.875100 0.659222
vt 0.878474 0.659181
vt 0.875205 0.658748
vt 0.165298 0.883467
vt 0.162416 0.881664
vt 0.168637 0.883007
vt 0.165919 0.880751
vt 0.164148 0.881133
vt 0.888839 0.936691
vt 0.900629 0.936531
vt 0.900579 0.937068
vt 0.888892 0.936302
vt 0.900683 0.936142
vt 0.359231 0.898237
vt 0.360393 0.899628
vt 0.361057 0.900709
vt 0.888789 0.937228
vt 0.358693 0.897971
vt 0.358192 0.896753
vt 0.547755 0.644668
vt 0.550134 0.644148
vt 0.550033 0.645278
vt 0.547862 0.643830
vt 0.550246 0.643608
vt 0.356819 0.894876
vt 0.357283 0.895186
vt 0.888949 0.936065
vt 0.900739 0.935905
vt 0.356510 0.893547
vt 0.889008 0.935981
vt 0.167716 0.880521
vt 0.169980 0.880454
vt 0.900813 0.935829
vt 0.171337 0.880521
vt 0.976569 0.476830
vt 0.976564 0.476932
vt 0.964770 0.476875
vt 0.964765 0.476997
vt 0.976556 0.477281
vt 0.964759 0.477299
vt 0.355393 0.890103
vt 0.356027 0.892277
vt 0.355826 0.892593
vt 0.177181 0.955408
vt 0.177191 0.955338
vt 0.179516 0.955314
vt 0.179510 0.955405
vt 0.547949 0.643575
vt 0.757649 0.856872
vt 0.757396 0.854168
vt 0.547660 0.646081
vt 0.549946 0.646964
vt 0.361668 0.900915
vt 0.363845 0.903015
vt 0.363047 0.902089
vt 0.364521 0.903143
vt 0.366158 0.904438
vt 0.547599 0.647479
vt 0.549891 0.648553
vt 0.888743 0.937911
vt 0.900533 0.937750
vt 0.160735 0.882339
vt 0.298329 0.951484
vt 0.301705 0.951479
vt 0.878579 0.658707
vt 0.710923 0.575136
vt 0.547471 0.662563
vt 0.741340 0.836429
vt 0.738675 0.835909
vt 0.549824 0.665248
vt 0.547486 0.664369
vt 0.736869 0.835762
vt 0.547507 0.666181
vt 0.735057 0.835766
vt 0.079303 0.343211
vt 0.079304 0.337413
vt 0.079304 0.349008
vt 0.549860 0.667959
vt 0.731035 0.836381
vt 0.547574 0.670202
vt 0.386999 0.904002
vt 0.384558 0.905193
vt 0.385292 0.904568
vt 0.386896 0.903726
vt 0.389251 0.902483
vt 0.549908 0.670622
vt 0.388423 0.902751
vt 0.725856 0.836337
vt 0.725702 0.835001
vt 0.725014 0.836037
vt 0.743006 0.998256
vt 0.742178 0.998258
vt 0.742571 0.993599
vt 0.077810 0.888123
vt 0.078105 0.883461
vt 0.743418 0.993599
vt 0.743611 0.998258
vt 0.404633 0.851892
vt 0.409245 0.850028
vt 0.409309 0.852735
vt 0.728410 0.833961
vt 0.404521 0.846322
vt 0.409175 0.846272
vt 0.404571 0.849159
vt 0.381898 0.905830
vt 0.383622 0.905271
vt 0.888582 0.956503
vt 0.900372 0.956342
vt 0.888562 0.954697
vt 0.900352 0.954536
vt 0.148355 0.899078
vt 0.180099 0.986417
vt 0.179516 0.987892
vt 0.180126 0.991146
vt 0.878303 0.682602
vt 0.734977 0.592043
vt 0.874966 0.684244
vt 0.878393 0.686111
vt 0.738473 0.590587
vt 0.875052 0.687272
vt 0.878499 0.689313
vt 0.153409 0.911473
vt 0.875152 0.689986
vt 0.151351 0.912981
vt 0.878579 0.691157
vt 0.658145 0.983724
vt 0.661503 0.984843
vt 0.743484 0.586778
vt 0.614277 0.283112
vt 0.614271 0.283757
vt 0.613068 0.283705
vt 0.615546 0.440346
vt 0.616706 0.439659
vt 0.617109 0.441534
vt 0.738970 0.066085
vt 0.740074 0.064794
vt 0.740074 0.066836
vt 0.614277 0.285270
vt 0.612672 0.285618
vt 0.854685 0.909720
vt 0.854735 0.910777
vt 0.855192 0.909024
vt 0.969057 0.860844
vt 0.969002 0.859347
vt 0.854132 0.912485
vt 0.976899 0.862745
vt 0.969145 0.862902
vt 0.615308 0.441534
vt 0.738793 0.065684
vt 0.177657 0.942035
vt 0.807365 0.894419
vt 0.808155 0.894351
vt 0.808155 0.897311
vt 0.269811 0.837250
vt 0.269467 0.837122
vt 0.269331 0.834172
vt 0.269811 0.834214
vt 0.042351 0.839073
vt 0.041481 0.838982
vt 0.042351 0.836011
vt 0.041747 0.836053
vt 0.202758 0.831092
vt 0.201849 0.831092
vt 0.202501 0.828095
vt 0.133140 0.998676
vt 0.132466 0.998676
vt 0.132930 0.995726
vt 0.201979 0.828142
vt 0.047506 0.839022
vt 0.046676 0.836011
vt 0.047506 0.836028
vt 0.046936 0.838957
vt 0.965068 0.998451
vt 0.964369 0.998482
vt 0.964513 0.995524
vt 0.965068 0.995400
vt 0.976941 0.826412
vt 0.976366 0.823426
vt 0.976941 0.823300
vt 0.167268 0.926010
vt 0.166515 0.925733
vt 0.696010 0.486976
vt 0.695520 0.486957
vt 0.695720 0.484036
vt 0.695139 0.483928
vt 0.694791 0.486976
vt 0.173026 0.932423
vt 0.168591 0.928981
vt 0.164460 0.928210
vt 0.668184 0.814843
vt 0.692324 0.486976
vt 0.692624 0.483928
vt 0.984884 0.823265
vt 0.985369 0.823145
vt 0.985369 0.826188
vt 0.138066 0.724290
vt 0.138339 0.721702
vt 0.138339 0.726650
vt 0.795571 0.676796
vt 0.202319 0.736928
vt 0.202424 0.735294
vt 0.202424 0.739437
vt 0.699144 0.483928
vt 0.699281 0.486875
vt 0.698628 0.486882
vt 0.551108 0.998545
vt 0.550513 0.995528
vt 0.551108 0.995494
vt 0.550372 0.998494
vt 0.551108 0.995547
vt 0.551843 0.995494
vt 0.551302 0.998488
vt 0.551843 0.998543
vt 0.699861 0.486882
vt 0.667401 0.817171
vt 0.668178 0.816956
vt 0.668173 0.820089
vt 0.720579 0.988741
vt 0.719596 0.992038
vt 0.175488 0.940236
vt 0.691555 0.168065
vt 0.692016 0.164434
vt 0.691979 0.169747
vt 0.912068 0.885979
vt 0.685727 0.980280
vt 0.908708 0.889702
vt 0.901871 0.892781
vt 0.900610 0.889104
vt 0.902918 0.888077
vt 0.902101 0.886685
vt 0.902454 0.887411
vt 0.899608 0.886918
vt 0.899212 0.890386
vt 0.530315 0.944191
vt 0.529751 0.944195
vt 0.528681 0.941639
vt 0.530914 0.944189
vt 0.901864 0.885911
vt 0.899300 0.883999
vt 0.897531 0.883559
vt 0.531591 0.941625
vt 0.897793 0.887416
vt 0.531680 0.977083
vt 0.530792 0.977082
vt 0.531722 0.944190
vt 0.532549 0.977088
vt 0.532514 0.944196
vt 0.533270 0.944205
vt 0.902296 0.882401
vt 0.901987 0.883149
vt 0.899804 0.881915
vt 0.533687 0.941640
vt 0.900863 0.880050
vt 0.898566 0.880133
vt 0.902609 0.881860
vt 0.677032 0.452476
vt 0.676457 0.455742
vt 0.676450 0.452337
vt 0.677042 0.456745
vt 0.615976 0.625337
vt 0.616532 0.622743
vt 0.616571 0.626001
vt 0.901768 0.876831
vt 0.905171 0.875335
vt 0.904786 0.877342
vt 0.902632 0.878422
vt 0.615947 0.621944
vt 0.616521 0.619315
vt 0.907182 0.877083
vt 0.615943 0.617214
vt 0.906207 0.879576
vt 0.909551 0.877493
vt 0.908389 0.879715
vt 0.907594 0.879558
vt 0.906785 0.879526
vt 0.909856 0.880388
vt 0.909149 0.879994
vt 0.692882 0.944903
vt 0.692922 0.977814
vt 0.692514 0.977811
vt 0.693211 0.944906
vt 0.693216 0.977817
vt 0.910312 0.880722
vt 0.692417 0.944901
vt 0.692171 0.977810
vt 0.691832 0.944898
vt 0.536186 0.944332
vt 0.536251 0.944351
vt 0.536251 0.977238
vt 0.536098 0.977209
vt 0.905625 0.879698
vt 0.536051 0.944313
vt 0.422006 0.615151
vt 0.422537 0.615863
vt 0.420695 0.616508
vt 0.423181 0.616476
vt 0.535799 0.977182
vt 0.421603 0.614359
vt 0.535363 0.977156
vt 0.535366 0.944264
vt 0.535766 0.944288
vt 0.904147 0.880348
vt 0.903501 0.880837
vt 0.534862 0.944244
vt 0.904860 0.879965
vt 0.534266 0.944226
vt 0.534802 0.977134
vt 0.902940 0.881420
vt 0.534133 0.977114
vt 0.533818 0.944215
vt 0.421223 0.612629
vt 0.421339 0.613510
vt 0.419406 0.613424
vt 0.533375 0.977099
vt 0.421257 0.611741
vt 0.992266 0.130927
vt 0.992335 0.129073
vt 0.993257 0.130067
vt 0.419529 0.610575
vt 0.173603 0.956636
vt 0.175267 0.958098
vt 0.173091 0.957553
vt 0.171608 0.955678
vt 0.993340 0.128671
vt 0.169976 0.956343
vt 0.964529 0.932402
vt 0.959872 0.932402
vt 0.959858 0.930424
vt 0.964514 0.930425
vt 0.959852 0.928806
vt 0.169983 0.955314
vt 0.964509 0.928807
vt 0.959854 0.926321
vt 0.167500 0.955483
vt 0.964508 0.927142
vt 0.964516 0.924979
vt 0.778268 0.685662
vt 0.779513 0.687493
vt 0.777666 0.684109
vt 0.777430 0.682461
vt 0.777619 0.680255
vt 0.774703 0.679423
vt 0.148088 0.833322
vt 0.760097 0.826816
vt 0.760532 0.827830
vt 0.778396 0.678181
vt 0.964551 0.934038
vt 0.959894 0.934038
vt 0.955486 0.934951
vt 0.950829 0.934959
vt 0.950823 0.933591
vt 0.779317 0.676794
vt 0.955478 0.933076
vt 0.409727 0.762066
vt 0.409727 0.765166
vt 0.409573 0.763098
vt 0.421507 0.617521
vt 0.421441 0.610872
vt 0.423919 0.616970
vt 0.693396 0.944910
vt 0.693432 0.944913
vt 0.693437 0.977823
vt 0.693389 0.977820
vt 0.735062 0.566057
vt 0.421770 0.610046
vt 0.422233 0.609287
vt 0.529911 0.977086
vt 0.422817 0.608618
vt 0.529062 0.977095
vt 0.676447 0.448476
vt 0.528982 0.944203
vt 0.527610 0.944232
vt 0.528265 0.944216
vt 0.528270 0.977108
vt 0.527557 0.977126
vt 0.527040 0.944251
vt 0.509851 0.806214
vt 0.508918 0.806157
vt 0.509177 0.803218
vt 0.376882 0.998617
vt 0.376174 0.998524
vt 0.376882 0.995592
vt 0.155631 0.950545
vt 0.509851 0.803217
vt 0.297129 0.998679
vt 0.296721 0.998669
vt 0.297129 0.995665
vt 0.296437 0.995732
vt 0.816296 0.900445
vt 0.700957 0.066452
vt 0.699326 0.066746
vt 0.699368 0.065157
vt 0.700957 0.064794
vt 0.648488 0.338535
vt 0.650106 0.337752
vt 0.650095 0.339113
vt 0.654944 0.179297
vt 0.654278 0.178492
vt 0.656030 0.177938
vt 0.650106 0.340139
vt 0.656030 0.180006
vt 0.345283 0.963822
vt 0.344076 0.964580
vt 0.343666 0.963236
vt 0.951636 0.064721
vt 0.951636 0.066411
vt 0.951199 0.066013
vt 0.813805 0.900050
vt 0.345286 0.964665
vt 0.345285 0.962120
vt 0.813078 0.902719
vt 0.813461 0.900030
vt 0.813928 0.900791
vt 0.353047 0.962108
vt 0.345283 0.958586
vt 0.654383 0.179082
vt 0.736076 0.879018
vt 0.485822 0.999362
vt 0.484960 0.999306
vt 0.485822 0.994693
vt 0.640423 0.992749
vt 0.484713 0.994635
vt 0.829112 0.886773
vt 0.724710 0.166060
vt 0.723764 0.164575
vt 0.724710 0.164434
vt 0.669399 0.338165
vt 0.670936 0.339308
vt 0.669344 0.339936
vt 0.723186 0.166277
vt 0.670390 0.337752
vt 0.702167 0.339099
vt 0.701692 0.337947
vt 0.703299 0.337728
vt 0.703299 0.339664
vt 0.670936 0.338081
vt 0.837800 0.885927
vt 0.669344 0.337752
vt 0.669344 0.339326
vt 0.667739 0.337979
vt 0.667715 0.339911
vt 0.693604 0.339812
vt 0.435814 0.339828
vt 0.664484 0.338044
vt 0.662880 0.339296
vt 0.662864 0.337752
vt 0.437729 0.339828
vt 0.664484 0.339954
vt 0.209441 0.866955
vt 0.209130 0.865170
vt 0.205744 0.860459
vt 0.404469 0.842470
vt 0.409105 0.840488
vt 0.409134 0.843387
vt 0.404492 0.826474
vt 0.409146 0.826424
vt 0.145943 0.993926
vt 0.214300 0.881116
vt 0.212196 0.879120
vt 0.409208 0.823690
vt 0.404536 0.824369
vt 0.404591 0.822542
vt 0.409287 0.821417
vt 0.404658 0.820893
vt 0.757015 0.844515
vt 0.094597 0.992952
vt 0.898090 0.994487
vt 0.898765 0.994488
vt 0.898941 0.999139
vt 0.897783 0.999139
vt 0.217323 0.882614
vt 0.002976 0.992427
vt 0.003251 0.997087
vt 0.513703 0.999728
vt 0.512816 0.999625
vt 0.513703 0.995042
vt 0.512757 0.994916
vt 0.974289 0.423111
vt 0.759963 0.863130
vt 0.177147 0.959716
vt 0.355673 0.879350
vt 0.355245 0.881110
vt 0.355037 0.880770
vt 0.356083 0.877306
vt 0.356248 0.877632
vt 0.964734 0.480985
vt 0.976531 0.480967
vt 0.976528 0.482102
vt 0.964730 0.482120
vt 0.976525 0.483353
vt 0.182936 0.885182
vt 0.184296 0.886379
vt 0.183657 0.889383
vt 0.181214 0.887060
vt 0.181479 0.884105
vt 0.964727 0.483371
vt 0.976522 0.484710
vt 0.964725 0.484728
vt 0.185549 0.887687
vt 0.186688 0.889097
vt 0.976521 0.486164
vt 0.964723 0.486182
vt 0.187702 0.890598
vt 0.976519 0.487705
vt 0.964722 0.487723
vt 0.976519 0.489321
vt 0.964721 0.489339
vt 0.357825 0.874373
vt 0.356967 0.875969
vt 0.301666 0.956033
vt 0.298290 0.956038
vt 0.301661 0.958453
vt 0.179936 0.883155
vt 0.976535 0.479956
vt 0.964738 0.479974
vt 0.354968 0.882901
vt 0.964721 0.491018
vt 0.976519 0.491001
vt 0.377642 0.863969
vt 0.182936 0.918397
vt 0.134646 0.974176
vt 0.146442 0.974177
vt 0.181479 0.919474
vt 0.134631 0.972680
vt 0.146427 0.972681
vt 0.389316 0.868439
vt 0.387842 0.867386
vt 0.387764 0.867013
vt 0.134618 0.971102
vt 0.386284 0.866462
vt 0.146414 0.971103
vt 0.179936 0.920424
vt 0.178477 0.918326
vt 0.661550 0.961933
vt 0.746928 0.566536
vt 0.923516 0.962317
vt 0.600140 0.989337
vt 0.600260 0.989395
vt 0.169228 0.952106
vt 0.295722 0.998804
vt 0.295047 0.998804
vt 0.295690 0.995851
vt 0.168742 0.952893
vt 0.510736 0.806368
vt 0.510066 0.803360
vt 0.510736 0.803217
vt 0.509851 0.806302
vt 0.295094 0.995665
vt 0.559591 0.493038
vt 0.558982 0.492363
vt 0.559591 0.492362
vt 0.897217 0.993329
vt 0.897769 0.993352
vt 0.897479 0.996276
vt 0.897769 0.996304
vt 0.828892 0.923195
vt 0.488385 0.337860
vt 0.489061 0.338293
vt 0.487377 0.338368
vt 0.606148 0.283717
vt 0.607807 0.283112
vt 0.607780 0.284575
vt 0.664897 0.179785
vt 0.666508 0.179613
vt 0.666503 0.179995
vt 0.827216 0.924653
vt 0.829155 0.924852
vt 0.664839 0.178227
vt 0.666508 0.177938
vt 0.828948 0.925183
vt 0.839692 0.243757
vt 0.839745 0.242111
vt 0.840875 0.241888
vt 0.840875 0.243583
vt 0.487770 0.339876
vt 0.489061 0.340052
vt 0.606186 0.285389
vt 0.607807 0.285616
vt 0.713668 0.486983
vt 0.713376 0.486959
vt 0.713523 0.484025
vt 0.161906 0.952729
vt 0.712670 0.486983
vt 0.712842 0.483928
vt 0.716789 0.484024
vt 0.717464 0.483928
vt 0.717658 0.486975
vt 0.716666 0.486975
vt 0.548104 0.994882
vt 0.549110 0.994929
vt 0.548191 0.999550
vt 0.499768 0.992108
vt 0.549110 0.999585
vt 0.661286 0.339042
vt 0.662864 0.339608
vt 0.661353 0.340040
vt 0.895842 0.340056
vt 0.894805 0.339407
vt 0.895842 0.338433
vt 0.597811 0.283992
vt 0.598670 0.283112
vt 0.599482 0.284123
vt 0.841194 0.924202
vt 0.841437 0.924653
vt 0.489061 0.339481
vt 0.490660 0.338870
vt 0.490688 0.340125
vt 0.662864 0.337988
vt 0.661326 0.337752
vt 0.597874 0.285175
vt 0.599482 0.285702
vt 0.597870 0.285619
vt 0.489064 0.337987
vt 0.490688 0.337860
vt 0.839852 0.922214
vt 0.849722 0.919283
vt 0.985556 0.859361
vt 0.638146 0.440416
vt 0.638146 0.441471
vt 0.637955 0.440837
vt 0.286494 0.751549
vt 0.282509 0.754630
vt 0.286453 0.749959
vt 0.048988 0.850075
vt 0.048988 0.853508
vt 0.048794 0.851578
vt 0.278989 0.757825
vt 0.278335 0.757435
vt 0.278839 0.754547
vt 0.282473 0.750744
vt 0.283063 0.754523
vt 0.284395 0.753295
vt 0.984431 0.252104
vt 0.286962 0.750232
vt 0.286389 0.749384
vt 0.498983 0.992074
vt 0.499232 0.999057
vt 0.498700 0.999063
vt 0.208176 0.998602
vt 0.207955 0.991616
vt 0.208521 0.991616
vt 0.207761 0.998603
vt 0.794318 0.339513
vt 0.794829 0.339181
vt 0.794829 0.339863
vt 0.208831 0.998602
vt 0.794317 0.338897
vt 0.794435 0.340131
vt 0.793908 0.339969
vt 0.793801 0.339241
vt 0.499575 0.992074
vt 0.499768 0.999063
vt 0.106372 0.992332
vt 0.107096 0.992325
vt 0.106686 0.999307
vt 0.291607 0.749061
vt 0.287541 0.749773
vt 0.107302 0.999311
vt 0.287384 0.749148
vt 0.711079 0.876806
vt 0.711273 0.875372
vt 0.711273 0.878317
vt 0.664529 0.888800
vt 0.664745 0.891507
vt 0.664323 0.888580
vt 0.664745 0.885189
vt 0.299032 0.748071
vt 0.298075 0.746957
vt 0.128917 0.690540
vt 0.129074 0.687127
vt 0.129074 0.694618
vt 0.287719 0.747419
vt 0.937888 0.415419
vt 0.937874 0.417029
vt 0.935938 0.418477
vt 0.935960 0.415684
vt 0.937863 0.418723
vt 0.284773 0.749017
vt 0.286825 0.749005
vt 0.937853 0.420491
vt 0.954935 0.418827
vt 0.954947 0.417132
vt 0.654357 0.596546
vt 0.954961 0.415519
vt 0.107419 0.999329
vt 0.107419 0.992339
vt 0.208938 0.991617
vt 0.208978 0.998603
vt 0.937904 0.413902
vt 0.935984 0.413548
vt 0.954976 0.413999
vt 0.937922 0.412487
vt 0.954994 0.412579
vt 0.674861 0.708300
vt 0.674926 0.706882
vt 0.691935 0.708342
vt 0.691868 0.709774
vt 0.693826 0.708586
vt 0.674784 0.709817
vt 0.691790 0.711306
vt 0.693630 0.712556
vt 0.674696 0.711427
vt 0.691700 0.712929
vt 0.674597 0.713118
vt 0.691600 0.714634
vt 0.663133 0.604323
vt 0.664207 0.605976
vt 0.665151 0.607707
vt 0.674488 0.714881
vt 0.665959 0.609505
vt 0.674369 0.716706
vt 0.691489 0.716410
vt 0.691370 0.718247
vt 0.693300 0.718014
vt 0.693467 0.715387
vt 0.277814 0.758019
vt 0.277879 0.762382
vt 0.276919 0.757294
vt 0.275634 0.759867
vt 0.278331 0.758606
vt 0.930967 0.991746
vt 0.931363 0.998730
vt 0.930796 0.998736
vt 0.193225 0.992401
vt 0.193854 0.992402
vt 0.193455 0.999386
vt 0.192831 0.999388
vt 0.193861 0.999388
vt 0.113424 0.336873
vt 0.113917 0.336555
vt 0.113812 0.337300
vt 0.113364 0.336241
vt 0.113022 0.337300
vt 0.112902 0.336564
vt 0.931513 0.991746
vt 0.931922 0.998736
vt 0.997482 0.222011
vt 0.998031 0.221995
vt 0.997738 0.228978
vt 0.278913 0.758379
vt 0.998294 0.228978
vt 0.998653 0.222013
vt 0.998653 0.229001
vt 0.691241 0.720133
vt 0.693049 0.721681
vt 0.274377 0.763486
vt 0.691105 0.722058
vt 0.274860 0.769100
vt 0.690982 0.723730
vt 0.674107 0.720497
vt 0.667148 0.613261
vt 0.674242 0.718582
vt 0.666626 0.611360
vt 0.682834 0.723140
vt 0.682792 0.723826
vt 0.676781 0.722944
vt 0.354181 0.628964
vt 0.354527 0.628485
vt 0.354527 0.636897
vt 0.683143 0.724297
vt 0.711383 0.844435
vt 0.711383 0.846852
vt 0.711071 0.844869
vt 0.682047 0.726827
vt 0.684015 0.728200
vt 0.681487 0.725986
vt 0.710031 0.066735
vt 0.710029 0.065937
vt 0.711581 0.065716
vt 0.354578 0.670588
vt 0.354450 0.670582
vt 0.354450 0.664761
vt 0.711583 0.066735
vt 0.354578 0.664767
vt 0.126524 0.712109
vt 0.126523 0.711024
vt 0.128075 0.711024
vt 0.128076 0.711951
vt 0.985319 0.994378
vt 0.987258 0.994380
vt 0.986243 0.995100
vt 0.987258 0.988562
vt 0.985319 0.988560
vt 0.126523 0.712964
vt 0.128075 0.712964
vt 0.682138 0.730023
vt 0.675533 0.727464
vt 0.681333 0.727918
vt 0.528587 0.997185
vt 0.527040 0.997184
vt 0.527040 0.991363
vt 0.528587 0.991365
vt 0.710031 0.064794
vt 0.711583 0.064794
vt 0.131477 0.768220
vt 0.131477 0.773563
vt 0.131304 0.769654
vt 0.986335 0.987839
vt 0.512667 0.782119
vt 0.512353 0.780412
vt 0.512667 0.778585
vt 0.079304 0.379359
vt 0.079303 0.378396
vt 0.079304 0.377503
vt 0.674164 0.991817
vt 0.674937 0.991817
vt 0.674391 0.998802
vt 0.923606 0.998131
vt 0.923495 0.991128
vt 0.675019 0.998804
vt 0.674970 0.998802
vt 0.111534 0.336818
vt 0.111310 0.336241
vt 0.111945 0.336397
vt 0.110943 0.336730
vt 0.111945 0.337204
vt 0.111188 0.337327
vt 0.673900 0.998804
vt 0.661935 0.602757
vt 0.660620 0.601289
vt 0.998656 0.898737
vt 0.998492 0.891752
vt 0.999058 0.891750
vt 0.356062 0.999477
vt 0.356222 0.992494
vt 0.356753 0.992495
vt 0.298584 0.747230
vt 0.356753 0.999478
vt 0.088666 0.336877
vt 0.088355 0.337358
vt 0.088131 0.336639
vt 0.088627 0.336241
vt 0.999292 0.898735
vt 0.089072 0.337358
vt 0.089212 0.336717
vt 0.497636 0.992084
vt 0.498161 0.992074
vt 0.497780 0.999055
vt 0.498336 0.999060
vt 0.498700 0.992092
vt 0.355733 0.992487
vt 0.299098 0.746966
vt 0.999475 0.891751
vt 0.999429 0.898737
vt 0.498700 0.999081
vt 0.984463 0.244972
vt 0.984472 0.244448
vt 0.989321 0.244497
vt 0.989315 0.244834
vt 0.989309 0.245320
vt 0.984452 0.246158
vt 0.984283 0.244219
vt 0.989328 0.244309
vt 0.273337 0.772328
vt 0.273337 0.775043
vt 0.273181 0.773686
vt 0.984482 0.244299
vt 0.882406 0.715693
vt 0.882406 0.713881
vt 0.882503 0.713885
vt 0.882654 0.712087
vt 0.983850 0.091798
vt 0.983910 0.091754
vt 0.988714 0.091755
vt 0.882558 0.712075
vt 0.846201 0.241512
vt 0.846261 0.241469
vt 0.861194 0.241536
vt 0.861255 0.241342
vt 0.846322 0.241275
vt 0.882955 0.710308
vt 0.883403 0.708561
vt 0.882860 0.710288
vt 0.846382 0.240932
vt 0.861315 0.240999
vt 0.636409 0.598347
vt 0.630022 0.597728
vt 0.634759 0.595619
vt 0.629534 0.599925
vt 0.634694 0.598905
vt 0.861375 0.240509
vt 0.638165 0.597935
vt 0.633363 0.595057
vt 0.635238 0.594448
vt 0.637154 0.593985
vt 0.638435 0.594756
vt 0.641064 0.593506
vt 0.639950 0.597671
vt 0.639100 0.593670
vt 0.955902 0.432856
vt 0.954921 0.434076
vt 0.954915 0.432111
vt 0.954911 0.430139
vt 0.643036 0.593494
vt 0.954910 0.428173
vt 0.645002 0.593634
vt 0.954910 0.426224
vt 0.954930 0.436023
vt 0.861434 0.239876
vt 0.846442 0.240442
vt 0.633031 0.599604
vt 0.884730 0.705210
vt 0.883996 0.706858
vt 0.883906 0.706822
vt 0.846501 0.239809
vt 0.883310 0.708533
vt 0.983683 0.092831
vt 0.983736 0.092338
vt 0.988599 0.092220
vt 0.983792 0.091993
vt 0.273234 0.566536
vt 0.273286 0.562920
vt 0.273341 0.561554
vt 0.677066 0.472263
vt 0.677066 0.475204
vt 0.676893 0.473131
vt 0.988512 0.093024
vt 0.273341 0.568613
vt 0.983632 0.093468
vt 0.983584 0.094245
vt 0.884643 0.705167
vt 0.885516 0.703579
vt 0.885599 0.703629
vt 0.861547 0.238197
vt 0.861491 0.239103
vt 0.846558 0.239036
vt 0.846614 0.238130
vt 0.886597 0.702126
vt 0.631432 0.600440
vt 0.629910 0.601407
vt 0.629622 0.600544
vt 0.628994 0.600955
vt 0.644565 0.992759
vt 0.645223 0.992749
vt 0.645040 0.998959
vt 0.355200 0.992487
vt 0.355592 0.998695
vt 0.354968 0.998697
vt 0.354584 0.992491
vt 0.074519 0.435457
vt 0.074860 0.435899
vt 0.074090 0.435899
vt 0.645673 0.998962
vt 0.074065 0.435130
vt 0.074899 0.435063
vt 0.355733 0.992487
vt 0.458121 0.899078
vt 0.458847 0.899096
vt 0.458154 0.905291
vt 0.355697 0.998697
vt 0.628756 0.599885
vt 0.458847 0.905304
vt 0.626512 0.600115
vt 0.628514 0.600589
vt 0.628473 0.602498
vt 0.627133 0.603706
vt 0.625898 0.605021
vt 0.645673 0.992752
vt 0.861601 0.237163
vt 0.628096 0.597720
vt 0.626494 0.598869
vt 0.624985 0.600137
vt 0.623578 0.601518
vt 0.955002 0.445093
vt 0.955022 0.446699
vt 0.937947 0.446684
vt 0.955043 0.448212
vt 0.937969 0.448205
vt 0.937992 0.449623
vt 0.936067 0.449528
vt 0.317986 0.758157
vt 0.317552 0.759739
vt 0.318226 0.754891
vt 0.180036 0.616953
vt 0.179995 0.618432
vt 0.178064 0.617953
vt 0.320475 0.758563
vt 0.318982 0.757921
vt 0.177967 0.621401
vt 0.318422 0.757778
vt 0.197103 0.617515
vt 0.197062 0.618992
vt 0.179951 0.620008
vt 0.197018 0.620564
vt 0.179904 0.621671
vt 0.196970 0.622224
vt 0.179853 0.623412
vt 0.179800 0.625220
vt 0.196920 0.623960
vt 0.619127 0.607992
vt 0.918882 0.998664
vt 0.918223 0.991679
vt 0.918908 0.991678
vt 0.318229 0.758868
vt 0.919325 0.991680
vt 0.918173 0.998666
vt 0.119976 0.336313
vt 0.119976 0.337181
vt 0.119588 0.336726
vt 0.119329 0.337278
vt 0.919334 0.998666
vt 0.515832 0.998841
vt 0.515716 0.998824
vt 0.515740 0.991857
vt 0.118966 0.336810
vt 0.515542 0.991841
vt 0.119234 0.336241
vt 0.515164 0.998824
vt 0.514919 0.991847
vt 0.319183 0.758483
vt 0.318849 0.758936
vt 0.514696 0.998841
vt 0.603399 0.892712
vt 0.602774 0.885742
vt 0.603399 0.885723
vt 0.602751 0.892726
vt 0.955066 0.449623
vt 0.954983 0.443404
vt 0.629781 0.596698
vt 0.631541 0.595808
vt 0.641750 0.597557
vt 0.861134 0.241578
vt 0.643554 0.597594
vt 0.023509 0.966051
vt 0.023516 0.965864
vt 0.038457 0.965842
vt 0.038451 0.966029
vt 0.882503 0.715689
vt 0.882654 0.717486
vt 0.882558 0.717499
vt 0.038463 0.965506
vt 0.882860 0.719285
vt 0.989304 0.245949
vt 0.654870 0.975710
vt 0.919997 0.974049
vt 0.296836 0.802420
vt 0.940060 0.087044
vt 0.157398 0.685128
vt 0.158506 0.685178
vt 0.157888 0.690587
vt 0.928125 0.576798
vt 0.928127 0.578235
vt 0.165110 0.670416
vt 0.999699 0.419416
vt 0.939768 0.086512
vt 0.302171 0.984656
vt 0.985801 0.568550
vt 0.985602 0.567884
vt 0.990619 0.726072
vt 0.178916 0.646392
vt 0.196227 0.648512
vt 0.196260 0.645841
vt 0.619686 0.631655
vt 0.618623 0.629078
vt 0.619088 0.627409
vt 0.620604 0.634258
vt 0.617732 0.621518
vt 0.619453 0.619668
vt 0.617358 0.625295
vt 0.616955 0.623365
vt 0.617908 0.627188
vt 0.616639 0.617828
vt 0.618718 0.619203
vt 0.616602 0.619715
vt 0.616701 0.621410
vt 0.343625 0.998368
vt 0.342963 0.998360
vt 0.343625 0.992157
vt 0.923824 0.815853
vt 0.923709 0.809646
vt 0.924340 0.809666
vt 0.342930 0.992150
vt 0.125254 0.337144
vt 0.125233 0.336241
vt 0.125598 0.336714
vt 0.126028 0.337144
vt 0.342438 0.992156
vt 0.063974 0.993055
vt 0.064528 0.993053
vt 0.064327 0.999263
vt 0.126083 0.336417
vt 0.064775 0.999263
vt 0.065075 0.993055
vt 0.924340 0.815877
vt 0.065075 0.999265
vt 0.196392 0.641244
vt 0.664691 0.860225
vt 0.664691 0.862581
vt 0.664430 0.861075
vt 0.239055 0.992928
vt 0.239067 0.999138
vt 0.238607 0.999137
vt 0.237964 0.999138
vt 0.238300 0.992927
vt 0.633925 0.998624
vt 0.115523 0.336831
vt 0.115929 0.336391
vt 0.115929 0.337189
vt 0.115336 0.336241
vt 0.115146 0.337317
vt 0.114932 0.336744
vt 0.923709 0.779065
vt 0.626454 0.177738
vt 0.626579 0.174800
vt 0.626579 0.180007
vt 0.321234 0.769518
vt 0.220829 0.998875
vt 0.220532 0.991889
vt 0.221112 0.991889
vt 0.979579 0.991700
vt 0.979793 0.998685
vt 0.979205 0.998690
vt 0.220122 0.998876
vt 0.093935 0.336834
vt 0.094383 0.336441
vt 0.094383 0.337213
vt 0.093684 0.337390
vt 0.221272 0.998876
vt 0.078099 0.992034
vt 0.078519 0.992043
vt 0.078450 0.999014
vt 0.078519 0.999039
vt 0.093351 0.336809
vt 0.077716 0.999025
vt 0.093769 0.336241
vt 0.077418 0.992053
vt 0.980221 0.991703
vt 0.980352 0.998690
vt 0.654731 0.600481
vt 0.358628 0.999093
vt 0.357981 0.999093
vt 0.357984 0.992893
vt 0.999067 0.261374
vt 0.999702 0.261342
vt 0.999702 0.267557
vt 0.358871 0.992867
vt 0.358356 0.992487
vt 0.133012 0.336693
vt 0.132534 0.336318
vt 0.133326 0.336241
vt 0.998934 0.267607
vt 0.133326 0.337147
vt 0.132529 0.337032
vt 0.357936 0.992867
vt 0.998832 0.630370
vt 0.999538 0.630370
vt 0.999189 0.636579
vt 0.999661 0.636581
vt 0.998581 0.636581
vt 0.659082 0.605709
vt 0.023557 0.956493
vt 0.660143 0.607168
vt 0.023558 0.954951
vt 0.038499 0.954929
vt 0.661078 0.608711
vn -0.1126 -0.4101 -0.9051
vn 0.3826 -0.1403 -0.9132
vn 0.0271 0.7212 -0.6922
vn 0.3509 -0.1884 0.9172
vn 0.2893 0.4016 -0.8689
vn 0.0000 0.0000 -1.0000
vn 0.1925 0.7222 -0.6643
vn 0.2383 0.2102 -0.9481
vn -0.8348 -0.1378 -0.5329
vn -0.4864 -0.6337 -0.6015
vn 0.4857 0.7114 -0.5080
vn 0.9061 0.0577 -0.4190
vn 0.6379 0.0674 -0.7671
vn 0.5054 0.1196 -0.8545
vn 0.4805 0.6446 -0.5947
vn 0.3580 0.1704 -0.9180
vn 0.4184 0.1121 -0.9013
vn 0.5546 0.0736 -0.8289
vn 0.3041 0.1750 -0.9364
vn 0.2894 0.1422 -0.9466
vn 0.3583 0.0850 -0.9297
vn 0.5047 0.0381 -0.8625
vn 0.2367 0.1823 -0.9543
vn 0.1483 0.7665 -0.6248
vn 0.1097 0.7677 -0.6313
vn 0.1904 0.1652 -0.9677
vn 0.0000 0.7071 -0.7071
vn 0.0734 0.7677 -0.6365
vn 0.0367 0.7678 -0.6396
vn 0.1304 0.1592 -0.9786
vn 0.2225 0.1067 -0.9691
vn 0.1072 0.0996 -0.9892
vn 0.0678 0.1528 -0.9859
vn 0.0000 0.7678 -0.6407
vn 0.0175 0.1409 -0.9899
vn -0.0547 0.1532 -0.9867
vn -0.0367 0.7678 -0.6396
vn -0.1140 0.1595 -0.9806
vn -0.1441 0.1013 -0.9843
vn -0.0343 0.0911 -0.9952
vn 0.0369 0.0593 -0.9975
vn -0.0214 0.0321 -0.9992
vn -0.0965 0.0416 -0.9944
vn -0.0490 0.1057 -0.9932
vn 0.0121 0.0868 -0.9961
vn 0.0676 0.0978 -0.9929
vn 0.0660 0.1639 -0.9843
vn -0.0434 0.1704 -0.9844
vn 0.0393 0.1124 -0.9929
vn -0.1073 0.1080 -0.9883
vn -0.1453 0.1763 -0.9735
vn -0.1118 0.1013 -0.9885
vn -0.1686 0.1107 -0.9794
vn -0.2190 0.1069 -0.9698
vn -0.2433 0.1448 -0.9591
vn -0.2363 0.2162 -0.9473
vn -0.3312 0.2306 -0.9149
vn -0.3212 0.1240 -0.9388
vn -0.2632 0.1235 -0.9568
vn -0.3115 0.0406 -0.9494
vn -0.2400 0.0427 -0.9698
vn -0.3789 0.0370 -0.9247
vn -0.2304 0.1170 -0.9660
vn -0.3088 0.1147 -0.9442
vn -0.2280 0.1709 -0.9585
vn -0.4115 0.0813 -0.9077
vn -0.2782 0.1709 -0.9452
vn -0.3881 0.1311 -0.9122
vn -0.4885 0.1413 -0.8610
vn -0.3600 0.1684 -0.9176
vn -0.5128 0.0875 -0.8540
vn -0.5309 0.6930 -0.4877
vn -0.6014 0.0838 -0.7945
vn -0.5148 0.6045 -0.6079
vn -0.9089 0.0395 -0.4150
vn -0.5833 0.0309 -0.8117
vn -0.6823 0.0282 -0.7305
vn -0.9261 0.0098 -0.3770
vn -0.7071 0.0000 -0.7071
vn -0.2453 0.2054 -0.9474
vn 0.7130 -0.0003 -0.7011
vn 0.8859 -0.1888 -0.4238
vn -0.0999 0.7296 -0.6765
vn 0.7350 -0.4146 -0.5365
vn 0.9411 -0.0553 0.3334
vn 0.9888 -0.0083 0.1487
vn 0.9149 -0.0105 0.4035
vn 0.9414 0.0280 0.3362
vn 0.9952 -0.0167 0.0958
vn 0.9815 -0.0654 0.1798
vn 0.9271 0.2936 0.2331
vn 0.3725 0.5369 0.7570
vn 0.5984 -0.1871 0.7790
vn 0.8995 -0.1851 0.3957
vn 0.5005 -0.4015 0.7670
vn -0.2806 -0.1536 0.9474
vn 0.4264 -0.6324 0.6467
vn 0.7687 0.0373 0.6385
vn 0.8273 -0.1524 0.5407
vn 0.3008 -0.2357 0.9241
vn 0.6977 -0.4797 0.5321
vn 0.5953 -0.0200 0.8032
vn 0.8352 0.1010 0.5406
vn 0.6641 -0.1084 0.7397
vn 0.5614 -0.0391 0.8266
vn 0.5310 -0.0345 0.8466
vn 0.5076 -0.0304 0.8610
vn 0.5494 -0.1002 0.8295
vn 0.6777 -0.2176 0.7024
vn 0.5828 -0.1480 0.7990
vn 0.5108 -0.1877 0.8390
vn 0.5691 -0.2098 0.7950
vn 0.4586 -0.0769 0.8853
vn 0.5130 -0.1924 0.8365
vn 0.4305 -0.1874 0.8829
vn 0.3992 -0.1204 0.9089
vn 0.5417 -0.1300 0.8304
vn 0.4350 -0.1375 0.8898
vn 0.3260 -0.1011 0.9399
vn 0.3384 -0.1460 0.9296
vn 0.4390 -0.0558 0.8967
vn 0.3576 -0.0126 0.9338
vn 0.5015 -0.0682 0.8625
vn 0.4423 0.0539 0.8952
vn 0.7500 0.3322 0.5719
vn 0.8133 0.1359 0.5656
vn 0.5011 0.0293 0.8648
vn 0.1949 0.7287 0.6565
vn 0.5672 0.4949 0.6582
vn 0.5993 0.6050 0.5242
vn 0.7673 -0.0018 0.6413
vn 0.2854 0.2110 0.9348
vn 0.0599 -0.3335 0.9408
vn -0.3257 0.1515 0.9333
vn 0.3262 -0.2114 -0.9213
vn 0.0323 0.3511 -0.9358
vn -0.3072 -0.1378 -0.9416
vn 0.7701 -0.0658 0.6345
vn 0.8731 0.0768 0.4814
vn 0.7244 -0.0305 -0.6887
vn 0.7242 0.0809 -0.6847
vn 0.1177 -0.7616 0.6372
vn 0.5638 -0.4154 0.7138
vn 0.9226 0.1848 0.3385
vn 0.5682 -0.5037 0.6507
vn 0.7649 -0.3023 0.5687
vn 0.6729 0.1866 0.7158
vn 0.5189 0.1100 0.8477
vn 0.8076 -0.0670 0.5859
vn 0.3987 0.1617 0.9027
vn 0.4850 0.2085 0.8493
vn 0.5628 0.1555 0.8118
vn 0.5770 0.2747 0.7692
vn 0.4566 0.3021 0.8368
vn 0.3846 0.2487 0.8889
vn 0.3507 0.3396 0.8727
vn 0.2787 0.2542 0.9261
vn 0.2237 0.3602 0.9056
vn 0.1770 0.2676 0.9471
vn 0.2676 0.1722 0.9480
vn 0.1099 0.3610 0.9261
vn 0.0689 0.2528 0.9650
vn 0.1372 0.1855 0.9730
vn 0.0015 0.1654 0.9862
vn -0.0296 0.2451 0.9690
vn 0.0001 0.3436 0.9391
vn 0.0302 0.4273 0.9036
vn -0.0909 0.3015 0.9491
vn -0.0850 0.4230 0.9021
vn 0.0530 0.5102 0.8584
vn -0.0228 0.5255 0.8505
vn 0.1572 0.4580 0.8749
vn 0.1346 0.5674 0.8123
vn 0.0612 0.6184 0.7835
vn 0.0303 0.8415 0.5394
vn -0.0562 0.6698 0.7404
vn 0.2084 0.7733 0.5988
vn -0.0862 0.9412 0.3266
vn -0.2044 0.9355 0.2881
vn -0.1399 0.7458 0.6513
vn -0.1093 0.5728 0.8123
vn -0.1194 0.4950 0.8606
vn -0.2125 0.5569 0.8029
vn -0.2022 0.4851 0.8507
vn -0.5362 0.6100 0.5833
vn -0.2882 0.4113 0.8647
vn -0.1883 0.4259 0.8849
vn -0.7117 0.4051 0.5739
vn -0.7903 0.2039 0.5777
vn -0.7377 -0.1690 0.6536
vn -0.6883 0.3531 0.6336
vn -0.2164 0.7366 0.6407
vn -0.1557 0.1751 0.9721
vn 0.3886 0.6637 0.6391
vn 0.2644 0.1059 0.9586
vn -0.1108 -0.3074 0.9451
vn -0.2132 0.2003 -0.9562
vn -0.1072 -0.2922 -0.9503
vn 0.2840 0.0076 -0.9588
vn -0.3859 -0.6570 -0.6477
vn 0.3794 -0.1650 -0.9104
vn 0.0081 -0.7552 -0.6554
vn 0.7383 0.1312 -0.6615
vn 0.7119 -0.2630 -0.6511
vn 0.4414 -0.6092 -0.6588
vn 0.4116 -0.7136 -0.5668
vn 0.2653 -0.7711 -0.5788
vn 0.0590 -0.8196 -0.5699
vn 0.5251 -0.6403 -0.5606
vn 0.3451 -0.3255 -0.8803
vn 0.2705 -0.4043 -0.8737
vn 0.2552 -0.3301 -0.9088
vn 0.1954 -0.4751 -0.8580
vn 0.1641 -0.3759 -0.9120
vn 0.1048 -0.4429 -0.8904
vn 0.0297 -0.3561 -0.9340
vn 0.1079 -0.2917 -0.9504
vn 0.1881 -0.2579 -0.9477
vn -0.0199 -0.2516 -0.9676
vn 0.0684 -0.2030 -0.9768
vn -0.0833 -0.3158 -0.9451
vn -0.1439 -0.2113 -0.9667
vn -0.0462 -0.1553 -0.9868
vn -0.2220 -0.1616 -0.9615
vn -0.1599 -0.0936 -0.9827
vn -0.2834 -0.2464 -0.9268
vn -0.1861 -0.2850 -0.9403
vn -0.4099 -0.2192 -0.8854
vn -0.3218 -0.1653 -0.9322
vn -0.3735 -0.3081 -0.8749
vn -0.2656 -0.3382 -0.9028
vn -0.2678 -0.0612 -0.9615
vn -0.3729 -0.0838 -0.9240
vn -0.4447 -0.1090 -0.8890
vn -0.4103 0.0301 -0.9114
vn -0.3219 0.0409 -0.9459
vn -0.2200 0.0354 -0.9748
vn -0.3699 0.1510 -0.9167
vn -0.4476 0.1916 -0.8734
vn -0.4670 0.0312 -0.8837
vn -0.5100 0.1323 -0.8499
vn -0.4236 0.2894 -0.8583
vn -0.4933 0.3193 -0.8091
vn -0.5428 0.2446 -0.8034
vn -0.8244 -0.1005 -0.5570
vn -0.7886 -0.2534 -0.5603
vn -0.7022 -0.4509 -0.5510
vn -0.6013 0.1610 -0.7826
vn -0.8581 0.2994 -0.4172
vn -0.7523 0.4882 -0.4422
vn -0.6420 0.2252 -0.7329
vn -0.8154 -0.4775 -0.3273
vn -0.3128 -0.2239 -0.9231
vn 0.7128 -0.1694 -0.6806
vn -0.1765 -0.7224 -0.6686
vn -0.4205 -0.6159 -0.6662
vn -0.7288 0.1850 -0.6592
vn -0.5167 0.5467 -0.6589
vn -0.7302 -0.1414 -0.6684
vn -0.6196 -0.4086 -0.6702
vn -0.8203 0.0405 -0.5704
vn -0.7968 0.2059 -0.5680
vn -0.5101 -0.0941 -0.8549
vn -0.5194 -0.2001 -0.8308
vn -0.6018 -0.1709 -0.7801
vn -0.7001 0.4312 -0.5691
vn -0.4469 0.3535 -0.8217
vn -0.8576 0.4552 -0.2394
vn -0.8476 -0.3182 -0.4246
vn -0.6558 -0.1911 -0.7303
vn 0.6528 0.3239 -0.6848
vn 0.7065 0.1938 -0.6807
vn -0.5987 -0.3334 -0.7283
vn 0.5732 0.4520 -0.6835
vn -0.7896 -0.4386 -0.4291
vn -0.5426 -0.4283 -0.7225
vn 0.7753 0.5365 0.3333
vn 0.6980 0.6634 0.2697
vn 0.4592 0.5654 -0.6851
vn -0.0382 -0.4425 -0.8959
vn 0.3811 0.7369 0.5583
vn 0.3383 0.6403 -0.6895
vn -0.1880 -0.1976 -0.9621
vn -0.0812 0.3388 -0.9373
vn 0.2818 -0.6941 -0.6624
vn 0.4093 0.6270 0.6627
vn 0.5667 0.6137 0.5496
vn 0.3607 0.8863 0.2904
vn 0.2121 0.6964 -0.6856
vn -0.2275 -0.6433 -0.7310
vn -0.5405 -0.1282 -0.8314
vn 0.2393 -0.1534 -0.9587
vn -0.0727 -0.6788 -0.7307
vn -0.2383 -0.8745 -0.4223
vn 0.0824 0.7193 -0.6897
vn -0.8668 -0.4382 -0.2379
vn 0.1992 0.9528 0.2287
vn 0.1032 0.9637 0.2462
vn -0.0347 0.7272 -0.6855
vn 0.0796 -0.6712 -0.7370
vn -0.1653 0.7150 -0.6793
vn 0.2153 -0.6363 -0.7407
vn -0.3297 0.6367 -0.6971
vn -0.3662 0.8839 0.2908
vn -0.2594 0.6972 0.6682
vn -0.6045 0.6482 0.4630
vn -0.3808 0.6565 0.6511
vn -0.2040 0.7053 0.6789
vn -0.6855 0.6543 0.3191
vn -0.4545 0.5700 -0.6844
vn -0.1334 0.8036 0.5801
vn -0.4957 0.4322 0.7533
vn -0.4138 0.3604 0.8360
vn -0.3762 0.6951 0.6126
vn -0.3552 0.3285 0.8751
vn -0.4209 0.2637 0.8679
vn -0.4986 0.2703 0.8236
vn -0.3321 0.2584 0.9072
vn -0.4683 0.1624 0.8685
vn -0.3574 0.1681 0.9187
vn -0.4154 0.0879 0.9054
vn -0.5829 0.1953 0.7887
vn -0.5175 0.0933 0.8505
vn -0.6242 0.3145 0.7151
vn -0.8611 0.3186 0.3963
vn -0.6729 0.1541 0.7235
vn -0.8349 0.4756 0.2770
vn -0.6692 0.3151 -0.6729
vn -0.7110 0.2042 -0.6728
vn -0.9250 0.1964 0.3251
vn 0.6499 -0.2168 -0.7284
vn -0.7258 0.0826 -0.6829
vn -0.7808 -0.0714 0.6206
vn -0.7416 -0.0468 -0.6692
vn 0.2915 -0.1889 -0.9377
vn 0.3301 0.1994 -0.9226
vn -0.3271 -0.1298 -0.9360
vn 0.0091 -0.3358 0.9419
vn 0.3553 0.2843 0.8904
vn 0.0596 0.3463 -0.9362
vn -0.3333 0.1512 0.9306
vn 0.4321 -0.3741 -0.8205
vn 0.4719 -0.5831 -0.6613
vn 0.5444 0.5129 -0.6637
vn 0.6853 -0.2953 -0.6657
vn 0.7825 -0.2671 -0.5624
vn 0.6879 -0.4540 -0.5662
vn 0.8463 0.3155 -0.4292
vn 0.8501 -0.4642 -0.2485
vn 0.5173 0.1342 -0.8452
vn 0.6032 0.1684 -0.7796
vn 0.5355 0.2605 -0.8033
vn 0.4438 0.2402 -0.8633
vn 0.4214 0.3236 -0.8471
vn 0.4913 0.3608 -0.7927
vn 0.7620 0.4797 -0.4350
vn 0.6477 0.1990 -0.7354
vn 0.5242 0.1767 -0.8330
vn 0.6909 0.5328 -0.4886
vn 0.3536 0.2340 -0.9056
vn 0.4805 0.1404 -0.8657
vn 0.7971 0.3241 -0.5094
vn 0.4620 0.5968 -0.6560
vn 0.1896 0.7208 -0.6666
vn 0.7490 0.5984 -0.2846
vn 0.3286 0.3027 -0.8946
vn 0.0617 -0.4382 -0.8968
vn -0.8390 -0.0627 0.5405
vn 0.1845 -0.7170 -0.6722
vn 0.7443 -0.6041 -0.2844
vn 0.3269 -0.3025 -0.8953
vn 0.4023 0.1048 -0.9095
vn -0.1335 0.3520 -0.9264
vn 0.4600 -0.5866 -0.6665
vn 0.7465 -0.4381 -0.5008
vn 0.6446 -0.5907 -0.4853
vn 0.1235 0.3748 0.9188
vn -0.3485 -0.0954 0.9324
vn -0.3977 0.6372 0.6602
vn 0.2297 -0.2935 0.9279
vn -0.6343 -0.0960 0.7671
vn -0.6811 0.1515 0.7164
vn -0.4910 -0.6238 0.6081
vn -0.2681 -0.7097 0.6514
vn -0.9174 -0.0713 0.3915
vn -0.9771 -0.0105 0.2124
vn -0.7088 -0.0351 -0.7045
vn -0.6716 -0.1290 -0.7295
vn -0.9129 -0.2546 0.3189
vn -0.6894 -0.1615 0.7060
vn -0.6595 -0.1141 0.7430
vn -0.5839 -0.1867 0.7900
vn -0.6660 -0.2601 0.6991
vn -0.5203 -0.2017 0.8298
vn -0.4864 -0.1873 0.8534
vn -0.5600 -0.1361 0.8172
vn -0.5972 -0.1982 0.7772
vn -0.6216 -0.1204 0.7740
vn -0.5215 -0.1434 0.8411
vn -0.8957 -0.1854 0.4041
vn -0.8349 -0.2458 0.4924
vn -0.8123 0.1070 0.5733
vn -0.7229 -0.1563 -0.6730
vn -0.9436 -0.3165 0.0970
vn -0.6719 -0.2131 -0.7093
vn -0.6985 -0.2173 -0.6818
vn 0.6539 0.1665 -0.7380
vn 0.5958 0.2866 -0.7503
vn 0.5814 0.3734 -0.7228
vn 0.8761 0.3496 -0.3319
vn 0.7281 0.2339 -0.6443
vn -0.7053 0.4087 0.5792
vn -0.2542 0.7074 0.6595
vn -0.7862 0.1451 0.6006
vn -0.6793 0.3635 0.6374
vn -0.5072 -0.0279 0.8614
vn -0.8023 -0.0250 0.5963
vn -0.4431 0.0027 0.8965
vn -0.4563 -0.0953 0.8847
vn -0.3498 -0.0638 0.9346
vn -0.4376 -0.1808 0.8808
vn -0.3934 -0.1347 0.9094
vn -0.3991 -0.1095 0.9103
vn -0.3389 -0.1638 0.9264
vn -0.2641 -0.1126 0.9579
vn -0.3079 -0.1192 0.9439
vn -0.2181 -0.0915 0.9716
vn -0.1756 -0.1231 0.9767
vn -0.0904 -0.0989 0.9910
vn -0.1813 -0.0167 0.9833
vn -0.2709 -0.0131 0.9625
vn -0.2215 0.0814 0.9717
vn -0.3137 0.0840 0.9458
vn -0.3571 0.0075 0.9340
vn -0.2664 0.1740 0.9480
vn -0.1712 0.1730 0.9699
vn -0.2021 0.2558 0.9453
vn -0.1514 0.3436 0.9268
vn -0.1028 0.1750 0.9792
vn -0.2515 0.3328 0.9088
vn -0.0314 0.0826 0.9961
vn -0.1299 0.0662 0.9893
vn 0.0812 0.1093 0.9907
vn 0.0862 0.0239 0.9960
vn -0.0876 -0.0192 0.9959
vn 0.0022 -0.0248 0.9997
vn 0.1018 -0.0582 0.9931
vn 0.1870 -0.0219 0.9821
vn 0.1830 0.0850 0.9794
vn 0.2685 0.0845 0.9595
vn 0.2698 -0.0101 0.9628
vn 0.2258 -0.1048 0.9685
vn 0.1410 -0.1067 0.9842
vn 0.2318 -0.1238 0.9648
vn 0.1429 -0.0700 0.9872
vn 0.0439 -0.0986 0.9941
vn -0.0022 -0.0750 0.9972
vn -0.0505 -0.1061 0.9930
vn 0.0924 -0.0114 0.9956
vn 0.0218 -0.0144 0.9996
vn -0.0574 -0.0083 0.9983
vn -0.1361 -0.0530 0.9893
vn -0.1164 -0.0063 0.9932
vn -0.1980 -0.0011 0.9802
vn -0.2499 -0.0226 0.9680
vn -0.1880 -0.0483 0.9810
vn -0.3388 -0.0322 0.9403
vn -0.2611 -0.0384 0.9645
vn -0.2112 -0.1019 0.9721
vn -0.3194 -0.0464 0.9465
vn -0.1696 -0.1651 0.9716
vn -0.1273 -0.1526 0.9800
vn -0.2819 -0.1234 0.9514
vn -0.0698 -0.0996 0.9926
vn -0.1295 -0.0469 0.9904
vn -0.3480 -0.0540 0.9359
vn -0.4179 -0.0898 0.9040
vn -0.4189 -0.0286 0.9076
vn -0.4164 0.0155 0.9091
vn -0.4816 -0.0273 0.8759
vn -0.4421 -0.0216 0.8967
vn -0.5056 -0.0194 0.8625
vn -0.4995 -0.0847 0.8621
vn -0.5343 -0.0332 0.8446
vn -0.5695 -0.0152 0.8218
vn -0.5799 -0.0650 0.8121
vn -0.4696 -0.1073 0.8763
vn -0.6013 -0.0198 0.7987
vn -0.5439 -0.1176 0.8308
vn -0.3493 -0.1500 0.9249
vn -0.4202 -0.1566 0.8938
vn -0.2663 -0.1861 0.9457
vn -0.3383 -0.1810 0.9235
vn -0.2419 -0.3763 0.8943
vn -0.2120 -0.1794 0.9606
vn -0.1946 -0.3556 0.9142
vn -0.6931 -0.3078 0.6518
vn -0.6997 -0.4814 0.5278
vn -0.1544 -0.7385 0.6562
vn -0.0545 -0.9581 0.2812
vn -0.6594 -0.7213 0.2120
vn -0.1295 -0.5688 0.8122
vn -0.0436 -0.8515 0.5225
vn 0.0129 -0.8625 0.5058
vn -0.0265 -0.9943 0.1033
vn -0.0070 -0.9876 0.1569
vn 0.0200 -0.9796 0.1999
vn 0.0006 -0.7075 -0.7067
vn -0.0996 -0.7300 -0.6761
vn 0.2999 0.3057 -0.9036
vn -0.3112 -0.9048 0.2907
vn 0.0637 -0.7434 -0.6657
vn 0.3302 -0.8975 0.2922
vn 0.6936 -0.7186 0.0493
vn 0.7289 -0.1462 0.6688
vn 0.3879 -0.1706 0.9058
vn 0.3064 -0.7765 0.5506
vn -0.1259 0.2265 0.9658
vn -0.1861 -0.2416 0.9523
vn 0.2368 -0.3300 -0.9138
vn 0.2046 -0.7462 0.6335
vn 0.5640 -0.5017 0.6558
vn 0.1752 0.2080 -0.9623
vn 0.6683 -0.3335 0.6649
vn 0.5559 -0.5194 0.6490
vn 0.2604 -0.2321 0.9372
vn 0.3722 -0.1729 0.9119
vn 0.4179 -0.7393 0.5279
vn 0.4931 -0.1505 0.8568
vn 0.4738 -0.1043 0.8744
vn 0.3478 -0.1412 0.9268
vn 0.2570 -0.1872 0.9481
vn 0.1754 -0.3643 0.9146
vn 0.2429 -0.1632 0.9562
vn 0.1761 -0.1719 0.9692
vn 0.2247 -0.1143 0.9677
vn 0.3471 -0.0951 0.9330
vn 0.3286 -0.0411 0.9436
vn 0.4627 -0.0462 0.8853
vn 0.4115 -0.0268 0.9110
vn 0.4447 -0.0138 0.8956
vn 0.3743 -0.0239 0.9270
vn 0.2763 -0.0687 0.9586
vn 0.3119 -0.0137 0.9500
vn 0.2654 -0.0430 0.9632
vn 0.2401 -0.0038 0.9707
vn 0.1912 -0.0562 0.9799
vn 0.1798 -0.0096 0.9836
vn 0.0803 -0.1028 0.9914
vn 0.1349 -0.0470 0.9897
vn -0.0194 -0.1434 0.9894
vn 0.0260 -0.1423 0.9895
vn 0.1105 -0.1411 0.9838
vn -0.0072 -0.0766 0.9970
vn -0.0491 -0.0489 0.9976
vn 0.0590 -0.0435 0.9973
vn 0.0061 -0.3403 0.9403
vn -0.0335 -0.3006 0.9532
vn -0.0904 -0.1495 0.9846
vn -0.0856 -0.3452 0.9346
vn -0.0327 -0.5723 0.8194
vn -0.1141 -0.3004 0.9469
vn 0.0252 -0.3142 0.9490
vn 0.0567 -0.5585 0.8276
vn 0.0975 -0.3262 0.9402
vn 0.0956 -0.7447 0.6605
vn 0.1196 -0.3680 0.9221
vn 0.1400 -0.1484 0.9790
vn 0.1211 -0.8674 0.4827
vn 0.2439 -0.5497 0.7989
vn 0.7383 -0.3829 0.5552
vn 0.6918 -0.6680 0.2742
vn 0.6077 -0.0723 0.7909
vn 0.6394 -0.0228 0.7685
vn 0.6173 -0.1013 0.7802
vn 0.8044 -0.0508 0.5918
vn 0.6923 -0.0229 0.7213
vn 0.6053 0.6215 0.4974
vn 0.7691 0.3782 0.5151
vn 0.4396 0.6328 0.6374
vn 0.0343 0.3482 0.9368
vn 0.7649 0.2847 0.5777
vn -0.2254 0.2301 -0.9467
vn -0.1900 -0.7140 -0.6738
vn 0.6938 -0.0858 -0.7150
vn -0.3216 -0.3018 -0.8975
vn -0.0012 -0.3722 -0.9281
vn 0.7054 -0.0173 -0.7086
vn -0.6310 -0.6063 -0.4838
vn -0.7309 -0.6216 -0.2817
vn -0.6218 0.0605 -0.7808
vn -0.7528 -0.4271 -0.5008
vn -0.8230 -0.2236 -0.5221
vn -0.4873 -0.5732 -0.6587
vn -0.4608 0.5901 -0.6629
vn -0.1894 0.7181 -0.6697
vn -0.6963 -0.2672 -0.6661
vn -0.6541 0.3525 -0.6692
vn -0.8217 0.2611 -0.5066
vn -0.7606 0.4044 -0.5078
vn -0.8501 0.1137 -0.5142
vn -0.4629 0.1384 -0.8755
vn -0.5108 0.1674 -0.8433
vn -0.4298 0.1321 -0.8932
vn -0.4608 0.0226 -0.8872
vn -0.8499 -0.0466 -0.5248
vn -0.5216 0.0311 -0.8526
vn -0.3732 0.1362 -0.9177
vn -0.7428 0.0572 -0.6671
vn -0.6002 0.1711 -0.7813
vn -0.8189 0.2475 -0.5178
vn -0.6450 0.5925 -0.4826
vn -0.7438 0.6046 -0.2850
vn -0.3269 0.3025 -0.8953
vn -0.6784 0.2409 -0.6940
vn -0.5936 0.3041 -0.7451
vn 0.6693 -0.1741 -0.7223
vn 0.6806 -0.2252 -0.6971
vn 0.8994 -0.3204 0.2972
vn 0.9399 -0.3067 0.1499
vn 0.9158 -0.1933 0.3521
vn 0.7810 -0.2572 0.5690
vn 0.6664 -0.1339 0.7334
vn 0.7831 0.5692 0.2504
vn 0.7821 -0.0210 0.6227
vn 0.7025 -0.2104 0.6799
vn 0.7870 -0.4611 0.4097
vn 0.3898 -0.3916 0.8334
vn 0.2933 -0.7507 -0.5919
vn -0.3100 0.0517 -0.9493
vn -0.3005 0.3241 -0.8970
vn -0.4752 0.5945 -0.6486
vn -0.6998 0.2073 -0.6836
vn -0.5902 0.6720 -0.4472
vn -0.7144 0.3018 -0.6312
vn -0.6154 0.4447 -0.6508
vn -0.2837 0.1879 -0.9403
vn -0.1462 0.7677 -0.6238
vn -0.1097 0.7678 -0.6311
vn -0.0733 0.7678 -0.6364
vn -0.1643 0.1702 -0.9716
vn 0.7137 0.1663 -0.6804
vn 0.5844 0.6781 -0.4457
vn 0.6742 0.3432 -0.6539
vn 0.5706 0.5184 -0.6370
vn 0.5499 0.5170 -0.6560
vn -0.2672 0.1596 -0.9503
vn -0.3393 -0.2278 0.9127
vn 0.1885 0.2575 0.9477
vn -0.4075 -0.3020 0.8618
vn -0.2001 -0.7752 0.5991
vn -0.7168 -0.6453 0.2642
vn -0.7984 -0.3128 0.5145
vn -0.8396 -0.0807 0.5372
vn -0.8456 -0.3003 0.4413
vn -0.8873 -0.0362 0.4598
vn -0.6622 -0.0788 0.7451
vn -0.9899 -0.0058 0.1412
vn -0.9051 -0.0009 0.4251
vn -0.8463 -0.0197 0.5323
vn -0.6963 -0.0388 0.7167
vn -0.6658 -0.0223 0.7458
vn -0.6096 0.6022 0.5155
vn -0.7439 0.0279 0.6677
vn -0.7777 0.3232 0.5391
vn -0.8238 0.1186 0.5544
vn -0.8091 -0.1422 0.5702
vn -0.7658 -0.0761 0.6385
vn -0.7182 -0.4469 0.5333
vn -0.5974 -0.0476 0.8005
vn -0.7188 0.0005 -0.6952
vn 0.7071 0.0000 -0.7071
vn 0.9187 0.0211 -0.3943
vn 0.7048 0.0208 -0.7091
vn 0.6511 0.0241 -0.7586
vn 0.5876 0.0227 -0.8088
vn 0.8095 -0.3052 -0.5016
vn 0.6538 -0.3503 -0.6706
vn 0.8445 -0.1577 -0.5117
vn 0.7317 -0.0931 -0.6753
vn 0.8593 -0.0240 -0.5108
vn 0.7252 0.1439 -0.6733
vn 0.8403 0.1279 -0.5267
vn 0.6412 0.3710 -0.6717
vn -0.4325 -0.6936 0.5760
vn -0.5916 -0.4600 0.6621
vn -0.2821 -0.7169 0.6375
vn -0.6843 -0.3078 0.6609
vn 0.3549 0.0889 0.9306
vn -0.7664 -0.2635 0.5859
vn -0.7301 -0.2360 0.6413
vn -0.2851 -0.7117 0.6420
vn -0.5915 -0.3795 0.7114
vn 0.4566 0.0403 -0.8887
vn 0.4212 0.1431 -0.8956
vn 0.3725 0.1314 -0.9187
vn 0.2737 0.2188 -0.9366
vn 0.3212 0.1271 -0.9384
vn 0.3858 0.0297 -0.9221
vn 0.2650 0.1041 -0.9586
vn 0.2231 0.1071 -0.9689
vn 0.2866 0.1656 -0.9436
vn 0.1764 0.1647 -0.9704
vn 0.3614 0.1161 -0.9251
vn 0.4440 0.1646 -0.8808
vn 0.4481 0.0525 -0.8924
vn 0.4399 0.0044 -0.8980
vn 0.2679 0.0667 -0.9611
vn 0.3250 0.0051 -0.9457
vn 0.3715 -0.0660 -0.9261
vn 0.2668 -0.0951 -0.9590
vn 0.2034 -0.0341 -0.9785
vn 0.1680 0.0899 -0.9817
vn 0.1158 0.0165 -0.9931
vn 0.1100 -0.1096 -0.9879
vn 0.1873 -0.1637 -0.9685
vn -0.0052 0.0174 -0.9998
vn 0.0214 -0.0744 -0.9970
vn -0.1113 0.0243 -0.9935
vn -0.0931 -0.0411 -0.9948
vn 0.2814 -0.2286 -0.9319
vn 0.4073 -0.2471 -0.8792
vn 0.3062 -0.1661 -0.9373
vn 0.4011 -0.1564 -0.9026
vn 0.4868 -0.1661 -0.8575
vn 0.4714 -0.0731 -0.8788
vn 0.5595 -0.1475 -0.8156
vn 0.5351 -0.2430 -0.8091
vn 0.8594 -0.2783 -0.4290
vn 0.8052 0.1864 -0.5629
vn 0.7380 0.3804 -0.5574
vn 0.7904 0.4572 -0.4077
vn 0.2856 0.6828 -0.6724
vn 0.7905 -0.4364 -0.4298
vn 0.5991 -0.3288 -0.7300
vn 0.7084 -0.5621 -0.4268
vn 0.4877 -0.3491 -0.8002
vn 0.5426 -0.4283 -0.7225
vn -0.5627 0.4502 -0.6933
vn 0.0109 -0.4149 -0.9098
vn -0.7244 0.6110 0.3191
vn 0.0921 -0.9367 -0.3377
vn -0.6268 0.4503 0.6359
vn 0.4370 -0.3233 -0.8393
vn 0.6905 0.2640 -0.6734
vn 0.8231 0.0423 -0.5662
vn 0.7441 -0.0010 -0.6681
vn 0.8112 -0.1036 -0.5755
vn 0.1703 0.0412 -0.9845
vn 0.1669 0.0989 -0.9810
vn 0.2449 0.0368 -0.9688
vn 0.3145 0.0440 -0.9482
vn 0.1227 0.0890 -0.9884
vn 0.0950 0.0408 -0.9946
vn 0.2240 -0.8782 -0.4224
vn 0.2002 -0.5736 -0.7943
vn 0.8385 -0.4294 -0.3355
vn 0.0812 -0.5940 -0.8003
vn 0.0287 -0.9199 -0.3911
vn 0.7513 -0.3333 -0.5696
vn 0.1342 -0.5561 -0.8202
vn 0.6332 -0.5224 -0.5710
vn 0.0194 -0.5006 -0.8654
vn -0.0133 -0.5861 -0.8101
vn -0.1116 -0.5381 -0.8354
vn -0.0352 -0.4257 -0.9041
vn -0.1579 -0.3784 -0.9121
vn -0.1113 -0.4637 -0.8789
vn -0.2759 -0.3974 -0.8751
vn -0.2037 -0.4595 -0.8645
vn -0.2013 -0.5657 -0.7996
vn -0.6417 -0.5173 -0.5662
vn -0.1083 -0.6050 -0.7888
vn -0.7764 -0.3031 -0.5525
vn -0.7523 0.0370 -0.6577
vn -0.6918 -0.2745 -0.6678
vn -0.5197 -0.5408 -0.6614
vn -0.5172 -0.6370 -0.5716
vn -0.4236 -0.7063 -0.5671
vn -0.1722 -0.7330 -0.6581
vn -0.2646 -0.7718 -0.5781
vn -0.4336 -0.3520 -0.8295
vn -0.0477 -0.8205 -0.5696
vn -0.4940 -0.3670 -0.7882
vn -0.5016 -0.2829 -0.8175
vn -0.7083 -0.5631 -0.4256
vn -0.1256 -0.9295 -0.3468
vn -0.0976 -0.9041 -0.4159
vn -0.3255 -0.0106 0.9454
vn 0.1296 -0.2341 0.9635
vn 0.1913 0.2733 0.9427
vn 0.2276 0.7458 0.6260
vn -0.3957 0.6382 0.6604
vn 0.6886 0.3488 0.6358
vn 0.7453 -0.2010 0.6357
vn 0.0240 0.8203 0.5714
vn 0.3212 0.7378 0.5936
vn 0.4333 0.3776 0.8183
vn 0.5136 0.5937 0.6194
vn 0.2740 0.4071 0.8713
vn 0.2119 0.5157 0.8301
vn 0.7414 0.3610 0.5656
vn 0.2800 0.6392 0.7162
vn 0.5609 0.3832 0.7338
vn 0.5239 0.4937 0.6941
vn 0.8182 0.4220 0.3904
vn 0.8783 0.3238 0.3517
vn -0.1681 0.0363 -0.9851
vn 0.0133 0.0166 0.9998
vn 0.1212 0.9054 0.4068
vn -0.8941 0.1547 0.4203
vn -0.1831 -0.8900 0.4175
vn 0.8978 -0.1514 0.4136
vn -0.0479 0.4868 0.8722
vn 0.4003 0.0674 0.9139
vn -0.3880 -0.0326 0.9210
vn -0.5297 0.2084 0.8222
vn -0.3553 -0.1285 0.9258
vn -0.3548 -0.1199 0.9272
vn -0.4300 -0.3157 0.8458
vn 0.0000 0.0000 1.0000
vn 0.6950 -0.0584 0.7166
vn 0.6876 -0.1163 0.7166
vn 0.6755 -0.1734 0.7166
vn 0.6586 -0.2293 0.7166
vn 0.6371 -0.2837 0.7166
vn -0.3124 0.2006 0.9285
vn 0.6974 0.0000 0.7166
vn 0.1290 -0.4888 0.8628
vn -0.3594 0.1225 0.9251
vn -0.4142 0.0416 0.9092
vn -0.8798 0.1630 0.4465
vn -0.9152 0.0119 0.4027
vn -0.8813 0.3100 0.3565
vn -0.8987 0.3916 0.1975
vn -0.8358 -0.4783 -0.2694
vn -0.9000 -0.3917 0.1912
vn -0.8584 0.0349 -0.5118
vn -0.8547 -0.2788 0.4378
vn -0.8662 -0.2155 0.4507
vn -0.7081 -0.7060 -0.0138
vn -0.9143 -0.4047 -0.0125
vn -0.9806 -0.1141 -0.1591
vn -0.8814 -0.4301 -0.1954
vn -0.9769 -0.1979 -0.0807
vn -0.8822 -0.2070 0.4230
vn -0.9728 -0.1932 -0.1278
vn -0.9247 -0.1260 -0.3591
vn -0.9790 -0.0649 -0.1929
vn -0.9968 -0.0591 -0.0543
vn -0.9427 0.0718 -0.3257
vn -0.9908 0.1043 -0.0860
vn -0.9850 0.0015 -0.1726
vn -0.9791 0.0753 -0.1887
vn -0.9356 0.0259 -0.3522
vn -0.5614 0.0540 -0.8257
vn -0.6460 -0.0271 -0.7628
vn 0.3827 0.2248 -0.8961
vn -0.6215 -0.1471 -0.7694
vn -0.2123 0.4063 -0.8887
vn 0.3144 0.1011 -0.9439
vn 0.2535 0.8697 -0.4234
vn -0.8096 0.4187 -0.4115
vn -0.7205 -0.3732 0.5843
vn 0.4165 0.0000 -0.9091
vn 0.9858 0.1540 0.0670
vn 0.3901 0.2728 -0.8794
vn -0.3329 -0.4280 -0.8402
vn 0.9134 0.4053 0.0381
vn -0.6586 -0.2727 -0.7013
vn 0.5483 -0.1351 -0.8253
vn -0.5430 -0.2881 -0.7888
vn 0.2002 -0.5280 -0.8253
vn 0.8840 0.2424 -0.3997
vn 0.7071 0.1180 -0.6971
vn 0.9931 0.0943 0.0693
vn 0.6934 0.1780 -0.6982
vn 0.9960 -0.0869 -0.0218
vn 0.7176 -0.0002 -0.6964
vn 0.7147 0.0609 -0.6967
vn 0.9297 -0.1653 0.3289
vn 0.7079 -0.1171 -0.6965
vn 0.7157 -0.0619 -0.6956
vn 0.6943 -0.1791 -0.6970
vn 0.3391 -0.1250 -0.9324
vn 0.8990 -0.2755 -0.3406
vn 0.6755 -0.1734 -0.7166
vn 0.6586 -0.2293 -0.7166
vn 0.6778 -0.2379 -0.6956
vn 0.6371 -0.2836 -0.7166
vn 0.6111 -0.3360 0.7166
vn 0.6111 -0.3360 -0.7166
vn 0.6566 -0.2895 -0.6965
vn 0.6273 -0.3448 -0.6982
vn 0.8967 -0.4359 0.0764
vn 0.8682 -0.4760 -0.1398
vn 0.7410 -0.5549 -0.3780
vn 0.2840 -0.1888 -0.9400
vn 0.5967 -0.3975 -0.6970
vn 0.5809 -0.3859 -0.7166
vn 0.5466 -0.4332 -0.7166
vn 0.5619 -0.4476 -0.6956
vn 0.5249 -0.4893 -0.6965
vn 0.5084 -0.4774 -0.7166
vn 0.5084 -0.4774 0.7166
vn 0.4668 -0.5183 -0.7165
vn 0.4683 -0.5176 0.7161
vn 0.4252 -0.5532 0.7163
vn 0.0818 0.4639 0.8821
vn 0.3820 -0.0801 0.9207
vn -0.2177 0.3102 0.9254
vn -0.1235 -0.4379 0.8905
vn -0.6044 0.6924 0.3940
vn -0.2706 0.2781 0.9216
vn -0.4942 0.7740 0.3956
vn -0.1727 0.3470 0.9218
vn -0.5579 0.7278 0.3987
vn 0.3231 -0.6180 0.7166
vn 0.2702 -0.6429 0.7166
vn 0.2155 -0.6633 0.7166
vn 0.3751 -0.5871 0.7173
vn 0.3737 -0.5889 -0.7166
vn 0.3231 -0.6180 -0.7166
vn 0.4216 -0.5557 -0.7166
vn 0.3834 -0.6075 -0.6956
vn 0.4328 -0.5716 -0.6970
vn 0.4790 -0.5319 -0.6982
vn 0.5187 -0.7821 -0.3453
vn 0.6141 -0.7506 -0.2437
vn 0.2247 -0.3392 -0.9134
vn 0.4455 -0.8944 0.0394
vn 0.3348 -0.6347 -0.6965
vn 0.2770 -0.6613 -0.6970
vn 0.2702 -0.6429 -0.7166
vn 0.2155 -0.6633 -0.7166
vn 0.1592 -0.6790 -0.7166
vn 0.2203 -0.6838 -0.6956
vn 0.1592 -0.6790 0.7166
vn -0.0293 0.3703 0.9284
vn -0.1120 0.3723 0.9213
vn 0.1019 -0.6899 0.7166
vn -0.3687 0.8432 0.3912
vn -0.3121 0.8667 0.3891
vn -0.2234 0.8871 0.4040
vn -0.1747 0.8808 0.4400
vn -0.2642 0.9445 -0.1953
vn -0.1832 0.9628 -0.1987
vn -0.1157 0.9739 -0.1953
vn -0.1403 0.5518 -0.8220
vn -0.0494 0.5668 -0.8224
vn 0.0384 0.5676 -0.8224
vn -0.0328 0.9795 -0.1987
vn 0.4649 -0.2340 -0.8538
vn -0.0385 -0.5260 -0.8495
vn 0.0355 0.9801 -0.1953
vn 0.1182 0.9729 -0.1987
vn 0.1253 0.5550 -0.8224
vn -0.5046 -0.2130 -0.8366
vn 0.1858 0.9630 -0.1953
vn 0.2665 0.9431 -0.1987
vn 0.2043 0.5299 -0.8231
vn -0.1302 -0.3880 -0.9124
vn 0.2730 0.5033 -0.8198
vn 0.4052 0.8939 -0.1918
vn 0.3318 0.9229 -0.1953
vn 0.3273 0.8559 0.4004
vn 0.3703 0.8282 0.4207
vn 0.4767 0.8581 -0.1908
vn 0.4447 0.8056 0.3913
vn 0.5348 0.8220 -0.1953
vn 0.3275 0.4648 -0.8226
vn 0.6021 0.7733 -0.1986
vn -0.5326 -0.1938 -0.8239
vn 0.3931 0.4113 -0.8224
vn -0.4327 0.3334 -0.8376
vn -0.1395 -0.5402 -0.8299
vn -0.9016 0.0257 -0.4318
vn -0.4352 -0.7909 -0.4301
vn 0.3728 -0.4224 -0.8262
vn 0.4352 -0.7875 -0.4364
vn -0.0134 0.0070 -0.9999
vn 0.8886 -0.1274 -0.4406
vn 0.5089 0.1173 -0.8528
vn 0.6081 0.6662 -0.4316
vn 0.0965 0.5251 -0.8455
vn -0.3301 0.8408 -0.4289
vn -0.1914 -0.2853 -0.9391
vn -0.6907 -0.6995 0.1834
vn -0.5476 -0.7295 -0.4098
vn -0.4787 -0.8750 -0.0713
vn -0.4583 -0.5518 -0.6967
vn -0.4088 -0.5890 -0.6971
vn -0.5779 -0.5871 -0.5669
vn -0.4445 -0.5374 -0.7166
vn -0.4880 -0.4983 -0.7166
vn -0.5012 -0.5131 -0.6967
vn -0.5279 -0.4557 0.7166
vn -0.4880 -0.4983 0.7166
vn -0.5279 -0.4557 -0.7166
vn -0.5642 -0.4099 0.7166
vn -0.5642 -0.4099 -0.7166
vn -0.5418 -0.4686 -0.6977
vn -0.7730 -0.5735 -0.2710
vn -0.5795 -0.4208 -0.6979
vn -0.7624 -0.5335 0.3662
vn -0.5623 -0.3177 -0.7635
vn -0.8964 -0.4429 -0.0178
vn -0.6127 -0.3713 -0.6977
vn -0.6439 -0.3167 -0.6965
vn -0.6247 -0.3101 -0.7166
vn -0.5965 -0.3613 -0.7166
vn -0.6247 -0.3101 0.7166
vn -0.5965 -0.3613 0.7166
vn 0.3257 0.2102 0.9218
vn 0.2897 0.2576 0.9218
vn 0.7982 0.4579 0.3914
vn 0.3540 0.1580 0.9218
vn 0.7570 0.5259 0.3877
vn 0.7185 0.5748 0.3914
vn -0.6484 -0.2567 0.7166
vn -0.6677 -0.2016 0.7166
vn -0.6822 -0.1450 0.7166
vn -0.6919 -0.0874 0.7166
vn -0.6968 -0.0292 0.7166
vn -0.6968 0.0292 0.7166
vn 0.3560 -0.1197 0.9268
vn 0.5311 0.2092 0.8211
vn 0.3741 0.1020 0.9218
vn 0.4291 -0.3172 0.8457
vn -0.1288 -0.4860 0.8644
vn 0.8994 0.1946 0.3915
vn 0.3880 0.0398 0.9207
vn 0.8589 0.3301 0.3914
vn 0.8809 0.2716 0.3874
vn 0.9133 0.1288 0.3864
vn 0.9574 0.2037 -0.2044
vn 0.9670 0.1432 -0.2105
vn 0.5590 0.0547 -0.8274
vn 0.9782 0.0611 -0.1983
vn 0.5499 0.1509 -0.8215
vn -0.3517 -0.3388 -0.8726
vn 0.5685 -0.0297 -0.8221
vn -0.4267 0.2596 -0.8663
vn 0.9800 0.0011 -0.1986
vn 0.9144 0.0391 0.4029
vn 0.9099 -0.0100 0.4147
vn 0.9165 -0.0845 0.3909
vn 0.9780 -0.0658 -0.1977
vn 0.8942 -0.1631 0.4169
vn 0.9607 -0.1613 -0.2260
vn 0.8770 -0.2100 0.4321
vn 0.9447 -0.2055 -0.2555
vn 0.5373 -0.1201 -0.8348
vn 0.9132 -0.3002 -0.2756
vn 0.6550 -0.2709 -0.7054
vn 0.0968 0.5241 -0.8461
vn 0.9113 -0.4047 -0.0763
vn 0.8582 -0.4548 -0.2380
vn 0.8525 -0.3379 0.3988
vn -0.1941 -0.0401 -0.9801
vn 0.4912 0.0879 -0.8665
vn -0.3615 0.0780 -0.9291
vn 0.5571 -0.2958 -0.7759
vn -0.9013 0.3233 0.2883
vn -0.9072 0.1757 -0.3823
vn -0.5296 0.2970 -0.7945
vn -0.9751 0.0154 0.2213
vn -0.9966 0.0785 -0.0238
vn -0.3030 -0.3389 -0.8907
vn -0.7009 0.1506 -0.6971
vn -0.7102 0.0897 -0.6982
vn -0.6822 0.1450 -0.7166
vn -0.7155 0.0298 -0.6979
vn -0.6919 0.0874 -0.7166
vn -0.6968 0.0292 -0.7166
vn -0.6919 0.0874 0.7166
vn -0.6822 0.1450 0.7166
vn -0.6968 -0.0292 -0.7166
vn -0.7158 -0.0298 -0.6977
vn -0.9010 -0.0727 -0.4277
vn -0.7106 -0.0905 -0.6977
vn -0.8144 -0.1808 -0.5513
vn -0.7015 -0.1500 -0.6967
vn -0.6880 -0.2069 -0.6955
vn -0.9296 -0.3678 0.0239
vn -0.6822 -0.1450 -0.7166
vn -0.6919 -0.0874 -0.7166
vn -0.6677 -0.2016 -0.7166
vn -0.6484 -0.2567 -0.7166
vn -0.6673 -0.2661 -0.6956
vn -0.6677 0.2016 0.7166
vn -0.6484 0.2567 0.7166
vn -0.6677 0.2016 -0.7166
vn -0.6484 0.2567 -0.7166
vn -0.6870 0.2065 -0.6967
vn -0.6672 0.2644 -0.6964
vn -0.8389 0.3695 0.3995
vn -0.6427 0.3210 -0.6956
vn -0.6247 0.3101 -0.7166
vn -0.5965 0.3613 -0.7166
vn -0.6151 0.3695 -0.6965
vn -0.5642 0.4099 0.7166
vn -0.5965 0.3613 0.7166
vn -0.5642 0.4099 -0.7166
vn 0.3663 -0.0812 0.9269
vn -0.6247 0.3101 0.7166
vn 0.0490 -0.4940 0.8680
vn -0.5279 0.4557 0.7166
vn 0.3823 -0.0435 0.9230
vn 0.8863 -0.2725 0.3743
vn 0.9018 -0.2133 0.3759
vn 0.9260 -0.1841 0.3295
vn 0.9268 -0.1074 0.3600
vn 0.9436 -0.0664 0.3243
vn 0.3806 0.0062 0.9247
vn -0.4603 -0.1490 0.8751
vn -0.6070 -0.6692 0.4286
vn -0.8726 0.2299 0.4310
vn -0.2996 0.4271 0.8531
vn -0.1095 0.8977 0.4267
vn 0.2768 0.4542 0.8468
vn -0.7071 0.0000 0.7071
vn -0.9924 -0.0521 0.1112
vn -0.9990 -0.0300 0.0325
vn -0.7103 0.3145 0.6297
vn 0.7041 -0.0075 0.7100
vn -0.4901 0.4972 0.7159
vn 0.4882 -0.0915 0.8679
vn 0.7071 0.0000 0.7071
vn 0.9986 0.0396 0.0350
vn 0.9360 -0.0036 0.3519
vn 0.9980 -0.0174 -0.0614
vn 0.9998 0.0158 0.0067
vn 0.9743 -0.0208 -0.2241
vn 0.9969 0.0110 -0.0772
vn 0.9789 -0.0682 -0.1923
vn 0.9992 -0.0396 -0.0075
vn 0.9932 -0.1161 0.0080
vn 0.9872 -0.1554 -0.0348
vn 0.8476 -0.3464 -0.4019
vn 0.9658 -0.2438 -0.0885
vn 0.6771 -0.1836 -0.7126
vn 0.9437 -0.3241 -0.0659
vn 0.4292 -0.2986 -0.8524
vn 0.5239 -0.4256 -0.7378
vn 0.9169 -0.0454 -0.3966
vn 0.7693 -0.0729 -0.6347
vn 0.5646 -0.0674 -0.8226
vn 0.3677 -0.1841 -0.9115
vn 0.2561 -0.0062 -0.9666
vn 0.2446 -0.3238 -0.9139
vn 0.0642 -0.0158 -0.9978
vn 0.1523 0.0376 -0.9876
vn 0.3826 0.0373 -0.9232
vn 0.4606 -0.0072 -0.8875
vn 0.5672 0.0177 -0.8234
vn 0.6606 -0.0070 -0.7507
vn 0.8480 0.0603 -0.5266
vn 0.7041 0.0660 -0.7070
vn 0.8101 -0.0097 -0.5862
vn 0.9152 0.0511 -0.3998
vn 0.9126 -0.0156 -0.4085
vn 0.9598 -0.0037 -0.2806
vn 0.9877 0.0699 -0.1398
vn 0.9922 0.1236 0.0114
vn 0.9704 0.2413 -0.0126
vn 0.9578 0.2528 -0.1369
vn 0.9801 0.1346 0.1460
vn 0.9944 -0.0135 0.1041
vn 0.9431 -0.0333 0.3308
vn 0.9252 0.1384 0.3533
vn 0.9566 0.2695 0.1107
vn 0.9312 0.1682 0.3232
vn 0.8376 0.0419 0.5446
vn 0.9339 0.3185 0.1621
vn 0.9527 0.1738 0.2491
vn 0.9224 0.3765 0.0854
vn 0.8810 0.0699 0.4678
vn 0.9042 0.1715 0.3911
vn 0.9506 0.2836 0.1265
vn 0.9577 0.2448 0.1510
vn 0.8973 0.3037 0.3202
vn 0.8411 0.2856 0.4593
vn 0.8675 0.3176 0.3827
vn 0.8998 0.3646 0.2394
vn 0.9341 0.1798 0.3084
vn 0.9677 0.1572 0.1972
vn 0.9395 0.3276 0.1006
vn 0.8828 0.1108 0.4564
vn 0.8856 -0.3842 0.2608
vn 0.8520 -0.3847 0.3551
vn 0.9006 -0.4075 0.1512
vn 0.3670 -0.9241 0.1062
vn 0.4065 -0.9129 0.0358
vn -0.4848 -0.8723 -0.0634
vn 0.3652 -0.9129 0.1823
vn -0.4421 -0.8723 -0.2089
vn -0.8881 0.3628 -0.2819
vn -0.3567 -0.8723 -0.3343
vn -0.7597 0.3611 -0.5408
vn 0.3146 -0.9188 0.2382
vn -0.7947 0.3220 -0.5145
vn -0.8708 -0.1547 -0.4667
vn -0.9233 -0.0882 -0.3738
vn 0.7793 -0.4022 0.4805
vn 0.7045 -0.3914 0.5920
vn 0.2639 -0.9196 0.2910
vn 0.7913 0.1537 0.5917
vn 0.7208 0.1796 0.6695
vn 0.6391 -0.3829 0.6670
vn 0.5510 -0.3876 0.7390
vn 0.6422 0.1707 0.7473
vn 0.4320 -0.3956 0.8105
vn 0.5545 0.1413 0.8201
vn 0.2225 -0.9130 0.3420
vn 0.1602 -0.9170 0.3654
vn -0.2371 -0.8723 -0.4276
vn -0.0946 -0.8723 -0.4797
vn -0.5580 0.3591 -0.7481
vn -0.3023 0.3569 -0.8838
vn -0.3413 0.3431 -0.8751
vn -0.4345 -0.1372 -0.8901
vn -0.5290 -0.1073 -0.8418
vn -0.3995 -0.6950 -0.5978
vn -0.5959 0.3327 -0.7308
vn -0.3010 -0.6949 -0.6530
vn -0.2042 -0.8357 -0.5098
vn -0.3240 -0.8714 -0.3683
vn -0.4881 -0.6950 -0.5280
vn -0.6861 -0.1460 -0.7127
vn -0.7630 -0.0978 -0.6390
vn -0.5646 -0.6950 -0.4451
vn -0.6273 -0.6950 -0.3513
vn -0.4271 -0.8714 -0.2412
vn -0.6361 -0.7688 -0.0663
vn -0.8796 0.3749 -0.2928
vn -0.6745 -0.6951 -0.2488
vn -0.7342 0.3751 -0.5659
vn -0.8337 -0.0197 -0.5519
vn -0.8739 -0.2043 -0.4410
vn -0.8998 0.2470 -0.3596
vn -0.9179 0.3109 -0.2464
vn -0.7051 -0.6951 -0.1402
vn -0.9707 -0.1633 -0.1763
vn -0.7183 -0.6951 -0.0282
vn -0.9943 -0.0785 -0.0719
vn -0.9312 0.3643 0.0037
vn -0.9530 0.2992 0.0476
vn -0.4808 -0.8723 0.0882
vn -0.9764 -0.1718 0.1303
vn -0.7139 -0.6951 0.0845
vn -0.9690 -0.0688 0.2374
vn -0.6919 -0.6951 0.1952
vn -0.4317 -0.9011 0.0398
vn -0.9654 -0.1455 0.2162
vn -0.6148 -0.7619 0.2037
vn -0.9915 0.1271 -0.0289
vn -0.9436 -0.3192 0.0881
vn -0.9785 0.0047 0.2064
vn -0.8804 -0.4299 0.2000
vn -0.7258 0.5498 0.4134
vn -0.5766 0.1678 0.7996
vn -0.6431 -0.7386 0.2022
vn -0.9471 -0.0389 0.3186
vn -0.8260 -0.4680 0.3140
vn -0.5806 -0.3915 0.7138
vn -0.9392 -0.2881 0.1868
vn -0.9125 -0.0448 0.4066
vn 0.7469 0.5312 0.3999
vn -0.7508 0.2011 0.6292
vn 0.8241 0.5114 0.2434
vn 0.9673 0.2024 -0.1529
vn 0.7573 0.4064 0.5112
vn 0.9084 0.4113 -0.0747
vn -0.7566 -0.0977 0.6465
vn 0.6927 0.2920 0.6594
vn 0.7786 -0.0617 0.6245
vn -0.3170 -0.7103 0.6285
vn -0.7231 -0.6541 0.2218
vn -0.1839 -0.9273 0.3259
vn 0.8630 -0.3440 0.3699
vn 0.9105 0.4089 -0.0620
vn 0.9501 0.2336 -0.2067
vn 0.9273 0.2900 -0.2363
vn 0.9142 0.3994 -0.0678
vn 0.9052 -0.4248 -0.0049
vn 0.9145 0.0999 -0.3921
vn 0.8537 0.5151 -0.0761
vn 0.8088 0.5606 -0.1778
vn 0.8368 0.2526 -0.4858
vn 0.6423 0.6311 -0.4349
vn 0.4349 0.8831 -0.1760
vn 0.7188 0.3326 -0.6105
vn 0.5388 0.5388 -0.6475
vn 0.2973 0.8979 -0.3245
vn 0.4784 0.2558 -0.8400
vn 0.4194 0.5540 -0.7191
vn 0.6096 0.2315 -0.7581
vn 0.7269 0.1069 -0.6783
vn 0.6381 0.0206 -0.7696
vn 0.5463 0.0407 -0.8365
vn 0.5479 0.0563 -0.8347
vn 0.4430 0.2401 -0.8637
vn 0.4356 0.0336 -0.8995
vn 0.5888 0.2568 -0.7664
vn 0.5404 0.3636 -0.7588
vn 0.3756 0.3558 -0.8558
vn 0.2860 0.2523 -0.9244
vn 0.3715 0.0584 -0.9266
vn 0.1305 0.3626 -0.9227
vn 0.2211 0.3151 -0.9229
vn 0.1928 0.1288 -0.9727
vn 0.2985 0.0256 -0.9540
vn 0.0968 0.0248 -0.9950
vn 0.1942 0.1441 -0.9703
vn 0.0759 0.1440 -0.9866
vn 0.0050 0.2422 -0.9702
vn -0.0366 0.0370 -0.9986
vn 0.0367 0.3273 -0.9442
vn -0.1478 0.2471 -0.9576
vn -0.1044 0.3283 -0.9387
vn -0.2074 0.4027 -0.8915
vn -0.1653 0.0440 -0.9853
vn -0.3374 0.2434 -0.9094
vn -0.2621 0.0342 -0.9644
vn -0.4930 0.2737 -0.8258
vn -0.4324 0.0564 -0.8999
vn -0.4109 0.3358 -0.8476
vn -0.2808 0.3201 -0.9048
vn -0.3911 0.0375 -0.9196
vn -0.4837 0.0282 -0.8747
vn -0.2467 0.2542 -0.9351
vn -0.4892 0.2565 -0.8336
vn -0.3710 0.2347 -0.8985
vn -0.1177 0.2594 -0.9585
vn -0.2654 0.5839 -0.7671
vn -0.1057 0.5396 -0.8352
vn -0.1992 0.8962 -0.3964
vn -0.1131 0.8724 -0.4755
vn -0.4010 0.5010 -0.7669
vn -0.2363 0.8599 0.4525
vn -0.5014 0.5471 -0.6702
vn -0.2719 0.8959 -0.3514
vn 0.3677 0.8534 0.3693
vn -0.0544 0.9715 -0.2305
vn -0.5258 0.8472 -0.0760
vn -0.0639 -0.8330 0.5496
vn -0.4982 -0.8513 0.1645
vn 0.0688 -0.9849 0.1588
vn 0.4157 -0.8114 0.4109
vn 0.4119 -0.8928 0.1822
vn 0.1574 -0.9760 0.1505
vn 0.3043 -0.8257 0.4750
vn -0.0148 -0.9147 0.4039
vn 0.0861 -0.8534 0.5141
vn 0.2403 -0.7673 0.5945
vn 0.3898 0.8835 0.2595
vn 0.4758 0.8258 -0.3028
vn 0.1432 -0.9323 -0.3322
vn 0.1267 -0.7681 0.6277
vn -0.1616 -0.8996 0.4056
vn -0.1831 0.8850 0.4280
vn -0.4704 0.8767 -0.1007
vn 0.0792 0.8905 -0.4481
vn -0.0136 0.8792 -0.4762
vn -0.4513 -0.8872 -0.0952
vn -0.0469 0.8625 -0.5039
vn -0.0298 -0.7191 0.6942
vn -0.1095 -0.9470 0.3018
vn -0.2165 -0.7607 0.6119
vn -0.0631 -0.2810 0.9576
vn 0.0659 -0.2280 0.9714
vn -0.1240 -0.7509 0.6486
vn 0.3239 -0.2856 0.9019
vn 0.1279 -0.7452 0.6544
vn -0.0469 -0.8806 0.4715
vn 0.0788 -0.9290 0.3615
vn 0.2431 -0.8774 0.4135
vn 0.3516 -0.7106 0.6094
vn -0.0151 -0.0825 0.9965
vn 0.0498 0.0614 0.9969
vn -0.1389 -0.2469 0.9590
vn -0.2492 0.1832 0.9509
vn -0.3032 0.3429 0.8891
vn -0.2358 -0.8723 0.4282
vn -0.4716 -0.0901 0.8772
vn -0.3434 -0.0904 0.9348
vn -0.4057 -0.0465 0.9128
vn -0.5221 -0.1994 0.8292
vn -0.6009 0.2575 0.7567
vn -0.5981 -0.0970 0.7955
vn -0.6980 -0.1080 0.7078
vn -0.6554 -0.2671 0.7065
vn -0.7818 -0.1682 0.6004
vn -0.7824 -0.4400 0.4406
vn -0.6766 -0.4847 0.5543
vn -0.5011 -0.3007 0.8114
vn -0.4451 -0.6559 0.6096
vn -0.2317 -0.3794 0.8957
vn -0.1023 -0.7735 0.6255
vn -0.2370 -0.1005 0.9663
vn -0.0918 -0.1350 0.9866
vn -0.0002 -0.1234 0.9923
vn 0.1246 -0.2580 0.9581
vn 0.0435 -0.5484 0.8351
vn 0.3341 -0.1159 0.9354
vn 0.2024 -0.0993 0.9742
vn 0.4139 -0.4943 0.7644
vn 0.4208 -0.0710 0.9044
vn 0.5404 -0.2695 0.7971
vn 0.3165 -0.1006 0.9432
vn 0.1449 -0.3428 0.9281
vn 0.5242 -0.0829 0.8475
vn 0.6790 -0.2356 0.6953
vn 0.6798 -0.4680 0.5646
vn 0.2924 -0.8102 0.5079
vn 0.7620 -0.5895 0.2679
vn 0.7935 -0.4191 0.4411
vn 0.6385 -0.6574 0.4000
vn -0.0198 -0.9641 0.2648
vn 0.3938 -0.8707 0.2945
vn 0.0629 -0.9850 0.1605
vn 0.1587 -0.9693 0.1878
vn 0.4010 -0.9098 0.1072
vn 0.6064 -0.7816 0.1464
vn 0.6950 -0.7110 0.1065
vn 0.7508 -0.6573 0.0651
vn 0.7270 -0.6853 0.0414
vn 0.6658 -0.7447 0.0460
vn 0.3970 -0.8527 0.3396
vn 0.4790 -0.8752 0.0673
vn 0.2303 -0.9715 -0.0562
vn 0.0975 -0.9932 -0.0629
vn 0.0077 -0.9529 0.3032
vn -0.1120 -0.9936 0.0166
vn -0.2337 -0.9723 -0.0090
vn -0.1264 -0.9878 0.0903
vn -0.5571 -0.8304 0.0028
vn -0.5955 -0.7963 0.1061
vn -0.4318 -0.8341 0.3432
vn -0.6905 -0.6924 0.2091
vn -0.6225 -0.6281 0.4668
vn -0.7342 -0.6768 0.0532
vn -0.0942 -0.5533 0.8276
vn -0.5239 -0.5402 0.6586
vn 0.0153 -0.6160 0.7876
vn 0.0272 -0.5133 0.8578
vn 0.0797 -0.4784 0.8745
vn 0.0501 -0.8145 0.5779
vn -0.3331 -0.4339 0.8371
vn -0.1285 -0.2145 0.9682
vn -0.0093 -0.3086 0.9511
vn 0.0006 -0.4396 0.8982
vn 0.0968 -0.5123 0.8533
vn 0.0323 -0.3638 0.9309
vn 0.0069 -0.1841 0.9829
vn -0.0115 -0.1454 0.9893
vn -0.0060 -0.3723 0.9281
vn -0.0104 -0.5069 0.8619
vn -0.0578 -0.3264 0.9434
vn -0.0603 -0.4691 0.8810
vn 0.0108 -0.0703 0.9974
vn 0.0047 -0.3718 0.9283
vn -0.0939 -0.4635 0.8811
vn 0.9550 0.1278 0.2676
vn -0.0080 -0.3557 0.9346
vn -0.0395 -0.4940 0.8685
vn 0.2224 -0.4563 0.8616
vn 0.1738 -0.6494 0.7403
vn 0.6209 -0.5249 0.5821
vn 0.6026 -0.3758 0.7040
vn 0.2709 -0.2581 0.9273
vn 0.3946 -0.0851 0.9149
vn 0.6927 -0.1924 0.6950
vn 0.0880 -0.1440 0.9856
vn 0.9015 -0.1852 0.3910
vn 0.7912 -0.0469 0.6098
vn 0.9014 -0.1038 0.4203
vn 0.7478 -0.2648 0.6088
vn 0.9600 -0.0178 0.2795
vn 0.9933 -0.0093 0.1148
vn 0.9986 0.0523 -0.0103
vn 0.9597 -0.2078 0.1894
vn 0.9844 -0.1075 -0.1394
vn 0.9996 -0.0086 -0.0255
vn 0.9959 -0.0342 0.0837
vn 0.9988 0.0476 -0.0051
vn 0.9886 0.1505 -0.0104
vn 0.9550 0.2918 -0.0523
vn 0.9810 0.1683 -0.0963
vn 0.8182 0.5173 -0.2508
vn 0.9069 0.2061 -0.3674
vn 0.9914 0.0317 -0.1266
vn 0.9814 -0.1642 0.0994
vn 0.9774 0.2007 -0.0668
vn 0.9809 -0.0654 0.1832
vn 0.9293 -0.3246 0.1761
vn 0.8054 -0.5730 0.1516
vn 0.4103 -0.8455 0.3416
vn 0.7048 -0.6912 0.1595
vn 0.7273 -0.5575 0.4003
vn 0.8005 -0.5971 0.0513
vn 0.6474 -0.6765 0.3509
vn 0.5853 -0.5981 0.5475
vn 0.5574 -0.4872 0.6722
vn 0.6547 -0.3897 0.6476
vn 0.4874 -0.2669 0.8314
vn 0.1764 -0.1447 0.9736
vn 0.3286 -0.4130 0.8493
vn 0.4977 -0.5214 0.6930
vn 0.1440 -0.5286 0.8366
vn 0.8252 -0.5298 0.1958
vn 0.9068 -0.2714 0.3226
vn 0.8080 -0.1969 0.5552
vn 0.8529 -0.0871 0.5147
vn 0.9326 -0.0659 0.3548
vn 0.8411 0.0186 0.5406
vn 0.8260 -0.1146 0.5519
vn 0.7137 -0.0198 0.7002
vn 0.4828 -0.7696 0.4177
vn 0.6463 -0.0620 0.7606
vn 0.5958 0.0535 0.8014
vn 0.4837 -0.7965 0.3627
vn 0.5899 -0.7548 0.2868
vn 0.5979 -0.4686 0.6503
vn 0.6572 -0.7372 0.1568
vn 0.6576 -0.6790 0.3264
vn 0.7541 -0.1948 0.6272
vn 0.5222 -0.0829 0.8487
vn 0.4012 -0.7627 0.5072
vn 0.2699 -0.7772 0.5684
vn -0.3392 -0.8502 -0.4025
vn 0.2271 -0.8350 -0.5012
vn -0.1291 0.8492 -0.5119
vn -0.3168 0.9059 -0.2811
vn 0.4343 0.8682 -0.2401
vn -0.3383 0.7432 -0.5773
vn -0.6673 0.0645 -0.7420
vn -0.6680 0.0214 -0.7438
vn -0.5188 0.0277 -0.8544
vn -0.3745 0.0233 -0.9269
vn -0.3489 0.0211 -0.9369
vn -0.2254 -0.4555 -0.8612
vn -0.0686 -0.0032 -0.9976
vn -0.2149 0.0109 -0.9766
vn -0.1019 0.1214 -0.9873
vn 0.0309 0.0056 -0.9995
vn 0.0985 0.2806 -0.9547
vn 0.0446 0.8919 -0.4500
vn -0.2506 0.1559 -0.9554
vn 0.0230 0.1858 -0.9823
vn -0.0498 0.4106 -0.9104
vn 0.1460 0.0839 -0.9857
vn 0.2364 0.2040 -0.9500
vn 0.2059 0.4418 -0.8731
vn -0.2504 0.4319 -0.8665
vn -0.1558 0.6591 -0.7357
vn 0.0269 0.6440 -0.7645
vn -0.1215 0.8496 -0.5132
vn -0.3414 0.6376 -0.6905
vn -0.3414 0.8188 -0.4614
vn -0.5137 0.8288 -0.2220
vn -0.5967 0.6891 -0.4112
vn -0.4811 0.5533 -0.6800
vn -0.2547 0.9533 -0.1624
vn -0.7072 0.6710 -0.2225
vn -0.7143 0.6962 -0.0707
vn -0.6033 0.7945 -0.0694
vn -0.4135 0.9098 -0.0354
vn -0.5117 0.8419 -0.1712
vn -0.2618 0.9501 -0.1694
vn -0.3511 0.7490 -0.5618
vn -0.0973 0.8845 -0.4562
vn -0.1140 0.9849 -0.1302
vn -0.0642 0.9971 -0.0405
vn 0.1111 0.9132 -0.3921
vn 0.0996 0.9933 -0.0590
vn 0.3687 0.8251 -0.4281
vn 0.2999 0.9492 -0.0955
vn 0.0893 0.6650 -0.7414
vn -0.1213 0.6018 -0.7894
vn 0.3271 0.6228 -0.7107
vn -0.0171 0.3352 -0.9420
vn 0.1233 0.4311 -0.8938
vn 0.2829 0.3811 -0.8802
vn 0.4724 0.5095 -0.7191
vn 0.5806 0.6654 -0.4691
vn 0.3820 0.3183 -0.8676
vn 0.5600 0.4773 -0.6771
vn 0.5229 0.3132 -0.7928
vn 0.7292 0.4416 -0.5227
vn 0.6926 0.5821 -0.4259
vn 0.6136 0.1697 -0.7711
vn 0.8588 0.2879 -0.4237
vn 0.7829 0.5657 -0.2589
vn 0.7532 0.6196 -0.2209
vn 0.3521 0.1652 -0.9213
vn 0.1829 0.1685 -0.9686
vn 0.0270 0.0335 -0.9991
vn 0.0990 0.1755 -0.9795
vn 0.0143 0.1004 -0.9948
vn 0.0201 -0.0376 -0.9991
vn 0.0038 -0.2845 -0.9587
vn 0.0910 -0.3573 -0.9295
vn 0.0610 -0.1469 -0.9872
vn 0.1853 -0.4451 -0.8761
vn 0.1211 -0.3570 -0.9262
vn -0.0294 0.1016 -0.9944
vn 0.2033 -0.3472 -0.9155
vn 0.0479 -0.3868 -0.9209
vn 0.2987 -0.3815 -0.8748
vn -0.0845 0.3392 -0.9369
vn -0.1093 0.5184 -0.8481
vn -0.5165 0.1113 -0.8490
vn -0.6946 0.7006 0.1634
vn -0.7508 0.5825 -0.3113
vn -0.5454 0.6881 -0.4785
vn -0.2143 0.3598 -0.9080
vn -0.3317 -0.4285 -0.8404
vn 0.4497 -0.5604 0.6955
vn 0.5080 -0.5167 0.6891
vn -0.4453 -0.1361 0.8849
vn 0.4492 -0.5241 0.7235
vn 0.5643 -0.4448 0.6955
vn 0.5535 -0.4213 0.7184
vn 0.2648 0.3418 -0.9016
vn -0.8701 -0.2361 -0.4327
vn -0.1673 -0.8870 -0.4303
vn 0.1991 -0.5273 -0.8260
vn 0.6821 -0.5876 -0.4353
vn 0.8581 0.2674 -0.4384
vn -0.0096 -0.0053 -0.9999
vn 0.2273 0.8712 -0.4350
vn -0.6215 0.6542 -0.4309
vn 0.4227 0.3744 -0.8253
vn -0.3437 0.2747 -0.8979
vn 0.8602 -0.2987 -0.4133
vn 0.6112 -0.5383 0.5802
vn 0.2636 0.8733 -0.4098
vn -0.8523 0.3194 -0.4142
vn 0.0153 -0.0220 -0.9996
vn -0.3496 -0.8464 -0.4017
vn 0.5492 -0.4969 0.6719
vn 0.4932 -0.5391 0.6827
vn 0.6151 -0.3966 0.6814
vn 0.4902 0.1533 0.8580
vn 0.3163 -0.4128 0.8541
vn 0.6298 -0.2845 0.7228
vn 0.6087 -0.3400 0.7168
vn 0.5777 -0.3905 0.7168
vn 0.6484 -0.3352 0.6835
vn 0.6354 -0.2872 0.7168
vn 0.6901 -0.2299 0.6862
vn 0.6748 -0.1757 0.7168
vn 0.6575 -0.2323 0.7168
vn 0.7161 -0.1213 0.6873
vn 0.6752 -0.1585 0.7204
vn 0.6755 -0.2387 0.6977
vn 0.6933 -0.1805 0.6977
vn 0.6872 -0.1178 0.7168
vn 0.7061 -0.1211 0.6977
vn 0.6948 -0.0591 0.7168
vn 0.7138 -0.0607 0.6977
vn 0.7180 -0.0048 0.6960
vn 0.6973 0.0000 0.7168
vn 0.6858 -0.0377 0.7268
vn 0.6924 0.0624 0.7188
vn 0.7188 0.0947 0.6887
vn 0.6948 0.0591 0.7168
vn 0.6872 0.1178 0.7168
vn 0.7138 0.0607 0.6977
vn 0.7164 0.0000 0.6977
vn 0.7061 0.1211 0.6977
vn 0.6696 0.1502 0.7273
vn 0.6822 0.0319 0.7304
vn 0.6933 0.1805 0.6977
vn 0.6748 0.1757 0.7168
vn 0.6575 0.2323 0.7168
vn 0.6968 0.1841 0.6932
vn 0.6579 0.2877 0.6960
vn 0.6763 0.1638 0.7181
vn 0.6410 0.2484 0.7262
vn 0.6581 0.2988 0.6910
vn 0.6069 0.3389 0.7189
vn 0.0420 0.4986 0.8658
vn 0.5494 0.4251 0.7193
vn 0.4753 0.1092 0.8730
vn 0.6182 0.3791 0.6885
vn 0.5641 0.4447 0.6957
vn 0.5777 0.3905 0.7168
vn 0.6087 0.3400 0.7168
vn 0.5033 0.5186 0.6911
vn 0.5034 0.4825 0.7168
vn 0.5425 0.4380 0.7168
vn 0.4939 0.4858 0.7211
vn 0.4050 0.5562 0.7257
vn 0.4259 0.5853 0.6898
vn 0.3043 0.6208 0.7225
vn -0.4634 0.0052 0.8861
vn -0.0284 0.4545 0.8903
vn 0.4336 0.0322 0.9005
vn 0.3000 0.6584 0.6903
vn 0.1470 0.6803 0.7180
vn 0.2382 0.6996 0.6736
vn 0.3453 0.6446 0.6821
vn 0.2600 0.6470 0.7168
vn 0.1309 0.7192 0.6823
vn 0.1469 0.6816 0.7168
vn 0.2042 0.6667 0.7168
vn 0.2671 0.6647 0.6977
vn 0.3139 0.6226 0.7168
vn 0.3225 0.6397 0.6977
vn 0.1805 0.6653 0.7244
vn 0.2630 0.6308 0.7299
vn 0.2098 0.6850 0.6977
vn 0.6330 0.7221 0.2788
vn 0.2977 0.7460 0.5957
vn 0.1740 0.8294 0.5309
vn 0.0616 0.6869 0.7241
vn 0.1509 0.7003 0.6977
vn -0.0616 0.6864 0.7246
vn 0.0304 0.7158 0.6977
vn 0.0504 0.8603 0.5072
vn 0.0910 0.7106 0.6977
vn 0.0984 0.7938 0.6002
vn 0.0702 0.2497 0.9658
vn -0.0829 0.8442 0.5296
vn -0.0094 0.4369 0.8994
vn -0.2295 -0.3782 0.8968
vn 0.2295 -0.3780 0.8969
vn -0.0740 0.2781 0.9577
vn -0.4504 0.6479 0.6142
vn -0.7398 0.0559 0.6705
vn -0.4077 -0.1071 0.9068
vn -0.1598 0.8424 0.5145
vn -0.2639 0.7965 0.5440
vn -0.6001 0.1582 0.7841
vn -0.7135 0.3966 0.5776
vn -0.5021 0.8601 0.0902
vn -0.3731 0.6190 0.6911
vn -0.2993 0.6218 0.7237
vn -0.1822 0.6661 0.7232
vn -0.4051 0.5576 0.7245
vn -0.2098 0.6850 0.6977
vn -0.2671 0.6647 0.6977
vn -0.3225 0.6397 0.6977
vn -0.3139 0.6226 0.7168
vn -0.3656 0.5937 0.7168
vn -0.3756 0.6100 0.6977
vn -0.2600 0.6470 0.7168
vn -0.2956 0.6666 0.6843
vn -0.3065 0.6235 0.7192
vn -0.3958 0.6221 0.6755
vn -0.2051 0.6941 0.6900
vn -0.2042 0.6667 0.7168
vn -0.1469 0.6816 0.7168
vn -0.0736 0.7159 0.6943
vn -0.1100 0.6789 0.7259
vn -0.2029 0.6587 0.7245
vn -0.3951 -0.1297 0.9094
vn -0.3579 0.6246 0.6941
vn 0.1475 -0.4348 0.8884
vn -0.4302 -0.1508 -0.8900
vn -0.2900 0.4228 -0.8585
vn -0.1135 0.4282 0.8965
vn 0.0374 -0.5122 -0.8580
vn -0.3003 0.6553 -0.6930
vn -0.4007 0.5997 -0.6927
vn 0.4816 -0.0986 -0.8708
vn -0.4866 0.5314 -0.6934
vn -0.4465 0.5664 0.6927
vn 0.4389 0.1198 0.8905
vn 0.7206 -0.6466 0.2501
vn -0.5272 0.4898 0.6944
vn 0.0073 -0.5341 0.8454
vn -0.5638 0.4543 -0.6897
vn -0.5923 0.4038 0.6972
vn 0.2935 0.4552 -0.8406
vn -0.4106 0.5550 -0.7234
vn -0.4848 0.4932 -0.7222
vn -0.6154 0.3717 -0.6951
vn 0.2727 -0.4573 -0.8464
vn -0.3305 -0.3268 -0.8854
vn -0.5556 0.4100 -0.7233
vn -0.3384 0.6058 -0.7201
vn -0.4692 0.5647 -0.6790
vn -0.3073 0.7804 -0.5445
vn -0.2678 0.6401 -0.7201
vn -0.4975 0.5194 -0.6947
vn -0.1260 -0.4434 -0.8874
vn -0.5306 0.4764 -0.7010
vn -0.3378 0.5823 -0.7394
vn -0.7361 -0.3558 -0.5757
vn 0.5857 -0.5568 -0.5890
vn 0.4220 -0.0980 -0.9012
vn -0.1828 0.6636 -0.7254
vn 0.3096 0.7101 -0.6324
vn -0.2020 0.6894 -0.6956
vn 0.1681 0.4433 -0.8805
vn -0.2776 0.6637 -0.6946
vn -0.2653 0.2237 -0.9378
vn -0.5150 -0.1179 -0.8490
vn -0.2042 0.6667 -0.7168
vn -0.1175 0.7098 -0.6945
vn -0.1473 0.6814 -0.7169
vn -0.0765 0.6873 -0.7223
vn -0.1956 0.7007 -0.6861
vn 0.4410 -0.0799 -0.8939
vn 0.1055 0.4448 -0.8894
vn 0.0046 0.6907 -0.7231
vn 0.1180 0.6783 -0.7252
vn 0.2463 0.8235 -0.5110
vn -0.2080 0.7765 -0.5947
vn 0.1554 0.8216 -0.5483
vn 0.4931 0.0159 -0.8698
vn 0.1244 0.7101 -0.6930
vn 0.2258 0.6517 -0.7241
vn 0.1990 0.6938 -0.6921
vn -0.5226 0.1370 -0.8415
vn 0.2698 0.6659 -0.6955
vn 0.3289 0.6099 -0.7210
vn 0.3213 0.6424 -0.6958
vn -0.0314 0.4654 -0.8845
vn 0.3757 0.6102 -0.6974
vn 0.4064 0.5636 -0.7191
vn 0.3738 0.2442 -0.8947
vn -0.2309 0.4084 -0.8831
vn 0.4342 0.5724 -0.6956
vn 0.4620 0.5207 -0.7179
vn 0.5652 0.4539 -0.6888
vn 0.4964 0.5178 -0.6967
vn 0.5116 0.4703 -0.7191
vn 0.4151 -0.3662 -0.8328
vn 0.5647 0.4034 -0.7200
vn 0.5536 0.4581 -0.6954
vn 0.5963 0.4003 -0.6958
vn -0.0852 0.4924 -0.8662
vn 0.4700 0.1727 -0.8656
vn 0.3146 0.7277 -0.6095
vn -0.6860 0.4781 -0.5484
vn -0.4378 -0.1421 -0.8878
vn 0.6148 0.3221 -0.7199
vn -0.1599 -0.8226 -0.5457
vn 0.2212 -0.4267 -0.8769
vn -0.5890 -0.2385 -0.7721
vn 0.7613 -0.2098 -0.6135
vn 0.6219 0.5340 -0.5727
vn 0.3992 0.4983 -0.7696
vn 0.6692 0.0851 -0.7381
vn 0.8131 0.2411 -0.5298
vn 0.6417 0.3969 -0.6563
vn 0.3865 0.6391 -0.6650
vn 0.1892 0.5112 -0.8383
vn 0.0912 0.7281 -0.6794
vn 0.1664 -0.2228 -0.9605
vn -0.3252 -0.0667 -0.9432
vn -0.2213 -0.4154 -0.8823
vn 0.0791 0.6707 -0.7374
vn -0.0845 0.8220 -0.5631
vn 0.1820 -0.2262 -0.9569
vn -0.2969 0.7237 -0.6230
vn -0.4447 0.6087 -0.6570
vn -0.5365 0.5857 -0.6076
vn 0.2946 -0.1222 -0.9478
vn -0.2067 -0.1827 -0.9611
vn -0.0252 0.3529 -0.9353
vn 0.5000 -0.1660 -0.8499
vn -0.5902 0.1534 -0.7925
vn -0.0206 0.2627 -0.9646
vn 0.2159 0.4657 -0.8582
vn 0.1485 0.8219 -0.5499
vn -0.1953 0.5675 -0.7998
vn -0.2299 0.5527 -0.8010
vn -0.3793 0.4025 -0.8331
vn -0.4184 0.7187 -0.5553
vn -0.7089 0.5112 -0.4859
vn -0.4880 0.4633 -0.7397
vn -0.3267 0.5885 -0.7395
vn -0.6337 0.3867 -0.6699
vn -0.6201 0.2612 -0.7397
vn -0.4799 0.5523 -0.6816
vn 0.3970 -0.4952 -0.7727
vn -0.2934 0.6736 -0.6783
vn 0.5432 -0.3210 -0.7758
vn 0.1686 -0.5883 -0.7908
vn 0.4154 -0.6070 -0.6775
vn 0.4540 -0.5157 -0.7266
vn 0.5345 -0.4316 -0.7266
vn 0.6661 -0.3304 -0.6686
vn 0.0468 -0.7634 -0.6442
vn 0.1447 -0.6716 -0.7266
vn 0.3602 -0.5851 -0.7266
vn 0.2561 -0.6375 -0.7266
vn 0.6793 -0.0428 -0.7326
vn 0.7719 -0.0565 -0.6331
vn 0.6478 -0.2289 -0.7266
vn 0.5997 -0.3351 -0.7266
vn 0.8985 -0.2252 0.3768
vn 0.6772 -0.1160 -0.7266
vn 0.8617 -0.3321 0.3837
vn 0.8010 -0.4574 0.3860
vn 0.3210 -0.1472 0.9356
vn 0.3558 -0.0295 0.9340
vn 0.2660 -0.2392 0.9338
vn -0.7881 0.1972 0.5831
vn -0.6622 0.5009 0.5573
vn 0.7236 -0.5721 0.3860
vn 0.1888 -0.3033 0.9340
vn 0.6305 -0.6742 0.3844
vn -0.4068 0.6997 0.5873
vn -0.1765 0.5104 0.8416
vn -0.0994 0.7452 0.6593
vn -0.4299 0.4913 0.7575
vn -0.5610 0.2738 0.7812
vn -0.5534 0.4690 0.6883
vn -0.2779 -0.4581 0.8443
vn -0.6295 -0.1743 0.7572
vn 0.2779 -0.4581 0.8443
vn 0.0272 0.5925 0.8051
vn -0.4812 -0.7931 0.3733
vn 0.4812 -0.7931 0.3734
vn 0.8151 -0.3125 0.4877
vn 0.6296 -0.1745 0.7571
vn 0.6946 -0.0449 0.7179
vn 0.8673 0.0540 0.4949
vn 0.3294 -0.0517 0.9427
vn 0.5971 0.5110 0.6183
vn 0.5208 0.4984 0.6930
vn 0.4491 0.5251 0.7228
vn 0.4230 0.5871 0.6901
vn 0.5981 0.4024 0.6930
vn 0.3277 0.5784 0.7470
vn 0.5198 0.4512 0.7253
vn 0.5172 0.4957 0.6977
vn 0.5808 0.3760 0.7220
vn 0.5935 0.4012 0.6977
vn 0.5574 0.4501 0.6977
vn 0.6254 0.3494 0.6977
vn 0.6528 0.2951 0.6977
vn 0.6354 0.2872 0.7168
vn 0.6755 0.2387 0.6977
vn 0.6360 0.2715 0.7223
vn 0.6516 0.3164 0.6894
vn 0.6912 0.2112 0.6911
vn 0.6813 0.0553 0.7299
vn 0.7175 0.0746 0.6925
vn 0.7180 -0.0969 0.6892
vn 0.5894 -0.2644 0.7633
vn 0.6720 -0.2640 0.6918
vn 0.6646 -0.1647 0.7288
vn 0.6822 -0.0534 0.7291
vn 0.6283 -0.2695 0.7297
vn 0.6083 -0.3972 0.6871
vn 0.5723 -0.3778 0.7278
vn 0.6254 -0.3494 0.6977
vn 0.6528 -0.2951 0.6977
vn 0.4961 -0.4369 0.7503
vn 0.5249 -0.5018 0.6875
vn 0.4383 -0.6915 0.5742
vn 0.2178 -0.5995 0.7701
vn 0.5604 -0.4886 0.6688
vn 0.0696 -0.7238 0.6864
vn -0.1042 -0.5861 0.8035
vn 0.0756 -0.9149 0.3965
vn 0.4338 -0.5786 0.6907
vn 0.2069 -0.6911 0.6924
vn 0.3357 -0.6448 0.6867
vn 0.1794 -0.6594 0.7300
vn 0.2933 -0.6216 0.7263
vn 0.0559 -0.6859 0.7255
vn 0.2098 -0.6850 0.6977
vn 0.0910 -0.7106 0.6977
vn 0.1509 -0.7003 0.6977
vn 0.2042 -0.6667 0.7168
vn 0.2600 -0.6470 0.7168
vn 0.2671 -0.6648 0.6977
vn 0.1906 -0.7058 0.6822
vn 0.1469 -0.6816 0.7168
vn 0.1161 -0.7136 0.6908
vn 0.2829 -0.6701 0.6862
vn 0.2010 -0.6683 0.7161
vn 0.0864 -0.6840 0.7244
vn 0.3210 -0.6077 0.7264
vn 0.4215 0.1367 0.8965
vn 0.0110 -0.6975 0.7165
vn -0.0911 -0.4934 0.8650
vn -0.4703 -0.0428 0.8815
vn 0.2229 -0.6859 0.6926
vn 0.3004 -0.6525 0.6957
vn 0.3747 -0.6146 0.6941
vn -0.1539 0.4168 0.8959
vn 0.3685 -0.6178 -0.6946
vn 0.2997 -0.6527 -0.6958
vn 0.2229 -0.6859 -0.6926
vn -0.4079 0.0868 -0.9089
vn 0.1314 -0.7092 -0.6926
vn 0.1314 -0.7092 0.6926
vn 0.0284 -0.7233 -0.6898
vn 0.0284 -0.7233 0.6898
vn -0.0851 -0.7189 0.6898
vn -0.0851 -0.7189 -0.6898
vn 0.1038 0.4497 -0.8871
vn -0.1119 0.4664 0.8775
vn 0.4485 0.2224 0.8656
vn -0.1965 -0.6967 0.6898
vn -0.2990 -0.6572 0.6919
vn 0.4400 -0.3555 0.8246
vn -0.1965 -0.6967 -0.6898
vn 0.4470 -0.0823 -0.8907
vn -0.2922 -0.6590 -0.6930
vn -0.0869 -0.6904 -0.7181
vn -0.1580 -0.6730 -0.7225
vn -0.0383 -0.6972 -0.7158
vn 0.0003 -0.7016 -0.7125
vn -0.5267 0.1155 -0.8422
vn -0.2361 -0.6470 -0.7250
vn -0.3735 -0.6175 -0.6922
vn -0.0716 -0.4405 -0.8949
vn -0.1094 0.5088 -0.8539
vn -0.1692 0.4371 0.8833
vn -0.3281 -0.6085 -0.7225
vn -0.3272 -0.4311 -0.8409
vn -0.4936 -0.0825 0.8657
vn -0.2403 -0.6461 0.7244
vn -0.3404 -0.6007 0.7233
vn -0.1475 -0.5490 0.8227
vn 0.3824 -0.3708 0.8463
vn 0.2112 -0.5215 -0.8267
vn 0.5512 -0.0986 -0.8285
vn 0.4327 0.2333 0.8708
vn -0.4175 -0.5518 0.7219
vn 0.6677 0.6956 0.2650
vn 0.1674 0.3342 -0.9275
vn 0.5548 0.8212 -0.1333
vn 0.5791 0.6673 -0.4683
vn 0.7714 0.6340 -0.0548
vn -0.5158 0.1106 -0.8495
vn -0.2806 -0.3681 -0.8864
vn -0.3271 -0.2939 -0.8981
vn 0.4227 -0.3744 -0.8253
vn -0.0798 -0.5499 -0.8314
vn -0.5612 -0.4501 0.6945
vn -0.4884 -0.5287 0.6942
vn 0.0083 0.4887 0.8724
vn -0.5415 -0.4308 0.7219
vn -0.4901 -0.4958 0.7169
vn -0.5139 -0.2502 -0.8205
vn 0.3688 -0.8196 -0.4384
vn -0.5049 -0.7458 -0.4345
vn -0.8963 0.1203 -0.4269
vn -0.0214 0.0081 -0.9997
vn -0.2415 0.8701 -0.4297
vn 0.6351 0.6375 -0.4361
vn 0.8840 -0.1620 -0.4384
vn 0.4913 0.1777 -0.8526
vn 0.0318 0.5326 -0.8457
vn -0.4686 0.2788 -0.8382
vn 0.1419 0.6297 -0.7637
vn 0.3593 0.9331 -0.0140
vn 0.0569 0.9897 -0.1307
vn 0.0879 0.9958 0.0231
vn 0.2118 0.9769 -0.0274
vn 0.3220 0.9365 -0.1389
vn 0.2718 0.6660 -0.6946
vn 0.4422 0.8166 -0.3708
vn 0.3022 0.9530 -0.0208
vn 0.3315 0.6361 -0.6967
vn 0.3832 0.6052 -0.6977
vn 0.3236 0.6175 -0.7169
vn 0.3739 0.5871 -0.7179
vn 0.4200 0.5558 -0.7174
vn 0.7695 0.4882 0.4117
vn 0.8351 0.4383 0.3322
vn 0.4669 0.5183 -0.7165
vn 0.4349 0.5706 -0.6966
vn 0.4820 0.5333 -0.6951
vn 0.5084 0.4774 -0.7166
vn 0.5230 0.4940 -0.6945
vn 0.5466 0.4332 -0.7166
vn 0.5627 0.4449 -0.6967
vn 0.5962 0.3980 -0.6971
vn 0.5809 0.3859 -0.7166
vn 0.5809 0.3859 0.7166
vn 0.6111 0.3360 0.7166
vn 0.6111 0.3360 -0.7166
vn 0.6371 0.2836 0.7166
vn 0.6586 0.2293 0.7166
vn 0.6371 0.2836 -0.7166
vn 0.6586 0.2293 -0.7166
vn 0.6273 0.3449 -0.6982
vn 0.6543 0.2911 -0.6979
vn 0.8308 0.5171 -0.2059
vn 0.8605 0.4239 0.2826
vn 0.6765 0.2358 -0.6977
vn 0.6755 0.1734 -0.7166
vn 0.6876 0.1163 0.7166
vn 0.6755 0.1734 0.7166
vn 0.6876 0.1163 -0.7166
vn 0.6950 0.0584 -0.7166
vn 0.6950 0.0584 0.7166
vn 0.6974 0.0000 -0.7166
vn 0.6950 -0.0584 -0.7166
vn 0.6876 -0.1163 -0.7166
vn 0.5466 0.4332 0.7166
vn 0.3278 -0.4205 0.8460
vn -0.1952 -0.5256 0.8280
vn 0.5084 0.4774 0.7166
vn -0.4997 -0.0443 0.8650
vn 0.5439 -0.7313 0.4116
vn -0.6773 -0.6000 0.4258
vn -0.1208 0.4354 0.8921
vn -0.6037 0.6855 0.4068
vn 0.0188 0.0516 0.9985
vn 0.7420 0.5308 0.4095
vn 0.4277 0.1575 0.8900
vn -0.3685 -0.0515 0.9282
vn -0.4214 -0.0098 0.9068
vn -0.7056 -0.0037 0.7086
vn -0.9156 -0.1460 0.3747
vn -0.9430 -0.0370 0.3308
vn -0.9718 -0.0000 0.2359
vn -0.9761 -0.1268 0.1765
vn -0.9993 -0.0117 -0.0356
vn -0.9964 -0.0634 -0.0567
vn -0.9999 0.0071 0.0071
vn -0.7070 0.0000 0.7071
vn -0.7186 -0.0414 0.6942
vn -0.3477 -0.6243 0.6995
vn -0.7113 -0.1679 0.6825
vn -0.9969 0.0434 0.0653
vn -0.9774 -0.1079 0.1814
vn -0.9695 0.1918 0.1525
vn -0.9948 0.1018 0.0030
vn -0.9663 0.0192 -0.2565
vn 0.0813 0.7513 0.6549
vn -0.9792 0.1845 -0.0846
vn -0.9769 -0.1931 -0.0911
vn -0.9886 -0.0161 -0.1498
vn -0.8865 0.0440 -0.4606
vn -0.9217 0.1911 -0.3375
vn -0.9385 -0.0180 -0.3446
vn -0.9897 -0.0942 -0.1073
vn -0.8259 -0.0186 -0.5635
vn -0.9236 -0.0649 -0.3776
vn -0.9847 -0.1638 -0.0596
vn -0.9989 -0.0443 0.0132
vn -0.9584 -0.1549 -0.2398
vn -0.7496 -0.2810 -0.5993
vn -0.9245 -0.3158 -0.2132
vn -0.9737 -0.2241 -0.0419
vn -0.9050 -0.2223 0.3628
vn -0.9588 -0.2836 -0.0130
vn -0.3667 -0.1042 0.9244
vn -0.8836 -0.2778 0.3768
vn -0.8676 -0.3183 0.3818
vn -0.9355 -0.3475 -0.0629
vn -0.8478 -0.3495 0.3989
vn -0.9072 -0.4055 -0.1121
vn -0.8503 -0.3401 0.4016
vn -0.9283 -0.3222 -0.1856
vn -0.8741 -0.2749 0.4005
vn -0.9592 -0.2613 -0.1079
vn -0.8508 -0.4228 -0.3119
vn -0.5840 -0.4534 -0.6733
vn -0.2223 -0.3452 -0.9118
vn -0.3251 -0.1352 -0.9359
vn -0.1825 -0.5907 -0.7859
vn -0.0548 -0.1399 -0.9886
vn -0.0720 -0.0169 -0.9973
vn -0.2558 -0.0054 -0.9667
vn -0.0370 0.0458 -0.9983
vn -0.0906 0.0202 -0.9957
vn -0.2776 0.0406 -0.9598
vn -0.2115 0.0975 -0.9725
vn -0.6129 0.1808 -0.7692
vn -0.5072 0.0412 -0.8608
vn -0.4111 -0.0063 -0.9116
vn -0.5478 -0.0529 -0.8349
vn -0.5579 -0.0111 -0.8298
vn -0.7371 -0.1521 -0.6584
vn -0.7026 -0.0054 -0.7115
vn -0.6317 0.0234 -0.7748
vn -0.7924 0.0128 -0.6099
vn -0.8074 0.1482 -0.5710
vn -0.8583 0.3907 -0.3325
vn -0.7684 0.6000 -0.2225
vn -0.6966 0.4105 -0.5885
vn -0.8274 0.5526 -0.0998
vn -0.9219 0.3789 -0.0798
vn -0.7401 0.6698 -0.0608
vn -0.7241 0.6389 -0.2596
vn -0.8104 0.5111 -0.2863
vn -0.7842 0.6027 -0.1473
vn -0.7295 0.6813 -0.0608
vn -0.6754 0.7336 -0.0756
vn -0.6745 0.6641 -0.3225
vn -0.5414 0.6169 -0.5712
vn -0.6307 0.5572 -0.5401
vn -0.3691 0.3615 -0.8562
vn -0.4828 0.3958 -0.7812
vn -0.3461 0.2434 -0.9060
vn -0.1650 0.1727 -0.9710
vn -0.1221 0.2380 -0.9635
vn -0.2542 0.4340 -0.8643
vn -0.0300 0.0096 -0.9995
vn -0.0742 -0.4060 -0.9108
vn -0.1137 -0.3601 -0.9259
vn -0.0467 -0.3868 -0.9210
vn 0.4893 0.0592 -0.8701
vn 0.0763 0.4942 -0.8660
vn 0.8439 0.3473 -0.4088
vn -0.0796 0.9004 -0.4277
vn -0.4621 0.2861 -0.8394
vn 0.5119 -0.7519 -0.4152
vn 0.0402 -0.0173 -0.9990
vn -0.6287 -0.6522 -0.4235
vn -0.8476 0.3109 -0.4299
vn -0.4621 -0.2711 -0.8444
vn 0.1224 -0.4286 -0.8952
vn -0.8199 0.3833 -0.4251
vn -0.6913 0.0762 -0.7185
vn -0.7597 0.4628 -0.4567
vn -0.8815 0.4607 -0.1033
vn -0.7935 0.1607 -0.5868
vn -0.8400 0.5347 -0.0920
vn -0.9146 0.4035 -0.0246
vn -0.9544 0.2981 -0.0117
vn -0.9204 0.3904 -0.0185
vn -0.9153 0.4010 -0.0375
vn -0.8815 0.4450 -0.1575
vn -0.9324 0.3205 -0.1670
vn -0.7694 0.6328 -0.0870
vn -0.8585 0.2660 -0.4384
vn -0.6954 0.6367 -0.3331
vn -0.4375 0.8935 -0.1006
vn -0.6657 0.7336 -0.1364
vn -0.4486 0.7407 -0.5002
vn 0.0958 0.8703 -0.4831
vn 0.5267 0.8488 -0.0461
vn -0.4552 0.8326 -0.3155
vn -0.6367 0.5402 -0.5502
vn -0.6564 0.4294 -0.6203
vn -0.4949 0.8356 0.2382
vn -0.4319 -0.8613 0.2674
vn -0.4029 -0.8592 -0.3153
vn 0.5146 -0.7738 0.3693
vn 0.0701 -0.8342 0.5470
vn -0.1708 0.8050 0.5681
vn 0.3056 0.8271 0.4718
vn 0.4917 -0.8631 0.1150
vn 0.3163 -0.9379 0.1421
vn 0.1592 -0.9087 0.3858
vn 0.2057 -0.8779 -0.4324
vn 0.4685 -0.6824 0.5610
vn 0.4270 -0.8218 0.3772
vn 0.7413 -0.4840 0.4650
vn 0.8575 -0.4165 0.3020
vn 0.8195 -0.5692 0.0668
vn 0.7621 -0.0598 0.6447
vn 0.9368 -0.3292 0.1180
vn 0.6227 -0.7754 0.1045
vn 0.5635 -0.3758 0.7357
vn 0.9308 -0.0747 0.3577
vn 0.7562 0.2574 0.6016
vn 0.8595 -0.0211 0.5106
vn 0.9312 -0.0200 0.3639
vn 0.8480 -0.4546 0.2724
vn 0.9749 -0.0316 0.2204
vn 0.8901 0.3717 0.2635
vn 0.6290 -0.7765 0.0371
vn 0.9043 -0.3915 0.1700
vn 0.9824 -0.1816 0.0430
vn 0.6516 -0.7451 -0.1423
vn -0.3015 -0.9045 -0.3015
vn -0.3015 -0.9045 0.3015
vn 0.3892 -0.9015 0.1895
vn 0.9342 0.3559 -0.0255
vn 0.3331 -0.2346 0.9132
vn -0.2568 0.7738 0.5790
vn -0.7410 0.6715 0.0001
vn 0.7544 0.6535 0.0614
vn -0.2823 0.7827 -0.5546
vn 0.7188 0.5775 -0.3869
vn 0.7319 0.5177 0.4431
vn -0.6079 0.7609 0.2267
vn -0.7204 0.5353 0.4410
vn 0.5508 -0.0202 0.8343
vn -0.8944 0.3674 -0.2551
vn -0.9435 0.2826 -0.1730
vn -0.7404 0.2217 0.6345
vn -0.8960 0.3699 -0.2458
vn -0.7924 0.2931 -0.5348
vn -0.8488 0.2187 -0.4813
vn -0.9237 0.2564 -0.2847
vn -0.8911 0.3488 -0.2902
vn -0.9614 0.1956 -0.1933
vn -0.9451 0.1402 -0.2952
vn -0.9808 0.0194 -0.1941
vn -0.9945 0.0154 -0.1038
vn -0.9028 -0.4152 -0.1120
vn -0.8047 0.3337 0.4910
vn -0.8936 0.4259 -0.1415
vn -0.9142 -0.4044 0.0239
vn -0.7645 0.2366 -0.5996
vn 0.4583 -0.0935 -0.8838
vn -0.9872 0.0440 0.1529
vn 0.8606 0.4622 -0.2138
vn 0.8614 0.3213 0.3933
vn -0.5282 0.5546 -0.6429
vn 0.7129 -0.6951 -0.0929
vn 0.9537 0.2994 -0.0291
vn 0.9606 0.2630 -0.0894
vn 0.9492 -0.2520 -0.1882
vn 0.6923 -0.6947 -0.1953
vn 0.6535 -0.6938 -0.3026
vn 0.8702 0.3623 -0.3338
vn 0.9542 0.0347 -0.2971
vn 0.9048 0.0165 -0.4256
vn 0.4118 -0.8818 -0.2299
vn 0.4750 -0.8733 -0.1083
vn 0.5993 -0.6936 -0.3995
vn 0.8295 -0.1066 -0.5482
vn 0.7945 -0.0445 -0.6055
vn 0.3746 -0.8714 -0.3168
vn 0.5286 -0.6940 -0.4887
vn 0.5852 -0.7627 -0.2754
vn 0.4454 -0.6947 -0.5648
vn 0.2501 -0.8714 -0.4220
vn 0.8295 0.0408 -0.5570
vn 0.5810 0.3750 -0.7223
vn 0.8079 -0.0186 -0.5889
vn 0.7180 -0.2031 -0.6657
vn 0.6501 0.2477 -0.7183
vn 0.5694 -0.0195 -0.8218
vn 0.6082 -0.3350 -0.7196
vn 0.5058 -0.4017 -0.7634
vn 0.2211 -0.8938 -0.3901
vn 0.4050 -0.3992 -0.8226
vn 0.3683 -0.7971 -0.4785
vn 0.4592 -0.2037 -0.8646
vn 0.3780 0.2475 -0.8921
vn 0.3117 0.3763 -0.8725
vn 0.3164 -0.4906 -0.8119
vn 0.0931 -0.9231 -0.3731
vn 0.2590 -0.4425 -0.8585
vn 0.1566 -0.4434 -0.8825
vn 0.2668 -0.0187 -0.9636
vn 0.0979 -0.8714 -0.4808
vn 0.1490 -0.2041 -0.9675
vn 0.0637 0.2467 -0.9670
vn 0.0352 -0.0907 -0.9952
vn 0.0600 -0.2954 -0.9535
vn -0.0203 -0.9243 -0.3810
vn -0.0395 -0.4046 -0.9136
vn -0.0904 -0.3423 -0.9352
vn -0.0845 -0.6949 -0.7141
vn 0.0283 -0.6948 -0.7186
vn -0.1927 0.2412 -0.9511
vn -0.1342 -0.2775 -0.9513
vn -0.2140 -0.4431 -0.8705
vn -0.2110 0.4374 -0.8741
vn -0.2455 -0.4917 -0.8354
vn -0.3110 0.0190 -0.9502
vn -0.3413 -0.4042 -0.8486
vn -0.4211 -0.0793 -0.9035
vn -0.1419 -0.9264 -0.3487
vn -0.4076 -0.4703 -0.7827
vn -0.4525 -0.4936 -0.7427
vn -0.4631 0.3580 -0.8108
vn -0.2934 -0.8789 -0.3760
vn -0.4960 0.4106 -0.7651
vn -0.5459 -0.3779 -0.7478
vn -0.6059 -0.0182 -0.7953
vn -0.6040 -0.4419 -0.6632
vn -0.6807 -0.2028 -0.7039
vn -0.6330 -0.4671 -0.6174
vn -0.4594 -0.8305 -0.3150
vn -0.7242 -0.3325 -0.6041
vn -0.7317 0.2477 -0.6350
vn -0.7768 -0.4249 -0.4648
vn -0.8113 -0.5183 -0.2705
vn -0.9347 -0.1221 -0.3337
vn -0.1849 -0.9651 -0.1852
vn -0.3268 -0.9310 -0.1623
vn -0.3020 -0.7622 -0.5725
vn -0.8919 -0.4381 -0.1125
vn -0.9398 -0.3411 -0.0212
vn -0.7580 -0.0642 -0.6490
vn -0.6272 -0.7693 -0.1211
vn -0.5634 -0.3760 -0.7356
vn -0.7519 0.2642 -0.6040
vn -0.8922 -0.4151 -0.1779
vn -0.9703 -0.0310 -0.2399
vn -0.8435 -0.4591 -0.2789
vn -0.5745 0.1154 -0.8103
vn -0.9830 -0.1693 -0.0706
vn -0.7367 0.5855 -0.3383
vn 0.6874 0.7262 0.0083
vn -0.7655 0.6412 0.0535
vn 0.7471 0.6174 -0.2462
vn 0.7831 0.4877 -0.3859
vn 0.7354 0.4230 -0.5293
vn 0.7218 0.1949 -0.6641
vn 0.8883 0.4576 0.0385
vn 0.8492 -0.2622 -0.4583
vn -0.7351 -0.6562 -0.1702
vn -0.1887 -0.9417 -0.2785
vn -0.7985 -0.5530 -0.2379
vn -0.6067 -0.7683 -0.2039
vn -0.9255 -0.0741 -0.3713
vn -0.8672 -0.0711 -0.4929
vn -0.5030 -0.7577 -0.4157
vn -0.3545 -0.7864 -0.5058
vn -0.5028 -0.8486 0.1647
vn -0.6056 -0.0822 -0.7915
vn -0.7920 -0.1164 -0.5994
vn -0.6873 -0.0425 -0.7251
vn -0.4639 -0.7167 -0.5206
vn -0.0628 -0.8328 -0.5500
vn -0.5315 -0.7430 -0.4067
vn -0.2074 -0.7235 -0.6584
vn -0.4031 -0.6013 -0.6898
vn -0.2077 -0.9234 -0.3228
vn -0.4758 -0.8292 -0.2932
vn -0.6193 -0.7376 -0.2691
vn -0.5970 -0.7890 -0.1448
vn -0.2966 -0.9549 0.0109
vn -0.7934 -0.5835 -0.1729
vn -0.8233 -0.5643 -0.0607
vn -0.7871 -0.6041 0.1247
vn -0.5896 -0.7639 0.2621
vn -0.6509 -0.7325 0.1992
vn -0.9292 -0.1638 0.3312
vn -0.3305 -0.9372 0.1111
vn -0.3724 -0.8884 0.2684
vn -0.3931 -0.7364 0.5505
vn -0.5973 -0.7055 0.3815
vn -0.8968 -0.0323 0.4412
vn -0.7984 -0.1006 0.5936
vn -0.5146 -0.7705 0.3761
vn 0.4377 -0.8080 -0.3943
vn 0.5654 -0.8234 0.0472
vn 0.2526 -0.8449 0.4714
vn -0.3584 -0.8130 0.4588
vn -0.6910 -0.0500 0.7211
vn -0.5381 -0.5984 0.5935
vn -0.5080 -0.0543 0.8596
vn -0.3062 -0.6784 0.6678
vn -0.2842 -0.1210 0.9511
vn 0.2176 -0.7981 -0.5618
vn -0.5440 -0.7955 -0.2669
vn -0.2781 -0.9443 0.1759
vn -0.2176 -0.7981 -0.5618
vn -0.4452 -0.8706 -0.2093
vn -0.3340 -0.8688 0.3655
vn -0.4431 -0.8843 0.1474
vn -0.2441 -0.9248 0.2918
vn -0.4534 -0.8132 0.3649
vn -0.5507 -0.8099 0.2017
vn -0.1262 -0.8362 0.5336
vn -0.2417 -0.8567 0.4556
vn -0.4971 -0.4456 0.7445
vn -0.6214 -0.4380 0.6496
vn -0.5522 -0.4244 0.7176
vn -0.4868 0.2475 0.8377
vn -0.5638 -0.2029 0.8006
vn -0.4542 -0.3077 0.8360
vn -0.3009 -0.8714 0.3874
vn -0.6677 -0.0181 0.7442
vn -0.6676 0.3756 0.6428
vn -0.4114 -0.8714 0.2673
vn -0.7357 0.2460 0.6310
vn -0.7302 -0.2840 0.6214
vn -0.7952 -0.2047 0.5708
vn -0.8753 -0.0190 0.4831
vn -0.7535 -0.4490 0.4802
vn -0.8826 -0.3592 0.3034
vn -0.8942 -0.4436 0.0608
vn -0.8931 0.0404 0.4480
vn -0.5278 -0.6951 0.4880
vn -0.6528 -0.6951 0.3010
vn -0.5977 -0.6951 0.3994
vn -0.8958 0.2871 0.3393
vn -0.8878 -0.1802 0.4235
vn -0.8496 -0.0590 0.5240
vn -0.7536 0.3666 0.5455
vn -0.4307 -0.8723 0.2313
vn -0.3391 -0.8723 0.3521
vn -0.7511 0.2745 0.6004
vn -0.7135 -0.1885 0.6748
vn -0.6477 -0.0491 0.7603
vn -0.5501 0.3674 0.7499
vn -0.4450 -0.6951 0.5646
vn -0.3512 -0.6951 0.6273
vn -0.5324 0.2614 0.8051
vn -0.2155 -0.8723 0.4388
vn -0.4707 -0.1966 0.8601
vn -0.0840 -0.9243 0.3722
vn 0.1124 -0.9181 -0.3800
vn 0.1691 -0.9130 -0.3712
vn 0.2180 -0.9196 -0.3268
vn -0.3375 0.0361 0.9406
vn -0.3829 -0.0393 0.9229
vn -0.2488 -0.6951 0.6745
vn -0.2483 -0.3425 0.9061
vn -0.1341 -0.0983 0.9861
vn -0.1389 -0.6943 0.7062
vn -0.0891 0.0924 0.9917
vn -0.0287 -0.6929 0.7204
vn -0.1750 -0.8253 0.5369
vn 0.0065 -0.9278 0.3729
vn -0.4067 0.4192 0.8116
vn -0.1095 0.2542 0.9609
vn -0.3820 0.1360 0.9141
vn -0.2699 -0.1429 0.9522
vn -0.1627 0.3374 0.9272
vn 0.0237 -0.3855 0.9224
vn -0.1019 -0.4358 0.8942
vn 0.1406 0.0084 0.9900
vn 0.0012 -0.3942 0.9190
vn 0.0717 -0.4158 0.9066
vn 0.1271 -0.8714 0.4738
vn 0.1891 -0.0182 0.9818
vn 0.1707 -0.2921 0.9410
vn 0.2390 -0.4040 0.8830
vn 0.2968 -0.2030 0.9331
vn 0.3235 -0.2968 0.8985
vn 0.3738 0.2463 0.8942
vn 0.4143 -0.4039 0.8156
vn 0.4050 0.3747 0.8339
vn 0.5013 -0.0187 0.8651
vn 0.2752 -0.8711 0.4067
vn 0.4884 -0.6947 0.5280
vn 0.3976 -0.6934 0.6008
vn 0.2861 -0.9243 0.2525
vn 0.2974 -0.6959 0.6536
vn 0.6863 -0.0913 0.7215
vn 0.5872 -0.2037 0.7834
vn 0.6467 0.2466 0.7218
vn 0.3540 -0.7421 0.5691
vn 0.6287 0.2069 0.7496
vn 0.4299 0.0778 0.8995
vn 0.6454 0.2696 0.7147
vn 0.3719 -0.8726 0.3164
vn -0.3512 -0.9161 -0.1932
vn -0.3176 -0.9161 -0.2445
vn 0.4505 -0.8728 0.1877
vn -0.2664 -0.9188 -0.2912
vn 0.7828 0.3660 0.5032
vn 0.7154 -0.2311 0.6593
vn 0.8054 0.0047 0.5927
vn 0.5647 -0.6949 0.4451
vn 0.8556 0.1856 0.4831
vn 0.6275 -0.6949 0.3513
vn 0.8822 -0.2383 0.4061
vn 0.6712 -0.6961 0.2548
vn 0.8984 0.3681 0.2397
vn 0.9484 0.0147 0.3167
vn 0.6994 -0.6945 0.1686
vn 0.7089 -0.6995 0.0902
vn 0.9653 0.1708 0.1975
vn 0.4754 -0.8791 0.0318
vn 0.9639 -0.2446 0.1049
vn -0.3903 -0.9180 -0.0704
vn -0.3914 -0.9201 0.0110
vn -0.8993 -0.4019 0.1724
vn -0.3811 -0.9196 0.0948
vn -0.3460 -0.9211 0.1785
vn -0.8588 -0.4150 0.3005
vn -0.8187 -0.3903 0.4212
vn -0.8951 0.1353 0.4248
vn -0.9382 0.1040 0.3301
vn -0.9552 0.1846 0.2313
vn -0.8831 0.3351 0.3283
vn -0.8557 0.3307 0.3979
vn -0.8881 0.3701 0.2725
vn -0.9124 0.1966 0.3591
vn -0.9321 0.2987 0.2048
vn -0.8368 0.4271 0.3426
vn -0.9608 0.1857 0.2056
vn -0.9104 0.4070 0.0737
vn -0.7445 0.4046 -0.5310
vn -0.6886 0.6172 -0.3807
vn -0.5924 0.7756 -0.2181
vn -0.4613 0.2035 0.8636
vn 0.5523 0.3012 -0.7773
vn 0.5776 -0.4462 -0.6835
vn 0.7663 0.0419 -0.6411
vn 0.6566 -0.5109 0.5548
vn 0.5623 -0.5855 -0.5839
vn -0.7179 0.2250 -0.6587
vn 0.9706 -0.2194 -0.0991
vn 0.8426 -0.4065 -0.3532
vn 0.5934 -0.8008 -0.0805
vn 0.9094 -0.3629 -0.2032
vn 0.8914 -0.0206 -0.4528
vn 0.4487 -0.8333 -0.3228
vn 0.7862 -0.3601 -0.5022
vn 0.6617 -0.5014 -0.5574
vn 0.6253 -0.4922 -0.6056
vn 0.2889 -0.9447 -0.1547
vn 0.3408 -0.8864 -0.3132
vn 0.5266 -0.7756 -0.3478
vn 0.4288 -0.7704 -0.4718
vn 0.4140 -0.8421 0.3456
vn 0.5294 -0.8224 -0.2081
vn 0.3169 -0.7718 -0.5513
vn -0.1004 -0.8532 0.5118
vn -0.2393 0.8618 0.4471
vn 0.5895 0.8073 -0.0284
vn 0.3253 0.8478 0.4189
vn 0.0692 0.7254 0.6849
vn 0.3096 0.5706 0.7606
vn 0.0907 0.6679 0.7387
vn 0.2689 0.6957 0.6660
vn 0.2904 0.8214 0.4908
vn 0.0953 0.8002 -0.5921
vn 0.2166 0.2228 -0.9505
vn 0.3349 0.5763 0.7454
vn 0.5398 0.8109 -0.2257
vn 0.3994 0.7951 -0.4564
vn 0.4345 0.4758 -0.7647
vn 0.7114 0.2222 0.6667
vn 0.5443 0.5202 0.6581
vn 0.8572 0.4965 0.1367
vn 0.8325 0.5512 -0.0559
vn 0.7137 0.2033 0.6703
vn 0.6408 0.2387 0.7296
vn -0.0199 -0.7073 0.7067
vn 0.6617 0.1424 0.7361
vn 0.6750 0.1194 0.7280
vn 0.6961 0.0307 0.7173
vn 0.9962 -0.0781 -0.0389
vn 0.6650 -0.1025 0.7398
vn 0.4837 0.3764 0.7902
vn -0.2040 -0.5174 0.8310
vn 0.4627 -0.3959 0.7931
vn -0.5335 -0.0949 0.8404
vn -0.8918 0.1435 0.4291
vn -0.3033 0.4257 0.8525
vn -0.3734 -0.8310 0.4123
vn 0.3149 -0.4562 0.8323
vn 0.7251 -0.5402 0.4271
vn -0.0067 -0.0321 0.9995
vn 0.7492 0.5076 0.4254
vn -0.1758 0.8853 0.4305
vn 0.2776 0.4527 0.8473
vn -0.0978 -0.7108 0.6965
vn 0.5729 -0.0054 0.8196
vn -0.4148 -0.9009 0.1274
vn -0.4663 -0.6909 0.5524
vn -0.5583 -0.8205 0.1227
vn -0.6381 0.1046 0.7628
vn -0.7247 -0.3308 0.6044
vn -0.5061 0.0288 0.8620
vn -0.5425 0.2854 0.7901
vn -0.6851 0.0896 0.7229
vn -0.6498 0.2997 0.6985
vn -0.6429 0.3158 0.6978
vn -0.7069 0.0859 0.7021
vn -0.7308 0.2676 0.6280
vn -0.7516 0.3181 0.5777
vn -0.7560 0.1364 0.6402
vn -0.6434 0.1156 0.7567
vn -0.5459 0.2627 0.7956
vn -0.6578 -0.3878 0.6456
vn -0.7429 -0.4101 0.5291
vn -0.8404 0.1375 0.5242
vn -0.8047 0.3373 0.4886
vn -0.7997 0.2792 0.5315
vn -0.8697 0.0409 0.4919
vn -0.8219 0.0274 0.5689
vn -0.9012 0.0967 0.4224
vn -0.9270 0.1028 0.3608
vn -0.8220 -0.1559 0.5477
vn -0.9363 0.3016 0.1800
vn -0.8816 0.4706 0.0351
vn -0.9104 0.4126 0.0299
vn -0.8934 0.4485 -0.0233
vn -0.9087 -0.4128 -0.0618
vn 0.7346 -0.6540 0.1805
vn 0.7331 -0.6563 -0.1781
vn -0.8533 -0.2624 0.4505
vn -0.8273 -0.2028 -0.5238
vn 0.1571 -0.8999 -0.4068
vn 0.5911 -0.7790 -0.2090
vn 0.5336 -0.8087 -0.2474
vn 0.9805 -0.1580 -0.1166
vn 0.9395 -0.1135 -0.3233
vn 0.6875 -0.7078 -0.1621
vn 0.8237 -0.1193 -0.5543
vn 0.7394 -0.5165 -0.4318
vn 0.6449 -0.7237 -0.2459
vn 0.4453 -0.7605 -0.4726
vn 0.4907 -0.7687 -0.4102
vn 0.3976 -0.9098 -0.1190
vn 0.7881 0.4282 -0.4421
vn 0.7759 0.0766 -0.6261
vn 0.9039 0.1765 -0.3897
vn 0.6518 0.1769 -0.7375
vn 0.1981 -0.9190 -0.3409
vn 0.6135 0.3616 -0.7020
vn 0.5394 -0.2817 -0.7935
vn 0.3842 0.0404 -0.9223
vn 0.2597 -0.3030 -0.9169
vn 0.0826 -0.9191 -0.3853
vn 0.2280 -0.5782 -0.7833
vn -0.1108 -0.8313 -0.5447
vn 0.0743 0.1914 -0.9787
vn -0.2872 0.2391 -0.9275
vn 0.0081 -0.0223 -0.9997
vn -0.0818 -0.0136 -0.9966
vn -0.1168 0.8381 -0.5329
vn -0.2733 0.3359 -0.9014
vn -0.2999 0.8118 0.5010
vn -0.1235 0.7282 0.6741
vn 0.2117 0.8160 0.5379
vn 0.0000 1.0000 0.0000
vn 0.5643 0.8051 0.1827
vn -0.5210 0.8493 -0.0849
vn -0.1682 0.8290 -0.5332
vn 0.1817 0.8316 0.5247
vn -0.3479 0.8183 0.4574
vn -0.5329 0.8431 -0.0717
vn 0.4448 0.8950 0.0329
vn 0.0248 0.8732 0.4868
vn 0.0000 0.7071 0.7071
vn 0.4852 0.8249 0.2897
vn 0.1003 0.8055 0.5841
vn 0.3540 0.8155 -0.4578
vn 0.1174 -0.8075 -0.5780
vn -0.3959 -0.8272 -0.3986
vn 0.5597 0.8047 0.1979
vn 0.5306 0.8163 -0.2283
vn 0.3946 -0.8390 -0.3746
vn 0.4536 -0.8608 0.2304
vn -0.5276 -0.8370 0.1451
vn -0.0101 -0.8182 0.5748
vn 0.0829 -0.8240 -0.5605
vn 0.3485 -0.1386 -0.9270
vn 0.0589 -0.8021 -0.5943
vn 0.1284 -0.3303 -0.9351
vn 0.5542 -0.2058 -0.8065
vn 0.3152 -0.7075 -0.6325
vn 0.1835 -0.4447 -0.8766
vn 0.0288 -0.7068 -0.7068
vn 0.0224 -0.1219 -0.9923
vn 0.2134 0.2776 -0.9367
vn -0.0883 -0.2210 -0.9713
vn -0.0990 -0.7700 -0.6303
vn -0.2622 -0.1038 -0.9594
vn -0.3181 -0.4859 -0.8140
vn 0.4148 -0.9098 0.0162
vn -0.2464 -0.8779 0.4105
vn -0.3416 0.8563 0.3874
vn -0.4449 0.8675 -0.2225
vn 0.0656 0.8389 -0.5402
vn -0.3827 -0.8290 -0.4078
vn -0.0524 0.6776 0.7335
vn 0.1980 -0.0830 0.9767
vn 0.0479 0.3192 0.9464
vn -0.2335 0.5983 0.7664
vn -0.4187 0.8505 -0.3183
vn -0.0015 0.6996 0.7145
vn 0.1112 0.4614 0.8802
vn 0.1733 0.8123 -0.5569
vn -0.3035 0.8128 -0.4972
vn 0.3914 0.1225 0.9120
vn 0.3326 0.4926 0.8041
vn 0.1437 0.8257 0.5454
vn 0.0226 0.9893 0.1436
vn 0.0636 0.8484 0.5254
vn 0.1045 0.3980 0.9114
vn 0.2800 0.4033 0.8712
vn -0.1043 0.4034 0.9090
vn 0.0131 0.1971 0.9803
vn 0.1095 0.0152 0.9939
vn -0.0278 0.7219 0.6914
vn 0.2001 0.1834 0.9624
vn -0.1476 0.7178 0.6803
vn -0.0339 0.9698 0.2414
vn -0.0807 0.5797 0.8108
vn -0.1607 0.8815 0.4440
vn -0.3422 0.3960 0.8521
vn -0.2077 0.0839 0.9746
vn -0.4380 0.0653 0.8966
vn -0.4015 0.1826 0.8975
vn -0.3341 0.0150 0.9424
vn -0.3060 0.3666 0.8786
vn -0.2421 0.1537 0.9580
vn -0.2179 0.1846 0.9583
vn -0.1110 0.1086 0.9879
vn -0.1191 0.1585 0.9801
vn -0.2814 0.3564 0.8909
vn -0.3838 0.2735 0.8820
vn -0.2313 0.1850 0.9551
vn -0.4146 0.3759 0.8287
vn -0.1502 0.3576 0.9217
vn -0.0458 0.3128 0.9487
vn 0.0184 0.3251 0.9455
vn -0.1255 0.1647 0.9783
vn -0.2347 -0.3965 0.8875
vn 0.0393 0.1542 0.9872
vn -0.0335 -0.3869 0.9215
vn -0.1378 -0.3771 0.9158
vn -0.0680 -0.9196 0.3869
vn 0.0915 -0.4060 0.9092
vn 0.0056 -0.9188 0.3946
vn 0.0566 -0.8723 -0.4857
vn -0.1286 -0.9227 0.3634
vn 0.1298 -0.9243 -0.3589
vn 0.2699 -0.8722 -0.4078
vn 0.4522 0.0689 -0.8892
vn 0.3819 -0.2771 -0.8817
vn 0.2613 -0.1927 -0.9458
vn 0.2490 -0.6948 -0.6747
vn 0.2329 0.3624 -0.9024
vn 0.3515 -0.6947 -0.6275
vn 0.1404 -0.6948 -0.7053
vn 0.5028 -0.1400 -0.8530
vn 0.5929 -0.1055 -0.7983
vn 0.6116 0.3757 -0.6962
vn 0.6618 -0.2114 -0.7192
vn 0.2640 -0.9342 -0.2399
vn -0.2660 -0.9130 0.3094
vn -0.3066 -0.9169 0.2554
vn -0.5538 -0.3802 0.7408
vn -0.2133 -0.9128 0.3481
vn -0.4286 -0.4031 0.8085
vn -0.4267 0.0909 0.8998
vn -0.5092 0.1182 0.8525
vn -0.3475 -0.4050 0.8457
vn -0.3156 0.1326 0.9396
vn 0.1684 -0.1192 -0.9785
vn 0.0633 -0.1262 -0.9900
vn -0.0171 0.3544 -0.9349
vn -0.0558 0.3528 -0.9340
vn -0.1402 -0.1283 -0.9818
vn -0.2445 -0.1168 -0.9626
vn -0.1952 -0.6949 -0.6921
vn 0.0795 -0.9196 0.3848
vn 0.3099 -0.4061 0.8596
vn 0.2129 -0.3877 0.8968
vn 0.1540 0.0974 0.9832
vn 0.2707 0.1070 0.9567
vn 0.3552 0.1353 0.9249
vn 0.2182 0.2942 0.9305
vn 0.4503 0.1314 0.8831
vn 0.3455 0.3383 0.8753
vn 0.4507 0.3409 0.8249
vn 0.3469 0.3446 0.8723
vn 0.4580 0.3002 0.8367
vn 0.5590 0.3561 0.7488
vn 0.5756 0.2675 0.7727
vn 0.6778 0.2801 0.6797
vn 0.6624 0.3774 0.6471
vn 0.7383 0.3627 0.5687
vn 0.7976 0.1537 0.5832
vn 0.8019 0.3088 0.5113
vn 0.7577 0.0350 0.6516
vn 0.6660 0.0496 0.7443
vn 0.8043 -0.2006 0.5593
vn 0.4722 -0.6889 0.5499
vn 0.3940 -0.9122 0.1125
vn 0.8418 -0.5116 0.1720
vn 0.9676 -0.2308 0.1025
vn 0.6288 -0.3918 0.6716
vn 0.4107 -0.5851 0.6993
vn 0.0992 -0.7081 0.6991
vn -0.2388 0.4312 0.8701
vn -0.4595 -0.1119 0.8811
vn 0.7180 -0.0404 0.6948
vn 0.7109 -0.1698 0.6825
vn -0.0399 -0.5233 0.8512
vn -0.8057 -0.4294 0.4079
vn 0.2138 -0.8822 0.4195
vn -0.0075 -0.0261 0.9996
vn -0.6820 0.6030 0.4137
vn 0.9027 0.0061 0.4302
vn 0.3291 0.8434 0.4245
vn 0.4581 -0.2448 0.8545
vn 0.3497 0.3278 0.8776
vn -0.4679 0.4295 0.7724
vn -0.6285 0.2107 0.7487
vn -0.6350 0.3980 0.6621
vn -0.3984 0.6340 0.6628
vn -0.7240 0.1354 0.6763
vn -0.3496 0.5898 0.7280
vn -0.8860 0.4471 0.1225
vn -0.7710 0.6294 -0.0973
vn -0.5096 0.8257 -0.2418
vn -0.6336 0.5561 -0.5379
vn -0.4014 0.8394 -0.3663
vn -0.8198 0.4991 -0.2808
vn -0.5132 0.4473 -0.7325
vn -0.7560 0.3592 -0.5472
vn -0.7350 0.0941 -0.6715
vn -0.3995 0.2179 -0.8904
vn -0.6506 0.2185 -0.7273
vn -0.8896 0.0914 -0.4475
vn -0.9434 0.0771 -0.3225
vn -0.9969 0.0367 -0.0700
vn -0.9922 -0.0027 -0.1244
vn -0.9268 -0.3698 0.0649
vn -0.3987 -0.9161 0.0421
vn -0.9609 -0.1838 0.2068
vn -0.8958 -0.1375 0.4226
vn -0.9576 -0.1351 0.2543
vn -0.9878 -0.1209 0.0984
vn -0.9173 -0.1870 0.3514
vn -0.8493 0.2680 0.4547
vn -0.7505 -0.2550 0.6097
vn -0.8433 -0.0823 0.5311
vn -0.6383 0.3540 0.6835
vn -0.8642 -0.3142 0.3928
vn -0.8240 -0.5394 0.1732
vn -0.9010 -0.4118 0.1361
vn -0.9434 -0.3057 0.1281
vn -0.7800 -0.6218 0.0702
vn -0.7783 -0.6267 0.0389
vn -0.7374 -0.6719 0.0687
vn -0.6190 -0.7766 0.1172
vn -0.6903 -0.6556 0.3060
vn -0.7661 -0.6118 0.1968
vn -0.3710 -0.8781 0.3022
vn -0.7652 -0.6095 0.2072
vn -0.7342 -0.5612 0.3821
vn -0.6859 -0.4803 0.5467
vn -0.9232 -0.2364 0.3030
vn -0.7218 -0.3097 0.6189
vn -0.8936 -0.1177 0.4332
vn -0.9989 -0.0041 0.0456
vn -0.9641 0.2478 -0.0950
vn -0.9813 0.1907 -0.0252
vn -0.9987 0.0496 -0.0051
vn -0.9915 -0.0209 0.1285
vn -0.8645 -0.0454 0.5005
vn -0.9568 -0.0948 0.2748
vn -0.9967 -0.0454 0.0668
vn -0.8910 -0.2082 0.4035
vn -0.9669 -0.1625 0.1968
vn -0.9983 -0.0463 0.0356
vn -0.7507 -0.4475 0.4859
vn -0.9615 -0.2041 0.1841
vn -0.8812 -0.1402 0.4515
vn -0.7379 -0.4861 0.4681
vn -0.4405 -0.6293 0.6402
vn -0.3313 -0.6280 0.7042
vn -0.6503 -0.2799 0.7062
vn -0.2395 -0.4859 0.8405
vn -0.5534 -0.1751 0.8142
vn 0.0166 -0.5624 0.8267
vn -0.2803 -0.0451 0.9588
vn -0.6511 0.5809 0.4885
vn -0.2448 0.6630 0.7074
vn -0.1204 -0.0405 0.9919
vn -0.0577 0.6964 0.7153
vn 0.0448 0.6954 0.7172
vn -0.2253 0.9741 -0.0186
vn -0.0096 0.9999 -0.0112
vn -0.1210 0.9924 -0.0202
vn -0.0573 0.8184 -0.5718
vn -0.1515 0.9812 -0.1194
vn -0.2721 0.8981 -0.3456
vn -0.3715 0.8997 0.2290
vn -0.3352 0.9419 -0.0214
vn -0.2983 0.6527 -0.6964
vn -0.4214 0.9038 0.0749
vn -0.3582 0.6201 -0.6979
vn -0.5223 0.7938 -0.3116
vn -0.4107 0.5885 -0.6963
vn -0.3458 0.6040 -0.7180
vn -0.3990 0.5717 -0.7168
vn -0.4566 0.5533 -0.6967
vn -0.7678 0.4915 0.4109
vn -0.8310 0.4683 0.3002
vn -0.4469 0.5358 -0.7163
vn -0.8851 0.4550 0.0976
vn -0.4891 0.4977 -0.7162
vn -0.5048 0.5125 -0.6945
vn -0.5433 0.4707 -0.6951
vn -0.5279 0.4557 -0.7166
vn -0.5796 0.4229 -0.6966
vn -0.8285 0.5596 0.0153
vn -0.3068 0.6267 -0.7163
vn 0.1040 0.9945 -0.0103
vn 0.1552 0.6865 0.7103
vn 0.4274 0.6600 0.6178
vn 0.5359 -0.1990 0.8205
vn 0.2670 -0.1066 0.9578
vn 0.6596 0.5976 0.4558
vn 0.2769 0.6420 -0.7149
vn 0.3065 -0.5588 0.7706
vn 0.6659 -0.2484 0.7035
vn 0.5552 -0.5597 0.6152
vn 0.7964 -0.2582 0.5468
vn 0.9092 -0.3180 0.2687
vn 0.9552 -0.2129 0.2053
vn 0.9973 0.0577 -0.0445
vn 0.9866 -0.0401 0.1578
vn 0.7929 0.5726 -0.2083
vn 0.6528 0.1554 -0.7414
vn 0.9791 0.0274 -0.2015
vn 0.6554 0.1105 0.7471
vn 0.9928 -0.0566 0.1054
vn 0.5860 0.4699 -0.6601
vn 0.5070 0.8355 -0.2118
vn 0.3283 0.6070 0.7237
vn -0.2510 -0.1829 0.9506
vn 0.6016 0.4839 0.6355
vn 0.8889 0.4040 -0.2156
vn 0.7241 0.0422 0.6883
vn -0.0340 0.3241 0.9454
vn -0.1647 -0.2626 0.9507
vn 0.7156 -0.2664 0.6456
vn 0.9591 0.0139 -0.2825
vn 0.8871 -0.2932 -0.3564
vn 0.6814 0.0255 -0.7315
vn 0.4248 -0.5136 -0.7454
vn -0.0670 0.2049 -0.9765
vn 0.0478 -0.1323 -0.9901
vn 0.0683 -0.4321 -0.8992
vn -0.1151 0.2939 0.9489
vn 0.2616 0.2666 -0.9276
vn 0.5582 0.0423 -0.8286
vn 0.5071 -0.2372 -0.8285
vn 0.1629 0.3613 -0.9181
vn 0.3270 -0.0291 0.9445
vn 0.5531 -0.1816 -0.8130
vn 0.2758 -0.1074 0.9552
vn 0.0276 0.0152 -0.9995
vn 0.4354 -0.8130 -0.3867
vn 0.9030 -0.4073 -0.1362
vn 0.9114 -0.0027 -0.4115
vn 0.3944 -0.6174 0.6806
vn 0.6276 -0.7437 -0.2304
vn 0.4761 0.5141 0.7134
vn 0.7089 0.3241 0.6264
vn 0.8967 0.4402 0.0464
vn 0.8765 0.4527 0.1639
vn 0.8341 -0.2813 0.4744
vn -0.1448 -0.4666 0.8725
vn -0.2960 -0.2294 0.9272
vn -0.5640 -0.3916 0.7270
vn -0.7085 -0.2194 0.6707
vn -0.5202 -0.0702 0.8511
vn -0.1186 -0.0763 0.9900
vn -0.3025 -0.1782 0.9363
vn -0.6451 -0.1839 0.7416
vn -0.5006 -0.3633 0.7858
vn -0.6889 0.0493 0.7231
vn -0.6536 0.1812 0.7348
vn -0.7096 0.1946 0.6771
vn -0.9116 0.4094 -0.0362
vn 0.5817 0.0674 0.8106
vn 0.4974 0.0782 0.8640
vn 0.3669 0.1192 0.9226
vn 0.3435 0.0418 0.9382
vn 0.2249 0.1137 0.9677
vn 0.2269 0.3304 0.9161
vn 0.1039 0.3249 0.9400
vn 0.0650 0.3496 0.9346
vn 0.1156 0.1306 0.9846
vn -0.0268 0.1067 0.9939
vn -0.5584 -0.8278 -0.0538
vn -0.1967 -0.8523 -0.4846
vn -0.5517 0.8323 -0.0542
vn -0.0158 -0.9638 -0.2661
vn 0.3725 -0.8086 -0.4553
vn 0.7873 0.6126 0.0696
vn 0.5398 0.8086 -0.2337
vn -0.5060 0.8317 0.2283
vn -0.3523 -0.8524 0.3863
vn -0.5307 -0.8347 -0.1471
vn -0.0976 -0.8682 -0.4864
vn 0.1191 0.8645 -0.4883
vn 0.4361 -0.8749 -0.2106
vn -0.1757 -0.8282 -0.5322
vn 0.2543 -0.8844 0.3913
vn -0.4589 -0.8193 0.3436
vn -0.5611 -0.8159 -0.1395
vn -0.2476 0.8179 -0.5193
vn 0.2174 0.7986 -0.5612
vn 0.2723 -0.8115 0.5169
vn -0.2695 -0.8618 0.4296
vn -0.3370 0.8364 0.4322
vn 0.5189 0.8063 -0.2837
vn 0.1672 -0.8415 -0.5137
vn 0.5729 -0.8083 -0.1353
vn -0.1015 -0.7867 -0.6088
vn 0.0323 -0.8499 -0.5260
vn 0.7104 -0.1859 -0.6787
vn 0.6636 0.5864 -0.4644
vn 0.9839 0.0382 -0.1744
vn 0.6339 -0.7719 0.0475
vn 0.9536 0.1279 0.2727
vn 0.7685 -0.6390 0.0323
vn 0.9768 -0.1127 0.1819
vn 0.9381 -0.1301 0.3208
vn 0.6080 -0.7725 0.1830
vn 0.5551 -0.7909 0.2576
vn 0.8572 -0.1110 0.5029
vn -0.9037 0.4232 -0.0654
vn -0.9357 0.1899 -0.2972
vn -0.8662 0.0643 -0.4955
vn -0.9230 0.1001 -0.3716
vn -0.8745 0.2788 -0.3969
vn -0.8444 0.1678 -0.5088
vn -0.7794 0.3562 -0.5153
vn -0.8609 0.3176 -0.3974
vn -0.8396 0.1567 -0.5201
vn -0.9056 0.1063 -0.4106
vn -0.7779 0.1539 -0.6091
vn -0.8234 -0.3801 -0.4214
vn -0.7533 -0.3769 -0.5389
vn -0.8706 -0.3814 -0.3109
vn -0.3698 -0.9189 -0.1370
vn -0.8932 -0.3903 -0.2230
vn -0.6601 -0.3890 -0.6425
vn -0.5479 -0.4169 -0.7253
vn -0.6910 0.1347 -0.7101
vn -0.6181 0.1149 -0.7776
vn -0.2038 -0.9187 -0.3382
vn -0.4316 -0.3958 -0.8106
vn -0.5336 0.0930 -0.8406
vn -0.5841 0.3361 -0.7387
vn -0.4975 0.2883 -0.8181
vn -0.4086 0.1384 -0.9022
vn -0.3339 0.1227 -0.9346
vn -0.3486 -0.4033 -0.8461
vn -0.2060 0.1569 -0.9659
vn -0.2387 -0.3864 -0.8909
vn -0.0678 -0.9196 -0.3869
vn -0.1325 -0.3826 -0.9143
vn -0.1266 -0.9180 -0.3759
vn -0.0031 -0.9161 -0.4008
vn -0.0335 -0.3811 -0.9239
vn 0.1441 -0.8724 0.4671
vn 0.0005 -0.9109 0.4125
vn 0.1525 0.3528 0.9232
vn 0.2320 -0.0329 0.9721
vn 0.3334 -0.2019 0.9209
vn 0.3985 0.2558 0.8807
vn 0.1951 -0.6951 0.6919
vn 0.0837 -0.6940 0.7151
vn 0.0792 -0.0671 0.9946
vn 0.0516 -0.9183 -0.3924
vn 0.0950 -0.3759 -0.9218
vn 0.2044 -0.3813 -0.9015
vn 0.0298 0.1055 -0.9940
vn 0.1434 0.1821 -0.9727
vn 0.3054 0.1482 -0.9406
vn 0.3192 -0.3804 -0.8680
vn 0.4346 0.1650 -0.8853
vn 0.5185 0.1931 -0.8330
vn 0.4331 -0.3828 -0.8159
vn 0.5305 -0.3808 -0.7573
vn 0.6017 -0.4173 -0.6810
vn 0.6260 0.1435 -0.7665
vn 0.7356 0.1342 -0.6639
vn 0.6967 -0.4176 -0.5832
vn 0.2755 -0.9247 -0.2626
vn 0.3492 -0.9137 -0.2080
vn 0.7582 -0.4005 -0.5145
vn 0.7886 0.1751 -0.5894
vn 0.8666 0.1405 -0.4788
vn 0.8325 -0.3867 -0.3968
vn 0.9293 0.1330 -0.3445
vn 0.8769 -0.3871 -0.2848
vn 0.3688 -0.9181 -0.1450
vn 0.3819 -0.9198 -0.0904
vn 0.3956 -0.9180 -0.0271
vn 0.9210 -0.3764 -0.0999
vn 0.9066 -0.3779 -0.1875
vn 0.9234 -0.3833 0.0181
vn 0.9857 0.1633 -0.0408
vn 0.9671 0.1249 -0.2217
vn 0.9874 0.1502 0.0489
vn 0.9216 0.3336 -0.1983
vn 0.9015 0.3254 -0.2853
vn 0.9449 0.3197 -0.0710
vn 0.9284 0.3344 -0.1619
vn 0.9391 0.3436 -0.0053
vn 0.9375 0.2243 -0.2661
vn 0.8741 0.1898 -0.4471
vn 0.8654 0.3117 -0.3922
vn 0.7997 0.3415 -0.4937
vn 0.8195 0.1461 -0.5541
vn 0.8198 0.0294 -0.5719
vn 0.7172 0.1267 -0.6852
vn 0.7313 0.3557 -0.5819
vn 0.7840 0.3492 -0.5132
vn 0.6612 0.3213 -0.6779
vn 0.6672 0.3039 -0.6801
vn -0.0776 0.1302 -0.9884
vn -0.6505 0.3777 -0.6589
vn -0.5894 0.3445 -0.7307
vn -0.6983 0.3386 -0.6306
vn -0.7512 0.3277 -0.5730
vn -0.7812 0.1157 -0.6134
vn -0.6839 0.1612 -0.7115
vn -0.7776 0.0926 -0.6218
vn -0.6706 0.1476 -0.7269
vn -0.7194 0.3370 -0.6073
vn -0.6016 0.2815 -0.7475
vn -0.6423 0.0071 -0.7664
vn -0.5711 0.0846 -0.8165
vn -0.5996 0.0992 -0.7941
vn -0.5921 0.5945 -0.5441
vn -0.3128 0.9155 -0.2530
vn -0.8965 -0.4223 0.1338
vn -0.6841 -0.7280 0.0440
vn -0.6242 -0.3960 0.6734
vn 0.5362 0.3557 0.7655
vn 0.8678 -0.4114 -0.2786
vn 0.9416 -0.0898 -0.3245
vn 0.6854 -0.7151 -0.1370
vn 0.9619 -0.0378 -0.2705
vn 0.9873 -0.0355 -0.1546
vn -0.9829 -0.0534 0.1758
vn 0.5717 -0.4775 0.6672
vn 0.5380 -0.2708 0.7982
vn 0.6681 -0.3814 0.6389
vn 0.6905 -0.5145 0.5083
vn 0.7312 -0.3428 0.5898
vn 0.8297 0.0396 0.5567
vn -0.2193 -0.2969 0.9293
vn -0.1188 -0.7974 0.5916
vn -0.2918 -0.4527 0.8426
vn -0.3482 -0.4282 0.8339
vn -0.8849 0.3656 0.2886
vn -0.5299 0.8250 -0.1962
vn -0.4031 0.8428 0.3567
vn -0.2135 0.7939 -0.5693
vn 0.2759 0.9088 -0.3129
vn 0.3455 0.7418 -0.5748
vn 0.6028 0.2138 -0.7687
vn 0.2382 0.9434 -0.2305
vn 0.6367 0.5203 -0.5690
vn 0.7078 0.2233 -0.6701
vn 0.5032 0.8642 0.0016
vn 0.1307 0.8610 0.4914
vn -0.4240 0.8600 0.2840
vn 0.4614 0.8853 -0.0562
vn -0.4430 0.8557 -0.2674
vn 0.1647 0.9142 0.3703
vn 0.1035 0.8697 -0.4827
vn -0.0187 -0.8366 -0.5474
vn 0.8586 0.5038 -0.0945
vn 0.5575 0.6131 -0.5597
vn 0.8464 0.3630 -0.3895
vn 0.7442 0.1559 -0.6494
vn 0.7158 0.0540 -0.6961
vn 0.8104 0.2216 -0.5423
vn 0.7599 0.0249 -0.6495
vn 0.7971 0.2734 -0.5384
vn 0.6951 0.0904 -0.7132
vn 0.6203 0.1904 -0.7609
vn 0.5234 0.0239 -0.8517
vn 0.5110 0.2367 -0.8263
vn 0.3894 0.0166 -0.9209
vn 0.2836 -0.3903 -0.8759
vn 0.2787 0.1176 -0.9531
vn 0.3858 0.2175 -0.8966
vn 0.1938 -0.2633 -0.9450
vn 0.4114 0.5589 -0.7200
vn 0.3837 0.8039 -0.4545
vn 0.2374 0.6547 -0.7177
vn 0.5481 0.5860 -0.5967
vn 0.6944 0.6233 -0.3595
vn 0.7054 0.4393 -0.5561
vn 0.6134 0.7417 -0.2715
vn 0.6238 0.7809 -0.0319
vn 0.7177 0.6895 -0.0975
vn 0.4920 0.8557 -0.1602
vn 0.4077 0.9128 -0.0245
vn 0.5227 0.8407 -0.1415
vn 0.6555 0.7432 -0.1342
vn 0.6984 0.6471 -0.3056
vn 0.7276 0.6627 -0.1771
vn 0.7407 0.6711 -0.0323
vn 0.7466 0.6598 -0.0851
vn 0.8133 0.4889 -0.3153
vn 0.7965 0.5566 -0.2361
vn 0.8122 0.5740 -0.1041
vn 0.8509 0.5123 -0.1160
vn 0.9018 0.4294 -0.0487
vn 0.9146 0.4038 -0.0200
vn 0.9391 0.3435 -0.0083
vn 0.9047 0.4254 -0.0241
vn 0.2446 0.9432 -0.2248
vn 0.1328 0.8149 -0.5642
vn 0.0247 0.9697 -0.2429
vn 0.2222 0.7859 -0.5770
vn 0.5407 0.7934 -0.2794
vn 0.5299 -0.8254 -0.1946
vn 0.5599 0.8082 0.1825
vn 0.1625 0.8401 0.5175
vn 0.4302 -0.8322 0.3497
vn 0.1983 0.8878 -0.4152
vn 0.2481 0.5882 -0.7696
vn 0.3739 0.2111 -0.9031
vn 0.2677 0.2911 -0.9185
vn 0.0804 0.4825 -0.8722
vn 0.0049 0.2213 -0.9752
vn -0.5354 0.5483 0.6424
vn -0.7595 0.0304 -0.6498
vn -0.7386 0.2290 -0.6340
vn -0.8243 0.2754 -0.4945
vn -0.5817 0.1958 -0.7895
vn -0.7795 0.5486 -0.3023
vn -0.6482 0.4887 -0.5839
vn -0.4292 0.2217 -0.8756
vn -0.6735 0.6040 -0.4261
vn -0.8221 -0.3729 -0.4302
vn -0.0228 0.0093 -0.9997
vn -0.0649 -0.8968 -0.4376
vn 0.7075 -0.5543 -0.4384
vn -0.4848 0.1205 0.8662
vn -0.5996 -0.3533 0.7181
vn -0.5405 -0.4704 0.6975
vn -0.6014 -0.3979 0.6928
vn -0.6499 -0.3161 0.6912
vn -0.6409 -0.2538 0.7244
vn -0.3519 -0.4360 0.8283
vn 0.2013 -0.4778 0.8551
vn 0.1096 -0.5177 -0.8485
vn -0.4315 -0.2592 -0.8640
vn -0.6149 -0.3202 -0.7207
vn -0.5635 -0.4036 -0.7208
vn -0.2826 0.3598 -0.8892
vn -0.6524 -0.2394 -0.7191
vn -0.5648 -0.4443 -0.6954
vn 0.3317 0.4042 -0.8524
vn -0.6162 -0.3743 -0.6929
vn 0.5221 -0.1385 -0.8415
vn 0.4795 0.0694 0.8748
vn -0.6525 -0.3004 0.6957
vn -0.6146 -0.3771 0.6928
vn -0.6860 -0.2246 0.6920
vn -0.6560 -0.2945 -0.6949
vn -0.0989 0.4483 0.8884
vn -0.6928 -0.1952 -0.6942
vn -0.7074 -0.1335 0.6941
vn -0.7162 -0.0847 -0.6927
vn 0.0252 0.4835 -0.8750
vn -0.4935 0.1840 -0.8501
vn 0.4801 0.0940 -0.8722
vn 0.4685 0.1961 0.8614
vn 0.4107 -0.3663 0.8349
vn -0.7190 -0.0353 0.6941
vn -0.7219 0.0630 0.6891
vn 0.2332 -0.4700 -0.8513
vn -0.1036 -0.5411 0.8346
vn -0.7083 0.1463 0.6905
vn -0.4719 -0.0576 0.8797
vn -0.3573 -0.3817 -0.8524
vn 0.0799 0.4979 -0.8635
vn -0.6592 0.2106 -0.7219
vn 0.5154 0.0892 -0.8523
vn -0.6514 0.2978 -0.6978
vn -0.6911 0.2181 -0.6891
vn -0.7104 0.1359 -0.6905
vn -0.6948 0.0591 -0.7168
vn -0.6973 0.0000 -0.7168
vn -0.6826 0.1263 -0.7197
vn -0.7164 0.0000 -0.6977
vn -0.7159 -0.0711 -0.6946
vn -0.6932 -0.0611 -0.7181
vn -0.7023 -0.1499 -0.6959
vn -0.3452 -0.3028 -0.8883
vn -0.6745 -0.1756 -0.7170
vn -0.6857 -0.1154 -0.7186
vn -0.6802 -0.2311 -0.6956
vn -0.0652 0.4718 -0.8792
vn -0.6530 -0.2952 -0.6974
vn -0.3980 -0.0777 -0.9141
vn -0.6259 -0.3522 -0.6958
vn -0.5931 -0.4095 -0.6932
vn -0.6162 0.4936 -0.6137
vn -0.4544 -0.4746 -0.7538
vn -0.0345 -0.4240 -0.9050
vn -0.4759 -0.5423 -0.6923
vn -0.5394 -0.4740 -0.6959
vn 0.4511 0.0147 -0.8923
vn 0.4730 -0.6444 -0.6008
vn -0.5114 -0.4693 -0.7198
vn -0.4598 -0.5210 -0.7191
vn -0.5846 -0.5597 -0.5874
vn -0.4062 -0.5609 -0.7214
vn -0.4089 0.4137 -0.8134
vn -0.5720 -0.4009 -0.7155
vn -0.2217 -0.7624 -0.6079
vn -0.3503 0.7576 -0.5507
vn 0.4101 -0.2866 -0.8658
vn 0.2146 -0.6073 -0.7649
vn -0.2094 -0.5280 -0.8230
vn 0.2695 0.2665 -0.9254
vn 0.7948 0.1591 -0.5856
vn -0.2342 -0.6850 -0.6898
vn -0.1265 -0.7114 -0.6913
vn -0.4148 -0.1552 -0.8965
vn -0.0921 -0.8672 -0.4893
vn 0.0365 -0.6981 -0.7150
vn 0.0923 -0.7156 -0.6923
vn 0.4800 -0.1474 -0.8648
vn 0.5255 -0.6392 -0.5614
vn 0.4587 0.5788 -0.6742
vn 0.3302 0.3101 -0.8915
vn 0.1805 -0.6958 -0.6952
vn 0.2620 -0.6714 -0.6932
vn 0.2320 -0.6546 -0.7194
vn 0.0905 -0.6900 -0.7181
vn 0.1526 -0.6755 -0.7214
vn 0.3212 -0.6419 -0.6963
vn 0.3036 -0.6240 -0.7201
vn 0.5271 -0.0121 -0.8497
vn 0.1528 0.4548 -0.8774
vn 0.1259 -0.4137 0.9016
vn 0.1666 -0.4595 -0.8724
vn -0.3963 -0.3089 -0.8645
vn 0.3720 -0.5867 -0.7193
vn -0.4355 0.2894 -0.8524
vn 0.4530 -0.5660 -0.6887
vn 0.4437 -0.5330 -0.7204
vn 0.4263 -0.5762 -0.6973
vn 0.3756 -0.6100 -0.6977
vn 0.4296 -0.2392 -0.8707
vn 0.4227 0.1740 -0.8894
vn 0.4761 -0.5378 -0.6957
vn 0.5253 -0.4934 -0.6933
vn 0.5182 -0.4557 -0.7237
vn 0.5464 -0.5061 -0.6672
vn -0.3763 -0.3631 -0.8524
vn 0.5213 -0.4887 -0.6995
vn 0.3277 -0.6013 -0.7287
vn -0.1209 0.5296 -0.8396
vn 0.5876 -0.3595 -0.7249
vn 0.5098 -0.1396 -0.8489
vn 0.3134 0.4120 -0.8556
vn 0.0127 -0.4982 -0.8669
vn 0.6374 -0.2561 -0.7267
vn 0.6566 -0.3042 -0.6902
vn -0.4773 -0.1356 -0.8682
vn -0.2706 -0.4679 0.8413
vn -0.4725 0.1017 0.8754
vn 0.6619 -0.2916 0.6905
vn 0.6127 -0.3785 0.6938
vn -0.0178 0.5086 0.8608
vn -0.2770 0.4449 -0.8516
vn 0.5953 -0.4029 -0.6952
vn 0.5282 -0.4906 -0.6930
vn 0.6913 -0.2014 -0.6939
vn 0.6941 -0.1943 0.6931
vn 0.6728 -0.1550 -0.7233
vn 0.1846 0.4833 -0.8557
vn 0.7127 -0.1144 -0.6920
vn 0.6889 -0.0601 -0.7224
vn -0.3938 0.3415 -0.8534
vn 0.0182 0.4939 0.8693
vn 0.4589 0.0671 0.8859
vn 0.4589 -0.0671 -0.8859
vn 0.7196 -0.0212 -0.6941
vn 0.7159 -0.0711 -0.6946
vn 0.7167 0.0000 -0.6974
vn 0.6908 0.0404 -0.7219
vn 0.7180 0.0744 -0.6920
vn 0.6769 0.1359 -0.7233
vn 0.0182 -0.4939 -0.8693
vn 0.7054 0.1491 -0.6929
vn -0.5072 -0.2163 -0.8343
vn -0.3938 -0.3415 0.8534
vn 0.7148 0.0844 -0.6942
vn 0.6941 0.1943 -0.6931
vn 0.1846 -0.4833 0.8557
vn 0.7127 0.1144 0.6920
vn 0.6913 0.2014 0.6939
vn 0.7196 0.0212 0.6941
vn 0.7148 -0.0844 0.6942
vn -0.5072 0.2163 0.8343
vn 0.6619 0.2915 -0.6905
vn -0.0662 0.4710 -0.8796
vn -0.4738 -0.0059 -0.8806
vn 0.6525 0.2290 -0.7224
vn 0.6132 0.3737 -0.6959
vn 0.6816 0.2300 -0.6946
vn 0.6530 0.2952 -0.6974
vn 0.6149 0.3202 -0.7207
vn 0.6259 0.3522 -0.6958
vn 0.4534 0.1994 -0.8687
vn -0.4685 0.2224 0.8550
vn -0.1311 -0.5149 -0.8471
vn -0.4010 -0.3610 0.8419
vn 0.1980 -0.4432 0.8742
vn 0.5605 0.4497 0.6954
vn 0.6106 0.3787 0.6955
vn 0.4905 0.5282 -0.6930
vn 0.5168 0.5080 0.6891
vn 0.4448 0.5643 0.6955
vn 0.4000 0.5983 -0.6942
vn 0.3774 0.6149 0.6924
vn 0.3042 0.6511 -0.6953
vn 0.0011 -0.4155 0.9095
vn 0.1765 -0.3536 -0.9186
vn -0.4241 -0.1823 -0.8871
vn 0.2055 0.6926 -0.6914
vn 0.2208 0.6843 0.6949
vn 0.1292 0.7071 0.6952
vn 0.1046 0.7165 -0.6897
vn 0.0231 0.7229 -0.6905
vn 0.0284 0.7233 0.6898
vn -0.0802 0.7181 -0.6912
vn -0.0699 -0.4378 -0.8963
vn -0.0829 0.7181 0.6909
vn 0.1055 -0.4448 0.8894
vn -0.4079 -0.0868 0.9089
vn -0.1928 0.6949 0.6928
vn 0.4410 0.0799 0.8939
vn -0.2716 0.6718 0.6891
vn -0.0699 0.4378 0.8963
vn -0.0029 0.6886 0.7251
vn 0.0505 0.7307 0.6808
vn -0.0296 0.6966 0.7168
vn 0.0296 0.6966 0.7168
vn 0.0885 0.6916 0.7168
vn -0.0885 0.6916 0.7168
vn -0.0304 0.7158 0.6977
vn -0.0910 0.7106 0.6977
vn -0.1509 0.7003 0.6977
vn 0.4316 0.0428 -0.9010
vn 0.0559 0.4605 -0.8859
vn 0.5819 0.3992 -0.7085
vn 0.5861 -0.5636 -0.5820
vn 0.0198 -0.4948 -0.8687
vn -0.5979 -0.4843 -0.6387
vn -0.3957 -0.0259 -0.9180
vn -0.3137 0.7567 -0.5735
vn 0.6203 -0.0941 -0.7786
vn 0.7039 -0.1621 -0.6915
vn 0.1344 0.4442 -0.8858
vn 0.5705 -0.2548 -0.7807
vn 0.7736 -0.0033 -0.6337
vn 0.7072 -0.2081 -0.6756
vn -0.2608 0.0284 -0.9650
vn 0.1274 -0.2427 -0.9617
vn 0.1796 0.2510 -0.9512
vn 0.2155 -0.5955 -0.7739
vn -0.1305 0.4716 -0.8721
vn 0.6811 -0.4497 -0.5777
vn -0.3420 0.0139 -0.9396
vn 0.0071 -0.4305 -0.9026
vn 0.2317 -0.0793 -0.9695
vn 0.2646 0.1319 -0.9553
vn -0.2121 0.1231 -0.9695
vn 0.5014 0.1078 -0.8584
vn 0.4004 0.3204 -0.8585
vn 0.7006 0.0519 -0.7116
vn 0.7563 0.4021 -0.5160
vn 0.6705 0.1258 -0.7312
vn 0.4867 -0.1653 -0.8578
vn 0.6852 -0.4149 -0.5986
vn 0.6492 -0.1849 -0.7378
vn 0.6790 -0.0356 -0.7332
vn 0.7089 -0.1723 -0.6839
vn 0.7322 0.0406 -0.6798
vn 0.5991 -0.3194 -0.7342
vn 0.6383 -0.3656 -0.6774
vn -0.6601 0.0915 -0.7456
vn -0.4650 0.4178 -0.7805
vn 0.6885 0.2446 -0.6827
vn -0.5761 -0.2727 -0.7705
vn -0.6508 0.4149 -0.6358
vn -0.7765 -0.1668 -0.6076
vn -0.7505 0.1349 -0.6470
vn -0.6260 0.2830 -0.7266
vn -0.2951 0.6908 -0.6601
vn -0.4086 0.5524 -0.7266
vn -0.4960 0.4754 -0.7266
vn -0.5692 0.3847 -0.7266
vn -0.5813 0.7165 0.3854
vn -0.4846 0.7878 0.3800
vn -0.3092 0.6135 -0.7266
vn -0.2046 0.2900 0.9349
vn -0.3926 0.8388 0.3771
vn -0.1016 0.3400 0.9349
vn -0.2620 0.8853 0.3843
vn -0.2011 0.6569 -0.7266
vn -0.1206 0.9184 0.3768
vn 0.0077 0.9250 0.3799
vn 0.0331 0.3509 0.9358
vn -0.0905 0.6821 -0.7256
vn -0.0019 0.7904 -0.6125
vn 0.0218 0.6871 -0.7262
vn 0.1406 0.6711 -0.7279
vn 0.1284 0.9150 0.3824
vn 0.2387 0.8947 0.3774
vn 0.3548 0.8524 0.3840
vn 0.1580 0.3156 0.9356
vn 0.2562 0.6375 -0.7266
vn 0.3222 0.7005 -0.6367
vn 0.3602 0.5850 -0.7266
vn 0.4539 0.5157 -0.7266
vn 0.6000 0.7006 0.3862
vn 0.4882 0.7826 0.3861
vn 0.6974 0.6049 0.3843
vn 0.2484 0.2575 0.9338
vn 0.5345 0.4317 -0.7266
vn 0.7641 0.5184 0.3839
vn 0.3098 0.1782 0.9339
vn -0.6312 -0.4855 0.6048
vn 0.8248 0.4153 0.3836
vn 0.3449 0.0815 0.9351
vn -0.7765 -0.1769 0.6048
vn 0.5999 0.3350 -0.7266
vn 0.8726 0.3009 0.3846
vn 0.6478 0.2288 -0.7266
vn 0.7764 0.2236 -0.5892
vn 0.9108 0.1531 0.3834
vn 0.6771 0.1161 -0.7266
vn 0.5695 0.3151 -0.7591
vn 0.5740 0.5085 -0.6418
vn 0.6870 0.0000 -0.7266
vn 0.9243 0.0185 0.3811
vn 0.9168 -0.1166 0.3819
vn 0.3854 0.5269 -0.7575
vn -0.4617 -0.5675 -0.6818
vn 0.1160 0.6573 -0.7446
vn -0.2856 -0.6749 -0.6803
vn -0.3522 -0.5792 -0.7351
vn -0.4955 -0.4627 -0.7351
vn -0.5976 -0.4219 -0.6818
vn -0.6019 -0.3119 -0.7351
vn -0.6893 -0.2450 -0.6818
vn -0.6638 -0.1379 -0.7351
vn -0.7322 -0.0406 -0.6798
vn -0.7104 0.1720 -0.6824
vn -0.6711 0.0560 -0.7392
vn -0.8559 0.2087 -0.4732
vn -0.6827 -0.1917 -0.7050
vn -0.5019 -0.2154 -0.8376
vn -0.3832 -0.0011 -0.9236
vn -0.7578 -0.4944 -0.4257
vn -0.3551 -0.3803 -0.8539
vn -0.4328 -0.7348 -0.5222
vn -0.1697 -0.4845 -0.8581
vn -0.1463 -0.7727 -0.6177
vn -0.1796 -0.6518 -0.7368
vn 0.0137 -0.6730 -0.7395
vn -0.0808 -0.7259 -0.6830
vn 0.1530 -0.7230 -0.6737
vn -0.2490 0.5979 -0.7619
vn 0.3571 -0.6373 -0.6829
vn 0.2102 -0.6470 -0.7330
vn 0.3727 -0.5590 -0.7407
vn 0.5188 -0.5140 -0.6831
vn 0.5066 -0.4565 -0.7314
vn 0.4594 -0.6563 -0.5984
vn 0.2982 -0.2814 -0.9121
vn 0.2314 -0.8455 -0.4812
vn 0.2536 -0.5406 -0.8021
vn 0.4716 -0.6426 -0.6039
vn -0.4414 -0.0121 -0.8972
vn 0.5380 -0.5462 -0.6420
vn -0.0027 0.4787 -0.8780
vn 0.3745 0.0155 -0.9271
vn -0.0341 -0.3381 -0.9405
vn 0.0147 -0.4690 -0.8831
vn 0.3987 -0.4128 -0.8189
vn 0.4286 -0.0033 -0.9035
vn 0.0025 0.3483 -0.9374
vn 0.2839 -0.7136 -0.6404
vn 0.1069 -0.6346 -0.7654
vn -0.1123 0.1962 -0.9741
vn -0.1262 -0.2379 -0.9630
vn -0.1150 -0.6068 -0.7865
vn 0.3494 -0.0091 -0.9369
vn 0.1159 0.4898 -0.8641
vn -0.1711 -0.7508 -0.6379
vn -0.3690 -0.6400 -0.6740
vn -0.0633 -0.6604 -0.7483
vn 0.1162 -0.8496 -0.5145
vn 0.0961 -0.5863 -0.8043
vn -0.5026 -0.0648 -0.8621
vn -0.6752 0.4654 -0.5722
vn -0.0787 -0.5349 -0.8412
vn -0.5747 -0.5427 -0.6125
vn 0.6066 0.0529 -0.7932
vn 0.3160 0.7409 -0.5926
vn 0.4714 -0.6274 -0.6197
vn -0.5326 -0.5305 -0.6594
vn 0.4615 0.0724 -0.8842
vn -0.3805 -0.4927 -0.7826
vn -0.0281 0.3383 -0.9406
vn -0.5325 -0.4114 -0.7397
vn -0.5659 -0.2318 -0.7912
vn -0.6522 -0.3885 -0.6509
vn -0.7431 -0.1719 -0.6467
vn 0.1204 0.2834 -0.9514
vn 0.1109 -0.2238 -0.9683
vn -0.4381 0.1991 -0.8766
vn 0.5942 -0.2507 -0.7642
vn -0.2908 -0.0057 -0.9567
vn -0.2893 0.1308 -0.9482
vn 0.1830 0.1597 -0.9700
vn -0.7058 0.1010 -0.7011
vn 0.0179 -0.2872 -0.9577
vn -0.6340 0.1384 -0.7608
vn -0.5108 0.2033 -0.8353
vn -0.6311 0.4009 -0.6640
vn -0.5282 -0.0275 -0.8486
vn -0.5067 0.4127 -0.7569
vn 0.1978 0.2126 -0.9569
vn 0.0974 -0.2988 -0.9493
vn 0.2529 0.3361 -0.9072
vn 0.3374 -0.3282 -0.8823
vn 0.4301 -0.6924 -0.5793
vn -0.0521 -0.5005 -0.8642
vn 0.6318 0.5067 -0.5865
vn 0.5070 0.1268 -0.8526
vn 0.0944 0.5325 -0.8412
vn 0.4231 0.6525 -0.6286
vn -0.7017 0.1609 -0.6940
vn -0.7150 0.0696 -0.6956
vn -0.4313 0.1803 -0.8840
vn -0.6371 0.5031 -0.5839
vn -0.6037 -0.2074 -0.7697
vn -0.1285 -0.7931 -0.5954
vn 0.7425 -0.2694 -0.6133
vn 0.2909 -0.4585 -0.8397
vn -0.6991 0.2191 -0.6806
vn -0.6162 0.3106 -0.7237
vn -0.8305 0.5186 -0.2032
vn -0.5202 0.5595 -0.6452
vn -0.4658 0.2710 -0.8423
vn -0.2937 0.4340 0.8516
vn -0.4611 -0.1480 0.8749
vn -0.6012 0.3473 0.7197
vn -0.5228 0.4425 0.7285
vn -0.4405 0.5305 0.7242
vn -0.5531 0.4712 0.6869
vn -0.4674 0.5511 0.6912
vn -0.5034 0.4825 0.7168
vn -0.4607 0.5234 0.7168
vn -0.4146 0.5606 0.7168
vn -0.4260 0.5760 0.6977
vn -0.4733 0.5378 0.6977
vn -0.4996 0.4781 0.7223
vn -0.5172 0.4957 0.6977
vn -0.5574 0.4501 0.6977
vn -0.5425 0.4380 0.7168
vn -0.5777 0.3905 0.7168
vn -0.5935 0.4012 0.6977
vn -0.6087 0.3400 0.7168
vn -0.6151 0.3916 0.6843
vn -0.6800 0.2965 0.6705
vn -0.6354 0.2872 0.7168
vn -0.6575 0.2323 0.7168
vn -0.6528 0.2951 0.6977
vn -0.6254 0.3494 0.6977
vn -0.6755 0.2387 0.6977
vn -0.6300 0.2721 0.7273
vn -0.6720 0.1534 0.7245
vn -0.6933 0.1805 0.6977
vn -0.6748 0.1757 0.7168
vn -0.6872 0.1178 0.7168
vn -0.7061 0.1211 0.6977
vn -0.6948 0.0591 0.7168
vn -0.7138 0.0607 0.6977
vn -0.6885 0.0309 0.7245
vn -0.7166 0.0970 0.6906
vn -0.7215 -0.0248 0.6920
vn -0.6853 -0.0925 0.7223
vn -0.7164 0.0000 0.6977
vn -0.5169 0.0163 0.8559
vn -0.7123 -0.1316 0.6894
vn -0.6843 -0.2337 0.6907
vn -0.4699 -0.2211 0.8546
vn -0.6532 -0.2167 0.7255
vn -0.6038 -0.3249 0.7278
vn -0.7061 -0.1211 0.6977
vn -0.6755 -0.2387 0.6977
vn -0.6933 -0.1805 0.6977
vn -0.6748 -0.1757 0.7168
vn -0.6575 -0.2323 0.7168
vn -0.6926 -0.2091 0.6904
vn -0.6872 -0.1178 0.7168
vn -0.7130 -0.0911 0.6952
vn -0.6742 -0.1490 0.7233
vn -0.6354 -0.2872 0.7168
vn -0.6528 -0.2951 0.6977
vn -0.6087 -0.3400 0.7168
vn -0.6254 -0.3494 0.6977
vn -0.5777 -0.3905 0.7168
vn -0.5935 -0.4012 0.6977
vn -0.5361 -0.4275 0.7278
vn -0.5574 -0.4501 0.6977
vn -0.5425 -0.4380 0.7168
vn -0.5034 -0.4825 0.7168
vn -0.5172 -0.4957 0.6977
vn -0.4607 -0.5234 0.7168
vn -0.4629 -0.5139 0.7222
vn -0.4733 -0.5378 0.6977
vn -0.4260 -0.5760 0.6977
vn -0.4146 -0.5606 0.7168
vn -0.3656 -0.5938 0.7168
vn -0.3756 -0.6100 0.6977
vn -0.3703 -0.5755 0.7291
vn -0.4149 -0.5897 0.6929
vn -0.2933 -0.6209 0.7270
vn -0.3151 -0.6543 0.6875
vn -0.3164 -0.4089 0.8559
vn -0.5092 -0.5203 0.6855
vn -0.5707 -0.4482 0.6880
vn -0.6395 -0.3441 0.6875
vn -0.3466 -0.7626 0.5461
vn -0.1932 -0.7000 0.6875
vn -0.1824 -0.6610 0.7278
vn -0.0620 -0.6831 0.7277
vn -0.2671 -0.6648 0.6977
vn -0.1509 -0.7003 0.6977
vn -0.2098 -0.6850 0.6977
vn -0.2042 -0.6667 0.7168
vn -0.1469 -0.6816 0.7168
vn -0.2600 -0.6470 0.7168
vn -0.3080 -0.6546 0.6904
vn -0.1945 -0.6968 0.6904
vn -0.1348 -0.6771 0.7233
vn -0.0850 -0.7120 0.6970
vn -0.0885 -0.6916 0.7168
vn -0.0870 -0.7121 0.6966
vn -0.0322 -0.6974 0.7159
vn -0.0229 -0.7150 0.6987
vn 0.0330 -0.7148 0.6985
vn 0.0224 -0.6980 0.7157
vn 0.0844 -0.6909 0.7179
vn 0.0103 -0.7177 0.6963
vn -0.0522 -0.6920 0.7200
vn -0.4022 -0.5940 0.6967
vn -0.3139 -0.6226 0.7168
vn -0.4836 -0.5351 0.6926
vn -0.3225 -0.6397 0.6977
vn -0.0653 -0.7231 0.6876
vn -0.6859 -0.0581 0.7254
vn -0.7146 0.0223 0.6991
vn -0.7230 -0.0071 -0.6908
vn -0.6887 0.0714 0.7215
vn -0.7173 0.1273 0.6850
vn -0.6690 0.1956 0.7170
vn -0.6929 0.2143 0.6884
vn 0.3128 0.4112 0.8561
vn -0.6417 0.3257 0.6943
vn 0.4736 -0.1690 0.8643
vn -0.6785 0.2399 0.6943
vn -0.6948 -0.0591 0.7168
vn -0.6973 0.0000 0.7168
vn -0.7138 -0.0607 0.6977
vn -0.6870 0.2286 0.6898
vn -0.6270 0.3536 0.6941
vn -0.5735 0.3771 0.7272
vn -0.4692 0.5486 0.6920
vn -0.1498 0.5071 -0.8488
vn -0.5172 -0.3657 -0.7738
vn -0.5963 0.4003 -0.6958
vn -0.5536 0.4600 -0.6942
vn -0.2303 0.0323 -0.9726
vn 0.4986 -0.3518 -0.7922
vn -0.4326 0.2608 -0.8630
vn 0.4723 0.3030 -0.8277
vn -0.4223 -0.3918 -0.8173
vn 0.0472 -0.3593 -0.9320
vn 0.3626 -0.4790 -0.7994
vn -0.2638 0.4006 -0.8774
vn -0.4115 -0.0693 -0.9088
vn -0.2983 0.3707 -0.8795
vn 0.0721 0.6008 -0.7961
vn -0.0121 -0.5070 -0.8618
vn -0.5316 0.2582 -0.8067
vn -0.2828 0.2154 0.9347
vn -0.6735 0.6300 0.3866
vn -0.8357 0.3933 0.3832
vn -0.7665 0.5136 0.3855
vn -0.3372 0.1165 0.9342
vn -0.9164 0.1551 0.3690
vn -0.8844 0.2680 0.3821
vn -0.9244 0.0546 0.3774
vn -0.3521 -0.0030 0.9359
vn 0.7673 0.0172 0.6410
vn 0.7667 -0.1857 0.6145
vn -0.6845 -0.0583 -0.7266
vn -0.6846 0.0582 -0.7266
vn -0.9181 -0.0891 0.3862
vn -0.6648 -0.1731 -0.7266
vn -0.8944 -0.2256 0.3861
vn -0.8509 -0.3585 0.3838
vn -0.3401 -0.1104 0.9339
vn -0.2924 -0.2022 0.9346
vn 0.7811 0.2915 0.5522
vn -0.8022 -0.4579 0.3831
vn 0.4346 0.3312 0.8375
vn 0.5167 0.6165 0.5940
vn 0.2611 0.8447 0.4671
vn -0.1212 -0.3244 0.9381
vn -0.2194 -0.2836 0.9335
vn -0.0107 -0.3603 0.9327
vn -0.1896 -0.9046 0.3816
vn 0.0934 -0.3417 0.9351
vn 0.1884 -0.9042 0.3833
vn 0.0548 -0.9230 0.3808
vn -0.0822 -0.9204 0.3822
vn 0.4458 -0.8089 0.3833
vn 0.3350 -0.8603 0.3842
vn 0.5454 -0.7451 0.3838
vn -0.0872 -0.6815 -0.7266
vn -0.2012 -0.6569 -0.7266
vn -0.3121 -0.8710 0.3795
vn -0.3093 -0.6134 -0.7266
vn -0.3203 -0.6964 -0.6422
vn -0.4085 -0.5524 -0.7266
vn -0.5450 -0.7452 0.3841
vn -0.4193 -0.8299 0.3680
vn -0.6555 -0.6503 0.3839
vn -0.7378 -0.5541 0.3854
vn -0.4960 -0.4754 -0.7266
vn -0.5692 -0.3848 -0.7266
vn -0.5858 -0.5016 -0.6365
vn -0.6261 -0.2829 -0.7266
vn -0.3906 -0.5046 -0.7699
vn 0.4640 0.5704 -0.6777
vn 0.5969 0.4258 -0.6800
vn 0.3064 0.6637 -0.6824
vn -0.1302 -0.6026 -0.7873
vn 0.4251 0.5225 -0.7391
vn 0.2848 0.6170 -0.7336
vn 0.1279 0.7255 -0.6761
vn 0.1311 0.6625 -0.7374
vn -0.0728 0.7277 -0.6819
vn -0.0067 0.6742 -0.7384
vn -0.1691 0.6590 -0.7329
vn 0.4954 0.6988 -0.5160
vn 0.5461 0.4044 -0.7336
vn 0.6229 0.2720 -0.7335
vn 0.0292 -0.6864 -0.7266
vn -0.6649 0.1732 -0.7266
vn 0.5395 0.2745 -0.7959
vn 0.0172 -0.3209 -0.9470
vn -0.4813 -0.2354 -0.8443
vn -0.3919 0.2256 -0.8919
vn -0.7096 -0.4018 -0.5787
vn -0.0886 0.7234 -0.6847
vn 0.1549 -0.6376 -0.7546
vn 0.4226 0.2699 -0.8652
vn 0.7060 -0.1575 -0.6905
vn 0.9102 -0.3376 -0.2398
vn 0.6745 -0.2630 -0.6898
vn -0.1750 0.4732 -0.8634
vn -0.7424 0.3518 -0.5701
vn -0.3251 -0.5837 -0.7440
vn 0.6148 0.5366 -0.5779
vn -0.7203 0.0310 -0.6929
vn -0.4443 -0.5650 -0.6953
vn -0.5115 -0.5093 -0.6920
vn -0.4002 -0.5983 0.6942
vn 0.3797 0.3999 -0.8341
vn 0.3981 -0.6137 0.6818
vn 0.4146 -0.5606 0.7168
vn 0.3656 -0.5937 0.7168
vn 0.4607 -0.5234 0.7168
vn 0.3756 -0.6100 0.6977
vn 0.4260 -0.5760 0.6977
vn 0.4733 -0.5378 0.6977
vn 0.4956 -0.4739 0.7278
vn 0.4079 -0.5543 0.7255
vn 0.5034 -0.4825 0.7168
vn 0.5172 -0.4957 0.6977
vn 0.5574 -0.4501 0.6977
vn 0.5425 -0.4380 0.7168
vn 0.5935 -0.4012 0.6977
vn 0.3225 -0.6397 0.6977
vn 0.3139 -0.6226 0.7168
vn 0.4733 0.5378 0.6977
vn 0.4607 0.5234 0.7168
vn 0.4260 0.5760 0.6977
vn 0.4146 0.5606 0.7168
vn 0.3656 0.5937 0.7168
vn 0.3756 0.6100 0.6977
vn 0.3582 0.5888 0.7246
vn -0.8965 -0.2619 0.3574
vn 0.1159 0.2583 -0.9590
vn -0.2981 -0.0511 -0.9531
vn -0.8354 0.2084 -0.5086
vn 0.4080 -0.7523 -0.5173
vn 0.3836 0.5160 -0.7658
vn 0.3677 -0.3024 -0.8794
vn -0.7115 -0.3240 -0.6235
vn 0.4488 -0.6505 -0.6127
vn 0.3677 0.1981 -0.9086
vn 0.6376 0.3210 -0.7003
vn -0.2981 0.7296 -0.6155
vn 0.0858 -0.5866 -0.8053
vn 0.0840 0.2008 -0.9760
vn -0.0561 0.5122 -0.8570
vn 0.4658 0.4146 -0.7817
vn -0.6936 0.2896 -0.6595
vn -0.5253 0.2485 -0.8138
vn -0.3774 -0.7013 -0.6047
vn 0.6973 -0.4568 -0.5524
vn 0.0076 -0.4841 -0.8750
vn 0.4643 0.3203 -0.8257
vn -0.4694 -0.2298 -0.8525
vn 0.0760 -0.4718 -0.8784
vn -0.4444 0.3464 -0.8261
vn -0.3752 0.4269 -0.8227
vn 0.6245 -0.6094 -0.4884
vn -0.0505 0.5231 -0.8507
vn 0.5274 -0.1998 -0.8258
vn 0.2904 0.8531 -0.4333
vn 0.8884 0.1522 -0.4330
vn -0.0119 0.0159 -0.9998
vn 0.5862 -0.6820 -0.4371
vn -0.1903 -0.8765 -0.4421
vn -0.8470 -0.3113 -0.4308
vn -0.6373 0.6429 -0.4248
vn -0.5032 0.1651 -0.8482
vn 0.1009 -0.3359 -0.9365
vn -0.3819 -0.3874 -0.8390
vn 0.3039 -0.8713 -0.3852
vn 0.1535 -0.9355 0.3182
vn -0.0119 -0.4323 -0.9016
vn 0.4573 0.3195 -0.8299
vn -0.2426 0.5085 -0.8261
vn -0.5303 0.8254 -0.1938
vn -0.4746 0.8553 -0.2078
vn -0.3128 0.4816 -0.8186
vn -0.3989 0.8943 -0.2027
vn 0.1355 -0.5482 -0.8253
vn -0.3331 0.9179 -0.2155
vn -0.4413 0.8085 0.3893
vn -0.5983 0.7779 -0.1919
vn -0.6585 0.7268 -0.1953
vn -0.6655 0.6366 0.3896
vn -0.7083 0.6721 -0.2155
vn -0.7022 0.5764 0.4180
vn -0.7566 0.6216 -0.2027
vn -0.7432 0.5308 0.4071
vn -0.8068 0.5530 -0.2077
vn -0.7877 0.4640 0.4053
vn -0.8433 0.5013 -0.1938
vn -0.8109 0.4013 0.4259
vn -0.8450 0.3482 0.4059
vn -0.8830 0.4284 -0.1919
vn -0.9139 0.3558 -0.1953
vn -0.5245 0.2179 -0.8231
vn -0.4952 0.2909 -0.8186
vn 0.4653 0.0008 -0.8851
vn 0.1141 0.5030 -0.8567
vn 0.7015 0.5659 -0.4332
vn 0.8057 -0.4171 -0.4206
vn -0.2035 -0.8869 -0.4147
vn -0.0286 -0.0390 -0.9988
vn -0.9044 0.0744 -0.4202
vn -0.1930 0.8825 -0.4289
vn -0.4313 0.3323 -0.8387
vn -0.9358 0.2910 -0.1988
vn -0.5518 0.1385 -0.8224
vn -0.9572 0.2142 -0.1947
vn 0.2205 -0.3687 -0.9030
vn -0.9681 0.1463 -0.2033
vn -0.8829 0.1982 0.4257
vn -0.8773 0.2747 0.3935
vn -0.9605 0.2742 -0.0464
vn -0.8190 0.5456 -0.1775
vn -0.8968 0.4424 -0.0015
vn -0.7230 0.5234 -0.4508
vn -0.8543 -0.0536 0.5169
vn -0.8478 -0.1457 -0.5098
vn -0.8235 -0.5075 0.2532
vn -0.5636 0.0543 0.8242
vn -0.6106 -0.7027 -0.3652
vn -0.6169 -0.6992 0.3611
vn -0.5734 -0.0440 -0.8180
vn -0.6169 0.6992 -0.3611
vn -0.6068 0.7014 0.3739
vn -0.8243 0.5056 -0.2547
vn -0.5447 -0.8307 -0.1147
vn -0.8417 0.4643 0.2755
vn 0.9000 0.0920 -0.4260
vn -0.5572 -0.7195 -0.4144
vn 0.4948 -0.7592 -0.4227
vn -0.0473 0.0089 -0.9988
vn 0.8050 0.4173 -0.4216
vn -0.1370 0.8979 -0.4184
vn 0.0028 0.5575 -0.8302
vn 0.0016 0.0125 -0.9999
vn 0.6384 -0.6393 -0.4286
vn -0.8978 0.0975 -0.4294
vn -0.3990 -0.8147 -0.4208
vn -0.4621 0.3234 -0.8257
vn 0.0739 -0.9947 0.0713
vn 0.0477 -0.7160 -0.6965
vn 0.1032 -0.7110 -0.6956
vn 0.1660 -0.6999 -0.6946
vn -0.0159 -0.7168 -0.6970
vn -0.1273 -0.9891 0.0742
vn -0.0146 -0.6973 -0.7166
vn -0.0729 -0.6936 -0.7166
vn -0.0768 -0.7143 -0.6956
vn -0.0729 -0.6936 0.7166
vn -0.1307 -0.6850 0.7166
vn -0.1307 -0.6850 -0.7166
vn -0.1875 -0.6717 -0.7166
vn -0.1330 -0.7069 -0.6946
vn -0.1875 -0.6717 0.7166
vn 0.1864 0.3314 0.9249
vn 0.1210 0.3691 0.9214
vn 0.3228 -0.3509 0.8790
vn -0.2431 -0.6537 0.7166
vn 0.2462 0.8879 0.3884
vn 0.1859 0.9012 0.3913
vn 0.0563 0.3837 0.9217
vn 0.0360 0.9079 0.4177
vn 0.1071 0.9151 0.3886
vn -0.0241 0.9127 0.4079
vn -0.1043 0.9086 0.4043
vn -0.2969 -0.6310 0.7166
vn -0.2431 -0.6537 -0.7166
vn -0.2969 -0.6310 -0.7166
vn -0.2480 -0.6738 -0.6960
vn -0.1949 -0.6915 -0.6956
vn -0.2096 -0.9499 0.2317
vn -0.4029 -0.9058 -0.1312
vn -0.3068 -0.6488 -0.6963
vn -0.3579 -0.6217 -0.6967
vn -0.3487 -0.6040 -0.7166
vn -0.3980 -0.5727 0.7166
vn -0.3487 -0.6040 0.7166
vn -0.3980 -0.5727 -0.7166
vn 0.4854 0.2178 0.8467
vn -0.0225 0.5070 0.8616
vn 0.2166 0.8798 0.4231
vn 0.8939 -0.1722 0.4139
vn -0.0135 -0.0548 0.9984
vn -0.8751 0.2601 0.4081
vn -0.2224 -0.8862 0.4064
vn -0.2788 -0.4085 0.8691
vn -0.4774 0.1451 0.8666
vn 0.2462 0.2995 0.9218
vn -0.4445 -0.5374 0.7166
vn 0.5064 0.7638 0.4002
vn 0.5618 0.7306 0.3880
vn 0.6219 0.6782 0.3914
vn 0.6673 0.6358 0.3879
vn 0.6549 0.7300 -0.1953
vn 0.7139 0.6714 -0.1986
vn 0.7595 0.6205 -0.1953
vn 0.4542 0.3437 -0.8219
vn 0.4984 -0.1299 -0.8571
vn 0.8099 0.5500 -0.2036
vn 0.5010 0.2583 -0.8260
vn -0.3735 -0.4185 -0.8278
vn 0.1355 -0.5438 -0.8282
vn 0.8426 0.4968 -0.2078
vn 0.8836 0.4222 -0.2025
vn 0.8288 0.4035 0.3876
vn 0.9089 0.3569 -0.2154
vn 0.9373 0.2888 -0.1953
vn 0.8923 -0.1728 -0.4171
vn 0.3277 0.4143 -0.8491
vn 0.2654 0.8710 -0.4133
vn 0.0409 0.0491 -0.9980
vn 0.1329 -0.8930 -0.4299
vn -0.7199 -0.5416 -0.4340
vn -0.7888 0.4423 -0.4268
vn -0.5554 0.0766 -0.8280
vn -0.2244 0.4987 -0.8372
vn -0.0146 -0.6973 0.7166
vn 0.0438 -0.6960 0.7166
vn 0.0438 -0.6960 -0.7166
vn 0.1019 -0.6899 -0.7166
vn 0.5570 -0.8283 -0.0604
vn 0.4643 -0.2581 0.8472
vn 0.3533 0.2085 0.9120
vn 0.9283 -0.3666 -0.0620
vn 0.8643 -0.3241 0.3845
vn 0.3547 -0.1194 0.9273
vn 0.3786 -0.0396 0.9247
vn 0.0445 0.4845 0.8737
vn 0.8710 -0.2869 0.3987
vn -0.3949 0.0675 0.9162
vn -0.9129 0.0005 0.4081
vn 0.1021 0.9090 0.4040
vn -0.0414 0.0222 0.9989
vn 0.9044 -0.0528 0.4235
vn 0.0456 -0.9104 0.4112
vn 0.4149 -0.8063 0.4216
vn 0.8729 0.2615 0.4118
vn 0.0572 0.0117 0.9983
vn 0.2433 -0.4508 -0.8588
vn 0.8572 -0.2966 -0.4209
vn 0.5124 0.7469 -0.4237
vn 0.0151 -0.0048 -0.9998
vn -0.0646 -0.9032 -0.4243
vn -0.8717 -0.2474 -0.4230
vn -0.5394 0.7253 -0.4277
vn -0.4169 0.1027 0.9031
vn -0.7367 -0.5375 0.4101
vn -0.4200 0.8096 0.4100
vn -0.0815 0.0107 0.9966
vn 0.7987 0.4298 0.4211
vn 0.5324 -0.7364 0.4173
vn 0.5466 -0.4332 0.7166
vn 0.5809 -0.3859 0.7166
usemtl motoman_scan_mat
s 1
f 2/1/1 1/2/2 6/3/3
f 1/4/2 2/5/1 3/6/4
f 4/7/5 1/4/2 3/6/4
f 5/8/6 1/2/2 4/9/5
f 1/2/2 5/8/6 6/3/3
f 2/1/1 6/3/3 9/10/7
f 10/11/8 6/3/3 7/12/9
f 8/13/10 7/12/9 6/3/3
f 6/3/3 5/8/6 8/13/10
f 9/14/7 6/15/3 11/16/11
f 6/15/3 10/17/8 11/16/11
f 12/18/12 11/19/11 10/20/8
f 12/21/12 14/22/13 11/23/11
f 15/24/14 13/25/15 11/23/11
f 11/16/11 13/26/15 9/14/7
f 11/23/11 14/22/13 15/24/14
f 15/24/14 16/27/16 13/25/15
f 16/27/16 15/24/14 18/28/17
f 18/28/17 15/24/14 17/29/18
f 15/24/14 14/22/13 17/29/18
f 22/30/19 16/27/16 18/28/17
f 22/30/19 18/28/17 19/31/20
f 19/31/20 18/28/17 20/32/21
f 18/28/17 21/33/22 20/32/21
f 18/28/17 17/29/18 21/33/22
f 22/30/19 24/34/23 23/35/24
f 22/30/19 23/35/24 16/27/16
f 22/30/19 19/31/20 24/34/23
f 26/36/25 23/35/24 24/34/23
f 25/37/26 24/34/23 19/31/20
f 24/34/23 25/37/26 26/36/25
f 23/38/24 26/39/25 27/40/27
f 26/39/25 28/41/28 27/40/27
f 28/42/28 26/36/25 25/37/26
f 27/40/27 28/41/28 29/43/29
f 25/37/26 30/44/30 28/42/28
f 29/45/29 28/42/28 30/44/30
f 30/44/30 25/37/26 31/46/31
f 30/44/30 31/46/31 32/47/32
f 32/47/32 33/48/33 30/44/30
f 30/44/30 33/48/33 29/45/29
f 35/49/34 33/48/33 34/50/35
f 32/47/32 34/50/35 33/48/33
f 35/49/34 29/45/29 33/48/33
f 35/49/34 34/50/35 37/51/36
f 27/40/27 35/52/34 36/53/37
f 29/43/29 35/52/34 27/40/27
f 36/54/37 35/49/34 37/51/36
f 37/51/36 38/55/38 36/54/37
f 38/55/38 37/51/36 39/56/39
f 37/51/36 40/57/40 39/56/39
f 40/57/40 37/51/36 34/50/35
f 32/47/32 41/58/41 40/57/40
f 43/59/42 40/57/40 41/58/41
f 34/50/35 32/47/32 40/57/40
f 43/59/42 42/60/43 40/57/40
f 42/60/43 39/56/39 40/57/40
f 44/61/44 42/60/43 43/59/42
f 43/59/42 45/62/45 44/61/44
f 43/59/42 41/58/41 45/62/45
f 46/63/46 45/62/45 41/58/41
f 45/62/45 46/63/46 47/64/47
f 47/64/47 48/65/48 45/62/45
f 48/65/48 44/61/44 45/62/45
f 48/65/48 47/64/47 50/66/49
f 50/66/49 49/67/50 48/65/48
f 52/68/51 48/65/48 49/67/50
f 48/65/48 51/69/52 44/61/44
f 51/69/52 48/65/48 52/68/51
f 53/70/53 51/69/52 52/68/51
f 52/68/51 55/71/54 53/70/53
f 54/72/55 52/68/51 49/67/50
f 52/68/51 54/72/55 56/73/56
f 52/68/51 56/73/56 55/71/54
f 56/73/56 57/74/57 58/75/58
f 57/74/57 56/73/56 54/72/55
f 55/71/54 56/73/56 59/76/59
f 56/73/56 58/75/58 59/76/59
f 61/77/60 59/76/59 58/75/58
f 59/76/59 61/77/60 60/78/61
f 55/71/54 59/76/59 60/78/61
f 62/79/62 61/77/60 58/75/58
f 60/78/61 61/77/60 63/80/63
f 62/79/62 64/81/64 61/77/60
f 61/77/60 64/81/64 63/80/63
f 63/80/63 64/81/64 65/82/65
f 62/79/62 67/83/66 64/81/64
f 64/81/64 66/84/67 65/82/65
f 68/85/68 66/84/67 64/81/64
f 64/81/64 67/83/66 68/85/68
f 71/86/69 69/87/70 68/85/68
f 68/85/68 69/87/70 66/84/67
f 68/85/68 70/88/71 71/86/69
f 70/88/71 68/85/68 67/83/66
f 72/89/72 71/86/69 74/90/73
f 71/86/69 72/89/72 73/91/74
f 69/87/70 71/86/69 73/91/74
f 74/90/73 71/86/69 70/88/71
f 72/89/72 74/90/73 77/92/75
f 70/88/71 75/93/76 74/90/73
f 76/94/77 74/90/73 75/93/76
f 77/92/75 74/90/73 76/94/77
f 77/95/75 76/96/77 79/97/78
f 77/95/75 78/98/79 80/99/80
f 77/95/75 79/97/78 78/98/79
f 80/99/80 72/100/72 77/95/75
f 81/101/81 83/102/82 80/103/80
f 80/103/80 78/104/79 81/101/81
f 80/105/80 82/106/83 72/107/72
f 82/108/83 80/103/80 83/102/82
f 82/108/83 83/102/82 84/109/84
f 85/110/85 84/111/84 83/112/82
f 86/113/86 85/110/85 83/112/82
f 86/113/86 83/112/82 81/114/81
f 86/113/86 87/115/87 85/110/85
f 87/115/87 86/113/86 89/116/88
f 88/117/89 86/113/86 81/114/81
f 88/117/89 89/116/88 86/113/86
f 89/116/88 88/117/89 91/118/90
f 90/119/91 89/116/88 92/120/92
f 89/116/88 90/119/91 87/115/87
f 89/116/88 91/118/90 93/121/93
f 93/122/93 92/123/92 89/124/88
f 94/125/94 93/121/93 91/118/90
f 95/126/95 93/121/93 94/125/94
f 92/123/92 93/122/93 96/127/96
f 97/128/97 93/122/93 95/129/95
f 93/122/93 97/128/97 96/127/96
f 98/130/98 97/131/97 101/132/99
f 97/128/97 98/133/98 99/134/100
f 95/135/95 100/136/101 97/131/97
f 99/134/100 96/127/96 97/128/97
f 100/136/101 101/132/99 97/131/97
f 101/137/99 100/138/101 103/139/102
f 98/130/98 101/132/99 102/140/103
f 102/141/103 101/137/99 103/139/102
f 100/138/101 108/142/104 103/139/102
f 103/139/102 104/143/105 102/141/103
f 105/144/106 104/143/105 103/139/102
f 105/144/106 103/139/102 107/145/107
f 103/139/102 106/146/108 107/145/107
f 108/142/104 106/146/108 103/139/102
f 94/125/94 108/147/104 95/126/95
f 94/125/94 109/148/109 108/147/104
f 100/138/101 95/149/95 108/142/104
f 108/142/104 109/150/109 110/151/110
f 110/151/110 106/146/108 108/142/104
f 110/151/110 109/150/109 111/152/111
f 111/152/111 106/146/108 110/151/110
f 112/153/112 111/152/111 109/150/109
f 111/152/111 114/154/113 106/146/108
f 111/152/111 112/153/112 116/155/114
f 115/156/115 113/157/116 111/152/111
f 114/154/113 111/152/111 113/157/116
f 115/156/115 111/152/111 116/155/114
f 117/158/117 116/155/114 112/153/112
f 116/155/114 117/158/117 118/159/118
f 118/159/118 115/156/115 116/155/114
f 119/160/119 120/161/120 118/159/118
f 118/159/118 121/162/121 119/160/119
f 121/162/121 118/159/118 117/158/117
f 115/156/115 118/159/118 120/161/120
f 123/163/122 119/160/119 121/162/121
f 117/158/117 124/164/123 121/162/121
f 121/162/121 122/165/124 123/163/122
f 122/165/124 121/162/121 124/164/123
f 127/166/125 125/167/126 124/164/123
f 126/168/127 124/164/123 125/167/126
f 124/164/123 126/168/127 122/165/124
f 124/164/123 117/158/117 127/166/125
f 128/169/128 130/170/129 127/171/125
f 127/171/125 129/172/130 128/169/128
f 129/173/130 127/166/125 117/158/117
f 125/174/126 127/175/125 130/176/129
f 131/177/131 130/178/129 132/179/132
f 130/176/129 131/180/131 125/174/126
f 130/178/129 128/181/128 132/179/132
f 132/179/132 133/182/133 131/177/131
f 136/183/134 132/179/132 128/181/128
f 133/184/133 132/185/132 134/186/135
f 135/187/136 134/186/135 132/185/132
f 132/188/132 136/189/134 135/190/136
f 136/191/134 133/192/133 137/193/137
f 133/182/133 136/183/134 139/194/138
f 137/193/137 135/195/136 136/191/134
f 128/181/128 138/196/139 136/183/134
f 138/196/139 139/194/138 136/183/134
f 139/197/138 138/198/139 140/199/140
f 140/199/140 142/200/141 139/197/138
f 144/201/142 139/194/138 141/202/143
f 143/203/144 141/204/143 139/197/138
f 142/200/141 143/203/144 139/197/138
f 139/194/138 144/201/142 133/182/133
f 133/182/133 144/201/142 145/205/145
f 145/206/145 144/207/142 146/208/146
f 141/209/143 146/208/146 144/207/142
f 147/210/147 149/211/148 146/212/146
f 147/210/147 146/212/146 141/213/143
f 149/211/148 148/214/149 146/212/146
f 146/208/146 148/215/149 145/206/145
f 150/216/150 122/165/124 149/211/148
f 149/211/148 152/217/151 150/216/150
f 152/217/151 149/211/148 151/218/152
f 151/218/152 149/211/148 147/210/147
f 126/168/127 149/211/148 122/165/124
f 149/211/148 126/168/127 148/214/149
f 151/218/152 153/219/153 152/217/151
f 154/220/154 152/217/151 153/219/153
f 154/220/154 155/221/155 152/217/151
f 155/221/155 150/216/150 152/217/151
f 156/222/156 155/221/155 154/220/154
f 156/222/156 157/223/157 155/221/155
f 150/216/150 155/221/155 157/223/157
f 157/223/157 158/224/158 160/225/159
f 157/223/157 156/222/156 158/224/158
f 157/223/157 159/226/160 150/216/150
f 159/226/160 157/223/157 160/225/159
f 161/227/161 163/228/162 160/225/159
f 160/225/159 158/224/158 161/227/161
f 160/225/159 162/229/163 159/226/160
f 163/228/162 162/229/163 160/225/159
f 164/230/164 163/228/162 165/231/165
f 163/228/162 164/230/164 162/229/163
f 166/232/166 165/231/165 163/228/162
f 163/228/162 161/227/161 166/232/166
f 169/233/167 166/232/166 161/227/161
f 165/231/165 166/232/166 167/234/168
f 168/235/169 167/234/168 166/232/166
f 166/232/166 169/233/167 168/235/169
f 169/233/167 172/236/170 170/237/171
f 170/237/171 168/235/169 169/233/167
f 161/227/161 171/238/172 169/233/167
f 172/236/170 169/233/167 171/238/172
f 171/238/172 173/239/173 172/236/170
f 174/240/174 172/236/170 173/239/173
f 174/240/174 170/237/171 172/236/170
f 174/240/174 175/241/175 177/242/176
f 174/240/174 176/243/177 175/241/175
f 173/239/173 176/243/177 174/240/174
f 170/237/171 174/240/174 177/242/176
f 178/244/178 177/245/176 175/246/175
f 177/245/176 178/244/178 179/247/179
f 179/247/179 180/248/180 177/245/176
f 181/249/181 177/242/176 180/250/180
f 170/237/171 177/242/176 181/249/181
f 181/249/181 183/251/182 170/237/171
f 180/250/180 182/252/183 181/249/181
f 183/251/182 181/249/181 182/252/183
f 168/235/169 170/237/171 183/251/182
f 168/235/169 183/251/182 184/253/184
f 182/252/183 184/253/184 183/251/182
f 186/254/185 185/255/186 184/253/184
f 184/253/184 185/255/186 187/256/187
f 184/253/184 188/257/188 186/254/185
f 184/253/184 187/256/187 168/235/169
f 184/253/184 182/252/183 188/257/188
f 188/258/188 189/259/189 190/260/190
f 189/261/189 188/257/188 182/252/183
f 191/262/191 186/263/185 188/258/188
f 190/260/190 191/262/191 188/258/188
f 191/264/191 192/265/192 186/266/185
f 191/267/191 190/268/190 193/269/193
f 192/270/192 191/267/191 193/269/193
f 194/271/194 192/270/192 193/269/193
f 193/269/193 196/272/195 194/271/194
f 193/273/193 195/274/196 197/275/197
f 195/276/196 193/269/193 190/268/190
f 196/277/195 193/278/193 197/279/197
f 199/280/198 197/275/197 195/274/196
f 197/279/197 198/281/199 196/277/195
f 198/282/199 197/283/197 200/284/200
f 197/283/197 199/285/198 201/286/201
f 205/287/202 200/284/200 197/283/197
f 197/283/197 201/286/201 202/288/203
f 202/288/203 203/289/204 197/283/197
f 203/289/204 204/290/205 197/283/197
f 197/283/197 204/290/205 205/287/202
f 205/291/202 204/292/205 208/293/206
f 207/294/207 206/295/208 205/296/202
f 200/297/200 205/296/202 206/295/208
f 208/293/206 207/298/207 205/291/202
f 209/299/209 208/293/206 204/292/205
f 207/300/207 208/301/206 210/302/210
f 209/303/209 211/304/211 208/301/206
f 211/304/211 210/302/210 208/301/206
f 213/305/212 210/302/210 211/304/211
f 211/304/211 212/306/213 214/307/214
f 212/306/213 211/304/211 209/303/209
f 211/304/211 214/307/214 213/305/212
f 212/306/213 215/308/215 214/307/214
f 216/309/216 214/307/214 215/308/215
f 214/307/214 216/309/216 218/310/217
f 213/305/212 214/307/214 217/311/218
f 218/310/217 217/311/218 214/307/214
f 218/310/217 216/309/216 220/312/219
f 219/313/220 217/311/218 218/310/217
f 220/312/219 219/313/220 218/310/217
f 221/314/221 220/312/219 216/309/216
f 223/315/222 220/312/219 221/314/221
f 219/313/220 220/312/219 222/316/223
f 223/315/222 222/316/223 220/312/219
f 224/317/224 226/318/225 223/315/222
f 223/315/222 227/319/226 224/317/224
f 221/314/221 225/320/227 223/315/222
f 227/319/226 223/315/222 225/320/227
f 222/316/223 223/315/222 226/318/225
f 228/321/228 231/322/229 227/319/226
f 227/319/226 229/323/230 228/321/228
f 230/324/231 229/323/230 227/319/226
f 225/320/227 230/324/231 227/319/226
f 231/322/229 224/317/224 227/319/226
f 224/317/224 231/322/229 232/325/232
f 233/326/233 232/325/232 231/322/229
f 231/322/229 228/321/228 233/326/233
f 234/327/234 233/326/233 228/321/228
f 234/327/234 235/328/235 233/326/233
f 235/328/235 236/329/236 233/326/233
f 232/325/232 233/326/233 236/329/236
f 236/329/236 237/330/237 232/325/232
f 237/330/237 236/329/236 54/72/55
f 238/331/238 54/72/55 236/329/236
f 236/329/236 235/328/235 238/331/238
f 54/72/55 238/331/238 57/74/57
f 239/332/239 57/74/57 238/331/238
f 239/332/239 238/331/238 235/328/235
f 235/328/235 240/333/240 239/332/239
f 244/334/241 239/332/239 240/333/240
f 57/74/57 239/332/239 241/335/242
f 242/336/243 241/335/242 239/332/239
f 239/332/239 243/337/244 242/336/243
f 239/332/239 244/334/241 243/337/244
f 240/333/240 245/338/245 244/334/241
f 245/338/245 246/339/246 244/334/241
f 244/334/241 246/339/246 247/340/247
f 244/334/241 247/340/247 248/341/248
f 244/334/241 248/341/248 243/337/244
f 249/342/249 248/341/248 247/340/247
f 249/342/249 243/337/244 248/341/248
f 250/343/250 249/344/249 252/345/251
f 243/337/244 249/342/249 250/346/250
f 247/340/247 251/347/252 249/342/249
f 249/344/249 251/348/252 253/349/253
f 253/349/253 252/345/251 249/344/249
f 253/350/253 137/351/137 254/352/254
f 254/352/254 252/353/251 253/350/253
f 135/354/136 137/351/137 253/350/253
f 253/350/253 255/355/255 135/354/136
f 255/356/255 253/349/253 251/348/252
f 256/357/256 255/356/255 247/358/247
f 135/354/136 255/355/255 256/359/256
f 251/348/252 247/358/247 255/356/255
f 256/359/256 258/360/257 257/361/258
f 256/359/256 257/361/258 134/362/135
f 256/359/256 259/363/259 258/360/257
f 259/363/259 256/359/256 260/364/260
f 246/365/246 260/366/260 256/357/256
f 256/357/256 247/358/247 246/365/246
f 134/362/135 135/354/136 256/359/256
f 246/365/246 245/367/245 260/366/260
f 245/367/245 259/368/259 260/366/260
f 258/369/257 259/368/259 261/370/261
f 245/367/245 261/370/261 259/368/259
f 262/371/262 261/372/261 263/373/263
f 258/369/257 261/370/261 262/374/262
f 261/372/261 245/338/245 240/333/240
f 240/333/240 263/373/263 261/372/261
f 234/327/234 263/373/263 240/333/240
f 234/327/234 264/375/264 263/373/263
f 265/376/265 263/373/263 264/375/264
f 263/373/263 265/376/265 266/377/266
f 266/377/266 262/371/262 263/373/263
f 262/378/262 266/379/266 257/380/258
f 267/381/267 257/380/258 266/379/266
f 266/379/266 269/382/268 267/381/267
f 265/376/265 268/383/269 266/377/266
f 268/383/269 269/384/268 266/377/266
f 270/385/270 267/386/267 269/387/268
f 269/387/268 268/388/269 270/385/270
f 272/389/271 271/390/272 270/391/270
f 267/392/267 270/391/270 271/390/272
f 270/391/270 273/393/273 272/389/271
f 273/394/273 270/385/270 268/388/269
f 273/393/273 276/395/274 272/389/271
f 268/388/269 274/396/275 273/394/273
f 275/397/276 273/394/273 274/396/275
f 276/395/274 273/393/273 275/398/276
f 277/399/277 272/400/271 276/401/274
f 276/401/274 279/402/278 277/399/277
f 280/403/279 276/395/274 278/404/280
f 275/398/276 278/404/280 276/395/274
f 276/405/274 280/406/279 279/407/278
f 280/406/279 284/408/281 279/407/278
f 286/409/282 280/403/279 281/410/283
f 282/411/284 281/410/283 280/403/279
f 280/403/279 283/412/285 282/411/284
f 280/403/279 278/404/280 283/412/285
f 280/406/279 285/413/286 284/408/281
f 280/406/279 286/414/282 285/413/286
f 286/414/282 287/415/287 285/413/286
f 288/416/288 287/415/287 286/414/282
f 288/416/288 286/414/282 289/417/289
f 292/418/290 289/419/289 286/409/282
f 291/420/291 286/409/282 290/421/292
f 281/410/283 290/421/292 286/409/282
f 291/420/291 292/418/290 286/409/282
f 293/422/293 292/423/290 294/424/294
f 292/418/290 293/425/293 296/426/295
f 295/427/296 294/424/294 292/423/290
f 292/423/290 291/428/291 295/427/296
f 296/426/295 289/419/289 292/418/290
f 289/417/289 296/429/295 297/430/297
f 296/429/295 298/431/298 297/430/297
f 299/432/299 296/426/295 293/425/293
f 296/429/295 299/433/299 298/431/298
f 178/244/178 298/431/298 299/433/299
f 293/425/293 300/434/300 299/432/299
f 301/435/301 299/432/299 300/434/300
f 179/247/179 178/244/178 299/433/299
f 299/433/299 301/436/301 179/247/179
f 300/434/300 302/437/302 301/435/301
f 303/438/303 301/435/301 302/437/302
f 304/439/304 179/247/179 301/436/301
f 301/436/301 303/440/303 304/439/304
f 304/439/304 306/441/305 179/247/179
f 303/440/303 305/442/306 304/439/304
f 189/443/189 304/439/304 305/442/306
f 306/441/305 304/439/304 189/443/189
f 179/247/179 306/441/305 180/248/180
f 182/252/183 180/250/180 306/444/305
f 189/261/189 182/252/183 306/444/305
f 307/445/307 305/442/306 303/440/303
f 190/268/190 305/446/306 195/276/196
f 189/259/189 305/447/306 190/260/190
f 305/446/306 307/448/307 195/276/196
f 310/449/308 307/450/307 308/451/309
f 308/452/309 307/453/307 309/454/310
f 307/445/307 303/440/303 309/455/310
f 194/271/194 307/448/307 310/456/308
f 307/448/307 194/271/194 196/272/195
f 196/272/195 195/276/196 307/448/307
f 310/457/308 312/458/311 194/459/194
f 310/460/308 311/461/312 312/462/311
f 310/460/308 308/463/309 311/461/312
f 311/461/312 314/464/313 312/462/311
f 192/265/192 312/458/311 313/465/314
f 313/466/314 312/462/311 314/464/313
f 312/458/311 192/265/192 194/459/194
f 317/467/315 185/255/186 314/464/313
f 313/466/314 314/464/313 185/255/186
f 318/468/316 314/464/313 315/469/317
f 311/461/312 315/469/317 314/464/313
f 314/464/313 318/468/316 316/470/318
f 316/470/318 317/467/315 314/464/313
f 318/468/316 320/471/319 319/472/320
f 319/472/320 316/470/318 318/468/316
f 320/471/319 318/468/316 315/469/317
f 321/473/321 319/472/320 320/471/319
f 315/469/317 323/474/322 320/471/319
f 320/471/319 322/475/323 321/473/321
f 322/475/323 320/471/319 323/474/322
f 324/476/324 323/474/322 315/469/317
f 326/477/325 323/474/322 324/476/324
f 322/475/323 323/474/322 325/478/326
f 326/477/325 325/478/326 323/474/322
f 324/479/324 327/480/327 326/481/325
f 326/481/325 327/480/327 328/482/328
f 328/482/328 330/483/329 326/481/325
f 325/484/326 326/481/325 329/485/330
f 329/485/330 326/481/325 330/483/329
f 330/486/329 328/487/328 331/488/331
f 332/489/332 330/486/329 331/488/331
f 329/485/330 330/483/329 332/490/332
f 333/491/333 329/485/330 332/490/332
f 333/491/333 332/490/332 334/492/334
f 334/493/334 332/489/332 336/494/335
f 331/488/331 335/495/336 332/489/332
f 332/489/332 335/495/336 336/494/335
f 336/496/335 339/497/337 337/498/338
f 337/499/338 338/500/339 336/501/335
f 340/502/340 336/501/335 338/500/339
f 339/503/337 336/494/335 335/495/336
f 334/493/334 336/494/335 340/504/340
f 338/505/339 341/506/341 340/507/340
f 339/508/337 340/509/340 341/510/341
f 342/511/342 334/493/334 340/504/340
f 343/512/343 340/504/340 339/503/337
f 340/504/340 343/512/343 342/511/342
f 344/513/344 343/512/343 339/503/337
f 345/514/345 343/512/343 344/513/344
f 343/515/343 345/516/345 346/517/346
f 343/515/343 346/517/346 347/518/347
f 342/519/342 343/515/343 347/518/347
f 350/520/348 348/521/349 347/522/347
f 347/518/347 348/523/349 342/519/342
f 349/524/350 351/525/351 347/522/347
f 347/522/347 346/526/346 349/524/350
f 351/525/351 350/520/348 347/522/347
f 351/525/351 349/524/350 352/527/352
f 351/525/351 352/527/352 350/520/348
f 352/527/352 353/528/353 354/529/354
f 353/528/353 352/527/352 349/524/350
f 354/529/354 356/530/355 352/527/352
f 352/527/352 355/531/356 350/520/348
f 355/531/356 352/527/352 356/530/355
f 355/531/356 356/530/355 357/532/357
f 357/532/357 356/530/355 358/533/358
f 356/530/355 354/529/354 358/533/358
f 357/532/357 358/533/358 362/534/359
f 358/533/358 354/529/354 359/535/360
f 360/536/361 358/533/358 359/535/360
f 358/533/358 360/536/361 361/537/362
f 358/533/358 361/537/362 362/534/359
f 362/538/359 361/539/362 363/540/363
f 363/540/363 366/541/364 362/538/359
f 362/542/359 364/543/365 357/544/357
f 365/545/366 364/546/365 362/538/359
f 362/538/359 366/541/364 365/545/366
f 367/547/367 365/548/366 366/549/364
f 366/549/364 368/550/368 367/547/367
f 366/551/364 369/552/369 368/553/368
f 369/554/369 366/555/364 363/556/363
f 374/557/370 370/558/371 369/559/369
f 369/560/369 370/561/371 371/562/372
f 371/562/372 376/563/373 369/560/369
f 369/559/369 375/564/374 372/565/375
f 372/565/375 373/566/376 369/559/369
f 369/559/369 373/566/376 374/557/370
f 369/560/369 376/563/373 368/550/368
f 375/567/374 369/554/369 363/556/363
f 376/568/373 371/569/372 377/570/377
f 368/571/368 376/572/373 377/573/377
f 377/573/377 378/574/378 368/571/368
f 378/575/378 377/576/377 381/577/379
f 379/578/380 377/579/377 371/580/372
f 377/576/377 379/581/380 382/582/381
f 380/583/382 381/577/379 377/576/377
f 382/582/381 380/583/382 377/576/377
f 383/584/383 382/582/381 384/585/384
f 382/586/381 383/587/383 385/588/385
f 384/585/384 382/582/381 379/581/380
f 380/589/382 382/586/381 385/588/385
f 385/588/385 386/590/386 380/589/382
f 386/590/386 385/588/385 387/591/387
f 388/592/388 387/591/387 385/588/385
f 385/588/385 389/593/389 388/592/388
f 389/593/389 385/588/385 391/594/390
f 383/587/383 390/595/391 385/588/385
f 391/596/390 385/597/385 390/598/391
f 393/599/392 392/600/393 391/596/390
f 391/594/390 392/601/393 389/593/389
f 393/599/392 391/596/390 390/598/391
f 396/602/394 393/599/392 394/603/395
f 395/604/396 394/603/395 393/599/392
f 393/599/392 390/598/391 395/604/396
f 393/599/392 396/602/394 397/605/397
f 397/605/397 392/600/393 393/599/392
f 398/606/398 397/605/397 399/607/399
f 401/608/400 397/605/397 398/606/398
f 396/602/394 399/607/399 397/605/397
f 397/605/397 400/609/401 392/600/393
f 401/608/400 400/609/401 397/605/397
f 402/610/402 401/608/400 398/606/398
f 403/611/403 401/612/400 402/613/402
f 404/614/404 401/612/400 403/611/403
f 404/614/404 400/615/401 401/612/400
f 400/615/401 404/614/404 389/593/389
f 389/593/389 404/614/404 405/616/405
f 406/617/406 405/616/405 404/614/404
f 403/611/403 406/617/406 404/614/404
f 406/618/406 403/619/403 407/620/407
f 407/620/407 408/621/408 406/618/406
f 405/622/405 406/618/406 408/621/408
f 408/623/408 407/624/407 350/625/348
f 350/625/348 355/626/356 408/623/408
f 409/627/409 408/623/408 355/626/356
f 408/621/408 409/628/409 405/622/405
f 411/629/410 410/630/411 409/627/409
f 388/631/388 409/628/409 410/632/411
f 409/628/409 388/631/388 405/622/405
f 409/627/409 355/626/356 411/629/410
f 364/543/365 411/629/410 357/544/357
f 411/629/410 364/543/365 365/633/366
f 357/634/357 411/635/410 355/636/356
f 365/633/366 410/630/411 411/629/410
f 410/632/411 365/548/366 388/631/388
f 403/619/403 342/511/342 407/620/407
f 407/624/407 342/519/342 348/523/349
f 348/523/349 350/625/348 407/624/407
f 405/616/405 388/592/388 389/593/389
f 403/619/403 334/493/334 342/511/342
f 402/613/402 334/492/334 403/611/403
f 333/637/333 402/638/402 338/639/339
f 402/613/402 333/491/333 334/492/334
f 412/640/412 402/610/402 398/606/398
f 402/641/402 412/642/412 413/643/413
f 402/638/402 413/644/413 338/639/339
f 413/643/413 412/642/412 415/645/414
f 413/644/413 414/646/415 341/647/341
f 415/645/414 414/648/415 413/643/413
f 341/647/341 338/639/339 413/644/413
f 398/606/398 417/649/416 415/650/414
f 415/650/414 412/640/412 398/606/398
f 417/649/416 416/651/417 415/650/414
f 414/652/415 415/653/414 416/654/417
f 399/607/399 417/649/416 398/606/398
f 322/475/323 417/649/416 418/655/418
f 417/649/416 322/475/323 416/651/417
f 419/656/419 418/655/418 417/649/416
f 417/649/416 399/607/399 419/656/419
f 418/655/418 419/656/419 421/657/420
f 419/656/419 422/658/421 420/659/422
f 420/659/422 421/657/420 419/656/419
f 422/658/421 419/656/419 399/607/399
f 422/658/421 423/660/423 424/661/424
f 423/660/423 422/658/421 394/603/395
f 422/658/421 396/602/394 394/603/395
f 399/607/399 396/602/394 422/658/421
f 420/659/422 422/658/421 424/661/424
f 424/661/424 423/660/423 425/662/425
f 424/661/424 425/662/425 426/663/426
f 426/663/426 420/659/422 424/661/424
f 425/662/425 427/664/427 426/663/426
f 421/657/420 426/663/426 427/664/427
f 421/657/420 420/659/422 426/663/426
f 427/664/427 425/662/425 428/665/428
f 429/666/429 427/664/427 428/665/428
f 430/667/430 427/664/427 429/666/429
f 427/664/427 430/667/430 431/668/431
f 427/664/427 431/668/431 421/657/420
f 431/668/431 432/669/432 433/670/433
f 432/669/432 431/668/431 430/667/430
f 433/670/433 434/671/434 431/668/431
f 421/657/420 431/668/431 434/671/434
f 321/473/321 418/655/418 434/671/434
f 434/671/434 433/670/433 321/473/321
f 421/657/420 434/671/434 418/655/418
f 433/670/433 435/672/435 319/472/320
f 435/672/435 433/670/433 432/669/432
f 319/472/320 321/473/321 433/670/433
f 432/669/432 436/673/436 435/672/435
f 437/674/437 435/672/435 436/673/436
f 435/672/435 437/674/437 316/470/318
f 316/470/318 319/472/320 435/672/435
f 440/675/438 437/674/437 167/234/168
f 439/676/439 167/234/168 437/674/437
f 437/674/437 436/673/436 439/676/439
f 438/677/440 316/470/318 437/674/437
f 437/674/437 440/675/438 438/677/440
f 168/235/169 440/675/438 167/234/168
f 440/675/438 168/235/169 187/256/187
f 187/256/187 438/677/440 440/675/438
f 167/234/168 439/676/439 165/231/165
f 164/230/164 165/231/165 439/676/439
f 442/678/441 164/230/164 439/676/439
f 436/673/436 441/679/442 439/676/439
f 439/676/439 441/679/442 442/678/441
f 164/230/164 442/678/441 443/680/443
f 446/681/444 443/680/443 442/678/441
f 442/678/441 445/682/445 444/683/446
f 442/678/441 444/683/446 446/681/444
f 445/682/445 442/678/441 441/679/442
f 447/684/447 446/681/444 444/683/446
f 447/684/447 448/685/448 446/681/444
f 448/685/448 449/686/449 446/681/444
f 443/680/443 446/681/444 449/686/449
f 159/226/160 449/686/449 450/687/450
f 449/686/449 159/226/160 162/229/163
f 449/686/449 448/685/448 451/688/451
f 449/686/449 162/229/163 443/680/443
f 451/688/451 450/687/450 449/686/449
f 452/689/452 451/688/451 448/685/448
f 451/688/451 452/689/452 119/160/119
f 450/687/450 451/688/451 123/163/122
f 119/160/119 123/163/122 451/688/451
f 452/689/452 448/685/448 447/684/447
f 447/684/447 454/690/453 452/689/452
f 120/161/120 119/160/119 452/689/452
f 452/689/452 453/691/454 120/161/120
f 453/691/454 452/689/452 454/690/453
f 455/692/455 454/690/453 456/693/456
f 455/692/455 453/691/454 454/690/453
f 447/684/447 456/693/456 454/690/453
f 456/693/456 458/694/457 455/692/455
f 456/693/456 447/684/447 444/683/446
f 444/683/446 457/695/458 456/693/456
f 458/694/457 456/693/456 457/695/458
f 459/696/459 455/692/455 458/694/457
f 459/696/459 458/694/457 460/697/460
f 458/694/457 461/698/461 460/697/460
f 458/694/457 462/699/462 461/698/461
f 457/695/458 462/699/462 458/694/457
f 464/700/463 461/698/461 462/699/462
f 463/701/464 462/699/462 465/702/465
f 462/699/462 463/701/464 464/700/463
f 425/662/425 465/702/465 462/699/462
f 462/699/462 457/695/458 428/665/428
f 428/665/428 425/662/425 462/699/462
f 463/701/464 465/702/465 467/703/466
f 465/702/465 466/704/467 468/705/468
f 465/702/465 425/662/425 466/704/467
f 468/705/468 467/703/466 465/702/465
f 470/706/469 467/703/466 468/705/468
f 466/704/467 469/707/470 468/705/468
f 468/705/468 469/707/470 470/706/469
f 471/708/471 472/709/472 470/706/469
f 470/706/469 474/710/473 471/708/471
f 473/711/474 470/706/469 472/709/472
f 475/712/475 470/706/469 473/711/474
f 476/713/476 474/710/473 470/706/469
f 470/706/469 475/712/475 467/703/466
f 476/713/476 470/706/469 469/707/470
f 474/710/473 476/713/476 477/714/477
f 477/714/477 476/713/476 479/715/478
f 478/716/479 476/713/476 469/707/470
f 478/716/479 479/715/478 476/713/476
f 479/715/478 480/717/480 477/714/477
f 481/718/481 480/717/480 479/715/478
f 479/715/478 478/716/479 481/718/481
f 478/716/479 466/704/467 481/718/481
f 480/717/480 481/718/481 483/719/482
f 423/660/423 481/718/481 466/704/467
f 481/718/481 423/660/423 482/720/483
f 482/720/483 483/719/482 481/718/481
f 485/721/484 483/719/482 484/722/485
f 482/720/483 484/722/485 483/719/482
f 483/719/482 485/721/484 480/717/480
f 486/723/486 488/724/487 485/721/484
f 486/723/486 485/721/484 487/725/488
f 487/725/488 485/721/484 484/722/485
f 477/714/477 480/717/480 485/721/484
f 477/714/477 485/721/484 488/724/487
f 488/724/487 486/723/486 489/726/489
f 491/727/490 477/714/477 488/724/487
f 489/726/489 490/728/491 488/724/487
f 491/727/490 488/724/487 490/728/491
f 492/729/492 474/710/473 491/727/490
f 477/714/477 491/727/490 474/710/473
f 492/729/492 491/727/490 490/728/491
f 490/728/491 493/730/493 492/729/492
f 492/729/492 493/730/493 496/731/494
f 494/732/495 474/710/473 492/729/492
f 494/732/495 492/729/492 495/733/496
f 496/731/494 495/733/496 492/729/492
f 496/731/494 493/730/493 497/734/497
f 497/734/497 498/735/498 496/731/494
f 499/736/499 496/731/494 498/735/498
f 499/736/499 495/733/496 496/731/494
f 503/737/500 499/736/499 500/738/501
f 498/735/498 500/738/501 499/736/499
f 501/739/502 499/736/499 502/740/503
f 499/736/499 501/739/502 495/733/496
f 503/737/500 502/740/503 499/736/499
f 502/740/503 503/737/500 504/741/504
f 505/742/505 503/737/500 500/738/501
f 506/743/506 504/741/504 503/737/500
f 503/744/500 505/745/505 506/746/506
f 506/743/506 507/747/507 504/741/504
f 508/748/508 507/749/507 506/746/506
f 508/748/508 506/746/506 505/745/505
f 508/750/508 509/751/509 512/752/510
f 509/753/509 508/748/508 510/754/511
f 510/754/511 508/748/508 505/745/505
f 511/755/512 508/750/508 27/756/27
f 514/757/513 508/748/508 511/758/512
f 512/752/510 27/756/27 508/750/508
f 513/759/514 507/749/507 508/748/508
f 508/748/508 514/757/513 513/759/514
f 513/759/514 514/757/513 515/760/515
f 515/761/515 514/762/513 518/763/516
f 511/758/512 516/764/517 514/757/513
f 517/765/518 514/762/513 516/766/517
f 514/762/513 517/765/518 518/763/516
f 519/767/519 518/768/516 521/769/520
f 518/763/516 519/770/519 520/771/521
f 518/763/516 520/771/521 523/772/522
f 518/773/516 517/774/518 522/775/523
f 522/776/523 521/769/520 518/768/516
f 518/763/516 523/772/522 515/761/515
f 515/760/515 523/777/522 524/778/524
f 523/777/522 525/779/525 524/778/524
f 525/779/525 523/777/522 520/780/521
f 525/781/525 526/782/526 524/783/524
f 528/784/527 526/782/526 525/781/525
f 520/780/521 527/785/528 525/779/525
f 525/781/525 527/786/528 528/784/527
f 527/786/528 530/787/529 528/784/527
f 531/788/530 529/789/531 528/784/527
f 528/784/527 529/789/531 532/790/532
f 528/784/527 530/787/529 531/788/530
f 532/790/532 526/782/526 528/784/527
f 533/791/533 526/782/526 532/790/532
f 532/790/532 534/792/534 533/791/533
f 532/790/532 529/789/531 534/792/534
f 534/792/534 535/793/535 533/791/533
f 535/793/535 534/792/534 536/794/536
f 537/795/537 536/794/536 534/792/534
f 537/795/537 534/792/534 529/789/531
f 536/794/536 537/795/537 539/796/538
f 529/789/531 531/788/530 537/795/537
f 540/797/539 537/795/537 531/788/530
f 537/795/537 538/798/540 539/796/538
f 538/798/540 537/795/537 540/797/539
f 531/788/530 104/143/105 540/797/539
f 104/143/105 105/144/106 540/797/539
f 107/145/107 540/797/539 105/144/106
f 107/145/107 541/799/541 540/797/539
f 538/798/540 540/797/539 541/799/541
f 107/145/107 114/154/113 541/799/541
f 114/154/113 542/800/542 541/799/541
f 541/799/541 542/800/542 538/798/540
f 542/800/542 539/796/538 538/798/540
f 113/157/116 542/800/542 114/154/113
f 542/800/542 113/157/116 543/801/543
f 542/800/542 543/801/543 544/802/544
f 539/796/538 542/800/542 544/802/544
f 545/803/545 539/796/538 544/802/544
f 544/802/544 546/804/546 545/803/545
f 546/804/546 544/802/544 543/801/543
f 548/805/547 545/803/545 546/804/546
f 546/804/546 547/806/548 548/805/547
f 547/806/548 546/804/546 543/801/543
f 545/803/545 548/805/547 536/794/536
f 536/794/536 548/805/547 550/807/549
f 549/808/550 548/805/547 547/806/548
f 550/807/549 548/805/547 549/808/550
f 556/809/551 551/810/552 550/807/549
f 550/807/549 551/810/552 552/811/553
f 536/794/536 550/807/549 552/811/553
f 550/807/549 553/812/554 555/813/555
f 553/812/554 550/807/549 554/814/556
f 549/808/550 554/814/556 550/807/549
f 555/813/555 473/711/474 550/807/549
f 550/807/549 473/711/474 556/809/551
f 557/815/557 551/810/552 556/809/551
f 558/816/558 557/815/557 556/809/551
f 558/816/558 556/809/551 559/817/559
f 473/711/474 559/817/559 556/809/551
f 560/818/560 558/816/558 559/817/559
f 559/817/559 472/709/472 560/818/560
f 472/709/472 559/817/559 473/711/474
f 561/819/561 560/818/560 562/820/562
f 561/819/561 558/816/558 560/818/560
f 562/820/562 560/818/560 472/709/472
f 562/820/562 501/739/502 561/819/561
f 562/820/562 495/733/496 501/739/502
f 495/733/496 562/820/562 471/708/471
f 472/709/472 471/708/471 562/820/562
f 557/815/557 558/816/558 561/819/561
f 564/821/563 557/815/557 561/819/561
f 502/740/503 561/819/561 501/739/502
f 561/819/561 502/740/503 504/741/504
f 504/741/504 563/822/564 561/819/561
f 561/819/561 563/822/564 564/821/563
f 564/821/563 565/823/565 552/811/553
f 563/822/564 565/823/565 564/821/563
f 557/815/557 564/821/563 551/810/552
f 552/811/553 551/810/552 564/821/563
f 565/823/565 563/822/564 566/824/566
f 566/824/566 567/825/567 565/823/565
f 565/823/565 567/825/567 568/826/568
f 568/826/568 552/811/553 565/823/565
f 568/826/568 535/793/535 536/794/536
f 535/793/535 568/826/568 567/825/567
f 552/811/553 568/826/568 536/794/536
f 567/825/567 533/791/533 535/793/535
f 533/791/533 567/825/567 566/824/566
f 570/827/569 569/828/570 566/824/566
f 566/824/566 569/828/570 533/791/533
f 507/747/507 570/827/569 566/824/566
f 507/747/507 566/824/566 504/741/504
f 563/822/564 504/741/504 566/824/566
f 569/828/570 570/827/569 571/829/571
f 572/830/572 571/829/571 570/827/569
f 572/830/572 570/827/569 507/747/507
f 507/747/507 513/831/514 572/830/572
f 572/832/572 513/759/514 515/760/515
f 515/760/515 571/833/571 572/832/572
f 526/782/526 569/828/570 571/829/571
f 524/778/524 571/833/571 515/760/515
f 571/829/571 524/783/524 526/782/526
f 526/782/526 533/791/533 569/828/570
f 464/700/463 475/712/475 555/813/555
f 473/711/474 555/813/555 475/712/475
f 461/698/461 555/813/555 553/812/554
f 461/698/461 464/700/463 555/813/555
f 554/814/556 549/808/550 459/696/459
f 459/696/459 460/697/460 554/814/556
f 553/812/554 554/814/556 460/697/460
f 460/697/460 461/698/461 553/812/554
f 547/806/548 459/696/459 549/808/550
f 455/692/455 459/696/459 547/806/548
f 543/801/543 455/692/455 547/806/548
f 536/794/536 539/796/538 545/803/545
f 120/161/120 543/801/543 113/157/116
f 543/801/543 120/161/120 453/691/454
f 543/801/543 453/691/454 455/692/455
f 573/834/573 531/788/530 530/787/529
f 104/143/105 531/788/530 573/834/573
f 577/835/574 104/143/105 573/834/573
f 530/787/529 574/836/575 573/834/573
f 573/834/573 574/836/575 575/837/576
f 575/837/576 576/838/577 573/834/573
f 573/834/573 576/838/577 577/835/574
f 577/835/574 576/838/577 578/839/578
f 577/835/574 578/839/578 579/840/579
f 104/143/105 577/835/574 579/840/579
f 102/140/103 579/841/579 580/842/580
f 580/843/580 579/844/579 578/845/578
f 579/840/579 102/141/103 104/143/105
f 580/842/580 98/130/98 102/140/103
f 98/133/98 580/846/580 581/847/581
f 92/848/92 580/843/580 578/845/578
f 581/847/581 580/846/580 92/123/92
f 581/847/581 99/134/100 98/133/98
f 92/123/92 96/127/96 581/847/581
f 99/849/100 581/850/581 582/851/582
f 583/852/583 582/853/582 581/854/581
f 581/855/581 96/856/96 583/857/583
f 586/858/584 582/859/582 583/860/583
f 584/861/585 587/862/586 583/860/583
f 583/860/583 585/863/587 584/861/585
f 585/864/587 583/857/583 96/856/96
f 587/862/586 586/858/584 583/860/583
f 78/104/79 587/862/586 588/865/588
f 587/862/586 584/861/585 588/865/588
f 589/866/589 586/867/584 587/868/586
f 587/869/586 590/870/590 589/871/589
f 590/872/590 587/873/586 78/98/79
f 78/98/79 79/97/78 590/872/590
f 589/874/589 590/872/590 76/96/77
f 590/872/590 79/97/78 76/96/77
f 592/875/591 591/876/592 589/877/589
f 589/866/589 591/878/592 586/867/584
f 589/877/589 76/94/77 592/875/591
f 75/93/76 592/875/591 76/94/77
f 592/875/591 75/93/76 591/876/592
f 75/93/76 593/879/593 591/876/592
f 594/880/594 591/878/592 593/881/593
f 594/880/594 586/867/584 591/878/592
f 598/882/595 595/883/596 594/884/594
f 595/883/596 586/885/584 594/884/594
f 593/881/593 596/886/597 594/880/594
f 594/884/594 596/887/597 597/888/598
f 597/888/598 598/882/595 594/884/594
f 598/889/595 597/890/598 600/891/599
f 600/891/599 599/892/600 598/889/595
f 595/893/596 598/894/595 599/895/600
f 600/896/599 601/897/601 603/898/602
f 601/899/601 600/891/599 597/890/598
f 599/900/600 600/896/599 602/901/603
f 600/896/599 603/898/602 602/901/603
f 603/898/602 604/902/604 57/74/57
f 57/74/57 241/335/242 603/898/602
f 604/902/604 603/898/602 607/903/605
f 241/335/242 602/901/603 603/898/602
f 601/897/601 605/904/606 603/898/602
f 605/904/606 606/905/607 603/898/602
f 603/898/602 606/905/607 607/903/605
f 608/906/608 607/903/605 62/79/62
f 607/903/605 608/906/608 604/902/604
f 607/903/605 67/83/66 62/79/62
f 607/903/605 606/905/607 67/83/66
f 57/74/57 608/906/608 58/75/58
f 608/906/608 57/74/57 604/902/604
f 62/79/62 58/75/58 608/906/608
f 606/905/607 605/904/606 593/879/593
f 593/879/593 75/93/76 606/905/607
f 75/93/76 70/88/71 606/905/607
f 67/83/66 606/905/607 70/88/71
f 593/881/593 605/907/606 596/886/597
f 605/907/606 609/908/609 596/886/597
f 605/907/606 601/899/601 609/908/609
f 596/887/597 609/909/609 597/888/598
f 597/890/598 609/908/609 601/899/601
f 241/335/242 610/910/610 602/901/603
f 602/901/603 610/910/610 599/900/600
f 610/910/610 241/335/242 242/336/243
f 611/911/611 610/910/610 242/336/243
f 610/910/610 611/911/611 612/912/612
f 612/912/612 599/900/600 610/910/610
f 595/893/596 612/913/612 613/914/613
f 599/895/600 612/913/612 595/893/596
f 613/915/613 612/916/612 611/917/611
f 613/914/613 614/918/614 595/893/596
f 615/919/615 614/920/614 613/915/613
f 613/915/613 611/917/611 615/919/615
f 615/921/615 617/922/616 616/923/617
f 615/921/615 616/923/617 584/861/585
f 250/343/250 617/924/616 615/919/615
f 584/861/585 614/925/614 615/921/615
f 615/919/615 611/917/611 250/343/250
f 617/922/616 618/926/618 616/923/617
f 252/345/251 617/924/616 250/343/250
f 617/922/616 252/353/251 618/926/618
f 616/927/617 618/928/618 619/929/619
f 620/930/620 619/929/619 618/928/618
f 254/352/254 618/926/618 252/353/251
f 621/931/621 620/930/620 618/928/618
f 618/928/618 254/932/254 621/931/621
f 138/198/139 621/931/621 254/932/254
f 622/933/622 620/930/620 621/931/621
f 622/933/622 621/931/621 623/934/623
f 623/934/623 621/931/621 129/935/130
f 138/198/139 129/935/130 621/931/621
f 117/158/117 112/153/112 623/936/623
f 622/937/622 623/936/623 112/153/112
f 117/158/117 623/936/623 129/173/130
f 622/937/622 112/153/112 109/150/109
f 622/933/622 619/929/619 620/930/620
f 109/148/109 619/929/619 622/933/622
f 619/929/619 109/148/109 94/125/94
f 616/927/617 619/929/619 94/125/94
f 584/938/585 616/927/617 94/125/94
f 595/939/596 614/925/614 585/863/587
f 614/925/614 584/861/585 585/863/587
f 611/911/611 242/336/243 250/346/250
f 582/940/582 586/941/584 595/942/596
f 595/939/596 585/863/587 582/859/582
f 588/865/588 81/101/81 78/104/79
f 81/114/81 588/943/588 88/117/89
f 91/118/90 88/117/89 588/943/588
f 588/943/588 584/938/585 91/118/90
f 96/944/96 99/945/100 585/946/587
f 582/851/582 585/947/587 99/849/100
f 584/938/585 94/125/94 91/118/90
f 578/948/578 576/949/577 624/950/624
f 578/845/578 624/951/624 92/848/92
f 576/949/577 625/952/625 624/950/624
f 624/950/624 90/119/91 92/120/92
f 90/119/91 624/950/624 625/952/625
f 625/952/625 576/949/577 575/953/576
f 90/119/91 625/952/625 87/115/87
f 575/953/576 87/115/87 625/952/625
f 575/953/576 626/954/626 85/110/85
f 574/836/575 626/955/626 575/837/576
f 87/115/87 575/953/576 85/110/85
f 626/956/626 520/771/521 519/770/519
f 520/780/521 626/954/626 527/785/528
f 626/955/626 574/836/575 527/786/528
f 627/957/627 626/956/626 628/958/628
f 626/954/626 627/959/627 85/110/85
f 628/958/628 626/956/626 519/770/519
f 627/959/627 628/960/628 516/764/517
f 517/765/518 516/766/517 628/958/628
f 519/770/519 517/765/518 628/958/628
f 627/959/627 516/764/517 629/961/629
f 629/961/629 84/111/84 627/959/627
f 85/110/85 627/959/627 84/111/84
f 629/962/629 511/755/512 522/963/523
f 511/758/512 629/961/629 516/764/517
f 630/964/630 84/109/84 629/962/629
f 522/963/523 630/964/630 629/962/629
f 517/965/518 519/966/519 630/967/630
f 521/968/520 630/969/630 519/970/519
f 630/971/630 522/775/523 517/774/518
f 82/108/83 630/964/630 521/972/520
f 630/964/630 82/108/83 84/109/84
f 527/786/528 574/836/575 530/787/529
f 522/963/523 511/755/512 632/973/631
f 521/972/520 522/963/523 631/974/632
f 633/975/633 631/974/632 522/963/523
f 632/973/631 633/975/633 522/963/523
f 633/976/633 632/977/631 634/978/634
f 633/976/633 634/978/634 636/979/635
f 636/979/635 635/980/636 633/976/633
f 631/981/632 633/976/633 635/980/636
f 634/982/634 637/983/637 636/984/635
f 635/985/636 636/984/635 637/983/637
f 635/985/636 637/983/637 69/87/70
f 66/84/67 69/87/70 637/983/637
f 634/982/634 638/986/638 637/983/637
f 638/986/638 66/84/67 637/983/637
f 638/987/638 634/988/634 632/989/631
f 639/990/639 638/987/638 632/989/631
f 65/82/65 66/84/67 638/986/638
f 638/986/638 639/991/639 65/82/65
f 632/989/631 27/40/27 639/990/639
f 640/992/640 639/990/639 27/40/27
f 639/991/639 640/993/640 641/994/641
f 641/994/641 65/82/65 639/991/639
f 65/82/65 641/994/641 63/80/63
f 641/994/641 38/55/38 63/80/63
f 38/55/38 641/994/641 640/993/640
f 36/53/37 640/992/640 27/40/27
f 640/993/640 36/54/37 38/55/38
f 69/87/70 73/91/74 635/985/636
f 631/995/632 635/996/636 73/997/74
f 27/756/27 632/973/631 511/755/512
f 631/974/632 82/108/83 521/972/520
f 82/106/83 631/995/632 73/997/74
f 642/998/642 512/752/510 509/751/509
f 27/40/27 512/999/510 23/38/24
f 643/1000/643 512/1001/510 642/1002/642
f 512/999/510 643/1003/643 23/38/24
f 23/35/24 643/1004/643 644/1005/644
f 644/1006/644 643/1000/643 642/1002/642
f 16/27/16 23/35/24 644/1005/644
f 644/1005/644 645/1007/645 16/27/16
f 646/1008/646 645/1009/645 644/1006/644
f 642/1002/642 646/1008/646 644/1006/644
f 9/10/7 646/1010/646 2/1/1
f 646/1010/646 647/1011/647 2/1/1
f 646/1010/646 642/998/642 647/1011/647
f 645/1012/645 646/1013/646 9/14/7
f 2/1014/1 647/1015/647 648/1016/648
f 649/1017/649 648/1016/648 647/1015/647
f 5/8/6 647/1011/647 509/751/509
f 647/1011/647 5/8/6 4/9/5
f 647/1018/647 4/1019/5 649/1020/649
f 509/751/509 647/1011/647 642/998/642
f 649/1021/649 3/1022/4 651/1023/650
f 3/6/4 649/1024/649 4/7/5
f 648/1025/648 649/1021/649 650/1026/651
f 649/1021/649 651/1023/650 650/1026/651
f 650/1026/651 651/1023/650 653/1027/652
f 651/1028/650 652/1029/653 655/1030/654
f 3/1022/4 652/1031/653 651/1023/650
f 651/1032/650 654/1033/655 653/1034/652
f 655/1035/654 654/1036/655 651/1037/650
f 657/1038/656 655/1039/654 656/1040/657
f 655/1041/654 652/1042/653 656/1043/657
f 654/1033/655 655/1039/654 657/1038/656
f 657/1038/656 658/1044/658 7/1045/9
f 7/1045/9 654/1033/655 657/1038/656
f 657/1038/656 659/1046/659 658/1044/658
f 657/1038/656 660/1047/660 659/1046/659
f 660/1047/660 657/1038/656 661/1048/661
f 657/1038/656 656/1040/657 661/1048/661
f 661/1048/661 662/1049/662 664/1050/663
f 486/723/486 662/1051/662 661/1052/661
f 661/1052/661 656/1043/657 486/723/486
f 663/1053/664 660/1047/660 661/1048/661
f 664/1050/663 663/1053/664 661/1048/661
f 665/1054/665 664/1055/663 662/1051/662
f 380/589/382 663/1053/664 664/1050/663
f 664/1056/663 665/1057/665 381/1058/379
f 380/1059/382 664/1056/663 381/1058/379
f 665/1054/665 662/1051/662 487/725/488
f 487/725/488 666/1060/666 665/1054/665
f 665/1061/665 666/1062/666 381/1063/379
f 666/1060/666 487/725/488 484/722/485
f 666/1062/666 667/1064/667 668/1065/668
f 484/722/485 667/1066/667 666/1060/666
f 666/1062/666 668/1065/668 381/1063/379
f 378/575/378 668/1067/668 384/585/384
f 384/1068/384 668/1065/668 667/1064/667
f 381/577/379 668/1067/668 378/575/378
f 670/1069/669 667/1066/667 669/1070/670
f 669/1070/670 667/1066/667 484/722/485
f 667/1064/667 670/1071/669 384/1068/384
f 390/598/391 670/1069/669 669/1070/670
f 390/598/391 383/1072/383 670/1069/669
f 670/1071/669 383/1073/383 384/1068/384
f 482/720/483 669/1070/670 484/722/485
f 395/604/396 669/1070/670 482/720/483
f 669/1070/670 395/604/396 390/598/391
f 380/589/382 659/1046/659 663/1053/664
f 660/1047/660 663/1053/664 659/1046/659
f 662/1051/662 486/723/486 487/725/488
f 386/590/386 658/1044/658 659/1046/659
f 386/590/386 659/1046/659 380/589/382
f 671/1074/671 7/1045/9 658/1044/658
f 671/1074/671 658/1044/658 386/590/386
f 386/590/386 387/591/387 671/1074/671
f 671/1075/671 387/1076/387 370/561/371
f 370/561/371 672/1077/672 671/1075/671
f 7/12/9 671/1075/671 672/1077/672
f 10/20/8 672/1078/672 12/18/12
f 672/1077/672 10/11/8 7/12/9
f 374/557/370 673/1079/673 672/1078/672
f 672/1078/672 370/558/371 374/557/370
f 672/1078/672 673/1079/673 12/18/12
f 674/1080/674 14/22/13 673/1081/673
f 674/1082/674 673/1079/673 374/557/370
f 12/21/12 673/1081/673 14/22/13
f 674/1080/674 675/1083/675 14/22/13
f 675/1083/675 674/1080/674 373/1084/376
f 374/557/370 373/566/376 674/1082/674
f 676/1085/676 675/1083/675 372/1086/375
f 373/1084/376 372/1086/375 675/1083/675
f 676/1085/676 17/29/18 675/1083/675
f 675/1083/675 17/29/18 14/22/13
f 372/1086/375 677/1087/677 676/1085/676
f 21/33/22 676/1085/676 677/1087/677
f 676/1085/676 21/33/22 17/29/18
f 375/564/374 677/1088/677 372/565/375
f 678/1089/678 679/1090/679 677/1088/677
f 375/564/374 678/1089/678 677/1088/677
f 677/1087/677 679/1091/679 21/33/22
f 678/1089/678 681/1092/680 679/1090/679
f 679/1091/679 680/1093/681 21/33/22
f 681/1092/680 680/1094/681 679/1090/679
f 682/1095/682 681/1096/680 678/1097/678
f 680/1094/681 681/1092/680 682/1098/682
f 684/1099/683 682/1098/682 683/1100/684
f 683/1101/684 682/1095/682 678/1097/678
f 682/1098/682 684/1099/683 680/1094/681
f 360/536/361 684/1102/683 361/537/362
f 360/536/361 680/1093/681 684/1102/683
f 683/1100/684 361/1103/362 684/1099/683
f 361/1103/362 683/1100/684 363/1104/363
f 363/556/363 683/1101/684 678/1097/678
f 360/536/361 21/33/22 680/1093/681
f 678/1097/678 375/567/374 363/556/363
f 489/726/489 486/723/486 656/1043/657
f 685/1105/685 489/726/489 656/1043/657
f 656/1043/657 652/1042/653 685/1105/685
f 687/1106/686 685/1107/685 686/1108/687
f 685/1109/685 652/1110/653 686/1111/687
f 685/1105/685 490/728/491 489/726/489
f 685/1105/685 687/1112/686 493/730/493
f 493/730/493 490/728/491 685/1105/685
f 688/1113/688 497/1114/497 687/1106/686
f 686/1108/687 688/1113/688 687/1106/686
f 493/730/493 687/1112/686 497/734/497
f 688/1113/688 510/1115/511 500/1116/501
f 510/1117/511 688/1118/688 648/1025/648
f 688/1118/688 686/1119/687 648/1025/648
f 498/1120/498 497/1114/497 688/1113/688
f 688/1113/688 500/1116/501 498/1120/498
f 686/1119/687 652/1031/653 3/1022/4
f 3/1022/4 648/1025/648 686/1119/687
f 7/1045/9 653/1034/652 654/1033/655
f 650/1121/651 653/1034/652 8/1122/10
f 653/1034/652 7/1045/9 8/1122/10
f 510/754/511 650/1123/651 509/753/509
f 650/1026/651 510/1117/511 648/1025/648
f 8/1122/10 509/1124/509 650/1121/651
f 648/1125/648 3/1126/4 2/1127/1
f 9/14/7 13/26/15 645/1012/645
f 645/1007/645 13/25/15 16/27/16
f 505/742/505 500/738/501 510/1128/511
f 509/751/509 8/13/10 5/8/6
f 495/733/496 471/708/471 494/732/495
f 474/710/473 494/732/495 471/708/471
f 394/603/395 482/720/483 423/660/423
f 394/603/395 395/604/396 482/720/483
f 466/704/467 478/716/479 469/707/470
f 463/701/464 467/703/466 475/712/475
f 464/700/463 463/701/464 475/712/475
f 466/704/467 425/662/425 423/660/423
f 457/695/458 444/683/446 429/666/429
f 428/665/428 457/695/458 429/666/429
f 159/226/160 450/687/450 689/1129/689
f 123/163/122 689/1129/689 450/687/450
f 150/216/150 689/1129/689 122/165/124
f 689/1129/689 150/216/150 159/226/160
f 689/1129/689 123/163/122 122/165/124
f 429/666/429 445/682/445 430/667/430
f 445/682/445 429/666/429 444/683/446
f 445/682/445 441/679/442 430/667/430
f 443/680/443 162/229/163 164/230/164
f 430/667/430 441/679/442 432/669/432
f 436/673/436 432/669/432 441/679/442
f 185/255/186 317/467/315 438/677/440
f 438/677/440 187/256/187 185/255/186
f 316/470/318 438/677/440 317/467/315
f 418/655/418 321/473/321 322/475/323
f 690/1130/690 416/651/417 322/475/323
f 691/1131/691 416/654/417 690/1132/690
f 416/654/417 691/1131/691 414/652/415
f 341/647/341 691/1133/691 692/1134/692
f 692/1135/692 691/1131/691 690/1132/690
f 414/646/415 691/1133/691 341/647/341
f 692/1135/692 690/1132/690 693/1136/693
f 692/1134/692 333/637/333 337/1137/338
f 692/1134/692 337/1137/338 341/647/341
f 693/1138/693 333/637/333 692/1134/692
f 329/485/330 333/491/333 693/1139/693
f 325/484/326 329/485/330 693/1139/693
f 325/478/326 693/1140/693 690/1130/690
f 322/475/323 325/478/326 690/1130/690
f 389/593/389 392/601/393 400/615/401
f 387/1076/387 388/631/388 371/562/372
f 388/631/388 365/548/366 367/547/367
f 367/547/367 371/562/372 388/631/388
f 370/561/371 387/1076/387 371/562/372
f 379/581/380 378/575/378 384/585/384
f 378/574/378 379/1141/380 367/1142/367
f 371/580/372 367/1143/367 379/578/380
f 367/1142/367 368/571/368 378/574/378
f 694/1144/694 21/33/22 360/536/361
f 360/536/361 695/1145/695 694/1144/694
f 695/1145/695 360/536/361 359/535/360
f 695/1145/695 696/1146/696 694/1144/694
f 695/1145/695 359/535/360 696/1146/696
f 696/1146/696 359/535/360 699/1147/697
f 696/1146/696 698/1148/698 697/1149/699
f 697/1149/699 694/1144/694 696/1146/696
f 698/1148/698 696/1146/696 699/1147/697
f 700/1150/700 699/1147/697 703/1151/701
f 700/1150/700 698/1148/698 699/1147/697
f 701/1152/702 702/1153/703 699/1147/697
f 704/1154/704 701/1152/702 699/1147/697
f 703/1151/701 699/1147/697 702/1153/703
f 699/1147/697 359/535/360 704/1154/704
f 705/1155/705 704/1154/704 359/535/360
f 704/1154/704 705/1155/705 706/1156/706
f 704/1154/704 706/1156/706 708/1157/707
f 704/1154/704 707/1158/708 701/1152/702
f 707/1158/708 704/1154/704 709/1159/709
f 708/1157/707 709/1159/709 704/1154/704
f 709/1159/709 708/1157/707 710/1160/710
f 710/1160/710 711/1161/711 709/1159/709
f 709/1159/709 712/1162/712 707/1158/708
f 712/1162/712 709/1159/709 711/1161/711
f 713/1163/713 707/1158/708 712/1162/712
f 716/1164/714 713/1163/713 712/1162/712
f 714/1165/715 712/1162/712 715/1166/716
f 712/1162/712 714/1165/715 716/1164/714
f 711/1161/711 715/1166/716 712/1162/712
f 50/66/49 713/1163/713 716/1164/714
f 716/1164/714 717/1167/717 50/66/49
f 717/1167/717 716/1164/714 718/1168/718
f 718/1168/718 716/1164/714 714/1165/715
f 719/1169/719 717/1167/717 718/1168/718
f 718/1168/718 720/1170/720 719/1169/719
f 714/1165/715 219/313/220 718/1168/718
f 222/316/223 718/1168/718 219/313/220
f 720/1170/720 718/1168/718 222/316/223
f 720/1170/720 226/318/225 719/1169/719
f 226/318/225 720/1170/720 222/316/223
f 717/1167/717 719/1169/719 49/67/50
f 237/330/237 49/67/50 719/1169/719
f 237/330/237 719/1169/719 226/318/225
f 49/67/50 50/66/49 717/1167/717
f 715/1166/716 219/313/220 714/1165/715
f 721/1171/721 217/311/218 715/1166/716
f 715/1166/716 711/1161/711 721/1171/721
f 219/313/220 715/1166/716 217/311/218
f 210/302/210 213/305/212 721/1171/721
f 721/1171/721 722/1172/722 210/302/210
f 722/1172/722 721/1171/721 723/1173/723
f 723/1173/723 721/1171/721 711/1161/711
f 217/311/218 721/1171/721 213/305/212
f 723/1173/723 724/1174/724 722/1172/722
f 711/1161/711 710/1160/710 723/1173/723
f 724/1174/724 723/1173/723 710/1160/710
f 726/1175/725 724/1174/724 725/1176/726
f 710/1160/710 725/1176/726 724/1174/724
f 724/1174/724 726/1175/725 722/1172/722
f 726/1175/725 728/1177/727 727/1178/728
f 727/1178/728 722/1172/722 726/1175/725
f 728/1177/727 726/1175/725 725/1176/726
f 731/1179/729 727/1178/728 728/1177/727
f 725/1176/726 729/1180/730 728/1177/727
f 728/1177/727 729/1180/730 730/1181/731
f 730/1181/731 732/1182/732 728/1177/727
f 731/1179/729 728/1177/727 732/1182/732
f 733/1183/733 335/1184/336 732/1185/732
f 731/1186/729 732/1187/732 335/1188/336
f 732/1185/732 730/1189/731 733/1183/733
f 335/495/336 733/1190/733 339/503/337
f 733/1190/733 344/513/344 339/503/337
f 344/1191/344 733/1183/733 730/1189/731
f 335/1188/336 331/1192/331 731/1186/729
f 734/1193/734 731/1186/729 331/1192/331
f 727/1178/728 731/1179/729 734/1194/734
f 331/1192/331 737/1195/735 734/1193/734
f 735/1196/736 736/1197/737 734/1194/734
f 735/1198/736 734/1193/734 737/1195/735
f 734/1194/734 736/1197/737 727/1178/728
f 737/1199/735 331/488/331 328/487/328
f 737/1195/735 738/1200/738 735/1198/736
f 738/1201/738 737/1199/735 739/1202/739
f 328/487/328 739/1202/739 737/1199/735
f 741/1203/740 739/1202/739 309/1204/310
f 309/454/310 739/1205/739 308/452/309
f 739/1205/739 740/1206/741 308/452/309
f 741/1203/740 738/1201/738 739/1202/739
f 739/1205/739 328/482/328 327/480/327
f 739/1205/739 327/480/327 740/1206/741
f 200/284/200 741/1203/740 309/1204/310
f 738/1200/738 741/1207/740 742/1208/742
f 741/1209/740 200/297/200 206/295/208
f 206/295/208 742/1210/742 741/1209/740
f 735/1196/736 742/1211/742 206/1212/208
f 742/1208/742 735/1198/736 738/1200/738
f 740/1213/741 311/461/312 308/463/309
f 740/1213/741 743/1214/743 311/461/312
f 743/1215/743 740/1206/741 327/480/327
f 315/469/317 311/461/312 743/1214/743
f 743/1214/743 324/476/324 315/469/317
f 743/1215/743 327/480/327 324/479/324
f 744/1216/744 727/1178/728 736/1197/737
f 206/1212/208 736/1197/737 735/1196/736
f 206/1212/208 744/1216/744 736/1197/737
f 210/302/210 744/1216/744 207/300/207
f 744/1216/744 210/302/210 722/1172/722
f 206/1212/208 207/300/207 744/1216/744
f 727/1178/728 744/1216/744 722/1172/722
f 730/1189/731 729/1217/730 344/1191/344
f 729/1218/730 745/1219/745 344/1220/344
f 729/1218/730 746/1221/746 745/1219/745
f 725/1176/726 746/1222/746 729/1180/730
f 746/1221/746 747/1223/747 745/1219/745
f 747/1223/747 746/1221/746 748/1224/748
f 748/1225/748 746/1222/746 708/1157/707
f 725/1176/726 708/1157/707 746/1222/746
f 349/524/350 346/526/346 748/1225/748
f 345/516/345 748/1224/748 346/517/346
f 708/1157/707 349/524/350 748/1225/748
f 345/516/345 747/1223/747 748/1224/748
f 345/514/345 745/1226/745 747/1227/747
f 345/514/345 344/513/344 745/1226/745
f 725/1176/726 710/1160/710 708/1157/707
f 47/64/47 702/1153/703 713/1163/713
f 713/1163/713 50/66/49 47/64/47
f 707/1158/708 713/1163/713 702/1153/703
f 706/1156/706 349/524/350 708/1157/707
f 702/1153/703 701/1152/702 707/1158/708
f 349/524/350 706/1156/706 705/1155/705
f 359/535/360 353/528/353 705/1155/705
f 349/524/350 705/1155/705 353/528/353
f 750/1228/749 703/1151/701 749/1229/750
f 749/1229/750 703/1151/701 702/1153/703
f 751/1230/751 700/1150/700 703/1151/701
f 703/1151/701 750/1228/749 751/1230/751
f 751/1230/751 752/1231/752 700/1150/700
f 752/1231/752 751/1230/751 31/46/31
f 750/1228/749 31/46/31 751/1230/751
f 698/1148/698 700/1150/700 752/1231/752
f 698/1148/698 752/1231/752 697/1149/699
f 752/1231/752 20/32/21 697/1149/699
f 31/46/31 20/32/21 752/1231/752
f 753/1232/753 754/1233/754 750/1228/749
f 749/1229/750 753/1232/753 750/1228/749
f 32/47/32 31/46/31 750/1228/749
f 32/47/32 750/1228/749 754/1233/754
f 41/58/41 32/47/32 754/1233/754
f 41/58/41 754/1233/754 46/63/46
f 753/1232/753 46/63/46 754/1233/754
f 753/1232/753 749/1229/750 702/1153/703
f 702/1153/703 47/64/47 753/1232/753
f 46/63/46 753/1232/753 47/64/47
f 697/1149/699 20/32/21 694/1144/694
f 694/1144/694 20/32/21 21/33/22
f 359/535/360 354/529/354 353/528/353
f 341/510/341 337/1234/338 339/508/337
f 338/639/339 337/1137/338 333/637/333
f 192/265/192 313/465/314 186/266/185
f 185/255/186 186/254/185 313/466/314
f 200/284/200 309/1204/310 198/282/199
f 199/285/198 198/282/199 309/1204/310
f 309/1204/310 303/438/303 199/285/198
f 303/438/303 201/286/201 199/285/198
f 302/437/302 201/286/201 303/438/303
f 201/1235/201 302/1236/302 755/1237/755
f 302/1236/302 300/1238/300 755/1237/755
f 755/1239/755 759/1240/756 756/1241/757
f 755/1237/755 756/1242/757 201/1235/201
f 758/1243/758 755/1239/755 757/1244/759
f 757/1245/759 755/1237/755 300/1238/300
f 755/1239/755 758/1243/758 759/1240/756
f 762/1246/760 756/1241/757 759/1240/756
f 759/1240/756 758/1243/758 760/1247/761
f 759/1240/756 760/1247/761 212/306/213
f 759/1240/756 212/306/213 761/1248/762
f 761/1248/762 762/1246/760 759/1240/756
f 756/1242/757 762/1249/760 202/1250/203
f 202/1250/203 762/1249/760 761/1251/762
f 761/1251/762 203/1252/204 202/1250/203
f 203/1252/204 761/1251/762 209/299/209
f 209/303/209 761/1248/762 212/306/213
f 212/306/213 760/1247/761 215/308/215
f 763/1253/763 215/308/215 760/1247/761
f 760/1247/761 758/1243/758 763/1253/763
f 758/1243/758 764/1254/764 763/1253/763
f 765/1255/765 763/1253/763 764/1254/764
f 763/1253/763 765/1255/765 766/1256/766
f 766/1256/766 215/308/215 763/1253/763
f 221/314/221 216/309/216 766/1256/766
f 768/1257/767 221/314/221 766/1256/766
f 767/1258/768 766/1256/766 765/1255/765
f 766/1256/766 767/1258/768 768/1257/767
f 215/308/215 766/1256/766 216/309/216
f 230/324/231 225/320/227 768/1257/767
f 768/1257/767 769/1259/769 230/324/231
f 225/320/227 221/314/221 768/1257/767
f 767/1258/768 770/1260/770 768/1257/767
f 769/1259/769 768/1257/767 770/1260/770
f 770/1260/770 772/1261/771 771/1262/772
f 769/1259/769 770/1260/770 771/1262/772
f 770/1260/770 767/1258/768 765/1255/765
f 765/1255/765 772/1261/771 770/1260/770
f 773/1263/773 772/1261/771 765/1255/765
f 772/1261/771 773/1263/773 294/1264/294
f 295/1265/296 772/1261/771 294/1264/294
f 772/1261/771 295/1265/296 774/1266/774
f 772/1261/771 774/1266/774 771/1262/772
f 771/1267/772 774/1268/774 775/1269/775
f 291/428/291 775/1269/775 774/1268/774
f 774/1268/774 295/427/296 291/428/291
f 776/1270/776 775/1271/775 290/421/292
f 290/421/292 775/1271/775 291/420/291
f 775/1269/775 776/1272/776 771/1267/772
f 290/421/292 282/411/284 776/1270/776
f 777/1273/777 776/1270/776 282/411/284
f 776/1272/776 777/1274/777 778/1275/778
f 778/1275/778 771/1267/772 776/1272/776
f 771/1262/772 778/1276/778 769/1259/769
f 778/1276/778 779/1277/779 769/1259/769
f 779/1278/779 778/1275/778 777/1274/777
f 780/1279/780 781/1280/781 779/1278/779
f 777/1274/777 780/1279/780 779/1278/779
f 229/323/230 769/1259/769 779/1277/779
f 229/323/230 779/1277/779 781/1281/781
f 783/1282/782 781/1281/781 782/1283/783
f 283/1284/285 782/1285/783 781/1286/781
f 783/1282/782 229/323/230 781/1281/781
f 781/1286/781 780/1287/780 283/1284/285
f 784/1288/784 783/1282/782 782/1283/783
f 783/1282/782 784/1288/784 785/1289/785
f 785/1289/785 229/323/230 783/1282/782
f 265/376/265 264/375/264 785/1289/785
f 265/376/265 785/1289/785 268/383/269
f 274/1290/275 785/1289/785 784/1288/784
f 229/323/230 785/1289/785 228/321/228
f 785/1289/785 274/1290/275 268/383/269
f 264/375/264 228/321/228 785/1289/785
f 786/1291/786 784/1288/784 782/1283/783
f 274/1290/275 784/1288/784 786/1291/786
f 278/1292/280 275/397/276 786/1293/786
f 786/1293/786 787/1294/787 278/1292/280
f 782/1283/783 787/1295/787 786/1291/786
f 274/396/275 786/1293/786 275/397/276
f 787/1296/787 782/1285/783 283/1284/285
f 283/1284/285 278/1297/280 787/1296/787
f 283/412/285 780/1298/780 282/411/284
f 780/1298/780 777/1273/777 282/411/284
f 764/1254/764 773/1263/773 765/1255/765
f 788/1299/788 773/1263/773 764/1254/764
f 773/1263/773 788/1299/788 294/1264/294
f 294/424/294 788/1300/788 293/422/293
f 764/1254/764 757/1244/759 788/1299/788
f 788/1301/788 757/1302/759 300/1303/300
f 300/1304/300 293/1305/293 788/1306/788
f 229/323/230 230/324/231 769/1259/769
f 757/1244/759 764/1254/764 758/1243/758
f 202/1250/203 201/1235/201 756/1242/757
f 178/244/178 175/246/175 298/431/298
f 176/1307/177 298/431/298 175/246/175
f 298/431/298 176/1307/177 297/430/297
f 176/1307/177 288/416/288 297/430/297
f 297/430/297 288/416/288 289/417/289
f 790/1308/789 789/1309/790 290/1310/292
f 789/1311/790 791/1312/791 290/1313/292
f 290/421/292 281/410/283 790/1314/789
f 282/1315/284 290/1313/292 791/1312/791
f 792/1316/792 795/1317/793 791/1318/791
f 791/1318/791 793/1319/794 792/1316/792
f 794/1320/795 793/1319/794 791/1318/791
f 794/1320/795 791/1318/791 789/1321/790
f 790/1322/789 791/1318/791 795/1317/793
f 791/1323/791 790/1324/789 282/1325/284
f 795/1317/793 284/1326/281 790/1322/789
f 795/1327/793 796/1328/796 284/1329/281
f 797/1330/797 796/1331/796 795/1332/793
f 795/1332/793 792/1333/792 797/1330/797
f 796/1334/796 797/1335/797 798/1336/798
f 797/1335/797 156/222/156 798/1336/798
f 799/1337/799 797/1330/797 792/1333/792
f 797/1335/797 799/1338/799 800/1339/800
f 156/222/156 797/1335/797 800/1339/800
f 800/1339/800 799/1338/799 801/1340/801
f 156/222/156 800/1339/800 158/224/158
f 800/1339/800 801/1340/801 171/238/172
f 158/224/158 800/1339/800 171/238/172
f 799/1338/799 802/1341/802 801/1340/801
f 803/1342/803 801/1340/801 802/1341/802
f 801/1340/801 803/1342/803 173/239/173
f 171/238/172 801/1340/801 173/239/173
f 803/1342/803 802/1341/802 287/1343/287
f 287/415/287 288/416/288 803/1344/803
f 176/243/177 173/239/173 803/1342/803
f 288/416/288 176/1307/177 803/1344/803
f 793/1345/794 802/1346/802 799/1347/799
f 793/1345/794 794/1348/795 802/1346/802
f 287/1349/287 802/1346/802 794/1348/795
f 799/1337/799 792/1333/792 793/1350/794
f 154/220/154 798/1336/798 156/222/156
f 154/220/154 804/1351/804 798/1336/798
f 805/1352/805 798/1336/798 804/1351/804
f 798/1336/798 805/1352/805 796/1334/796
f 796/1334/796 805/1352/805 284/1353/281
f 284/408/281 805/1354/805 279/407/278
f 277/1355/277 805/1352/805 804/1351/804
f 279/407/278 805/1354/805 277/1356/277
f 804/1351/804 154/220/154 153/219/153
f 153/219/153 806/1357/806 804/1351/804
f 277/1355/277 804/1351/804 806/1357/806
f 147/210/147 807/1358/807 806/1357/806
f 806/1359/806 807/1360/807 272/400/271
f 272/400/271 277/399/277 806/1359/806
f 806/1357/806 153/219/153 147/210/147
f 807/1360/807 143/203/144 271/1361/272
f 807/1360/807 271/1361/272 272/400/271
f 147/1362/147 143/203/144 807/1360/807
f 789/1321/790 285/1363/286 794/1320/795
f 285/1363/286 287/1364/287 794/1320/795
f 789/1321/790 790/1322/789 285/1363/286
f 284/1326/281 285/1363/286 790/1322/789
f 281/1365/283 282/1366/284 790/1367/789
f 137/351/137 271/390/272 142/1368/141
f 271/390/272 137/351/137 267/392/267
f 143/203/144 142/200/141 271/1361/272
f 257/361/258 267/392/267 134/362/135
f 137/351/137 134/362/135 267/392/267
f 264/375/264 234/327/234 228/321/228
f 257/1369/258 258/369/257 262/374/262
f 254/932/254 140/199/140 138/198/139
f 140/1370/140 254/352/254 137/351/137
f 250/346/250 242/336/243 243/337/244
f 240/333/240 235/328/235 234/327/234
f 226/318/225 232/325/232 237/330/237
f 49/67/50 237/330/237 54/72/55
f 232/325/232 226/318/225 224/317/224
f 209/299/209 204/292/205 203/1252/204
f 198/1371/199 199/1372/198 195/1373/196
f 195/1373/196 196/1374/195 198/1371/199
f 171/238/172 161/227/161 158/224/158
f 153/219/153 151/218/152 147/210/147
f 125/167/126 148/214/149 126/168/127
f 148/215/149 125/174/126 131/180/131
f 148/215/149 131/180/131 145/206/145
f 141/204/143 143/203/144 147/1362/147
f 133/182/133 145/205/145 131/177/131
f 142/1368/141 140/1370/140 137/351/137
f 129/172/130 138/1375/139 128/169/128
f 134/1376/135 137/1377/137 133/1378/133
f 113/157/116 115/156/115 120/161/120
f 107/145/107 106/146/108 114/154/113
f 82/106/83 73/997/74 72/107/72
f 39/56/39 63/80/63 38/55/38
f 63/80/63 39/56/39 60/78/61
f 808/1379/808 60/78/61 39/56/39
f 60/78/61 808/1379/808 55/71/54
f 39/56/39 42/60/43 808/1379/808
f 808/1379/808 42/60/43 51/69/52
f 808/1379/808 51/69/52 53/70/53
f 53/70/53 55/71/54 808/1379/808
f 42/60/43 44/61/44 51/69/52
f 20/32/21 31/46/31 19/31/20
f 19/31/20 31/46/31 25/37/26
f 809/1380/809 813/1381/810 810/1382/811
f 809/1380/809 810/1382/811 811/1383/812
f 809/1380/809 811/1383/812 812/1384/813
f 809/1380/809 812/1384/813 813/1381/810
f 810/1385/811 813/1386/810 815/1387/814
f 813/1388/810 812/1389/813 814/1390/815
f 814/1391/815 815/1387/814 813/1386/810
f 815/1392/814 814/1393/815 818/1394/816
f 815/1395/814 819/1396/817 810/1397/811
f 819/1398/817 815/1392/814 816/1399/818
f 817/1400/819 816/1399/818 815/1392/814
f 818/1394/816 817/1400/819 815/1392/814
f 819/1396/817 820/1401/820 810/1397/811
f 820/1402/820 819/1398/817 821/1403/821
f 816/1399/818 821/1403/821 819/1398/817
f 821/1403/821 827/1404/822 822/1405/823
f 822/1405/823 823/1406/824 821/1403/821
f 821/1403/821 823/1406/824 825/1407/825
f 825/1407/825 824/1408/826 821/1403/821
f 829/1409/827 821/1403/821 824/1408/826
f 826/1410/828 821/1403/821 816/1399/818
f 826/1410/828 827/1404/822 821/1403/821
f 830/1411/829 821/1403/821 828/1412/830
f 828/1412/830 821/1403/821 829/1409/827
f 821/1403/821 830/1411/829 820/1402/820
f 812/1389/813 811/1413/812 830/1414/829
f 820/1401/820 830/1415/829 811/1416/812
f 830/1414/829 814/1390/815 812/1389/813
f 814/1393/815 830/1411/829 831/1417/831
f 828/1412/830 831/1417/831 830/1411/829
f 831/1417/831 818/1394/816 814/1393/815
f 833/1418/832 831/1417/831 828/1412/830
f 818/1394/816 831/1417/831 834/1419/833
f 833/1420/832 832/1421/834 831/1422/831
f 834/1423/833 831/1422/831 832/1421/834
f 832/1421/834 835/1424/835 834/1423/833
f 834/1423/833 835/1424/835 837/1425/836
f 838/1426/837 834/1423/833 836/1427/838
f 837/1425/836 836/1427/838 834/1423/833
f 834/1423/833 838/1426/837 839/1428/839
f 818/1429/816 834/1423/833 839/1428/839
f 818/1394/816 839/1430/839 840/1431/840
f 838/1426/837 841/1432/841 839/1428/839
f 840/1433/840 839/1428/839 842/1434/842
f 839/1428/839 841/1432/841 842/1434/842
f 842/1434/842 845/1435/843 840/1433/840
f 842/1434/842 841/1432/841 843/1436/844
f 843/1436/844 844/1437/845 842/1434/842
f 842/1434/842 844/1437/845 845/1435/843
f 846/1438/846 840/1433/840 845/1435/843
f 845/1435/843 847/1439/847 846/1438/846
f 847/1439/847 845/1435/843 849/1440/848
f 849/1440/848 845/1435/843 848/1441/849
f 848/1441/849 845/1435/843 850/1442/850
f 845/1435/843 844/1437/845 850/1442/850
f 843/1436/844 850/1442/850 844/1437/845
f 850/1442/850 843/1436/844 851/1443/851
f 852/1444/852 850/1442/850 851/1443/851
f 850/1442/850 852/1444/852 853/1445/853
f 853/1445/853 848/1441/849 850/1442/850
f 854/1446/854 853/1445/853 852/1444/852
f 848/1441/849 853/1445/853 855/1447/855
f 855/1447/855 853/1445/853 854/1446/854
f 856/1448/856 857/1449/857 855/1447/855
f 854/1446/854 856/1448/856 855/1447/855
f 849/1440/848 855/1447/855 857/1449/857
f 855/1447/855 849/1440/848 848/1441/849
f 859/1450/858 857/1451/857 856/1452/856
f 858/1453/859 849/1440/848 857/1449/857
f 860/1454/860 858/1455/859 857/1451/857
f 859/1450/858 860/1454/860 857/1451/857
f 865/1456/861 858/1455/859 860/1454/860
f 863/1457/862 860/1458/860 859/1459/858
f 862/1460/863 861/1461/864 860/1462/860
f 864/1463/865 860/1454/860 861/1464/864
f 863/1457/862 862/1465/863 860/1458/860
f 864/1463/865 865/1456/861 860/1454/860
f 865/1466/861 864/1467/865 874/1468/866
f 865/1456/861 866/1469/867 870/1470/868
f 866/1471/867 865/1466/861 872/1472/869
f 865/1456/861 868/1473/870 858/1455/859
f 869/1474/871 867/1475/872 865/1456/861
f 867/1475/872 868/1473/870 865/1456/861
f 865/1456/861 871/1476/873 869/1474/871
f 870/1470/868 871/1476/873 865/1456/861
f 865/1477/861 873/1478/874 872/1479/869
f 874/1480/866 873/1478/874 865/1477/861
f 875/1481/875 874/1468/866 877/1482/876
f 875/1481/875 876/1483/877 874/1468/866
f 876/1483/877 873/1484/874 874/1468/866
f 864/1467/865 877/1482/876 874/1468/866
f 880/1485/878 877/1482/876 864/1467/865
f 877/1482/876 880/1485/878 878/1486/879
f 878/1486/879 879/1487/880 877/1482/876
f 879/1487/880 875/1481/875 877/1482/876
f 880/1485/878 883/1488/881 881/1489/882
f 881/1489/882 882/1490/883 880/1485/878
f 882/1490/883 878/1486/879 880/1485/878
f 883/1488/881 880/1485/878 864/1467/865
f 886/1491/884 881/1489/882 883/1488/881
f 883/1488/881 864/1467/865 884/1492/885
f 885/1493/886 883/1488/881 884/1492/885
f 883/1488/881 885/1493/886 886/1491/884
f 881/1494/882 886/1495/884 887/1496/887
f 889/1497/888 887/1496/887 886/1495/884
f 888/1498/889 886/1491/884 885/1493/886
f 886/1495/884 888/1499/889 889/1497/888
f 889/1500/888 890/1501/890 824/1502/826
f 824/1502/826 825/1503/825 889/1500/888
f 887/1504/887 889/1500/888 825/1503/825
f 890/1505/890 889/1497/888 888/1499/889
f 891/1506/891 824/1502/826 890/1501/890
f 890/1501/890 892/1507/892 891/1506/891
f 892/1508/892 890/1505/890 893/1509/893
f 888/1499/889 893/1509/893 890/1505/890
f 893/1509/893 894/1510/894 892/1508/892
f 894/1511/894 893/1512/893 895/1513/895
f 893/1512/893 888/1498/889 885/1493/886
f 885/1493/886 895/1513/895 893/1512/893
f 895/1513/895 896/1514/896 894/1511/894
f 895/1515/895 885/1516/886 884/1517/885
f 896/1514/896 895/1513/895 884/1492/885
f 897/1518/897 896/1519/896 898/1520/898
f 896/1514/896 897/1521/897 899/1522/899
f 896/1514/896 884/1492/885 898/1523/898
f 899/1522/899 894/1511/894 896/1514/896
f 894/1510/894 899/1524/899 900/1525/900
f 901/1526/901 900/1525/900 899/1524/899
f 899/1524/899 902/1527/902 901/1526/901
f 902/1528/902 899/1522/899 897/1521/897
f 903/1529/903 902/1528/902 897/1521/897
f 902/1527/902 903/1530/903 904/1531/904
f 904/1531/904 901/1526/901 902/1527/902
f 901/1532/901 904/1533/904 906/1534/905
f 905/1535/906 904/1531/904 903/1530/903
f 904/1533/904 905/1536/906 907/1537/907
f 907/1537/907 906/1534/905 904/1533/904
f 908/1538/908 907/1537/907 905/1536/906
f 907/1539/907 908/1540/908 909/1541/909
f 907/1539/907 909/1541/909 910/1542/910
f 910/1542/910 911/1543/911 907/1539/907
f 906/1544/905 907/1539/907 911/1543/911
f 910/1542/910 917/1545/912 911/1543/911
f 914/1546/913 912/1547/914 911/1543/911
f 911/1543/911 912/1547/914 906/1544/905
f 915/1548/915 911/1543/911 913/1549/916
f 911/1543/911 918/1550/821 913/1549/916
f 911/1543/911 916/1551/917 914/1546/913
f 915/1548/915 916/1551/917 911/1543/911
f 918/1550/821 911/1543/911 917/1545/912
f 918/1550/821 922/1552/918 919/1553/919
f 919/1553/919 920/1554/920 918/1550/821
f 918/1550/821 920/1554/920 913/1549/916
f 918/1550/821 921/1555/921 922/1552/918
f 921/1555/921 918/1550/821 917/1545/912
f 922/1556/918 921/1557/921 924/1558/922
f 924/1558/922 923/1559/923 922/1556/918
f 919/1560/919 922/1556/918 923/1559/923
f 925/1561/924 924/1558/922 921/1557/921
f 923/1562/923 924/1563/922 926/1564/925
f 924/1563/922 925/1565/924 927/1566/926
f 927/1566/926 926/1564/925 924/1563/922
f 928/1567/927 927/1566/926 925/1565/924
f 926/1568/925 927/1569/926 930/1570/928
f 927/1569/926 928/1571/927 929/1572/929
f 929/1572/929 930/1570/928 927/1569/926
f 930/1573/928 929/1574/929 932/1575/930
f 931/1576/931 930/1573/928 932/1575/930
f 930/1570/928 931/1577/931 933/1578/932
f 933/1578/932 926/1568/925 930/1570/928
f 934/1579/933 933/1578/932 931/1577/931
f 933/1580/932 934/1581/933 935/1582/934
f 926/1564/925 933/1580/932 923/1562/923
f 935/1582/934 923/1562/923 933/1580/932
f 936/1583/935 935/1582/934 934/1581/933
f 935/1584/934 936/1585/935 920/1586/920
f 923/1559/923 935/1584/934 919/1560/919
f 920/1586/920 919/1560/919 935/1584/934
f 937/1587/936 936/1583/935 938/1588/937
f 936/1585/935 937/1589/936 939/1590/938
f 934/1581/933 938/1588/937 936/1583/935
f 939/1590/938 920/1586/920 936/1585/935
f 940/1591/939 942/1592/940 939/1593/938
f 940/1591/939 939/1593/938 941/1594/941
f 942/1592/940 920/1554/920 939/1593/938
f 941/1595/941 939/1590/938 937/1589/936
f 943/1596/942 913/1549/916 942/1592/940
f 942/1592/940 913/1549/916 920/1554/920
f 942/1592/940 944/1597/943 943/1596/942
f 942/1592/940 945/1598/944 944/1597/943
f 945/1598/944 942/1592/940 940/1591/939
f 940/1591/939 946/1599/945 945/1598/944
f 944/1600/943 945/1601/944 947/1602/946
f 945/1601/944 946/1603/945 948/1604/947
f 948/1604/947 947/1602/946 945/1601/944
f 949/1605/948 948/1604/947 946/1603/945
f 947/1602/946 948/1604/947 950/1606/949
f 948/1604/947 949/1605/948 951/1607/950
f 951/1607/950 950/1606/949 948/1604/947
f 955/1608/951 951/1607/950 952/1609/952
f 949/1605/948 952/1609/952 951/1607/950
f 950/1610/949 951/1611/950 954/1612/953
f 953/1613/954 954/1612/953 951/1611/950
f 951/1611/950 955/1614/951 953/1613/954
f 952/1609/952 956/1615/955 955/1608/951
f 956/1615/955 957/1616/956 955/1608/951
f 959/1617/957 955/1608/951 957/1616/956
f 958/1618/958 953/1613/954 955/1614/951
f 955/1614/951 959/1619/957 958/1618/958
f 957/1616/956 960/1620/959 959/1617/957
f 960/1620/959 961/1621/960 959/1617/957
f 963/1622/961 959/1617/957 961/1621/960
f 962/1623/962 959/1619/957 963/1624/961
f 958/1618/958 959/1619/957 962/1623/962
f 963/1624/961 964/1625/963 962/1623/962
f 964/1626/963 963/1622/961 966/1627/964
f 961/1621/960 965/1628/965 963/1622/961
f 965/1628/965 966/1627/964 963/1622/961
f 967/1629/966 968/1630/967 966/1627/964
f 966/1627/964 965/1628/965 967/1629/966
f 969/1631/968 966/1627/964 968/1630/967
f 966/1627/964 969/1631/968 964/1626/963
f 968/1630/967 970/1632/969 969/1631/968
f 971/1633/970 969/1631/968 970/1632/969
f 969/1631/968 971/1633/970 972/1634/971
f 972/1634/971 964/1626/963 969/1631/968
f 971/1633/970 973/1635/972 972/1634/971
f 964/1625/963 972/1636/971 976/1637/973
f 974/1638/974 972/1634/971 973/1635/972
f 972/1636/971 974/1639/974 975/1640/975
f 975/1640/975 976/1637/973 972/1636/971
f 976/1637/973 979/1641/976 964/1625/963
f 978/1642/977 976/1643/973 975/1644/975
f 978/1642/977 977/1645/978 976/1643/973
f 979/1646/976 976/1643/973 977/1645/978
f 964/1625/963 979/1641/976 980/1647/979
f 981/1648/980 980/1649/979 979/1650/976
f 979/1650/976 977/1651/978 981/1648/980
f 982/1652/981 983/1653/982 981/1654/980
f 982/1652/981 981/1654/980 977/1655/978
f 980/1649/979 981/1648/980 983/1656/982
f 983/1656/982 984/1657/983 980/1649/979
f 983/1656/982 985/1658/984 984/1657/983
f 985/1659/984 983/1653/982 982/1652/981
f 985/1660/984 986/1661/985 984/1662/983
f 986/1661/985 985/1660/984 987/1663/986
f 982/1652/981 987/1664/986 985/1659/984
f 987/1663/986 975/1665/975 986/1661/985
f 987/1666/986 978/1642/977 975/1644/975
f 978/1667/977 987/1664/986 982/1652/981
f 984/1668/983 986/1669/985 962/1623/962
f 986/1669/985 975/1640/975 988/1670/987
f 988/1670/987 962/1623/962 986/1669/985
f 989/1671/988 988/1670/987 975/1640/975
f 991/1672/989 988/1670/987 989/1671/988
f 990/1673/990 962/1674/962 988/1675/987
f 991/1672/989 990/1676/990 988/1670/987
f 991/1677/989 994/1678/991 992/1679/992
f 990/1673/990 991/1677/989 992/1679/992
f 989/1671/988 993/1680/993 991/1672/989
f 994/1678/991 991/1677/989 993/1681/993
f 992/1682/992 994/1683/991 995/1684/994
f 997/1685/995 995/1684/994 994/1683/991
f 993/1681/993 996/1686/996 994/1678/991
f 994/1683/991 996/1687/996 997/1685/995
f 998/1688/997 999/1689/998 997/1690/995
f 997/1690/995 1000/1691/999 998/1688/997
f 995/1692/994 997/1690/995 999/1689/998
f 1000/1693/999 997/1685/995 996/1687/996
f 1002/1694/1000 998/1688/997 1000/1691/999
f 1001/1695/1001 1000/1693/999 1003/1696/1002
f 1000/1691/999 1001/1697/1001 1002/1694/1000
f 996/1687/996 1003/1696/1002 1000/1693/999
f 1005/1698/1003 1004/1699/1004 1003/1700/1002
f 1003/1696/1002 1004/1701/1004 1001/1695/1001
f 993/1681/993 1003/1700/1002 996/1686/996
f 993/1681/993 1005/1698/1003 1003/1700/1002
f 1005/1698/1003 1007/1702/1005 1004/1699/1004
f 1005/1703/1003 993/1680/993 989/1671/988
f 1005/1704/1003 989/1705/988 1006/1706/1006
f 1007/1707/1005 1005/1708/1003 1006/1709/1006
f 1006/1710/1006 1008/1711/1007 1007/1702/1005
f 1009/1712/1008 1007/1702/1005 1008/1711/1007
f 1007/1702/1005 1009/1712/1008 1004/1699/1004
f 1008/1711/1007 1010/1713/1009 1009/1712/1008
f 1009/1714/1008 1010/1715/1009 1011/1716/1010
f 1004/1701/1004 1009/1714/1008 1012/1717/1011
f 1011/1716/1010 1012/1717/1011 1009/1714/1008
f 1013/1718/1012 1014/1719/1013 1012/1720/1011
f 1012/1720/1011 1011/1721/1010 1013/1718/1012
f 1012/1717/1011 1001/1695/1001 1004/1701/1004
f 1001/1697/1001 1012/1720/1011 1014/1719/1013
f 1014/1722/1013 1013/1723/1012 1015/1724/821
f 1015/1724/821 1017/1725/1014 1014/1722/1013
f 1014/1722/1013 1017/1725/1014 1016/1726/1015
f 1016/1726/1015 1002/1727/1000 1014/1722/1013
f 1014/1719/1013 1002/1694/1000 1001/1697/1001
f 1021/1728/1016 1017/1725/1014 1018/1729/1017
f 1017/1725/1014 1022/1730/821 1018/1729/1017
f 1017/1725/1014 1020/1731/1018 1019/1732/1019
f 1019/1732/1019 1016/1726/1015 1017/1725/1014
f 1017/1725/1014 1021/1728/1016 1020/1731/1018
f 1017/1725/1014 1015/1724/821 1022/1730/821
f 1023/1733/1020 1024/1734/1021 1022/1730/821
f 1022/1730/821 1015/1724/821 1023/1733/1020
f 1022/1730/821 1024/1734/1021 1025/1735/1022
f 1022/1730/821 1025/1735/1022 1026/1736/1023
f 1026/1736/1023 1027/1737/1024 1022/1730/821
f 1022/1730/821 1027/1737/1024 1028/1738/1025
f 1028/1738/1025 1029/1739/1026 1022/1730/821
f 1022/1730/821 1029/1739/1026 1030/1740/1027
f 1033/1741/1028 1018/1729/1017 1022/1730/821
f 1030/1740/1027 1031/1742/1029 1022/1730/821
f 1022/1730/821 1031/1742/1029 1032/1743/1030
f 1022/1730/821 1032/1743/1030 1033/1741/1028
f 1037/1744/1031 1033/1741/1028 1034/1745/1032
f 1034/1745/1032 1033/1741/1028 1032/1743/1030
f 1035/1746/1033 1018/1729/1017 1033/1741/1028
f 1033/1741/1028 1036/1747/1034 1035/1746/1033
f 1033/1741/1028 1037/1744/1031 1036/1747/1034
f 1034/1745/1032 1038/1748/1035 1037/1744/1031
f 1036/1749/1034 1037/1750/1031 1039/1751/1036
f 1037/1750/1031 1038/1752/1035 1040/1753/1037
f 1040/1753/1037 1039/1751/1036 1037/1750/1031
f 1039/1751/1036 1040/1753/1037 1042/1754/1038
f 1040/1753/1037 1041/1755/1039 1042/1754/1038
f 1041/1755/1039 1040/1753/1037 1038/1752/1035
f 1042/1754/1038 1043/1756/1040 1039/1751/1036
f 1043/1757/1040 1042/1758/1038 1046/1759/1041
f 1042/1758/1038 1044/1760/1042 1045/1761/1043
f 1044/1762/1042 1042/1754/1038 1047/1763/1044
f 1045/1761/1043 1046/1759/1041 1042/1758/1038
f 1041/1755/1039 1047/1763/1044 1042/1754/1038
f 1048/1764/1045 1049/1765/1046 1047/1763/1044
f 1048/1764/1045 1047/1763/1044 1041/1755/1039
f 1049/1765/1046 1050/1766/1047 1047/1763/1044
f 1050/1766/1047 1051/1767/1048 1047/1763/1044
f 1044/1762/1042 1047/1763/1044 1051/1767/1048
f 1050/1766/1047 1052/1768/1049 1051/1767/1048
f 1052/1768/1049 1053/1769/1050 1051/1767/1048
f 1051/1767/1048 1053/1769/1050 1044/1762/1042
f 1052/1768/1049 1054/1770/1051 1053/1769/1050
f 1055/1771/1052 1053/1769/1050 1054/1770/1051
f 1053/1769/1050 1055/1771/1052 1056/1772/1053
f 1056/1772/1053 1044/1762/1042 1053/1769/1050
f 1055/1771/1052 1057/1773/1054 1056/1772/1053
f 1057/1773/1054 1059/1774/1055 1056/1772/1053
f 1044/1760/1042 1056/1775/1053 1058/1776/1056
f 1056/1775/1053 1059/1777/1055 1058/1776/1056
f 1060/1778/1057 1063/1779/1058 1059/1774/1055
f 1060/1778/1057 1059/1774/1055 1062/1780/1059
f 1059/1777/1055 1061/1781/1060 1065/1782/1061
f 1059/1777/1055 1066/1783/1062 1061/1781/1060
f 1062/1780/1059 1059/1774/1055 1057/1773/1054
f 1064/1784/1063 1059/1774/1055 1063/1779/1058
f 1066/1783/1062 1059/1777/1055 1064/1785/1063
f 1059/1777/1055 1065/1782/1061 1058/1776/1056
f 1066/1786/1062 1067/1787/1064 1072/1788/1065
f 1066/1789/1062 1069/1790/1066 1067/1791/1064
f 1061/1792/1060 1066/1793/1062 1068/1794/1067
f 1066/1793/1062 1070/1795/1068 1068/1794/1067
f 1066/1783/1062 1071/1796/1069 1069/1797/1066
f 1066/1793/1062 1072/1798/1065 1070/1795/1068
f 1071/1796/1069 1066/1783/1062 1064/1785/1063
f 1073/1799/1070 1072/1798/1065 1067/1800/1064
f 1073/1799/1070 1074/1801/1071 1072/1798/1065
f 1074/1801/1071 1070/1795/1068 1072/1798/1065
f 1074/1802/1071 1073/1803/1070 1076/1804/1072
f 1074/1801/1071 1075/1805/1073 1070/1795/1068
f 1075/1806/1073 1074/1802/1071 1077/1807/1074
f 1076/1804/1072 1077/1807/1074 1074/1802/1071
f 1080/1808/1075 1077/1809/1074 1078/1810/1076
f 1079/1811/1077 1078/1810/1076 1077/1809/1074
f 1077/1809/1074 1076/1812/1072 1079/1811/1077
f 1077/1807/1074 1080/1813/1075 1075/1806/1073
f 1078/1810/1076 1028/1814/1025 1080/1808/1075
f 1080/1813/1075 1081/1815/1078 1082/1816/1079
f 1081/1817/1078 1080/1808/1075 1028/1814/1025
f 1082/1816/1079 1075/1806/1073 1080/1813/1075
f 1075/1805/1073 1082/1818/1079 1068/1794/1067
f 1084/1819/1080 1082/1818/1079 1083/1820/1081
f 1083/1821/1081 1082/1816/1079 1081/1815/1078
f 1084/1819/1080 1068/1794/1067 1082/1818/1079
f 1084/1822/1080 1085/1823/1082 1061/1824/1060
f 1085/1825/1082 1084/1819/1080 1083/1820/1081
f 1068/1826/1067 1084/1822/1080 1061/1824/1060
f 1085/1825/1082 1088/1827/1083 1086/1828/1084
f 1086/1828/1084 1087/1829/1085 1085/1825/1082
f 1061/1824/1060 1085/1823/1082 1087/1830/1085
f 1085/1825/1082 1083/1820/1081 1088/1827/1083
f 1086/1831/1084 1088/1832/1083 1089/1833/1086
f 1090/1834/1087 1089/1833/1086 1088/1832/1083
f 1088/1832/1083 1083/1821/1081 1090/1834/1087
f 1089/1835/1086 1090/1836/1087 1026/1837/1023
f 1027/1838/1024 1026/1837/1023 1090/1836/1087
f 1090/1836/1087 1081/1817/1078 1027/1838/1024
f 1081/1815/1078 1090/1834/1087 1083/1821/1081
f 1089/1833/1086 1091/1839/1088 1086/1831/1084
f 1091/1840/1088 1089/1835/1086 1025/1841/1022
f 1026/1837/1023 1025/1841/1022 1089/1835/1086
f 1091/1839/1088 1092/1842/1089 1093/1843/1090
f 1092/1844/1089 1091/1840/1088 1024/1845/1021
f 1093/1843/1090 1086/1831/1084 1091/1839/1088
f 1025/1841/1022 1024/1845/1021 1091/1840/1088
f 1087/1829/1085 1086/1828/1084 1093/1846/1090
f 1087/1829/1085 1093/1846/1090 1010/1713/1009
f 1010/1715/1009 1093/1843/1090 1092/1842/1089
f 1011/1721/1010 1092/1844/1089 1023/1847/1020
f 1024/1845/1021 1023/1847/1020 1092/1844/1089
f 1092/1842/1089 1011/1716/1010 1010/1715/1009
f 1006/1710/1006 1087/1829/1085 1008/1711/1007
f 1010/1713/1009 1008/1711/1007 1087/1829/1085
f 1087/1829/1085 1006/1710/1006 1061/1792/1060
f 1028/1814/1025 1027/1838/1024 1081/1817/1078
f 1078/1848/1076 1079/1849/1077 1029/1739/1026
f 1094/1850/1091 1079/1811/1077 1076/1812/1072
f 1029/1739/1026 1079/1849/1077 1094/1851/1091
f 1095/1852/1092 1094/1850/1091 1096/1853/1093
f 1029/1739/1026 1094/1851/1091 1095/1854/1092
f 1076/1812/1072 1096/1853/1093 1094/1850/1091
f 1097/1855/1094 1096/1856/1093 1098/1857/1095
f 1096/1853/1093 1097/1858/1094 1095/1852/1092
f 1096/1856/1093 1076/1804/1072 1073/1803/1070
f 1073/1803/1070 1098/1857/1095 1096/1856/1093
f 1099/1859/1096 1098/1860/1095 1067/1800/1064
f 1098/1857/1095 1099/1861/1096 1097/1855/1094
f 1098/1860/1095 1073/1799/1070 1067/1800/1064
f 1067/1800/1064 1100/1862/1097 1099/1859/1096
f 1102/1863/1098 1099/1859/1096 1100/1862/1097
f 1101/1864/1099 1097/1855/1094 1099/1861/1096
f 1099/1861/1096 1102/1865/1098 1101/1864/1099
f 1104/1866/1100 1101/1864/1099 1102/1865/1098
f 1103/1867/1101 1102/1863/1098 1100/1862/1097
f 1102/1865/1098 1103/1868/1101 1104/1866/1100
f 1105/1869/1102 1107/1870/1103 1104/1871/1100
f 1104/1871/1100 1106/1872/1104 1105/1869/1102
f 1106/1873/1104 1104/1866/1100 1103/1868/1101
f 1101/1874/1099 1104/1871/1100 1107/1870/1103
f 1108/1875/1105 1109/1876/1106 1107/1877/1103
f 1107/1877/1103 1105/1878/1102 1108/1875/1105
f 1107/1870/1103 1109/1879/1106 1101/1874/1099
f 1109/1876/1106 1108/1875/1105 1029/1739/1026
f 1109/1879/1106 1095/1852/1092 1097/1858/1094
f 1095/1854/1092 1109/1876/1106 1029/1739/1026
f 1097/1858/1094 1101/1874/1099 1109/1879/1106
f 1110/1880/1107 1108/1875/1105 1113/1881/1108
f 1114/1882/1109 1108/1875/1105 1110/1880/1107
f 1108/1875/1105 1105/1878/1102 1113/1881/1108
f 1029/1883/1026 1108/1884/1105 1111/1885/1110
f 1112/1886/1111 1111/1887/1110 1108/1888/1105
f 1108/1889/1105 1114/1890/1109 1112/1891/1111
f 1115/1892/1112 1112/1891/1111 1114/1890/1109
f 1116/1893/1113 1115/1892/1112 1114/1890/1109
f 1117/1894/1114 1116/1893/1113 1114/1890/1109
f 1114/1890/1109 1118/1895/1115 1117/1894/1114
f 1110/1880/1107 1119/1896/1116 1114/1882/1109
f 1118/1897/1115 1114/1882/1109 1119/1896/1116
f 1120/1898/1117 1121/1899/1118 1119/1900/1116
f 1119/1900/1116 1110/1901/1107 1120/1898/1117
f 1122/1902/1119 1119/1900/1116 1121/1899/1118
f 1119/1896/1116 1122/1903/1119 1118/1897/1115
f 1124/1904/1120 1123/1905/1121 1122/1906/1119
f 1122/1903/1119 1123/1907/1121 1125/1908/1122
f 1125/1908/1122 1118/1897/1115 1122/1903/1119
f 1122/1902/1119 1121/1899/1118 1124/1909/1120
f 1126/1910/1123 1127/1911/1124 1125/1912/1122
f 1125/1912/1122 1131/1913/1125 1126/1910/1123
f 1128/1914/1122 1125/1912/1122 1127/1911/1124
f 1125/1908/1122 1128/1915/1122 1129/1916/821
f 1125/1908/1122 1129/1916/821 1133/1917/1126
f 1125/1908/1122 1113/1881/1108 1130/1918/1127
f 1130/1918/1127 1131/1919/1125 1125/1908/1122
f 1113/1881/1108 1125/1908/1122 1132/1920/1128
f 1125/1908/1122 1123/1907/1121 1132/1920/1128
f 1133/1917/1126 1118/1897/1115 1125/1908/1122
f 1129/1916/821 1134/1921/1129 1133/1917/1126
f 1133/1922/1126 1134/1923/1129 1137/1924/1130
f 1135/1925/1131 1133/1922/1126 1138/1926/1132
f 1135/1925/1131 1118/1895/1115 1133/1922/1126
f 1137/1924/1130 1136/1927/1133 1133/1922/1126
f 1138/1926/1132 1133/1922/1126 1136/1927/1133
f 1140/1928/1134 1138/1926/1132 1139/1929/1135
f 1136/1927/1133 1139/1929/1135 1138/1926/1132
f 1138/1926/1132 1140/1928/1134 1141/1930/1136
f 1141/1930/1136 1142/1931/1137 1138/1926/1132
f 1135/1925/1131 1138/1926/1132 1142/1931/1137
f 1141/1930/1136 1143/1932/1138 1142/1931/1137
f 1117/1894/1114 1142/1931/1137 1143/1932/1138
f 1117/1894/1114 1135/1925/1131 1142/1931/1137
f 1141/1930/1136 1144/1933/1139 1143/1932/1138
f 1116/1893/1113 1117/1894/1114 1143/1932/1138
f 1143/1932/1138 1144/1933/1139 1116/1893/1113
f 1146/1934/1140 1144/1933/1139 1141/1930/1136
f 1144/1933/1139 1145/1935/1141 1115/1892/1112
f 1115/1892/1112 1116/1893/1113 1144/1933/1139
f 1145/1935/1141 1144/1933/1139 1146/1934/1140
f 1141/1930/1136 1150/1936/1142 1146/1934/1140
f 1063/1779/1058 1147/1937/1143 1146/1934/1140
f 1146/1934/1140 1147/1937/1143 1145/1935/1141
f 1149/1938/1144 1063/1779/1058 1146/1934/1140
f 1146/1934/1140 1148/1939/1145 1149/1938/1144
f 1148/1940/1145 1146/1941/1140 1150/1942/1142
f 1150/1936/1142 1141/1930/1136 1151/1943/1146
f 1151/1943/1146 1152/1944/1147 1150/1936/1142
f 1153/1945/1148 1150/1942/1142 1152/1946/1147
f 1150/1942/1142 1153/1945/1148 1154/1947/1149
f 1154/1947/1149 1148/1940/1145 1150/1942/1142
f 1153/1945/1148 1157/1948/1150 1154/1947/1149
f 1154/1947/1149 1155/1949/1151 1148/1940/1145
f 1155/1949/1151 1154/1947/1149 1156/1950/1152
f 1154/1947/1149 1157/1948/1150 1156/1950/1152
f 1156/1950/1152 1157/1948/1150 1158/1951/1153
f 1157/1948/1150 1159/1952/1154 1158/1951/1153
f 1157/1948/1150 1160/1953/1155 1159/1952/1154
f 1157/1948/1150 1153/1945/1148 1160/1953/1155
f 1161/1954/1156 1159/1952/1154 1160/1953/1155
f 1160/1953/1155 1162/1955/1157 1161/1954/1156
f 1162/1955/1157 1160/1953/1155 1153/1945/1148
f 1164/1956/1158 1163/1957/1159 1162/1958/1157
f 1163/1959/1159 1161/1954/1156 1162/1955/1157
f 1162/1958/1157 1165/1960/1160 1164/1956/1158
f 1165/1960/1160 1162/1958/1157 1153/1961/1148
f 1166/1962/1161 1164/1956/1158 1165/1960/1160
f 1165/1960/1160 1167/1963/1162 1166/1962/1161
f 1167/1963/1162 1165/1960/1160 1152/1944/1147
f 1153/1945/1148 1152/1946/1147 1165/1964/1160
f 1168/1965/1163 1166/1962/1161 1167/1963/1162
f 1167/1963/1162 1140/1928/1134 1168/1965/1163
f 1140/1928/1134 1167/1963/1162 1151/1943/1146
f 1152/1944/1147 1151/1943/1146 1167/1963/1162
f 1166/1962/1161 1168/1965/1163 1169/1966/1164
f 1140/1928/1134 1139/1929/1135 1168/1965/1163
f 1168/1965/1163 1139/1929/1135 1169/1966/1164
f 1169/1966/1164 1172/1967/1165 1170/1968/1166
f 1170/1968/1166 1171/1969/1167 1169/1966/1164
f 1169/1966/1164 1139/1929/1135 1136/1927/1133
f 1169/1966/1164 1171/1969/1167 1166/1962/1161
f 1136/1927/1133 1172/1967/1165 1169/1966/1164
f 1173/1970/1168 1170/1968/1166 1172/1967/1165
f 1172/1967/1165 1137/1924/1130 1173/1970/1168
f 1172/1967/1165 1136/1927/1133 1137/1924/1130
f 1137/1924/1130 1174/1971/1169 1173/1970/1168
f 1175/1972/1170 1173/1970/1168 1174/1971/1169
f 1173/1970/1168 1175/1972/1170 1177/1973/1171
f 1170/1968/1166 1173/1970/1168 1176/1974/1172
f 1177/1973/1171 1176/1974/1172 1173/1970/1168
f 1176/1974/1172 1177/1973/1171 1179/1975/1173
f 1175/1972/1170 1178/1976/1174 1177/1973/1171
f 1178/1976/1174 1179/1975/1173 1177/1973/1171
f 1180/1977/1175 1179/1975/1173 1183/1978/1176
f 1181/1979/1177 1179/1975/1173 1180/1977/1175
f 1179/1975/1173 1181/1979/1177 1176/1974/1172
f 1179/1975/1173 1178/1976/1174 1182/1980/1178
f 1182/1980/1178 1183/1978/1176 1179/1975/1173
f 1183/1978/1176 1182/1980/1178 1185/1981/1179
f 1183/1978/1176 1186/1982/1180 1184/1983/1181
f 1183/1978/1176 1184/1983/1181 1180/1977/1175
f 1183/1978/1176 1185/1981/1179 1187/1984/1182
f 1187/1984/1182 1186/1982/1180 1183/1978/1176
f 1188/1985/1183 1187/1984/1182 1185/1981/1179
f 1189/1986/1184 1187/1984/1182 1188/1985/1183
f 1190/1987/1185 1186/1982/1180 1187/1984/1182
f 1189/1986/1184 1191/1988/1186 1187/1984/1182
f 1187/1984/1182 1191/1988/1186 1190/1987/1185
f 1193/1989/1187 1192/1990/1188 1191/1988/1186
f 1192/1990/1188 1190/1987/1185 1191/1988/1186
f 1189/1986/1184 1194/1991/1189 1191/1988/1186
f 1193/1989/1187 1191/1988/1186 1196/1992/1190
f 1191/1988/1186 1194/1991/1189 1195/1993/1191
f 1195/1993/1191 1196/1992/1190 1191/1988/1186
f 1196/1992/1190 1197/1994/1192 1193/1989/1187
f 1196/1992/1190 1195/1993/1191 1198/1995/1193
f 1197/1994/1192 1196/1992/1190 1198/1995/1193
f 1199/1996/1194 1198/1995/1193 1201/1997/1195
f 1198/1995/1193 1199/1996/1194 1197/1994/1192
f 1200/1998/1196 1198/1995/1193 1195/1993/1191
f 1198/1995/1193 1200/1998/1196 1202/1999/1197
f 1202/1999/1197 1201/1997/1195 1198/1995/1193
f 1201/2000/1195 1202/2001/1197 1208/2002/1198
f 1202/2003/1197 1203/2004/1199 1204/2005/1200
f 1203/2006/1199 1202/1999/1197 1209/2007/1201
f 1204/2008/1200 1205/2009/1202 1202/2001/1197
f 1205/2009/1202 1206/2010/1203 1202/2001/1197
f 1206/2010/1203 1207/2011/1204 1202/2001/1197
f 1207/2011/1204 1208/2002/1198 1202/2001/1197
f 1200/1998/1196 1209/2007/1201 1202/1999/1197
f 1210/2012/1205 1212/2013/1206 1209/2007/1201
f 1209/2007/1201 1200/1998/1196 1210/2012/1205
f 1209/2007/1201 1211/2014/1207 1203/2006/1199
f 1211/2014/1207 1209/2007/1201 1212/2013/1206
f 1212/2013/1206 1210/2012/1205 1213/2015/1208
f 1213/2015/1208 1214/2016/1209 1212/2013/1206
f 1215/2017/1210 1212/2013/1206 1214/2016/1209
f 1212/2013/1206 1215/2017/1210 1211/2014/1207
f 1215/2018/1210 1217/2019/1211 1211/2020/1207
f 1217/2019/1211 1215/2018/1210 1216/2021/1212
f 1214/2022/1209 1216/2021/1212 1215/2018/1210
f 1219/2023/1213 1217/2019/1211 1218/2024/1214
f 1216/2021/1212 1218/2024/1214 1217/2019/1211
f 1217/2019/1211 1219/2023/1213 1220/2025/1215
f 1220/2025/1215 1211/2020/1207 1217/2019/1211
f 1221/2026/1216 1220/2025/1215 1219/2023/1213
f 1211/2014/1207 1220/2027/1215 1222/2028/1217
f 1220/2027/1215 1221/2029/1216 1222/2028/1217
f 1223/2030/1218 1222/2028/1217 1221/2029/1216
f 1203/2031/1199 1222/2032/1217 1228/2033/1219
f 1222/2028/1217 1203/2006/1199 1211/2014/1207
f 1222/2034/1217 1223/2035/1218 1224/2036/1220
f 1224/2036/1220 1225/2037/1221 1222/2034/1217
f 1225/2037/1221 1226/2038/1222 1222/2034/1217
f 1226/2038/1222 1227/2039/1223 1222/2034/1217
f 1227/2039/1223 1228/2040/1219 1222/2034/1217
f 1228/2040/1219 1227/2039/1223 1230/2041/1224
f 1229/2042/1225 1228/2040/1219 1230/2041/1224
f 1228/2033/1219 1229/2043/1225 1203/2031/1199
f 1231/2044/1226 1230/2041/1224 1227/2039/1223
f 1230/2045/1224 1231/2046/1226 1232/2047/1227
f 1232/2047/1227 1233/2048/1228 1230/2045/1224
f 1234/2049/1229 1230/2045/1224 1233/2048/1228
f 1230/2041/1224 1234/2050/1229 1229/2042/1225
f 1235/2051/1230 1229/2042/1225 1234/2050/1229
f 1236/2052/1231 1235/2053/1230 1234/2054/1229
f 1234/2054/1229 1237/2055/1232 1236/2052/1231
f 1237/2056/1232 1234/2049/1229 1233/2048/1228
f 1204/2008/1200 1236/2052/1231 1237/2055/1232
f 1205/2009/1202 1204/2008/1200 1237/2055/1232
f 1238/2057/1233 1237/2056/1232 1239/2058/1234
f 1237/2055/1232 1238/2059/1233 1205/2009/1202
f 1233/2048/1228 1239/2058/1234 1237/2056/1232
f 1240/2060/1235 1239/2061/1234 1245/2062/1236
f 1239/2058/1234 1240/2063/1235 1246/2064/1237
f 1239/2065/1234 1233/2066/1228 1241/2067/1238
f 1239/2061/1234 1241/2068/1238 1242/2069/1239
f 1239/2061/1234 1242/2069/1239 1243/2070/1240
f 1239/2061/1234 1243/2070/1240 1244/2071/1241
f 1239/2061/1234 1244/2071/1241 1245/2062/1236
f 1246/2064/1237 1238/2057/1233 1239/2058/1234
f 1238/2059/1233 1246/2072/1237 1207/2011/1204
f 1208/2002/1198 1207/2011/1204 1246/2072/1237
f 1247/2073/1242 1208/2002/1198 1246/2072/1237
f 1246/2072/1237 1248/2074/1243 1247/2073/1242
f 1248/2075/1243 1246/2064/1237 1240/2063/1235
f 1250/2076/1244 1247/2073/1242 1248/2074/1243
f 1249/2077/1245 1248/2075/1243 1240/2063/1235
f 1248/2074/1243 1249/2078/1245 1251/2079/1246
f 1251/2079/1246 1250/2076/1244 1248/2074/1243
f 1251/2079/1246 1252/2080/1247 1201/2000/1195
f 1250/2076/1244 1251/2079/1246 1201/2000/1195
f 1252/2080/1247 1251/2079/1246 1249/2078/1245
f 1252/2080/1247 1254/2081/1248 1253/2082/1249
f 1253/2082/1249 1201/2000/1195 1252/2080/1247
f 1254/2081/1248 1252/2080/1247 1249/2078/1245
f 1254/2081/1248 1255/2083/1250 1253/2082/1249
f 1255/2083/1250 1254/2081/1248 1256/2084/1251
f 1249/2078/1245 1256/2084/1251 1254/2081/1248
f 1257/2085/1252 1255/2083/1250 1256/2084/1251
f 1256/2084/1251 1258/2086/1253 1257/2085/1252
f 1259/2087/1254 1256/2088/1251 1249/2077/1245
f 1258/2089/1253 1256/2088/1251 1259/2087/1254
f 1249/2077/1245 1240/2063/1235 1259/2087/1254
f 1263/2090/1255 1260/2091/1256 1259/2092/1254
f 1259/2087/1254 1260/2093/1256 1258/2089/1253
f 1261/2094/1257 1259/2092/1254 1240/2060/1235
f 1259/2092/1254 1261/2094/1257 1262/2095/1258
f 1259/2092/1254 1262/2095/1258 1264/2096/1259
f 1259/2092/1254 1264/2096/1259 1263/2090/1255
f 1264/2096/1259 1262/2095/1258 1265/2097/1260
f 1263/2090/1255 1264/2096/1259 1265/2097/1260
f 1265/2097/1260 1267/2098/1261 1266/2099/1262
f 1269/2100/1263 1265/2097/1260 1266/2099/1262
f 1267/2098/1261 1265/2097/1260 1262/2095/1258
f 1265/2097/1260 1268/2101/1264 1263/2090/1255
f 1268/2101/1264 1265/2097/1260 1269/2100/1263
f 1269/2100/1263 1272/2102/1265 1268/2101/1264
f 1273/2103/1266 1270/2104/1267 1269/2100/1263
f 1270/2104/1267 1271/2105/1268 1269/2100/1263
f 1271/2105/1268 1272/2102/1265 1269/2100/1263
f 1269/2100/1263 1266/2099/1262 1273/2103/1266
f 1266/2106/1262 1275/2107/1269 1273/2108/1266
f 1274/2109/1270 1273/2108/1266 1275/2107/1269
f 1273/2103/1266 1274/2110/1270 1270/2104/1267
f 1267/2111/1261 1276/2112/1271 1275/2113/1269
f 1275/2114/1269 1276/2115/1271 1277/2116/1272
f 1278/2117/1273 1275/2114/1269 1277/2116/1272
f 1274/2109/1270 1275/2107/1269 1278/2118/1273
f 1266/2119/1262 1267/2111/1261 1275/2113/1269
f 1277/2116/1272 1280/2120/1274 1278/2117/1273
f 1279/2121/1275 1274/2109/1270 1278/2118/1273
f 1278/2118/1273 1281/2122/1276 1279/2121/1275
f 1280/2120/1274 1281/2123/1276 1278/2117/1273
f 1280/2120/1274 1283/2124/1277 1281/2123/1276
f 1282/2125/1278 1279/2121/1275 1281/2122/1276
f 1281/2122/1276 1283/2126/1277 1282/2125/1278
f 1284/2127/1279 1286/2128/1280 1283/2126/1277
f 1284/2127/1279 1283/2126/1277 1285/2129/1281
f 1280/2120/1274 1287/2130/1282 1283/2124/1277
f 1287/2130/1282 1285/2131/1281 1283/2124/1277
f 1286/2128/1280 1282/2125/1278 1283/2126/1277
f 1287/2130/1282 1280/2120/1274 1288/2132/1283
f 1288/2132/1283 1291/2133/1284 1287/2130/1282
f 1181/1979/1177 1287/2130/1282 1289/2134/1285
f 1287/2130/1282 1181/1979/1177 1290/2135/1286
f 1289/2134/1285 1287/2130/1282 1291/2133/1284
f 1287/2130/1282 1290/2135/1286 1285/2131/1281
f 1291/2133/1284 1288/2132/1283 1293/2136/1287
f 1292/2137/1288 1289/2134/1285 1291/2133/1284
f 1291/2133/1284 1295/2138/1289 1292/2137/1288
f 1293/2136/1287 1294/2139/1290 1291/2133/1284
f 1295/2138/1289 1291/2133/1284 1294/2139/1290
f 1294/2139/1290 1297/2140/1291 1295/2138/1289
f 1295/2138/1289 1297/2140/1291 1296/2141/1292
f 1292/2142/1288 1295/2143/1289 1296/2144/1292
f 1298/2145/1293 1297/2140/1291 1294/2139/1290
f 1298/2146/1293 1300/2147/1294 1297/2148/1291
f 1299/2149/1295 1296/2150/1292 1297/2148/1291
f 1299/2149/1295 1297/2148/1291 1300/2147/1294
f 1302/2151/1296 1301/2152/1297 1300/2153/1294
f 1299/2149/1295 1300/2147/1294 1301/2154/1297
f 1300/2153/1294 1303/2155/1298 1302/2151/1296
f 1303/2155/1298 1300/2153/1294 1298/2156/1293
f 1303/2155/1298 1298/2156/1293 1304/2157/1299
f 1303/2155/1298 1304/2157/1299 1305/2158/1300
f 1305/2158/1300 1306/2159/1301 1303/2155/1298
f 1302/2151/1296 1303/2155/1298 1306/2159/1301
f 1305/2158/1300 1307/2160/1302 1306/2159/1301
f 1307/2160/1302 1309/2161/1303 1306/2159/1301
f 1302/2151/1296 1306/2159/1301 1308/2162/1304
f 1308/2162/1304 1306/2159/1301 1309/2161/1303
f 1309/2161/1303 1307/2160/1302 1310/2163/1305
f 1309/2161/1303 1310/2163/1305 1311/2164/1306
f 1311/2164/1306 1312/2165/1307 1309/2161/1303
f 1314/2166/1308 1309/2161/1303 1312/2165/1307
f 1309/2161/1303 1314/2166/1308 1313/2167/1309
f 1313/2167/1309 1308/2162/1304 1309/2161/1303
f 1316/2168/1310 1314/2166/1308 1315/2169/1311
f 1312/2165/1307 1315/2169/1311 1314/2166/1308
f 1314/2166/1308 1316/2168/1310 1318/2170/1312
f 1313/2167/1309 1314/2166/1308 1317/2171/1313
f 1318/2170/1312 1317/2171/1313 1314/2166/1308
f 1319/2172/1314 1320/2173/1315 1318/2170/1312
f 1318/2170/1312 1321/2174/1316 1319/2172/1314
f 1317/2171/1313 1318/2170/1312 1320/2173/1315
f 1321/2174/1316 1318/2170/1312 1316/2168/1310
f 1323/2175/1317 1321/2174/1316 1316/2168/1310
f 1322/2176/1318 1319/2172/1314 1321/2174/1316
f 1321/2174/1316 1323/2175/1317 1322/2176/1318
f 1323/2175/1317 1316/2168/1310 1324/2177/1319
f 1323/2175/1317 1326/2178/1320 1322/2176/1318
f 1324/2177/1319 1325/2179/1321 1323/2175/1317
f 1326/2178/1320 1323/2175/1317 1325/2179/1321
f 1329/2180/1322 1326/2178/1320 1325/2179/1321
f 1328/2181/1323 1322/2176/1318 1326/2178/1320
f 1330/2182/1324 1327/2183/1325 1326/2178/1320
f 1327/2183/1325 1328/2181/1323 1326/2178/1320
f 1326/2178/1320 1329/2180/1322 1330/2182/1324
f 1331/2184/1326 1334/2185/1327 1330/2182/1324
f 1331/2184/1326 1330/2182/1324 1333/2186/1328
f 1329/2180/1322 1332/2187/1329 1330/2182/1324
f 1332/2187/1329 1333/2186/1328 1330/2182/1324
f 1330/2182/1324 1334/2185/1327 1335/2188/1330
f 1335/2188/1330 1327/2183/1325 1330/2182/1324
f 1336/2189/1331 1335/2188/1330 1334/2185/1327
f 1339/2190/1332 1327/2183/1325 1335/2188/1330
f 1335/2188/1330 1336/2189/1331 1337/2191/1333
f 1337/2191/1333 1338/2192/1334 1335/2188/1330
f 1335/2188/1330 1338/2192/1334 1339/2190/1332
f 1328/2181/1323 1327/2183/1325 1339/2190/1332
f 1339/2190/1332 1340/2193/1335 1328/2181/1323
f 1342/2194/1336 1339/2190/1332 1338/2192/1334
f 1339/2190/1332 1341/2195/1337 1340/2193/1335
f 1339/2190/1332 1342/2194/1336 1341/2195/1337
f 1342/2196/1336 1345/2197/1338 1343/2198/1339
f 1341/2195/1337 1342/2194/1336 1343/2199/1339
f 1338/2192/1334 1344/2200/1340 1342/2194/1336
f 1345/2201/1338 1342/2194/1336 1344/2200/1340
f 1349/2202/1341 1343/2198/1339 1345/2197/1338
f 1345/2201/1338 1344/2200/1340 1346/2203/1342
f 1346/2203/1342 1347/2204/1343 1345/2201/1338
f 1348/2205/1344 1345/2197/1338 1347/2206/1343
f 1348/2205/1344 1349/2202/1341 1345/2197/1338
f 1350/2207/1345 1343/2198/1339 1349/2202/1341
f 1349/2202/1341 1351/2208/1346 1350/2207/1345
f 1349/2209/1341 1348/2210/1344 1353/2211/1347
f 1351/2212/1346 1349/2213/1341 1352/2214/1348
f 1353/2211/1347 1352/2215/1348 1349/2209/1341
f 1352/2216/1348 1353/2217/1347 1355/2218/1349
f 1354/2219/1350 1353/2211/1347 1348/2210/1344
f 1353/2217/1347 1354/2220/1350 1355/2218/1349
f 1352/2216/1348 1355/2218/1349 1361/2221/1351
f 1355/2218/1349 1356/2222/1352 1359/2223/1353
f 1356/2222/1352 1355/2218/1349 1354/2220/1350
f 1357/2224/1354 1355/2225/1349 1358/2226/1355
f 1355/2218/1349 1357/2227/1354 1361/2221/1351
f 1360/2228/1356 1358/2226/1355 1355/2225/1349
f 1360/2228/1356 1355/2225/1349 1359/2229/1353
f 1366/2230/1357 1362/2231/1358 1361/2221/1351
f 1363/2232/1359 1361/2221/1351 1362/2231/1358
f 1365/2233/1360 1352/2216/1348 1361/2221/1351
f 1361/2221/1351 1363/2232/1359 1365/2233/1360
f 1364/2234/1361 1361/2221/1351 1357/2227/1354
f 1361/2235/1351 1364/2236/1361 1367/2237/1362
f 1367/2237/1362 1366/2238/1357 1361/2235/1351
f 1367/2239/1362 1370/2240/1363 1368/2241/1364
f 1368/2241/1364 1369/2242/1365 1367/2239/1362
f 1369/2242/1365 1366/2243/1357 1367/2239/1362
f 1370/2244/1363 1367/2245/1362 1371/2246/1366
f 1364/2247/1361 1371/2246/1366 1367/2245/1362
f 1371/2248/1366 1363/2249/1359 1372/2250/1367
f 1372/2250/1367 1370/2251/1363 1371/2248/1366
f 1363/2232/1359 1371/2252/1366 1375/2253/1368
f 1371/2252/1366 1364/2234/1361 1357/2227/1354
f 1357/2227/1354 1373/2254/1369 1371/2252/1366
f 1371/2252/1366 1373/2254/1369 1374/2255/1370
f 1374/2256/1370 1375/2257/1368 1371/2258/1366
f 1375/2257/1368 1374/2256/1370 1376/2259/1371
f 1376/2259/1371 1377/2260/1372 1375/2257/1368
f 1375/2257/1368 1377/2260/1372 1365/2261/1360
f 1375/2253/1368 1365/2233/1360 1363/2232/1359
f 1377/2260/1372 1376/2259/1371 1379/2262/1373
f 1377/2260/1372 1378/2263/1374 1365/2261/1360
f 1378/2263/1374 1377/2260/1372 1380/2264/1375
f 1379/2262/1373 1380/2264/1375 1377/2260/1372
f 1384/2265/1376 1381/2266/1377 1380/2267/1375
f 1381/2266/1377 1383/2268/1378 1380/2267/1375
f 1382/2269/1379 1378/2263/1374 1380/2264/1375
f 1382/2270/1379 1380/2267/1375 1383/2268/1378
f 1380/2267/1375 1379/2271/1373 1384/2265/1376
f 1385/2272/1380 1387/2273/1381 1384/2274/1376
f 1386/2275/1382 1385/2272/1380 1384/2274/1376
f 1388/2276/1383 1386/2275/1382 1384/2274/1376
f 1381/2277/1377 1384/2274/1376 1387/2273/1381
f 1390/2278/1384 1388/2276/1383 1384/2274/1376
f 1379/2271/1373 1389/2279/1385 1384/2265/1376
f 1384/2274/1376 1389/2280/1385 1390/2278/1384
f 1391/2281/1386 1392/2282/1387 1390/2278/1384
f 1390/2278/1384 1393/2283/1388 1391/2281/1386
f 1388/2276/1383 1390/2278/1384 1392/2282/1387
f 1393/2283/1388 1390/2278/1384 1389/2280/1385
f 1394/2284/1389 1393/2283/1388 1389/2280/1385
f 1393/2283/1388 1394/2284/1389 1391/2281/1386
f 1395/2285/1390 1394/2284/1389 1389/2280/1385
f 1394/2284/1389 1395/2285/1390 1396/2286/1391
f 1396/2286/1391 1391/2281/1386 1394/2284/1389
f 1397/2287/1392 1396/2286/1391 1395/2285/1390
f 1396/2288/1391 1397/2289/1392 1398/2290/1393
f 1391/2281/1386 1396/2286/1391 1398/2291/1393
f 1398/2290/1393 1397/2289/1392 1399/2292/1394
f 1399/2292/1394 1400/2293/1395 1398/2290/1393
f 1398/2290/1393 1400/2293/1395 1401/2294/1396
f 1401/2295/1396 1402/2296/1397 1398/2291/1393
f 1398/2291/1393 1402/2296/1397 1391/2281/1386
f 1403/2297/1398 1404/2298/1399 1402/2296/1397
f 1402/2296/1397 1401/2295/1396 1403/2297/1398
f 1392/2282/1387 1391/2281/1386 1402/2296/1397
f 1404/2298/1399 1392/2282/1387 1402/2296/1397
f 1403/2297/1398 1408/2299/1400 1404/2298/1399
f 1405/2300/1401 1392/2282/1387 1404/2298/1399
f 1405/2300/1401 1404/2298/1399 1406/2301/1402
f 1407/2302/1403 1406/2301/1402 1404/2298/1399
f 1404/2298/1399 1410/2303/1404 1407/2302/1403
f 1409/2304/1405 1404/2298/1399 1408/2299/1400
f 1410/2303/1404 1404/2298/1399 1409/2304/1405
f 1410/2303/1404 1413/2305/1406 1411/2306/1407
f 1411/2306/1407 1407/2302/1403 1410/2303/1404
f 1412/2307/1408 1410/2303/1404 1409/2304/1405
f 1413/2305/1406 1410/2303/1404 1412/2307/1408
f 1414/2308/1409 1413/2305/1406 1417/2309/1410
f 1413/2305/1406 1414/2308/1409 1415/2310/1411
f 1415/2310/1411 1416/2311/1412 1413/2305/1406
f 1416/2311/1412 1411/2306/1407 1413/2305/1406
f 1412/2307/1408 1417/2309/1410 1413/2305/1406
f 1414/2308/1409 1417/2309/1410 1418/2312/1413
f 1417/2309/1410 1419/2313/1414 1418/2312/1413
f 1420/2314/1415 1417/2309/1410 1412/2307/1408
f 1420/2314/1415 1419/2313/1414 1417/2309/1410
f 1420/2315/1415 1412/2316/1408 1424/2317/1416
f 1420/2318/1415 1422/2319/1417 1421/2320/1418
f 1419/2321/1414 1420/2318/1415 1421/2320/1418
f 1422/2319/1417 1420/2318/1415 1423/2322/1419
f 1424/2323/1416 1423/2324/1419 1420/2325/1415
f 1424/2326/1416 1408/2299/1400 1425/2327/1420
f 1408/2299/1400 1424/2326/1416 1409/2304/1405
f 1426/2328/1421 1424/2326/1416 1425/2327/1420
f 1409/2304/1405 1424/2326/1416 1412/2307/1408
f 1426/2329/1421 1423/2322/1419 1424/2330/1416
f 1425/2327/1420 1427/2331/1422 1426/2328/1421
f 1427/2331/1422 1430/2332/1423 1426/2328/1421
f 1426/2329/1421 1429/2333/1424 1428/2334/1425
f 1426/2329/1421 1428/2334/1425 1431/2335/1426
f 1430/2336/1423 1429/2333/1424 1426/2329/1421
f 1431/2335/1426 1423/2322/1419 1426/2329/1421
f 1432/2337/1427 1431/2335/1426 1433/2338/1428
f 1431/2335/1426 1432/2337/1427 1422/2319/1417
f 1422/2319/1417 1423/2322/1419 1431/2335/1426
f 1431/2335/1426 1434/2339/1429 1433/2338/1428
f 1431/2335/1426 1428/2334/1425 1434/2339/1429
f 1433/2338/1428 1434/2339/1429 1435/2340/1430
f 1435/2340/1430 1434/2339/1429 1436/2341/1431
f 1436/2341/1431 1434/2339/1429 1428/2334/1425
f 1437/2342/1432 1436/2341/1431 1429/2333/1424
f 1436/2341/1431 1437/2342/1432 1435/2340/1430
f 1428/2334/1425 1429/2333/1424 1436/2341/1431
f 1429/2333/1424 1430/2336/1423 1437/2342/1432
f 1430/2336/1423 1438/2343/1433 1437/2342/1432
f 1435/2340/1430 1437/2342/1432 1438/2343/1433
f 1438/2343/1433 1439/2344/1434 1435/2340/1430
f 1439/2345/1434 1438/2346/1433 1440/2347/1435
f 1440/2348/1435 1438/2343/1433 1427/2349/1422
f 1430/2336/1423 1427/2349/1422 1438/2343/1433
f 1439/2350/1434 1440/2351/1435 1442/2352/1436
f 1440/2348/1435 1427/2349/1422 1441/2353/1437
f 1441/2354/1437 1442/2352/1436 1440/2351/1435
f 1443/2355/1438 1442/2352/1436 1444/2356/1439
f 1445/2357/1440 1442/2352/1436 1443/2355/1438
f 1445/2357/1440 1439/2350/1434 1442/2352/1436
f 1442/2352/1436 1441/2354/1437 1444/2356/1439
f 1445/2357/1440 1446/2358/1441 1449/2359/1442
f 1447/2360/1443 1446/2358/1441 1445/2357/1440
f 1445/2357/1440 1443/2355/1438 1447/2360/1443
f 1450/2361/1444 1445/2362/1440 1448/2363/1445
f 1448/2363/1445 1445/2362/1440 1449/2364/1442
f 1445/2362/1440 1450/2361/1444 1439/2365/1434
f 1452/2366/1446 1450/2361/1444 1451/2367/1447
f 1457/2368/1448 1451/2367/1447 1450/2361/1444
f 1452/2366/1446 1453/2369/1449 1450/2361/1444
f 1439/2365/1434 1450/2361/1444 1453/2369/1449
f 1450/2361/1444 1456/2370/1450 1454/2371/1451
f 1455/2372/1452 1450/2361/1444 1454/2371/1451
f 1450/2361/1444 1455/2372/1452 1457/2368/1448
f 1456/2370/1450 1450/2361/1444 1448/2363/1445
f 1458/2373/1453 1457/2368/1448 1455/2372/1452
f 1457/2368/1448 1458/2373/1453 1459/2374/1454
f 1451/2367/1447 1457/2368/1448 1460/2375/1455
f 1459/2374/1454 1460/2375/1455 1457/2368/1448
f 1460/2375/1455 1461/2376/1456 1462/2377/1457
f 1461/2376/1456 1460/2375/1455 1459/2374/1454
f 1460/2375/1455 1463/2378/1458 1451/2367/1447
f 1462/2377/1457 1463/2378/1458 1460/2375/1455
f 1464/2379/1459 1451/2367/1447 1463/2378/1458
f 1462/2377/1457 1466/2380/1460 1463/2378/1458
f 1465/2381/1461 1464/2379/1459 1463/2378/1458
f 1465/2381/1461 1463/2378/1458 1466/2380/1460
f 1466/2380/1460 1462/2377/1457 1467/2382/1462
f 1467/2382/1462 1468/2383/1463 1466/2380/1460
f 1469/2384/1464 1466/2380/1460 1468/2383/1463
f 1469/2384/1464 1465/2381/1461 1466/2380/1460
f 1469/2384/1464 1471/2385/1465 1470/2386/1466
f 1465/2381/1461 1469/2384/1464 1470/2386/1466
f 1468/2383/1463 1471/2385/1465 1469/2384/1464
f 1471/2387/1465 1472/2388/1467 1470/2389/1466
f 1468/2383/1463 1472/2390/1467 1471/2385/1465
f 1474/2391/1468 1472/2390/1467 1473/2392/1469
f 1472/2390/1467 1468/2383/1463 1473/2392/1469
f 1470/2386/1466 1472/2390/1467 1474/2391/1468
f 1474/2391/1468 1473/2392/1469 1475/2393/1470
f 1475/2393/1470 1476/2394/1471 1474/2391/1468
f 1477/2395/1472 1474/2391/1468 1476/2394/1471
f 1474/2391/1468 1477/2395/1472 1470/2386/1466
f 1478/2396/1473 1477/2395/1472 1480/2397/1474
f 1477/2395/1472 1478/2396/1473 1479/2398/1475
f 1477/2395/1472 1479/2398/1475 1470/2386/1466
f 1476/2394/1471 1480/2397/1474 1477/2395/1472
f 1480/2399/1474 1481/2400/1476 1482/2401/1477
f 1480/2399/1474 1476/2402/1471 1481/2400/1476
f 1480/2397/1474 1482/2403/1477 1478/2396/1473
f 1483/2404/1478 1482/2401/1477 1481/2400/1476
f 1482/2403/1477 1484/2405/1479 1478/2396/1473
f 1483/2404/1478 1485/2406/1480 1482/2401/1477
f 1485/2406/1480 1484/2407/1479 1482/2401/1477
f 1486/2408/1481 1485/2406/1480 1483/2404/1478
f 1484/2407/1479 1485/2406/1480 1486/2408/1481
f 1486/2408/1481 1491/2409/1482 1487/2410/1483
f 1487/2410/1483 1484/2407/1479 1486/2408/1481
f 1488/2411/1484 1491/2409/1482 1486/2408/1481
f 1490/2412/1485 1488/2411/1484 1486/2408/1481
f 1483/2404/1478 1489/2413/1486 1486/2408/1481
f 1486/2408/1481 1489/2413/1486 1490/2412/1485
f 1493/2414/1487 1491/2409/1482 1488/2411/1484
f 1492/2415/1488 1494/2416/1489 1491/2409/1482
f 1492/2415/1488 1491/2409/1482 1493/2414/1487
f 1494/2416/1489 1495/2417/1490 1491/2409/1482
f 1487/2410/1483 1491/2409/1482 1495/2417/1490
f 1495/2417/1490 1497/2418/1491 1496/2419/1492
f 1498/2420/1493 1495/2417/1490 1496/2419/1492
f 1494/2416/1489 1497/2418/1491 1495/2417/1490
f 1495/2417/1490 1498/2420/1493 1499/2421/1494
f 1487/2410/1483 1495/2417/1490 1499/2421/1494
f 1499/2421/1494 1498/2420/1493 1500/2422/1495
f 1500/2422/1495 1501/2423/1496 1499/2421/1494
f 1501/2423/1496 1502/2424/1497 1499/2421/1494
f 1503/2425/1498 1499/2421/1494 1502/2424/1497
f 1487/2410/1483 1499/2421/1494 1503/2425/1498
f 1504/2426/1499 1503/2425/1498 1506/2427/1500
f 1504/2428/1499 1507/2429/1501 1503/2430/1498
f 1433/2338/1428 1503/2425/1498 1505/2431/1502
f 1505/2431/1502 1503/2425/1498 1502/2424/1497
f 1503/2425/1498 1433/2338/1428 1506/2427/1500
f 1503/2425/1498 1507/2432/1501 1487/2410/1483
f 1508/2433/1503 1509/2434/1504 1507/2432/1501
f 1508/2433/1503 1507/2432/1501 1504/2426/1499
f 1510/2435/1505 1507/2436/1501 1509/2437/1504
f 1507/2436/1501 1510/2435/1505 1511/2438/1506
f 1507/2432/1501 1511/2439/1506 1487/2410/1483
f 1487/2410/1483 1511/2439/1506 1484/2407/1479
f 1512/2440/1507 1484/2407/1479 1511/2439/1506
f 1510/2435/1505 1512/2441/1507 1511/2438/1506
f 1512/2441/1507 1513/2442/1508 1478/2396/1473
f 1478/2396/1473 1484/2405/1479 1512/2441/1507
f 1514/2443/1509 1513/2442/1508 1512/2441/1507
f 1512/2441/1507 1510/2435/1505 1514/2443/1509
f 1514/2443/1509 1515/2444/1510 1516/2445/1511
f 1515/2444/1510 1514/2443/1509 1510/2435/1505
f 1514/2443/1509 1516/2445/1511 1513/2442/1508
f 1516/2445/1511 1470/2386/1466 1479/2398/1475
f 1465/2381/1461 1470/2386/1466 1516/2445/1511
f 1465/2381/1461 1516/2445/1511 1464/2379/1459
f 1452/2366/1446 1464/2379/1459 1516/2445/1511
f 1516/2445/1511 1515/2444/1510 1435/2446/1430
f 1516/2445/1511 1453/2369/1449 1452/2366/1446
f 1516/2445/1511 1435/2446/1430 1453/2369/1449
f 1479/2398/1475 1513/2442/1508 1516/2445/1511
f 1435/2446/1430 1515/2444/1510 1509/2437/1504
f 1509/2437/1504 1515/2444/1510 1510/2435/1505
f 1478/2396/1473 1513/2442/1508 1479/2398/1475
f 1509/2434/1504 1508/2433/1503 1435/2340/1430
f 1506/2427/1500 1508/2433/1503 1504/2426/1499
f 1506/2427/1500 1435/2340/1430 1508/2433/1503
f 1435/2340/1430 1506/2427/1500 1433/2338/1428
f 1502/2424/1497 1517/2447/1512 1505/2431/1502
f 1505/2431/1502 1432/2337/1427 1433/2338/1428
f 1432/2337/1427 1505/2431/1502 1517/2447/1512
f 1518/2448/1513 1517/2447/1512 1502/2424/1497
f 1432/2337/1427 1517/2447/1512 1422/2319/1417
f 1421/2320/1418 1422/2319/1417 1517/2447/1512
f 1517/2447/1512 1518/2448/1513 1421/2320/1418
f 1518/2448/1513 1519/2449/1514 1421/2320/1418
f 1521/2450/1515 1519/2449/1514 1518/2448/1513
f 1502/2424/1497 1520/2451/1516 1518/2448/1513
f 1518/2448/1513 1520/2451/1516 1521/2450/1515
f 1522/2452/1517 1521/2450/1515 1520/2451/1516
f 1521/2450/1515 1522/2452/1517 1523/2453/1518
f 1524/2454/1519 1521/2450/1515 1523/2453/1518
f 1519/2449/1514 1521/2450/1515 1524/2454/1519
f 1524/2454/1519 1523/2453/1518 1527/2455/1520
f 1524/2454/1519 1525/2456/1521 1519/2449/1514
f 1525/2457/1521 1524/2458/1519 1526/2459/1522
f 1526/2459/1522 1524/2458/1519 1527/2460/1520
f 1527/2460/1520 1383/2461/1378 1526/2459/1522
f 1383/2268/1378 1527/2455/1520 1529/2462/1523
f 1527/2455/1520 1528/2463/1524 1529/2462/1523
f 1528/2463/1524 1527/2455/1520 1523/2453/1518
f 1382/2270/1379 1529/2462/1523 1533/2464/1525
f 1529/2462/1523 1382/2270/1379 1383/2268/1378
f 1530/2465/1526 1531/2466/1527 1529/2462/1523
f 1530/2465/1526 1529/2462/1523 1528/2463/1524
f 1531/2466/1527 1532/2467/1528 1529/2462/1523
f 1532/2467/1528 1533/2464/1525 1529/2462/1523
f 1382/2269/1379 1533/2468/1525 1535/2469/1529
f 1533/2464/1525 1532/2467/1528 1534/2470/1530
f 1535/2469/1529 1533/2468/1525 1534/2471/1530
f 1535/2469/1529 1378/2263/1374 1382/2269/1379
f 1378/2263/1374 1535/2469/1529 1536/2472/1531
f 1534/2471/1530 1536/2472/1531 1535/2469/1529
f 1536/2472/1531 1365/2261/1360 1378/2263/1374
f 1365/2233/1360 1536/2473/1531 1352/2216/1348
f 1537/2474/1532 1352/2216/1348 1536/2473/1531
f 1536/2473/1531 1534/2470/1530 1537/2474/1532
f 1538/2475/1533 1537/2474/1532 1534/2470/1530
f 1352/2214/1348 1537/2476/1532 1351/2212/1346
f 1537/2477/1532 1538/2478/1533 1539/2479/1534
f 1539/2480/1534 1351/2212/1346 1537/2476/1532
f 1540/2481/1535 1539/2482/1534 1541/2483/1536
f 1540/2481/1535 1542/2484/1537 1539/2482/1534
f 1541/2485/1536 1539/2479/1534 1538/2478/1533
f 1351/2208/1346 1539/2482/1534 1542/2484/1537
f 1540/2486/1535 1543/2487/1538 1542/2488/1537
f 1542/2488/1537 1543/2487/1538 1544/2489/1539
f 1542/2484/1537 1350/2207/1345 1351/2208/1346
f 1544/2489/1539 1545/2490/1540 1542/2488/1537
f 1546/2491/1541 1542/2488/1537 1545/2490/1540
f 1350/2492/1345 1542/2488/1537 1546/2491/1541
f 1545/2490/1540 1547/2493/1542 1546/2491/1541
f 1547/2493/1542 1548/2494/1543 1546/2491/1541
f 1549/2495/1544 1546/2491/1541 1548/2494/1543
f 1546/2496/1541 1549/2497/1544 1350/2498/1345
f 1548/2494/1543 1550/2499/1545 1549/2495/1544
f 1549/2495/1544 1550/2499/1545 1554/2500/1546
f 1549/2495/1544 1554/2500/1546 1551/2501/1547
f 1549/2495/1544 1551/2501/1547 1552/2502/1548
f 1549/2495/1544 1552/2502/1548 1553/2503/1549
f 1553/2503/1549 1350/2492/1345 1549/2495/1544
f 1555/2504/1550 1556/2505/1551 1554/2500/1546
f 1554/2500/1546 1550/2499/1545 1555/2504/1550
f 1556/2505/1551 1551/2501/1547 1554/2500/1546
f 1560/2506/1552 1556/2505/1551 1555/2504/1550
f 1557/2507/1553 1551/2501/1547 1556/2505/1551
f 1557/2507/1553 1556/2505/1551 1558/2508/1554
f 1559/2509/1555 1558/2508/1554 1556/2505/1551
f 1559/2509/1555 1556/2505/1551 1560/2506/1552
f 1555/2504/1550 1561/2510/1556 1560/2506/1552
f 1560/2506/1552 1561/2510/1556 1563/2511/1557
f 1562/2512/1558 1559/2509/1555 1560/2506/1552
f 1563/2511/1557 1562/2512/1558 1560/2506/1552
f 1563/2513/1557 1565/2514/1559 1562/2515/1558
f 1564/2516/1560 1563/2511/1557 1561/2510/1556
f 1564/2517/1560 1566/2518/1561 1563/2513/1557
f 1563/2513/1557 1566/2518/1561 1565/2514/1559
f 1570/2519/1562 1566/2518/1561 1567/2520/1563
f 1569/2521/1564 1567/2520/1563 1566/2518/1561
f 1568/2522/1565 1565/2514/1559 1566/2518/1561
f 1568/2522/1565 1566/2518/1561 1570/2519/1562
f 1566/2518/1561 1564/2517/1560 1569/2521/1564
f 1572/2523/1566 1571/2524/1567 1570/2519/1562
f 1573/2525/1568 1570/2526/1562 1571/2527/1567
f 1572/2523/1566 1570/2519/1562 1567/2520/1563
f 1574/2528/1569 1568/2522/1565 1570/2519/1562
f 1570/2519/1562 1573/2529/1568 1574/2528/1569
f 1574/2528/1569 1573/2529/1568 1575/2530/1570
f 1575/2530/1570 1576/2531/1571 1574/2528/1569
f 1574/2528/1569 1576/2531/1571 1568/2522/1565
f 1576/2531/1571 1575/2530/1570 1578/2532/1572
f 1576/2531/1571 1577/2533/1573 1580/2534/1574
f 1578/2532/1572 1577/2533/1573 1576/2531/1571
f 1579/2535/1575 1568/2522/1565 1576/2531/1571
f 1576/2531/1571 1580/2534/1574 1579/2535/1575
f 1582/2536/1576 1581/2537/1577 1580/2534/1574
f 1581/2537/1577 1579/2535/1575 1580/2534/1574
f 1580/2534/1574 1577/2533/1573 1582/2536/1576
f 1582/2536/1576 1584/2538/1578 1583/2539/1579
f 1583/2539/1579 1581/2537/1577 1582/2536/1576
f 1584/2538/1578 1582/2536/1576 1586/2540/1580
f 1577/2533/1573 1585/2541/1581 1582/2536/1576
f 1585/2541/1581 1586/2540/1580 1582/2536/1576
f 1586/2540/1580 1589/2542/1582 1584/2538/1578
f 1588/2543/1583 1586/2544/1580 1585/2545/1581
f 1589/2546/1582 1586/2544/1580 1587/2547/1584
f 1587/2547/1584 1586/2544/1580 1588/2543/1583
f 1587/2547/1584 1590/2548/1585 1589/2546/1582
f 1592/2549/1586 1589/2546/1582 1590/2548/1585
f 1591/2550/1587 1584/2538/1578 1589/2542/1582
f 1589/2542/1582 1592/2551/1586 1591/2550/1587
f 1592/2549/1586 1590/2548/1585 1593/2552/1588
f 1593/2552/1588 1594/2553/1589 1592/2549/1586
f 1591/2554/1587 1592/2549/1586 1594/2553/1589
f 1595/2555/1590 1597/2556/1591 1594/2553/1589
f 1594/2553/1589 1593/2552/1588 1595/2555/1590
f 1594/2557/1589 1596/2558/1592 1591/2550/1587
f 1594/2559/1589 1597/2560/1591 1596/2561/1592
f 1597/2560/1591 1601/2562/1593 1598/2563/1594
f 1598/2563/1594 1599/2564/1595 1597/2560/1591
f 1600/2565/1596 1597/2560/1591 1599/2564/1595
f 1597/2560/1591 1600/2565/1596 1596/2561/1592
f 1601/2566/1593 1597/2556/1591 1595/2555/1590
f 1595/2555/1590 1602/2567/1597 1601/2566/1593
f 1163/1959/1159 1598/2568/1594 1601/2566/1593
f 1601/2566/1593 1161/1954/1156 1163/1959/1159
f 1159/1952/1154 1601/2566/1593 1602/2567/1597
f 1601/2566/1593 1159/1952/1154 1161/1954/1156
f 1602/2567/1597 1603/2569/1598 1158/1951/1153
f 1158/1951/1153 1159/1952/1154 1602/2567/1597
f 1602/2567/1597 1595/2555/1590 1593/2552/1588
f 1602/2567/1597 1593/2552/1588 1603/2569/1598
f 1603/2569/1598 1604/2570/1599 1158/1951/1153
f 1590/2548/1585 1603/2569/1598 1593/2552/1588
f 1603/2569/1598 1605/2571/1600 1604/2570/1599
f 1605/2571/1600 1603/2569/1598 1590/2548/1585
f 1590/2548/1585 1587/2547/1584 1605/2571/1600
f 1605/2571/1600 1606/2572/1601 1607/2573/1602
f 1606/2572/1601 1605/2571/1600 1587/2547/1584
f 1607/2573/1602 1604/2570/1599 1605/2571/1600
f 1608/2574/1603 1607/2573/1602 1606/2572/1601
f 1608/2574/1603 1609/2575/1604 1607/2573/1602
f 1610/2576/1605 1607/2573/1602 1609/2575/1604
f 1604/2570/1599 1607/2573/1602 1610/2576/1605
f 1610/2576/1605 1611/2577/1606 1155/1949/1151
f 1609/2575/1604 1611/2577/1606 1610/2576/1605
f 1610/2576/1605 1156/1950/1152 1604/2570/1599
f 1155/1949/1151 1156/1950/1152 1610/2576/1605
f 1155/1949/1151 1611/2577/1606 1612/2578/1607
f 1611/2577/1606 1609/2575/1604 1612/2578/1607
f 1613/2579/1608 1615/2580/1609 1612/2578/1607
f 1613/2579/1608 1612/2578/1607 1614/2581/1610
f 1612/2578/1607 1615/2580/1609 1155/1949/1151
f 1614/2581/1610 1612/2578/1607 1609/2575/1604
f 1615/2582/1609 1619/2583/1611 1148/2584/1145
f 1148/1940/1145 1155/1949/1151 1615/2580/1609
f 1615/2580/1609 1613/2579/1608 1616/2585/1612
f 1618/2586/1613 1615/2580/1609 1616/2585/1612
f 1619/2587/1611 1615/2580/1609 1617/2588/1614
f 1618/2586/1613 1617/2588/1614 1615/2580/1609
f 1620/2589/1615 1619/2587/1611 1617/2588/1614
f 1619/2587/1611 1149/2590/1144 1148/1940/1145
f 1620/2589/1615 1149/2590/1144 1619/2587/1611
f 1069/2591/1066 1620/2592/1615 1621/2593/1616
f 1622/2594/1617 1621/2595/1616 1620/2589/1615
f 1620/2589/1615 1623/2596/1618 1622/2594/1617
f 1631/2597/1619 1623/2596/1618 1620/2589/1615
f 1620/2598/1615 1624/2599/1620 1627/2600/1621
f 1624/2599/1620 1620/2598/1615 1625/2601/1622
f 1625/2601/1622 1620/2598/1615 1628/2602/1623
f 1620/2598/1615 1626/2603/1624 1629/2604/1625
f 1627/2600/1621 1626/2603/1624 1620/2598/1615
f 1629/2604/1625 1628/2602/1623 1620/2598/1615
f 1149/2590/1144 1620/2589/1615 1630/2605/1626
f 1630/2605/1626 1620/2589/1615 1069/1797/1066
f 1617/2588/1614 1631/2597/1619 1620/2589/1615
f 1631/2606/1619 1617/2607/1614 1633/2608/1627
f 1633/2608/1627 1632/2609/1628 1631/2606/1619
f 1634/2610/1629 1631/2606/1619 1632/2609/1628
f 1631/2597/1619 1634/2611/1629 1623/2596/1618
f 1635/2612/871 1634/2613/1629 1636/2614/1630
f 1634/2611/1629 1635/2615/871 1623/2596/1618
f 1632/2616/1628 1636/2614/1630 1634/2613/1629
f 1636/2614/1630 1637/2617/1631 1635/2612/871
f 1637/2618/1631 1636/2619/1630 1638/2620/1632
f 1636/2619/1630 1632/2621/1628 1638/2620/1632
f 1640/2622/1633 1637/2618/1631 1638/2620/1632
f 1632/2621/1628 1633/2623/1627 1638/2620/1632
f 1633/2623/1627 1639/2624/1634 1638/2620/1632
f 1639/2624/1634 1640/2622/1633 1638/2620/1632
f 1637/2625/1631 1640/2626/1633 1641/2627/1635
f 1618/2628/1613 1641/2627/1635 1640/2626/1633
f 1640/2626/1633 1639/2629/1634 1618/2628/1613
f 1641/2630/1635 1635/2612/871 1637/2617/1631
f 1635/2615/871 1641/2631/1635 1616/2585/1612
f 1616/2585/1612 1641/2631/1635 1618/2586/1613
f 1617/2607/1614 1618/2632/1613 1639/2633/1634
f 1639/2633/1634 1633/2608/1627 1617/2607/1614
f 1616/2585/1612 1623/2596/1618 1635/2615/871
f 1630/2605/1626 1645/2634/1636 1149/2590/1144
f 1644/2635/1637 1630/2636/1626 1642/2637/1638
f 1069/1797/1066 1642/2638/1638 1630/2605/1626
f 1644/2635/1637 1643/2639/1639 1630/2636/1626
f 1643/2640/1639 1645/2641/1636 1630/2642/1626
f 1064/1785/1063 1149/2590/1144 1645/2634/1636
f 1646/2643/1640 1071/2644/1069 1645/2645/1636
f 1064/1785/1063 1645/2634/1636 1071/1796/1069
f 1643/2640/1639 1646/2646/1640 1645/2641/1636
f 1648/2647/1641 1647/2648/1642 1646/2649/1640
f 1071/2644/1069 1646/2643/1640 1647/2650/1642
f 1646/2649/1640 1643/2651/1639 1648/2647/1641
f 1648/2647/1641 1644/2652/1637 1647/2648/1642
f 1643/2651/1639 1644/2652/1637 1648/2647/1641
f 1642/2637/1638 1647/2653/1642 1644/2635/1637
f 1647/2653/1642 1642/2637/1638 1071/2654/1069
f 1071/2655/1069 1642/2656/1638 1069/2657/1066
f 1629/2658/1625 1650/2659/1643 1649/2660/1644
f 1649/2660/1644 1628/2661/1623 1629/2658/1625
f 1629/2658/1625 1654/2662/1645 1650/2659/1643
f 1651/2663/1646 1629/2604/1625 1626/2603/1624
f 1651/2663/1646 1652/2664/1647 1629/2604/1625
f 1653/2665/1648 1629/2604/1625 1652/2664/1647
f 1654/2662/1645 1629/2658/1625 1653/2666/1648
f 1655/2667/1649 1656/2668/1650 1654/2669/1645
f 1655/2667/1649 1654/2669/1645 1657/2670/1651
f 1650/2671/1643 1654/2669/1645 1656/2668/1650
f 1653/2666/1648 1657/2672/1651 1654/2662/1645
f 1658/2673/1652 1657/2670/1651 1659/2674/1653
f 1657/2670/1651 1658/2673/1652 1655/2667/1649
f 1653/2666/1648 1659/2675/1653 1657/2672/1651
f 1659/2674/1653 1663/2676/1654 1660/2677/1655
f 1659/2674/1653 1660/2677/1655 1658/2673/1652
f 1661/2678/1656 1659/2675/1653 1662/2679/1657
f 1663/2676/1654 1659/2674/1653 1661/2680/1656
f 1659/2675/1653 1653/2666/1648 1662/2679/1657
f 1664/2681/1658 1660/2682/1655 1663/2683/1654
f 1663/2683/1654 1665/2684/1659 1664/2681/1658
f 1665/2684/1659 1663/2683/1654 1666/2685/1660
f 1661/2680/1656 1666/2686/1660 1663/2676/1654
f 1666/2685/1660 1667/2687/1661 1665/2684/1659
f 1667/2687/1661 1666/2685/1660 1668/2688/1662
f 1661/2680/1656 1668/2689/1662 1666/2686/1660
f 1668/2688/1662 1670/2690/1663 1667/2687/1661
f 1671/2691/1664 1669/2692/1665 1668/2689/1662
f 1670/2690/1663 1668/2688/1662 1669/2693/1665
f 1668/2689/1662 1661/2680/1656 1671/2691/1664
f 1673/2694/1666 1671/2695/1664 1661/2678/1656
f 1674/2696/1667 1672/2697/1668 1671/2695/1664
f 1671/2691/1664 1672/2698/1668 1675/2699/1669
f 1671/2695/1664 1673/2694/1666 1674/2696/1667
f 1675/2699/1669 1669/2692/1665 1671/2691/1664
f 1676/2700/1670 1675/2699/1669 1672/2698/1668
f 1678/2701/1671 1675/2702/1669 1676/2703/1670
f 1677/2704/1672 1669/2693/1665 1675/2702/1669
f 1675/2702/1669 1678/2701/1671 1677/2704/1672
f 1678/2705/1671 1681/2706/1673 1679/2707/1674
f 1679/2707/1674 1680/2708/1675 1678/2705/1671
f 1677/2709/1672 1678/2705/1671 1680/2708/1675
f 1676/2703/1670 1681/2710/1673 1678/2701/1671
f 1681/2706/1673 1682/2711/1676 1679/2707/1674
f 1683/2712/1677 1682/2713/1676 1681/2710/1673
f 1681/2710/1673 1676/2703/1670 1683/2712/1677
f 1684/2714/1678 1683/2715/1677 1685/2716/1679
f 1682/2713/1676 1683/2712/1677 1684/2717/1678
f 1683/2715/1677 1676/2700/1670 1685/2716/1679
f 1685/2716/1679 1686/2718/1680 1684/2714/1678
f 1672/2698/1668 1685/2716/1679 1676/2700/1670
f 1687/2719/1681 1685/2720/1679 1672/2697/1668
f 1688/2721/1682 1686/2722/1680 1685/2720/1679
f 1685/2720/1679 1687/2719/1681 1688/2721/1682
f 1688/2723/1682 1687/2724/1681 1690/2725/1683
f 1691/2726/1684 1688/2723/1682 1689/2727/1685
f 1689/2727/1685 1688/2723/1682 1690/2725/1683
f 1686/2722/1680 1688/2721/1682 1691/2728/1684
f 1692/2729/1686 1691/2726/1684 1693/2730/1687
f 1694/2731/1688 1691/2728/1684 1692/2732/1686
f 1691/2726/1684 1689/2727/1685 1693/2730/1687
f 1691/2728/1684 1694/2731/1688 1686/2722/1680
f 1694/2733/1688 1697/2734/1689 1695/2735/1690
f 1695/2735/1690 1696/2736/1691 1694/2733/1688
f 1686/2718/1680 1694/2733/1688 1696/2736/1691
f 1692/2732/1686 1697/2737/1689 1694/2731/1688
f 1697/2734/1689 1700/2738/1692 1698/2739/1693
f 1698/2739/1693 1699/2740/1694 1697/2734/1689
f 1699/2740/1694 1695/2735/1690 1697/2734/1689
f 1700/2741/1692 1697/2742/1689 1701/2743/1695
f 1697/2742/1689 1692/2744/1686 1701/2743/1695
f 1700/2741/1692 1701/2743/1695 1702/2745/1696
f 989/2746/988 1701/2747/1695 1692/2729/1686
f 1702/2748/1696 1701/2747/1695 989/2746/988
f 1702/2745/1696 1703/2749/1697 1700/2741/1692
f 1703/2749/1697 1702/2745/1696 1706/2750/1698
f 989/2746/988 1704/2751/1699 1702/2748/1696
f 1704/2751/1699 1705/2752/1700 1702/2748/1696
f 1706/2753/1698 1702/2748/1696 1705/2752/1700
f 1706/2753/1698 1705/2752/1700 1708/2754/1701
f 1709/2755/1702 1707/2756/1703 1706/2753/1698
f 1711/2757/1704 1706/2750/1698 1707/2758/1703
f 1708/2754/1701 1709/2755/1702 1706/2753/1698
f 1706/2750/1698 1710/2759/1705 1703/2749/1697
f 1706/2750/1698 1711/2757/1704 1710/2759/1705
f 1710/2760/1705 1711/2761/1704 1715/2762/1706
f 1712/2763/1707 1711/2757/1704 1707/2758/1703
f 1711/2761/1704 1712/2764/1707 1713/2765/1708
f 1713/2765/1708 1714/2766/1709 1711/2761/1704
f 1714/2766/1709 1715/2762/1706 1711/2761/1704
f 1718/2767/1710 1715/2768/1706 1714/2769/1709
f 1715/2762/1706 1716/2770/1711 1710/2760/1705
f 1717/2771/1712 1716/2772/1711 1715/2768/1706
f 1715/2768/1706 1718/2767/1710 1717/2771/1712
f 1721/2773/1713 1719/2774/1714 1718/2775/1710
f 1717/2776/1712 1718/2775/1710 1719/2774/1714
f 1714/2769/1709 1720/2777/1715 1718/2767/1710
f 1718/2775/1710 1720/2778/1715 1721/2773/1713
f 1719/2779/1714 1721/2780/1713 1722/2781/1716
f 1722/2781/1716 1721/2780/1713 1723/2782/1717
f 1721/2780/1713 1724/2783/1718 1723/2782/1717
f 1724/2783/1718 1721/2780/1713 1726/2784/1719
f 1720/2778/1715 1725/2785/1720 1721/2773/1713
f 1726/2786/1719 1721/2773/1713 1725/2785/1720
f 1727/2787/1721 1726/2786/1719 1729/2788/1722
f 1731/2789/1723 1726/2784/1719 1727/2790/1721
f 1725/2785/1720 1728/2791/1724 1726/2786/1719
f 1728/2791/1724 1729/2788/1722 1726/2786/1719
f 1726/2784/1719 1731/2789/1723 1730/2792/1725
f 1726/2784/1719 1730/2792/1725 1724/2783/1718
f 1733/2793/1726 1730/2794/1725 1731/2795/1723
f 1727/2790/1721 1732/2796/1727 1731/2789/1723
f 1734/2797/1728 1731/2789/1723 1732/2796/1727
f 1731/2795/1723 1734/2798/1728 1733/2793/1726
f 1736/2799/1729 1735/2800/1730 1734/2798/1728
f 1735/2800/1730 1733/2793/1726 1734/2798/1728
f 1736/2799/1729 1734/2798/1728 1737/2801/1731
f 1737/2801/1731 1734/2798/1728 1732/2802/1727
f 1742/2803/1732 1738/2804/1733 1737/2801/1731
f 1739/2805/1734 1737/2801/1731 1738/2804/1733
f 1739/2805/1734 1736/2799/1729 1737/2801/1731
f 1732/2802/1727 1740/2806/1735 1737/2801/1731
f 1740/2806/1735 1741/2807/1736 1737/2801/1731
f 1741/2807/1736 1742/2803/1732 1737/2801/1731
f 1743/2808/1737 1745/2809/1738 1742/2810/1732
f 1742/2810/1732 1744/2811/1739 1743/2808/1737
f 1744/2812/1739 1742/2813/1732 1741/2814/1736
f 1738/2804/1733 1742/2803/1732 1745/2815/1738
f 1743/2808/1737 1738/2816/1733 1745/2809/1738
f 1744/2817/1739 1746/2818/1740 1743/2819/1737
f 1748/2820/1741 1746/2821/1740 1744/2812/1739
f 1741/2814/1736 1747/2822/1742 1744/2812/1739
f 1747/2822/1742 1748/2820/1741 1744/2812/1739
f 1746/2821/1740 1748/2820/1741 1751/2823/1743
f 1748/2824/1741 1747/2825/1742 1749/2826/1744
f 1749/2826/1744 1750/2827/1745 1748/2824/1741
f 1750/2827/1745 1752/2828/1746 1748/2824/1741
f 1751/2829/1743 1748/2824/1741 1752/2828/1746
f 1755/2830/1747 1752/2831/1746 1750/2832/1745
f 1754/2833/1748 1753/2834/1749 1752/2831/1746
f 1752/2828/1746 1753/2835/1749 1751/2829/1743
f 1752/2831/1746 1755/2830/1747 1754/2833/1748
f 1750/2832/1745 1756/2836/1750 1755/2830/1747
f 1754/2837/1748 1755/2838/1747 1757/2839/1751
f 1755/2838/1747 1756/2840/1750 1757/2839/1751
f 1759/2841/1752 1758/2842/1753 1757/2843/1751
f 1757/2839/1751 1758/2844/1753 1754/2837/1748
f 1759/2841/1752 1757/2843/1751 1760/2845/1754
f 1760/2846/1754 1757/2839/1751 1756/2840/1750
f 1756/2840/1750 1761/2847/1755 1760/2846/1754
f 1761/2847/1755 1763/2848/1756 1760/2846/1754
f 1760/2845/1754 1762/2849/1757 1764/2850/1758
f 1762/2851/1757 1760/2846/1754 1763/2848/1756
f 1764/2850/1758 1765/2852/1759 1760/2845/1754
f 1760/2845/1754 1765/2852/1759 1759/2841/1752
f 1764/2853/1758 1766/2854/821 1765/2855/1759
f 1767/2856/1760 1765/2855/1759 1766/2854/821
f 1759/2857/1752 1765/2855/1759 1767/2856/1760
f 1766/2854/821 1768/2858/1761 1767/2856/1760
f 1772/2859/1762 1767/2856/1760 1768/2858/1761
f 1771/2860/1763 1769/2861/1764 1767/2862/1760
f 1770/2863/1765 1767/2862/1760 1769/2861/1764
f 1767/2856/1760 1770/2864/1765 1759/2857/1752
f 1773/2865/1766 1771/2860/1763 1767/2862/1760
f 1767/2862/1760 1772/2866/1762 1773/2865/1766
f 1771/2867/1763 1773/2868/1766 1774/2869/1767
f 1776/2870/1768 1774/2869/1767 1773/2868/1766
f 1775/2871/1769 1773/2872/1766 1772/2873/1762
f 1773/2868/1766 1775/2874/1769 1776/2870/1768
f 1768/2875/1761 1774/2876/1767 1776/2877/1768
f 1777/2878/1770 1776/2870/1768 1775/2874/1769
f 1778/2879/1771 1776/2877/1768 1777/2880/1770
f 1776/2877/1768 1778/2879/1771 1768/2875/1761
f 1768/2858/1761 1778/2881/1771 1780/2882/1772
f 1779/2883/1773 1778/2881/1771 1781/2884/1774
f 1778/2881/1771 1779/2883/1773 1780/2882/1772
f 1777/2885/1770 1781/2886/1774 1778/2887/1771
f 1779/2883/1773 1781/2884/1774 1783/2888/1775
f 1784/2889/1776 1782/2890/1777 1781/2886/1774
f 1781/2884/1774 1782/2891/1777 1783/2888/1775
f 1781/2886/1774 1777/2885/1770 1784/2889/1776
f 1791/2892/1778 1785/2893/1779 1784/2894/1776
f 1785/2893/1779 1788/2895/1780 1784/2894/1776
f 1782/2890/1777 1784/2889/1776 1786/2896/1781
f 1786/2897/1781 1784/2894/1776 1789/2898/1782
f 1790/2899/1783 1784/2894/1776 1787/2900/1784
f 1784/2894/1776 1788/2895/1780 1787/2900/1784
f 1790/2899/1783 1789/2898/1782 1784/2894/1776
f 1784/2894/1776 1777/2878/1770 1791/2892/1778
f 1780/2901/1772 1770/2902/1765 1791/2903/1778
f 1791/2904/1778 1775/2871/1769 1780/2905/1772
f 1769/2906/1764 1791/2903/1778 1770/2902/1765
f 1791/2892/1778 1769/2907/1764 1792/2908/1785
f 1775/2874/1769 1791/2892/1778 1777/2878/1770
f 1792/2908/1785 1785/2893/1779 1791/2892/1778
f 1795/2909/1786 1785/2910/1779 1792/2911/1785
f 1793/2912/1787 1792/2911/1785 1794/2913/1788
f 1792/2911/1785 1793/2912/1787 1795/2909/1786
f 1794/2914/1788 1792/2908/1785 1769/2907/1764
f 1785/2910/1779 1795/2909/1786 1796/2915/1789
f 1796/2916/1789 1795/2917/1786 1798/2918/1790
f 1795/2917/1786 1797/2919/1791 1798/2918/1790
f 1795/2909/1786 1793/2912/1787 1797/2920/1791
f 1802/2921/1792 1796/2916/1789 1798/2918/1790
f 1798/2922/1790 1799/2923/1793 1800/2924/1794
f 1798/2925/1790 1797/2926/1791 1799/2927/1793
f 1800/2928/1794 1803/2929/1795 1798/2930/1790
f 1798/2918/1790 1803/2931/1795 1801/2932/1796
f 1801/2932/1796 1802/2921/1792 1798/2918/1790
f 1803/2929/1795 1800/2928/1794 1808/2933/1797
f 1807/2934/1798 1804/2935/6 1803/2931/1795
f 1804/2935/6 1801/2932/1796 1803/2931/1795
f 1803/2931/1795 1806/2936/1799 1805/2937/1800
f 1805/2937/1800 1807/2934/1798 1803/2931/1795
f 1808/2933/1797 1806/2938/1799 1803/2929/1795
f 1797/2939/1791 1806/2940/1799 1808/2941/1797
f 1797/2942/1791 1808/2943/1797 1809/2944/1801
f 1808/2943/1797 1800/2924/1794 1809/2944/1801
f 1799/2923/1793 1797/2942/1791 1809/2944/1801
f 1809/2944/1801 1800/2924/1794 1799/2923/1793
f 1804/2935/6 1807/2934/1798 1810/2945/1802
f 1812/2946/1803 1807/2947/1798 1805/2948/1800
f 1807/2934/1798 1811/2949/1804 1810/2945/1802
f 1813/2950/1805 1811/2951/1804 1807/2947/1798
f 1807/2947/1798 1812/2946/1803 1813/2950/1805
f 1811/2951/1804 1813/2950/1805 1815/2952/1806
f 1771/2867/1763 1813/2953/1805 1812/2954/1803
f 1814/2955/1807 1813/2953/1805 1771/2867/1763
f 1813/2953/1805 1814/2955/1807 1815/2956/1806
f 1815/2956/1806 1814/2955/1807 1817/2957/1808
f 1817/2957/1808 1816/2958/1809 1815/2956/1806
f 1818/2959/1810 1815/2956/1806 1816/2958/1809
f 1811/2951/1804 1815/2952/1806 1818/2960/1810
f 1819/2961/1811 1818/2959/1810 1816/2958/1809
f 1821/2962/1812 1818/2960/1810 1819/2963/1811
f 1818/2960/1810 1820/2964/1813 1811/2951/1804
f 1818/2960/1810 1821/2962/1812 1820/2964/1813
f 1820/2964/1813 1821/2962/1812 1823/2965/1814
f 1822/2966/1815 1823/2967/1814 1821/2968/1812
f 1821/2968/1812 1824/2969/1816 1822/2966/1815
f 1819/2963/1811 1824/2970/1816 1821/2962/1812
f 1825/2971/1817 1826/2972/1818 1824/2970/1816
f 1824/2970/1816 1819/2963/1811 1825/2971/1817
f 1824/2969/1816 1826/2973/1818 1822/2966/1815
f 1826/2973/1818 1804/2935/6 1822/2966/1815
f 1804/2935/6 1826/2973/1818 1827/2974/1819
f 1826/2973/1818 1828/2975/1820 1827/2974/1819
f 1825/2971/1817 1828/2976/1820 1826/2972/1818
f 1831/2977/1821 1829/2978/1822 1828/2976/1820
f 1828/2975/1820 1829/2979/1822 1830/2980/1823
f 1830/2980/1823 1827/2974/1819 1828/2975/1820
f 1828/2976/1820 1825/2971/1817 1831/2977/1821
f 1832/2981/1824 1831/2977/1821 1835/2982/1825
f 1831/2977/1821 1832/2981/1824 1829/2978/1822
f 1831/2983/1821 1825/2984/1817 1833/2985/1826
f 1831/2983/1821 1833/2985/1826 1834/2986/1827
f 1835/2987/1825 1831/2983/1821 1834/2986/1827
f 1835/2982/1825 1836/2988/1828 1832/2981/1824
f 1836/2988/1828 1835/2982/1825 1838/2989/1829
f 1834/2986/1827 1837/2990/1830 1835/2987/1825
f 1837/2990/1830 1838/2991/1829 1835/2987/1825
f 1838/2989/1829 1839/2992/1831 1836/2988/1828
f 1839/2992/1831 1838/2989/1829 1840/2993/1832
f 1837/2990/1830 1840/2994/1832 1838/2991/1829
f 1840/2994/1832 1837/2990/1830 1841/2995/1833
f 1842/2996/1834 1840/2994/1832 1841/2995/1833
f 1840/2997/1832 1842/2998/1834 1843/2999/1835
f 1843/3000/1835 1839/2992/1831 1840/2993/1832
f 1842/2998/1834 1844/3001/1836 1843/2999/1835
f 1843/3002/1835 1844/3003/1836 1845/3004/1837
f 1839/3005/1831 1843/3002/1835 1845/3004/1837
f 1844/3003/1836 1846/3006/1838 1845/3004/1837
f 1847/3007/1839 1845/3008/1837 1846/3009/1838
f 1845/3008/1837 1847/3007/1839 1848/3010/1840
f 1848/3011/1840 1849/3012/1841 1845/3013/1837
f 1845/3004/1837 1849/3014/1841 1839/3005/1831
f 1852/3015/1842 1839/3005/1831 1849/3014/1841
f 1854/3016/1843 1850/3017/1844 1849/3012/1841
f 1849/3014/1841 1850/3018/1844 1851/3019/6
f 1851/3019/6 1852/3015/1842 1849/3014/1841
f 1849/3012/1841 1848/3011/1840 1853/3020/1845
f 1849/3012/1841 1853/3020/1845 1854/3016/1843
f 1853/3021/1845 1855/3022/1846 1854/3023/1843
f 1850/3024/1844 1854/3025/1843 1855/3026/1846
f 1853/3021/1845 1847/3027/1839 1855/3022/1846
f 1846/3028/1838 1855/3026/1846 1847/3029/1839
f 1855/3026/1846 1846/3028/1838 1850/3024/1844
f 1853/3021/1845 1848/3030/1840 1847/3027/1839
f 1860/3031/1847 1856/3032/1848 1852/3033/1842
f 1839/3005/1831 1852/3015/1842 1856/3034/1848
f 1857/3035/1849 1852/3015/1842 1851/3019/6
f 1858/3036/1850 1852/3033/1842 1857/3037/1849
f 1852/3033/1842 1858/3036/1850 1859/3038/1851
f 1852/3033/1842 1859/3038/1851 1860/3031/1847
f 1856/3039/1848 1860/3040/1847 1862/3041/1852
f 1859/3042/1851 1861/3043/6 1860/3044/1847
f 1860/3044/1847 1861/3043/6 1862/3045/1852
f 1862/3041/1852 1867/3046/1853 1856/3039/1848
f 1864/3047/6 1863/3048/1854 1862/3045/1852
f 1867/3046/1853 1862/3041/1852 1863/3049/1854
f 1865/3050/1855 1864/3047/6 1862/3045/1852
f 1862/3045/1852 1861/3043/6 1866/3051/1856
f 1862/3045/1852 1866/3051/1856 1865/3050/1855
f 1856/3034/1848 1867/3052/1853 1868/3053/1857
f 1827/2974/1819 1868/3053/1857 1867/3052/1853
f 1867/3052/1853 1869/3054/1858 1827/2974/1819
f 1863/3049/1854 1869/3055/1858 1867/3046/1853
f 1869/3054/1858 1801/2932/1796 1804/2935/6
f 1869/3054/1858 1804/2935/6 1827/2974/1819
f 1869/3055/1858 1863/3049/1854 1870/3056/1859
f 1870/3056/1859 1801/3057/1796 1869/3055/1858
f 1870/3058/1859 1863/3048/1854 1871/3059/1860
f 1872/3060/1861 1870/3058/1859 1871/3059/1860
f 1801/3057/1796 1870/3056/1859 1872/3061/1861
f 1802/3062/1792 1872/3061/1861 1874/3063/1862
f 1872/3061/1861 1802/3062/1792 1801/3057/1796
f 1873/3064/6 1872/3060/1861 1871/3059/1860
f 1873/3064/6 1874/3065/1862 1872/3060/1861
f 1802/3062/1792 1874/3063/1862 1875/3066/1863
f 1875/3067/1863 1874/3065/1862 1876/3068/1864
f 1877/3069/1865 1874/3065/1862 1873/3064/6
f 1877/3069/1865 1876/3068/1864 1874/3065/1862
f 1873/3064/6 1879/3070/1866 1877/3069/1865
f 1876/3071/1864 1877/3072/1865 1881/3073/1867
f 1880/3074/1868 1877/3075/1865 1878/3076/1869
f 1879/3070/1866 1878/3077/1869 1877/3069/1865
f 1877/3075/1865 1880/3074/1868 1881/3078/1867
f 1878/3079/1869 1881/3080/1867 1880/3081/1868
f 1881/3073/1867 1878/3082/1869 1876/3071/1864
f 1864/3047/6 1879/3070/1866 1873/3064/6
f 1864/3047/6 1882/3083/1870 1879/3070/1866
f 1884/3084/1871 1879/3085/1866 1882/3086/1870
f 1879/3070/1866 1885/3087/6 1878/3077/1869
f 1879/3088/1866 1884/3089/1871 1883/3090/1872
f 1883/3091/1872 1886/3092/1873 1879/3093/1866
f 1885/3087/6 1879/3070/1866 1886/3094/1873
f 1885/3087/6 1886/3094/1873 1887/3095/1874
f 1888/3096/1875 1887/3097/1874 1886/3092/1873
f 1886/3092/1873 1883/3091/1872 1888/3096/1875
f 1887/3098/1874 1888/3099/1875 1889/3100/1876
f 1889/3101/1876 1888/3102/1875 1891/3103/1877
f 1890/3104/1878 1888/3102/1875 1883/3090/1872
f 1890/3104/1878 1891/3103/1877 1888/3102/1875
f 1893/3105/1879 1892/3106/1880 1891/3107/1877
f 1891/3103/1877 1892/3108/1880 1889/3101/1876
f 1891/3107/1877 1894/3109/1881 1893/3105/1879
f 1894/3110/1881 1891/3111/1877 1890/3112/1878
f 1893/3113/1879 1894/3114/1881 1896/3115/1882
f 1896/3115/1882 1894/3114/1881 1895/3116/1883
f 1890/3112/1878 1895/3117/1883 1894/3110/1881
f 1896/3115/1882 1897/3118/1884 1893/3113/1879
f 1898/3119/1885 1896/3115/1882 1895/3116/1883
f 1897/3120/1884 1896/3121/1882 1899/3122/1886
f 1896/3121/1882 1898/3123/1885 1899/3122/1886
f 1902/3124/1887 1900/3125/1888 1899/3126/1886
f 1906/3127/1889 1899/3126/1886 1900/3125/1888
f 1899/3126/1886 1901/3128/1890 1905/3129/1891
f 1901/3130/1890 1899/3122/1886 1898/3123/1885
f 1903/3131/1892 1902/3124/1887 1899/3126/1886
f 1904/3132/1893 1903/3131/1892 1899/3126/1886
f 1905/3129/1891 1904/3132/1893 1899/3126/1886
f 1899/3122/1886 1906/3133/1889 1897/3120/1884
f 1907/3134/1894 1897/3120/1884 1906/3133/1889
f 1906/3133/1889 1908/3135/1895 1907/3134/1894
f 1908/3136/1895 1906/3127/1889 1910/3137/1896
f 1900/3125/1888 1909/3138/1897 1906/3127/1889
f 1909/3138/1897 1910/3137/1896 1906/3127/1889
f 1912/3139/1898 1911/3140/1899 1910/3141/1896
f 1910/3137/1896 1911/3142/1899 1908/3136/1895
f 1913/3143/1900 1910/3141/1896 1909/3144/1897
f 1910/3141/1896 1913/3143/1900 1912/3139/1898
f 1909/3144/1897 1914/3145/1901 1913/3143/1900
f 1912/3139/1898 1913/3143/1900 1915/3146/1902
f 1913/3147/1900 1914/3148/1901 1915/3149/1902
f 1915/3146/1902 1916/3150/1903 1912/3139/1898
f 1919/3151/1904 1915/3149/1902 1914/3148/1901
f 1916/3152/1903 1915/3149/1902 1917/3153/1905
f 1918/3154/1906 1917/3153/1905 1915/3149/1902
f 1915/3149/1902 1919/3151/1904 1918/3154/1906
f 1914/3148/1901 1923/3155/1907 1919/3151/1904
f 1921/3156/1908 1919/3151/1904 1920/3157/1909
f 1923/3155/1907 1920/3157/1909 1919/3151/1904
f 1919/3151/1904 1921/3156/1908 1922/3158/1910
f 1922/3158/1910 1918/3154/1906 1919/3151/1904
f 1909/3144/1897 1923/3159/1907 1914/3145/1901
f 1909/3144/1897 1900/3160/1888 1923/3159/1907
f 1920/3161/1909 1923/3159/1907 1900/3160/1888
f 1925/3162/1911 1922/3163/1910 1924/3164/1912
f 1924/3165/1912 1922/3158/1910 1921/3156/1908
f 1926/3166/1913 1918/3167/1906 1922/3168/1910
f 1922/3163/1910 1925/3162/1911 1926/3169/1913
f 1918/3167/1906 1926/3166/1913 1927/3170/1914
f 1927/3171/1914 1926/3172/1913 1928/3173/1915
f 1926/3172/1913 1925/3174/1911 1930/3175/1916
f 1929/3176/1917 1928/3173/1915 1926/3172/1913
f 1926/3172/1913 1930/3175/1916 1929/3176/1917
f 1932/3177/1918 1930/3175/1916 1931/3178/1919
f 1925/3174/1911 1931/3178/1919 1930/3175/1916
f 1929/3179/1917 1930/3180/1916 1933/3181/1920
f 1930/3182/1916 1932/3183/1918 1934/3184/1921
f 1934/3184/1921 1933/3185/1920 1930/3182/1916
f 1735/2800/1730 1934/3186/1921 1935/3187/1922
f 1935/3188/1922 1934/3184/1921 1932/3183/1918
f 1736/2799/1729 1933/3189/1920 1934/3186/1921
f 1934/3186/1921 1735/2800/1730 1736/2799/1729
f 1935/3188/1922 1937/3190/1923 1936/3191/1924
f 1936/3191/1924 1938/3192/1925 1935/3188/1922
f 1932/3183/1918 1937/3190/1923 1935/3188/1922
f 1939/3193/1926 1935/3187/1922 1938/3194/1925
f 1935/3187/1922 1939/3193/1926 1735/2800/1730
f 1733/2793/1726 1735/2800/1730 1939/3193/1926
f 1940/3195/1927 1733/2793/1726 1939/3193/1926
f 1939/3193/1926 1938/3194/1925 1940/3195/1927
f 1940/3196/1927 1936/3191/1924 1722/3197/1716
f 1722/2781/1716 1723/2782/1717 1940/3198/1927
f 1733/2793/1726 1940/3195/1927 1723/3199/1717
f 1936/3191/1924 1940/3196/1927 1938/3192/1925
f 1936/3200/1924 1937/3201/1923 1941/3202/1928
f 1941/3202/1928 1937/3201/1923 1932/3177/1918
f 1945/3203/1929 1942/3204/1930 1941/3205/1928
f 1941/3202/1928 1942/3206/1930 1936/3200/1924
f 1944/3207/1931 1941/3202/1928 1943/3208/1932
f 1932/3177/1918 1943/3208/1932 1941/3202/1928
f 1946/3209/1933 1941/3210/1928 1944/3211/1931
f 1941/3205/1928 1946/3212/1933 1945/3203/1929
f 1948/3213/1934 1945/3214/1929 1946/3215/1933
f 1946/3215/1933 1947/3216/1935 1949/3217/1936
f 1944/3211/1931 1947/3218/1935 1946/3209/1933
f 1946/3215/1933 1950/3219/1937 1948/3213/1934
f 1949/3217/1936 1950/3219/1937 1946/3215/1933
f 1698/3220/1693 1948/3221/1934 1950/3222/1937
f 1699/3223/1694 1950/3224/1937 1949/3225/1936
f 1950/3222/1937 1699/3226/1694 1698/3220/1693
f 1951/3227/1938 1949/3217/1936 1947/3216/1935
f 1695/3228/1690 1949/3225/1936 1951/3229/1938
f 1949/3225/1936 1695/3228/1690 1699/3223/1694
f 1696/3230/1691 1951/3229/1938 1952/3231/1939
f 1952/3232/1939 1951/3227/1938 1947/3216/1935
f 1951/3229/1938 1696/3230/1691 1695/3228/1690
f 1954/3233/1940 1952/3231/1939 1953/3234/1941
f 1953/3235/1941 1952/3232/1939 1955/3236/1942
f 1952/3231/1939 1954/3233/1940 1696/3230/1691
f 1947/3216/1935 1955/3236/1942 1952/3232/1939
f 1956/3237/1943 1955/3238/1942 1947/3218/1935
f 1955/3236/1942 1679/2707/1674 1682/2711/1676
f 1957/3239/1944 1679/3240/1674 1955/3238/1942
f 1955/3238/1942 1956/3237/1943 1957/3239/1944
f 1682/2711/1676 1953/3235/1941 1955/3236/1942
f 1958/3241/1945 1957/3242/1944 1956/3243/1943
f 1959/3244/1946 1957/3242/1944 1958/3241/1945
f 1679/3240/1674 1957/3239/1944 1959/3245/1946
f 1960/3246/1947 1959/3244/1946 1958/3241/1945
f 1680/3247/1675 1959/3245/1946 1960/3248/1947
f 1959/3245/1946 1680/3247/1675 1679/3240/1674
f 1960/3246/1947 1958/3241/1945 1961/3249/1948
f 1961/3249/1948 1962/3250/1949 1960/3246/1947
f 1963/3251/1950 1960/3248/1947 1962/3252/1949
f 1960/3248/1947 1964/3253/1951 1680/3247/1675
f 1960/3248/1947 1963/3251/1950 1964/3253/1951
f 1680/2708/1675 1964/3254/1951 1670/3255/1663
f 1964/3254/1951 1963/3256/1950 1667/3257/1661
f 1667/3257/1661 1670/3255/1663 1964/3254/1951
f 1962/3252/1949 1965/3258/1952 1963/3251/1950
f 1664/3259/1658 1665/3260/1659 1963/3256/1950
f 1963/3256/1950 1965/3261/1952 1664/3259/1658
f 1665/3260/1659 1667/3257/1661 1963/3256/1950
f 1965/3258/1952 1962/3252/1949 1969/3262/1953
f 1965/3261/1952 1966/3263/1954 1967/3264/1955
f 1969/3262/1953 1966/3265/1954 1965/3258/1952
f 1967/3264/1955 1968/3266/1956 1965/3261/1952
f 1968/3266/1956 1664/3259/1658 1965/3261/1952
f 1961/3249/1948 1969/3267/1953 1962/3250/1949
f 1961/3249/1948 1971/3268/1957 1969/3267/1953
f 1966/3265/1954 1969/3262/1953 1970/3269/1958
f 1970/3270/1958 1969/3267/1953 1971/3268/1957
f 1972/3271/1959 1974/3272/1960 1971/3273/1957
f 1971/3273/1957 1973/3274/1961 1972/3271/1959
f 1973/3274/1961 1971/3273/1957 1961/3275/1948
f 1970/3270/1958 1971/3268/1957 1974/3276/1960
f 1979/3277/1962 1974/3276/1960 1975/3278/1963
f 1976/3279/1964 1975/3280/1963 1974/3281/1960
f 1974/3272/1960 1972/3271/1959 1976/3282/1964
f 1974/3276/1960 1978/3283/1965 1970/3270/1958
f 1974/3276/1960 1980/3284/1966 1977/3285/1967
f 1977/3285/1967 1978/3283/1965 1974/3276/1960
f 1979/3277/1962 1980/3284/1966 1974/3276/1960
f 1982/3286/1968 1980/3287/1966 1979/3288/1962
f 1980/3287/1966 1982/3286/1968 1981/3289/1969
f 1981/3289/1969 1977/3290/1967 1980/3287/1966
f 1979/3288/1962 1983/3291/1970 1982/3286/1968
f 1981/3292/1969 1982/3293/1968 1986/3294/1971
f 1982/3293/1968 1983/3295/1970 1984/3296/1972
f 1984/3296/1972 1985/3297/1973 1982/3293/1968
f 1985/3297/1973 1986/3294/1971 1982/3293/1968
f 1989/3298/1974 1986/3299/1971 1985/3300/1973
f 1988/3301/1975 1987/3302/1976 1986/3299/1971
f 1986/3294/1971 1987/3303/1976 1981/3292/1969
f 1986/3299/1971 1989/3298/1974 1988/3301/1975
f 1988/3304/1975 1989/3305/1974 1992/3306/1977
f 1985/3300/1973 1990/3307/1978 1989/3298/1974
f 1989/3305/1974 1990/3308/1978 1991/3309/1979
f 1991/3309/1979 1992/3306/1977 1989/3305/1974
f 1992/3306/1977 1993/3310/1980 1988/3304/1975
f 1994/3311/1981 1992/3312/1977 1991/3313/1979
f 1994/3311/1981 1993/3314/1980 1992/3312/1977
f 1995/3315/1982 1998/3316/821 1994/3317/1981
f 1991/3313/1979 1995/3318/1982 1994/3311/1981
f 1996/3319/1983 1994/3317/1981 1997/3320/1984
f 1993/3314/1980 1994/3311/1981 1996/3321/1983
f 1997/3320/1984 1994/3317/1981 1998/3316/821
f 1999/3322/1985 2000/3323/821 1998/3316/821
f 1995/3315/1982 1999/3322/1985 1998/3316/821
f 1998/3316/821 2000/3323/821 2001/3324/1986
f 2001/3324/1986 2003/3325/1987 1998/3316/821
f 1998/3316/821 2002/3326/1988 2004/3327/1989
f 2002/3326/1988 1998/3316/821 2003/3325/1987
f 1998/3316/821 2004/3327/1989 1997/3320/1984
f 2004/3327/1989 2006/3328/1990 2005/3329/1991
f 2004/3327/1989 2005/3329/1991 1997/3320/1984
f 2007/3330/1992 2006/3331/1990 2004/3332/1989
f 2008/3333/1993 2004/3332/1989 2002/3334/1988
f 2004/3332/1989 2008/3333/1993 2007/3330/1992
f 2008/3335/1993 2010/3336/1994 2009/3337/6
f 2009/3337/6 2007/3338/1992 2008/3335/1993
f 2002/3334/1988 2010/3339/1994 2008/3333/1993
f 2009/3337/6 2010/3336/1994 2011/3340/1995
f 2011/3340/1995 2010/3336/1994 2013/3341/1996
f 2010/3339/1994 2002/3334/1988 2012/3342/1997
f 2012/3342/1997 2013/3343/1996 2010/3339/1994
f 2013/3341/1996 2015/3344/1998 2011/3340/1995
f 2013/3343/1996 2012/3342/1997 2014/3345/1999
f 2014/3345/1999 2015/3346/1998 2013/3343/1996
f 2018/3347/2000 2016/3348/2001 2015/3346/1998
f 2015/3344/1998 2016/3349/2001 2017/3350/2002
f 2017/3350/2002 2011/3340/1995 2015/3344/1998
f 2015/3346/1998 2014/3345/1999 2018/3347/2000
f 2018/3351/2000 2014/3352/1999 2019/3353/2003
f 2019/3353/2003 2020/3354/2004 2018/3351/2000
f 2021/3355/2005 2018/3351/2000 2020/3354/2004
f 2016/3356/2001 2018/3357/2000 2021/3358/2005
f 2023/3359/2006 2021/3355/2005 2000/3323/821
f 2000/3323/821 2021/3355/2005 2022/3360/2007
f 2020/3354/2004 2022/3360/2007 2021/3355/2005
f 2024/3361/2008 2021/3358/2005 2023/3362/2006
f 2021/3358/2005 2024/3361/2008 2016/3356/2001
f 2024/3363/2008 2027/3364/6 2025/3365/2009
f 2016/3349/2001 2024/3363/2008 2025/3365/2009
f 2023/3362/2006 2026/3366/2010 2024/3361/2008
f 2027/3364/6 2024/3363/2008 2026/3367/2010
f 2028/3368/2011 2027/3364/6 2032/3369/2012
f 2028/3368/2011 2029/3370/2013 2027/3364/6
f 2027/3364/6 2029/3370/2013 2030/3371/2014
f 2030/3371/2014 2009/3337/6 2027/3364/6
f 2035/3372/2015 2031/3373/2016 2027/3364/6
f 2031/3373/2016 2032/3369/2012 2027/3364/6
f 2027/3364/6 2026/3367/2010 2033/3374/2017
f 2036/3375/2018 2027/3364/6 2009/3337/6
f 2027/3364/6 2033/3374/2017 2034/3376/2019
f 2034/3376/2019 2035/3372/2015 2027/3364/6
f 2036/3375/2018 2025/3365/2009 2027/3364/6
f 2011/3340/1995 2036/3375/2018 2009/3337/6
f 2025/3377/2009 2036/3378/2018 2022/3379/2007
f 2001/3380/1986 2022/3379/2007 2036/3378/2018
f 2003/3381/1987 2001/3382/1986 2036/3383/2018
f 2036/3383/2018 2011/3384/1995 2003/3381/1987
f 2035/3385/2015 2034/3386/2019 2039/3387/2020
f 2037/3388/2021 2035/3372/2015 2038/3389/2022
f 2037/3388/2021 2031/3373/2016 2035/3372/2015
f 2038/3390/2022 2035/3385/2015 2040/3391/2023
f 2039/3387/2020 2040/3391/2023 2035/3385/2015
f 2040/3392/2023 2039/3393/2020 2042/3394/2024
f 2042/3394/2024 2041/3395/2025 2040/3392/2023
f 2043/3396/2026 2040/3392/2023 2041/3395/2025
f 2040/3391/2023 2043/3397/2026 2038/3390/2022
f 2043/3398/2026 2045/3399/2027 2044/3400/2028
f 2044/3401/2028 2038/3390/2022 2043/3397/2026
f 2045/3402/2027 2043/3396/2026 2041/3395/2025
f 2046/3403/2029 2044/3400/2028 2045/3399/2027
f 2045/3399/2027 2048/3404/2030 2046/3403/2029
f 2041/3395/2025 2047/3405/2031 2045/3402/2027
f 2045/3402/2027 2047/3405/2031 2049/3406/2032
f 2048/3407/2030 2045/3402/2027 2049/3406/2032
f 2055/3408/2033 2049/3409/2032 2050/3410/2034
f 2051/3411/2035 2050/3412/2034 2049/3413/2032
f 2052/3414/2036 2051/3411/2035 2049/3413/2032
f 2049/3415/2032 866/1471/867 2052/3416/2036
f 866/1469/867 2049/3417/2032 2061/3418/2037
f 2049/3417/2032 2054/3419/2038 2053/3420/2039
f 2061/3418/2037 2049/3417/2032 2053/3420/2039
f 2054/3419/2038 2049/3417/2032 2062/3421/2040
f 2049/3417/2032 2055/3422/2033 2063/3423/2041
f 2049/3406/2032 2056/3424/2042 2058/3425/2043
f 2056/3424/2042 2049/3406/2032 2057/3426/2044
f 2057/3426/2044 2049/3406/2032 2060/3427/2045
f 2049/3406/2032 2058/3425/2043 2048/3407/2030
f 2047/3405/2031 2059/3428/2046 2049/3406/2032
f 2049/3406/2032 2059/3428/2046 2060/3427/2045
f 2063/3423/2041 2062/3421/2040 2049/3417/2032
f 2055/3422/2033 2064/3429/2047 2063/3423/2041
f 2062/3430/2040 2063/3431/2041 2065/3432/2048
f 2063/3433/2041 2064/3434/2047 2066/3435/2049
f 2066/3436/2049 2065/3432/2048 2063/3431/2041
f 2066/3437/2049 2067/3438/2050 2068/3439/2051
f 2067/3440/2050 2066/3435/2049 2064/3434/2047
f 2065/3441/2048 2066/3437/2049 2068/3439/2051
f 2067/3438/2050 2069/3442/2052 2068/3439/2051
f 2069/3442/2052 2070/3443/2053 2068/3439/2051
f 2070/3443/2053 2071/3444/2054 2068/3439/2051
f 2071/3444/2054 2065/3441/2048 2068/3439/2051
f 2065/3432/2048 2071/3445/2054 2062/3430/2040
f 2072/3446/2055 2062/3430/2040 2071/3445/2054
f 2071/3445/2054 2070/3447/2053 2072/3446/2055
f 2062/3421/2040 2072/3448/2055 2054/3419/2038
f 2072/3448/2055 2073/3449/2056 2054/3419/2038
f 2073/3450/2056 2072/3451/2055 2070/3452/2053
f 2074/3453/2057 2073/3450/2056 2069/3454/2052
f 2073/3449/2056 2074/3455/2057 2075/3456/2058
f 2070/3452/2053 2069/3454/2052 2073/3450/2056
f 2073/3449/2056 2075/3456/2058 2054/3419/2038
f 2055/3422/2033 2075/3456/2058 2064/3429/2047
f 2075/3457/2058 2055/3458/2033 2081/3459/2059
f 2054/3419/2038 2075/3456/2058 2076/3460/6
f 2075/3456/2058 1613/2579/1608 2076/3460/6
f 2074/3455/2057 2064/3429/2047 2075/3456/2058
f 1613/3461/1608 2075/3457/2058 2077/3462/2060
f 2075/3457/2058 2078/3463/2061 2077/3462/2060
f 2075/3457/2058 2079/3464/2062 2078/3463/2061
f 2080/3465/2063 2079/3464/2062 2075/3457/2058
f 2075/3457/2058 2081/3459/2059 2080/3465/2063
f 2082/3466/2064 2081/3459/2059 2084/3467/2065
f 2082/3466/2064 2083/3468/2066 2081/3459/2059
f 2083/3468/2066 2080/3465/2063 2081/3459/2059
f 2055/3469/2033 2084/3470/2065 2081/3471/2059
f 2086/3472/2067 2082/3466/2064 2084/3467/2065
f 2084/3467/2065 2050/3473/2034 2085/3474/2068
f 2085/3474/2068 2086/3472/2067 2084/3467/2065
f 2050/3475/2034 2084/3470/2065 2055/3469/2033
f 2082/3476/2064 2086/3477/2067 2087/3478/2069
f 2088/3479/2070 2087/3478/2069 2086/3477/2067
f 2086/3477/2067 2085/3480/2068 2088/3479/2070
f 2088/3481/2070 2090/3482/2071 2089/3483/2072
f 2087/3484/2069 2088/3481/2070 2089/3483/2072
f 2090/3485/2071 2088/3479/2070 2085/3480/2068
f 2090/3482/2071 2091/3486/2073 2089/3483/2072
f 2090/3482/2071 2092/3487/2074 2091/3486/2073
f 2092/3488/2074 2090/3485/2071 2093/3489/2075
f 2085/3480/2068 2093/3489/2075 2090/3485/2071
f 2094/3490/2076 2093/3491/2075 2051/3492/2035
f 2093/3489/2075 2094/3493/2076 2092/3488/2074
f 2093/3491/2075 2085/3474/2068 2050/3473/2034
f 2050/3473/2034 2051/3492/2035 2093/3491/2075
f 2095/3494/2077 2092/3488/2074 2094/3493/2076
f 2094/3493/2076 2096/3495/2078 2095/3494/2077
f 2096/3496/2078 2094/3490/2076 2051/3492/2035
f 2097/3497/2079 2095/3494/2077 2096/3495/2078
f 2096/3495/2078 2098/3498/2080 2097/3497/2079
f 2098/3499/2080 2096/3496/2078 2052/3500/2036
f 2096/3496/2078 2051/3492/2035 2052/3500/2036
f 2099/3501/2081 2098/3502/2080 2052/3416/2036
f 2098/3498/2080 2099/3503/2081 2100/3504/2082
f 2100/3504/2082 2097/3497/2079 2098/3498/2080
f 2097/3505/2079 2100/3506/2082 2101/3507/2083
f 2103/3508/2084 2101/3507/2083 2100/3506/2082
f 2102/3509/2085 2100/3504/2082 2099/3503/2081
f 2100/3506/2082 2102/3510/2085 2103/3508/2084
f 2101/3511/2083 2103/3512/2084 816/1399/818
f 2104/3513/2086 2103/3508/2084 2102/3510/2085
f 2103/3512/2084 2104/3514/2086 816/1399/818
f 2105/3515/2087 2104/3513/2086 2106/3516/2088
f 2104/3514/2086 2105/3517/2087 816/1399/818
f 2102/3510/2085 2106/3516/2088 2104/3513/2086
f 2106/3516/2088 2107/3518/2089 2105/3515/2087
f 2106/3519/2088 2102/3509/2085 2109/3520/2090
f 2107/3521/2089 2106/3519/2088 2108/3522/2091
f 2109/3520/2090 2108/3522/2091 2106/3519/2088
f 2109/3523/2090 2099/3501/2081 2110/3524/2092
f 2099/3503/2081 2109/3520/2090 2102/3509/2085
f 2110/3524/2092 2111/3525/2093 2109/3523/2090
f 2108/3526/2091 2109/3523/2090 2111/3525/2093
f 2111/3525/2093 2110/3524/2092 866/1471/867
f 872/1472/869 2111/3525/2093 866/1471/867
f 2111/3525/2093 872/1472/869 2108/3526/2091
f 2052/3416/2036 2110/3524/2092 2099/3501/2081
f 2110/3524/2092 2052/3416/2036 866/1471/867
f 2112/3527/2094 2108/3526/2091 872/1472/869
f 2108/3522/2091 2112/3528/2094 2107/3521/2089
f 876/1483/877 2112/3527/2094 873/1484/874
f 2112/3528/2094 876/3529/877 2113/3530/2095
f 2113/3530/2095 2107/3521/2089 2112/3528/2094
f 2112/3527/2094 872/1472/869 873/1484/874
f 2115/3531/2096 2114/3532/2097 2113/3533/2095
f 2107/3518/2089 2113/3533/2095 2114/3532/2097
f 2113/3533/2095 2116/3534/2098 2115/3531/2096
f 2116/3535/2098 2113/3530/2095 876/3529/877
f 2117/3536/2099 2116/3535/2098 875/3537/875
f 2116/3534/2098 2117/3538/2099 2118/3539/2100
f 876/3529/877 875/3537/875 2116/3535/2098
f 2118/3539/2100 2115/3531/2096 2116/3534/2098
f 826/3540/828 2118/3539/2100 2117/3538/2099
f 816/1399/818 2118/3541/2100 826/1410/828
f 816/1399/818 2115/3542/2096 2118/3541/2100
f 2119/3543/2101 2117/3536/2099 879/3544/880
f 2117/3538/2099 2119/3545/2101 826/3540/828
f 875/3537/875 879/3544/880 2117/3536/2099
f 827/3546/822 826/3540/828 2119/3545/2101
f 2120/3547/2102 2119/3543/2101 878/3548/879
f 2119/3545/2101 2120/3549/2102 827/3546/822
f 879/3544/880 878/3548/879 2119/3543/2101
f 2120/3549/2102 2121/3550/2103 822/3551/823
f 822/3551/823 827/3546/822 2120/3549/2102
f 2121/3552/2103 2120/3547/2102 882/3553/883
f 878/3548/879 882/3553/883 2120/3547/2102
f 823/3554/824 822/3551/823 2121/3550/2103
f 2121/3550/2103 887/1504/887 823/3554/824
f 887/1496/887 2121/3552/2103 881/1494/882
f 882/3553/883 881/1494/882 2121/3552/2103
f 2114/3555/2097 2115/3542/2096 816/1399/818
f 2114/3532/2097 2105/3515/2087 2107/3518/2089
f 816/1399/818 2105/3517/2087 2114/3555/2097
f 2101/3507/2083 2122/3556/2104 2097/3505/2079
f 2122/3557/2104 2101/3511/2083 816/1399/818
f 2122/3557/2104 816/1399/818 2123/3558/2105
f 2123/3558/2105 2125/3559/2106 2122/3557/2104
f 2095/3560/2077 2097/3561/2079 2122/3562/2104
f 2122/3562/2104 2124/3563/2107 2095/3560/2077
f 2124/3564/2107 2122/3557/2104 2125/3559/2106
f 2124/3564/2107 2125/3559/2106 2128/3565/2108
f 2127/3566/2109 2126/3567/2110 2125/3568/2106
f 2128/3569/2108 2125/3570/2106 2126/3571/2110
f 2125/3568/2106 2123/3572/2105 2127/3566/2109
f 2129/3573/821 2124/3564/2107 2128/3565/2108
f 2128/3565/2108 2130/3574/2111 2129/3573/821
f 2130/3575/2111 2128/3569/2108 2131/3576/2112
f 2126/3571/2110 2131/3576/2112 2128/3569/2108
f 2133/3577/2113 2132/3578/2114 2131/3579/2112
f 2131/3579/2112 2132/3578/2114 2130/3580/2111
f 2133/3581/2113 2131/3582/2112 2126/3583/2110
f 2133/3581/2113 2127/3584/2109 2132/3585/2114
f 2133/3581/2113 2126/3583/2110 2127/3584/2109
f 2132/3586/2114 2127/3566/2109 2134/3587/2115
f 2134/3588/2115 2130/3580/2111 2132/3578/2114
f 2123/3572/2105 2134/3587/2115 2127/3566/2109
f 2134/3589/2115 2123/3558/2105 2135/3590/2116
f 2135/3590/2116 2136/3591/2117 2134/3589/2115
f 2130/3574/2111 2134/3589/2115 2136/3591/2117
f 2137/3592/821 2129/3573/821 2136/3591/2117
f 2136/3591/2117 2129/3573/821 2130/3574/2111
f 2137/3592/821 2136/3591/2117 2142/3593/2118
f 2136/3594/2117 2135/3595/2116 2141/3596/2119
f 2136/3594/2117 2140/3597/2120 2138/3598/2121
f 2138/3598/2121 2142/3599/2118 2136/3594/2117
f 2141/3596/2119 2139/3600/2122 2136/3594/2117
f 2139/3600/2122 2140/3597/2120 2136/3594/2117
f 2143/3601/2123 2142/3599/2118 2138/3598/2121
f 2142/3599/2118 2143/3601/2123 2144/3602/2124
f 2144/3602/2124 2145/3603/2125 2142/3599/2118
f 2146/3604/2126 2142/3599/2118 2145/3603/2125
f 2142/3593/2118 2146/3605/2126 2137/3592/821
f 2146/3605/2126 2148/3606/2127 2147/3607/2128
f 2147/3607/2128 2137/3592/821 2146/3605/2126
f 2148/3608/2127 2146/3604/2126 2145/3603/2125
f 2147/3607/2128 2148/3606/2127 2149/3609/2129
f 2145/3603/2125 2150/3610/2130 2148/3608/2127
f 2149/3611/2129 2148/3608/2127 2150/3610/2130
f 2150/3610/2130 2151/3612/2131 2149/3611/2129
f 2151/3612/2131 2150/3610/2130 2152/3613/2132
f 2152/3613/2132 2150/3610/2130 2153/3614/2133
f 2150/3610/2130 2145/3603/2125 2153/3614/2133
f 2156/3615/2134 2153/3614/2133 2144/3602/2124
f 2145/3603/2125 2144/3602/2124 2153/3614/2133
f 2154/3616/2135 2153/3614/2133 2155/3617/2136
f 2153/3618/2133 2154/3619/2135 2152/3620/2132
f 2155/3617/2136 2153/3614/2133 2156/3615/2134
f 2144/3602/2124 2157/3621/2137 2156/3615/2134
f 2156/3615/2134 2157/3621/2137 2160/3622/2138
f 2156/3615/2134 2158/3623/2139 2159/3624/2140
f 2161/3625/2141 2158/3623/2139 2156/3615/2134
f 2159/3624/2140 2155/3617/2136 2156/3615/2134
f 2156/3615/2134 2160/3622/2138 2161/3625/2141
f 2161/3625/2141 2160/3622/2138 2164/3626/2142
f 2163/3627/2143 2161/3625/2141 2162/3628/2144
f 2164/3626/2142 2162/3628/2144 2161/3625/2141
f 2161/3625/2141 2163/3627/2143 2158/3623/2139
f 2140/3597/2120 2139/3600/2122 2164/3626/2142
f 2165/3629/2145 2164/3626/2142 2139/3600/2122
f 2164/3626/2142 2166/3630/2146 2140/3597/2120
f 2165/3629/2145 2167/3631/2147 2164/3626/2142
f 2166/3630/2146 2164/3626/2142 2160/3622/2138
f 2162/3628/2144 2164/3626/2142 2167/3631/2147
f 2169/3632/2148 2162/3628/2144 2167/3631/2147
f 2168/3633/2149 2169/3632/2148 2167/3631/2147
f 2170/3634/2150 2168/3633/2149 2167/3631/2147
f 2170/3634/2150 2167/3631/2147 2165/3629/2145
f 2170/3634/2150 2165/3629/2145 2141/3596/2119
f 2141/3596/2119 2172/3635/2151 2170/3634/2150
f 2171/3636/2152 2168/3633/2149 2170/3634/2150
f 2172/3635/2151 2171/3636/2152 2170/3634/2150
f 2135/3595/2116 2173/3637/2153 2172/3635/2151
f 2173/3637/2153 2174/3638/2154 2172/3635/2151
f 2172/3639/2151 2141/3640/2119 2135/3641/2116
f 2172/3635/2151 2174/3638/2154 2171/3636/2152
f 2176/3642/2155 2174/3638/2154 2173/3637/2153
f 2175/3643/2156 2171/3636/2152 2174/3638/2154
f 2174/3638/2154 2176/3642/2155 2175/3643/2156
f 2176/3644/2155 2173/3645/2153 816/1399/818
f 817/1400/819 2178/3646/2157 2176/3644/2155
f 2176/3644/2155 816/1399/818 817/1400/819
f 2176/3642/2155 2177/3647/2158 2175/3643/2156
f 2176/3642/2155 2178/3648/2157 2177/3647/2158
f 817/1400/819 2179/3649/2159 2178/3646/2157
f 868/3650/870 2178/3648/2157 2179/3651/2159
f 2178/3648/2157 868/3650/870 2177/3647/2158
f 2179/3651/2159 2181/3652/2160 868/3650/870
f 817/1400/819 2180/3653/2161 2179/3649/2159
f 2179/3651/2159 2180/3654/2161 2182/3655/2162
f 2182/3655/2162 2181/3652/2160 2179/3651/2159
f 2182/3655/2162 847/1439/847 849/1440/848
f 846/1438/846 847/1439/847 2182/3655/2162
f 849/1440/848 858/1453/859 2182/3655/2162
f 2181/3652/2160 2182/3655/2162 858/1453/859
f 2182/3655/2162 2180/3654/2161 846/1438/846
f 868/3650/870 2181/3652/2160 858/1453/859
f 817/1400/819 846/3656/846 2180/3653/2161
f 868/3650/870 867/3657/872 2177/3647/2158
f 2183/3658/2163 2175/3643/2156 2177/3647/2158
f 2183/3658/2163 2177/3647/2158 867/3657/872
f 2175/3643/2156 2183/3658/2163 2168/3633/2149
f 2184/3659/2164 2169/3632/2148 2183/3658/2163
f 2184/3659/2164 2183/3658/2163 867/3657/872
f 2168/3633/2149 2183/3658/2163 2169/3632/2148
f 2184/3660/2164 867/1475/872 2053/3420/2039
f 2186/3661/2165 2184/3660/2164 2053/3420/2039
f 2169/3662/2148 2184/3660/2164 2185/3663/2166
f 2184/3660/2164 2186/3661/2165 2185/3663/2166
f 2186/3661/2165 2188/3664/2167 2187/3665/2168
f 2187/3665/2168 2189/3666/2169 2186/3661/2165
f 2188/3664/2167 2186/3661/2165 2054/3419/2038
f 2053/3420/2039 2054/3419/2038 2186/3661/2165
f 2189/3666/2169 2185/3663/2166 2186/3661/2165
f 2185/3663/2166 2189/3666/2169 2190/3667/2170
f 2189/3666/2169 2187/3665/2168 2191/3668/2171
f 2190/3667/2170 2189/3666/2169 2192/3669/2172
f 2191/3668/2171 2192/3669/2172 2189/3666/2169
f 2192/3669/2172 2194/3670/2173 2190/3667/2170
f 2193/3671/2174 2192/3669/2172 2191/3668/2171
f 2193/3671/2174 2194/3670/2173 2192/3669/2172
f 2196/3672/2175 2195/3673/2176 2194/3670/2173
f 2194/3670/2173 2195/3673/2176 2197/3674/2177
f 2194/3670/2173 2193/3671/2174 2196/3672/2175
f 2197/3674/2177 2190/3667/2170 2194/3670/2173
f 2199/3675/2178 2190/3667/2170 2197/3674/2177
f 2198/3676/2179 2197/3674/2177 2195/3673/2176
f 2197/3674/2177 2198/3676/2179 2199/3675/2178
f 2190/3667/2170 2199/3675/2178 2185/3663/2166
f 2199/3677/2178 2163/3678/2143 2201/3679/2180
f 2163/3627/2143 2199/3680/2178 2200/3681/2181
f 2198/3676/2179 2200/3682/2181 2199/3675/2178
f 2201/3683/2180 2169/3684/2148 2199/3685/2178
f 2185/3663/2166 2199/3675/2178 2169/3662/2148
f 2169/3686/2148 2201/3687/2180 2162/3688/2144
f 2162/3628/2144 2201/3689/2180 2163/3627/2143
f 2202/3690/2182 2200/3682/2181 2198/3676/2179
f 2202/3690/2182 2203/3691/2183 2200/3682/2181
f 2163/3627/2143 2200/3681/2181 2203/3692/2183
f 2158/3623/2139 2203/3692/2183 2204/3693/2184
f 2203/3692/2183 2158/3623/2139 2163/3627/2143
f 2202/3694/2182 2204/3693/2184 2203/3692/2183
f 2159/3624/2140 2158/3623/2139 2204/3693/2184
f 2202/3690/2182 2196/3672/2175 2204/3695/2184
f 2205/3696/2185 2204/3693/2184 2196/3697/2175
f 2205/3696/2185 2159/3624/2140 2204/3693/2184
f 2209/3698/2186 2205/3696/2185 2206/3699/2187
f 2206/3700/2187 2205/3701/2185 2196/3672/2175
f 2207/3702/2188 2208/3703/2189 2205/3696/2185
f 2207/3702/2188 2205/3696/2185 2209/3698/2186
f 2208/3703/2189 2159/3624/2140 2205/3696/2185
f 2211/3704/2190 2209/3698/2186 2210/3705/2191
f 2209/3698/2186 2206/3699/2187 2210/3705/2191
f 2211/3704/2190 2207/3702/2188 2209/3698/2186
f 2212/3706/2192 2213/3707/2193 2211/3704/2190
f 2211/3704/2190 1571/2527/1567 2212/3706/2192
f 2207/3702/2188 2211/3704/2190 2213/3707/2193
f 2210/3705/2191 2214/3708/2194 2211/3704/2190
f 1571/2527/1567 2211/3704/2190 2214/3708/2194
f 2214/3708/2194 2210/3705/2191 2215/3709/2195
f 2214/3708/2194 2215/3709/2195 1571/2527/1567
f 2216/3710/2196 2215/3709/2195 2210/3705/2191
f 1575/2530/1570 2215/3711/2195 2216/3712/2196
f 2215/3711/2195 1575/2530/1570 1573/2529/1568
f 1573/2525/1568 1571/2527/1567 2215/3709/2195
f 1575/3713/1570 2216/3710/2196 2218/3714/2197
f 2216/3710/2196 2210/3705/2191 2217/3715/2198
f 2217/3715/2198 2218/3714/2197 2216/3710/2196
f 2218/3716/2197 1578/2532/1572 1575/2530/1570
f 2219/3717/2199 1578/3718/1572 2218/3719/2197
f 2217/3720/2198 2220/3721/2200 2218/3719/2197
f 2219/3717/2199 2218/3719/2197 2220/3721/2200
f 2219/3717/2199 2220/3721/2200 2221/3722/2201
f 2221/3722/2201 2220/3721/2200 2206/3700/2187
f 2220/3721/2200 2217/3720/2198 2206/3700/2187
f 2222/3723/2202 2219/3717/2199 2221/3722/2201
f 2221/3722/2201 2193/3671/2174 2222/3723/2202
f 2193/3671/2174 2221/3722/2201 2196/3672/2175
f 2206/3700/2187 2196/3672/2175 2221/3722/2201
f 2191/3668/2171 2222/3723/2202 2193/3671/2174
f 2223/3724/2203 2222/3723/2202 2191/3668/2171
f 2222/3723/2202 2223/3724/2203 2224/3725/2204
f 2222/3723/2202 2224/3725/2204 2219/3717/2199
f 1585/2545/1581 2224/3725/2204 2223/3724/2203
f 2224/3725/2204 1578/3718/1572 2219/3717/2199
f 1585/2545/1581 1578/3718/1572 2224/3725/2204
f 2223/3724/2203 1588/2543/1583 1585/2545/1581
f 1588/2543/1583 2223/3724/2203 2225/3726/2205
f 2225/3726/2205 2223/3724/2203 2191/3668/2171
f 2225/3726/2205 2191/3668/2171 2187/3665/2168
f 2225/3726/2205 2187/3665/2168 2226/3727/2206
f 2226/3727/2206 1608/2574/1603 2225/3726/2205
f 2225/3726/2205 1608/2574/1603 1606/2572/1601
f 1606/2572/1601 1588/2543/1583 2225/3726/2205
f 2188/3664/2167 2226/3727/2206 2187/3665/2168
f 2226/3727/2206 2188/3664/2167 2227/3728/2207
f 1608/2574/1603 2226/3727/2206 2228/3729/2208
f 2227/3728/2207 2228/3729/2208 2226/3727/2206
f 2228/3729/2208 2227/3728/2207 2076/3460/6
f 2229/3730/2209 2230/3731/2210 2228/3729/2208
f 2228/3729/2208 2076/3460/6 2229/3730/2209
f 1614/2581/1610 2228/3729/2208 2230/3731/2210
f 2228/3729/2208 1614/2581/1610 1608/2574/1603
f 2233/3732/2211 2230/3733/2210 2229/3734/2209
f 2232/3735/2212 2231/3736/2213 2230/3733/2210
f 2230/3731/2210 2231/3737/2213 1614/2581/1610
f 2230/3733/2210 2233/3732/2211 2232/3735/2212
f 2233/3738/2211 2234/3739/2214 2235/3740/2215
f 2234/3741/2214 2233/3742/2211 2229/3743/2209
f 2235/3740/2215 2232/3744/2212 2233/3738/2211
f 2234/3739/2214 2236/3745/2216 2235/3740/2215
f 2235/3740/2215 2236/3745/2216 2237/3746/2217
f 2237/3746/2217 2232/3744/2212 2235/3740/2215
f 2238/3747/2218 2237/3748/2217 2236/3749/2216
f 2237/3748/2217 2238/3747/2218 2231/3750/2213
f 2232/3735/2212 2237/3751/2217 2231/3736/2213
f 2238/3752/2218 1613/2579/1608 1614/2581/1610
f 1613/2579/1608 2238/3752/2218 2239/3753/2219
f 1614/2581/1610 2231/3737/2213 2238/3752/2218
f 2239/3754/2219 2238/3747/2218 2236/3749/2216
f 2234/3741/2214 2229/3743/2209 2239/3755/2219
f 2076/3460/6 2239/3753/2219 2229/3730/2209
f 2239/3753/2219 2076/3460/6 1613/2579/1608
f 2236/3749/2216 2234/3756/2214 2239/3754/2219
f 2054/3419/2038 2227/3728/2207 2188/3664/2167
f 2227/3728/2207 2054/3419/2038 2076/3460/6
f 2210/3705/2191 2206/3699/2187 2217/3715/2198
f 2207/3702/2188 2213/3707/2193 2240/3757/2220
f 2212/3706/2192 2240/3757/2220 2213/3707/2193
f 2240/3758/2220 2243/3759/2221 2241/3760/2222
f 2241/3761/2222 2244/3762/2223 2240/3757/2220
f 2243/3763/2221 2240/3757/2220 2242/3764/2224
f 2212/3706/2192 2242/3764/2224 2240/3757/2220
f 2240/3757/2220 2244/3762/2223 2207/3702/2188
f 2245/3765/2225 2244/3762/2223 2241/3761/2222
f 2245/3765/2225 2247/3766/2226 2244/3762/2223
f 2244/3762/2223 2247/3766/2226 2246/3767/2227
f 2244/3762/2223 2246/3767/2227 2208/3703/2189
f 2244/3762/2223 2208/3703/2189 2207/3702/2188
f 2248/3768/2228 2246/3767/2227 2247/3766/2226
f 2249/3769/2229 2248/3768/2228 2247/3766/2226
f 2247/3766/2226 2245/3765/2225 2250/3770/2230
f 2247/3766/2226 2250/3770/2230 2249/3769/2229
f 2249/3769/2229 2250/3770/2230 2251/3771/2231
f 2255/3772/2232 2250/3770/2230 2245/3765/2225
f 2250/3770/2230 2252/3773/2233 2251/3771/2231
f 2253/3774/2234 2252/3773/2233 2250/3770/2230
f 2253/3774/2234 2250/3770/2230 2254/3775/2235
f 2250/3770/2230 2255/3772/2232 2254/3775/2235
f 2256/3776/2236 2254/3777/2235 2255/3778/2232
f 2255/3772/2232 2245/3765/2225 2256/3779/2236
f 2245/3765/2225 2241/3761/2222 2256/3779/2236
f 2241/3760/2222 2259/3780/2237 2256/3781/2236
f 2257/3782/2238 2256/3776/2236 2259/3783/2237
f 2257/3782/2238 2258/3784/2239 2256/3776/2236
f 2254/3777/2235 2256/3776/2236 2258/3784/2239
f 2259/3783/2237 1540/2481/1535 2262/3785/2240
f 2259/3783/2237 2261/3786/2241 1540/2481/1535
f 2259/3780/2237 2243/3759/2221 2260/3787/2242
f 2261/3786/2241 2259/3783/2237 2260/3788/2242
f 2241/3760/2222 2243/3759/2221 2259/3780/2237
f 2262/3785/2240 2257/3782/2238 2259/3783/2237
f 2263/3789/2243 2262/3785/2240 1540/2481/1535
f 2262/3790/2240 2263/3791/2243 2265/3792/2244
f 2265/3792/2244 2264/3793/2245 2262/3790/2240
f 2257/3794/2238 2262/3795/2240 2264/3796/2245
f 2265/3797/2244 1534/2470/1530 2266/3798/2246
f 1534/2470/1530 2265/3797/2244 2267/3799/2247
f 2264/3800/2245 2265/3797/2244 2266/3798/2246
f 2267/3801/2247 2265/3802/2244 2263/3803/2243
f 2270/3804/2248 2268/3805/2249 2267/3801/2247
f 2269/3806/2250 2267/3801/2247 2268/3805/2249
f 1356/2222/1352 1534/2470/1530 2267/3799/2247
f 2267/3799/2247 2269/3807/2250 2271/3808/2251
f 2263/3803/2243 2270/3804/2248 2267/3801/2247
f 2271/3808/2251 1356/2222/1352 2267/3799/2247
f 2273/3809/2252 2271/3808/2251 2272/3810/2253
f 2269/3807/2250 2272/3810/2253 2271/3808/2251
f 2271/3808/2251 2273/3809/2252 2277/3811/2254
f 1356/2222/1352 2271/3808/2251 2274/3812/2255
f 2274/3812/2255 2271/3808/2251 2275/3813/2256
f 2276/3814/2257 2275/3813/2256 2271/3808/2251
f 2278/3815/2258 2276/3814/2257 2271/3808/2251
f 2277/3811/2254 2278/3815/2258 2271/3808/2251
f 2278/3815/2258 2277/3811/2254 2279/3816/2259
f 2280/3817/2260 2278/3815/2258 2279/3816/2259
f 2276/3814/2257 2278/3815/2258 2280/3817/2260
f 2281/3818/2261 2280/3817/2260 2283/3819/2262
f 2281/3818/2261 2284/3820/2263 2280/3817/2260
f 2279/3816/2259 2282/3821/2264 2280/3817/2260
f 2282/3821/2264 2283/3819/2262 2280/3817/2260
f 2280/3817/2260 2284/3820/2263 2276/3814/2257
f 2284/3820/2263 2285/3822/2265 2275/3813/2256
f 2284/3820/2263 2286/3823/2266 2285/3822/2265
f 2284/3820/2263 2287/3824/2267 2286/3823/2266
f 2287/3824/2267 2284/3820/2263 2281/3818/2261
f 2275/3813/2256 2276/3814/2257 2284/3820/2263
f 2281/3818/2261 2289/3825/2268 2287/3824/2267
f 2288/3826/2269 2286/3823/2266 2287/3824/2267
f 2287/3824/2267 2289/3825/2268 2288/3826/2269
f 2292/3827/2270 2288/3826/2269 2289/3825/2268
f 2290/3828/2271 2289/3825/2268 2281/3818/2261
f 2291/3829/2272 2289/3825/2268 2290/3828/2271
f 2292/3827/2270 2289/3825/2268 2291/3829/2272
f 2292/3827/2270 2295/3830/2273 2293/3831/2274
f 2293/3831/2274 2297/3832/2275 2292/3827/2270
f 2288/3833/2269 2292/3834/2270 2294/3835/2276
f 2297/3832/2275 2294/3836/2276 2292/3827/2270
f 2295/3837/2273 2292/3838/2270 2296/3839/2277
f 2292/3827/2270 2291/3829/2272 2296/3840/2277
f 2294/3836/2276 2297/3832/2275 2298/3841/2278
f 2298/3842/2278 2297/3843/2275 2299/3844/2279
f 2300/3845/2280 2299/3846/2279 2297/3847/2275
f 2297/3847/2275 2293/3848/2274 2300/3845/2280
f 2299/3849/2279 2300/3850/2280 2303/3851/2281
f 2300/3850/2280 2301/3852/2282 2302/3853/2283
f 2293/3848/2274 2301/3854/2282 2300/3845/2280
f 2300/3850/2280 2302/3853/2283 2303/3851/2281
f 2303/3851/2281 2304/3855/2284 2299/3849/2279
f 2303/3856/2281 2296/3840/2277 2291/3829/2272
f 2296/3840/2277 2303/3856/2281 2302/3857/2283
f 2291/3829/2272 2304/3858/2284 2303/3856/2281
f 2299/3849/2279 2304/3855/2284 2305/3859/2285
f 2306/3860/2286 2305/3861/2285 2304/3862/2284
f 2304/3863/2284 2307/3864/2287 2306/3865/2286
f 2307/3866/2287 2304/3858/2284 2290/3828/2271
f 2291/3829/2272 2290/3828/2271 2304/3858/2284
f 2282/3867/2264 2306/3868/2286 2307/3869/2287
f 2283/3819/2262 2307/3866/2287 2281/3818/2261
f 2307/3866/2287 2290/3828/2271 2281/3818/2261
f 2307/3869/2287 2283/3870/2262 2282/3867/2264
f 2310/3871/2288 2305/3872/2285 2306/3873/2286
f 2306/3873/2286 2308/3874/2289 2310/3871/2288
f 2308/3874/2289 2306/3873/2286 2309/3875/2290
f 2309/3876/2290 2306/3868/2286 2279/3877/2259
f 2306/3868/2286 2282/3867/2264 2279/3877/2259
f 2310/3871/2288 2314/3878/2291 2311/3879/2292
f 2312/3880/2293 2310/3881/2288 2311/3882/2292
f 2305/3872/2285 2310/3871/2288 2312/3883/2293
f 2313/3884/2294 2310/3871/2288 2308/3874/2289
f 2310/3871/2288 2313/3884/2294 2314/3878/2291
f 2314/3878/2291 2313/3884/2294 2315/3885/2295
f 2316/3886/2296 2314/3878/2291 2315/3885/2295
f 2314/3878/2291 2316/3886/2296 2311/3879/2292
f 2316/3886/2296 2315/3885/2295 2317/3887/2297
f 2317/3887/2297 2318/3888/2298 2316/3886/2296
f 2319/3889/2299 2316/3886/2296 2318/3888/2298
f 2311/3879/2292 2316/3886/2296 2319/3889/2299
f 2321/3890/2300 2319/3889/2299 2318/3888/2298
f 2312/3880/2293 2311/3882/2292 2319/3891/2299
f 2312/3883/2293 2319/3889/2299 2320/3892/2301
f 2319/3889/2299 2323/3893/2302 2320/3892/2301
f 2319/3889/2299 2321/3890/2300 2322/3894/2303
f 2319/3889/2299 2322/3894/2303 2323/3893/2302
f 2323/3895/2302 2324/3896/2304 2328/3897/2305
f 2324/3898/2304 2323/3893/2302 2325/3899/2306
f 2322/3894/2303 2325/3899/2306 2323/3893/2302
f 2323/3900/2302 2327/3901/2307 2326/3902/2308
f 2326/3902/2308 2320/3903/2301 2323/3900/2302
f 2328/3897/2305 2327/3904/2307 2323/3895/2302
f 2329/3905/2309 2301/3906/2282 2328/3897/2305
f 2328/3897/2305 2324/3896/2304 2329/3905/2309
f 2327/3907/2307 2328/3908/2305 2330/3909/2310
f 2330/3909/2310 2328/3908/2305 2293/3831/2274
f 2301/3906/2282 2293/3910/2274 2328/3897/2305
f 2330/3909/2310 2331/3911/2311 2327/3907/2307
f 2332/3912/2312 2331/3911/2311 2330/3909/2310
f 2333/3913/2313 2332/3912/2312 2330/3909/2310
f 2333/3913/2313 2330/3909/2310 2334/3914/2314
f 2293/3831/2274 2295/3830/2273 2330/3909/2310
f 2334/3914/2314 2330/3909/2310 2295/3830/2273
f 2335/3915/2315 2334/3914/2314 2295/3830/2273
f 2337/3916/2316 2334/3914/2314 2335/3915/2315
f 2336/3917/2317 2333/3913/2313 2334/3914/2314
f 2337/3916/2316 2336/3917/2317 2334/3914/2314
f 2337/3916/2316 2340/3918/2318 2338/3919/2319
f 2338/3920/2319 2339/3921/2320 2337/3922/2316
f 2336/3917/2317 2337/3916/2316 2339/3923/2320
f 2340/3918/2318 2337/3916/2316 2335/3915/2315
f 2342/3924/2321 2341/3925/2322 2340/3918/2318
f 2340/3918/2318 2341/3925/2322 2338/3919/2319
f 2340/3918/2318 2335/3915/2315 2342/3924/2321
f 2342/3924/2321 2344/3926/2323 2341/3925/2322
f 2346/3927/2324 2343/3928/2325 2342/3924/2321
f 2344/3926/2323 2342/3924/2321 2343/3928/2325
f 2342/3924/2321 2335/3915/2315 2345/3929/2326
f 2345/3929/2326 2346/3927/2324 2342/3924/2321
f 2347/3930/2327 2343/3928/2325 2346/3927/2324
f 2346/3927/2324 2348/3931/2328 2347/3930/2327
f 2346/3927/2324 2345/3929/2326 2349/3932/2329
f 2348/3933/2328 2346/3934/2324 2353/3935/2330
f 2346/3927/2324 2349/3932/2329 2350/3936/2331
f 2346/3927/2324 2350/3936/2331 2351/3937/2332
f 2346/3927/2324 2351/3937/2332 2352/3938/2333
f 2346/3939/2324 2352/3940/2333 2353/3941/2330
f 2348/3942/2328 2353/3941/2330 2354/3943/2334
f 2353/3941/2330 2352/3940/2333 2355/3944/2335
f 2356/3945/2336 2354/3943/2334 2353/3941/2330
f 2353/3941/2330 2355/3944/2335 2356/3945/2336
f 2357/3946/2337 2358/3947/2338 2356/3945/2336
f 2359/3948/2339 2357/3946/2337 2356/3945/2336
f 2356/3945/2336 2358/3947/2338 2360/3949/2340
f 2356/3945/2336 2355/3944/2335 2359/3948/2339
f 2360/3949/2340 2354/3943/2334 2356/3945/2336
f 2348/3942/2328 2360/3949/2340 2361/3950/2341
f 2348/3942/2328 2354/3943/2334 2360/3949/2340
f 2361/3950/2341 2360/3949/2340 2358/3947/2338
f 2348/3942/2328 2361/3950/2341 2362/3951/2342
f 2362/3951/2342 2361/3950/2341 2363/3952/2343
f 2358/3947/2338 2363/3952/2343 2361/3950/2341
f 2363/3952/2343 2358/3947/2338 2357/3946/2337
f 2357/3946/2337 2364/3953/2344 2363/3952/2343
f 2364/3953/2344 2365/3954/2345 2363/3952/2343
f 2363/3952/2343 2365/3954/2345 2362/3951/2342
f 2365/3954/2345 2366/3955/2346 2367/3956/2347
f 2366/3955/2346 2365/3954/2345 2364/3953/2344
f 2367/3956/2347 2362/3951/2342 2365/3954/2345
f 2368/3957/2348 2367/3956/2347 2369/3958/2349
f 2368/3957/2348 2362/3951/2342 2367/3956/2347
f 2369/3958/2349 2367/3956/2347 2366/3955/2346
f 2368/3957/2348 2369/3958/2349 2370/3959/2350
f 2370/3959/2350 2369/3958/2349 2366/3955/2346
f 2368/3957/2348 2370/3959/2350 2372/3960/2351
f 2366/3955/2346 2371/3961/2352 2370/3959/2350
f 2371/3961/2352 2372/3960/2351 2370/3959/2350
f 2375/3962/2353 2368/3957/2348 2372/3960/2351
f 2371/3961/2352 2373/3963/2354 2372/3960/2351
f 2374/3964/2355 2372/3960/2351 2373/3963/2354
f 2375/3962/2353 2372/3960/2351 2374/3964/2355
f 2376/3965/2356 2377/3966/2357 2375/3967/2353
f 2375/3967/2353 1232/2047/1227 2376/3965/2356
f 2368/3968/2348 2375/3967/2353 2377/3966/2357
f 1232/3969/1227 2375/3962/2353 2378/3970/2358
f 2375/3962/2353 2374/3964/2355 2378/3970/2358
f 2379/3971/2359 2378/3970/2358 2374/3964/2355
f 2379/3971/2359 2380/3972/2360 2378/3970/2358
f 2381/3973/2361 2378/3970/2358 2380/3972/2360
f 1232/3974/1227 2378/3975/2358 2381/3976/2361
f 2380/3972/2360 2382/3977/2362 2381/3973/2361
f 2383/3978/2363 2381/3973/2361 2382/3977/2362
f 1232/3969/1227 2381/3973/2361 2383/3978/2363
f 2385/3979/2364 2384/3980/2365 2383/3978/2363
f 1232/3969/1227 2383/3978/2363 2384/3980/2365
f 2382/3977/2362 2385/3979/2364 2383/3978/2363
f 2386/3981/2366 2387/3982/2367 2385/3979/2364
f 2385/3979/2364 2382/3977/2362 2386/3981/2366
f 2385/3979/2364 2387/3982/2367 2384/3980/2365
f 2389/3983/2368 2387/3982/2367 2386/3981/2366
f 2388/3984/2369 2384/3980/2365 2387/3982/2367
f 2388/3984/2369 2387/3982/2367 2389/3983/2368
f 2386/3981/2366 2391/3985/2370 2389/3983/2368
f 2389/3983/2368 2390/3986/2371 2388/3984/2369
f 2389/3983/2368 2392/3987/2372 2390/3986/2371
f 2392/3987/2372 2389/3983/2368 2391/3985/2370
f 2393/3988/2373 2390/3986/2371 2392/3987/2372
f 2393/3988/2373 2392/3987/2372 2394/3989/2374
f 2394/3989/2374 2392/3987/2372 2391/3985/2370
f 2394/3989/2374 2395/3990/2375 2393/3988/2373
f 2391/3985/2370 2396/3991/2376 2394/3989/2374
f 2394/3989/2374 2396/3991/2376 2395/3990/2375
f 2396/3991/2376 2391/3985/2370 2397/3992/2377
f 2397/3993/2377 2399/3994/2378 2396/3995/2376
f 2398/3996/2379 2395/3990/2375 2396/3991/2376
f 2396/3995/2376 2399/3994/2378 2398/3997/2379
f 2399/3994/2378 2400/3998/2380 1241/2068/1238
f 2400/3998/2380 2399/3994/2378 2397/3993/2377
f 1241/2068/1238 2398/3997/2379 2399/3994/2378
f 2400/3998/2380 2402/3999/2381 2401/4000/2382
f 2401/4000/2382 1243/2070/1240 2400/3998/2380
f 2400/3998/2380 2397/3993/2377 2402/3999/2381
f 2400/3998/2380 1242/2069/1239 1241/2068/1238
f 1243/2070/1240 1242/2069/1239 2400/3998/2380
f 2402/4001/2381 2397/4002/2377 2403/4003/2383
f 2403/4004/2383 2404/4005/2384 2402/3999/2381
f 2405/4006/2385 2402/3999/2381 2404/4005/2384
f 2405/4006/2385 2406/4007/2386 2402/3999/2381
f 2402/3999/2381 2406/4007/2386 2407/4008/2387
f 2407/4008/2387 2401/4000/2382 2402/3999/2381
f 2407/4008/2387 2406/4007/2386 2410/4009/2388
f 2411/4010/2389 2407/4011/2387 2408/4012/2390
f 2409/4013/2391 2408/4014/2390 2407/4008/2387
f 2410/4009/2388 2409/4013/2391 2407/4008/2387
f 2411/4015/2389 2401/4000/2382 2407/4008/2387
f 2415/4016/2392 2412/4017/2393 2411/4015/2389
f 2412/4017/2393 2413/4018/2394 2411/4015/2389
f 2413/4018/2394 2401/4000/2382 2411/4015/2389
f 2408/4012/2390 2414/4019/2395 2411/4010/2389
f 2415/4016/2392 2411/4015/2389 2414/4020/2395
f 2412/4017/2393 2415/4016/2392 2416/4021/2396
f 2416/4021/2396 2415/4016/2392 2417/4022/2397
f 2414/4020/2395 2417/4022/2397 2415/4016/2392
f 2418/4023/2398 2420/4024/2399 2417/4025/2397
f 2417/4025/2397 2419/4026/2400 2418/4023/2398
f 2421/4027/2401 2419/4026/2400 2417/4025/2397
f 1261/2094/1257 2416/4021/2396 2417/4022/2397
f 2417/4022/2397 2420/4028/2399 1261/2094/1257
f 2417/4025/2397 2414/4029/2395 2421/4027/2401
f 1184/1983/1181 2419/4030/2400 2421/4031/2401
f 2409/4032/2391 2422/4033/2402 2421/4034/2401
f 1184/1983/1181 2421/4031/2401 2422/4035/2402
f 2409/4032/2391 2421/4034/2401 2414/4036/2395
f 2422/4033/2402 2409/4032/2391 2410/4037/2388
f 2410/4037/2388 2423/4038/2403 2422/4033/2402
f 2422/4035/2402 2423/4039/2403 2424/4040/2404
f 2424/4040/2404 1184/1983/1181 2422/4035/2402
f 1184/1983/1181 2424/4040/2404 1180/1977/1175
f 1181/1979/1177 1180/1977/1175 2424/4040/2404
f 2425/4041/2405 1181/1979/1177 2424/4040/2404
f 2423/4039/2403 2425/4041/2405 2424/4040/2404
f 1290/4042/1286 2425/4043/2405 2426/4044/2406
f 2425/4041/2405 1290/2135/1286 1181/1979/1177
f 2425/4043/2405 2405/4045/2385 2427/4046/2407
f 2405/4045/2385 2425/4043/2405 2423/4038/2403
f 2426/4044/2406 2425/4043/2405 2427/4046/2407
f 2426/4047/2406 2427/4048/2407 2428/4049/2408
f 2427/4050/2407 2404/4051/2384 2429/4052/2409
f 2404/4005/2384 2427/4053/2407 2405/4006/2385
f 2427/4048/2407 2429/4054/2409 2428/4049/2408
f 2430/4055/2410 2428/4049/2408 2429/4054/2409
f 2431/4056/2411 2430/4055/2410 2429/4054/2409
f 2429/4054/2409 2432/4057/2412 2431/4056/2411
f 2432/4058/2412 2429/4052/2409 2404/4051/2384
f 2433/4059/2413 2432/4058/2412 2435/4060/2414
f 2432/4061/2412 2433/4062/2413 2436/4063/2415
f 2434/4064/2416 2431/4056/2411 2432/4057/2412
f 2437/4065/2417 2434/4064/2416 2432/4057/2412
f 2432/4058/2412 2404/4051/2384 2403/4066/2383
f 2435/4060/2414 2432/4058/2412 2403/4066/2383
f 2436/4063/2415 2437/4067/2417 2432/4061/2412
f 2434/4064/2416 2437/4065/2417 2438/4068/2418
f 2438/4069/2418 2437/4067/2417 2436/4063/2415
f 2439/4070/2419 2442/4071/2420 2438/4072/2418
f 2438/4072/2418 2441/4073/2421 2439/4070/2419
f 2438/4069/2418 2436/4063/2415 2440/4074/2422
f 2440/4074/2422 2441/4075/2421 2438/4069/2418
f 2438/4068/2418 2442/4076/2420 2434/4064/2416
f 2443/4077/2423 2442/4071/2420 2439/4070/2419
f 2443/4077/2423 2444/4078/2424 2442/4071/2420
f 2444/4078/2424 2445/4079/2425 2442/4071/2420
f 2442/4076/2420 2445/4080/2425 2431/4056/2411
f 2442/4076/2420 2431/4056/2411 2434/4064/2416
f 2445/4079/2425 2444/4078/2424 2447/4081/2426
f 2445/4080/2425 2446/4082/2427 2448/4083/2428
f 2446/4084/2427 2445/4079/2425 2447/4081/2426
f 2448/4083/2428 2430/4055/2410 2445/4080/2425
f 2430/4055/2410 2431/4056/2411 2445/4080/2425
f 2430/4055/2410 2448/4083/2428 2428/4049/2408
f 2449/4085/2429 2448/4083/2428 2446/4082/2427
f 2426/4047/2406 2448/4083/2428 2449/4085/2429
f 2428/4049/2408 2448/4083/2428 2426/4047/2406
f 2450/4086/2430 2449/4085/2429 2446/4082/2427
f 2449/4085/2429 2450/4086/2430 1284/4087/1279
f 1284/4087/1279 2426/4047/2406 2449/4085/2429
f 2446/4082/2427 2453/4088/2431 2450/4086/2430
f 2452/4089/2432 2450/4086/2430 2451/4090/2433
f 2451/4090/2433 2450/4086/2430 2453/4088/2431
f 2450/4086/2430 2452/4089/2432 1284/4087/1279
f 2454/4091/2434 2453/4092/2431 2446/4084/2427
f 2454/4091/2434 2455/4093/2435 2453/4092/2431
f 2456/4094/2436 2453/4092/2431 2455/4093/2435
f 2453/4092/2431 2456/4094/2436 2457/4095/2437
f 2453/4088/2431 2457/4096/2437 2458/4097/2438
f 2458/4097/2438 2451/4090/2433 2453/4088/2431
f 2451/4090/2433 2458/4097/2438 2452/4089/2432
f 2459/4098/2439 2458/4097/2438 2457/4096/2437
f 2458/4097/2438 2459/4098/2439 2460/4099/2440
f 2460/4099/2440 2452/4089/2432 2458/4097/2438
f 2452/4100/2432 2460/4101/2440 2461/4102/2441
f 2462/4103/2442 2461/4102/2441 2460/4101/2440
f 2463/4104/2443 2462/4103/2442 2460/4101/2440
f 2460/4101/2440 2464/4105/2444 2463/4104/2443
f 2464/4106/2444 2460/4099/2440 2465/4107/2445
f 2459/4098/2439 2465/4107/2445 2460/4099/2440
f 2465/4107/2445 2459/4098/2439 2466/4108/2446
f 2466/4109/2446 2456/4110/2436 2465/4111/2445
f 2465/4111/2445 2467/4112/2447 2464/4113/2444
f 2467/4112/2447 2465/4111/2445 2456/4110/2436
f 2468/4114/2448 2469/4115/2449 2467/4112/2447
f 2456/4110/2436 2468/4114/2448 2467/4112/2447
f 2467/4112/2447 2469/4115/2449 1374/2256/1370
f 1374/2256/1370 2464/4113/2444 2467/4112/2447
f 2469/4115/2449 1376/2259/1371 1374/2256/1370
f 1376/2259/1371 2469/4115/2449 1379/2262/1373
f 2468/4114/2448 1379/2262/1373 2469/4115/2449
f 2456/4094/2436 1379/2271/1373 2468/4116/2448
f 2459/4098/2439 2457/4096/2437 2466/4108/2446
f 2466/4109/2446 2457/4117/2437 2456/4110/2436
f 2472/4118/2450 2464/4105/2444 1374/2255/1370
f 2470/4119/2451 2473/4120/2452 2464/4105/2444
f 2464/4105/2444 2471/4121/2453 2470/4119/2451
f 2472/4118/2450 2471/4121/2453 2464/4105/2444
f 2464/4105/2444 2473/4120/2452 2463/4104/2443
f 2473/4120/2452 2475/4122/2454 2474/4123/2455
f 2474/4123/2455 2463/4104/2443 2473/4120/2452
f 1286/4124/1280 2473/4125/2452 2476/4126/2456
f 2473/4120/2452 1286/4127/1280 2475/4122/2454
f 2478/4128/2457 2473/4120/2452 2470/4119/2451
f 2477/4129/2458 2476/4126/2456 2473/4125/2452
f 2473/4130/2452 2478/4131/2457 2477/4132/2458
f 2480/4133/2459 2479/4134/2460 2478/4128/2457
f 1373/2254/1369 2478/4128/2457 2479/4134/2460
f 2478/4131/2457 1373/4135/1369 2481/4136/2461
f 2470/4119/2451 2480/4133/2459 2478/4128/2457
f 2478/4131/2457 2481/4136/2461 2484/4137/2462
f 2477/4132/2458 2478/4131/2457 2483/4138/2463
f 2478/4131/2457 2484/4137/2462 2482/4139/2464
f 2482/4139/2464 2483/4138/2463 2478/4131/2457
f 2485/4140/2465 2487/4141/2466 2484/4137/2462
f 2484/4137/2462 2486/4142/2467 2485/4140/2465
f 2482/4139/2464 2484/4137/2462 2487/4141/2466
f 2486/4142/2467 2484/4137/2462 2481/4136/2461
f 2488/4143/2468 2487/4141/2466 2485/4140/2465
f 2488/4143/2468 2489/4144/2469 2487/4141/2466
f 2487/4141/2466 2489/4144/2469 2482/4139/2464
f 2488/4143/2468 2490/4145/2470 2489/4144/2469
f 2489/4144/2469 2490/4145/2470 2483/4138/2463
f 2483/4138/2463 2482/4139/2464 2489/4144/2469
f 2490/4146/2470 2488/4147/2468 2491/4148/2471
f 2491/4149/2471 2493/4150/2472 2490/4151/2470
f 2492/4152/2473 2483/4153/2463 2490/4151/2470
f 2490/4151/2470 2493/4150/2472 2492/4152/2473
f 2491/4149/2471 2494/4154/2474 2493/4150/2472
f 2492/4152/2473 2493/4150/2472 2494/4154/2474
f 2491/4149/2471 2495/4155/2475 2494/4154/2474
f 2494/4154/2474 2495/4155/2475 2496/4156/2476
f 2494/4154/2474 2496/4156/2476 2492/4152/2473
f 2496/4156/2476 2495/4155/2475 1271/2105/1268
f 1271/2105/1268 2497/4157/2477 2496/4156/2476
f 2496/4156/2476 2497/4157/2477 2476/4126/2456
f 2476/4126/2456 2477/4129/2458 2496/4156/2476
f 2492/4152/2473 2496/4156/2476 2477/4129/2458
f 1271/2105/1268 1270/2104/1267 2497/4157/2477
f 1270/2104/1267 2498/4158/2478 2497/4157/2477
f 2497/4157/2477 2498/4158/2478 2476/4126/2456
f 1279/4159/1275 2498/4158/2478 1270/2104/1267
f 2498/4158/2478 1279/4159/1275 1282/4160/1278
f 1282/4160/1278 2476/4126/2456 2498/4158/2478
f 1271/2105/1268 2495/4155/2475 2499/4161/2479
f 2491/4149/2471 2499/4161/2479 2495/4155/2475
f 2499/4161/2479 1268/2101/1264 1272/2102/1265
f 1260/2091/1256 1268/2101/1264 2499/4161/2479
f 2499/4161/2479 1272/2102/1265 1271/2105/1268
f 2499/4161/2479 2491/4149/2471 1260/2091/1256
f 2477/4129/2458 2483/4153/2463 2492/4152/2473
f 2491/4162/2471 2488/4163/2468 2500/4164/2480
f 1260/2093/1256 2491/4162/2471 2502/4165/2481
f 2500/4164/2480 2501/4166/2482 2491/4162/2471
f 2501/4166/2482 2502/4165/2481 2491/4162/2471
f 1258/2086/1253 2502/4167/2481 2503/4168/2483
f 2504/4169/2484 2503/4168/2483 2502/4167/2481
f 2502/4167/2481 2501/4170/2482 2505/4171/2485
f 2505/4171/2485 2504/4169/2484 2502/4167/2481
f 2502/4165/2481 1258/2089/1253 1260/2093/1256
f 2505/4171/2485 2507/4172/2486 2506/4173/2487
f 2504/4169/2484 2505/4171/2485 2506/4173/2487
f 2507/4172/2486 2505/4171/2485 2501/4170/2482
f 2508/4174/2488 2506/4175/2487 2507/4176/2486
f 2507/4172/2486 2509/4177/2489 2508/4178/2488
f 2509/4177/2489 2507/4172/2486 2501/4170/2482
f 2509/4177/2489 2510/4179/2490 2508/4178/2488
f 2510/4179/2490 2509/4177/2489 2500/4180/2480
f 2501/4170/2482 2500/4180/2480 2509/4177/2489
f 2510/4181/2490 2511/4182/2491 2508/4183/2488
f 2511/4182/2491 2510/4181/2490 2500/4184/2480
f 2512/4185/2492 2511/4182/2491 2513/4186/2493
f 2511/4182/2491 2512/4185/2492 2508/4183/2488
f 2500/4184/2480 2513/4186/2493 2511/4182/2491
f 2514/4187/2494 2513/4188/2493 2488/4163/2468
f 2513/4186/2493 2514/4189/2494 2515/4190/2495
f 2513/4188/2493 2500/4164/2480 2488/4163/2468
f 2515/4190/2495 2512/4185/2492 2513/4186/2493
f 2512/4185/2492 2515/4190/2495 2517/4191/2496
f 2516/4192/2497 2515/4190/2495 2514/4189/2494
f 2515/4190/2495 2516/4192/2497 2517/4191/2496
f 2517/4193/2496 2521/4194/2498 2518/4195/2499
f 2518/4195/2499 2519/4196/2500 2517/4193/2496
f 2519/4196/2500 2520/4197/2501 2517/4193/2496
f 2517/4198/2496 2508/4174/2488 2512/4199/2492
f 2508/4200/2488 2517/4193/2496 2520/4197/2501
f 2521/4201/2498 2517/4191/2496 2523/4202/2502
f 2516/4192/2497 2522/4203/2503 2517/4191/2496
f 2522/4203/2503 2523/4202/2502 2517/4191/2496
f 2523/4202/2502 2522/4203/2503 2524/4204/2504
f 2525/4205/2505 2523/4202/2502 2524/4204/2504
f 2523/4202/2502 2525/4205/2505 2521/4201/2498
f 2525/4205/2505 2526/4206/2506 2521/4201/2498
f 2526/4206/2506 2525/4205/2505 2527/4207/2507
f 2524/4204/2504 2527/4207/2507 2525/4205/2505
f 2528/4208/2508 2526/4206/2506 2527/4207/2507
f 2527/4207/2507 2529/4209/2509 2528/4208/2508
f 2529/4210/2509 2527/4211/2507 2530/4212/2510
f 2530/4212/2510 2527/4211/2507 2524/4213/2504
f 2488/4163/2468 2530/4212/2510 2514/4187/2494
f 2524/4213/2504 2514/4187/2494 2530/4212/2510
f 2530/4212/2510 2531/4214/2511 2529/4210/2509
f 2532/4215/2512 2530/4216/2510 2488/4217/2468
f 2536/4218/2513 2531/4219/2511 2530/4220/2510
f 2530/4220/2510 2532/4221/2512 2533/4222/2514
f 2530/4220/2510 2533/4222/2514 2534/4223/2515
f 2530/4220/2510 2534/4223/2515 2535/4224/2516
f 2535/4224/2516 2536/4218/2513 2530/4220/2510
f 2536/4218/2513 2538/4225/2517 2531/4219/2511
f 2536/4218/2513 2535/4224/2516 2537/4226/2518
f 2538/4225/2517 2536/4218/2513 2537/4226/2518
f 2531/4219/2511 2538/4225/2517 2541/4227/2519
f 2537/4226/2518 2539/4228/2520 2538/4225/2517
f 2539/4228/2520 2540/4229/2521 2538/4225/2517
f 2540/4229/2521 2541/4227/2519 2538/4225/2517
f 2541/4227/2519 2542/4230/2522 2531/4219/2511
f 2542/4230/2522 2541/4227/2519 2544/4231/2523
f 2540/4229/2521 2543/4232/2524 2541/4227/2519
f 2544/4231/2523 2541/4227/2519 2543/4232/2524
f 2546/4233/2525 2545/4234/2526 2544/4231/2523
f 2542/4230/2522 2544/4231/2523 2545/4234/2526
f 2544/4231/2523 2543/4232/2524 2546/4233/2525
f 2546/4233/2525 2547/4235/2527 2545/4234/2526
f 2547/4235/2527 2546/4233/2525 1360/2228/1356
f 1358/2226/1355 1360/2228/1356 2546/4233/2525
f 2546/4233/2525 2543/4232/2524 1358/2226/1355
f 2549/4236/2528 2547/4235/2527 2548/4237/2529
f 2548/4237/2529 2547/4235/2527 1360/2228/1356
f 2549/4236/2528 2545/4234/2526 2547/4235/2527
f 2542/4230/2522 2545/4234/2526 2549/4236/2528
f 2548/4237/2529 2550/4238/2530 2549/4236/2528
f 2542/4230/2522 2549/4236/2528 2550/4238/2530
f 2551/4239/2531 2550/4238/2530 2548/4237/2529
f 2552/4240/2532 2550/4238/2530 2551/4239/2531
f 2550/4241/2530 2552/4242/2532 2542/4243/2522
f 2553/4244/2533 2559/4245/2534 2552/4246/2532
f 2552/4246/2532 2555/4247/2535 2553/4244/2533
f 2542/4248/2522 2552/4246/2532 2554/4249/2536
f 2559/4245/2534 2554/4249/2536 2552/4246/2532
f 2557/4250/2537 2555/4251/2535 2552/4240/2532
f 2552/4240/2532 2551/4239/2531 2556/4252/2538
f 2552/4240/2532 2556/4252/2538 2558/4253/2539
f 2552/4240/2532 2558/4253/2539 2557/4250/2537
f 2560/4254/2540 2559/4255/2534 2562/4256/2541
f 2560/4254/2540 2561/4257/2542 2559/4255/2534
f 2561/4257/2542 2554/4258/2536 2559/4255/2534
f 2562/4256/2541 2559/4255/2534 2553/4259/2533
f 2563/4260/2543 2562/4256/2541 2553/4259/2533
f 2562/4256/2541 2563/4260/2543 2564/4261/2544
f 2564/4261/2544 2560/4254/2540 2562/4256/2541
f 2565/4262/2545 2566/4263/2546 2564/4264/2544
f 2564/4264/2544 2568/4265/2547 2565/4262/2545
f 2566/4263/2546 2567/4266/2548 2564/4264/2544
f 2560/4267/2540 2564/4264/2544 2567/4266/2548
f 2568/4268/2547 2564/4269/2544 2571/4270/2549
f 2563/4271/2543 2569/4272/2550 2564/4264/2544
f 2569/4272/2550 2570/4273/2551 2564/4264/2544
f 2570/4273/2551 2571/4274/2549 2564/4264/2544
f 2571/4274/2549 2570/4273/2551 2574/4275/2552
f 2572/4276/2553 2571/4274/2549 2573/4277/2554
f 2571/4274/2549 2572/4276/2553 2568/4265/2547
f 2571/4274/2549 2574/4275/2552 2573/4277/2554
f 2574/4275/2552 2553/4244/2533 2555/4247/2535
f 2569/4272/2550 2553/4244/2533 2574/4275/2552
f 2294/3836/2276 2573/4277/2554 2574/4275/2552
f 2555/4247/2535 2294/3836/2276 2574/4275/2552
f 2570/4273/2551 2569/4272/2550 2574/4275/2552
f 2575/4278/2555 2572/4276/2553 2573/4277/2554
f 2575/4278/2555 2573/4277/2554 2576/4279/2556
f 2576/4279/2556 2573/4277/2554 2294/3836/2276
f 2577/4280/2557 2579/4281/2558 2576/4279/2556
f 2577/4280/2557 2576/4279/2556 2578/4282/2559
f 2578/4282/2559 2576/4279/2556 2294/3836/2276
f 2579/4281/2558 2575/4278/2555 2576/4279/2556
f 2575/4278/2555 2579/4281/2558 2568/4265/2547
f 2579/4281/2558 2577/4280/2557 2568/4265/2547
f 2294/3836/2276 2580/4283/2560 2578/4282/2559
f 2581/4284/2561 2578/4282/2559 2580/4283/2560
f 2581/4284/2561 2577/4280/2557 2578/4282/2559
f 2577/4280/2557 2581/4284/2561 2583/4285/2562
f 2582/4286/2563 2581/4284/2561 2580/4283/2560
f 2581/4284/2561 2582/4286/2563 2583/4285/2562
f 2568/4265/2547 2583/4285/2562 2584/4287/2564
f 2585/4288/2565 2584/4287/2564 2583/4285/2562
f 2339/3923/2320 2583/4285/2562 2331/3911/2311
f 2583/4285/2562 2339/3923/2320 2585/4288/2565
f 2583/4289/2562 2568/4268/2547 2577/4290/2557
f 2582/4286/2563 2331/3911/2311 2583/4285/2562
f 2586/4291/2566 2322/3894/2303 2585/4292/2565
f 2585/4292/2565 2587/4293/2567 2586/4291/2566
f 2584/4294/2564 2585/4292/2565 2321/3890/2300
f 2322/3894/2303 2321/3890/2300 2585/4292/2565
f 2587/4295/2567 2585/4288/2565 2339/3923/2320
f 2588/4296/2568 2587/4295/2567 2339/3923/2320
f 2587/4293/2567 2588/4297/2568 2589/4298/2569
f 2589/4298/2569 2586/4291/2566 2587/4293/2567
f 2590/4299/2570 2589/4298/2569 2588/4297/2568
f 2589/4298/2569 2590/4299/2570 2591/4300/2571
f 2586/4291/2566 2589/4298/2569 2592/4301/2572
f 2589/4298/2569 2591/4300/2571 2592/4301/2572
f 2592/4301/2572 2593/4302/2573 2586/4291/2566
f 2592/4301/2572 2595/4303/2574 2593/4302/2573
f 2591/4300/2571 2594/4304/2575 2592/4301/2572
f 2595/4303/2574 2592/4301/2572 2594/4304/2575
f 2593/4302/2573 2595/4303/2574 2596/4305/2576
f 2594/4304/2575 2596/4305/2576 2595/4303/2574
f 2597/4306/2577 2599/4307/2578 2596/4305/2576
f 2596/4305/2576 2594/4304/2575 2597/4306/2577
f 2598/4308/2579 2593/4302/2573 2596/4305/2576
f 2596/4305/2576 2599/4307/2578 2598/4308/2579
f 2597/4306/2577 2601/4309/2580 2599/4307/2578
f 2599/4307/2578 2600/4310/2581 2602/4311/2582
f 2600/4310/2581 2599/4307/2578 2601/4309/2580
f 2602/4311/2582 2603/4312/2583 2599/4307/2578
f 2603/4312/2583 2604/4313/2584 2599/4307/2578
f 2604/4313/2584 2598/4308/2579 2599/4307/2578
f 2604/4314/2584 2603/4315/2583 2302/3853/2283
f 2604/4314/2584 2302/3853/2283 2301/3852/2282
f 2301/3852/2282 2329/4316/2309 2604/4314/2584
f 2605/4317/2585 2598/4308/2579 2604/4313/2584
f 2605/4317/2585 2604/4313/2584 2329/4318/2309
f 2605/4319/2585 2325/4320/2306 2598/4321/2579
f 2329/4318/2309 2324/3898/2304 2605/4317/2585
f 2324/3898/2304 2325/3899/2306 2605/4317/2585
f 2606/4322/2586 2302/3853/2283 2603/4315/2583
f 2606/4323/2586 2603/4324/2583 2607/4325/2587
f 2608/4326/2588 2607/4325/2587 2603/4324/2583
f 2608/4326/2588 2603/4324/2583 2602/4327/2582
f 2607/4328/2587 2608/4329/2588 2611/4330/2589
f 2610/4331/2590 2608/4326/2588 2609/4332/2591
f 2602/4327/2582 2609/4332/2591 2608/4326/2588
f 2612/4333/2592 2608/4329/2588 2610/4334/2590
f 2608/4329/2588 2612/4333/2592 2611/4330/2589
f 2614/4335/2593 2612/4333/2592 2613/4336/2594
f 2610/4334/2590 2613/4336/2594 2612/4333/2592
f 2611/4330/2589 2612/4333/2592 2614/4335/2593
f 2615/4337/2595 2611/4338/2589 2614/4339/2593
f 2614/4335/2593 2616/4340/2596 2615/4341/2595
f 2613/4336/2594 2617/4342/2597 2614/4335/2593
f 2616/4340/2596 2614/4335/2593 2618/4343/2598
f 2618/4343/2598 2614/4335/2593 2617/4342/2597
f 2618/4343/2598 2619/4344/2599 2350/3936/2331
f 2617/4342/2597 2619/4344/2599 2618/4343/2598
f 2618/4343/2598 2349/3932/2329 2616/4340/2596
f 2350/3936/2331 2349/3932/2329 2618/4343/2598
f 2351/3937/2332 2350/3936/2331 2619/4344/2599
f 2619/4344/2599 2620/4345/2600 2351/3937/2332
f 2620/4345/2600 2619/4344/2599 2617/4342/2597
f 2352/3938/2333 2351/3937/2332 2620/4345/2600
f 2355/4346/2335 2620/4345/2600 2359/4347/2339
f 2617/4342/2597 2359/4347/2339 2620/4345/2600
f 2620/4348/2600 2355/3944/2335 2352/3940/2333
f 2617/4342/2597 2613/4336/2594 2621/4349/2601
f 2621/4349/2601 2622/4350/2602 2617/4342/2597
f 2359/4347/2339 2617/4342/2597 2622/4350/2602
f 2622/4350/2602 2621/4349/2601 2623/4351/2603
f 2623/4351/2603 2624/4352/2604 2622/4350/2602
f 2625/4353/2605 2622/4350/2602 2624/4352/2604
f 2357/4354/2337 2622/4350/2602 2625/4353/2605
f 2622/4350/2602 2357/4354/2337 2359/4347/2339
f 2625/4353/2605 2628/4355/2606 2357/4354/2337
f 2624/4352/2604 2626/4356/2607 2625/4353/2605
f 2627/4357/2608 2625/4353/2605 2626/4356/2607
f 2625/4358/2605 2627/4359/2608 2629/4360/2609
f 2628/4355/2606 2625/4353/2605 2630/4361/2610
f 2629/4360/2609 2631/4362/2611 2625/4358/2605
f 2631/4363/2611 2630/4361/2610 2625/4353/2605
f 2630/4364/2610 2631/4365/2611 2632/4366/2612
f 2632/4366/2612 2631/4365/2611 2629/4367/2609
f 2633/4368/2613 2635/4369/2614 2632/4366/2612
f 2632/4366/2612 2634/4370/2615 2633/4368/2613
f 2634/4371/2615 2632/4372/2612 2637/4373/2616
f 2630/4364/2610 2632/4366/2612 2635/4369/2614
f 2636/4374/2617 2632/4366/2612 2629/4367/2609
f 2632/4372/2612 2636/4375/2617 2637/4373/2616
f 2637/4376/2616 2636/4377/2617 2640/4378/2618
f 2642/4379/2619 2637/4380/2616 2638/4381/2620
f 2637/4380/2616 2639/4382/2621 2638/4381/2620
f 2641/4383/2622 2639/4382/2621 2637/4380/2616
f 2640/4384/2618 2641/4383/2622 2637/4380/2616
f 2637/4373/2616 2642/4385/2619 2634/4371/2615
f 2642/4385/2619 2643/4386/2623 2644/4387/2624
f 2642/4385/2619 2645/4388/2625 2643/4386/2623
f 2642/4385/2619 2644/4387/2624 2634/4371/2615
f 2645/4389/2625 2642/4379/2619 2646/4390/2626
f 2642/4379/2619 2638/4381/2620 2646/4390/2626
f 2647/4391/2627 2645/4392/2625 2646/4393/2626
f 1494/2416/1489 2646/4393/2626 1497/2418/1491
f 2647/4391/2627 2646/4393/2626 1494/2416/1489
f 2638/4381/2620 1497/4394/1491 2646/4390/2626
f 2647/4395/2627 2650/4396/2628 2648/4397/2629
f 2647/4395/2627 2648/4397/2629 2649/4398/2630
f 2645/4392/2625 2647/4391/2627 2649/4399/2630
f 1494/2416/1489 2650/4400/2628 2647/4391/2627
f 2650/4400/2628 1494/2416/1489 1492/2415/1488
f 2651/4401/2631 2650/4400/2628 1492/2415/1488
f 2648/4397/2629 2650/4396/2628 2651/4402/2631
f 2652/4403/2632 2651/4401/2631 1492/2415/1488
f 2648/4397/2629 2651/4402/2631 2652/4404/2632
f 2654/4405/2633 2653/4406/2634 2652/4403/2632
f 2652/4404/2632 2653/4407/2634 2655/4408/821
f 2655/4408/821 2648/4397/2629 2652/4404/2632
f 2652/4403/2632 1493/2414/1487 2654/4405/2633
f 1492/2415/1488 1493/2414/1487 2652/4403/2632
f 2658/4409/2635 2129/3573/821 2655/4408/821
f 2129/3573/821 2137/3592/821 2655/4408/821
f 2655/4408/821 2137/3592/821 2659/4410/2636
f 2653/4407/2634 2656/4411/2637 2655/4408/821
f 2657/4412/821 2655/4408/821 2656/4411/2637
f 2655/4408/821 2657/4412/821 2658/4409/2635
f 2660/4413/2638 2648/4397/2629 2655/4408/821
f 2659/4410/2636 2660/4413/2638 2655/4408/821
f 2662/4414/2639 2661/4415/2640 2660/4416/2638
f 2648/4397/2629 2660/4413/2638 2661/4417/2640
f 2663/4418/2641 2660/4416/2638 2659/4419/2636
f 2660/4416/2638 2663/4418/2641 2662/4414/2639
f 2664/4420/2642 2665/4421/2643 2663/4422/2641
f 2663/4422/2641 2659/4423/2636 2664/4420/2642
f 2666/4424/2644 2662/4425/2639 2663/4426/2641
f 2666/4424/2644 2663/4426/2641 2665/4427/2643
f 2666/4424/2644 2665/4427/2643 2667/4428/2645
f 2666/4424/2644 2667/4428/2645 2668/4429/2646
f 2666/4424/2644 2668/4429/2646 2662/4425/2639
f 2661/4415/2640 2662/4414/2639 2668/4430/2646
f 2668/4431/2646 2669/4432/2647 2661/4433/2640
f 2669/4432/2647 2668/4431/2646 2667/4434/2645
f 2669/4435/2647 2147/3607/2128 2670/4436/2648
f 2661/4417/2640 2669/4435/2647 2670/4436/2648
f 2667/4437/2645 2671/4438/2649 2669/4439/2647
f 2147/3607/2128 2669/4435/2647 2671/4440/2649
f 2137/3592/821 2147/3607/2128 2671/4440/2649
f 2671/4440/2649 2664/4441/2642 2137/3592/821
f 2671/4438/2649 2667/4437/2645 2665/4421/2643
f 2665/4421/2643 2664/4420/2642 2671/4438/2649
f 2670/4436/2648 2648/4397/2629 2661/4417/2640
f 2672/4442/2650 2670/4443/2648 2147/4444/2128
f 2673/4445/2651 2670/4443/2648 2672/4442/2650
f 2648/4446/2629 2670/4447/2648 2673/4448/2651
f 2674/4449/2652 2673/4450/2651 2676/4451/2653
f 2673/4448/2651 2674/4452/2652 2648/4446/2629
f 2675/4453/2654 2673/4450/2651 2672/4454/2650
f 2676/4451/2653 2673/4450/2651 2675/4453/2654
f 2676/4451/2653 2677/4455/2655 2674/4449/2652
f 2677/4455/2655 2676/4451/2653 2679/4456/2656
f 2675/4453/2654 2678/4457/2657 2676/4451/2653
f 2676/4451/2653 2678/4457/2657 2680/4458/2658
f 2680/4458/2658 2679/4456/2656 2676/4451/2653
f 2683/4459/2659 2679/4456/2656 2680/4458/2658
f 2680/4460/2658 2681/4461/2660 2682/4462/2661
f 2678/4463/2657 2681/4461/2660 2680/4460/2658
f 2680/4460/2658 2682/4462/2661 2683/4464/2659
f 2683/4464/2659 2684/4465/2662 2687/4466/2663
f 2684/4465/2662 2683/4464/2659 2682/4462/2661
f 2685/4467/2664 2683/4464/2659 2687/4466/2663
f 2683/4459/2659 2685/4468/2664 2686/4469/2665
f 2683/4459/2659 2686/4469/2665 2679/4456/2656
f 2685/4467/2664 2687/4466/2663 2690/4470/2666
f 2689/4471/2667 2687/4466/2663 2688/4472/2668
f 2691/4473/2669 2688/4472/2668 2687/4466/2663
f 2689/4471/2667 2690/4470/2666 2687/4466/2663
f 2687/4466/2663 2684/4465/2662 2691/4473/2669
f 2597/4306/2577 2691/4473/2669 2692/4474/2670
f 2691/4473/2669 2597/4306/2577 2594/4304/2575
f 2691/4473/2669 2684/4465/2662 2692/4474/2670
f 2591/4300/2571 2688/4472/2668 2691/4473/2669
f 2691/4473/2669 2594/4304/2575 2591/4300/2571
f 2597/4306/2577 2692/4474/2670 2693/4475/2671
f 2684/4465/2662 2682/4462/2661 2692/4474/2670
f 2682/4462/2661 2693/4475/2671 2692/4474/2670
f 2693/4475/2671 2682/4462/2661 2694/4476/2672
f 2696/4477/2673 2693/4475/2671 2694/4476/2672
f 2597/4306/2577 2693/4475/2671 2695/4478/2674
f 2693/4475/2671 2696/4477/2673 2695/4478/2674
f 2696/4477/2673 2694/4476/2672 2697/4479/2675
f 2697/4479/2675 2151/3612/2131 2696/4477/2673
f 2696/4477/2673 2698/4480/2676 2695/4478/2674
f 2696/4477/2673 2152/3613/2132 2698/4480/2676
f 2151/3612/2131 2152/3613/2132 2696/4477/2673
f 2600/4310/2581 2698/4480/2676 2699/4481/2677
f 2601/4309/2580 2698/4480/2676 2600/4310/2581
f 2698/4480/2676 2601/4309/2580 2695/4478/2674
f 2698/4480/2676 2152/3613/2132 2248/3768/2228
f 2700/4482/2678 2699/4481/2677 2698/4480/2676
f 2248/3768/2228 2700/4482/2678 2698/4480/2676
f 2700/4482/2678 2248/3768/2228 2249/3769/2229
f 2249/3769/2229 2701/4483/2679 2700/4482/2678
f 2702/4484/2680 2700/4482/2678 2701/4483/2679
f 2702/4484/2680 2699/4481/2677 2700/4482/2678
f 2703/4485/2681 2704/4486/2682 2702/4487/2680
f 2702/4488/2680 2705/4489/2683 2703/4490/2681
f 2706/4491/2684 2702/4487/2680 2704/4486/2682
f 2705/4492/2683 2702/4484/2680 2701/4483/2679
f 2699/4481/2677 2702/4484/2680 2706/4493/2684
f 2609/4332/2591 2706/4491/2684 2610/4331/2590
f 2699/4481/2677 2706/4493/2684 2609/4494/2591
f 2707/4495/2685 2706/4491/2684 2704/4486/2682
f 2707/4495/2685 2610/4331/2590 2706/4491/2684
f 2621/4349/2601 2707/4496/2685 2708/4497/2686
f 2704/4486/2682 2708/4498/2686 2707/4495/2685
f 2613/4336/2594 2610/4334/2590 2707/4496/2685
f 2707/4496/2685 2621/4349/2601 2613/4336/2594
f 2708/4497/2686 2710/4499/2687 2621/4349/2601
f 2708/4497/2686 2709/4500/2688 2711/4501/2689
f 2708/4497/2686 2704/4502/2682 2709/4500/2688
f 2711/4501/2689 2710/4499/2687 2708/4497/2686
f 2711/4501/2689 2709/4500/2688 2714/4503/2690
f 2713/4504/2691 2711/4501/2689 2712/4505/2692
f 2712/4505/2692 2711/4501/2689 2715/4506/2693
f 2711/4501/2689 2713/4504/2691 2623/4351/2603
f 2623/4351/2603 2710/4499/2687 2711/4501/2689
f 2711/4501/2689 2714/4503/2690 2715/4506/2693
f 2712/4505/2692 2715/4506/2693 2716/4507/2694
f 2718/4508/2695 2716/4507/2694 2715/4506/2693
f 2717/4509/2696 2715/4506/2693 2714/4503/2690
f 2717/4509/2696 2718/4508/2695 2715/4506/2693
f 2719/4510/2697 2721/4511/2698 2718/4508/2695
f 2720/4512/2699 2719/4513/2697 2718/4514/2695
f 2718/4508/2695 2717/4509/2696 2720/4515/2699
f 2721/4516/2698 2723/4517/2700 2718/4518/2695
f 2716/4507/2694 2718/4508/2695 2722/4519/2701
f 2722/4520/2701 2718/4518/2695 2723/4517/2700
f 2721/4521/2698 2724/4522/2702 2723/4523/2700
f 2725/4524/2703 2723/4517/2700 2724/4525/2702
f 2723/4517/2700 2725/4524/2703 2722/4520/2701
f 2724/4525/2702 2641/4526/2622 2725/4524/2703
f 2726/4527/2704 2725/4524/2703 2641/4526/2622
f 2725/4524/2703 2726/4527/2704 2722/4520/2701
f 2727/4528/2705 2726/4527/2704 2640/4378/2618
f 2641/4526/2622 2640/4378/2618 2726/4527/2704
f 2726/4527/2704 2727/4528/2705 2728/4529/2706
f 2728/4529/2706 2722/4520/2701 2726/4527/2704
f 2728/4530/2706 2439/4070/2419 2729/4531/2707
f 2728/4530/2706 2731/4532/2708 2439/4070/2419
f 2722/4519/2701 2728/4530/2706 2729/4531/2707
f 2731/4533/2708 2728/4529/2706 2730/4534/2709
f 2727/4528/2705 2730/4534/2709 2728/4529/2706
f 2443/4535/2423 2731/4533/2708 2732/4536/2710
f 2733/4537/2711 2732/4536/2710 2731/4533/2708
f 2730/4534/2709 2733/4537/2711 2731/4533/2708
f 2731/4532/2708 2443/4077/2423 2439/4070/2419
f 2636/4377/2617 2733/4537/2711 2640/4378/2618
f 2636/4377/2617 2734/4538/2712 2733/4537/2711
f 2640/4378/2618 2733/4537/2711 2730/4534/2709
f 2732/4536/2710 2733/4537/2711 2734/4538/2712
f 2734/4538/2712 2636/4377/2617 2736/4539/2713
f 2734/4538/2712 2735/4540/2714 2732/4536/2710
f 2736/4539/2713 2735/4540/2714 2734/4538/2712
f 2735/4540/2714 2736/4539/2713 2737/4541/2715
f 2737/4542/2715 2736/4543/2713 2738/4544/2716
f 2738/4545/2716 2736/4546/2713 2740/4547/2717
f 2741/4548/2718 2739/4549/2719 2736/4546/2713
f 2739/4549/2719 2740/4547/2717 2736/4546/2713
f 2736/4546/2713 2636/4374/2617 2741/4548/2718
f 2629/4367/2609 2741/4548/2718 2636/4374/2617
f 2741/4548/2718 2629/4367/2609 2750/4550/2720
f 2741/4548/2718 2751/4551/2721 2742/4552/2722
f 2742/4552/2722 2743/4553/2723 2741/4548/2718
f 2741/4548/2718 2743/4553/2723 2748/4554/2724
f 2741/4548/2718 2744/4555/2725 2745/4556/2726
f 2741/4548/2718 2749/4557/2727 2744/4555/2725
f 2746/4558/2728 2741/4548/2718 2745/4556/2726
f 2746/4558/2728 2747/4559/2729 2741/4548/2718
f 2747/4559/2729 2739/4549/2719 2741/4548/2718
f 2749/4557/2727 2741/4548/2718 2748/4554/2724
f 2750/4550/2720 2751/4551/2721 2741/4548/2718
f 2755/4560/2730 2751/4561/2721 2752/4562/2731
f 2753/4563/2732 2752/4562/2731 2751/4561/2721
f 2751/4564/2721 2750/4565/2720 2753/4566/2732
f 2751/4551/2721 2755/4567/2730 2635/4369/2614
f 2754/4568/2733 2751/4551/2721 2635/4369/2614
f 2754/4568/2733 2742/4552/2722 2751/4551/2721
f 2752/4562/2731 2628/4569/2606 2755/4560/2730
f 2755/4567/2730 2630/4364/2610 2635/4369/2614
f 2630/4361/2610 2755/4570/2730 2628/4355/2606
f 2635/4369/2614 2757/4571/2734 2754/4568/2733
f 2756/4572/2735 2758/4573/2736 2754/4574/2733
f 2754/4574/2733 2757/4575/2734 2756/4572/2735
f 2742/4576/2722 2754/4574/2733 2758/4573/2736
f 2758/4573/2736 2753/4577/2732 2761/4578/2737
f 2758/4573/2736 2756/4572/2735 2753/4577/2732
f 2758/4579/2736 2759/4580/2738 2742/4581/2722
f 2759/4582/2738 2758/4573/2736 2760/4583/2739
f 2758/4573/2736 2761/4578/2737 2760/4583/2739
f 2761/4584/2737 2753/4566/2732 2750/4565/2720
f 2760/4583/2739 2761/4578/2737 2627/4357/2608
f 2627/4585/2608 2761/4584/2737 2629/4586/2609
f 2750/4565/2720 2629/4586/2609 2761/4584/2737
f 2626/4356/2607 2760/4583/2739 2627/4357/2608
f 2760/4587/2739 2626/4588/2607 2764/4589/2740
f 2763/4590/2741 2760/4587/2739 2762/4591/2742
f 2764/4589/2740 2762/4591/2742 2760/4587/2739
f 2760/4583/2739 2763/4592/2741 2759/4582/2738
f 2765/4593/2743 2764/4589/2740 2626/4588/2607
f 2764/4589/2740 2765/4593/2743 2766/4594/2744
f 2767/4595/2745 2764/4589/2740 2766/4594/2744
f 2762/4591/2742 2764/4589/2740 2767/4595/2745
f 2768/4596/2746 2769/4597/2747 2767/4595/2745
f 2766/4594/2744 2768/4596/2746 2767/4595/2745
f 2767/4595/2745 2769/4597/2747 2770/4598/2748
f 2767/4595/2745 2770/4598/2748 2762/4591/2742
f 2770/4598/2748 2769/4597/2747 2763/4590/2741
f 2762/4591/2742 2770/4598/2748 2763/4590/2741
f 2768/4596/2746 2772/4599/2749 2769/4597/2747
f 2771/4600/2750 2763/4590/2741 2769/4597/2747
f 2769/4597/2747 2772/4599/2749 2771/4600/2750
f 2772/4599/2749 2768/4596/2746 2439/4601/2419
f 2441/4075/2421 2772/4599/2749 2439/4601/2419
f 2773/4602/2751 2772/4599/2749 2441/4075/2421
f 2772/4599/2749 2773/4602/2751 2771/4600/2750
f 2441/4075/2421 2774/4603/2752 2773/4602/2751
f 2774/4603/2752 2771/4600/2750 2773/4602/2751
f 2440/4074/2422 2774/4603/2752 2441/4075/2421
f 2440/4074/2422 2436/4063/2415 2774/4603/2752
f 2774/4603/2752 2436/4063/2415 2433/4062/2413
f 2771/4600/2750 2774/4603/2752 2775/4604/2753
f 2774/4603/2752 2433/4062/2413 2776/4605/2754
f 2776/4605/2754 2775/4604/2753 2774/4603/2752
f 2435/4060/2414 2776/4606/2754 2433/4059/2413
f 2776/4607/2754 2435/4608/2414 2777/4609/2755
f 2775/4610/2753 2776/4607/2754 2740/4611/2717
f 2777/4609/2755 2740/4611/2717 2776/4607/2754
f 2778/4612/2756 2777/4613/2755 2435/4614/2414
f 2738/4545/2716 2777/4615/2755 2778/4616/2756
f 2740/4547/2717 2777/4615/2755 2738/4545/2716
f 2780/4617/2757 2778/4618/2756 2779/4619/2758
f 2435/4614/2414 2779/4620/2758 2778/4612/2756
f 2781/4621/2759 2778/4616/2756 2780/4622/2757
f 2778/4616/2756 2781/4621/2759 2738/4545/2716
f 2782/4623/2760 2781/4624/2759 2789/4625/2761
f 2783/4626/2762 2781/4624/2759 2782/4623/2760
f 2781/4621/2759 2783/4627/2762 2738/4545/2716
f 2749/4557/2727 2781/4621/2759 2785/4628/2763
f 2781/4624/2759 2749/4629/2727 2788/4630/2764
f 2788/4630/2764 2784/4631/2765 2781/4624/2759
f 2784/4631/2765 2789/4625/2761 2781/4624/2759
f 2785/4628/2763 2781/4621/2759 2786/4632/2766
f 2781/4621/2759 2787/4633/2767 2786/4632/2766
f 2787/4633/2767 2781/4621/2759 2780/4622/2757
f 2790/4634/2768 2789/4625/2761 2791/4635/2769
f 2789/4625/2761 2790/4634/2768 2782/4623/2760
f 2792/4636/2770 2789/4637/2761 2784/4638/2765
f 2792/4636/2770 2791/4639/2769 2789/4637/2761
f 2784/4638/2765 2793/4640/2771 2792/4636/2770
f 2793/4640/2771 2794/4641/2772 2792/4636/2770
f 2794/4642/2772 2796/4643/2773 2792/4644/2770
f 2792/4636/2770 2795/4645/2774 2791/4639/2769
f 2792/4644/2770 2796/4643/2773 2795/4646/2774
f 2796/4643/2773 2798/4647/2775 2797/4648/2776
f 2796/4643/2773 2797/4648/2776 2799/4649/2777
f 2801/4650/2778 2798/4647/2775 2796/4643/2773
f 2799/4649/2777 2800/4651/2779 2796/4643/2773
f 2795/4646/2774 2796/4643/2773 2800/4651/2779
f 2794/4642/2772 2801/4650/2778 2796/4643/2773
f 2798/4647/2775 2801/4650/2778 2802/4652/2780
f 2803/4653/2781 2802/4654/2780 2801/4655/2778
f 2801/4655/2778 2794/4641/2772 2803/4653/2781
f 2788/4656/2764 2804/4657/2782 2803/4653/2781
f 2803/4653/2781 2804/4657/2782 2805/4658/2783
f 2788/4656/2764 2803/4653/2781 2793/4640/2771
f 2802/4654/2780 2803/4653/2781 2805/4658/2783
f 2794/4641/2772 2793/4640/2771 2803/4653/2781
f 2806/4659/2784 2805/4660/2783 2807/4661/2785
f 2805/4658/2783 2806/4662/2784 2802/4654/2780
f 2807/4663/2785 2805/4658/2783 2804/4657/2782
f 2635/4664/2614 2633/4665/2613 2807/4661/2785
f 2648/4397/2629 2807/4661/2785 2633/4665/2613
f 2635/4664/2614 2807/4661/2785 2804/4666/2782
f 2677/4455/2655 2807/4661/2785 2674/4449/2652
f 2807/4661/2785 2677/4455/2655 2808/4667/2786
f 2807/4661/2785 2808/4667/2786 2806/4659/2784
f 2674/4668/2652 2807/4669/2785 2648/4670/2629
f 2677/4455/2655 2809/4671/2787 2808/4667/2786
f 2811/4672/2788 2808/4667/2786 2809/4671/2787
f 2810/4673/2789 2806/4659/2784 2808/4667/2786
f 2808/4667/2786 2811/4672/2788 2810/4673/2789
f 2813/4674/2790 2812/4675/2791 2811/4672/2788
f 2810/4673/2789 2811/4672/2788 2812/4675/2791
f 2809/4671/2787 2813/4674/2790 2811/4672/2788
f 2816/4676/2792 2812/4675/2791 2813/4674/2790
f 2814/4677/2793 2813/4674/2790 2815/4678/2794
f 2813/4674/2790 2814/4677/2793 2816/4676/2792
f 2809/4671/2787 2815/4678/2794 2813/4674/2790
f 2797/4648/2776 2816/4676/2792 2814/4677/2793
f 2816/4676/2792 2797/4648/2776 2798/4647/2775
f 2812/4675/2791 2816/4676/2792 2798/4647/2775
f 2815/4678/2794 2817/4679/2795 2818/4680/2796
f 2819/4681/2797 2817/4679/2795 2815/4678/2794
f 2820/4682/2798 2815/4678/2794 2818/4680/2796
f 2815/4678/2794 2820/4682/2798 2814/4677/2793
f 2815/4678/2794 2809/4671/2787 2819/4681/2797
f 2822/4683/2799 2814/4677/2793 2820/4682/2798
f 2821/4684/2800 2820/4682/2798 2823/4685/2801
f 2820/4682/2798 2821/4684/2800 2822/4683/2799
f 2820/4682/2798 2818/4680/2796 2823/4685/2801
f 2825/4686/2802 2823/4685/2801 2818/4680/2796
f 2824/4687/2803 2823/4685/2801 2827/4688/2804
f 2824/4687/2803 2821/4684/2800 2823/4685/2801
f 2825/4686/2802 2826/4689/2805 2823/4685/2801
f 2826/4689/2805 2827/4688/2804 2823/4685/2801
f 2827/4688/2804 2826/4689/2805 2830/4690/2806
f 2828/4691/2807 2827/4688/2804 2829/4692/2808
f 2827/4688/2804 2828/4691/2807 2824/4687/2803
f 2830/4690/2806 2829/4692/2808 2827/4688/2804
f 2826/4689/2805 2825/4686/2802 2830/4690/2806
f 2829/4693/2808 2830/4694/2806 2832/4695/2809
f 2830/4694/2806 2831/4696/2810 2833/4697/2811
f 2831/4698/2810 2830/4690/2806 2825/4686/2802
f 2833/4697/2811 2832/4695/2809 2830/4694/2806
f 2833/4699/2811 2834/4700/2812 2835/4701/2813
f 2834/4702/2812 2833/4697/2811 2831/4696/2810
f 2835/4701/2813 2836/4703/2814 2833/4699/2811
f 2836/4703/2814 2837/4704/2815 2833/4699/2811
f 2832/4705/2809 2833/4699/2811 2837/4704/2815
f 2837/4704/2815 2836/4703/2814 2839/4706/2816
f 2838/4707/2817 2837/4704/2815 2839/4706/2816
f 2837/4708/2815 2838/4709/2817 2832/4710/2809
f 2841/4711/2818 2839/4706/2816 2836/4703/2814
f 2839/4706/2816 2840/4712/2819 2838/4707/2817
f 2840/4713/2819 2839/4714/2816 2368/3968/2348
f 2839/4714/2816 2841/4715/2818 2348/3931/2328
f 2348/3931/2328 2368/3968/2348 2839/4714/2816
f 2836/4703/2814 2835/4701/2813 2841/4711/2818
f 2347/4716/2327 2841/4711/2818 2842/4717/2820
f 2835/4701/2813 2842/4717/2820 2841/4711/2818
f 2841/4715/2818 2347/3930/2327 2348/3931/2328
f 2842/4717/2820 2835/4701/2813 2834/4700/2812
f 2843/4718/2821 2842/4717/2820 2834/4700/2812
f 2842/4717/2820 2843/4718/2821 2347/4716/2327
f 2844/4719/2822 2843/4718/2821 2834/4700/2812
f 2843/4718/2821 2844/4719/2822 2347/4716/2327
f 2845/4720/2823 2844/4721/2822 2834/4722/2812
f 2844/4719/2822 2845/4723/2823 2343/4724/2325
f 2343/4724/2325 2347/4716/2327 2844/4719/2822
f 2834/4725/2812 2846/4726/2824 2845/4727/2823
f 2344/3926/2323 2845/4728/2823 2846/4729/2824
f 2845/4728/2823 2344/3926/2323 2343/3928/2325
f 2846/4729/2824 2834/4702/2812 2847/4730/2825
f 2846/4729/2824 2338/3919/2319 2344/3926/2323
f 2338/3919/2319 2846/4729/2824 2848/4731/2826
f 2846/4729/2824 2847/4730/2825 2848/4731/2826
f 2588/4297/2568 2848/4732/2826 2689/4471/2667
f 2690/4470/2666 2689/4471/2667 2848/4732/2826
f 2848/4733/2826 2847/4734/2825 2690/4735/2666
f 2848/4731/2826 2588/4296/2568 2338/3919/2319
f 2849/4736/2827 2690/4735/2666 2847/4734/2825
f 2847/4734/2825 2850/4737/2828 2849/4736/2827
f 2850/4738/2828 2847/4730/2825 2834/4702/2812
f 2851/4739/2829 2849/4736/2827 2850/4737/2828
f 2831/4696/2810 2850/4738/2828 2834/4702/2812
f 2850/4737/2828 2831/4698/2810 2851/4739/2829
f 2852/4740/2830 2853/4741/2831 2851/4739/2829
f 2851/4739/2829 2854/4742/2832 2852/4740/2830
f 2849/4736/2827 2851/4739/2829 2853/4741/2831
f 2854/4742/2832 2851/4739/2829 2831/4698/2810
f 2855/4743/2833 2852/4740/2830 2854/4742/2832
f 2854/4742/2832 2825/4686/2802 2855/4743/2833
f 2825/4686/2802 2854/4742/2832 2831/4698/2810
f 2852/4740/2830 2855/4743/2833 2817/4679/2795
f 2818/4680/2796 2817/4679/2795 2855/4743/2833
f 2818/4680/2796 2855/4743/2833 2825/4686/2802
f 2853/4741/2831 2852/4740/2830 2817/4679/2795
f 2817/4679/2795 2686/4469/2665 2853/4741/2831
f 2853/4741/2831 2686/4469/2665 2685/4468/2664
f 2849/4736/2827 2853/4741/2831 2685/4468/2664
f 2690/4735/2666 2849/4736/2827 2685/4468/2664
f 2856/4744/2834 2838/4707/2817 2840/4712/2819
f 2857/4745/2835 2856/4744/2834 2840/4712/2819
f 2840/4712/2819 2377/4746/2357 2857/4745/2835
f 2377/3966/2357 2840/4713/2819 2368/3968/2348
f 2856/4744/2834 2857/4745/2835 2832/4705/2809
f 2858/4747/2836 2857/4745/2835 2377/4746/2357
f 2857/4745/2835 2858/4747/2836 2832/4705/2809
f 2859/4748/2837 2858/4747/2836 2377/4746/2357
f 2858/4747/2836 2859/4748/2837 1223/2035/1218
f 1223/2035/1218 2832/4705/2809 2858/4747/2836
f 2860/4749/2838 2859/4748/2837 2376/4750/2356
f 2859/4748/2837 2860/4749/2838 1223/2035/1218
f 2377/4746/2357 2376/4750/2356 2859/4748/2837
f 2861/4751/2839 2860/4749/2838 2376/4750/2356
f 2860/4749/2838 2861/4751/2839 1223/2035/1218
f 1224/2036/1220 2861/4751/2839 2862/4752/2840
f 2861/4751/2839 1224/2036/1220 1223/2035/1218
f 2376/4750/2356 2862/4752/2840 2861/4751/2839
f 1232/2047/1227 1231/2046/1226 2862/4753/2840
f 2862/4752/2840 1231/2044/1226 1225/2037/1221
f 2862/4753/2840 2376/3965/2356 1232/2047/1227
f 1225/2037/1221 1224/2036/1220 2862/4752/2840
f 2838/4707/2817 2856/4744/2834 2832/4705/2809
f 2832/4695/2809 1223/2030/1218 2829/4693/2808
f 2863/4754/2841 2829/4693/2808 1223/2030/1218
f 2829/4692/2808 2863/4755/2841 2828/4691/2807
f 1221/2029/1216 2863/4754/2841 1223/2030/1218
f 2863/4755/2841 1221/2026/1216 2864/4756/2842
f 2865/4757/2843 2828/4691/2807 2863/4755/2841
f 2864/4756/2842 2865/4757/2843 2863/4755/2841
f 2828/4691/2807 2865/4757/2843 2866/4758/2844
f 2865/4757/2843 2864/4756/2842 2867/4759/2845
f 2867/4759/2845 2866/4758/2844 2865/4757/2843
f 2869/4760/2846 2868/4761/2847 2867/4759/2845
f 2866/4758/2844 2867/4759/2845 2868/4761/2847
f 2869/4760/2846 2867/4759/2845 2864/4756/2842
f 2871/4762/2848 2869/4760/2846 2864/4756/2842
f 2869/4760/2846 2870/4763/2849 2868/4761/2847
f 2870/4763/2849 2869/4760/2846 2872/4764/2850
f 2871/4762/2848 2872/4764/2850 2869/4760/2846
f 2872/4764/2850 2873/4765/2851 2870/4763/2849
f 2873/4765/2851 2872/4764/2850 2874/4766/2852
f 2874/4766/2852 2872/4764/2850 2875/4767/2853
f 1218/2024/1214 2875/4767/2853 2872/4764/2850
f 2871/4762/2848 1218/2024/1214 2872/4764/2850
f 2874/4766/2852 2875/4767/2853 2876/4768/2854
f 2876/4768/2854 2875/4767/2853 2877/4769/2855
f 2875/4767/2853 1218/2024/1214 1216/2021/1212
f 1216/2021/1212 2878/4770/2856 2875/4767/2853
f 2877/4769/2855 2875/4767/2853 2878/4770/2856
f 2879/4771/2857 2877/4772/2855 2878/4773/2856
f 2879/4771/2857 2878/4773/2856 1214/2016/1209
f 2878/4770/2856 1216/2021/1212 1214/2022/1209
f 2881/4774/2858 2877/4772/2855 2879/4771/2857
f 2879/4771/2857 1213/2015/1208 2880/4775/2859
f 2880/4775/2859 1188/1985/1183 2879/4771/2857
f 2879/4771/2857 1188/1985/1183 2881/4774/2858
f 1213/2015/1208 2879/4771/2857 1214/2016/1209
f 2881/4774/2858 2882/4776/2860 2877/4772/2855
f 1178/1976/1174 2882/4776/2860 2881/4774/2858
f 2881/4774/2858 1182/1980/1178 1178/1976/1174
f 2881/4774/2858 1188/1985/1183 1182/1980/1178
f 2882/4777/2860 2883/4778/2861 2877/4769/2855
f 2884/4779/2862 2883/4780/2861 2882/4776/2860
f 2882/4776/2860 1178/1976/1174 2884/4779/2862
f 2883/4778/2861 2884/4781/2862 2885/4782/2863
f 2885/4783/2863 2884/4779/2862 2886/4784/2864
f 2887/4785/2865 2886/4784/2864 2884/4779/2862
f 2887/4785/2865 2884/4779/2862 1175/1972/1170
f 2884/4779/2862 1178/1976/1174 1175/1972/1170
f 1175/1972/1170 2888/4786/2866 2887/4785/2865
f 2887/4785/2865 2888/4786/2866 2889/4787/2867
f 2889/4787/2867 2890/4788/2868 2887/4785/2865
f 2890/4788/2868 2886/4784/2864 2887/4785/2865
f 2890/4788/2868 2891/4789/2869 2886/4784/2864
f 2891/4790/2869 2890/4791/2868 2892/4792/2870
f 2890/4791/2868 2893/4793/2871 2892/4792/2870
f 1129/1916/821 2890/4791/2868 2895/4794/2872
f 2890/4791/2868 1129/1916/821 2893/4793/2871
f 2890/4791/2868 2889/4795/2867 2894/4796/2873
f 2894/4796/2873 2895/4794/2872 2890/4791/2868
f 2895/4794/2872 1134/1921/1129 1129/1916/821
f 2895/4797/2872 2894/4798/2873 1174/1971/1169
f 1134/1923/1129 2895/4797/2872 1137/1924/1130
f 1174/1971/1169 1137/1924/1130 2895/4797/2872
f 2894/4798/2873 2889/4787/2867 2888/4786/2866
f 2894/4798/2873 2888/4786/2866 1174/1971/1169
f 1129/1916/821 2896/4799/2874 2893/4793/2871
f 2892/4800/2870 2893/4801/2871 2897/4802/2875
f 2893/4801/2871 2896/4803/2874 2897/4802/2875
f 2897/4804/2875 2898/4805/2876 2900/4806/2877
f 2898/4807/2876 2897/4802/2875 2896/4803/2874
f 2900/4806/2877 2899/4808/2878 2897/4804/2875
f 2892/4800/2870 2897/4802/2875 2899/4809/2878
f 2898/4805/2876 2902/4810/2879 2900/4806/2877
f 2901/4811/2880 2899/4808/2878 2900/4806/2877
f 2902/4810/2879 2901/4811/2880 2900/4806/2877
f 2902/4812/2879 2898/4813/2876 2904/4814/2881
f 2904/4814/2881 2903/4815/2882 2902/4812/2879
f 2901/4816/2880 2902/4812/2879 2903/4815/2882
f 2904/4817/2881 2906/4818/2883 2782/4623/2760
f 2782/4623/2760 2903/4819/2882 2904/4817/2881
f 2896/4820/2874 2904/4814/2881 2898/4813/2876
f 2904/4817/2881 2896/4799/2874 2905/4821/2884
f 2904/4817/2881 2905/4821/2884 2906/4818/2883
f 2906/4822/2883 2905/4823/2884 2908/4824/2885
f 2906/4818/2883 2783/4626/2762 2782/4623/2760
f 2908/4824/2885 2907/4825/2886 2906/4822/2883
f 2783/4627/2762 2906/4826/2883 2907/4827/2886
f 2909/4828/2887 2908/4824/2885 2905/4823/2884
f 2910/4829/2888 2908/4830/2885 2909/4831/2887
f 2910/4829/2888 2907/4832/2886 2908/4830/2885
f 2909/4831/2887 2911/4833/2889 2910/4829/2888
f 2910/4834/2888 2911/4835/2889 2912/4836/2890
f 2910/4829/2888 2737/4542/2715 2738/4544/2716
f 2910/4829/2888 2738/4544/2716 2907/4832/2886
f 2910/4834/2888 2912/4836/2890 2913/4837/2891
f 2737/4838/2715 2910/4839/2888 2913/4840/2891
f 2916/4841/2892 2914/4842/2893 2913/4840/2891
f 2913/4840/2891 2914/4842/2893 2737/4838/2715
f 2913/4840/2891 2912/4843/2890 2915/4844/2894
f 2913/4840/2891 2915/4844/2894 2916/4841/2892
f 2914/4842/2893 2916/4841/2892 2919/4845/2895
f 2915/4846/2894 2917/4847/2896 2916/4848/2892
f 2916/4848/2892 2917/4847/2896 2918/4849/2897
f 2916/4850/2892 2918/4851/2897 2919/4852/2895
f 2735/4540/2714 2919/4852/2895 2921/4853/2898
f 2737/4838/2715 2919/4845/2895 2735/4854/2714
f 2919/4852/2895 2918/4851/2897 2920/4855/2899
f 2920/4855/2899 2921/4853/2898 2919/4852/2895
f 2914/4842/2893 2919/4845/2895 2737/4838/2715
f 2921/4853/2898 2920/4855/2899 2443/4535/2423
f 2921/4853/2898 2732/4536/2710 2735/4540/2714
f 2732/4536/2710 2921/4853/2898 2443/4535/2423
f 2444/4856/2424 2443/4535/2423 2920/4855/2899
f 2920/4855/2899 2918/4851/2897 2444/4856/2424
f 2922/4857/2900 2918/4849/2897 2917/4847/2896
f 2918/4849/2897 2922/4857/2900 2444/4858/2424
f 2922/4857/2900 2923/4859/2901 2447/4860/2426
f 2917/4847/2896 2923/4859/2901 2922/4857/2900
f 2447/4860/2426 2444/4858/2424 2922/4857/2900
f 2923/4859/2901 2924/4861/2902 2925/4862/2903
f 2924/4861/2902 2923/4859/2901 2915/4846/2894
f 2923/4859/2901 2917/4847/2896 2915/4846/2894
f 2923/4859/2901 2925/4862/2903 2447/4860/2426
f 2924/4861/2902 2926/4863/2904 2925/4862/2903
f 2925/4862/2903 2926/4863/2904 2927/4864/2905
f 2927/4864/2905 2447/4860/2426 2925/4862/2903
f 2447/4081/2426 2927/4865/2905 2446/4084/2427
f 2927/4865/2905 2454/4091/2434 2446/4084/2427
f 2454/4866/2434 2927/4864/2905 2928/4867/2906
f 2926/4863/2904 2928/4867/2906 2927/4864/2905
f 2931/4868/2907 2928/4867/2906 2929/4869/2908
f 2930/4870/2909 2929/4869/2908 2928/4867/2906
f 2928/4867/2906 2926/4863/2904 2930/4870/2909
f 2928/4867/2906 2931/4868/2907 2454/4866/2434
f 2929/4869/2908 2932/4871/2910 2931/4868/2907
f 2933/4872/2911 2931/4868/2907 2932/4871/2910
f 2931/4868/2907 2933/4872/2911 2455/4873/2435
f 2455/4873/2435 2454/4866/2434 2931/4868/2907
f 2935/4874/2912 2933/4872/2911 2934/4875/2913
f 2932/4871/2910 2934/4875/2913 2933/4872/2911
f 2933/4872/2911 2935/4874/2912 2455/4873/2435
f 2936/4876/2914 2935/4874/2912 1399/2292/1394
f 2934/4875/2913 1399/2292/1394 2935/4874/2912
f 2935/4874/2912 2936/4876/2914 2455/4873/2435
f 1399/2292/1394 1397/2289/1392 2936/4876/2914
f 2936/4877/2914 1395/2285/1390 1389/2280/1385
f 1395/2285/1390 2936/4877/2914 1397/2287/1392
f 1389/4878/1385 2455/4879/2435 2936/4880/2914
f 1399/2292/1394 2934/4875/2913 2937/4881/2915
f 2932/4871/2910 2937/4881/2915 2934/4875/2913
f 2938/4882/2916 1400/2293/1395 2937/4881/2915
f 2938/4882/2916 2937/4881/2915 2939/4883/2917
f 1400/2293/1395 1399/2292/1394 2937/4881/2915
f 2932/4871/2910 2939/4883/2917 2937/4881/2915
f 2939/4883/2917 2930/4870/2909 2940/4884/2918
f 2939/4883/2917 2940/4884/2918 2941/4885/2919
f 2941/4885/2919 2942/4886/2920 2939/4883/2917
f 2938/4882/2916 2939/4883/2917 2942/4886/2920
f 2939/4883/2917 2932/4871/2910 2929/4869/2908
f 2939/4883/2917 2929/4869/2908 2930/4870/2909
f 2943/4887/2921 2942/4886/2920 1447/2360/1443
f 2942/4886/2920 2941/4885/2919 1447/2360/1443
f 2942/4886/2920 2943/4887/2921 2938/4882/2916
f 2946/4888/2922 2943/4887/2921 1447/2360/1443
f 2944/4889/2923 2943/4887/2921 2946/4888/2922
f 2944/4889/2923 2945/4890/2924 2943/4887/2921
f 2945/4890/2924 2938/4882/2916 2943/4887/2921
f 1447/2360/1443 1443/2355/1438 2946/4888/2922
f 2946/4888/2922 2947/4891/2925 2944/4889/2923
f 2947/4891/2925 2946/4888/2922 1443/2355/1438
f 1408/2299/1400 1403/2297/1398 2947/4892/2925
f 2944/4889/2923 2947/4891/2925 1403/4893/1398
f 1425/2327/1420 1408/2299/1400 2947/4892/2925
f 1441/4894/1437 1425/2327/1420 2947/4892/2925
f 2947/4891/2925 1443/2355/1438 1444/2356/1439
f 2947/4892/2925 1444/4895/1439 1441/4894/1437
f 1400/2293/1395 2945/4890/2924 2944/4889/2923
f 2945/4890/2924 1400/2293/1395 2938/4882/2916
f 2944/4889/2923 1401/2294/1396 1400/2293/1395
f 2944/4889/2923 1403/4893/1398 1401/2294/1396
f 2948/4896/2926 2941/4885/2919 2940/4884/2918
f 1446/2358/1441 2941/4885/2919 2948/4896/2926
f 2941/4885/2919 1446/2358/1441 1447/2360/1443
f 1446/2358/1441 2948/4896/2926 2949/4897/2927
f 2940/4884/2918 2949/4897/2927 2948/4896/2926
f 1449/2359/1442 2949/4897/2927 2950/4898/2928
f 2950/4898/2928 2949/4897/2927 2951/4899/2929
f 2940/4884/2918 2951/4899/2929 2949/4897/2927
f 2949/4897/2927 1449/2359/1442 1446/2358/1441
f 2953/4900/2930 2951/4899/2929 2952/4901/2931
f 2951/4899/2929 2954/4902/2932 2952/4901/2931
f 2951/4899/2929 2953/4900/2930 2950/4898/2928
f 2940/4884/2918 2954/4902/2932 2951/4899/2929
f 2954/4902/2932 2940/4884/2918 2924/4861/2902
f 2954/4902/2932 2924/4861/2902 2957/4903/2933
f 2955/4904/2934 2956/4905/2935 2954/4902/2932
f 2957/4903/2933 2955/4904/2934 2954/4902/2932
f 2958/4906/2936 2954/4902/2932 2956/4905/2935
f 2952/4901/2931 2954/4902/2932 2958/4906/2936
f 2959/4907/2937 2952/4901/2931 2958/4906/2936
f 2960/4908/2938 2959/4907/2937 2958/4906/2936
f 2960/4908/2938 2958/4906/2936 2961/4909/2939
f 2961/4909/2939 2958/4906/2936 2956/4905/2935
f 2961/4909/2939 2962/4910/2940 2960/4908/2938
f 2964/4911/2941 2962/4910/2940 2961/4909/2939
f 2963/4912/2942 2961/4909/2939 2956/4905/2935
f 2961/4909/2939 2963/4912/2942 2964/4911/2941
f 2965/4913/2943 2962/4910/2940 2964/4911/2941
f 2963/4912/2942 2966/4914/2944 2964/4911/2941
f 2965/4913/2943 2964/4911/2941 2966/4914/2944
f 2967/4915/2945 2966/4914/2944 1126/1910/1123
f 2966/4914/2944 2967/4915/2945 2968/4916/2946
f 2963/4912/2942 1127/1911/1124 2966/4914/2944
f 2968/4916/2946 2965/4913/2943 2966/4914/2944
f 1126/1910/1123 2966/4914/2944 1127/1911/1124
f 2970/4917/2947 2968/4918/2946 2967/4919/2945
f 2969/4920/2948 2965/4913/2943 2968/4916/2946
f 2968/4916/2946 2970/4921/2947 2969/4920/2948
f 2971/4922/2949 2972/4923/2950 2970/4917/2947
f 2967/4919/2945 2971/4922/2949 2970/4917/2947
f 2970/4917/2947 2972/4923/2950 2969/4924/2948
f 2971/4922/2949 2974/4925/2951 2972/4923/2950
f 2972/4923/2950 1459/2374/1454 2973/4926/2952
f 2969/4924/2948 2972/4923/2950 2973/4926/2952
f 2974/4925/2951 2975/4927/2953 2972/4923/2950
f 1459/2374/1454 2972/4923/2950 1461/2376/1456
f 2972/4923/2950 2975/4927/2953 1461/2376/1456
f 2976/4928/2954 2977/4929/2955 2975/4927/2953
f 2975/4927/2953 2974/4925/2951 2976/4928/2954
f 2978/4930/2956 2975/4927/2953 2977/4929/2955
f 2975/4927/2953 2978/4930/2956 1461/2376/1456
f 2977/4929/2955 2979/4931/2957 2978/4930/2956
f 1462/2377/1457 1461/2376/1456 2978/4930/2956
f 1467/2382/1462 1462/2377/1457 2978/4930/2956
f 1467/2382/1462 2978/4930/2956 2979/4931/2957
f 2979/4931/2957 2980/4932/2958 1467/2382/1462
f 2979/4933/2957 2977/4934/2955 2981/4935/2959
f 2980/4936/2958 2979/4933/2957 2982/4937/2960
f 2981/4935/2959 2983/4938/2961 2979/4933/2957
f 2983/4938/2961 2982/4937/2960 2979/4933/2957
f 2982/4937/2960 2983/4938/2961 2985/4939/2962
f 2984/4940/2963 2985/4939/2962 2983/4938/2961
f 2983/4938/2961 2981/4935/2959 2984/4940/2963
f 2985/4939/2962 2077/3462/2060 2982/4937/2960
f 2985/4939/2962 2984/4940/2963 1616/4941/1612
f 2077/4942/2060 2985/4943/2962 1613/2579/1608
f 1616/2585/1612 1613/2579/1608 2985/4943/2962
f 2984/4944/2963 2986/4945/2964 1616/4946/1612
f 2986/4947/2964 2984/4940/2963 2981/4935/2959
f 1616/4941/1612 2986/4947/2964 2988/4948/2965
f 2981/4935/2959 2987/4949/2966 2986/4947/2964
f 2987/4949/2966 2988/4948/2965 2986/4947/2964
f 2987/4949/2966 2989/4950/2967 2988/4948/2965
f 2989/4950/2967 2990/4951/2968 2988/4948/2965
f 1616/4941/1612 2988/4948/2965 2990/4951/2968
f 2989/4950/2967 2991/4952/2969 2990/4951/2968
f 2991/4952/2969 2992/4953/2970 2990/4951/2968
f 1623/4954/1618 2990/4955/2968 2992/4956/2970
f 1623/4957/1618 1616/4941/1612 2990/4951/2968
f 2991/4952/2969 2993/4958/2971 2992/4953/2970
f 1622/4959/1617 2992/4953/2970 2993/4958/2971
f 2992/4953/2970 1622/4959/1617 1623/4957/1618
f 2994/4960/2972 2996/4961/2973 2993/4962/2971
f 2993/4962/2971 2991/4963/2969 2994/4960/2972
f 2993/4958/2971 2995/4964/2974 1622/4959/1617
f 2995/4965/2974 2993/4962/2971 2996/4961/2973
f 2997/4966/2975 2998/4967/2976 2996/4968/2973
f 2996/4968/2973 2994/4969/2972 2997/4966/2975
f 2999/4970/2977 2996/4968/2973 2998/4967/2976
f 2996/4961/2973 2999/4971/2977 2995/4965/2974
f 2998/4967/2976 3000/4972/2978 2999/4970/2977
f 3000/4973/2978 3001/4974/2979 2999/4975/2977
f 2999/4971/2977 3001/4976/2979 3002/4977/2980
f 3002/4977/2980 2995/4965/2974 2999/4971/2977
f 3003/4978/2981 3002/4977/2980 3001/4976/2979
f 2995/4979/2974 3002/4980/2980 1622/4981/1617
f 3002/4980/2980 1621/2593/1616 1622/4981/1617
f 3002/4980/2980 3003/4982/2981 1621/2593/1616
f 3001/4976/2979 3005/4983/2982 3003/4978/2981
f 3003/4982/2981 3004/4984/2983 1621/2593/1616
f 3004/4985/2983 3003/4978/2981 3005/4983/2982
f 3005/4986/2982 3001/4974/2979 1130/4987/1127
f 1130/4987/1127 1113/4988/1108 3005/4986/2982
f 3005/4983/2982 1106/1873/1104 3004/4985/2983
f 1106/1872/1104 3005/4986/2982 1113/4988/1108
f 3006/4989/2984 1621/2593/1616 3004/4984/2983
f 3004/4984/2983 1103/1867/1101 3006/4989/2984
f 1103/1868/1101 3004/4985/2983 1106/1873/1104
f 3006/4989/2984 1100/1862/1097 1069/2591/1066
f 1100/1862/1097 3006/4989/2984 1103/1867/1101
f 1621/2593/1616 3006/4989/2984 1069/2591/1066
f 1130/4987/1127 3001/4974/2979 3000/4973/2978
f 3000/4973/2978 1131/1913/1125 1130/4987/1127
f 1131/1913/1125 3000/4973/2978 1126/1910/1123
f 2967/4915/2945 1126/1910/1123 3000/4973/2978
f 2967/4915/2945 3000/4973/2978 2998/4990/2976
f 2998/4990/2976 2997/4991/2975 2971/4992/2949
f 2971/4992/2949 2967/4915/2945 2998/4990/2976
f 2997/4991/2975 2976/4993/2954 2971/4992/2949
f 2976/4994/2954 2997/4966/2975 2994/4969/2972
f 3007/4995/2985 2994/4960/2972 2991/4963/2969
f 2994/4969/2972 3007/4996/2985 2976/4994/2954
f 2987/4997/2966 3007/4995/2985 2989/4998/2967
f 3007/4996/2985 2987/4949/2966 2976/4994/2954
f 2991/4963/2969 2989/4998/2967 3007/4995/2985
f 2977/4934/2955 2976/4994/2954 2987/4949/2966
f 2987/4949/2966 2981/4935/2959 2977/4934/2955
f 3008/4999/2986 2982/4937/2960 2077/3462/2060
f 2982/4937/2960 3008/4999/2986 2980/4936/2958
f 3009/5000/2987 2980/4936/2958 3008/4999/2986
f 3008/4999/2986 2079/3464/2062 3009/5000/2987
f 3008/4999/2986 2078/3463/2061 2079/3464/2062
f 3008/4999/2986 2077/3462/2060 2078/3463/2061
f 1467/2382/1462 2980/4932/2958 3009/5001/2987
f 3010/5002/2988 3009/5000/2987 2079/3464/2062
f 3009/5001/2987 3010/5003/2988 1467/2382/1462
f 3010/5003/2988 3012/5004/2989 3011/5005/2990
f 3010/5003/2988 3011/5005/2990 1467/2382/1462
f 3010/5003/2988 3013/5006/2991 3012/5004/2989
f 3014/5007/2992 3013/5008/2991 3010/5002/2988
f 2079/3464/2062 2083/3468/2066 3010/5002/2988
f 2083/3468/2066 3014/5007/2992 3010/5002/2988
f 2087/3478/2069 3014/5009/2992 2082/3476/2064
f 3014/5007/2992 2087/3484/2069 3013/5008/2991
f 2083/5010/2066 2082/3476/2064 3014/5009/2992
f 3012/5011/2989 3013/5012/2991 2089/5013/2072
f 2087/3484/2069 2089/3483/2072 3013/5008/2991
f 3011/5005/2990 3012/5004/2989 3015/5014/2993
f 3012/5004/2989 3016/5015/2994 3015/5014/2993
f 2089/5013/2072 3016/5016/2994 3012/5011/2989
f 3016/5015/2994 3018/5017/2995 3015/5014/2993
f 2089/5013/2072 2091/5018/2073 3016/5016/2994
f 3017/5019/2996 3016/5020/2994 2091/5021/2073
f 3016/5022/2994 3017/5023/2996 3018/5024/2995
f 3018/5024/2995 3017/5023/2996 3019/5025/2997
f 1473/2392/1469 3015/5014/2993 3018/5017/2995
f 3019/5025/2997 1475/5026/1470 3018/5024/2995
f 1473/2392/1469 3018/5017/2995 1475/2393/1470
f 3020/5027/2998 1475/5026/1470 3019/5025/2997
f 3020/5027/2998 3019/5025/2997 3022/5028/2999
f 3021/5029/3000 3019/5025/2997 3017/5023/2996
f 3022/5028/2999 3019/5025/2997 3021/5029/3000
f 3027/5030/3001 3023/5031/3002 3022/5028/2999
f 3023/5031/3002 3025/5032/3003 3022/5028/2999
f 3024/5033/3004 3022/5028/2999 3021/5029/3000
f 3027/5030/3001 3022/5028/2999 3024/5033/3004
f 3022/5028/2999 3025/5032/3003 3026/5034/3005
f 3022/5028/2999 3026/5034/3005 3020/5027/2998
f 3023/5035/3002 3027/5036/3001 3028/5037/3006
f 3027/5030/3001 3024/5033/3004 2658/5038/2635
f 3029/5039/3007 3028/5040/3006 3027/5041/3001
f 3027/5041/3001 2658/5042/2635 3030/5043/3008
f 3029/5039/3007 3027/5041/3001 3030/5043/3008
f 3030/5044/3008 2658/4409/2635 3031/5045/3009
f 3032/5046/3010 3030/5044/3008 3031/5045/3009
f 3030/5043/3008 3032/5047/3010 3029/5039/3007
f 3033/5048/3011 3029/5039/3007 3032/5047/3010
f 3033/5049/3011 3032/5050/3010 3034/5051/3012
f 3031/5045/3009 3034/5052/3012 3032/5046/3010
f 2657/4412/821 3034/5052/3012 3037/5053/3013
f 3034/5052/3012 2657/4412/821 3035/5054/3014
f 3036/5055/3015 3034/5052/3012 3035/5054/3014
f 3034/5051/3012 3036/5056/3015 3038/5057/3016
f 3031/5045/3009 3037/5053/3013 3034/5052/3012
f 3034/5051/3012 3038/5057/3016 3033/5049/3011
f 3039/5058/3017 3038/5057/3016 3036/5056/3015
f 3040/5059/3018 3038/5057/3016 3039/5058/3017
f 3028/5060/3006 3038/5057/3016 3040/5059/3018
f 3038/5057/3016 3028/5060/3006 3033/5049/3011
f 3040/5061/3018 3039/5062/3017 3042/5063/3019
f 3028/5064/3006 3040/5065/3018 3041/5066/3020
f 3040/5065/3018 3043/5067/3021 3041/5066/3020
f 3042/5068/3019 3043/5069/3021 3040/5070/3018
f 3035/5071/3014 3045/5072/3022 3043/5073/3021
f 3044/5074/3023 3035/5071/3014 3043/5073/3021
f 3044/5075/3023 3043/5076/3021 3046/5077/3024
f 3046/5078/3024 3043/5067/3021 3042/5079/3019
f 3043/5067/3021 3045/5080/3022 3041/5066/3020
f 3046/5077/3024 3048/5081/3025 3044/5075/3023
f 3046/5078/3024 3042/5079/3019 3047/5082/3026
f 3048/5083/3025 3046/5078/3024 3047/5082/3026
f 3045/5080/3022 3048/5083/3025 3049/5084/3027
f 3048/5085/3025 3045/5086/3022 3051/5087/3028
f 3048/5081/3025 3051/5088/3028 3044/5075/3023
f 3048/5083/3025 3050/5089/3029 3049/5084/3027
f 3048/5083/3025 3047/5082/3026 3050/5089/3029
f 3051/5090/3028 2657/4412/821 2656/4411/2637
f 2656/4411/2637 3044/5091/3023 3051/5090/3028
f 3035/5092/3014 3051/5087/3028 3045/5086/3022
f 2657/4412/821 3051/5090/3028 3035/5054/3014
f 3053/5093/3030 3050/5094/3029 3052/5095/3031
f 3023/5096/3002 3052/5097/3031 3050/5089/3029
f 3023/5096/3002 3050/5089/3029 3047/5082/3026
f 3053/5093/3030 3037/5098/3013 3050/5094/3029
f 3049/5099/3027 3050/5094/3029 3037/5098/3013
f 2658/4409/2635 2657/4412/821 3053/5100/3030
f 2658/4409/2635 3053/5100/3030 3031/5045/3009
f 3031/5101/3009 3053/5093/3030 3052/5095/3031
f 2657/4412/821 3037/5053/3013 3053/5100/3030
f 3052/5102/3031 3023/5103/3002 3028/5104/3006
f 3028/5064/3006 3041/5066/3020 3052/5097/3031
f 3031/5105/3009 3052/5106/3031 3041/5107/3020
f 3045/5080/3022 3049/5084/3027 3041/5066/3020
f 3041/5108/3020 3049/5109/3027 3037/5110/3013
f 3047/5082/3026 3042/5079/3019 3055/5111/3032
f 3047/5112/3026 3054/5113/3033 1488/2411/1484
f 3047/5082/3026 3055/5111/3032 3054/5114/3033
f 1488/5115/1484 3056/5116/3034 3047/5117/3026
f 3056/5118/3034 3023/5031/3002 3047/5112/3026
f 3025/5032/3003 3023/5031/3002 3056/5118/3034
f 3056/5118/3034 1488/2411/1484 1490/2412/1485
f 3056/5118/3034 1490/2412/1485 3025/5032/3003
f 3057/5119/3035 3055/5120/3032 3058/5121/3036
f 3055/5120/3032 3057/5119/3035 2656/5122/2637
f 3054/5113/3033 3055/5120/3032 2656/5122/2637
f 3042/5079/3019 3058/5123/3036 3055/5111/3032
f 3039/5058/3017 3058/5121/3036 3042/5124/3019
f 3036/5056/3015 3058/5121/3036 3039/5058/3017
f 3058/5121/3036 3036/5056/3015 3057/5119/3035
f 3057/5125/3035 3036/5055/3015 3044/5091/3023
f 3044/5091/3023 2656/4411/2637 3057/5125/3035
f 2653/4406/2634 2654/4405/2633 3054/5113/3033
f 2656/5122/2637 2653/4406/2634 3054/5113/3033
f 2654/4405/2633 1488/2411/1484 3054/5113/3033
f 3035/5054/3014 3044/5091/3023 3036/5055/3015
f 3037/5126/3013 3031/5105/3009 3041/5107/3020
f 3029/5039/3007 3033/5048/3011 3028/5040/3006
f 3020/5027/2998 3026/5034/3005 1481/2400/1476
f 3026/5034/3005 1483/2404/1478 1481/2400/1476
f 3026/5034/3005 1489/2413/1486 1483/2404/1478
f 1489/2413/1486 3026/5034/3005 3025/5032/3003
f 3025/5032/3003 1490/2412/1485 1489/2413/1486
f 3059/5127/3037 2129/3573/821 3024/5128/3004
f 3024/5128/3004 3060/5129/3038 3059/5127/3037
f 3060/5130/3038 3024/5033/3004 3021/5029/3000
f 2129/3573/821 2658/4409/2635 3024/5128/3004
f 3059/5131/3037 3060/5132/3038 3061/5133/3039
f 3021/5029/3000 3061/5134/3039 3060/5130/3038
f 3061/5133/3039 2092/3487/2074 3059/5131/3037
f 3062/5135/3040 3061/5134/3039 3021/5029/3000
f 3061/5133/3039 3062/5136/3040 2092/3487/2074
f 2091/5137/2073 3062/5135/3040 3017/5023/2996
f 2092/3487/2074 3062/5136/3040 2091/3486/2073
f 3062/5135/3040 3021/5029/3000 3017/5023/2996
f 2124/3563/2107 3059/5131/3037 2092/3487/2074
f 2129/3573/821 3059/5127/3037 2124/3564/2107
f 3063/5138/3041 1475/5026/1470 3020/5027/2998
f 3020/5027/2998 1481/2400/1476 3063/5138/3041
f 1475/5026/1470 3063/5138/3041 1476/2402/1471
f 3063/5138/3041 1481/2400/1476 1476/2402/1471
f 1468/2383/1463 3011/5005/2990 3015/5014/2993
f 1473/2392/1469 1468/2383/1463 3015/5014/2993
f 3011/5005/2990 1468/2383/1463 1467/2382/1462
f 2976/4993/2954 2974/5139/2951 2971/4992/2949
f 2969/4924/2948 2973/4926/2952 3064/5140/3042
f 1458/2373/1453 2973/4926/2952 1459/2374/1454
f 1458/2373/1453 3064/5140/3042 2973/4926/2952
f 3065/5141/3043 3066/5142/3044 3064/5140/3042
f 3064/5140/3042 1455/2372/1452 3065/5141/3043
f 1455/2372/1452 3064/5140/3042 1458/2373/1453
f 2969/4924/2948 3064/5140/3042 3066/5142/3044
f 2962/4910/2940 3066/5143/3044 3067/5144/3045
f 3065/5141/3043 3067/5145/3045 3066/5142/3044
f 3066/5142/3044 2965/5146/2943 2969/4924/2948
f 2965/4913/2943 3066/5143/3044 2962/4910/2940
f 3067/5144/3045 2959/4907/2937 2960/4908/2938
f 2962/4910/2940 3067/5144/3045 2960/4908/2938
f 3065/5141/3043 3068/5147/3046 3067/5145/3045
f 2959/4907/2937 3067/5144/3045 3068/5148/3046
f 3065/5141/3043 3069/5149/3047 3068/5147/3046
f 3069/5149/3047 3070/5150/3048 3068/5147/3046
f 2959/4907/2937 3068/5148/3046 3071/5151/3049
f 3071/5152/3049 3068/5147/3046 3070/5150/3048
f 3071/5151/3049 2952/4901/2931 2959/4907/2937
f 2952/4901/2931 3071/5151/3049 2953/4900/2930
f 3070/5150/3048 3072/5153/3050 3071/5152/3049
f 2953/5154/2930 3071/5152/3049 3072/5153/3050
f 3072/5153/3050 3070/5150/3048 1454/2371/1451
f 3072/5153/3050 2950/5155/2928 2953/5154/2930
f 2950/5155/2928 3072/5153/3050 1456/2370/1450
f 1454/2371/1451 1456/2370/1450 3072/5153/3050
f 1454/2371/1451 3070/5150/3048 3069/5149/3047
f 3065/5141/3043 1455/2372/1452 3069/5149/3047
f 1454/2371/1451 3069/5149/3047 1455/2372/1452
f 2956/4905/2935 3073/5156/3051 2963/4912/2942
f 1127/1911/1124 2963/4912/2942 3073/5156/3051
f 3073/5156/3051 1128/1914/1122 1127/1911/1124
f 1129/1916/821 1128/1915/1122 3073/5157/3051
f 3073/5157/3051 2896/4799/2874 1129/1916/821
f 3073/5157/3051 3074/5158/3052 2896/4799/2874
f 3074/5159/3052 3073/5156/3051 2955/4904/2934
f 3073/5156/3051 2956/4905/2935 2955/4904/2934
f 2896/4799/2874 3074/5158/3052 3075/5160/3053
f 3076/5161/3054 3075/5162/3053 3074/5159/3052
f 3074/5159/3052 2955/4904/2934 3076/5161/3054
f 2955/4904/2934 2957/4903/2933 3076/5161/3054
f 2911/4835/2889 3076/5161/3054 2912/4836/2890
f 3075/5162/3053 3076/5161/3054 2911/4835/2889
f 2912/4836/2890 3076/5161/3054 2957/4903/2933
f 3075/5160/3053 2905/4821/2884 2896/4799/2874
f 2909/4828/2887 2905/4823/2884 3075/5162/3053
f 3075/5162/3053 2911/4835/2889 2909/4828/2887
f 2915/4846/2894 2957/4903/2933 2924/4861/2902
f 2915/4846/2894 2912/4836/2890 2957/4903/2933
f 1456/2370/1450 1448/2363/1445 2950/5155/2928
f 1448/5163/1445 1449/2359/1442 2950/4898/2928
f 2940/4884/2918 2930/4870/2909 2924/4861/2902
f 2926/4863/2904 2924/4861/2902 2930/4870/2909
f 2907/4827/2886 2738/4545/2716 2783/4627/2762
f 2903/5164/2882 2892/5165/2870 2901/5166/2880
f 2892/4792/2870 2903/4819/2882 2782/4623/2760
f 2899/5167/2878 2901/5166/2880 2892/5165/2870
f 2782/4623/2760 2891/4790/2869 2892/4792/2870
f 2782/5168/2760 2885/4783/2863 2891/4789/2869
f 2886/4784/2864 2891/4789/2869 2885/4783/2863
f 1174/1971/1169 2888/4786/2866 1175/1972/1170
f 2885/4782/2863 2782/4623/2760 3077/5169/3055
f 3077/5169/3055 2883/4778/2861 2885/4782/2863
f 2876/4768/2854 2883/4778/2861 3077/5169/3055
f 2782/4623/2760 3078/5170/3056 3077/5169/3055
f 2876/4768/2854 3077/5169/3055 3078/5170/3056
f 2790/4634/2768 3079/5171/3057 3078/5170/3056
f 2790/4634/2768 3078/5170/3056 2782/4623/2760
f 2874/4766/2852 2876/4768/2854 3078/5170/3056
f 3079/5171/3057 2874/4766/2852 3078/5170/3056
f 2790/4634/2768 3082/5172/3058 3079/5171/3057
f 3079/5171/3057 3080/5173/3059 3081/5174/3060
f 3080/5173/3059 3079/5171/3057 3082/5172/3058
f 3081/5174/3060 2873/4765/2851 3079/5171/3057
f 2874/4766/2852 3079/5171/3057 2873/4765/2851
f 3082/5172/3058 2790/4634/2768 2791/4635/2769
f 2800/4651/2779 3080/5173/3059 3082/5172/3058
f 2795/4646/2774 2800/4651/2779 3082/5172/3058
f 2791/4635/2769 2795/4646/2774 3082/5172/3058
f 3083/5175/3061 2868/4761/2847 3081/5174/3060
f 3081/5174/3060 3084/5176/3062 3083/5175/3061
f 2868/4761/2847 2870/4763/2849 3081/5174/3060
f 2873/4765/2851 3081/5174/3060 2870/4763/2849
f 3084/5176/3062 3081/5174/3060 3080/5173/3059
f 3080/5173/3059 3086/5177/3063 3084/5176/3062
f 3086/5177/3063 3085/5178/3064 3084/5176/3062
f 3084/5176/3062 3085/5178/3064 2822/4683/2799
f 2821/4684/2800 2824/4687/2803 3084/5176/3062
f 3084/5176/3062 2822/4683/2799 2821/4684/2800
f 3083/5175/3061 3084/5176/3062 2824/4687/2803
f 3086/5177/3063 3080/5173/3059 2799/4649/2777
f 3085/5178/3064 3086/5177/3063 2799/4649/2777
f 2814/4677/2793 3085/5178/3064 2797/4648/2776
f 2797/4648/2776 3085/5178/3064 2799/4649/2777
f 3085/5178/3064 2814/4677/2793 2822/4683/2799
f 3083/5175/3061 2866/4758/2844 2868/4761/2847
f 2866/4758/2844 3083/5175/3061 2824/4687/2803
f 2799/4649/2777 3080/5173/3059 2800/4651/2779
f 2876/4768/2854 2877/4769/2855 2883/4778/2861
f 2880/4775/2859 1213/2015/1208 1194/1991/1189
f 1194/1991/1189 1189/1986/1184 2880/4775/2859
f 1188/1985/1183 2880/4775/2859 1189/1986/1184
f 1218/2024/1214 2871/4762/2848 1219/2023/1213
f 2864/4756/2842 1219/2023/1213 2871/4762/2848
f 2866/4758/2844 2824/4687/2803 2828/4691/2807
f 1219/2023/1213 2864/4756/2842 1221/2026/1216
f 2679/4456/2656 2819/4681/2797 2809/4671/2787
f 2679/4456/2656 2686/4469/2665 2819/4681/2797
f 2819/4681/2797 2686/4469/2665 2817/4679/2795
f 2798/4647/2775 2810/4673/2789 2812/4675/2791
f 2810/4673/2789 2802/4652/2780 2806/4659/2784
f 2802/4652/2780 2810/4673/2789 2798/4647/2775
f 2809/4671/2787 2677/4455/2655 2679/4456/2656
f 2749/4629/2727 2635/4664/2614 2804/4666/2782
f 2804/4666/2782 2788/4630/2764 2749/4629/2727
f 2793/4640/2771 2784/4638/2765 2788/4656/2764
f 3087/5179/3065 3089/5180/3066 2787/5181/2767
f 2787/5181/2767 3088/5182/3067 3087/5179/3065
f 3088/5183/3067 2787/4633/2767 2780/4622/2757
f 2786/5184/2766 2787/5185/2767 3089/5186/3066
f 3089/5187/3066 3087/5188/3065 2386/5189/2366
f 2386/5189/2366 3090/5190/3068 3089/5187/3066
f 3091/5191/3069 3089/5187/3066 3090/5190/3068
f 3089/5186/3066 3091/5192/3069 2786/5184/2766
f 3092/5193/3070 3091/5191/3069 3090/5190/3068
f 3091/5191/3069 3092/5193/3070 3093/5194/3071
f 3093/5195/3071 2786/5184/2766 3091/5192/3069
f 2746/5196/2728 3093/5194/3071 3092/5193/3070
f 2745/4556/2726 3094/5197/3072 3093/5198/3071
f 3094/5197/3072 2786/4632/2766 3093/5198/3071
f 2745/4556/2726 3093/5198/3071 2746/4558/2728
f 3095/5199/3073 3096/5200/3074 3094/5201/3072
f 3094/5202/3072 2745/5203/2726 3095/5204/3073
f 2786/4632/2766 3094/5197/3072 2785/4628/2763
f 2785/5205/2763 3094/5201/3072 3096/5200/3074
f 2771/5206/2750 3090/5207/3068 3096/5208/3074
f 3097/5209/3075 3096/5208/3074 3090/5207/3068
f 3096/5210/3074 3097/5211/3075 3098/5212/3076
f 3098/5213/3076 2785/5214/2763 3096/5215/3074
f 2771/5206/2750 3096/5208/3074 3095/5216/3073
f 2744/5217/2725 3098/5218/3076 3099/5219/3077
f 3098/5220/3076 2744/4555/2725 2749/4557/2727
f 2785/4628/2763 3098/5220/3076 2749/4557/2727
f 3097/5221/3075 3099/5222/3077 3098/5223/3076
f 3099/5219/3077 2364/5224/2344 3100/5225/3078
f 3100/5225/3078 3101/5226/3079 3099/5219/3077
f 2364/5224/2344 3099/5219/3077 3097/5209/3075
f 3099/5219/3077 3101/5226/3079 2744/5217/2725
f 3103/5227/3080 2763/4592/2741 3101/5226/3079
f 3095/5216/3073 3101/5226/3079 2763/4592/2741
f 3101/5226/3079 3100/5225/3078 3102/5228/3081
f 3101/5229/3079 3095/5204/3073 2745/5203/2726
f 3101/5226/3079 3102/5228/3081 3103/5227/3080
f 2745/5203/2726 2744/5230/2725 3101/5229/3079
f 3103/5231/3080 3102/5232/3081 2748/5233/2724
f 2759/4580/2738 3103/5234/3080 2743/5235/2723
f 3103/5227/3080 2759/4582/2738 2763/4592/2741
f 2748/5233/2724 2743/5236/2723 3103/5231/3080
f 3102/5232/3081 3100/5237/3078 3104/5238/3082
f 3104/5238/3082 2748/5233/2724 3102/5232/3081
f 3105/5239/3083 3104/5240/3082 3100/5241/3078
f 2748/4554/2724 3104/5242/3082 2749/4557/2727
f 3104/5242/3082 3105/5243/3083 2749/4557/2727
f 3100/5241/3078 2756/5244/2735 3105/5239/3083
f 2757/5245/2734 3105/5239/3083 2756/5244/2735
f 2635/4369/2614 3105/5243/3083 2757/4571/2734
f 2635/4369/2614 2749/4557/2727 3105/5243/3083
f 2756/4572/2735 3100/5225/3078 2364/5224/2344
f 3090/5207/3068 2364/5224/2344 3097/5209/3075
f 2763/4592/2741 2771/5206/2750 3095/5216/3073
f 3090/5246/3068 2771/5247/2750 3092/5248/3070
f 3092/5193/3070 3106/5249/3084 2746/5196/2728
f 3106/5249/3084 3092/5193/3070 2771/5250/2750
f 3106/5251/3084 3107/5252/3085 3108/5253/3086
f 3107/5254/3085 3106/5249/3084 2771/5250/2750
f 3108/5253/3086 2747/5255/2729 3106/5251/3084
f 2747/5255/2729 2746/5256/2728 3106/5251/3084
f 3109/5257/3087 2739/4549/2719 3108/5258/3086
f 2747/4559/2729 3108/5258/3086 2739/4549/2719
f 3088/5182/3067 3108/5259/3086 3107/5260/3085
f 3108/5258/3086 3088/5183/3067 3109/5257/3087
f 3110/5261/3088 3111/5262/3089 3109/5263/3087
f 3109/5264/3087 2780/4617/2757 3110/5265/3088
f 2739/5266/2719 3109/5263/3087 3111/5262/3089
f 3088/5183/3067 2780/4622/2757 3109/5257/3087
f 3111/5262/3089 3107/5254/3085 2771/5250/2750
f 3111/5262/3089 3110/5261/3088 3107/5254/3085
f 3111/5262/3089 2775/5267/2753 2739/5266/2719
f 2775/5267/2753 3111/5262/3089 2771/5250/2750
f 3110/5261/3088 2386/5189/2366 3107/5254/3085
f 2386/5189/2366 3110/5261/3088 2779/5268/2758
f 2779/4619/2758 3110/5265/3088 2780/4617/2757
f 3087/5188/3065 3107/5254/3085 2386/5189/2366
f 3107/5260/3085 3087/5179/3065 3088/5182/3067
f 2386/3981/2366 3112/5269/3090 3090/5270/3068
f 3112/5269/3090 3113/5271/3091 3090/5270/3068
f 2364/3953/2344 3090/5270/3068 3113/5271/3091
f 3113/5271/3091 3112/5269/3090 2373/3963/2354
f 2371/3961/2352 2366/3955/2346 3113/5271/3091
f 2364/3953/2344 3113/5271/3091 2366/3955/2346
f 2373/3963/2354 2371/3961/2352 3113/5271/3091
f 2380/3972/2360 3112/5269/3090 2386/3981/2366
f 3112/5269/3090 2380/3972/2360 2379/3971/2359
f 2379/3971/2359 2373/3963/2354 3112/5269/3090
f 2403/4066/2383 2386/5189/2366 2779/5268/2758
f 2779/5268/2758 2435/4060/2414 2403/4066/2383
f 2740/5272/2717 2739/5266/2719 2775/5267/2753
f 2729/4531/2707 2439/4070/2419 2768/5273/2746
f 2768/4596/2746 2766/4594/2744 2729/5274/2707
f 2716/4507/2694 2729/4531/2707 2766/5275/2744
f 2765/4593/2743 2716/5276/2694 2766/4594/2744
f 2765/4593/2743 3114/5277/3092 2716/5276/2694
f 3114/5277/3092 2765/4593/2743 2624/5278/2604
f 2626/4588/2607 2624/5278/2604 2765/4593/2743
f 2713/4504/2691 3114/5279/3092 2623/4351/2603
f 3114/5279/3092 2713/4504/2691 2716/4507/2694
f 2624/4352/2604 2623/4351/2603 3114/5279/3092
f 2743/5235/2723 2742/4581/2722 2759/4580/2738
f 2364/5224/2344 2753/4577/2732 2756/4572/2735
f 2752/5280/2731 2753/4577/2732 2364/5224/2344
f 2364/5224/2344 2357/4354/2337 2752/5280/2731
f 2628/4355/2606 2752/5280/2731 2357/4354/2337
f 2730/4534/2709 2727/4528/2705 2640/4378/2618
f 2729/4531/2707 2716/4507/2694 2722/4519/2701
f 2724/5281/2702 3115/5282/3093 2639/4382/2621
f 2721/5283/2698 3115/5284/3093 2724/5285/2702
f 2639/4382/2621 2641/4383/2622 2724/5281/2702
f 3115/5286/3093 2721/4511/2698 1496/2419/1492
f 3115/5286/3093 1496/2419/1492 1497/2418/1491
f 2638/4381/2620 3115/5282/3093 1497/4394/1491
f 2638/4381/2620 2639/4382/2621 3115/5282/3093
f 2719/4510/2697 1496/2419/1492 2721/4511/2698
f 2719/4510/2697 2720/4515/2699 1496/2419/1492
f 1498/2420/1493 1496/2419/1492 2720/4515/2699
f 3116/5287/3094 2720/4515/2699 2717/4509/2696
f 2720/4515/2699 3116/5287/3094 1498/2420/1493
f 1500/2422/1495 3116/5287/3094 2717/4509/2696
f 3116/5287/3094 1500/2422/1495 1498/2420/1493
f 3117/5288/3095 2717/4509/2696 2714/4503/2690
f 2717/4509/2696 3117/5288/3095 1500/2422/1495
f 1501/2423/1496 1500/2422/1495 3117/5288/3095
f 3118/5289/3096 1501/2423/1496 3117/5288/3095
f 3117/5288/3095 1528/2463/1524 3118/5289/3096
f 1528/2463/1524 3117/5288/3095 1530/2465/1526
f 2714/4503/2690 1530/2465/1526 3117/5288/3095
f 3118/5289/3096 1520/2451/1516 1501/2423/1496
f 1520/2451/1516 3118/5289/3096 1528/2463/1524
f 2716/4507/2694 2713/4504/2691 2712/4505/2692
f 2714/4503/2690 3119/5290/3097 1530/2465/1526
f 2709/4500/2688 3119/5290/3097 2714/4503/2690
f 3120/5291/3098 3119/5290/3097 2703/5292/2681
f 3120/5291/3098 1530/2465/1526 3119/5290/3097
f 3119/5290/3097 2709/4500/2688 2704/4502/2682
f 2704/4502/2682 2703/5292/2681 3119/5290/3097
f 3120/5291/3098 3121/5293/3099 1530/2465/1526
f 3122/5294/3100 3121/5293/3099 3120/5291/3098
f 3120/5291/3098 2703/5292/2681 3122/5294/3100
f 2273/5295/2252 3122/5296/3100 2703/4490/2681
f 3123/5297/3101 3122/5294/3100 2273/3809/2252
f 3122/5294/3100 3123/5297/3101 3121/5293/3099
f 2266/3798/2246 3123/5297/3101 2264/3800/2245
f 3123/5297/3101 2266/3798/2246 3124/5298/3102
f 2272/3810/2253 2264/3800/2245 3123/5297/3101
f 2272/3810/2253 3123/5297/3101 2273/3809/2252
f 3123/5297/3101 3124/5298/3102 3121/5293/3099
f 3121/5293/3099 3124/5298/3102 1531/2466/1527
f 1531/2466/1527 3124/5298/3102 1532/2467/1528
f 2266/3798/2246 1532/2467/1528 3124/5298/3102
f 1531/2466/1527 1530/2465/1526 3121/5293/3099
f 2710/4499/2687 2623/4351/2603 2621/4349/2601
f 2703/4490/2681 2705/4489/2683 2273/5295/2252
f 2309/3875/2290 2705/4492/2683 3125/5299/3103
f 2705/4492/2683 2701/4483/2679 3125/5299/3103
f 2277/5300/2254 2705/4489/2683 2309/3876/2290
f 2705/4489/2683 2277/5300/2254 2273/5295/2252
f 3126/5301/3104 2308/3874/2289 3125/5299/3103
f 3125/5299/3103 2308/3874/2289 2309/3875/2290
f 3125/5299/3103 2251/3771/2231 3126/5301/3104
f 2251/3771/2231 3125/5299/3103 2701/4483/2679
f 3127/5302/3105 3128/5303/3106 3126/5301/3104
f 2252/3773/2233 3127/5302/3105 3126/5301/3104
f 2252/3773/2233 3126/5301/3104 2251/3771/2231
f 2308/3874/2289 3126/5301/3104 3128/5303/3106
f 3128/5303/3106 2313/3884/2294 2308/3874/2289
f 2313/3884/2294 3128/5303/3106 3130/5304/3107
f 3128/5303/3106 3127/5302/3105 3129/5305/3108
f 3129/5305/3108 3130/5304/3107 3128/5303/3106
f 3130/5304/3107 3129/5305/3108 3131/5306/3109
f 3131/5306/3109 3132/5307/3110 3130/5304/3107
f 3132/5307/3110 2315/3885/2295 3130/5304/3107
f 2315/3885/2295 2313/3884/2294 3130/5304/3107
f 3134/5308/3111 3132/5307/3110 3131/5306/3109
f 2317/3887/2297 2315/3885/2295 3132/5307/3110
f 3132/5307/3110 3133/5309/3112 2317/3887/2297
f 3132/5307/3110 3134/5308/3111 3133/5309/3112
f 3131/5306/3109 3135/5310/3113 3134/5308/3111
f 3133/5309/3112 3134/5308/3111 3137/5311/3114
f 3134/5308/3111 3135/5310/3113 3136/5312/3115
f 3136/5312/3115 3137/5311/3114 3134/5308/3111
f 3137/5311/3114 3138/5313/3116 3133/5309/3112
f 2565/5314/2545 3137/5311/3114 3136/5312/3115
f 3139/5315/3117 3138/5313/3116 3137/5311/3114
f 2565/5314/2545 3139/5315/3117 3137/5311/3114
f 2584/4287/2564 3139/5316/3117 2568/4265/2547
f 3139/5315/3117 2584/4294/2564 3140/5317/3118
f 3139/5316/3117 2565/4262/2545 2568/4265/2547
f 3140/5317/3118 3138/5313/3116 3139/5315/3117
f 3138/5313/3116 3140/5317/3118 2317/3887/2297
f 2318/3888/2298 2317/3887/2297 3140/5317/3118
f 3140/5317/3118 2321/3890/2300 2318/3888/2298
f 2321/3890/2300 3140/5317/3118 2584/4294/2564
f 2317/3887/2297 3133/5309/3112 3138/5313/3116
f 2566/5318/2546 3136/5312/3115 3141/5319/3119
f 3135/5310/3113 3141/5319/3119 3136/5312/3115
f 2566/5318/2546 2565/5314/2545 3136/5312/3115
f 3143/5320/3120 3141/5321/3119 3142/5322/3121
f 3135/5310/3113 3142/5323/3121 3141/5319/3119
f 2567/5324/2548 3141/5321/3119 3143/5320/3120
f 2567/5324/2548 2566/5325/2546 3141/5321/3119
f 3142/5322/3121 3147/5326/3122 3143/5320/3120
f 3145/5327/3123 3143/5320/3120 3144/5328/3124
f 3144/5328/3124 3143/5320/3120 3146/5329/3125
f 3145/5327/3123 2567/5324/2548 3143/5320/3120
f 3147/5326/3122 3146/5329/3125 3143/5320/3120
f 3147/5326/3122 3148/5330/3126 3149/5331/3127
f 3148/5330/3126 3147/5326/3122 3142/5322/3121
f 3147/5326/3122 3149/5331/3127 3146/5329/3125
f 1331/2184/1326 3149/5331/3127 3148/5330/3126
f 1333/2186/1328 3149/5331/3127 1331/2184/1326
f 1333/2186/1328 3150/5332/3128 3149/5331/3127
f 3149/5331/3127 3150/5332/3128 3146/5329/3125
f 3150/5332/3128 1333/2186/1328 1332/2187/1329
f 3152/5333/3129 3150/5332/3128 1332/2187/1329
f 3144/5328/3124 3146/5329/3125 3150/5332/3128
f 3150/5332/3128 3152/5333/3129 3151/5334/3130
f 3151/5334/3130 3144/5328/3124 3150/5332/3128
f 1332/2187/1329 3153/5335/3131 3152/5333/3129
f 3152/5333/3129 3153/5335/3131 3154/5336/3132
f 3152/5333/3129 3154/5336/3132 3151/5334/3130
f 3157/5337/3133 3154/5336/3132 3155/5338/3134
f 3155/5338/3134 3154/5336/3132 3153/5335/3131
f 3156/5339/3135 3151/5334/3130 3154/5336/3132
f 3157/5337/3133 3156/5339/3135 3154/5336/3132
f 3159/5340/3136 3157/5337/3133 3158/5341/3137
f 3157/5337/3133 3155/5338/3134 3158/5341/3137
f 3156/5342/3135 3157/5343/3133 3161/5344/3138
f 3157/5343/3133 3159/5345/3136 3160/5346/3139
f 3160/5346/3139 3161/5344/3138 3157/5343/3133
f 2561/4257/2542 2560/4254/2540 3161/5347/3138
f 3161/5344/3138 2560/4267/2540 3145/5348/3123
f 3161/5347/3138 3162/5349/3140 3163/5350/3141
f 3162/5349/3140 3161/5347/3138 3160/5351/3139
f 3161/5347/3138 3163/5350/3141 3164/5352/3142
f 3161/5347/3138 3164/5352/3142 3165/5353/3143
f 3161/5347/3138 3165/5353/3143 2561/4257/2542
f 3145/5348/3123 3156/5342/3135 3161/5344/3138
f 2554/4258/2536 3165/5353/3143 3164/5352/3142
f 2554/4258/2536 2561/4257/2542 3165/5353/3143
f 3166/5354/3144 3164/5352/3142 3163/5350/3141
f 3164/5352/3142 3166/5354/3144 2554/4258/2536
f 2554/4249/2536 3166/5355/3144 2542/4248/2522
f 3162/5349/3140 3167/5356/3145 3166/5354/3144
f 3166/5354/3144 3163/5350/3141 3162/5349/3140
f 3166/5355/3144 3167/5357/3145 2542/4248/2522
f 3168/5358/3146 2529/4209/2509 3167/5356/3145
f 3167/5356/3145 3162/5349/3140 3168/5358/3146
f 3167/5357/3145 2529/4210/2509 2531/4214/2511
f 2531/4214/2511 2542/4248/2522 3167/5357/3145
f 2529/4209/2509 3168/5358/3146 2528/4208/2508
f 2528/4208/2508 3168/5358/3146 3160/5351/3139
f 3160/5351/3139 3168/5358/3146 3162/5349/3140
f 3159/5345/3136 3169/5359/3147 3160/5346/3139
f 2521/4194/2498 3160/5346/3139 3169/5359/3147
f 3160/5351/3139 2521/4201/2498 2526/4206/2506
f 2526/4206/2506 2528/4208/2508 3160/5351/3139
f 3169/5360/3147 3159/5340/3136 3171/5361/3148
f 3169/5359/3147 2518/4195/2499 2521/4194/2498
f 2518/5362/2499 3169/5360/3147 3170/5363/3149
f 3169/5360/3147 3171/5361/3148 3170/5363/3149
f 3172/5364/3150 3173/5365/3151 3171/5361/3148
f 3172/5364/3150 3171/5361/3148 3158/5341/3137
f 3170/5363/3149 3171/5361/3148 3173/5365/3151
f 3159/5340/3136 3158/5341/3137 3171/5361/3148
f 1315/2169/1311 3174/5366/3152 3173/5365/3151
f 1315/2169/1311 3173/5365/3151 1316/2168/1310
f 1316/2168/1310 3173/5365/3151 1324/2177/1319
f 3172/5364/3150 1324/2177/1319 3173/5365/3151
f 3173/5365/3151 3174/5366/3152 3170/5363/3149
f 3174/5366/3152 1315/2169/1311 1312/2165/1307
f 3175/5367/3153 3174/5366/3152 3176/5368/3154
f 3175/5367/3153 3170/5363/3149 3174/5366/3152
f 1312/2165/1307 3176/5368/3154 3174/5366/3152
f 3176/5368/3154 3177/5369/3155 3178/5370/3156
f 3177/5369/3155 3176/5368/3154 1312/2165/1307
f 3176/5368/3154 3178/5370/3156 3175/5367/3153
f 2520/5371/2501 3178/5370/3156 3179/5372/3157
f 3179/5372/3157 3178/5370/3156 3177/5369/3155
f 2519/5373/2500 3175/5367/3153 3178/5370/3156
f 2520/5371/2501 2519/5373/2500 3178/5370/3156
f 2520/5371/2501 3179/5372/3157 3181/5374/3158
f 3181/5374/3158 3179/5372/3157 3180/5375/3159
f 3177/5369/3155 3180/5375/3159 3179/5372/3157
f 3181/5374/3158 3180/5375/3159 3182/5376/3160
f 3182/5377/3160 3183/5378/3161 3181/5379/3158
f 3184/5380/3162 3181/5379/3158 3183/5378/3161
f 3184/5381/3162 2520/5371/2501 3181/5374/3158
f 2520/4197/2501 3184/5380/3162 2508/4200/2488
f 3184/5380/3162 3185/5382/3163 2506/5383/2487
f 3185/5382/3163 3184/5380/3162 3186/5384/3164
f 2506/5383/2487 2508/4200/2488 3184/5380/3162
f 3183/5378/3161 3186/5384/3164 3184/5380/3162
f 3186/5384/3164 3183/5378/3161 3187/5385/3165
f 3187/5385/3165 3188/5386/3166 3186/5384/3164
f 3189/5387/3167 3186/5384/3164 3188/5386/3166
f 3185/5382/3163 3186/5384/3164 3189/5387/3167
f 3189/5387/3167 3188/5386/3166 3190/5388/3168
f 3190/5388/3168 3191/5389/3169 3189/5387/3167
f 3192/5390/3170 3189/5387/3167 3191/5389/3169
f 3192/5390/3170 3185/5382/3163 3189/5387/3167
f 3193/5391/3171 3192/5390/3170 3191/5389/3169
f 3185/5382/3163 3192/5390/3170 2506/5383/2487
f 3192/5390/3170 3193/5391/3171 1253/5392/1249
f 1253/5392/1249 2506/5383/2487 3192/5390/3170
f 3193/5391/3171 3194/5393/3172 1253/5392/1249
f 3194/5393/3172 3193/5391/3171 3196/5394/3173
f 3193/5391/3171 3195/5395/3174 3196/5394/3173
f 3193/5391/3171 3191/5389/3169 3195/5395/3174
f 3199/5396/3175 3196/5394/3173 3197/5397/3176
f 3198/5398/3177 3197/5397/3176 3196/5394/3173
f 3196/5394/3173 3195/5395/3174 3198/5398/3177
f 3196/5394/3173 3199/5396/3175 3194/5393/3172
f 3197/5397/3176 3200/5399/3178 3199/5396/3175
f 1197/1994/1192 3199/5396/3175 3200/5399/3178
f 3199/5396/3175 1197/1994/1192 1199/1996/1194
f 1199/1996/1194 3194/5393/3172 3199/5396/3175
f 1192/1990/1188 3200/5399/3178 3197/5397/3176
f 1192/1990/1188 1193/1989/1187 3200/5399/3178
f 1197/1994/1192 3200/5399/3178 1193/1989/1187
f 3203/5400/3179 3198/5398/3177 3201/5401/3180
f 3198/5398/3177 3190/5388/3168 3201/5401/3180
f 3202/5402/3181 3197/5397/3176 3198/5398/3177
f 3190/5388/3168 3198/5398/3177 3191/5389/3169
f 3198/5398/3177 3195/5395/3174 3191/5389/3169
f 3202/5402/3181 3198/5398/3177 3203/5400/3179
f 3201/5401/3180 3204/5403/3182 3203/5400/3179
f 3202/5402/3181 3203/5400/3179 3204/5403/3182
f 3205/5404/3183 3204/5403/3182 1277/2116/1272
f 3204/5403/3182 3205/5404/3183 3202/5402/3181
f 3204/5403/3182 3201/5401/3180 3206/5405/3184
f 1277/2116/1272 3204/5403/3182 3206/5405/3184
f 3207/5406/3185 3206/5405/3184 3201/5401/3180
f 3206/5405/3184 1293/2136/1287 1288/2132/1283
f 1288/2132/1283 1277/2116/1272 3206/5405/3184
f 3206/5405/3184 3207/5406/3185 1293/2136/1287
f 3208/5407/3186 3207/5406/3185 3201/5401/3180
f 3208/5407/3186 3209/5408/3187 3207/5406/3185
f 3211/5409/3188 3207/5406/3185 3209/5408/3187
f 3207/5406/3185 3210/5410/3189 1293/2136/1287
f 3210/5410/3189 3207/5406/3185 3211/5409/3188
f 3212/5411/3190 3211/5409/3188 3213/5412/3191
f 3212/5411/3190 3210/5410/3189 3211/5409/3188
f 3209/5408/3187 3213/5412/3191 3211/5409/3188
f 3213/5412/3191 3214/5413/3192 3187/5385/3165
f 3214/5413/3192 3213/5412/3191 3209/5408/3187
f 3216/5414/3193 3212/5415/3190 3213/5416/3191
f 3187/5385/3165 3215/5417/3194 3213/5412/3191
f 3215/5417/3194 3216/5418/3193 3213/5412/3191
f 3215/5419/3194 1310/2163/1305 3216/5414/3193
f 1310/2163/1305 3212/5415/3190 3216/5414/3193
f 3182/5377/3160 3215/5417/3194 3187/5385/3165
f 3215/5419/3194 3182/5376/3160 3180/5375/3159
f 1311/2164/1306 3215/5419/3194 3180/5375/3159
f 3215/5419/3194 1311/2164/1306 1310/2163/1305
f 3208/5407/3186 3214/5413/3192 3209/5408/3187
f 3214/5413/3192 3208/5407/3186 3188/5386/3166
f 3187/5385/3165 3214/5413/3192 3188/5386/3166
f 1305/2158/1300 1304/2157/1299 3212/5415/3190
f 1305/5420/1300 3212/5421/3190 1310/5422/1305
f 3212/5411/3190 1304/5423/1299 3210/5410/3189
f 3210/5410/3189 1294/2139/1290 1293/2136/1287
f 3210/5410/3189 1298/2145/1293 1294/2139/1290
f 1298/2145/1293 3210/5410/3189 1304/5423/1299
f 3208/5407/3186 3201/5401/3180 3190/5388/3168
f 3208/5407/3186 3190/5388/3168 3188/5386/3166
f 1192/1990/1188 3197/5397/3176 3205/5404/3183
f 3205/5404/3183 1186/1982/1180 1192/1990/1188
f 3205/5404/3183 3197/5397/3176 3202/5402/3181
f 2418/5424/2398 3205/5404/3183 1277/2116/1272
f 1186/1982/1180 3205/5404/3183 2418/5424/2398
f 3194/5393/3172 1199/1996/1194 1201/1997/1195
f 1201/1997/1195 1253/5392/1249 3194/5393/3172
f 3182/5377/3160 3187/5385/3165 3183/5378/3161
f 3177/5369/3155 1311/2164/1306 3180/5375/3159
f 1312/2165/1307 1311/2164/1306 3177/5369/3155
f 2518/5362/2499 3170/5363/3149 3175/5367/3153
f 2519/5373/2500 2518/5362/2499 3175/5367/3153
f 3217/5425/3195 3172/5364/3150 3158/5341/3137
f 1324/2177/1319 3172/5364/3150 3217/5425/3195
f 3158/5341/3137 3155/5338/3134 3217/5425/3195
f 3153/5335/3131 3217/5425/3195 3155/5338/3134
f 3217/5425/3195 1325/2179/1321 1324/2177/1319
f 1325/2179/1321 3217/5425/3195 3153/5335/3131
f 3156/5339/3135 3145/5327/3123 3151/5334/3130
f 1329/2180/1322 3153/5335/3131 1332/2187/1329
f 3153/5335/3131 1329/2180/1322 1325/2179/1321
f 3145/5327/3123 3144/5328/3124 3151/5334/3130
f 3148/5330/3126 3220/5426/3196 3218/5427/3197
f 3148/5330/3126 3218/5427/3197 1331/2184/1326
f 3142/5322/3121 3219/5428/3198 3148/5330/3126
f 3148/5330/3126 3219/5428/3198 3220/5426/3196
f 3220/5429/3196 3221/5430/3199 3223/5431/3200
f 3219/5432/3198 3221/5430/3199 3220/5429/3196
f 3218/5427/3197 3220/5426/3196 3222/5433/3201
f 3223/5431/3200 3222/5434/3201 3220/5429/3196
f 3129/5305/3108 3223/5431/3200 3221/5430/3199
f 3223/5431/3200 3129/5305/3108 3127/5302/3105
f 3222/5434/3201 3223/5431/3200 3224/5435/3202
f 3223/5431/3200 3127/5302/3105 3224/5435/3202
f 3224/5435/3202 3226/5436/3203 3222/5434/3201
f 3224/5435/3202 3127/5302/3105 2252/3773/2233
f 2252/3773/2233 3225/5437/3204 3224/5435/3202
f 3226/5436/3203 3224/5435/3202 3225/5437/3204
f 3226/5438/3203 3225/5439/3204 3228/5440/3205
f 3227/5441/3206 3222/5433/3201 3226/5438/3203
f 3227/5441/3206 3226/5438/3203 3228/5440/3205
f 3228/5440/3205 1337/2191/1333 3229/5442/3207
f 3228/5440/3205 3229/5442/3207 3227/5441/3206
f 1346/2203/1342 3228/5440/3205 3225/5439/3204
f 1346/2203/1342 1337/2191/1333 3228/5440/3205
f 1336/2189/1331 3229/5442/3207 1337/2191/1333
f 1336/2189/1331 3230/5443/3208 3229/5442/3207
f 3227/5441/3206 3229/5442/3207 3230/5443/3208
f 3222/5433/3201 3230/5443/3208 3218/5427/3197
f 1331/2184/1326 3218/5427/3197 3230/5443/3208
f 3230/5443/3208 1336/2189/1331 1331/2184/1326
f 3230/5443/3208 3222/5433/3201 3227/5441/3206
f 3231/5444/3209 3225/5437/3204 2253/3774/2234
f 3225/5437/3204 2252/3773/2233 2253/3774/2234
f 3231/5445/3209 1346/2203/1342 3225/5439/3204
f 3231/5446/3209 2253/5447/2234 3232/5448/3210
f 3231/5446/3209 3232/5448/3210 1347/2206/1343
f 1347/2204/1343 1346/2203/1342 3231/5445/3209
f 2254/3777/2235 3232/5448/3210 2253/5447/2234
f 3232/5448/3210 2254/3777/2235 1541/2483/1536
f 1347/2206/1343 3232/5448/3210 1541/2483/1536
f 3131/5306/3109 3129/5305/3108 3221/5430/3199
f 3219/5432/3198 3131/5306/3109 3221/5430/3199
f 3219/5432/3198 3142/5323/3121 3135/5310/3113
f 3135/5310/3113 3131/5306/3109 3219/5432/3198
f 2567/4266/2548 3145/5348/3123 2560/4267/2540
f 2251/3771/2231 2701/4483/2679 2249/3769/2229
f 2600/4310/2581 2699/4481/2677 2609/4494/2591
f 2697/4479/2675 2672/4442/2650 3233/5449/3211
f 2672/4442/2650 2697/4479/2675 2675/5450/2654
f 2675/5450/2654 2697/4479/2675 2681/4461/2660
f 2697/4479/2675 3233/5449/3211 2151/3612/2131
f 2681/4461/2660 2697/4479/2675 2694/4476/2672
f 3235/5451/3212 3233/5449/3211 2672/4442/2650
f 2151/3612/2131 3233/5449/3211 3234/5452/3213
f 3234/5452/3213 3233/5449/3211 3235/5451/3212
f 3235/5451/3212 2672/4442/2650 2147/4444/2128
f 3235/5451/3212 2147/4444/2128 3234/5452/3213
f 2149/3609/2129 3234/5453/3213 2147/3607/2128
f 3234/5452/3213 2149/3611/2129 2151/3612/2131
f 2601/4309/2580 2597/4306/2577 2695/4478/2674
f 2681/5454/2660 2694/5455/2672 2682/5456/2661
f 2689/4471/2667 2590/4299/2570 2588/4297/2568
f 2590/4299/2570 2689/4471/2667 2688/4472/2668
f 2688/4472/2668 2591/4300/2571 2590/4299/2570
f 2681/4461/2660 2678/4463/2657 2675/5450/2654
f 2664/4441/2642 2659/4410/2636 2137/3592/821
f 1493/2414/1487 1488/2411/1484 2654/4405/2633
f 3236/5457/3214 2649/4398/2630 2648/4397/2629
f 2649/4399/2630 3236/5458/3214 2643/5459/2623
f 2649/4399/2630 2643/5459/2623 2645/4392/2625
f 2633/4665/2613 3236/5457/3214 2648/4397/2629
f 3236/5460/3214 2633/4368/2613 2644/5461/2624
f 2644/5462/2624 2643/5459/2623 3236/5458/3214
f 2634/4370/2615 2644/5461/2624 2633/4368/2613
f 3238/5463/3215 2616/4340/2596 3237/5464/3216
f 2345/3929/2326 3237/5464/3216 2616/4340/2596
f 2345/3929/2326 2616/4340/2596 2349/3932/2329
f 2615/4341/2595 2616/4340/2596 3238/5463/3215
f 3240/5465/3217 2615/4341/2595 3238/5463/3215
f 3238/5463/3215 3237/5464/3216 3239/5466/3218
f 3238/5463/3215 3239/5466/3218 3240/5465/3217
f 2607/4328/2587 2611/4330/2589 3240/5465/3217
f 3240/5465/3217 2606/5467/2586 2607/4328/2587
f 3239/5466/3218 3241/5468/3219 3240/5465/3217
f 2606/5467/2586 3240/5465/3217 3241/5468/3219
f 2615/4341/2595 3240/5465/3217 2611/4330/2589
f 3241/5468/3219 2296/3840/2277 2302/3857/2283
f 2296/3840/2277 3241/5468/3219 2295/3830/2273
f 3241/5468/3219 2302/3857/2283 2606/5467/2586
f 2295/3830/2273 3241/5468/3219 3239/5466/3218
f 2295/3830/2273 3239/5466/3218 3237/5464/3216
f 2345/3929/2326 2295/3830/2273 3237/5464/3216
f 2609/4494/2591 2602/4311/2582 2600/4310/2581
f 2593/4302/2573 2598/4308/2579 2325/3899/2306
f 2593/4302/2573 3242/5469/3220 2586/4291/2566
f 3242/5469/3220 2593/4302/2573 2325/3899/2306
f 2322/3894/2303 3242/5469/3220 2325/3899/2306
f 2322/3894/2303 2586/4291/2566 3242/5469/3220
f 2339/3923/2320 2338/3919/2319 2588/4296/2568
f 2582/4286/2563 2580/4283/2560 2326/5470/2308
f 2326/5470/2308 2327/3907/2307 2582/4286/2563
f 2331/3911/2311 2582/4286/2563 2327/3907/2307
f 2298/3841/2278 2580/4283/2560 2294/3836/2276
f 2580/4283/2560 2298/3841/2278 2326/5470/2308
f 2572/4276/2553 2575/4278/2555 2568/4265/2547
f 2569/4272/2550 2563/4271/2543 2553/4244/2533
f 2558/4253/2539 2556/4252/2538 3243/5471/3221
f 2557/4250/2537 2558/4253/2539 3243/5471/3221
f 3243/5471/3221 3244/5472/3222 1359/2229/1353
f 1359/2223/1353 2274/3812/2255 3243/5473/3221
f 3244/5472/3222 3243/5471/3221 2556/4252/2538
f 3243/5471/3221 3245/5474/3223 2557/4250/2537
f 3245/5475/3223 3243/5473/3221 2274/3812/2255
f 3245/5475/3223 3247/5476/3224 3246/5477/3225
f 3245/5475/3223 3246/5477/3225 2557/5478/2537
f 3247/5476/3224 3245/5475/3223 2274/3812/2255
f 3248/5479/3226 3247/5476/3224 2275/3813/2256
f 3248/5479/3226 3246/5477/3225 3247/5476/3224
f 2275/3813/2256 3247/5476/3224 2274/3812/2255
f 2555/4247/2535 3246/5477/3225 3248/5479/3226
f 2275/3813/2256 2285/3822/2265 3248/5479/3226
f 2294/3836/2276 3248/5479/3226 2285/3822/2265
f 3248/5479/3226 2294/3836/2276 2555/4247/2535
f 2555/4247/2535 2557/5478/2537 3246/5477/3225
f 1359/2229/1353 3244/5472/3222 2548/4237/2529
f 2548/4237/2529 3244/5472/3222 2551/4239/2531
f 2556/4252/2538 2551/4239/2531 3244/5472/3222
f 2548/4237/2529 1360/2228/1356 1359/2229/1353
f 2543/4232/2524 2540/4229/2521 1358/2226/1355
f 2540/4229/2521 2539/4228/2520 1357/2224/1354
f 1357/2224/1354 1358/2226/1355 2540/4229/2521
f 1357/2224/1354 2539/4228/2520 2537/4226/2518
f 3249/5480/3227 2537/4226/2518 2535/4224/2516
f 2537/4226/2518 3249/5480/3227 3250/5481/3228
f 3250/5481/3228 1357/2224/1354 2537/4226/2518
f 1373/4135/1369 1357/2224/1354 3250/5481/3228
f 3250/5481/3228 2481/4136/2461 1373/4135/1369
f 2481/4136/2461 3250/5481/3228 3251/5482/3229
f 3249/5480/3227 3251/5482/3229 3250/5481/3228
f 2533/4222/2514 3252/5483/3230 3251/5482/3229
f 3251/5482/3229 3252/5483/3230 2481/4136/2461
f 3251/5482/3229 3249/5480/3227 2534/4223/2515
f 3251/5482/3229 2534/4223/2515 2533/4222/2514
f 2486/4142/2467 3252/5483/3230 2532/4221/2512
f 3252/5483/3230 2486/4142/2467 2481/4136/2461
f 2533/4222/2514 2532/4221/2512 3252/5483/3230
f 2535/4224/2516 2534/4223/2515 3249/5480/3227
f 2486/4142/2467 2532/4221/2512 2485/4140/2465
f 2488/4143/2468 2485/4140/2465 2532/4221/2512
f 2514/4189/2494 2524/4204/2504 2522/4203/2503
f 2522/4203/2503 2516/4192/2497 2514/4189/2494
f 2506/4173/2487 1253/2082/1249 3253/5484/3231
f 3253/5484/3231 2503/4168/2483 2506/4173/2487
f 2503/4168/2483 2504/4169/2484 2506/4173/2487
f 3253/5484/3231 1257/2085/1252 1258/2086/1253
f 1257/2085/1252 3253/5484/3231 1253/2082/1249
f 2503/4168/2483 3253/5484/3231 1258/2086/1253
f 3255/5485/3232 3254/5486/3233 2480/5487/2459
f 2479/5488/2460 2480/5487/2459 3254/5486/3233
f 2480/5487/2459 2470/5489/2451 3255/5485/3232
f 3256/5490/3234 3255/5491/3232 2470/5492/2451
f 3255/5493/3232 3256/5494/3234 3257/5495/3235
f 3254/5496/3233 3255/5493/3232 1299/2149/1295
f 1296/2150/1292 1299/2149/1295 3255/5493/3232
f 3257/5495/3235 1296/2150/1292 3255/5493/3232
f 3258/5497/3236 3257/5495/3235 3256/5494/3234
f 3257/5498/3235 3258/5499/3236 3261/5500/3237
f 3260/5501/3238 3257/5495/3235 3259/5502/3239
f 3259/5503/3239 3257/5504/3235 3262/5505/3240
f 3257/5495/3235 3260/5501/3238 3263/5506/3241
f 3261/5507/3237 3262/5508/3240 3257/5509/3235
f 1296/2150/1292 3257/5495/3235 3264/5510/3242
f 3257/5495/3235 3263/5506/3241 3264/5510/3242
f 3264/5511/3242 3263/5512/3241 2463/4104/2443
f 3265/5513/3243 3264/5514/3242 2474/5515/2455
f 3264/5510/3242 3265/5516/3243 1296/2150/1292
f 2463/5517/2443 2474/5515/2455 3264/5514/3242
f 3266/5518/3244 3265/5516/3243 3267/5519/3245
f 3266/5518/3244 1296/2150/1292 3265/5516/3243
f 3267/5520/3245 3265/5521/3243 2474/5522/2455
f 3268/5523/3246 3266/5518/3244 3267/5519/3245
f 3260/5501/3238 3268/5523/3246 3267/5519/3245
f 3267/5519/3245 3269/5524/3247 3260/5501/3238
f 3269/5525/3247 3267/5526/3245 2475/5527/2454
f 2474/5522/2455 2475/5528/2454 3267/5520/3245
f 3263/5512/3241 3269/5529/3247 2461/4102/2441
f 3269/5524/3247 3263/5506/3241 3260/5501/3238
f 2475/5527/2454 3270/5530/3248 3269/5525/3247
f 3270/5530/3248 2461/5531/2441 3269/5525/3247
f 2461/4102/2441 3270/5532/3248 2452/4100/2432
f 2452/4100/2432 3270/5532/3248 2475/4122/2454
f 3266/5518/3244 3268/5523/3246 3271/5533/3249
f 3268/5534/3246 3272/5535/3250 3271/5536/3249
f 3268/5523/3246 3260/5501/3238 3272/5537/3250
f 3273/5538/3251 3271/5539/3249 3272/5540/3250
f 3274/5541/3252 3273/5542/3251 3272/5543/3250
f 3259/5502/3239 3272/5537/3250 3260/5501/3238
f 3275/5544/3253 3274/5545/3252 3272/5546/3250
f 3272/5543/3250 3259/5503/3239 3275/5547/3253
f 3275/5544/3253 3276/5548/3254 3274/5545/3252
f 3277/5549/3255 3276/5550/3254 3275/5547/3253
f 3277/5549/3255 3275/5547/3253 3259/5503/3239
f 3278/5551/3256 3276/5550/3254 3277/5549/3255
f 3277/5549/3255 3279/5552/3257 3278/5551/3256
f 3277/5549/3255 3262/5505/3240 3279/5552/3257
f 3262/5505/3240 3277/5549/3255 3259/5503/3239
f 3280/5553/3258 3278/5551/3256 3279/5552/3257
f 3279/5554/3257 3281/5555/3259 3280/5556/3258
f 3281/5555/3259 3279/5554/3257 3261/5500/3237
f 3262/5557/3240 3261/5500/3237 3279/5554/3257
f 3282/5558/3260 3281/5555/3259 3283/5559/3261
f 3282/5558/3260 3280/5556/3258 3281/5555/3259
f 3258/5499/3236 3281/5555/3259 3261/5500/3237
f 3283/5559/3261 3281/5555/3259 3258/5499/3236
f 3283/5559/3261 3284/5560/3262 3286/5561/3263
f 3258/5499/3236 3284/5560/3262 3283/5559/3261
f 3283/5559/3261 3286/5561/3263 3285/5562/3264
f 3283/5559/3261 3285/5562/3264 3282/5558/3260
f 3284/5560/3262 3287/5563/3265 3286/5561/3263
f 3287/5563/3265 1557/2507/1553 3286/5561/3263
f 3285/5562/3264 3286/5561/3263 1557/2507/1553
f 3287/5563/3265 1552/2502/1548 1557/2507/1553
f 3284/5560/3262 1552/2502/1548 3287/5563/3265
f 3282/5558/3260 3285/5562/3264 3288/5564/3266
f 3288/5564/3266 3285/5562/3264 1559/2509/1555
f 1557/2507/1553 1558/2508/1554 3285/5562/3264
f 1558/2508/1554 1559/2509/1555 3285/5562/3264
f 3289/5565/3267 3288/5566/3266 3290/5567/3268
f 3291/5568/3269 3288/5566/3266 3289/5565/3267
f 3288/5564/3266 1559/2509/1555 3290/5569/3268
f 3288/5564/3266 3291/5570/3269 3282/5558/3260
f 3293/5571/3270 3292/5572/3271 3291/5573/3269
f 3282/5558/3260 3291/5570/3269 3292/5574/3271
f 3291/5568/3269 3294/5575/3272 3293/5576/3270
f 3294/5575/3272 3291/5568/3269 3289/5565/3267
f 3294/5575/3272 3297/5577/3273 3295/5578/3274
f 3295/5578/3274 3293/5576/3270 3294/5575/3272
f 3289/5565/3267 3296/5579/3275 3294/5575/3272
f 3297/5577/3273 3294/5575/3272 3296/5579/3275
f 3297/5577/3273 3299/5580/3276 3298/5581/3277
f 3298/5581/3277 3300/5582/3278 3297/5577/3273
f 3300/5582/3278 3295/5578/3274 3297/5577/3273
f 3296/5579/3275 3299/5580/3276 3297/5577/3273
f 3303/5583/3279 3301/5584/3280 3300/5582/3278
f 3301/5584/3280 3302/5585/3281 3300/5582/3278
f 3300/5582/3278 3302/5585/3281 3295/5578/3274
f 3300/5582/3278 1591/2550/1587 3303/5583/3279
f 1584/2538/1578 1591/2550/1587 3300/5582/3278
f 3300/5582/3278 3298/5581/3277 1584/2538/1578
f 3301/5584/3280 3303/5583/3279 1596/2558/1592
f 1591/2550/1587 1596/2558/1592 3303/5583/3279
f 3302/5585/3281 3301/5584/3280 3306/5586/3282
f 3304/5587/3283 3305/5588/3284 3302/5585/3281
f 3302/5585/3281 3306/5586/3282 3304/5587/3283
f 3305/5588/3284 3295/5578/3274 3302/5585/3281
f 1600/5589/1596 3306/5586/3282 3301/5584/3280
f 3306/5586/3282 3307/5590/3285 3304/5587/3283
f 3306/5586/3282 1600/5589/1596 3307/5590/3285
f 3307/5590/3285 1600/5589/1596 1599/5591/1595
f 3307/5592/3285 1599/2564/1595 3308/5593/3286
f 3307/5592/3285 3273/5542/3251 3304/5594/3283
f 3308/5593/3286 3273/5542/3251 3307/5592/3285
f 1171/1969/1167 3308/5593/3286 1598/2563/1594
f 3308/5593/3286 1171/1969/1167 3309/5595/3287
f 3273/5542/3251 3308/5593/3286 3309/5595/3287
f 1598/2563/1594 3308/5593/3286 1599/2564/1595
f 3309/5595/3287 3310/5596/3288 3271/5597/3249
f 3310/5596/3288 3309/5595/3287 3311/5598/3289
f 3309/5595/3287 1171/1969/1167 3311/5598/3289
f 3309/5595/3287 3271/5597/3249 3273/5542/3251
f 3311/5598/3289 1171/1969/1167 1170/1968/1166
f 3311/5598/3289 1170/1968/1166 1176/1974/1172
f 1176/1974/1172 3312/5599/3290 3311/5598/3289
f 3311/5598/3289 3312/5599/3290 3310/5596/3288
f 1176/1974/1172 1181/1979/1177 3312/5599/3290
f 3312/5599/3290 1181/1979/1177 1289/2134/1285
f 3310/5596/3288 3312/5599/3290 1289/2134/1285
f 1289/2134/1285 1292/2137/1288 3310/5596/3288
f 3271/5597/3249 3310/5596/3288 1292/2137/1288
f 3305/5600/3284 3276/5550/3254 3278/5551/3256
f 3305/5600/3284 3304/5594/3283 3276/5550/3254
f 3278/5551/3256 3292/5572/3271 3305/5600/3284
f 3305/5600/3284 3292/5572/3271 3293/5571/3270
f 3293/5576/3270 3295/5578/3274 3305/5588/3284
f 3273/5542/3251 3274/5541/3252 3304/5594/3283
f 3274/5541/3252 3276/5550/3254 3304/5594/3283
f 1600/2565/1596 3301/5601/3280 1596/2561/1592
f 1583/2539/1579 3298/5581/3277 3299/5580/3276
f 3299/5580/3276 3296/5579/3275 3313/5602/3291
f 3313/5602/3291 1583/2539/1579 3299/5580/3276
f 3289/5565/3267 3313/5602/3291 3296/5579/3275
f 1581/2537/1577 1583/2539/1579 3313/5602/3291
f 3313/5602/3291 3289/5565/3267 3314/5603/3292
f 3314/5603/3292 3315/5604/3293 3313/5602/3291
f 3313/5602/3291 3315/5604/3293 1581/2537/1577
f 1565/2514/1559 1568/2522/1565 3315/5604/3293
f 3314/5603/3292 1565/2514/1559 3315/5604/3293
f 3315/5604/3293 1568/2522/1565 1579/2535/1575
f 3315/5604/3293 1579/2535/1575 1581/2537/1577
f 3289/5565/3267 3290/5567/3268 3314/5603/3292
f 3314/5605/3292 3290/5569/3268 1562/2512/1558
f 3314/5603/3292 1562/2515/1558 1565/2514/1559
f 3298/5581/3277 1583/2539/1579 1584/2538/1578
f 3278/5551/3256 3280/5553/3258 3292/5572/3271
f 3292/5574/3271 3280/5556/3258 3282/5558/3260
f 1562/2512/1558 3290/5569/3268 1559/2509/1555
f 1552/2502/1548 3284/5560/3262 1553/2503/1549
f 3284/5560/3262 3258/5499/3236 1553/2503/1549
f 3271/5597/3249 1292/2137/1288 3266/5606/3244
f 1296/2141/1292 3266/5606/3244 1292/2137/1288
f 2461/4102/2441 2462/4103/2442 3263/5512/3241
f 2462/4103/2442 2463/4104/2443 3263/5512/3241
f 3256/5494/3234 3316/5607/3294 3258/5497/3236
f 3316/5607/3294 3317/5608/3295 3258/5497/3236
f 1553/5609/1549 3258/5497/3236 3317/5608/3295
f 2472/5610/2450 3318/5611/3296 3317/5612/3295
f 3317/5612/3295 3316/5613/3294 2472/5610/2450
f 3319/5614/3297 3317/5615/3295 3318/5616/3296
f 3317/5608/3295 3319/5617/3297 1553/5609/1549
f 1553/5609/1549 3319/5617/3297 1370/2240/1363
f 3319/5617/3297 3320/5618/3298 1370/2240/1363
f 3320/5619/3298 3319/5614/3297 3321/5620/3299
f 3318/5616/3296 3321/5620/3299 3319/5614/3297
f 3321/5620/3299 3318/5616/3296 1374/2255/1370
f 1374/2255/1370 1373/2254/1369 3321/5620/3299
f 2479/4134/2460 3321/5620/3299 1373/2254/1369
f 3321/5621/3299 2479/5622/2460 3320/5623/3298
f 3320/5618/3298 3322/5624/3300 1370/2240/1363
f 3320/5618/3298 3254/5496/3233 3322/5624/3300
f 3254/5625/3233 3320/5623/3298 2479/5622/2460
f 3322/5626/3300 1301/2152/1297 3323/5627/3301
f 1301/2154/1297 3322/5624/3300 1299/2149/1295
f 3323/5628/3301 1368/2241/1364 3322/5624/3300
f 1370/2240/1363 3322/5624/3300 1368/2241/1364
f 1299/2149/1295 3322/5624/3300 3254/5496/3233
f 3325/5629/3302 3323/5627/3301 1301/2152/1297
f 3323/5627/3301 3325/5629/3302 3324/5630/3303
f 3323/5627/3301 3324/5630/3303 3326/5631/3304
f 1368/5632/1364 3323/5627/3301 3326/5631/3304
f 3326/5631/3304 1320/2173/1315 3327/5633/3305
f 1320/2173/1315 3326/5631/3304 3324/5630/3303
f 3327/5633/3305 1341/2195/1337 3326/5631/3304
f 3326/5631/3304 1369/5634/1365 1368/5632/1364
f 1369/5634/1365 3326/5631/3304 1341/2195/1337
f 1341/2195/1337 3327/5633/3305 1340/2193/1335
f 1322/2176/1318 1340/2193/1335 3327/5633/3305
f 1319/2172/1314 3327/5633/3305 1320/2173/1315
f 1319/2172/1314 1322/2176/1318 3327/5633/3305
f 1317/2171/1313 3324/5630/3303 3325/5629/3302
f 1301/2152/1297 1302/2151/1296 3325/5629/3302
f 3325/5629/3302 1302/2151/1296 1308/2162/1304
f 1317/2171/1313 3325/5629/3302 1313/2167/1309
f 1308/2162/1304 1313/2167/1309 3325/5629/3302
f 3324/5630/3303 1317/2171/1313 1320/2173/1315
f 1374/2255/1370 3318/5616/3296 2472/4118/2450
f 3316/5613/3294 3256/5490/3234 2471/5635/2453
f 2471/5635/2453 2472/5610/2450 3316/5613/3294
f 2470/5492/2451 2471/5635/2453 3256/5490/3234
f 2476/4126/2456 1282/4160/1278 1286/4124/1280
f 2475/4122/2454 1286/4127/1280 2452/4100/2432
f 2455/4093/2435 1389/2279/1385 2456/4094/2436
f 1379/2271/1373 2456/4094/2436 1389/2279/1385
f 1286/5636/1280 1284/4087/1279 2452/4089/2432
f 2426/5637/2406 1284/5638/1279 1290/5639/1286
f 2410/4037/2388 2405/4045/2385 2423/4038/2403
f 1267/2111/1261 2420/4024/2399 2418/4023/2398
f 1262/2095/1258 2420/4028/2399 1267/2098/1261
f 1262/2095/1258 1261/2094/1257 2420/4028/2399
f 2418/5424/2398 2419/4030/2400 1186/1982/1180
f 1184/1983/1181 1186/1982/1180 2419/4030/2400
f 2418/4023/2398 1276/2112/1271 1267/2111/1261
f 1276/2115/1271 2418/5424/2398 1277/2116/1272
f 1240/2060/1235 2416/4021/2396 1261/2094/1257
f 1240/2060/1235 2412/4017/2393 2416/4021/2396
f 2414/4036/2395 2408/5640/2390 2409/4032/2391
f 1245/2062/1236 1244/2071/1241 2413/4018/2394
f 2401/4000/2382 2413/4018/2394 1244/2071/1241
f 1245/2062/1236 2413/4018/2394 2412/4017/2393
f 1240/2060/1235 1245/2062/1236 2412/4017/2393
f 2406/4007/2386 2405/4006/2385 2410/4009/2388
f 2397/3992/2377 2391/3985/2370 2403/5641/2383
f 2386/3981/2366 2403/5641/2383 2391/3985/2370
f 2401/4000/2382 1244/2071/1241 1243/2070/1240
f 1233/5642/1228 2395/3990/2375 2398/3996/2379
f 1233/5643/1228 2398/3997/2379 1241/2068/1238
f 1233/5642/1228 2393/3988/2373 2395/3990/2375
f 1233/5642/1228 2390/3986/2371 2393/3988/2373
f 1232/5644/1227 2388/5645/2369 2390/5646/2371
f 1233/5647/1228 1232/5644/1227 2390/5646/2371
f 1232/3969/1227 2384/3980/2365 2388/3984/2369
f 2386/3981/2366 2382/3977/2362 2380/3972/2360
f 2374/3964/2355 2373/3963/2354 2379/3971/2359
f 2368/5648/2348 2348/5649/2328 2362/5650/2342
f 2295/3830/2273 2345/3929/2326 2335/3915/2315
f 2341/3925/2322 2344/3926/2323 2338/3919/2319
f 2333/3913/2313 2336/3917/2317 2339/3923/2320
f 2332/3912/2312 2333/3913/2313 2339/3923/2320
f 2331/3911/2311 2332/3912/2312 2339/3923/2320
f 2326/5651/2308 2298/3842/2278 2320/5652/2301
f 2312/3883/2293 2320/3892/2301 3328/5653/3306
f 3328/5654/3306 2320/5652/2301 2298/3842/2278
f 2298/3842/2278 2299/3844/2279 3328/5654/3306
f 2305/3859/2285 3328/5655/3306 2299/3849/2279
f 3328/5653/3306 2305/3872/2285 2312/3883/2293
f 2279/3877/2259 2277/5300/2254 2309/3876/2290
f 2294/3836/2276 2285/3822/2265 2286/3823/2266
f 2294/3836/2276 2286/3823/2266 2288/3826/2269
f 2274/3812/2255 1359/2223/1353 1356/2222/1352
f 2272/3810/2253 2269/3807/2250 2258/5656/2239
f 2258/5656/2239 2257/5657/2238 2272/3810/2253
f 2264/3796/2245 2272/5658/2253 2257/3794/2238
f 2270/5659/2248 2263/3789/2243 1540/2481/1535
f 1540/2481/1535 2254/3777/2235 2270/5659/2248
f 2254/3777/2235 2268/5660/2249 2270/5659/2248
f 2268/5661/2249 2258/5656/2239 2269/3807/2250
f 2258/3784/2239 2268/5660/2249 2254/3777/2235
f 2266/3798/2246 1534/2470/1530 1532/2467/1528
f 2261/5662/2241 1543/5663/1538 1540/5664/1535
f 1543/5663/1538 2261/5662/2241 3329/5665/3307
f 2260/5666/2242 3329/5665/3307 2261/5662/2241
f 3329/5665/3307 1544/5667/1539 1543/5663/1538
f 3331/5668/3308 1544/5667/1539 3329/5665/3307
f 3329/5665/3307 2260/5666/2242 2242/3764/2224
f 3329/5665/3307 2242/3764/2224 3330/5669/3309
f 3329/5665/3307 3330/5669/3309 3331/5668/3308
f 3331/5670/3308 3332/5671/3310 1544/2489/1539
f 3331/5668/3308 3330/5669/3309 3333/5672/3311
f 3334/5673/3312 3332/5671/3310 3331/5670/3308
f 3331/5668/3308 3333/5672/3311 3334/5674/3312
f 1572/5675/1566 1567/5676/1563 3334/5674/3312
f 1567/5676/1563 1569/5677/1564 3334/5674/3312
f 3332/5671/3310 3334/5673/3312 1569/5678/1564
f 1572/5675/1566 3334/5674/3312 3333/5672/3311
f 2212/3706/2192 3333/5672/3311 3330/5669/3309
f 1571/2527/1567 3333/5672/3311 2212/3706/2192
f 1572/5675/1566 3333/5672/3311 1571/2527/1567
f 1545/2490/1540 1544/2489/1539 3332/5671/3310
f 1545/2490/1540 3332/5671/3310 3335/5679/3313
f 1569/5678/1564 3335/5679/3313 3332/5671/3310
f 3335/5679/3313 1547/2493/1542 1545/2490/1540
f 1550/2499/1545 1547/2493/1542 3335/5679/3313
f 3335/5679/3313 1555/2504/1550 1550/2499/1545
f 1561/2510/1556 1555/2504/1550 3335/5679/3313
f 1569/5678/1564 1561/2510/1556 3335/5679/3313
f 2212/3706/2192 3330/5669/3309 2242/3764/2224
f 2243/3759/2221 2242/5680/2224 2260/3787/2242
f 2254/3777/2235 1540/2481/1535 1541/2483/1536
f 2246/3767/2227 2248/3768/2228 2152/3613/2132
f 2246/3767/2227 2154/3616/2135 2155/3617/2136
f 2154/3616/2135 2246/3767/2227 2152/3613/2132
f 2208/3703/2189 2246/3767/2227 2155/3617/2136
f 2155/3617/2136 2159/3624/2140 2208/3703/2189
f 2195/3673/2176 2202/3690/2182 2198/3676/2179
f 2202/3690/2182 2195/3673/2176 2196/3672/2175
f 2175/3643/2156 2168/3633/2149 2171/3636/2152
f 2123/3558/2105 2173/3645/2153 2135/3590/2116
f 2123/3558/2105 816/1399/818 2173/3645/2153
f 2160/3622/2138 2143/3601/2123 2166/3630/2146
f 2166/3630/2146 2143/3601/2123 2138/3598/2121
f 2166/3630/2146 2138/3598/2121 2140/3597/2120
f 2165/3629/2145 2139/3600/2122 2141/3596/2119
f 2144/3602/2124 2143/3601/2123 2160/3622/2138
f 2157/3621/2137 2144/3602/2124 2160/3622/2138
f 2092/3487/2074 2095/3560/2077 2124/3563/2107
f 2083/3468/2066 2079/3464/2062 2080/3465/2063
f 2067/3440/2050 2064/3434/2047 2074/5681/2057
f 2069/5682/2052 2067/3440/2050 2074/5681/2057
f 2053/3420/2039 3336/5683/1613 2061/3418/2037
f 2061/5684/2037 3336/5685/1613 3338/5686/3314
f 2061/3418/2037 870/1470/868 866/1469/867
f 870/5687/868 2061/5684/2037 3337/5688/3315
f 3338/5686/3314 3337/5688/3315 2061/5684/2037
f 3337/5689/3315 3338/5690/3314 3340/5691/3316
f 3338/5690/3314 3339/5692/1633 3340/5691/3316
f 3339/5693/1633 3338/5694/3314 3336/5695/1613
f 3341/5696/3317 3337/5689/3315 3340/5691/3316
f 3343/5697/3318 3341/5696/3317 3340/5691/3316
f 3339/5692/1633 3342/5698/1631 3340/5691/3316
f 3342/5698/1631 3343/5697/3318 3340/5691/3316
f 3341/5699/3317 3343/5700/3318 871/5701/873
f 869/5702/871 871/5701/873 3343/5700/3318
f 3343/5700/3318 3342/5703/1631 869/5702/871
f 3344/5704/1635 869/5702/871 3342/5703/1631
f 3342/5705/1631 3339/5693/1633 3344/5706/1635
f 3336/5695/1613 3344/5706/1635 3339/5693/1633
f 3344/5707/1635 3336/5683/1613 867/1475/872
f 867/1475/872 869/1474/871 3344/5707/1635
f 3337/5688/3315 3341/5708/3317 870/5687/868
f 871/5709/873 870/5687/868 3341/5708/3317
f 2053/3420/2039 867/1475/872 3336/5683/1613
f 2060/3427/2045 3345/5710/3319 2057/3426/2044
f 2060/3427/2045 3348/5711/3320 3345/5710/3319
f 3347/5712/3321 2060/5713/2045 2059/5714/2046
f 2060/5713/2045 3347/5712/3321 3346/5715/3322
f 3346/5715/3322 3348/5716/3320 2060/5713/2045
f 3348/5716/3320 3346/5715/3322 3349/5717/3323
f 3349/5717/3323 3350/5718/3324 3348/5716/3320
f 3348/5711/3320 3350/5719/3324 3351/5720/3325
f 3351/5720/3325 3345/5710/3319 3348/5711/3320
f 3351/5721/3325 3353/5722/3326 3352/5723/3327
f 3352/5723/3327 3354/5724/3328 3351/5721/3325
f 3345/5725/3319 3351/5721/3325 3354/5724/3328
f 3353/5726/3326 3351/5720/3325 3350/5719/3324
f 3356/5727/3329 3355/5728/3330 3354/5729/3328
f 3358/5730/3331 3354/5729/3328 3355/5728/3330
f 3354/5729/3328 3352/5731/3327 3357/5732/3332
f 3357/5732/3332 3356/5727/3329 3354/5729/3328
f 3354/5724/3328 3358/5733/3331 3345/5725/3319
f 3358/5730/3331 3355/5728/3330 3360/5734/6
f 3360/5734/6 3359/5735/3333 3358/5730/3331
f 3361/5736/3334 3358/5730/3331 3359/5735/3333
f 3358/5737/3331 3361/5738/3334 2057/5739/2044
f 2057/5739/2044 3345/5740/3319 3358/5737/3331
f 3359/5735/3333 3363/5741/3335 3361/5736/3334
f 3361/5742/3334 3362/5743/3336 3364/5744/3337
f 3363/5741/3335 3362/5745/3336 3361/5736/3334
f 3364/5746/3337 2057/5739/2044 3361/5738/3334
f 3364/5747/3337 3353/5726/3326 3365/5748/821
f 3365/5748/821 3367/5749/3338 3364/5747/3337
f 3353/5750/3326 3364/5744/3337 3362/5743/3336
f 3367/5749/3338 3366/5751/3339 3364/5747/3337
f 2057/3426/2044 3364/5747/3337 3366/5751/3339
f 3365/5748/821 3369/5752/3340 3367/5749/3338
f 3367/5753/3338 3368/5754/3341 3363/5755/3335
f 3368/5754/3341 3367/5753/3338 3369/5756/3340
f 3363/5755/3335 3366/5757/3339 3367/5753/3338
f 3369/5752/3340 3365/5748/821 3371/5758/3342
f 3369/5756/3340 3372/5759/3343 3368/5754/3341
f 3372/5759/3343 3369/5756/3340 3370/5760/3344
f 3370/5761/3344 3369/5752/3340 3371/5758/3342
f 3370/5760/3344 3373/5762/3345 3372/5759/3343
f 3372/5763/3343 3373/5764/3345 3375/5765/3346
f 3368/5766/3341 3372/5763/3343 3374/5767/6
f 3374/5767/6 3372/5763/3343 3375/5765/3346
f 3376/5768/3347 3375/5769/3346 3371/5770/3342
f 3374/5767/6 3375/5765/3346 3376/5771/3347
f 3377/5772/3348 3375/5765/3346 3373/5764/3345
f 3375/5769/3346 3377/5773/3348 3378/5774/3349
f 3378/5774/3349 3371/5770/3342 3375/5769/3346
f 3381/5775/3350 3378/5776/3349 3377/5777/3348
f 3371/5758/3342 3378/5778/3349 3379/5779/3351
f 3380/5780/3352 3379/5779/3351 3378/5778/3349
f 3378/5778/3349 3381/5781/3350 3380/5780/3352
f 3377/5777/3348 3382/5782/3353 3381/5775/3350
f 3384/5783/3354 3381/5775/3350 3382/5782/3353
f 3383/5784/3355 3380/5780/3352 3381/5781/3350
f 3381/5781/3350 3384/5785/3354 3383/5784/3355
f 3384/5785/3354 3387/5786/3356 3385/5787/821
f 3384/5785/3354 3385/5787/821 3383/5784/3355
f 3382/5788/3353 3386/5789/3357 3384/5790/3354
f 3387/5791/3356 3384/5790/3354 3386/5789/3357
f 3365/5748/821 3387/5786/3356 3371/5758/3342
f 3365/5748/821 3385/5787/821 3387/5786/3356
f 3386/5789/3357 3376/5792/3347 3387/5791/3356
f 3371/5793/3342 3387/5791/3356 3376/5792/3347
f 3388/5794/6 3386/5795/3357 3382/5796/3353
f 3376/5771/3347 3386/5795/3357 3388/5794/6
f 3389/5797/3358 3396/5798/3359 3388/5794/6
f 3390/5799/3360 3389/5797/3358 3388/5794/6
f 3388/5794/6 1786/2897/1781 3390/5799/3360
f 3388/5794/6 3391/5800/3361 1786/2897/1781
f 3388/5794/6 3393/5801/3362 3391/5800/3361
f 3376/5771/3347 3388/5794/6 3374/5767/6
f 3392/5802/3363 3388/5794/6 3382/5796/3353
f 3392/5802/3363 3393/5801/3362 3388/5794/6
f 3388/5794/6 3394/5803/3364 3397/5804/3365
f 3395/5805/3366 3394/5803/3364 3388/5794/6
f 3395/5805/3366 3388/5794/6 3396/5798/3359
f 3397/5804/3365 3374/5767/6 3388/5794/6
f 3398/5806/3367 3397/5807/3365 3394/5808/3364
f 3397/5807/3365 3398/5806/3367 3400/5809/3368
f 3397/5804/3365 3399/5810/3369 3374/5767/6
f 3400/5809/3368 3399/5811/3369 3397/5807/3365
f 3402/5812/3370 3400/5813/3368 3401/5814/3371
f 3401/5814/3371 3400/5813/3368 3398/5815/3367
f 3399/5811/3369 3400/5809/3368 3402/5816/3370
f 3405/5817/6 3402/5812/3370 3401/5814/3371
f 3402/5816/3370 3403/5818/3372 3404/5819/3373
f 3403/5818/3372 3402/5816/3370 3406/5820/3374
f 3402/5816/3370 3404/5819/3373 3399/5811/3369
f 3402/5812/3370 3405/5817/6 3406/5821/3374
f 3406/5821/3374 3405/5817/6 3407/5822/3375
f 3408/5823/3376 3406/5821/3374 3407/5822/3375
f 3357/5824/3332 3406/5820/3374 3408/5825/3376
f 3406/5820/3374 3357/5824/3332 3403/5818/3372
f 3407/5822/3375 3410/5826/3377 3408/5823/3376
f 3356/5827/3329 3408/5825/3376 3409/5828/3378
f 3409/5829/3378 3408/5823/3376 3410/5826/3377
f 3408/5825/3376 3356/5827/3329 3357/5824/3332
f 3413/5830/3379 3409/5829/3378 3410/5826/3377
f 3410/5831/3377 3412/5832/3380 3411/5833/3381
f 3411/5833/3381 3414/5834/3382 3410/5831/3377
f 3412/5832/3380 3410/5831/3377 3407/5835/3375
f 3410/5826/3377 3414/5836/3382 3413/5830/3379
f 3415/5837/3383 3418/5838/3384 3414/5836/3382
f 3415/5837/3383 3414/5836/3382 3416/5839/3385
f 3417/5840/3386 3416/5841/3385 3414/5842/3382
f 3414/5843/3382 3411/5844/3381 3417/5845/3386
f 3418/5838/3384 3413/5830/3379 3414/5836/3382
f 3419/5846/3387 3418/5847/3384 3415/5848/3383
f 3355/5849/3330 3413/5850/3379 3418/5847/3384
f 3419/5846/3387 3355/5849/3330 3418/5847/3384
f 3415/5848/3383 3420/5851/3388 3419/5846/3387
f 3360/5734/6 3419/5852/3387 3420/5853/3388
f 3355/5728/3330 3419/5852/3387 3360/5734/6
f 3420/5851/3388 3415/5848/3383 3422/5854/3389
f 3420/5853/3388 3421/5855/3390 2044/5856/2028
f 3422/5854/3389 3421/5857/3390 3420/5851/3388
f 2046/5858/2029 3360/5734/6 3420/5853/3388
f 3420/5853/3388 2044/5856/2028 2046/5858/2029
f 3422/5859/3389 3415/5837/3383 3423/5860/3391
f 3423/5861/3391 3425/5862/3392 3422/5863/3389
f 2037/5864/2021 3422/5854/3389 3424/5865/3393
f 3424/5865/3393 3422/5854/3389 3425/5866/3392
f 3422/5854/3389 2037/5864/2021 3421/5857/3390
f 3423/5867/3391 3427/5868/3394 3425/5869/3392
f 3425/5870/3392 3428/5871/3395 3424/5872/3393
f 3426/5873/3396 3425/5870/3392 3427/5874/3394
f 3428/5871/3395 3425/5870/3392 3426/5873/3396
f 3429/5875/3397 3433/5876/6 3428/5871/3395
f 3428/5871/3395 3430/5877/3398 3429/5875/3397
f 3430/5878/3398 3428/5879/3395 3431/5880/3399
f 3426/5881/3396 3431/5880/3399 3428/5879/3395
f 3434/5882/6 3432/5883/3400 3428/5871/3395
f 3432/5883/3400 3424/5872/3393 3428/5871/3395
f 3433/5876/6 3434/5882/6 3428/5871/3395
f 3434/5882/6 3436/5884/3401 3432/5883/3400
f 3434/5882/6 3433/5876/6 3435/5885/3402
f 3436/5884/3401 3434/5882/6 3435/5885/3402
f 2028/5886/2011 3436/5887/3401 3437/5888/3403
f 3437/5889/3403 3436/5884/3401 3435/5885/3402
f 3436/5887/3401 2032/5890/2012 2031/5891/2016
f 2031/5891/2016 3432/5892/3400 3436/5887/3401
f 3436/5887/3401 2028/5886/2011 2032/5890/2012
f 2030/5893/2014 2029/5894/2013 3437/5895/3403
f 3437/5888/3403 2029/5896/2013 2028/5886/2011
f 3439/5897/3404 3437/5895/3403 3438/5898/3405
f 3438/5899/3405 3437/5889/3403 3441/5900/3406
f 3439/5897/3404 2030/5893/2014 3437/5895/3403
f 3440/5901/3407 3441/5902/3406 3437/5903/3403
f 3435/5885/3402 3440/5904/3407 3437/5889/3403
f 3442/5905/3408 3443/5906/3409 3441/5902/3406
f 3440/5901/3407 3442/5905/3408 3441/5902/3406
f 3441/5900/3406 3443/5907/3409 3444/5908/6
f 3444/5908/6 3445/5909/3410 3441/5900/3406
f 3445/5909/3410 3438/5899/3405 3441/5900/3406
f 3444/5908/6 3446/5910/3411 3445/5909/3410
f 3447/5911/3412 3445/5912/3410 3446/5913/3411
f 3449/5914/3413 3438/5898/3405 3445/5912/3410
f 3445/5912/3410 3447/5911/3412 3448/5915/3414
f 3445/5912/3410 3448/5915/3414 3449/5914/3413
f 3448/5916/3414 2009/3337/6 3449/5917/3413
f 2009/3337/6 3439/5918/3404 3449/5917/3413
f 3438/5898/3405 3449/5914/3413 3439/5897/3404
f 2009/3337/6 3448/5916/3414 3447/5919/3412
f 3447/5911/3412 3446/5913/3411 3450/5920/3415
f 3450/5920/3415 3451/5921/3416 3447/5911/3412
f 3447/5919/3412 3451/5922/3416 3452/5923/3417
f 3452/5923/3417 2009/3337/6 3447/5919/3412
f 3453/5924/3418 3452/5925/3417 1997/5926/1984
f 3455/5927/3419 1997/5926/1984 3452/5925/3417
f 2009/3337/6 3452/5923/3417 3453/5928/3418
f 3452/5925/3417 3454/5929/3420 3455/5927/3419
f 3454/5930/3420 3452/5923/3417 3451/5922/3416
f 3454/5931/3420 3456/5932/3421 3455/5933/3419
f 1997/3320/1984 3455/5934/3419 1996/3319/1983
f 1628/2602/1623 1996/3319/1983 3455/5934/3419
f 3455/5934/3419 1625/2601/1622 1628/2602/1623
f 1625/5935/1622 3455/5933/3419 3456/5932/3421
f 3456/5936/3421 3454/5930/3420 3460/5937/3422
f 3456/5932/3421 3457/5938/3423 1625/5935/1622
f 3457/5939/3423 3456/5936/3421 3459/5940/3424
f 3460/5937/3422 3458/5941/3425 3456/5936/3421
f 3456/5936/3421 3458/5941/3425 3459/5940/3424
f 3462/5942/3426 3458/5943/3425 3460/5944/3422
f 3451/5922/3416 3460/5937/3422 3454/5930/3420
f 3461/5945/3427 3460/5944/3422 3451/5921/3416
f 3460/5944/3422 3461/5945/3427 3462/5942/3426
f 3464/5946/3428 3463/5947/3429 3462/5948/3426
f 3465/5949/3430 3462/5948/3426 3463/5947/3429
f 3462/5948/3426 3461/5950/3427 3464/5946/3428
f 3458/5943/3425 3462/5942/3426 3465/5951/3430
f 3466/5952/3431 3465/5949/3430 3463/5947/3429
f 3458/5943/3425 3465/5951/3430 3466/5953/3431
f 3472/5954/3432 3466/5953/3431 3467/5955/3433
f 3467/5956/3433 3466/5952/3431 3468/5957/3434
f 3466/5952/3431 3469/5958/3435 3468/5957/3434
f 3466/5952/3431 3471/5959/3436 3469/5958/3435
f 3463/5947/3429 3470/5960/3437 3466/5952/3431
f 3471/5959/3436 3466/5952/3431 3470/5960/3437
f 3466/5953/3431 3472/5954/3432 3458/5943/3425
f 3467/5955/3433 3473/5961/3438 3472/5954/3432
f 3472/5962/3432 3473/5963/3438 3475/5964/3439
f 3459/5940/3424 3472/5962/3432 3474/5965/3440
f 3472/5962/3432 3459/5940/3424 3458/5941/3425
f 3475/5964/3439 3474/5965/3440 3472/5962/3432
f 3474/5966/3440 3475/5967/3439 1651/5968/1646
f 3476/5969/3441 3475/5964/3439 3473/5963/3438
f 3475/5967/3439 3476/5970/3441 1652/5971/1647
f 1652/5971/1647 1651/5968/1646 3475/5967/3439
f 3476/5969/3441 3477/5972/3442 3478/5973/3443
f 3473/5963/3438 3477/5972/3442 3476/5969/3441
f 3478/5973/3443 3479/5974/3444 3476/5969/3441
f 3476/5975/3441 3479/5976/3444 3480/5977/3445
f 3480/5978/3445 1652/5971/1647 3476/5970/3441
f 3480/5979/3445 3482/5980/3446 3481/5981/3447
f 3480/5979/3445 3481/5981/3447 1653/2665/1648
f 3482/5982/3446 3480/5977/3445 3479/5976/3444
f 1652/2664/1647 3480/5979/3445 1653/2665/1648
f 3483/5983/3448 3482/5980/3446 3485/5984/3449
f 3483/5983/3448 3481/5981/3447 3482/5980/3446
f 3479/5976/3444 3484/5985/3450 3482/5982/3446
f 3485/5986/3449 3482/5987/3446 3484/5988/3450
f 3484/5988/3450 3474/5989/3440 3485/5986/3449
f 1651/5990/1646 3485/5986/3449 3474/5989/3440
f 1626/2603/1624 3483/5983/3448 3485/5984/3449
f 1626/2603/1624 3485/5984/3449 1651/2663/1646
f 3474/5965/3440 3484/5991/3450 3486/5992/3451
f 3478/5973/3443 3486/5992/3451 3484/5991/3450
f 3484/5991/3450 3479/5974/3444 3478/5973/3443
f 1626/5993/1624 3487/5994/3452 3486/5995/3451
f 3486/5992/3451 3487/5996/3452 3474/5965/3440
f 3483/5997/3448 3486/5995/3451 3478/5998/3443
f 3486/5995/3451 3483/5997/3448 1626/5993/1624
f 3487/5994/3452 1627/5999/1621 1624/6000/1620
f 1624/6000/1620 3459/6001/3424 3487/5994/3452
f 3487/5994/3452 1626/5993/1624 1627/5999/1621
f 3474/5965/3440 3487/5996/3452 3459/5940/3424
f 3478/5998/3443 3481/6002/3447 3483/5997/3448
f 3481/6002/3447 3478/5998/3443 3489/6003/3453
f 3489/6003/3453 3488/6004/3454 3481/6002/3447
f 1662/6005/1657 3481/5981/3447 3488/6006/3454
f 3481/5981/3447 1662/6005/1657 1653/2665/1648
f 3489/6007/3453 3478/5973/3443 3490/6008/3455
f 3492/6009/3456 3489/6007/3453 3490/6008/3455
f 3488/6004/3454 3489/6003/3453 3491/6010/3457
f 3491/6011/3457 3489/6007/3453 3492/6009/3456
f 3490/6008/3455 3498/6012/3458 3492/6009/3456
f 3495/6013/3459 3492/6014/3456 3493/6015/3460
f 3497/6016/3461 3493/6015/3460 3492/6014/3456
f 3492/6017/3456 3494/6018/3462 3497/6019/3461
f 3494/6020/3462 3492/6009/3456 3498/6012/3458
f 3492/6009/3456 3495/6021/3459 3496/6022/3463
f 3496/6022/3463 3491/6011/3457 3492/6009/3456
f 3498/6023/3458 3500/6024/3464 3499/6025/3465
f 3499/6025/3465 3501/6026/3466 3498/6023/3458
f 3500/6024/3464 3498/6023/3458 3490/6027/3455
f 3498/6012/3458 3501/6028/3466 3494/6020/3462
f 3501/6026/3466 3499/6025/3465 3504/6029/3467
f 3501/6028/3466 3502/6030/3468 3505/6031/3469
f 3503/6032/3470 3502/6033/3468 3501/6026/3466
f 3501/6026/3466 3504/6029/3467 3503/6032/3470
f 3505/6031/3469 3494/6020/3462 3501/6028/3466
f 3505/6034/3469 3506/6035/3471 3509/6036/3472
f 3506/6037/3471 3505/6031/3469 3507/6038/3473
f 3508/6039/3474 3507/6038/3473 3505/6031/3469
f 3502/6030/3468 3508/6039/3474 3505/6031/3469
f 3509/6036/3472 3510/6040/3475 3505/6034/3469
f 3494/6018/3462 3505/6041/3469 3510/6042/3475
f 3511/6043/3476 3512/6044/3477 3510/6045/3475
f 3513/6046/3478 3511/6043/3476 3510/6045/3475
f 3510/6045/3475 3512/6044/3477 1674/6047/1667
f 3497/6048/3461 3510/6045/3475 1674/6047/1667
f 3510/6045/3475 3509/6049/3472 3513/6046/3478
f 3510/6042/3475 3497/6019/3461 3494/6018/3462
f 3496/6050/3463 3513/6051/3478 3514/6052/3479
f 3514/6053/3479 3513/6046/3478 3515/6054/3480
f 3513/6051/3478 3496/6050/3463 3507/6055/3473
f 3509/6049/3472 3515/6054/3480 3513/6046/3478
f 3507/6055/3473 3511/6056/3476 3513/6051/3478
f 3506/6035/3471 3495/6057/3459 3515/6058/3480
f 3493/6015/3460 3515/6059/3480 3495/6013/3459
f 3515/6054/3480 3493/6060/3460 3514/6053/3479
f 3515/6058/3480 3509/6036/3472 3506/6035/3471
f 3491/6010/3457 3514/6052/3479 3488/6004/3454
f 3488/6006/3454 3514/6053/3479 3493/6060/3460
f 3514/6052/3479 3491/6010/3457 3496/6050/3463
f 3508/6061/3474 3512/6062/3477 3511/6056/3476
f 3516/6063/3481 1690/6064/1683 3512/6062/3477
f 3512/6062/3477 3508/6061/3474 3516/6063/3481
f 3512/6044/3477 1687/2724/1681 1674/6047/1667
f 3512/6044/3477 1690/2725/1683 1687/2724/1681
f 3517/6065/3482 3519/6066/3483 3516/6067/3481
f 3517/6065/3482 3516/6067/3481 3520/6068/3484
f 1690/6064/1683 3516/6063/3481 3518/6069/3485
f 3518/6070/3485 3516/6067/3481 3519/6066/3483
f 3502/6030/3468 3516/6067/3481 3508/6039/3474
f 3516/6067/3481 3502/6030/3468 3520/6068/3484
f 3520/6071/3484 3523/6072/3486 3521/6073/3487
f 3521/6073/3487 3522/6074/3488 3520/6071/3484
f 3520/6068/3484 3522/6075/3488 3517/6065/3482
f 3523/6072/3486 3520/6071/3484 3502/6033/3468
f 3502/6033/3468 3503/6032/3470 3523/6072/3486
f 3523/6076/3486 3503/6077/3470 1850/3018/1844
f 3521/6078/3487 3523/6076/3486 1850/3018/1844
f 3522/6074/3488 3521/6073/3487 3524/6079/3489
f 3522/6074/3488 3524/6079/3489 1844/3001/1836
f 1844/3001/1836 1842/2998/1834 3522/6074/3488
f 3522/6075/3488 1842/2996/1834 3525/6080/3490
f 3525/6080/3490 3517/6065/3482 3522/6075/3488
f 1841/2995/1833 3525/6080/3490 1842/2996/1834
f 3517/6081/3482 3525/6082/3490 1693/6083/1687
f 3525/6084/3490 1841/6085/1833 1693/6086/1687
f 3524/6087/3489 3521/6078/3487 1846/3006/1838
f 1844/3003/1836 3524/6087/3489 1846/3006/1838
f 3521/6078/3487 1850/3018/1844 1846/3006/1838
f 3519/6088/3483 3517/6089/3482 3527/6090/3491
f 3526/6091/3492 3519/6088/3483 3528/6092/3493
f 3518/6070/3485 3519/6066/3483 3526/6093/3492
f 3527/6090/3491 3528/6092/3493 3519/6088/3483
f 3530/6094/3494 3528/6095/3493 3529/6096/3495
f 3531/6097/3496 3529/6096/3495 3528/6095/3493
f 3528/6092/3493 3530/6098/3494 3526/6091/3492
f 1690/2725/1683 3528/6095/3493 3527/6099/3491
f 1690/2725/1683 3531/6097/3496 3528/6095/3493
f 3531/6100/3496 3518/6069/3485 1837/6101/1830
f 3518/6069/3485 3531/6100/3496 1690/6064/1683
f 1837/6101/1830 3529/6102/3495 3531/6100/3496
f 3530/6103/3494 1693/6086/1687 1841/6085/1833
f 1692/2729/1686 1693/2730/1687 3530/6094/3494
f 3529/6096/3495 989/2746/988 3530/6094/3494
f 3530/6094/3494 989/2746/988 1692/2729/1686
f 1841/6085/1833 3526/6104/3492 3530/6103/3494
f 3532/6105/3497 3533/6106/3498 3529/6107/3495
f 3529/6107/3495 1837/6108/1830 3532/6105/3497
f 989/2746/988 3529/6096/3495 3533/6109/3498
f 3532/6105/3497 3534/6110/3499 3533/6106/3498
f 3533/6109/3498 3534/6111/3499 989/2746/988
f 3535/6112/3500 3536/6113/3501 3534/6110/3499
f 3534/6110/3499 3532/6105/3497 3535/6112/3500
f 989/2746/988 3534/6111/3499 1704/2751/1699
f 3534/6111/3499 3536/6114/3501 1704/2751/1699
f 3536/6113/3501 3535/6112/3500 3537/6115/3502
f 3538/6116/3503 1704/2751/1699 3536/6114/3501
f 3537/6115/3502 1709/6117/1702 3536/6113/3501
f 3536/6114/3501 1709/2755/1702 3538/6116/3503
f 1708/2754/1701 3538/6116/3503 1709/2755/1702
f 3540/6118/3504 3539/6119/3505 3538/6120/3503
f 1704/6121/1699 3538/6120/3503 3539/6119/3505
f 3538/6122/3503 1708/6123/1701 3540/6124/3504
f 3539/6125/3505 3540/6126/3504 3537/6127/3502
f 3541/6128/3506 3537/6127/3502 3540/6126/3504
f 1833/6129/1826 3540/6124/3504 1708/6123/1701
f 3541/6128/3506 3540/6126/3504 1833/2985/1826
f 3541/6128/3506 1819/2961/1811 3543/6130/1995
f 1819/2961/1811 3541/6128/3506 1825/2984/1817
f 1833/2985/1826 1825/2984/1817 3541/6128/3506
f 3541/6131/3506 3542/6132/3507 1709/6117/1702
f 1709/6117/1702 3537/6115/3502 3541/6131/3506
f 3541/6131/3506 3544/6133/3508 3542/6132/3507
f 3545/6134/3509 3541/6128/3506 3543/6130/1995
f 3544/6133/3508 3541/6131/3506 3545/6135/3509
f 3544/6133/3508 3545/6135/3509 3546/6136/3510
f 3546/6137/3510 3545/6134/3509 3543/6130/1995
f 3549/6138/3511 3546/6136/3510 3547/6139/3512
f 3547/6140/3512 3546/6137/3510 3548/6141/3513
f 3546/6136/3510 3549/6138/3511 3544/6133/3508
f 3543/6130/1995 3548/6141/3513 3546/6137/3510
f 3547/6139/3512 3552/6142/3514 3549/6138/3511
f 3551/6143/3515 3550/6144/3516 3549/6145/3511
f 3544/6146/3508 3549/6145/3511 3550/6144/3516
f 3549/6145/3511 3552/6147/3514 3551/6143/3515
f 3552/6142/3514 3547/6139/3512 1814/6148/1807
f 1814/6148/1807 3554/6149/3517 3552/6142/3514
f 3553/6150/3518 3551/6143/3515 3552/6147/3514
f 3552/6147/3514 3554/6151/3517 3553/6150/3518
f 3554/6151/3517 1766/2854/821 3553/6150/3518
f 1766/2854/821 3554/6151/3517 3555/6152/3519
f 1774/2876/1767 3555/6153/3519 3554/6149/3517
f 3554/6149/3517 1814/6148/1807 1774/2876/1767
f 1774/2876/1767 1768/2875/1761 3555/6153/3519
f 3555/6152/3519 1768/2858/1761 1766/2854/821
f 3553/6154/3518 3556/6155/3520 1816/6156/1809
f 3556/6157/3520 3553/6150/3518 1764/2853/1758
f 3553/6150/3518 1766/2854/821 1764/2853/1758
f 1816/6158/1809 1817/6159/1808 3553/6160/3518
f 3551/6161/3515 3553/6160/3518 1817/6159/1808
f 3557/6162/3521 1707/2756/1703 3556/6157/3520
f 3550/6144/3516 3556/6157/3520 1707/2756/1703
f 3556/6163/3520 3550/6164/3516 3543/6165/1995
f 1764/2853/1758 3557/6162/3521 3556/6157/3520
f 3543/6166/1995 1816/6156/1809 3556/6155/3520
f 3558/6167/3522 1707/2758/1703 3557/6168/3521
f 1762/2849/1757 3557/6168/3521 1764/2850/1758
f 3557/6168/3521 1762/2849/1757 3558/6167/3522
f 3558/6169/3522 1762/2851/1757 3559/6170/3523
f 3559/6170/3523 3560/6171/3524 3558/6169/3522
f 3560/6171/3524 3561/6172/3525 3558/6169/3522
f 1712/2764/1707 3558/6169/3522 3561/6172/3525
f 1707/2758/1703 3558/6167/3522 1712/2763/1707
f 1725/6173/1720 1713/6174/1708 3561/6175/3525
f 3561/6175/3525 1728/6176/1724 1725/6173/1720
f 1728/6176/1724 3561/6175/3525 3560/6177/3524
f 3561/6172/3525 1713/2765/1708 1712/2764/1707
f 1729/6178/1722 3560/6177/3524 3559/6179/3523
f 3560/6177/3524 1729/6178/1722 1728/6176/1724
f 3562/6180/3526 3559/6170/3523 1762/2851/1757
f 3563/6181/3527 3559/6179/3523 3562/6182/3526
f 3559/6179/3523 3563/6181/3527 1729/6178/1722
f 3563/6183/3527 3564/6184/3528 1727/2787/1721
f 1729/2788/1722 3563/6183/3527 1727/2787/1721
f 3562/6182/3526 3564/6185/3528 3563/6181/3527
f 1747/2825/1742 1727/2787/1721 3564/6184/3528
f 3564/6185/3528 3562/6182/3526 1763/6186/1756
f 1763/6186/1756 3565/6187/3529 3564/6185/3528
f 3564/6184/3528 3565/6188/3529 1747/2825/1742
f 3565/6188/3529 1749/2826/1744 1747/2825/1742
f 3565/6187/3529 1763/6186/1756 1761/6189/1755
f 1761/6189/1755 1749/6190/1744 3565/6187/3529
f 1763/2848/1756 3562/6180/3526 1762/2851/1757
f 1817/6159/1808 3548/6191/3513 3551/6161/3515
f 3550/6164/3516 3551/6192/3515 3548/6193/3513
f 3550/6144/3516 1707/2756/1703 3542/6194/3507
f 3548/6193/3513 3543/6165/1995 3550/6164/3516
f 3550/6144/3516 3542/6194/3507 3544/6146/3508
f 3548/6141/3513 1817/2957/1808 3547/6140/3512
f 1814/2955/1807 3547/6140/3512 1817/2957/1808
f 1816/2958/1809 3543/6130/1995 1819/2961/1811
f 1707/2756/1703 1709/2755/1702 3542/6194/3507
f 3539/6119/3505 1834/6195/1827 1704/6121/1699
f 1834/2986/1827 3539/6125/3505 3532/6196/3497
f 3537/6127/3502 3535/6197/3500 3539/6125/3505
f 3535/6197/3500 3532/6196/3497 3539/6125/3505
f 3532/6196/3497 1837/2990/1830 1834/2986/1827
f 1689/6198/1685 3527/6199/3491 3517/6081/3482
f 3527/6099/3491 1689/2727/1685 1690/2725/1683
f 1837/2990/1830 3518/6070/3485 3526/6093/3492
f 3526/6093/3492 1841/2995/1833 1837/2990/1830
f 1693/6083/1687 1689/6198/1685 3517/6081/3482
f 3511/6056/3476 3507/6055/3473 3508/6061/3474
f 3507/6038/3473 3496/6022/3463 3506/6037/3471
f 3495/6021/3459 3506/6037/3471 3496/6022/3463
f 3567/6200/3530 3566/6201/3531 3504/6202/3467
f 3503/6077/3470 3504/6202/3467 3566/6201/3531
f 3504/6202/3467 3499/6203/3465 3567/6200/3530
f 3569/6204/3532 3566/6205/3531 3567/6206/3530
f 3570/6207/3533 3567/6208/3530 3568/6209/3534
f 3500/6210/3464 3568/6211/3534 3567/6200/3530
f 3499/6203/3465 3500/6210/3464 3567/6200/3530
f 3570/6207/3533 3569/6212/3532 3567/6208/3530
f 3568/6213/3534 3571/6214/3535 3570/6215/3533
f 3569/6216/3532 3570/6215/3533 3571/6214/3535
f 3572/6217/3536 3573/6218/3537 3571/6219/3535
f 3571/6219/3535 3568/6220/3534 3572/6217/3536
f 3573/6221/3537 3569/6216/3532 3571/6214/3535
f 3566/6205/3531 3569/6204/3532 3573/6222/3537
f 3573/6218/3537 3572/6217/3536 3566/6223/3531
f 3572/6224/3536 3568/6211/3534 3574/6225/6
f 3574/6225/6 1851/3019/6 3572/6224/3536
f 1851/3019/6 3566/6201/3531 3572/6224/3536
f 1851/3019/6 3574/6225/6 1857/3035/1849
f 3574/6225/6 3578/6226/3538 1857/3035/1849
f 3575/6227/3539 3574/6225/6 3568/6211/3534
f 3574/6225/6 3575/6227/3539 3576/6228/3540
f 3577/6229/3541 3574/6225/6 3576/6228/3540
f 3574/6225/6 3577/6229/3541 3578/6226/3538
f 3580/6230/3542 1857/3037/1849 3578/6231/3538
f 3579/6232/3543 3578/6231/3538 3577/6233/3541
f 3578/6231/3538 3579/6232/3543 3580/6230/3542
f 1857/3037/1849 3580/6230/3542 1858/3036/1850
f 3580/6234/3542 3579/6235/3543 3582/6236/3544
f 1858/6237/1850 3580/6234/3542 3581/6238/3545
f 3582/6236/3544 3581/6238/3545 3580/6234/3542
f 3583/6239/3546 3582/6236/3544 3579/6235/3543
f 3581/6240/3545 3582/6241/3544 3584/6242/3547
f 3585/6243/3548 3582/6244/3544 3583/6245/3546
f 3582/6241/3544 3585/6246/3548 3584/6242/3547
f 3584/6247/3547 3585/6248/3548 3583/6249/3546
f 3584/6247/3547 3583/6249/3546 3581/6250/3545
f 3579/6235/3543 3586/6251/6 3583/6239/3546
f 3581/6238/3545 3583/6239/3546 3586/6251/6
f 3586/6251/6 3591/6252/3549 3587/6253/3550
f 3587/6253/3550 3588/6254/3551 3586/6251/6
f 3592/6255/3552 3586/6251/6 3588/6254/3551
f 3586/6251/6 1858/6237/1850 3581/6238/3545
f 3586/6251/6 3589/6256/3553 3590/6257/3554
f 3586/6251/6 1861/3043/6 3589/6256/3553
f 3590/6257/3554 1859/3042/1851 3586/6251/6
f 3579/6235/3543 3591/6252/3549 3586/6251/6
f 1861/3043/6 3586/6251/6 3593/6258/3555
f 1859/3042/1851 1858/6237/1850 3586/6251/6
f 3592/6255/3552 3593/6258/3555 3586/6251/6
f 3593/6258/3555 3594/6259/3556 1861/3043/6
f 3596/6260/3557 3593/6261/3555 3592/6262/3552
f 3595/6263/3558 3594/6264/3556 3593/6261/3555
f 3593/6261/3555 3596/6260/3557 3595/6263/3558
f 3595/6265/3558 3596/6266/3557 3600/6267/3559
f 3596/6268/3557 3592/6255/3552 3597/6269/3560
f 3597/6270/3560 3598/6271/3561 3596/6272/3557
f 3599/6273/3562 3596/6266/3557 3598/6274/3561
f 3599/6273/3562 3601/6275/3563 3596/6266/3557
f 3601/6275/3563 3600/6267/3559 3596/6266/3557
f 3601/6276/3563 3603/6277/3564 3602/6278/3565
f 3602/6278/3565 3600/6279/3559 3601/6276/3563
f 3603/6277/3564 3601/6276/3563 3599/6280/3562
f 3604/6281/3566 3605/6282/3567 3603/6277/3564
f 3603/6277/3564 3599/6280/3562 3604/6281/3566
f 3602/6283/3565 3603/6284/3564 3607/6285/3568
f 3603/6284/3564 3605/6286/3567 3606/6287/3569
f 3606/6287/3569 3607/6285/3568 3603/6284/3564
f 3608/6288/3570 3602/6283/3565 3607/6285/3568
f 3607/6285/3568 3609/6289/3571 3608/6288/3570
f 3607/6290/3568 3606/6291/3569 3612/6292/3572
f 3609/6293/3571 3607/6290/3568 3610/6294/3573
f 3611/6295/3574 3610/6294/3573 3607/6290/3568
f 3612/6292/3572 3611/6295/3574 3607/6290/3568
f 3615/6296/3575 3611/6297/3574 3612/6298/3572
f 3613/6299/3576 3612/6300/3572 3606/6301/3569
f 3612/6298/3572 3613/6302/3576 3617/6303/3577
f 3616/6304/3578 3614/6305/3579 3612/6298/3572
f 3612/6298/3572 3614/6305/3579 3615/6296/3575
f 3617/6303/3577 3616/6304/3578 3612/6298/3572
f 3616/6306/3578 3617/6307/3577 3619/6308/3580
f 3620/6309/3581 3617/6307/3577 3618/6310/3582
f 3618/6311/3582 3617/6303/3577 3613/6302/3576
f 3620/6309/3581 3619/6308/3580 3617/6307/3577
f 3619/6312/3580 3620/6313/3581 3622/6314/3583
f 3618/6310/3582 3623/6315/3584 3620/6309/3581
f 3620/6313/3581 3623/6316/3584 3621/6317/3585
f 3621/6317/3585 3622/6314/3583 3620/6313/3581
f 3623/6316/3584 3625/6318/3586 3621/6317/3585
f 3623/6315/3584 3618/6310/3582 3624/6319/3587
f 3624/6319/3587 3625/6320/3586 3623/6315/3584
f 3624/6319/3587 3626/6321/3588 3625/6320/3586
f 3625/6320/3586 3626/6321/3588 3621/6322/3585
f 3626/6321/3588 3627/6323/3589 3628/6324/3590
f 3627/6323/3589 3626/6321/3588 3629/6325/3591
f 3628/6324/3590 3621/6322/3585 3626/6321/3588
f 3624/6319/3587 3629/6325/3591 3626/6321/3588
f 3629/6326/3591 3613/6302/3576 3630/6327/3592
f 3630/6327/3592 3631/6328/3593 3629/6326/3591
f 3629/6325/3591 3631/6329/3593 3627/6323/3589
f 3629/6326/3591 3624/6330/3587 3613/6302/3576
f 3632/6331/3594 3631/6328/3593 3630/6327/3592
f 3631/6329/3593 3632/6332/3594 3633/6333/3595
f 3633/6333/3595 3627/6323/3589 3631/6329/3593
f 3627/6323/3589 3633/6333/3595 3628/6324/3590
f 3633/6333/3595 3634/6334/3596 3628/6324/3590
f 3632/6332/3594 3634/6334/3596 3633/6333/3595
f 3634/6334/3596 3635/6335/3597 3636/6336/3598
f 3637/6337/3599 3635/6335/3597 3634/6334/3596
f 3636/6336/3598 3628/6324/3590 3634/6334/3596
f 3634/6334/3596 3632/6332/3594 3637/6337/3599
f 3630/6327/3592 3638/6338/3600 3637/6339/3599
f 3637/6339/3599 3632/6331/3594 3630/6327/3592
f 3639/6340/3601 3637/6339/3599 3638/6338/3600
f 3635/6335/3597 3637/6337/3599 3639/6341/3601
f 3639/6341/3601 3640/6342/3602 3642/6343/3603
f 3640/6344/3602 3639/6340/3601 3638/6338/3600
f 3639/6341/3601 3642/6343/3603 3641/6345/3604
f 3639/6341/3601 3641/6345/3604 3635/6335/3597
f 3642/6346/3603 3644/6347/3605 3643/6348/3606
f 3641/6349/3604 3642/6346/3603 3643/6348/3606
f 3644/6350/3605 3642/6343/3603 3640/6342/3602
f 3640/6342/3602 3645/6351/3607 3644/6350/3605
f 3646/6352/3608 3644/6353/3605 3645/6354/3607
f 3644/6347/3605 3646/6355/3608 3647/6356/3609
f 3647/6356/3609 3643/6348/3606 3644/6347/3605
f 3643/6348/3606 3647/6356/3609 3650/6357/3610
f 3646/6355/3608 3651/6358/3611 3647/6356/3609
f 3647/6356/3609 3648/6359/3612 3649/6360/3613
f 3648/6359/3612 3647/6356/3609 3651/6358/3611
f 3649/6360/3613 3650/6357/3610 3647/6356/3609
f 3653/6361/3614 3651/6362/3611 3646/6352/3608
f 3651/6358/3611 3652/6363/3615 3648/6359/3612
f 3654/6364/3616 3652/6365/3615 3651/6362/3611
f 3651/6362/3611 3653/6361/3614 3654/6364/3616
f 3654/6366/3616 3653/6367/3614 3657/6368/3617
f 3655/6369/3618 3652/6365/3615 3654/6364/3616
f 3654/6364/3616 3656/6370/3619 3655/6369/3618
f 3656/6371/3619 3654/6366/3616 3657/6368/3617
f 3658/6372/3620 1907/3134/1894 3657/6373/3617
f 3657/6373/3617 3659/6374/3621 3658/6372/3620
f 3659/6375/3621 3657/6368/3617 3653/6367/3614
f 1908/3135/1895 3657/6373/3617 1907/3134/1894
f 3660/6376/3622 3656/6371/3619 3657/6368/3617
f 3657/6368/3617 1908/3136/1895 3660/6376/3622
f 3656/6370/3619 3660/6377/3622 3661/6378/3623
f 3662/6379/3624 3661/6378/3623 3660/6377/3622
f 3660/6377/3622 1911/3140/1899 3662/6379/3624
f 1911/3142/1899 3660/6376/3622 1908/3136/1895
f 3661/6378/3623 3662/6379/3624 1916/3150/1903
f 3662/6379/3624 1912/3139/1898 1916/3150/1903
f 1912/3139/1898 3662/6379/3624 1911/3140/1899
f 3661/6378/3623 3655/6369/3618 3656/6370/3619
f 3655/6369/3618 3661/6378/3623 1916/3150/1903
f 3663/6380/3625 3658/6381/3620 3659/6382/3621
f 3638/6338/3600 3659/6375/3621 3640/6344/3602
f 3659/6382/3621 3638/6383/3600 3663/6380/3625
f 3645/6384/3607 3640/6344/3602 3659/6375/3621
f 3659/6375/3621 3653/6367/3614 3645/6384/3607
f 3658/6385/3620 3663/6386/3625 3666/6387/3626
f 3664/6388/3627 3663/6380/3625 3638/6383/3600
f 3663/6386/3625 3664/6389/3627 3665/6390/3628
f 3665/6390/3628 3666/6387/3626 3663/6386/3625
f 3666/6391/3626 3667/6392/3629 3668/6393/3630
f 3667/6392/3629 3666/6391/3626 3665/6394/3628
f 3668/6393/3630 3669/6395/3631 3666/6391/3626
f 3666/6387/3626 3669/6396/3631 3658/6385/3620
f 3669/6395/3631 3668/6393/3630 3670/6397/3632
f 3670/6397/3632 3671/6398/3633 3669/6395/3631
f 3669/6396/3631 3671/6399/3633 3658/6385/3620
f 3671/6398/3633 3670/6397/3632 3672/6400/3634
f 3672/6400/3634 3673/6401/3635 3671/6398/3633
f 3671/6399/3633 3673/6402/3635 1907/6403/1894
f 1907/6403/1894 3658/6385/3620 3671/6399/3633
f 3673/6402/3635 3674/6404/3636 1907/6403/1894
f 3675/6405/3637 3674/6406/3636 3673/6401/3635
f 3673/6401/3635 3672/6400/3634 3675/6405/3637
f 1892/3108/1880 3675/6407/3637 3676/6408/3638
f 3677/6409/3639 3676/6408/3638 3675/6407/3637
f 3675/6407/3637 3672/6410/3634 3677/6409/3639
f 3674/6406/3636 3675/6405/3637 1892/3106/1880
f 3677/6411/3639 3678/6412/3640 3679/6413/3641
f 3678/6412/3640 3677/6411/3639 3680/6414/3642
f 3679/6415/3641 3676/6408/3638 3677/6409/3639
f 3670/6416/3632 3680/6417/3642 3677/6409/3639
f 3672/6410/3634 3670/6416/3632 3677/6409/3639
f 3680/6414/3642 3681/6418/3643 3678/6412/3640
f 3681/6418/3643 3680/6414/3642 3682/6419/3644
f 3682/6420/3644 3680/6417/3642 3668/6421/3630
f 3670/6416/3632 3668/6421/3630 3680/6417/3642
f 3682/6422/3644 3683/6423/3645 3681/6424/3643
f 3683/6425/3645 3682/6420/3644 3684/6426/3646
f 3685/6427/3647 3684/6426/3646 3682/6420/3644
f 3668/6421/3630 3667/6428/3629 3682/6420/3644
f 3667/6428/3629 3685/6427/3647 3682/6420/3644
f 3685/6427/3647 3686/6429/3648 3684/6426/3646
f 3687/6430/3649 3686/6431/3648 3685/6432/3647
f 3665/6394/3628 3685/6432/3647 3667/6392/3629
f 3685/6432/3647 3665/6394/3628 3687/6430/3649
f 3687/6433/3649 3665/6390/3628 3664/6389/3627
f 3688/6434/3650 3687/6433/3649 3664/6389/3627
f 3686/6435/3648 3687/6436/3649 3688/6437/3650
f 3664/6389/3627 3689/6438/3651 3688/6434/3650
f 3691/6439/3652 3688/6434/3650 3689/6438/3651
f 3688/6437/3650 3690/6440/3653 3686/6435/3648
f 3690/6440/3653 3688/6437/3650 3691/6441/3652
f 3691/6441/3652 3692/6442/3654 3690/6440/3653
f 3692/6442/3654 3691/6441/3652 3693/6443/3655
f 3693/6444/3655 3691/6439/3652 3689/6438/3651
f 3693/6443/3655 3694/6445/3656 3692/6442/3654
f 3694/6445/3656 3693/6443/3655 3605/6282/3567
f 3605/6286/3567 3693/6444/3655 3606/6287/3569
f 3689/6438/3651 3606/6287/3569 3693/6444/3655
f 3598/6274/3561 3695/6446/3657 3694/6447/3656
f 3694/6447/3656 3604/6448/3566 3598/6274/3561
f 3692/6449/3654 3694/6447/3656 3695/6446/3657
f 3605/6282/3567 3604/6281/3566 3694/6445/3656
f 3698/6450/3658 3695/6446/3657 3598/6274/3561
f 3695/6446/3657 3696/6451/3659 3690/6452/3653
f 3697/6453/3660 3696/6454/3659 3695/6455/3657
f 3690/6452/3653 3692/6449/3654 3695/6446/3657
f 3695/6455/3657 3698/6456/3658 3697/6453/3660
f 3698/6457/3658 3597/6269/3560 3699/6458/6
f 3697/6459/3660 3698/6457/3658 3699/6458/6
f 3598/6271/3561 3597/6270/3560 3698/6460/3658
f 3699/6458/6 3700/6461/3661 3705/6462/3662
f 3701/6463/3663 3700/6461/3661 3699/6458/6
f 3699/6458/6 3702/6464/3664 3701/6463/3663
f 3592/6255/3552 3699/6458/6 3597/6269/3560
f 3703/6465/3665 3702/6464/3664 3699/6458/6
f 3699/6458/6 3592/6255/3552 3703/6465/3665
f 3706/6466/3666 3704/6467/3667 3699/6458/6
f 3699/6458/6 3704/6467/3667 3697/6459/3660
f 3699/6458/6 3705/6462/3662 3706/6466/3666
f 3706/6468/3666 3705/6469/3662 3707/6470/3668
f 3708/6471/3669 3706/6472/3666 3707/6473/3668
f 3704/6467/3667 3706/6466/3666 3708/6474/3669
f 3710/6475/6 3704/6467/3667 3708/6474/3669
f 3709/6476/3670 3708/6471/3669 3707/6473/3668
f 3708/6474/3669 3709/6477/3670 3710/6475/6
f 3700/6461/3661 3710/6475/6 3709/6477/3670
f 3700/6461/3661 3712/6478/3671 3710/6475/6
f 3710/6475/6 3713/6479/6 3704/6467/3667
f 3710/6475/6 3711/6480/3672 3714/6481/3673
f 3711/6480/3672 3710/6475/6 3712/6478/3671
f 3713/6479/6 3710/6475/6 3715/6482/3674
f 3714/6481/3673 3715/6482/3674 3710/6475/6
f 3717/6483/3675 3716/6484/3676 3715/6485/3674
f 3715/6482/3674 3716/6486/3676 3713/6479/6
f 3715/6487/3674 3714/6488/3673 3717/6489/3675
f 3716/6484/3676 3717/6483/3675 3718/6490/3677
f 3718/6491/3677 3717/6489/3675 3714/6488/3673
f 3714/6492/3673 3716/6493/3676 3718/6494/3677
f 3716/6486/3676 3714/6481/3673 3719/6495/3678
f 3719/6495/3678 3713/6479/6 3716/6486/3676
f 3719/6495/3678 3720/6496/3679 3713/6479/6
f 3429/6497/3397 3720/6496/3679 3719/6495/3678
f 3719/6498/3678 3722/6499/3680 3429/6500/3397
f 3721/6501/3681 3719/6495/3678 3711/6480/3672
f 3722/6502/3680 3719/6495/3678 3721/6501/3681
f 3711/6480/3672 3719/6495/3678 3714/6481/3673
f 3722/6503/3680 3723/6504/3682 3444/5908/6
f 3722/6503/3680 3444/5908/6 3433/5876/6
f 3433/5876/6 3429/5875/3397 3722/6503/3680
f 3722/6505/3680 3721/6506/3681 3711/6507/3672
f 3711/6508/3672 3723/6504/3682 3722/6503/3680
f 3444/5908/6 3723/6504/3682 3724/6509/3683
f 3724/6509/3683 3723/6504/3682 3471/5959/3436
f 3712/6510/3671 3471/6511/3436 3723/6512/3682
f 3723/6512/3682 3711/6513/3672 3712/6510/3671
f 3727/6514/3684 3724/6515/3683 3470/6516/3437
f 3470/5960/3437 3724/6509/3683 3471/5959/3436
f 3446/5910/3411 3444/5908/6 3724/6509/3683
f 3724/6509/3683 3725/6517/3685 3446/5910/3411
f 3726/6518/3686 3725/6519/3685 3724/6515/3683
f 3724/6515/3683 3727/6514/3684 3726/6518/3686
f 3728/6520/3687 3727/6521/3684 3729/6522/3688
f 3728/6520/3687 3726/6523/3686 3727/6521/3684
f 3470/6524/3437 3729/6525/3688 3727/6526/3684
f 3463/6527/3429 3728/6528/3687 3729/6529/3688
f 3729/6525/3688 3470/6524/3437 3463/6530/3429
f 3463/6527/3429 3464/6531/3428 3728/6528/3687
f 3464/6531/3428 3730/6532/3689 3728/6528/3687
f 3728/6520/3687 3730/6533/3689 3726/6523/3686
f 3730/6532/3689 3464/6531/3428 3725/6534/3685
f 3725/6535/3685 3726/6523/3686 3730/6533/3689
f 3461/5950/3427 3450/6536/3415 3725/6517/3685
f 3450/6536/3415 3446/5910/3411 3725/6517/3685
f 3725/6517/3685 3464/5946/3428 3461/5950/3427
f 3720/6496/3679 3731/6537/3690 3733/6538/3691
f 3731/6539/3690 3720/6540/3679 3734/6541/3692
f 3732/6542/3693 3713/6479/6 3720/6496/3679
f 3733/6538/3691 3732/6542/3693 3720/6496/3679
f 3720/6540/3679 3429/6543/3397 3734/6541/3692
f 3415/5837/3383 3735/6544/3694 3734/6545/3692
f 3415/5837/3383 3734/6545/3692 3423/5860/3391
f 3734/6545/3692 3430/5877/3398 3423/5860/3391
f 3734/6541/3692 3735/6546/3694 3731/6539/3690
f 3734/6545/3692 3429/5875/3397 3430/5877/3398
f 3735/6544/3694 3415/5837/3383 3416/5839/3385
f 3736/6547/3695 3735/6544/3694 3416/5839/3385
f 3737/6548/3696 3735/6546/3694 3736/6549/3695
f 3735/6546/3694 3737/6548/3696 3731/6539/3690
f 3737/6550/3696 3738/6551/3697 3740/6552/6
f 3736/6549/3695 3738/6553/3697 3737/6548/3696
f 3731/6537/3690 3737/6550/3696 3739/6554/3698
f 3737/6550/3696 3741/6555/3699 3739/6554/3698
f 3741/6555/3699 3737/6550/3696 3740/6552/6
f 3740/6552/6 3679/6556/3641 3741/6555/3699
f 3741/6557/3699 3742/6558/3700 3743/6559/3701
f 3741/6557/3699 3744/6560/3702 3742/6558/3700
f 3743/6561/3701 3739/6562/3698 3741/6563/3699
f 3744/6564/3702 3741/6555/3699 3679/6556/3641
f 3679/6556/3641 3731/6537/3690 3744/6564/3702
f 3731/6537/3690 3739/6554/3698 3744/6564/3702
f 3742/6565/3700 3744/6566/3702 3739/6567/3698
f 3739/6567/3698 3743/6568/3701 3742/6565/3700
f 3747/6569/6 3740/6552/6 3745/6570/3703
f 3740/6552/6 3746/6571/3704 3745/6570/3703
f 3748/6572/6 3740/6552/6 3738/6551/3697
f 3740/6552/6 3748/6572/6 3746/6571/3704
f 3679/6556/3641 3740/6552/6 3747/6569/6
f 3738/6551/3697 3750/6573/3705 3748/6572/6
f 3748/6572/6 3747/6569/6 3749/6574/3706
f 3747/6569/6 3748/6572/6 3750/6573/3705
f 3748/6572/6 3749/6574/3706 3746/6571/3704
f 3750/6575/3705 3752/6576/3707 3751/6577/3708
f 3751/6577/3708 3754/6578/3709 3750/6575/3705
f 3750/6575/3705 3753/6579/3710 3752/6576/3707
f 3753/6579/3710 3750/6575/3705 3738/6553/3697
f 3750/6573/3705 3754/6580/3709 3747/6569/6
f 3754/6578/3709 3751/6577/3708 3757/6581/3711
f 3754/6580/3709 1875/3067/1863 1885/3087/6
f 3757/6581/3711 1875/6582/1863 3754/6578/3709
f 3747/6569/6 3754/6580/3709 3755/6583/3712
f 3754/6580/3709 1885/3087/6 3756/6584/3713
f 3756/6584/3713 3755/6583/3712 3754/6580/3709
f 1796/2916/1789 3757/6585/3711 3758/6586/3714
f 1796/2916/1789 1802/2921/1792 3757/6585/3711
f 3759/6587/3715 3758/6586/3714 3757/6585/3711
f 3757/6585/3711 3751/6588/3708 3759/6587/3715
f 1875/3066/1863 3757/6589/3711 1802/3062/1792
f 3751/6588/3708 3763/6590/6 3759/6587/3715
f 3761/6591/3716 3759/6592/3715 3760/6593/3717
f 3763/6590/6 3760/6594/3717 3759/6587/3715
f 3761/6591/3716 3762/6595/3718 3759/6592/3715
f 3758/6596/3714 3759/6592/3715 3762/6595/3718
f 3764/6597/3719 3766/6598/3720 3763/6590/6
f 3764/6597/3719 3763/6590/6 3405/5817/6
f 3405/5817/6 3763/6590/6 3753/6599/3710
f 3763/6590/6 3765/6600/6 3760/6594/3717
f 3765/6600/6 3763/6590/6 3766/6598/3720
f 3751/6588/3708 3752/6601/3707 3763/6590/6
f 3763/6590/6 3752/6601/3707 3753/6599/3710
f 3770/6602/3721 3766/6603/3720 3764/6604/3719
f 3768/6605/3722 3765/6600/6 3766/6598/3720
f 3767/6606/3723 3768/6605/3722 3766/6598/3720
f 3766/6598/3720 3769/6607/3724 3767/6606/3723
f 3771/6608/3725 3769/6609/3724 3766/6603/3720
f 3766/6603/3720 3770/6602/3721 3771/6608/3725
f 3772/6610/3726 3771/6611/3725 3770/6612/3721
f 3769/6613/3724 3771/6614/3725 3772/6615/3726
f 3401/6616/3371 3772/6615/3726 3773/6617/3727
f 3772/6615/3726 3401/6616/3371 3769/6613/3724
f 3772/6610/3726 3774/6618/3728 3773/6619/3727
f 3772/6610/3726 3770/6612/3721 3774/6618/3728
f 3764/6620/3719 3774/6621/3728 3770/6622/3721
f 3774/6621/3728 3764/6620/3719 3775/6623/3729
f 3775/6623/3729 3773/6624/3727 3774/6621/3728
f 3773/6625/3727 3775/6626/3729 3401/6627/3371
f 3401/5814/3371 3775/6628/3729 3405/5817/6
f 3405/5817/6 3775/6628/3729 3764/6597/3719
f 3398/5815/3367 3769/6607/3724 3401/5814/3371
f 3398/5815/3367 3767/6606/3723 3769/6607/3724
f 3396/6629/3359 3776/6630/3730 3768/6631/3722
f 3776/6632/3730 3765/6600/6 3768/6605/3722
f 3395/6633/3366 3768/6631/3722 3767/6634/3723
f 3768/6631/3722 3395/6633/3366 3396/6629/3359
f 3765/6600/6 3776/6632/3730 3760/6594/3717
f 3779/6635/3731 3777/6636/3732 3776/6630/3730
f 3776/6630/3730 3777/6636/3732 3778/6637/3733
f 3776/6632/3730 3778/6638/3733 3760/6594/3717
f 3776/6630/3730 3396/6629/3359 3779/6635/3731
f 3777/6636/3732 3779/6635/3731 1787/6639/1784
f 3779/6640/3731 3396/5798/3359 3389/5797/3358
f 1787/2900/1784 3779/6640/3731 3780/6641/3734
f 3389/5797/3358 3780/6641/3734 3779/6640/3731
f 3780/6642/3734 3389/6643/3358 3781/6644/3735
f 3781/6645/3735 3782/6646/3736 3780/6647/3734
f 1790/6648/1783 3780/6647/3734 3782/6646/3736
f 3780/6641/3734 1790/2899/1783 1787/2900/1784
f 3783/6649/3737 3782/6650/3736 3781/6651/3735
f 3783/6649/3737 3784/6652/3738 3782/6650/3736
f 1779/2883/1773 1783/2888/1775 3782/6650/3736
f 3782/6650/3736 3784/6652/3738 1779/2883/1773
f 3782/6646/3736 1783/6653/1775 1790/6648/1783
f 3786/6654/3739 1779/2883/1773 3784/6652/3738
f 3785/6655/3740 3784/6656/3738 3783/6657/3737
f 3786/6658/3739 3784/6656/3738 3785/6655/3740
f 1780/2882/1772 1779/2883/1773 3786/6654/3739
f 3786/6659/3739 3787/6660/3741 1758/2842/1753
f 1758/2842/1753 1759/2841/1752 3786/6659/3739
f 3785/6655/3740 3787/6661/3741 3786/6658/3739
f 3786/6654/3739 1759/2857/1752 1770/2864/1765
f 3786/6654/3739 1770/2864/1765 1780/2882/1772
f 3787/6662/3741 3785/6663/3740 3788/6664/3742
f 3788/6664/3742 3789/6665/3743 3787/6662/3741
f 3789/6665/3743 3790/6666/3744 3787/6662/3741
f 1758/2844/1753 3787/6662/3741 3790/6666/3744
f 3791/6667/3745 3790/6668/3744 3789/6669/3743
f 1753/2834/1749 1754/2833/1748 3790/6668/3744
f 3790/6668/3744 3791/6667/3745 1753/2834/1749
f 3790/6666/3744 1754/2837/1748 1758/2844/1753
f 3791/6670/3745 3793/6671/3746 3792/6672/3747
f 3792/6672/3747 1751/2829/1743 3791/6670/3745
f 1753/2835/1749 3791/6670/3745 1751/2829/1743
f 3789/6669/3743 3793/6673/3746 3791/6667/3745
f 3792/6672/3747 3793/6671/3746 3794/6674/3748
f 3793/6675/3746 3789/6676/3743 3788/6677/3742
f 3788/6677/3742 3794/6678/3748 3793/6675/3746
f 3794/6674/3748 3795/6679/3749 3792/6672/3747
f 3796/6680/3750 3795/6681/3749 3794/6678/3748
f 3794/6678/3748 3788/6677/3742 3796/6680/3750
f 3795/6681/3749 3796/6680/3750 3797/6682/3751
f 3797/6683/3751 3796/6684/3750 3785/6663/3740
f 3796/6684/3750 3788/6664/3742 3785/6663/3740
f 3797/6682/3751 3798/6685/3752 3795/6681/3749
f 3798/6685/3752 3797/6682/3751 3799/6686/3753
f 3799/6687/3753 3797/6683/3751 3800/6688/3754
f 3785/6663/3740 3800/6688/3754 3797/6683/3751
f 3783/6657/3737 3800/6689/3754 3785/6655/3740
f 3783/6657/3737 3801/6690/3755 3800/6689/3754
f 3800/6688/3754 3801/6691/3755 3802/6692/3756
f 3802/6692/3756 3799/6687/3753 3800/6688/3754
f 3803/6693/3757 3802/6692/3756 3801/6691/3755
f 3805/6694/3758 3802/6695/3756 3803/6696/3757
f 3804/6697/3759 3799/6686/3753 3802/6695/3756
f 3802/6695/3756 3805/6694/3758 3804/6697/3759
f 3805/6698/3758 3807/6699/3760 3806/6700/3761
f 3804/6701/3759 3805/6698/3758 3806/6700/3761
f 3803/6696/3757 3807/6702/3760 3805/6694/3758
f 3808/6703/3762 3806/6700/3761 3807/6699/3760
f 3807/6699/3760 3810/6704/3763 3808/6703/3762
f 3807/6702/3760 3803/6696/3757 3809/6705/3764
f 3809/6705/3764 3810/6706/3763 3807/6702/3760
f 3810/6706/3763 3809/6705/3764 3811/6707/3765
f 3811/6707/3765 3812/6708/3766 3810/6706/3763
f 3810/6704/3763 3812/6709/3766 3808/6703/3762
f 3814/6710/3767 3813/6711/3768 3812/6708/3766
f 3812/6709/3766 3813/6712/3768 3815/6713/3769
f 3812/6708/3766 3811/6707/3765 3814/6710/3767
f 3815/6713/3769 3808/6703/3762 3812/6709/3766
f 3816/6714/3770 3808/6715/3762 3815/6716/3769
f 3815/6716/3769 3819/6717/3771 3816/6714/3770
f 3817/6718/3772 3815/6713/3769 3818/6719/3773
f 3819/6717/3771 3815/6716/3769 3817/6720/3772
f 3813/6712/3768 3818/6719/3773 3815/6713/3769
f 3820/6721/3774 3819/6722/3771 3821/6723/3775
f 3816/6724/3770 3819/6722/3771 3820/6721/3774
f 3817/6720/3772 3821/6725/3775 3819/6717/3771
f 3821/6723/3775 3823/6726/3776 3822/6727/3777
f 3822/6727/3777 3820/6721/3774 3821/6723/3775
f 3824/6728/3778 3823/6729/3776 3821/6725/3775
f 3821/6725/3775 3817/6720/3772 3824/6728/3778
f 3823/6729/3776 3824/6728/3778 3825/6730/3779
f 3824/6731/3778 3817/6718/3772 3827/6732/3780
f 3825/6733/3779 3824/6731/3778 3826/6734/3781
f 3828/6735/3782 3826/6734/3781 3824/6731/3778
f 3827/6732/3780 3828/6735/3782 3824/6731/3778
f 3830/6736/3783 3828/6737/3782 3827/6738/3780
f 3828/6737/3782 3830/6736/3783 3829/6739/3784
f 3829/6739/3784 3826/6740/3781 3828/6737/3782
f 3829/6741/3784 3830/6742/3783 3833/6743/3785
f 3830/6742/3783 3831/6744/3786 3832/6745/3787
f 3827/6738/3780 3831/6746/3786 3830/6736/3783
f 3832/6745/3787 3833/6743/3785 3830/6742/3783
f 3834/6747/3788 3833/6748/3785 3832/6749/3787
f 3833/6748/3785 3834/6747/3788 3350/5718/3324
f 3350/5718/3324 3349/5717/3323 3833/6748/3785
f 3833/6743/3785 3349/6750/3323 3835/6751/3789
f 3835/6751/3789 3829/6741/3784 3833/6743/3785
f 3835/6752/3789 3836/6753/3790 3826/6740/3781
f 3836/6753/3790 3835/6752/3789 3837/6754/3791
f 3837/6755/3791 3835/6751/3789 3349/6750/3323
f 3826/6740/3781 3829/6739/3784 3835/6752/3789
f 3837/6754/3791 3839/6756/3792 3836/6753/3790
f 3838/6757/3793 3837/6755/3791 3349/6750/3323
f 3839/6756/3792 3837/6754/3791 3838/6758/3793
f 3836/6759/3790 3839/6760/3792 3825/6733/3779
f 3839/6760/3792 3841/6761/3794 3840/6762/3795
f 3840/6762/3795 3825/6733/3779 3839/6760/3792
f 3838/6758/3793 3841/6763/3794 3839/6756/3792
f 3841/6761/3794 3842/6764/3796 3840/6762/3795
f 3843/6765/3797 3842/6766/3796 3841/6763/3794
f 3841/6763/3794 3838/6758/3793 3843/6765/3797
f 3842/6766/3796 3843/6765/3797 3844/6767/3798
f 3844/6768/3798 3843/6769/3797 3347/6770/3321
f 3843/6769/3797 3838/6757/3793 3346/6771/3322
f 3346/6771/3322 3347/6770/3321 3843/6769/3797
f 3844/6767/3798 3846/6772/3799 3842/6766/3796
f 3845/6773/3800 3844/6768/3798 3347/6770/3321
f 3846/6772/3799 3844/6767/3798 3845/6774/3800
f 3840/6762/3795 3842/6764/3796 3846/6775/3799
f 3846/6775/3799 3847/6776/3801 3840/6762/3795
f 3846/6775/3799 3848/6777/3802 3847/6776/3801
f 3845/6774/3800 3848/6778/3802 3846/6772/3799
f 3848/6777/3802 3850/6779/3803 3847/6776/3801
f 3848/6778/3802 3845/6774/3800 3849/6780/3804
f 3849/6780/3804 3850/6781/3803 3848/6778/3802
f 3852/6782/3805 3851/6783/3806 3850/6781/3803
f 3850/6779/3803 3851/6784/3806 3853/6785/3807
f 3850/6781/3803 3849/6780/3804 3852/6782/3805
f 3853/6785/3807 3847/6776/3801 3850/6779/3803
f 3855/6786/3808 3847/6787/3801 3853/6788/3807
f 3854/6789/3809 3853/6785/3807 3851/6784/3806
f 3855/6786/3808 3853/6788/3807 3854/6790/3809
f 3854/6790/3809 3856/6791/3810 3855/6786/3808
f 3857/6792/3811 3855/6793/3808 3856/6794/3810
f 3858/6795/3812 3855/6793/3808 3857/6792/3811
f 3847/6787/3801 3855/6786/3808 3858/6796/3812
f 3847/6787/3801 3858/6796/3812 3859/6797/3813
f 3857/6792/3811 3859/6798/3813 3858/6795/3812
f 3840/6799/3795 3859/6797/3813 3860/6800/3814
f 3860/6801/3814 3859/6798/3813 3822/6727/3777
f 3859/6797/3813 3840/6799/3795 3847/6787/3801
f 3857/6792/3811 3822/6727/3777 3859/6798/3813
f 3825/6730/3779 3860/6800/3814 3823/6729/3776
f 3822/6727/3777 3823/6726/3776 3860/6801/3814
f 3860/6800/3814 3825/6730/3779 3840/6799/3795
f 3857/6802/3811 3861/6803/3815 3650/6804/3610
f 3861/6805/3815 3857/6806/3811 1975/6807/1963
f 3856/6794/3810 1975/3278/1963 3857/6792/3811
f 3650/6804/3610 3822/6808/3777 3857/6802/3811
f 1975/6809/1963 1976/6810/1964 3861/6811/3815
f 3628/6812/3590 3861/6811/3815 1976/6810/1964
f 3628/6812/3590 3636/6813/3598 3861/6811/3815
f 3650/6357/3610 3861/6811/3815 3636/6813/3598
f 3856/6794/3810 3862/6814/3816 1975/3278/1963
f 3863/6815/3817 3862/6816/3816 3856/6791/3810
f 3856/6791/3810 3854/6790/3809 3863/6815/3817
f 3862/6816/3816 3863/6815/3817 3865/6817/3818
f 3863/6818/3817 3854/6789/3809 3866/6819/3819
f 3865/6820/3818 3863/6818/3817 3864/6821/3820
f 3867/6822/3821 3864/6821/3820 3863/6818/3817
f 3866/6819/3819 3867/6822/3821 3863/6818/3817
f 3869/6823/3822 3867/6824/3821 3866/6825/3819
f 3867/6824/3821 3869/6823/3822 3868/6826/3823
f 3868/6826/3823 3864/6827/3820 3867/6824/3821
f 3869/6828/3822 3870/6829/3824 3871/6830/3825
f 3866/6825/3819 3870/6831/3824 3869/6823/3822
f 3871/6830/3825 3872/6832/3826 3869/6828/3822
f 3868/6833/3823 3869/6828/3822 3872/6832/3826
f 2042/6834/2024 3872/6835/3826 3871/6836/3825
f 3874/6837/3827 3873/6838/3828 3872/6835/3826
f 3872/6832/3826 3873/6839/3828 3875/6840/3829
f 3872/6835/3826 2042/6834/2024 3874/6837/3827
f 3875/6840/3829 3868/6833/3823 3872/6832/3826
f 3864/6827/3820 3868/6826/3823 3875/6841/3829
f 3875/6841/3829 3877/6842/3830 3864/6827/3820
f 3876/6843/3831 3875/6840/3829 3873/6839/3828
f 3877/6842/3830 3875/6841/3829 3876/6844/3831
f 3877/6845/3830 3878/6846/3832 3865/6820/3818
f 3864/6821/3820 3877/6845/3830 3865/6820/3818
f 3876/6844/3831 3878/6847/3832 3877/6842/3830
f 1983/3295/1970 3865/6820/3818 3878/6846/3832
f 3878/6846/3832 3880/6848/3833 1983/3295/1970
f 3876/6849/3831 3879/6850/3834 3878/6851/3832
f 3880/6852/3833 3878/6851/3832 3879/6850/3834
f 3881/6853/3835 1984/6854/1972 3880/6852/3833
f 3880/6848/3833 1984/3296/1972 1983/3295/1970
f 3880/6852/3833 3879/6850/3834 3881/6853/3835
f 1984/6854/1972 3881/6853/3835 1990/3307/1978
f 3881/6855/3835 3879/6856/3834 3882/6857/3836
f 1990/3308/1978 3881/6855/3835 1991/3309/1979
f 3882/6857/3836 1991/3309/1979 3881/6855/3835
f 3882/6858/3836 3873/6859/3828 3883/6860/3837
f 3873/6839/3828 3882/6857/3836 3879/6856/3834
f 1995/3318/1982 1991/3313/1979 3882/6858/3836
f 3883/6860/3837 1999/6861/1985 3882/6858/3836
f 3882/6858/3836 1999/6861/1985 1995/3318/1982
f 3873/6838/3828 3874/6837/3827 3883/6862/3837
f 2000/3323/821 3883/6863/3837 3874/6864/3827
f 1999/3322/1985 3883/6863/3837 2000/3323/821
f 3879/6856/3834 3876/6843/3831 3873/6839/3828
f 2000/3323/821 3874/6864/3827 2042/3394/2024
f 3871/6836/3825 2041/6865/2025 2042/6834/2024
f 2041/6865/2025 3871/6836/3825 3885/6866/3838
f 3870/6829/3824 3884/6867/3839 3871/6830/3825
f 3885/6868/3838 3871/6830/3825 3884/6867/3839
f 3884/6867/3839 3852/6869/3805 3885/6868/3838
f 3852/6869/3805 3849/6870/3804 3885/6868/3838
f 3886/6871/3840 3885/6868/3838 3849/6870/3804
f 2047/6872/2031 3885/6866/3838 3886/6873/3840
f 3885/6866/3838 2047/6872/2031 2041/6865/2025
f 3849/6870/3804 3845/6773/3800 3886/6871/3840
f 2059/5714/2046 3886/6873/3840 3347/5712/3321
f 3347/6770/3321 3886/6871/3840 3845/6773/3800
f 3886/6873/3840 2059/5714/2046 2047/6872/2031
f 3851/6783/3806 3852/6782/3805 3884/6874/3839
f 3884/6874/3839 3887/6875/3841 3851/6783/3806
f 3887/6875/3841 3884/6874/3839 3870/6831/3824
f 3851/6784/3806 3887/6876/3841 3854/6789/3809
f 3870/6831/3824 3866/6825/3819 3887/6875/3841
f 3887/6876/3841 3866/6819/3819 3854/6789/3809
f 3888/6877/3842 3865/6878/3818 1983/3291/1970
f 3865/6817/3818 3888/6879/3842 3862/6816/3816
f 1979/3288/1962 3888/6877/3842 1983/3291/1970
f 3888/6880/3842 1979/3277/1962 1975/3278/1963
f 1975/3278/1963 3862/6814/3816 3888/6880/3842
f 3349/6750/3323 3346/6771/3322 3838/6757/3793
f 3826/6734/3781 3836/6759/3790 3825/6733/3779
f 3832/6749/3787 3889/6881/3843 3834/6747/3788
f 3834/6882/3788 3889/6883/3843 3365/5748/821
f 3350/5719/3324 3834/6882/3788 3365/5748/821
f 3889/6881/3843 3832/6749/3787 3890/6884/3844
f 3890/6884/3844 3891/6885/3845 3889/6881/3843
f 3365/5748/821 3889/6883/3843 3891/6886/3845
f 3890/6884/3844 3892/6887/3846 3891/6885/3845
f 3891/6886/3845 3892/6888/3846 3385/5787/821
f 3891/6889/3845 3385/6890/821 3365/6891/821
f 3892/6887/3846 3890/6884/3844 3894/6892/3847
f 3385/5787/821 3892/6888/3846 3893/6893/3848
f 3894/6892/3847 3893/6894/3848 3892/6887/3846
f 3894/6895/3847 3890/6896/3844 3814/6897/3767
f 3814/6897/3767 3811/6898/3765 3894/6895/3847
f 3895/6899/3849 3894/6895/3847 3811/6898/3765
f 3893/6894/3848 3894/6892/3847 3895/6900/3849
f 3811/6898/3765 3809/6901/3764 3895/6899/3849
f 3809/6901/3764 3803/6693/3757 3895/6899/3849
f 3801/6691/3755 3895/6899/3849 3803/6693/3757
f 3893/6894/3848 3895/6900/3849 3801/6690/3755
f 3893/6893/3848 3783/6649/3737 3781/6651/3735
f 3801/6690/3755 3783/6657/3737 3893/6894/3848
f 3893/6893/3848 3781/6651/3735 3896/6902/3850
f 3896/6902/3850 3385/5787/821 3893/6893/3848
f 3897/6903/3851 3385/5787/821 3896/6902/3850
f 3897/6903/3851 3896/6902/3850 3898/6904/3852
f 3898/6905/3852 3896/6906/3850 3390/6907/3360
f 3389/6643/3358 3390/6908/3360 3896/6909/3850
f 3896/6909/3850 3781/6644/3735 3389/6643/3358
f 3390/6907/3360 1789/6910/1782 3898/6905/3852
f 1782/2891/1777 3897/6903/3851 3898/6904/3852
f 1782/2891/1777 3898/6904/3852 1783/2888/1775
f 1783/6911/1775 3898/6905/3852 1789/6910/1782
f 3391/6912/3361 3899/6913/3853 3897/6914/3851
f 1786/2896/1781 3391/6912/3361 3897/6914/3851
f 3385/5787/821 3897/6903/3851 3899/6915/3853
f 3897/6914/3851 1782/2890/1777 1786/2896/1781
f 3392/6916/3363 3383/6917/3355 3899/6913/3853
f 3899/6913/3853 3393/6918/3362 3392/6916/3363
f 3899/6913/3853 3391/6912/3361 3393/6918/3362
f 3385/5787/821 3899/6915/3853 3383/5784/3355
f 3890/6896/3844 3832/6745/3787 3900/6919/3854
f 3901/6920/3855 3814/6897/3767 3890/6896/3844
f 3900/6919/3854 3901/6920/3855 3890/6896/3844
f 3813/6711/3768 3814/6710/3767 3901/6921/3855
f 3901/6921/3855 3818/6922/3773 3813/6711/3768
f 3818/6922/3773 3901/6921/3855 3900/6923/3854
f 3900/6923/3854 3902/6924/3856 3818/6922/3773
f 3902/6924/3856 3900/6923/3854 3831/6746/3786
f 3831/6744/3786 3900/6919/3854 3832/6745/3787
f 3818/6719/3773 3902/6925/3856 3817/6718/3772
f 3831/6746/3786 3827/6738/3780 3902/6924/3856
f 3902/6925/3856 3827/6732/3780 3817/6718/3772
f 3649/6926/3613 3820/6927/3774 3822/6808/3777
f 3822/6808/3777 3650/6804/3610 3649/6926/3613
f 3816/6724/3770 3820/6721/3774 1927/3171/1914
f 1917/6928/1905 1927/3170/1914 3820/6927/3774
f 3820/6927/3774 3649/6926/3613 1917/6928/1905
f 3808/6715/3762 3816/6714/3770 3903/6929/3857
f 1927/3171/1914 3903/6930/3857 3816/6724/3770
f 3903/6929/3857 3806/6931/3761 3808/6715/3762
f 3806/6931/3761 3903/6929/3857 3904/6932/3858
f 3904/6933/3858 3903/6930/3857 1927/3171/1914
f 3905/6934/3859 3904/6932/3858 1928/6935/1915
f 1928/3173/1915 3904/6933/3858 1927/3171/1914
f 3904/6932/3858 3905/6934/3859 3806/6931/3761
f 3905/6936/3859 3792/6672/3747 3795/6679/3749
f 1928/6935/1915 3792/6937/3747 3905/6934/3859
f 3806/6700/3761 3905/6936/3859 3804/6701/3759
f 3795/6679/3749 3798/6938/3752 3905/6936/3859
f 3798/6938/3752 3804/6701/3759 3905/6936/3859
f 3799/6686/3753 3804/6697/3759 3798/6685/3752
f 3792/6937/3747 1928/6935/1915 3906/6939/3860
f 3906/6940/3860 1751/2823/1743 3792/6941/3747
f 3906/6942/3860 1928/3173/1915 1929/3176/1917
f 1929/3176/1917 1743/2819/1737 3906/6942/3860
f 1746/2818/1740 3906/6942/3860 1743/2819/1737
f 1751/2823/1743 3906/6940/3860 1746/2821/1740
f 3777/6943/3732 3908/6944/3861 3778/6945/3733
f 3907/6946/3862 3778/6947/3733 3762/6948/3718
f 3907/6949/3862 3760/6950/3717 3778/6951/3733
f 3758/6952/3714 3762/6953/3718 3778/6945/3733
f 3778/6945/3733 3908/6944/3861 3758/6952/3714
f 3758/6586/3714 3908/6954/3861 3909/6955/3863
f 3908/6954/3861 3777/6956/3732 3909/6955/3863
f 1787/6639/1784 3910/6957/3864 3909/6958/3863
f 3909/6955/3863 3910/6959/3864 3758/6586/3714
f 1787/6639/1784 3909/6958/3863 3777/6636/3732
f 1788/6960/1780 1796/6961/1789 3910/6957/3864
f 3910/6959/3864 1796/2916/1789 3758/6586/3714
f 3910/6957/3864 1787/6639/1784 1788/6960/1780
f 3907/6946/3862 3762/6948/3718 3761/6962/3716
f 3760/6950/3717 3907/6949/3862 3761/6963/3716
f 3394/5808/3364 3767/6634/3723 3398/5806/3367
f 3767/6634/3723 3394/5808/3364 3395/6633/3366
f 3913/6964/3865 3756/6584/3713 1885/3087/6
f 3755/6965/3712 3756/6966/3713 3911/6967/3866
f 3912/6968/3867 3911/6969/3866 3756/6970/3713
f 3756/6970/3713 3913/6971/3865 3912/6968/3867
f 3913/6972/3865 3755/6973/3712 3912/6974/3867
f 3913/6964/3865 1885/3087/6 3679/6556/3641
f 3679/6556/3641 3755/6583/3712 3913/6964/3865
f 3911/6975/3866 3912/6974/3867 3755/6973/3712
f 3679/6556/3641 3747/6569/6 3755/6583/3712
f 3405/5817/6 3753/6599/3710 3736/6547/3695
f 3738/6553/3697 3736/6549/3695 3753/6579/3710
f 3746/6976/3704 3749/6977/3706 3915/6978/3868
f 3749/6979/3706 3745/6980/3703 3914/6981/3869
f 3745/6570/3703 3749/6574/3706 3747/6569/6
f 3749/6977/3706 3914/6982/3869 3915/6978/3868
f 3915/6983/3868 3745/6984/3703 3746/6985/3704
f 3915/6983/3868 3914/6986/3869 3745/6984/3703
f 3416/5839/3385 3407/5822/3375 3736/6547/3695
f 3407/5822/3375 3405/5817/6 3736/6547/3695
f 3733/6987/3691 3918/6988/3870 3916/6989/3871
f 3733/6987/3691 3916/6989/3871 3917/6990/3872
f 3917/6991/3872 3732/6992/3693 3733/6993/3691
f 3731/6537/3690 3918/6994/3870 3733/6538/3691
f 3731/6537/3690 3704/6467/3667 3918/6994/3870
f 3704/6467/3667 3919/6995/3873 3918/6994/3870
f 3918/6996/3870 3919/6997/3873 3916/6998/3871
f 3704/6467/3667 3713/6479/6 3919/6995/3873
f 3713/6479/6 3732/6542/3693 3919/6995/3873
f 3917/6999/3872 3919/6997/3873 3732/7000/3693
f 3919/6997/3873 3917/6999/3872 3916/6998/3871
f 3731/6537/3690 3679/6556/3641 3678/7001/3640
f 3678/7001/3640 3681/7002/3643 3731/6537/3690
f 3681/7002/3643 3683/7003/3645 3731/6537/3690
f 3704/6467/3667 3731/6537/3690 3683/7003/3645
f 3471/6511/3436 3712/6510/3671 3700/7004/3661
f 3705/6469/3662 3709/7005/3670 3920/7006/3874
f 3709/6477/3670 3705/6462/3662 3700/6461/3661
f 3707/7007/3668 3920/7008/3874 3709/7009/3670
f 3920/7006/3874 3707/6470/3668 3705/6469/3662
f 3696/7010/3659 3697/7011/3660 3704/7012/3667
f 3704/7013/3667 3684/6426/3646 3696/6451/3659
f 3684/7014/3646 3704/7015/3667 3683/7016/3645
f 3921/7017/3875 3702/7018/3664 3703/7019/3665
f 3922/7020/3876 3703/7021/3665 3588/7022/3551
f 3588/6254/3551 3703/6465/3665 3592/6255/3552
f 3922/7020/3876 3921/7023/3875 3703/7021/3665
f 3921/7024/3875 3922/7025/3876 3587/7026/3550
f 3588/7027/3551 3587/7026/3550 3922/7025/3876
f 3921/7017/3875 3587/7028/3550 3702/7018/3664
f 3591/6252/3549 3702/6464/3664 3587/6253/3550
f 3591/6252/3549 3701/6463/3663 3702/6464/3664
f 3469/7029/3435 3700/7004/3661 3701/7030/3663
f 3469/7029/3435 3701/7030/3663 3591/7031/3549
f 3700/7004/3661 3469/7029/3435 3471/6511/3436
f 3686/6429/3648 3690/6452/3653 3696/6451/3659
f 3696/6451/3659 3684/6426/3646 3686/6429/3648
f 3689/7032/3651 3664/6388/3627 3630/7033/3592
f 3630/7033/3592 3613/6299/3576 3689/7032/3651
f 3606/6301/3569 3689/7032/3651 3613/6299/3576
f 3679/6556/3641 1885/3087/6 3923/7034/3877
f 3676/7035/3638 3679/7036/3641 3923/7037/3877
f 1889/3100/1876 3923/7037/3877 1887/3098/1874
f 1887/3095/1874 3923/7034/3877 1885/3087/6
f 3923/7037/3877 1889/3100/1876 3676/7035/3638
f 3676/6408/3638 1889/3101/1876 1892/3108/1880
f 1892/3106/1880 1893/3105/1879 3674/6406/3636
f 3674/6404/3636 1893/3113/1879 1897/3118/1884
f 1897/3118/1884 1907/6403/1894 3674/6404/3636
f 3638/6383/3600 3630/7033/3592 3664/6388/3627
f 3652/6363/3615 3655/7038/3618 3648/6359/3612
f 1916/3150/1903 3648/7039/3612 3655/6369/3618
f 3645/6354/3607 3653/6361/3614 3646/6352/3608
f 3636/6813/3598 3643/6348/3606 3650/6357/3610
f 3648/6359/3612 1916/3152/1903 3649/6360/3613
f 1917/3153/1905 3649/6360/3613 1916/3152/1903
f 3643/6348/3606 3636/6813/3598 3641/6349/3604
f 3635/7040/3597 3641/6349/3604 3636/6813/3598
f 3621/6317/3585 3628/6812/3590 1976/6810/1964
f 3624/6330/3587 3618/6311/3582 3613/6302/3576
f 3622/6314/3583 3621/6317/3585 1972/7041/1959
f 3925/7042/3878 3622/6314/3583 1972/7041/1959
f 3924/7043/3879 3619/6312/3580 3622/6314/3583
f 3622/6314/3583 3925/7042/3878 3924/7043/3879
f 3926/7044/3880 3927/7045/3881 3925/7042/3878
f 3925/7042/3878 3928/7046/3882 3926/7044/3880
f 3927/7045/3881 3924/7043/3879 3925/7042/3878
f 3928/7046/3882 3925/7042/3878 1973/7047/1961
f 1972/7041/1959 1973/7047/1961 3925/7042/3878
f 3929/7048/3883 3930/7049/3884 3928/7050/3882
f 3934/7051/3885 3929/7048/3883 3928/7050/3882
f 3930/7052/3884 3926/7044/3880 3928/7046/3882
f 3931/7053/3886 3928/7046/3882 3933/7054/3887
f 3928/7050/3882 3931/7055/3886 3934/7051/3885
f 1973/7047/1961 3932/7056/3888 3928/7046/3882
f 3932/7056/3888 3933/7054/3887 3928/7046/3882
f 3935/7057/3889 3936/7058/3890 3934/7051/3885
f 3934/7051/3885 3937/7059/3891 3935/7057/3889
f 3929/7048/3883 3934/7051/3885 3936/7058/3890
f 3937/7059/3891 3934/7051/3885 3931/7055/3886
f 3938/7060/3892 3935/7057/3889 3937/7059/3891
f 3938/7060/3892 3937/7059/3891 3939/7061/3893
f 3939/7061/3893 3937/7059/3891 3931/7055/3886
f 3938/7060/3892 3939/7061/3893 3940/7062/3894
f 3940/7063/3894 3939/7064/3893 3941/7065/3895
f 3931/7055/3886 3941/7066/3895 3939/7061/3893
f 3942/7067/3896 3941/7065/3895 3944/7068/3897
f 3941/7065/3895 3942/7067/3896 3943/7069/3898
f 3943/7069/3898 3940/7063/3894 3941/7065/3895
f 3941/7065/3895 3931/7053/3886 3933/7054/3887
f 3933/7054/3887 3944/7068/3897 3941/7065/3895
f 1958/7070/1945 3944/7071/3897 3933/7072/3887
f 3944/7071/3897 1958/7070/1945 3945/7073/3899
f 3945/7074/3899 3946/7075/3900 3944/7076/3897
f 3944/7068/3897 3946/7077/3900 3942/7067/3896
f 3946/7077/3900 3949/7078/3901 3947/7079/3902
f 3947/7079/3902 3948/7080/3903 3946/7077/3900
f 3948/7080/3903 3942/7067/3896 3946/7077/3900
f 1943/7081/1932 3949/7082/3901 3946/7075/3900
f 3946/7075/3900 3945/7074/3899 1943/7081/1932
f 3949/7078/3901 1924/3165/1912 3950/7083/3904
f 3950/7083/3904 3947/7079/3902 3949/7078/3901
f 1931/7084/1919 1924/3164/1912 3949/7082/3901
f 3949/7082/3901 1943/7081/1932 1931/7084/1919
f 3947/7079/3902 3950/7083/3904 3954/7085/3905
f 3955/7086/3906 3950/7083/3904 1924/3165/1912
f 3951/7087/3907 3953/7088/3908 3950/7083/3904
f 3950/7083/3904 3955/7086/3906 3951/7087/3907
f 3952/7089/3909 3954/7085/3905 3950/7083/3904
f 3953/7088/3908 3952/7089/3909 3950/7083/3904
f 3956/7090/3910 3957/7091/3911 3955/7086/3906
f 3955/7086/3906 1921/3156/1908 3956/7090/3910
f 3957/7091/3911 3951/7087/3907 3955/7086/3906
f 1921/3156/1908 3955/7086/3906 1924/3165/1912
f 1904/7092/1893 3957/7093/3911 3956/7094/3910
f 3957/7093/3911 1904/7092/1893 1905/7095/1891
f 1905/7095/1891 3951/7096/3907 3957/7093/3911
f 3958/7097/3912 3956/7090/3910 1921/3156/1908
f 1903/7098/1892 3956/7094/3910 3958/7099/3912
f 3956/7094/3910 1903/7098/1892 1904/7092/1893
f 3958/7099/3912 1920/3161/1909 1902/7100/1887
f 1902/7100/1887 1903/7098/1892 3958/7099/3912
f 1920/3157/1909 3958/7097/3912 1921/3156/1908
f 3954/7101/3905 3952/7102/3909 3959/7103/3913
f 3954/7101/3905 3959/7103/3913 3961/7104/3914
f 3954/7085/3905 3960/7105/3915 3947/7079/3902
f 3961/7104/3914 3960/7106/3915 3954/7101/3905
f 3963/7107/3916 3961/7108/3914 3962/7109/3917
f 3961/7108/3914 3959/7110/3913 3962/7109/3917
f 3960/7106/3915 3961/7104/3914 3963/7111/3916
f 3964/7112/3918 3963/7107/3916 3962/7109/3917
f 3963/7111/3916 3964/7113/3918 3966/7114/3919
f 3966/7114/3919 3965/7115/3920 3963/7111/3916
f 3963/7111/3916 3965/7115/3920 3960/7106/3915
f 3966/7116/3919 3967/7117/3921 3948/7080/3903
f 3967/7118/3921 3966/7114/3919 3964/7113/3918
f 3965/7119/3920 3966/7116/3919 3948/7080/3903
f 3969/7120/3922 3967/7118/3921 3968/7121/3923
f 3964/7113/3918 3968/7121/3923 3967/7118/3921
f 3967/7117/3921 3969/7122/3922 3942/7067/3896
f 3942/7067/3896 3948/7080/3903 3967/7117/3921
f 3968/7121/3923 3970/7123/3924 3969/7120/3922
f 3943/7124/3898 3969/7120/3922 3970/7123/3924
f 3969/7122/3922 3943/7069/3898 3942/7067/3896
f 3970/7125/3924 3968/7126/3923 3972/7127/3925
f 3943/7124/3898 3970/7123/3924 3971/7128/3926
f 3971/7129/3926 3970/7125/3924 3972/7127/3925
f 3962/7109/3917 3972/7127/3925 3968/7126/3923
f 3972/7130/3925 3962/7131/3917 3973/7132/3927
f 3972/7127/3925 3610/7133/3573 3971/7129/3926
f 3610/6294/3573 3972/7130/3925 3609/6293/3571
f 3973/7132/3927 3609/6293/3571 3972/7130/3925
f 3974/7134/3928 3975/7135/3929 3973/7136/3927
f 3977/7137/3930 3974/7134/3928 3973/7136/3927
f 3609/6289/3571 3973/7136/3927 3975/7135/3929
f 3976/7138/3931 3973/7132/3927 3962/7131/3917
f 3973/7136/3927 3976/7139/3931 3977/7137/3930
f 3978/7140/3932 3974/7141/3928 3977/7142/3930
f 3977/7142/3930 3979/7143/3933 3978/7140/3932
f 3979/7143/3933 3977/7142/3930 3980/7144/3934
f 3980/7145/3934 3977/7137/3930 3976/7139/3931
f 3980/7144/3934 3981/7146/3935 3979/7143/3933
f 3981/7146/3935 3980/7144/3934 3982/7147/3936
f 3982/7148/3936 3980/7145/3934 3976/7139/3931
f 3982/7147/3936 3983/7149/3937 3981/7146/3935
f 3982/7147/3936 3984/7150/3938 3983/7149/3937
f 1895/3116/1883 3982/7148/3936 1898/3119/1885
f 3984/7150/3938 3982/7147/3936 1895/3117/1883
f 3976/7139/3931 1898/3119/1885 3982/7148/3936
f 3983/7151/3937 3984/7152/3938 1883/3090/1872
f 1883/3090/1872 3984/7152/3938 1890/3104/1878
f 1895/3117/1883 1890/3112/1878 3984/7150/3938
f 3981/7153/3935 3983/7151/3937 1884/3089/1871
f 1883/3090/1872 1884/3089/1871 3983/7151/3937
f 3979/7154/3933 3981/7153/3935 1884/3089/1871
f 3978/7155/3932 3979/7154/3933 3985/7156/3939
f 1884/3089/1871 3985/7156/3939 3979/7154/3933
f 3594/6264/3556 3595/6263/3558 3985/7157/3939
f 3985/7158/3939 1882/3086/1870 3594/7159/3556
f 1882/3086/1870 3985/7158/3939 1884/3084/1871
f 3985/7156/3939 3595/6265/3558 3986/7160/3940
f 3986/7160/3940 3978/7155/3932 3985/7156/3939
f 3974/7141/3928 3978/7140/3932 3986/7161/3940
f 3986/7161/3940 3975/7162/3929 3974/7141/3928
f 3975/7163/3929 3986/7164/3940 3987/7165/3941
f 3987/7166/3941 3986/7160/3940 3595/6265/3558
f 3600/6267/3559 3987/7166/3941 3595/6265/3558
f 3608/7167/3570 3987/7165/3941 3600/6279/3559
f 3987/7165/3941 3608/7167/3570 3975/7163/3929
f 1898/7168/1885 3976/7169/3931 1901/7170/1890
f 3962/7109/3917 1901/3128/1890 3976/7171/3931
f 3975/7135/3929 3608/6288/3570 3609/6289/3571
f 3938/7172/3892 3971/7129/3926 3610/7133/3573
f 3940/7062/3894 3971/7128/3926 3938/7060/3892
f 3971/7128/3926 3940/7062/3894 3943/7124/3898
f 3968/7126/3923 3964/7112/3918 3962/7109/3917
f 3960/7105/3915 3965/7119/3920 3948/7080/3903
f 1901/3128/1890 3962/7109/3917 3959/7110/3913
f 3948/7080/3903 3947/7079/3902 3960/7105/3915
f 3959/7110/3913 3988/7173/3942 1901/3128/1890
f 3988/7174/3942 3959/7175/3913 3952/7176/3909
f 3988/7173/3942 1905/3129/1891 1901/3128/1890
f 3952/7176/3909 3953/7177/3908 3988/7174/3942
f 1905/7095/1891 3988/7174/3942 3953/7177/3908
f 1905/7095/1891 3953/7177/3908 3951/7096/3907
f 1943/3208/1932 3945/7178/3899 1944/3207/1931
f 1956/3243/1943 3945/7178/3899 1958/3241/1945
f 1956/3243/1943 1944/3207/1931 3945/7178/3899
f 3935/7179/3889 3938/7172/3892 3610/7133/3573
f 3936/7180/3890 3935/7179/3889 3611/6297/3574
f 3936/7058/3890 3989/7181/3943 3929/7048/3883
f 3989/7182/3943 3936/7180/3890 3611/6297/3574
f 3930/7049/3884 3989/7181/3943 3615/7183/3575
f 3615/6296/3575 3989/7182/3943 3611/6297/3574
f 3989/7181/3943 3930/7049/3884 3929/7048/3883
f 3610/7133/3573 3611/6297/3574 3935/7179/3889
f 1958/7070/1945 3933/7072/3887 3932/7184/3888
f 1961/3275/1948 3932/7184/3888 1973/3274/1961
f 3932/7184/3888 1961/3275/1948 1958/7070/1945
f 3615/7183/3575 3926/7185/3880 3930/7049/3884
f 3924/7186/3879 3927/7187/3881 3614/7188/3579
f 3614/7188/3579 3927/7187/3881 3926/7185/3880
f 3926/7185/3880 3615/7183/3575 3614/7188/3579
f 3614/7188/3579 3616/7189/3578 3924/7186/3879
f 3619/7190/3580 3924/7186/3879 3616/7189/3578
f 1976/6810/1964 1972/7041/1959 3621/6317/3585
f 3600/6279/3559 3602/6278/3565 3608/7167/3570
f 3598/6274/3561 3604/6448/3566 3599/6273/3562
f 3594/6259/3556 1882/3083/1870 1861/3043/6
f 3577/6233/3541 3591/7031/3549 3579/6232/3543
f 3591/7031/3549 3577/6233/3541 3469/7029/3435
f 3590/7191/3554 3589/7192/3553 3991/7193/3944
f 3990/7194/3945 3590/7195/3554 3992/7196/3946
f 1859/3042/1851 3590/6257/3554 3990/7197/3945
f 3991/7193/3944 3992/7198/3946 3590/7191/3554
f 3992/7199/3946 3991/7200/3944 3990/7201/3945
f 3589/7202/3553 3990/7201/3945 3991/7200/3944
f 3990/7197/3945 3589/6256/3553 1861/3043/6
f 1861/3043/6 1859/3042/1851 3990/7197/3945
f 3469/5958/3435 3577/6229/3541 3993/7203/3947
f 3576/6228/3540 3993/7203/3947 3577/6229/3541
f 3993/7203/3947 3468/5957/3434 3469/5958/3435
f 3994/7204/3948 3468/7205/3434 3993/7206/3947
f 3993/7206/3947 3995/7207/3949 3994/7204/3948
f 3995/7208/3949 3993/7209/3947 3576/7210/3540
f 3996/7211/3950 3994/7212/3948 3995/7213/3949
f 3995/7208/3949 3576/7210/3540 3997/7214/3951
f 3996/7211/3950 3995/7213/3949 3998/7215/3952
f 3997/7216/3951 3998/7217/3952 3995/7218/3949
f 3468/7219/3434 3996/7220/3950 3998/7221/3952
f 3468/5957/3434 3998/7222/3952 3467/5956/3433
f 3999/7223/3953 3467/5955/3433 3998/7217/3952
f 3999/7223/3953 3998/7217/3952 3997/7216/3951
f 3473/5961/3438 3467/5955/3433 3999/7223/3953
f 3473/5961/3438 3999/7223/3953 4000/7224/3954
f 4000/7225/3954 3999/7226/3953 3997/7227/3951
f 3477/7228/3442 4000/7224/3954 3575/7229/3539
f 3576/6228/3540 3575/6227/3539 4000/7225/3954
f 3997/7227/3951 3576/6228/3540 4000/7225/3954
f 4000/7224/3954 3477/7228/3442 3473/5961/3438
f 3468/7230/3434 3994/7212/3948 3996/7211/3950
f 3500/6210/3464 3575/6227/3539 3568/6211/3534
f 3490/6027/3455 3575/7229/3539 3500/6024/3464
f 3575/7229/3539 3490/6027/3455 3477/7228/3442
f 1851/3019/6 3503/6077/3470 3566/6201/3531
f 3503/6077/3470 1851/3019/6 1850/3018/1844
f 1674/6047/1667 1673/7231/1666 3497/6048/3461
f 3493/6060/3460 3497/6048/3461 1673/7231/1666
f 1673/7231/1666 1662/6005/1657 3493/6060/3460
f 3493/6060/3460 1662/6005/1657 3488/6006/3454
f 3477/5972/3442 3490/6008/3455 3478/5973/3443
f 3451/5921/3416 3450/5920/3415 3461/5945/3427
f 3459/5940/3424 2007/3338/1992 3457/5939/3423
f 2006/3331/1990 2007/3330/1992 3459/6001/3424
f 3459/6001/3424 1624/6000/1620 2006/3331/1990
f 3457/7232/3423 3453/7233/3418 2005/7234/1991
f 3453/5928/3418 3457/5939/3423 2007/3338/1992
f 2005/7235/1991 1625/5935/1622 3457/5938/3423
f 2007/3338/1992 2009/3337/6 3453/5928/3418
f 1997/7236/1984 2005/7234/1991 3453/7233/3418
f 3444/5908/6 3443/5907/3409 4001/7237/3955
f 3433/5876/6 3444/5908/6 4001/7237/3955
f 3442/7238/3408 4001/7239/3955 3443/7240/3409
f 4001/7237/3955 3435/5885/3402 3433/5876/6
f 4002/7241/3956 3435/7242/3402 4001/7243/3955
f 4001/7239/3955 3442/7238/3408 4002/7244/3956
f 3435/7242/3402 4002/7241/3956 4003/7245/3957
f 4003/7246/3957 4002/7247/3956 3442/7248/3408
f 4003/7246/3957 3442/7248/3408 3440/7249/3407
f 4003/7245/3957 3440/7250/3407 3435/7242/3402
f 2030/3371/2014 3439/5918/3404 2009/3337/6
f 2037/5864/2021 3424/5865/3393 3432/5892/3400
f 3432/5892/3400 2031/5891/2016 2037/5864/2021
f 3427/5874/3394 3431/7251/3399 3426/5873/3396
f 3431/7252/3399 3427/7253/3394 3430/7254/3398
f 3427/7253/3394 3423/7255/3391 3430/7254/3398
f 2038/3389/2022 2044/5856/2028 3421/5855/3390
f 3421/5855/3390 2037/3388/2021 2038/3389/2022
f 3417/5840/3386 4004/7256/3958 3416/5841/3385
f 3411/5844/3381 4004/7257/3958 3417/5845/3386
f 4004/7258/3958 3407/7259/3375 3416/7260/3385
f 3411/5844/3381 3412/7261/3380 4004/7257/3958
f 3407/7259/3375 4004/7258/3958 3412/7262/3380
f 3356/5827/3329 3409/5828/3378 3413/5850/3379
f 3413/5850/3379 3355/5849/3330 3356/5827/3329
f 3403/7263/3372 3374/5767/6 3404/7264/3373
f 3374/5767/6 3399/5810/3369 3404/7264/3373
f 3352/5731/3327 3403/7263/3372 3357/5732/3332
f 3374/5767/6 3403/7263/3372 3352/5731/3327
f 4005/7265/3959 3392/5802/3363 3382/5796/3353
f 3383/6917/3355 3392/6916/3363 4005/7266/3959
f 3379/7267/3351 4005/7266/3959 3373/5762/3345
f 3373/5764/3345 4005/7265/3959 3377/5772/3348
f 3382/5796/3353 3377/5772/3348 4005/7265/3959
f 4005/7266/3959 3379/7267/3351 3380/7268/3352
f 4005/7266/3959 3380/7268/3352 3383/6917/3355
f 1786/2897/1781 1789/2898/1782 3390/5799/3360
f 3373/5762/3345 3370/5760/3344 3379/7267/3351
f 3379/5779/3351 3370/5761/3344 3371/5758/3342
f 3352/5731/3327 3362/5745/3336 3374/5767/6
f 3362/5745/3336 3363/5741/3335 3374/5767/6
f 3374/5767/6 3363/5741/3335 3368/5766/3341
f 3366/5757/3339 3363/5755/3335 3359/7269/3333
f 3359/7269/3333 2056/7270/2042 3366/5757/3339
f 3366/5751/3339 2056/3424/2042 2057/3426/2044
f 3353/5726/3326 3350/5719/3324 3365/5748/821
f 3362/5743/3336 3352/7271/3327 3353/5750/3326
f 3360/5734/6 4007/7272/3960 4006/7273/3961
f 4006/7273/3961 3359/5735/3333 3360/5734/6
f 4007/7272/3960 3360/5734/6 2046/5858/2029
f 2033/3374/2017 4007/7272/3960 2046/5858/2029
f 2058/7274/2043 4006/7275/3961 4007/7276/3960
f 4008/7277/3962 4007/7276/3960 2033/7278/2017
f 4007/7276/3960 4008/7277/3962 2058/7274/2043
f 2023/3362/2006 4008/7277/3962 2033/7278/2017
f 4008/7279/3962 2023/3359/2006 2039/3393/2020
f 2039/3393/2020 2048/3407/2030 4008/7279/3962
f 2058/3425/2043 4008/7279/3962 2048/3407/2030
f 4006/7275/3961 2058/7274/2043 2056/7270/2042
f 2056/7270/2042 3359/7269/3333 4006/7275/3961
f 4009/7280/3963 2046/3403/2029 2048/3404/2030
f 2034/7281/2019 4009/7282/3963 2048/7283/2030
f 2048/7283/2030 2039/7284/2020 2034/7281/2019
f 2046/5858/2029 4009/7285/3963 2033/3374/2017
f 4009/7285/3963 2034/3376/2019 2033/3374/2017
f 2039/3393/2020 2000/3323/821 2042/3394/2024
f 2023/3359/2006 2000/3323/821 2039/3393/2020
f 2033/7278/2017 2026/3366/2010 2023/3362/2006
f 2017/7286/2002 2025/3377/2009 2020/7287/2004
f 2025/3365/2009 2017/3350/2002 2016/3349/2001
f 2022/3379/2007 2020/7287/2004 2025/3377/2009
f 2022/3360/2007 2001/3324/1986 2000/3323/821
f 2020/7288/2004 2019/7289/2003 2017/7290/2002
f 2011/7291/1995 2017/7290/2002 2019/7289/2003
f 2019/7292/2003 2003/3381/1987 2011/3384/1995
f 2003/3325/1987 2019/3353/2003 2014/3352/1999
f 2014/3352/1999 2012/7293/1997 2003/3325/1987
f 2012/7293/1997 2002/3326/1988 2003/3325/1987
f 2006/3328/1990 1625/2601/1622 2005/3329/1991
f 2006/3328/1990 1624/2599/1620 1625/2601/1622
f 4010/7294/3964 1996/3321/1983 1628/2661/1623
f 1996/3321/1983 4010/7294/3964 1993/3314/1980
f 4013/7295/3965 4011/7296/3966 4010/7297/3964
f 1993/3310/1980 4010/7297/3964 4011/7296/3966
f 4010/7297/3964 1649/7298/1644 4012/7299/3967
f 4012/7299/3967 4013/7295/3965 4010/7297/3964
f 1628/2661/1623 1649/2660/1644 4010/7294/3964
f 4014/7300/3968 4011/7301/3966 4013/7302/3965
f 4013/7302/3965 4015/7303/3969 4014/7300/3968
f 4015/7303/3969 4013/7302/3965 4012/7304/3967
f 4015/7305/3969 4018/7306/3970 4016/7307/3971
f 4016/7307/3971 4017/7308/3972 4015/7305/3969
f 4014/7309/3968 4015/7305/3969 4017/7308/3972
f 4012/7304/3967 4018/7310/3970 4015/7303/3969
f 4018/7310/3970 4012/7304/3967 4019/7311/3973
f 4019/7311/3973 4020/7312/3974 4018/7310/3970
f 4016/7307/3971 4018/7306/3970 4020/7313/3974
f 4020/7313/3974 4022/7314/3975 4016/7307/3971
f 4020/7312/3974 4019/7311/3973 4021/7315/3976
f 4021/7315/3976 4022/7316/3975 4020/7312/3974
f 4022/7314/3975 4023/7317/3977 1966/3263/1954
f 1966/3263/1954 4016/7307/3971 4022/7314/3975
f 4022/7316/3975 4021/7315/3976 1656/7318/1650
f 1656/7318/1650 4023/7319/3977 4022/7316/3975
f 4023/7317/3977 1967/3264/1955 1966/3263/1954
f 4023/7319/3977 1656/7318/1650 1655/7320/1649
f 1655/7320/1649 1967/7321/1955 4023/7319/3977
f 1656/2668/1650 4021/7322/3976 1650/2671/1643
f 4021/7322/3976 4019/7323/3973 1649/7298/1644
f 1649/7298/1644 1650/2671/1643 4021/7322/3976
f 4019/7323/3973 4012/7299/3967 1649/7298/1644
f 4017/7324/3972 1978/7325/1965 1977/3290/1967
f 1978/7325/1965 4017/7324/3972 4016/7326/3971
f 4017/7308/3972 1981/3292/1969 4024/7327/3978
f 1977/3290/1967 1981/3289/1969 4017/7324/3972
f 4024/7327/3978 4014/7309/3968 4017/7308/3972
f 4025/7328/3979 4024/7329/3978 1987/3302/1976
f 1987/3303/1976 4024/7327/3978 1981/3292/1969
f 4024/7329/3978 4025/7328/3979 4011/7301/3966
f 4011/7301/3966 4014/7300/3968 4024/7329/3978
f 4011/7296/3966 4025/7330/3979 1993/3310/1980
f 4025/7330/3979 1988/3304/1975 1993/3310/1980
f 1987/3302/1976 1988/3301/1975 4025/7328/3979
f 4016/7326/3971 1970/3269/1958 1978/7325/1965
f 1970/3269/1958 4016/7326/3971 1966/3265/1954
f 1990/3307/1978 1985/3300/1973 1984/6854/1972
f 1660/2682/1655 1664/2681/1658 1968/7331/1956
f 1968/7331/1956 1658/7332/1652 1660/2682/1655
f 1658/7332/1652 1968/7331/1956 1967/7321/1955
f 1967/7321/1955 1655/7320/1649 1658/7332/1652
f 1947/3218/1935 1944/3211/1931 1956/3237/1943
f 1953/3234/1941 1684/2717/1678 1954/3233/1940
f 1696/2736/1691 1954/7333/1940 1686/2718/1680
f 1954/7333/1940 1684/2714/1678 1686/2718/1680
f 1684/2717/1678 1953/3234/1941 1682/2713/1676
f 1948/3213/1934 4027/7334/3980 1945/3214/1929
f 1948/3221/1934 1698/3220/1693 4026/7335/3981
f 4026/7335/3981 4027/7336/3980 1948/3221/1934
f 4027/7334/3980 4028/7337/3982 1945/3214/1929
f 4029/7338/3983 4028/7339/3982 4027/7336/3980
f 4027/7336/3980 4026/7335/3981 4029/7338/3983
f 4030/7340/3984 4029/7341/3983 1703/7342/1697
f 4028/7339/3982 4029/7338/3983 4030/7343/3984
f 4029/7341/3983 4026/7344/3981 1703/7342/1697
f 1703/7342/1697 1710/2760/1705 4030/7340/3984
f 1716/2770/1711 4030/7340/3984 1710/2760/1705
f 4030/7343/3984 4031/7345/3985 4028/7339/3982
f 4031/7345/3985 4030/7343/3984 1716/2772/1711
f 4028/7337/3982 4031/7346/3985 4032/7347/3986
f 1716/2772/1711 1717/2771/1712 4031/7345/3985
f 4031/7346/3985 1717/2776/1712 4032/7347/3986
f 1942/3204/1930 1945/3203/1929 4032/7348/3986
f 4032/7348/3986 1722/2781/1716 1942/3204/1930
f 1722/2781/1716 4032/7348/3986 1719/2779/1714
f 1719/2774/1714 4032/7347/3986 1717/2776/1712
f 4032/7347/3986 1945/3214/1929 4028/7337/3982
f 4026/7344/3981 1698/2739/1693 1700/2738/1692
f 1700/2738/1692 1703/7342/1697 4026/7344/3981
f 1931/3178/1919 1943/3208/1932 1932/3177/1918
f 1942/3206/1930 1722/7349/1716 1936/3200/1924
f 1739/2805/1734 4033/7350/3987 1933/3189/1920
f 1933/3181/1920 4033/7351/3987 1929/3179/1917
f 1933/3189/1920 1736/2799/1729 1739/2805/1734
f 4033/7351/3987 1739/7352/1734 1738/2816/1733
f 1929/3179/1917 4033/7351/3987 1738/2816/1733
f 1924/3164/1912 1931/7084/1919 1925/3162/1911
f 1738/2816/1733 1743/2808/1737 1929/3179/1917
f 1927/3170/1914 1917/6928/1905 1918/3167/1906
f 1900/3160/1888 1902/7100/1887 1920/3161/1909
f 1876/3068/1864 1885/3087/6 1875/3067/1863
f 1876/3068/1864 1878/3077/1869 1885/3087/6
f 1864/3047/6 1861/3043/6 1882/3083/1870
f 1864/3047/6 1873/3064/6 4034/7353/3988
f 1871/3059/1860 4034/7353/3988 1873/3064/6
f 4035/7354/3989 4034/7355/3988 4037/7356/3990
f 4034/7353/3988 4035/7357/3989 1864/3047/6
f 4034/7358/3988 4036/7359/3991 4038/7360/3992
f 4036/7359/3991 4034/7358/3988 1871/7361/1860
f 4038/7362/3992 4037/7356/3990 4034/7355/3988
f 4036/7363/3991 4037/7364/3990 4038/7365/3992
f 4037/7366/3990 4036/7367/3991 4035/7368/3989
f 4036/7367/3991 1871/7369/1860 4035/7368/3989
f 4035/7357/3989 1871/3059/1860 1863/3048/1854
f 1863/3048/1854 1864/3047/6 4035/7357/3989
f 1856/3034/1848 1868/3053/1857 4041/7370/3993
f 1868/7371/1857 4039/7372/3994 4040/7373/3995
f 4039/7374/3994 1868/7375/1857 1827/7376/1819
f 4040/7377/3995 4041/7378/3993 1868/7379/1857
f 1839/3005/1831 1856/3034/1848 4041/7370/3993
f 1836/7380/1828 4041/7370/3993 4043/7381/3996
f 1836/7380/1828 1839/3005/1831 4041/7370/3993
f 4040/7377/3995 4042/7382/3997 4041/7378/3993
f 4042/7382/3997 4043/7383/3996 4041/7378/3993
f 4043/7381/3996 1829/2979/1822 1832/7384/1824
f 4043/7381/3996 1832/7384/1824 1836/7380/1828
f 1829/2979/1822 4043/7381/3996 1830/2980/1823
f 4044/7385/3998 1830/7386/1823 4043/7387/3996
f 4043/7387/3996 4042/7388/3997 4044/7385/3998
f 4042/7389/3997 4039/7372/3994 4044/7390/3998
f 4044/7391/3998 1827/7376/1819 1830/7392/1823
f 1827/7376/1819 4044/7391/3998 4039/7374/3994
f 4040/7373/3995 4039/7372/3994 4042/7389/3997
f 1865/7393/1855 1866/7394/1856 4046/7395/3999
f 4045/7396/4000 1866/3051/1856 1861/3043/6
f 1866/7394/1856 4045/7397/4000 4047/7398/4001
f 4047/7398/4001 4046/7395/3999 1866/7394/1856
f 4046/7399/3999 4047/7400/4001 4045/7401/4000
f 4045/7401/4000 1865/7402/1855 4046/7399/3999
f 1861/3043/6 1864/3047/6 4045/7396/4000
f 1865/3050/1855 4045/7396/4000 1864/3047/6
f 1834/7403/1827 1833/7404/1826 1705/7405/1700
f 1705/7406/1700 1704/6121/1699 1834/6195/1827
f 1708/7407/1701 1705/7405/1700 1833/7404/1826
f 4049/7408/4002 4048/7409/4003 1823/7410/1814
f 4050/7411/4004 1823/7412/1814 4048/7413/4003
f 4049/7414/4002 1823/7415/1814 1822/7416/1815
f 1823/2967/1814 4050/7417/4004 1820/7418/1813
f 4048/7419/4003 1810/7420/1802 4050/7421/4004
f 4050/7417/4004 1810/2945/1802 1811/2949/1804
f 1811/2949/1804 1820/7418/1813 4050/7417/4004
f 4049/7408/4002 4051/7422/4005 4048/7409/4003
f 4049/7408/4002 4052/7423/4006 4051/7422/4005
f 4052/7424/4006 4049/7414/4002 1822/7416/1815
f 4052/7424/4006 1822/7416/1815 4053/7425/4007
f 4053/7425/4007 4051/7426/4005 4052/7424/4006
f 4051/7427/4005 4053/7428/4007 1810/7420/1802
f 1804/2935/6 1810/2945/1802 4053/7429/4007
f 1804/2935/6 4053/7429/4007 1822/2966/1815
f 1810/7420/1802 4048/7419/4003 4051/7427/4005
f 1774/2869/1767 1814/2955/1807 1771/2867/1763
f 1805/2948/1800 1794/2913/1788 1812/2946/1803
f 1771/2867/1763 1812/2954/1803 1794/2914/1788
f 1806/2936/1799 1797/2919/1791 1793/7430/1787
f 1793/7430/1787 1805/2937/1800 1806/2936/1799
f 1794/2913/1788 1805/2948/1800 1793/2912/1787
f 1796/2915/1789 1788/7431/1780 1785/2910/1779
f 1769/2907/1764 1771/2867/1763 1794/2914/1788
f 1789/7432/1782 1790/7433/1783 1783/7434/1775
f 1780/2882/1772 1772/2859/1762 1768/2858/1761
f 1772/2873/1762 1780/2905/1772 1775/2871/1769
f 932/7435/930 1779/7436/1773 4058/7437/4008
f 1779/7438/1773 932/7439/930 929/7440/929
f 1779/7436/1773 898/1520/898 4057/7441/4009
f 897/1518/897 898/1520/898 1779/7436/1773
f 4056/7442/4010 4054/7443/4011 1779/7436/1773
f 4055/7444/4012 1779/7436/1773 4054/7443/4011
f 1779/7436/1773 4055/7444/4012 4058/7437/4008
f 1779/7436/1773 4057/7441/4009 4056/7442/4010
f 4059/7445/4013 897/1518/897 1779/7436/1773
f 929/7446/929 4059/7445/4013 1779/7436/1773
f 4059/7447/4013 929/1572/929 928/1571/927
f 928/1571/927 903/1529/903 4059/7447/4013
f 897/1521/897 4059/7447/4013 903/1529/903
f 4058/7437/4008 4060/7448/4014 932/7435/930
f 4061/7449/4015 4058/7437/4008 4055/7444/4012
f 4062/7450/4016 4060/7451/4014 4058/7452/4008
f 4063/7453/4017 4058/7454/4008 4061/7455/4015
f 4063/7453/4017 4062/7456/4016 4058/7454/4008
f 4065/7457/4018 4063/7458/4017 4064/7459/4019
f 4061/7455/4015 4064/7460/4019 4063/7453/4017
f 4062/7461/4016 4063/7458/4017 4065/7457/4018
f 4065/7457/4018 4064/7459/4019 4066/7462/4020
f 4066/7462/4020 4067/7463/4021 4065/7457/4018
f 4067/7463/4021 4068/7464/4022 4065/7457/4018
f 4068/7464/4022 4062/7461/4016 4065/7457/4018
f 4068/7465/4022 4069/7466/4023 4060/7451/4014
f 4068/7467/4022 4067/7468/4021 4069/7469/4023
f 4062/7450/4016 4068/7465/4022 4060/7451/4014
f 4071/7470/4024 932/7435/930 4069/7471/4023
f 4060/7448/4014 4069/7471/4023 932/7435/930
f 4070/7472/4025 4069/7469/4023 4067/7468/4021
f 4069/7471/4023 4070/7473/4025 4071/7470/4024
f 931/7474/931 932/7475/930 4071/7476/4024
f 4072/7477/4026 931/7478/931 4071/7479/4024
f 4074/7480/4027 4072/7477/4026 4071/7479/4024
f 4073/7481/4028 4071/7470/4024 4075/7482/4029
f 4074/7483/4027 4071/7484/4024 4073/7485/4028
f 4076/7486/4030 4071/7470/4024 4070/7473/4025
f 4071/7470/4024 950/1610/949 954/1612/953
f 954/1612/953 4075/7482/4029 4071/7470/4024
f 4076/7486/4030 950/1610/949 4071/7470/4024
f 4077/7487/4031 4078/7488/4032 4076/7489/4030
f 4076/7489/4030 4079/7490/4033 4077/7487/4031
f 4078/7488/4032 4081/7491/4034 4076/7489/4030
f 4079/7492/4033 4076/7486/4030 4080/7493/4035
f 4070/7473/4025 4080/7493/4035 4076/7486/4030
f 4081/7491/4034 4082/7494/4036 4076/7489/4030
f 950/1606/949 4076/7489/4030 4082/7494/4036
f 947/1602/946 4082/7494/4036 944/1600/943
f 943/7495/942 944/1600/943 4082/7494/4036
f 4082/7494/4036 4081/7491/4034 943/7495/942
f 4082/7494/4036 947/1602/946 950/1606/949
f 4081/7491/4034 4078/7488/4032 4083/7496/4037
f 4083/7496/4037 943/7495/942 4081/7491/4034
f 913/1549/916 943/1596/942 4083/7497/4037
f 913/1549/916 4083/7497/4037 915/1548/915
f 915/7498/915 4083/7496/4037 4078/7488/4032
f 4080/7493/4035 4061/7449/4015 4079/7492/4033
f 4080/7499/4035 4070/7472/4025 4066/7500/4020
f 4061/7455/4015 4080/7501/4035 4064/7460/4019
f 4080/7501/4035 4066/7502/4020 4064/7460/4019
f 4084/7503/4038 4077/7487/4031 4079/7490/4033
f 4079/7490/4033 4055/7504/4012 4084/7503/4038
f 4055/7444/4012 4079/7492/4033 4061/7449/4015
f 4077/7487/4031 4084/7503/4038 916/7505/917
f 4085/7506/4039 4084/7503/4038 4055/7504/4012
f 914/7507/913 916/7505/917 4084/7503/4038
f 4084/7503/4038 4085/7506/4039 914/7507/913
f 4086/7508/4040 914/7509/913 4085/7510/4039
f 4085/7510/4039 4087/7511/4041 4086/7508/4040
f 4087/7511/4041 4085/7510/4039 4055/7512/4012
f 4088/7513/4042 4086/7508/4040 4087/7511/4041
f 4087/7511/4041 4089/7514/4043 4088/7513/4042
f 4089/7514/4043 4087/7511/4041 4054/7515/4011
f 4055/7512/4012 4054/7515/4011 4087/7511/4041
f 4090/7516/4044 4088/7513/4042 4089/7514/4043
f 4089/7514/4043 4091/7517/4045 4090/7516/4044
f 4091/7517/4045 4089/7514/4043 4054/7515/4011
f 4093/7518/4046 4090/7516/4044 4091/7517/4045
f 4092/7519/4047 4091/7517/4045 4054/7515/4011
f 4091/7517/4045 4092/7519/4047 4093/7518/4046
f 829/1409/827 4090/7520/4044 4093/7521/4046
f 829/1409/827 4093/7521/4046 4094/7522/4048
f 4094/7523/4048 4093/7518/4046 4092/7519/4047
f 4094/7522/4048 4095/7524/4049 828/1412/830
f 828/1412/830 829/1409/827 4094/7522/4048
f 4095/7525/4049 4094/7523/4048 4096/7526/4050
f 4092/7519/4047 4096/7526/4050 4094/7523/4048
f 4097/7527/4051 4096/7526/4050 4098/7528/4052
f 4096/7526/4050 4097/7527/4051 4095/7525/4049
f 4096/7526/4050 4092/7519/4047 4099/7529/4053
f 4099/7529/4053 4098/7528/4052 4096/7526/4050
f 4100/7530/4054 884/7531/885 4099/7532/4053
f 4098/7533/4052 4099/7532/4053 884/7531/885
f 4054/7515/4011 4099/7529/4053 4092/7519/4047
f 4099/7532/4053 4054/7443/4011 4056/7442/4010
f 4056/7442/4010 4100/7530/4054 4099/7532/4053
f 4100/7530/4054 4101/7534/4055 884/7531/885
f 4102/7535/4056 4101/7536/4055 4100/7537/4054
f 4100/7538/4054 4056/7539/4010 4103/7540/4057
f 4100/7538/4054 4103/7540/4057 4102/7541/4056
f 4056/7539/4010 4104/7542/4058 4103/7540/4057
f 4105/7543/4059 4103/7544/4057 4104/7545/4058
f 4105/7543/4059 4102/7546/4056 4103/7544/4057
f 4104/7545/4058 4106/7547/4060 4105/7543/4059
f 4106/7547/4060 4107/7548/4061 4105/7543/4059
f 4105/7543/4059 4107/7548/4061 4102/7546/4056
f 4101/7536/4055 4102/7535/4056 4107/7549/4061
f 4107/7549/4061 4108/7550/4062 4101/7536/4055
f 4107/7551/4061 4106/7552/4060 4108/7553/4062
f 4101/7534/4055 4108/7554/4062 884/7531/885
f 4106/7552/4060 4057/7555/4009 4108/7553/4062
f 898/1520/898 4108/7554/4062 4057/7441/4009
f 898/1520/898 884/7531/885 4108/7554/4062
f 4106/7552/4060 4104/7556/4058 4057/7555/4009
f 4056/7557/4010 4057/7555/4009 4104/7556/4058
f 4109/7558/4063 4097/7527/4051 4098/7528/4052
f 4098/7528/4052 4110/7559/4064 4109/7558/4063
f 884/7531/885 4110/7560/4064 4098/7533/4052
f 4113/7561/4065 4109/7558/4063 4110/7559/4064
f 4110/7560/4064 884/7531/885 864/1463/865
f 4111/7562/4066 4110/7560/4064 864/1463/865
f 856/1452/856 4110/7560/4064 4111/7562/4066
f 4110/7559/4064 856/1448/856 4112/7563/4067
f 4112/7563/4067 4113/7561/4065 4110/7559/4064
f 833/1420/832 4114/7564/4068 4113/7561/4065
f 4113/7561/4065 4112/7563/4067 833/1420/832
f 4109/7558/4063 4113/7561/4065 4114/7564/4068
f 828/1412/830 4114/7565/4068 833/1418/832
f 4114/7564/4068 4115/7566/4069 4109/7558/4063
f 828/1412/830 4115/7567/4069 4114/7565/4068
f 4115/7566/4069 4095/7525/4049 4097/7527/4051
f 828/1412/830 4095/7524/4049 4115/7567/4069
f 4097/7527/4051 4109/7558/4063 4115/7566/4069
f 4112/7563/4067 852/1444/852 4116/7568/4070
f 852/1444/852 4112/7563/4067 854/1446/854
f 833/1420/832 4112/7563/4067 4116/7568/4070
f 856/1448/856 854/1446/854 4112/7563/4067
f 4116/7568/4070 852/1444/852 4117/7569/4071
f 4116/7568/4070 4118/7570/4072 833/1420/832
f 4117/7569/4071 4118/7570/4072 4116/7568/4070
f 832/1421/834 833/1420/832 4118/7570/4072
f 832/1421/834 4118/7570/4072 4117/7569/4071
f 835/7571/835 832/7572/834 4117/7573/4071
f 852/1444/852 851/1443/851 4117/7569/4071
f 4117/7569/4071 4119/7574/4073 835/1424/835
f 4117/7575/4071 851/7576/851 4119/7577/4073
f 4121/7578/4074 4119/7574/4073 4120/7579/4075
f 851/1443/851 4120/7579/4075 4119/7574/4073
f 835/1424/835 4119/7574/4073 4122/7580/4076
f 4119/7574/4073 4121/7578/4074 4122/7580/4076
f 4122/7581/4076 4121/7582/4074 4123/7583/4077
f 4125/7584/4078 837/7585/836 4122/7586/4076
f 4122/7580/4076 837/1425/836 835/1424/835
f 4123/7583/4077 4124/7587/4079 4122/7581/4076
f 4122/7586/4076 4124/7588/4079 4125/7584/4078
f 836/7589/838 837/7590/836 4125/7591/4078
f 4125/7591/4078 4128/7592/4080 836/7589/838
f 4125/7593/4078 4126/7594/4081 4128/7595/4080
f 4127/7596/4082 4126/7594/4081 4125/7593/4078
f 4125/7593/4078 4124/7597/4079 4127/7596/4082
f 4129/7598/4083 836/7589/838 4128/7592/4080
f 4128/7592/4080 4126/7599/4081 4129/7598/4083
f 4130/7600/4084 838/1426/837 4129/7601/4083
f 4129/7601/4083 4131/7602/4085 4130/7600/4084
f 4127/7603/4082 4131/7604/4085 4129/7605/4083
f 836/1427/838 4129/7601/4083 838/1426/837
f 4129/7605/4083 4126/7606/4081 4127/7603/4082
f 4120/7579/4075 4130/7600/4084 4131/7602/4085
f 4131/7602/4085 4121/7578/4074 4120/7579/4075
f 4121/7582/4074 4131/7607/4085 4127/7608/4082
f 843/7609/844 841/7610/841 4130/7611/4084
f 841/1432/841 838/1426/837 4130/7600/4084
f 4130/7600/4084 4120/7579/4075 843/1436/844
f 4127/7596/4082 4124/7597/4079 4123/7612/4077
f 4127/7608/4082 4123/7583/4077 4121/7582/4074
f 843/7613/844 4120/7614/4075 851/7615/851
f 864/7616/865 861/7617/864 4111/7618/4066
f 859/7619/858 4111/7620/4066 4133/7621/4086
f 4111/7562/4066 859/1450/858 856/1452/856
f 4111/7622/4066 861/1461/864 4132/7623/4087
f 4111/7620/4066 4132/7624/4087 4134/7625/4088
f 4111/7620/4066 4134/7625/4088 4133/7621/4086
f 4135/7626/4089 4134/7627/4088 4132/7628/4087
f 4135/7626/4089 4133/7629/4086 4134/7627/4088
f 4135/7626/4089 4132/7628/4087 862/7630/863
f 862/7630/863 863/7631/862 4135/7626/4089
f 863/7631/862 4133/7629/4086 4135/7626/4089
f 4133/7621/4086 863/7632/862 859/7619/858
f 861/1461/864 862/1460/863 4132/7623/4087
f 829/1409/827 4088/7633/4042 4090/7520/4044
f 912/1547/914 4086/7634/4040 4088/7633/4042
f 4088/7633/4042 829/1409/827 912/1547/914
f 912/1547/914 914/1546/913 4086/7634/4040
f 4078/7488/4032 4077/7487/4031 915/7498/915
f 916/7505/917 915/7498/915 4077/7487/4031
f 4138/7635/4090 4075/7636/4029 954/7637/953
f 4137/7638/4091 4136/7639/4092 4075/7640/4029
f 4075/7482/4029 4136/7641/4092 4073/7481/4028
f 4075/7640/4029 4138/7642/4090 4137/7638/4091
f 4140/7643/4093 4137/7644/4091 4138/7645/4090
f 4140/7643/4093 4138/7645/4090 4139/7646/4094
f 954/7637/953 4139/7647/4094 4138/7635/4090
f 4142/7648/4095 4137/7644/4091 4140/7643/4093
f 4140/7643/4093 4139/7646/4094 4141/7649/4096
f 4140/7643/4093 4141/7649/4096 4142/7648/4095
f 4137/7650/4091 4142/7651/4095 4143/7652/4097
f 4142/7651/4095 958/7653/958 4143/7652/4097
f 958/7653/958 4142/7651/4095 4141/7654/4096
f 4137/7638/4091 4143/7655/4097 4136/7639/4092
f 4073/7481/4028 4136/7641/4092 4143/7656/4097
f 962/1623/962 4143/7656/4097 958/1618/958
f 4143/7656/4097 962/1623/962 4073/7481/4028
f 953/7657/954 4141/7658/4096 4139/7647/4094
f 953/7659/954 958/7653/958 4141/7654/4096
f 4139/7647/4094 954/7637/953 953/7657/954
f 4074/7660/4027 4147/7661/4098 4144/7662/4099
f 4144/7662/4099 4145/7663/4100 4074/7660/4027
f 4145/7663/4100 4146/7664/4101 4074/7660/4027
f 4072/7665/4026 4074/7660/4027 4146/7664/4101
f 4147/7661/4098 4074/7660/4027 4073/7666/4028
f 4149/7667/4102 4144/7662/4099 4147/7661/4098
f 4148/7668/4103 4147/7669/4098 4073/7670/4028
f 4147/7661/4098 4148/7671/4103 4149/7667/4102
f 4144/7672/4099 4149/7673/4102 4150/7674/4104
f 4152/7675/4105 4150/7674/4104 4149/7673/4102
f 4151/7676/4106 4149/7677/4102 4148/7678/4103
f 4149/7673/4102 4151/7679/4106 4152/7675/4105
f 4150/7680/4104 4152/7681/4105 4153/7682/4107
f 4154/7683/4108 4153/7682/4107 4152/7681/4105
f 4152/7681/4105 4155/7684/4109 4154/7683/4108
f 4155/7685/4109 4152/7675/4105 4151/7679/4106
f 4156/7686/4110 4155/7685/4109 4157/7687/4111
f 4155/7684/4109 4156/7688/4110 4158/7689/4112
f 4158/7689/4112 4154/7683/4108 4155/7684/4109
f 4151/7679/4106 4157/7687/4111 4155/7685/4109
f 4158/7690/4112 4159/7691/4113 4162/7692/4114
f 4159/7691/4113 4158/7690/4112 4160/7693/4115
f 4160/7693/4115 4158/7690/4112 4161/7694/4116
f 4161/7695/4116 4158/7689/4112 4156/7688/4110
f 4154/7696/4108 4158/7690/4112 4162/7692/4114
f 967/7697/966 4162/7692/4114 4159/7691/4113
f 4162/7692/4114 4164/7698/4117 4163/7699/4118
f 4163/7699/4118 4165/7700/4119 4162/7692/4114
f 4162/7692/4114 967/7697/966 4164/7698/4117
f 4162/7692/4114 4165/7700/4119 4154/7696/4108
f 4166/7701/4120 940/1591/939 4165/7700/4119
f 4153/7702/4107 4165/7700/4119 940/1591/939
f 4153/7702/4107 4154/7696/4108 4165/7700/4119
f 4165/7700/4119 4167/7703/4121 4166/7701/4120
f 4165/7704/4119 4163/7705/4118 4167/7706/4121
f 4166/7707/4120 4167/7706/4121 957/1616/956
f 4167/7706/4121 4163/7705/4118 960/1620/959
f 960/1620/959 957/1616/956 4167/7706/4121
f 940/1591/939 4166/7701/4120 4168/7708/4122
f 4168/7709/4122 4166/7707/4120 956/1615/955
f 957/1616/956 956/1615/955 4166/7707/4120
f 940/1591/939 4168/7708/4122 4169/7710/4123
f 4169/7711/4123 4168/7709/4122 952/1609/952
f 956/1615/955 952/1609/952 4168/7709/4122
f 940/1591/939 4169/7710/4123 946/1599/945
f 946/1603/945 4169/7711/4123 949/1605/948
f 952/1609/952 949/1605/948 4169/7711/4123
f 4164/7712/4117 967/1629/966 965/1628/965
f 965/1628/965 961/1621/960 4164/7712/4117
f 4163/7705/4118 4164/7712/4117 961/1621/960
f 961/1621/960 960/1620/959 4163/7705/4118
f 4170/7713/4124 4161/7695/4116 4171/7714/4125
f 4161/7694/4116 4170/7715/4124 4160/7693/4115
f 4156/7688/4110 4171/7714/4125 4161/7695/4116
f 4172/7716/4126 4171/7717/4125 4173/7718/4127
f 4171/7714/4125 4172/7719/4126 4170/7713/4124
f 4171/7717/4125 4156/7686/4110 4174/7720/4128
f 4174/7720/4128 4173/7718/4127 4171/7717/4125
f 4173/7721/4127 4174/7722/4128 4175/7723/4129
f 4174/7722/4128 4157/7724/4111 4175/7723/4129
f 4157/7687/4111 4174/7720/4128 4156/7686/4110
f 4175/7725/4129 4148/7726/4103 4073/7727/4028
f 4148/7678/4103 4175/7723/4129 4157/7724/4111
f 4176/7728/4130 4175/7729/4129 962/7730/962
f 4175/7723/4129 4176/7731/4130 4173/7721/4127
f 4175/7725/4129 4073/7727/4028 962/7732/962
f 4177/7733/4131 4176/7731/4130 990/1673/990
f 4177/7733/4131 4173/7721/4127 4176/7731/4130
f 962/1674/962 990/1673/990 4176/7731/4130
f 990/1673/990 4178/7734/4132 4177/7733/4131
f 4177/7735/4131 4178/7736/4132 4179/7737/4133
f 4179/7737/4133 4172/7716/4126 4177/7735/4131
f 4173/7718/4127 4177/7735/4131 4172/7716/4126
f 4180/7738/4134 4182/7739/4135 4179/7740/4133
f 4179/7740/4133 4181/7741/4136 4180/7738/4134
f 4181/7742/4136 4179/7737/4133 4178/7736/4132
f 4172/7719/4126 4179/7740/4133 4182/7739/4135
f 4182/7743/4135 4180/7744/4134 4183/7745/4137
f 4170/7715/4124 4182/7743/4135 4183/7745/4137
f 4182/7739/4135 4170/7713/4124 4172/7719/4126
f 4184/7746/4138 4183/7745/4137 4180/7744/4134
f 4183/7747/4137 4184/7748/4138 4186/7749/4139
f 4185/7750/4140 4160/7751/4115 4183/7752/4137
f 4183/7745/4137 4160/7693/4115 4170/7715/4124
f 4183/7752/4137 4186/7753/4139 4185/7750/4140
f 4188/7754/4141 4185/7755/4140 4186/7756/4139
f 4184/7748/4138 4187/7757/4142 4186/7749/4139
f 4188/7754/4141 4186/7756/4139 4187/7758/4142
f 4189/7759/4143 4185/7755/4140 4188/7754/4141
f 4187/7758/4142 4189/7759/4143 4188/7754/4141
f 4185/7750/4140 4189/7760/4143 4160/7751/4115
f 4189/7761/4143 4187/7762/4142 4190/7763/4144
f 4189/7760/4143 4190/7764/4144 4160/7751/4115
f 4160/7693/4115 4190/7765/4144 4159/7691/4113
f 4192/7766/4145 4190/7763/4144 4187/7762/4142
f 4191/7767/4146 4159/7691/4113 4190/7765/4144
f 4190/7765/4144 4192/7768/4145 4191/7767/4146
f 1016/1726/1015 4191/7767/4146 4192/7768/4145
f 4193/7769/4147 999/7770/998 4192/7768/4145
f 4192/7768/4145 4184/7746/4138 4193/7769/4147
f 999/7770/998 998/7771/997 4192/7768/4145
f 998/7771/997 1002/1727/1000 4192/7768/4145
f 4184/7748/4138 4192/7772/4145 4187/7757/4142
f 1002/1727/1000 1016/1726/1015 4192/7768/4145
f 4193/7773/4147 4180/7738/4134 4181/7741/4136
f 4180/7744/4134 4193/7769/4147 4184/7746/4138
f 999/1689/998 4193/7773/4147 995/1692/994
f 4181/7741/4136 995/1692/994 4193/7773/4147
f 4194/7774/4148 4159/7691/4113 4191/7767/4146
f 4191/7767/4146 4195/7775/4149 4194/7774/4148
f 4191/7767/4146 4196/7776/4150 4195/7775/4149
f 4196/7776/4150 4191/7767/4146 1016/1726/1015
f 1016/1726/1015 4197/7777/4151 4196/7776/4150
f 4195/7778/4149 4196/7779/4150 4198/7780/4152
f 4196/7779/4150 4197/7781/4151 4199/7782/4153
f 4199/7782/4153 4198/7780/4152 4196/7779/4150
f 4198/7780/4152 4199/7782/4153 974/1638/974
f 4199/7782/4153 4200/7783/4154 4201/7784/4155
f 4200/7783/4154 4199/7782/4153 4197/7781/4151
f 4201/7784/4155 974/1638/974 4199/7782/4153
f 4205/7785/4156 1006/7786/1006 4201/7787/4155
f 1006/7786/1006 989/1671/988 4201/7787/4155
f 974/1639/974 4201/7787/4155 989/1671/988
f 4200/7788/4154 4206/7789/4157 4201/7790/4155
f 4201/7787/4155 4202/7791/4158 4203/7792/4159
f 4202/7793/4158 4201/7790/4155 4206/7789/4157
f 4203/7792/4159 4204/7794/4160 4201/7787/4155
f 4201/7787/4155 4204/7794/4160 4205/7785/4156
f 1019/7795/1019 1020/7796/1018 4206/7789/4157
f 4206/7789/4157 4200/7788/4154 1019/7795/1019
f 4207/7797/4161 4206/7789/4157 1020/7796/1018
f 4206/7789/4157 4207/7797/4161 4202/7793/4158
f 1020/7796/1018 1021/7798/1016 4207/7797/4161
f 4208/7799/4162 4207/7797/4161 1021/7798/1016
f 4207/7797/4161 4208/7799/4162 4202/7793/4158
f 1021/7798/1016 4209/7800/4163 4208/7799/4162
f 4210/7801/4164 4208/7799/4162 4209/7800/4163
f 4208/7799/4162 4210/7801/4164 4202/7793/4158
f 4210/7801/4164 4211/7802/4165 1043/1756/1040
f 4211/7802/4165 4210/7801/4164 1035/7803/1033
f 1043/1756/1040 4202/7793/4158 4210/7801/4164
f 4209/7800/4163 1035/7803/1033 4210/7801/4164
f 4211/7802/4165 1039/1751/1036 1043/1756/1040
f 1039/1751/1036 4211/7802/4165 1036/1749/1034
f 1035/7803/1033 1036/1749/1034 4211/7802/4165
f 1018/1729/1017 4209/7804/4163 1021/1728/1016
f 1018/1729/1017 1035/1746/1033 4209/7804/4163
f 4213/7805/4166 4212/7806/4167 4205/7807/4156
f 4205/7785/4156 4212/7808/4167 1006/7786/1006
f 4213/7805/4166 4205/7807/4156 4204/7809/4160
f 4213/7805/4166 4214/7810/4168 4212/7806/4167
f 4214/7811/4168 4213/7812/4166 4215/7813/4169
f 4215/7813/4169 4213/7812/4166 4216/7814/4170
f 4204/7809/4160 4216/7815/4170 4213/7805/4166
f 4204/7816/4160 4203/7817/4159 4216/7818/4170
f 4216/7814/4170 4217/7819/4171 4215/7813/4169
f 4217/7820/4171 4216/7818/4170 4203/7817/4159
f 4215/7813/4169 4217/7819/4171 4218/7821/4172
f 4219/7822/4173 4218/7823/4172 4217/7820/4171
f 4203/7817/4159 4219/7822/4173 4217/7820/4171
f 4202/7791/4158 1061/1781/1060 4219/7824/4173
f 1061/1781/1060 4220/7825/4174 4219/7824/4173
f 4219/7824/4173 4203/7792/4159 4202/7791/4158
f 4219/7822/4173 4220/7826/4174 4218/7823/4172
f 4214/7827/4168 4220/7828/4174 4212/7829/4167
f 4212/7808/4167 4220/7825/4174 1006/7786/1006
f 4214/7827/4168 4218/7830/4172 4220/7828/4174
f 1006/7786/1006 4220/7825/4174 1061/1781/1060
f 4218/7821/4172 4214/7811/4168 4215/7813/4169
f 4202/7791/4158 1043/1757/1040 1061/1781/1060
f 4197/7781/4151 1019/7831/1019 4200/7783/4154
f 973/1635/972 4198/7780/4152 974/1638/974
f 4198/7780/4152 973/1635/972 4195/7778/4149
f 1016/1726/1015 1019/1732/1019 4197/7777/4151
f 4194/7832/4148 4195/7778/4149 973/1635/972
f 4159/7691/4113 4194/7774/4148 970/7833/969
f 970/1632/969 4194/7832/4148 971/1633/970
f 973/1635/972 971/1633/970 4194/7832/4148
f 995/1684/994 4181/7742/4136 992/1682/992
f 4178/7736/4132 992/1682/992 4181/7742/4136
f 990/1673/990 992/1679/992 4178/7734/4132
f 4159/7691/4113 968/7834/967 967/7697/966
f 4159/7691/4113 970/7833/969 968/7834/967
f 4157/7724/4111 4151/7676/4106 4148/7678/4103
f 940/1591/939 4221/7835/4175 4153/7702/4107
f 4153/7682/4107 4221/7836/4175 4150/7680/4104
f 4222/7837/4176 4221/7835/4175 940/1591/939
f 4221/7838/4175 4222/7839/4176 4223/7840/4177
f 4223/7840/4177 4150/7841/4104 4221/7838/4175
f 4150/7674/4104 4223/7842/4177 4144/7672/4099
f 4223/7842/4177 4224/7843/4178 4145/7844/4100
f 4224/7845/4178 4223/7840/4177 4222/7839/4176
f 4145/7844/4100 4144/7672/4099 4223/7842/4177
f 937/1589/936 4224/7845/4178 941/1595/941
f 4222/7839/4176 941/1595/941 4224/7845/4178
f 4224/7843/4178 937/1587/936 4146/7846/4101
f 4146/7846/4101 4145/7844/4100 4224/7843/4178
f 941/1594/941 4222/7837/4176 940/1591/939
f 4146/7664/4101 938/7847/937 4072/7665/4026
f 938/1588/937 4146/7846/4101 937/1587/936
f 938/7847/937 934/1579/933 4072/7665/4026
f 931/1577/931 4072/7665/4026 934/1579/933
f 4067/7468/4021 4066/7500/4020 4070/7472/4025
f 1749/6190/1744 1761/6189/1755 1756/2836/1750
f 1756/2836/1750 1750/2832/1745 1749/6190/1744
f 1741/2814/1736 1740/7848/1735 1747/2822/1742
f 1727/2790/1721 1747/2822/1742 1740/7848/1735
f 1740/7848/1735 1732/2796/1727 1727/2790/1721
f 1723/3199/1717 1724/7849/1718 1733/2793/1726
f 1724/7849/1718 1730/2794/1725 1733/2793/1726
f 1713/6174/1708 1725/6173/1720 1720/2777/1715
f 1720/2777/1715 1714/2769/1709 1713/6174/1708
f 1672/2697/1668 1674/2696/1667 1687/2719/1681
f 1670/3255/1663 1677/2709/1672 1680/2708/1675
f 1669/2693/1665 1677/2704/1672 1670/2690/1663
f 1661/2678/1656 1662/2679/1657 1673/2694/1666
f 1609/2575/1604 1608/2574/1603 1614/2581/1610
f 1587/2547/1584 1588/2543/1583 1606/2572/1601
f 1156/1950/1152 1158/1951/1153 1604/2570/1599
f 1163/1957/1159 1164/1956/1158 1598/2563/1594
f 1166/1962/1161 1598/2563/1594 1164/1956/1158
f 1598/2563/1594 1166/1962/1161 1171/1969/1167
f 1578/3718/1572 1585/2545/1581 1577/7850/1573
f 1564/2516/1560 1561/2510/1556 1569/5678/1564
f 1551/2501/1547 1557/2507/1553 1552/2502/1548
f 1350/2207/1345 1553/5609/1549 1372/7851/1367
f 1370/2240/1363 1372/7851/1367 1553/5609/1549
f 1547/2493/1542 1550/2499/1545 1548/2494/1543
f 1348/7852/1344 1541/7853/1536 4225/7854/4179
f 1541/2483/1536 1348/2205/1344 1347/2206/1343
f 1538/2475/1533 4225/7854/4179 1541/7853/1536
f 4225/7854/4179 1354/2220/1350 1348/7852/1344
f 4225/7854/4179 1538/2475/1533 1356/2222/1352
f 1354/2220/1350 4225/7854/4179 1356/2222/1352
f 1534/2470/1530 1356/2222/1352 1538/2475/1533
f 1522/2452/1517 1520/2451/1516 1528/2463/1524
f 1523/2453/1518 1522/2452/1517 1528/2463/1524
f 4226/7855/4180 1526/2459/1522 1383/2461/1378
f 1526/2459/1522 4226/7855/4180 1525/2457/1521
f 4226/7855/4180 4227/7856/4181 1418/2312/1413
f 4226/7855/4180 1418/2312/1413 1525/2457/1521
f 4227/7856/4181 4226/7855/4180 1383/2461/1378
f 1414/2308/1409 1418/2312/1413 4227/7856/4181
f 4227/7856/4181 1415/2310/1411 1414/2308/1409
f 1415/2310/1411 4227/7856/4181 1383/2461/1378
f 1525/2457/1521 1418/2312/1413 1419/2313/1414
f 1419/2321/1414 1519/2449/1514 1525/2456/1521
f 1502/2424/1497 1501/2423/1496 1520/2451/1516
f 1421/2320/1418 1519/2449/1514 1419/2321/1414
f 1464/2379/1459 1452/2366/1446 1451/2367/1447
f 1439/2365/1434 1453/2369/1449 1435/2446/1430
f 1441/2353/1437 1427/2349/1422 1425/7857/1420
f 1416/2311/1412 1415/2310/1411 1381/2277/1377
f 1416/2311/1412 1387/2273/1381 1411/2306/1407
f 1387/2273/1381 1416/2311/1412 1381/2277/1377
f 1383/2461/1378 1381/2277/1377 1415/2310/1411
f 1407/2302/1403 1411/2306/1407 1387/2273/1381
f 1387/2273/1381 1385/2272/1380 1407/2302/1403
f 1406/2301/1402 1407/2302/1403 1385/2272/1380
f 1385/2272/1380 1386/2275/1382 1406/2301/1402
f 1406/2301/1402 1386/2275/1382 1405/2300/1401
f 1388/2276/1383 1392/2282/1387 1405/2300/1401
f 1386/2275/1382 1388/2276/1383 1405/2300/1401
f 1362/7858/1358 1372/2250/1367 1363/2249/1359
f 1372/7851/1367 1362/7859/1358 1350/2207/1345
f 1369/2242/1365 1343/2198/1339 1366/2243/1357
f 1341/2195/1337 1343/2199/1339 1369/5634/1365
f 1362/7859/1358 1366/2243/1357 1343/2198/1339
f 1343/2198/1339 1350/2207/1345 1362/7859/1358
f 1337/2191/1333 1346/2203/1342 1344/2200/1340
f 1337/2191/1333 1344/2200/1340 1338/2192/1334
f 1340/2193/1335 1322/2176/1318 1328/2181/1323
f 1334/2185/1327 1331/2184/1326 1336/2189/1331
f 1307/2160/1302 1305/2158/1300 1310/2163/1305
f 1284/2127/1279 1285/2129/1281 1290/7860/1286
f 1280/2120/1274 1277/2116/1272 1288/2132/1283
f 1270/2104/1267 1274/2110/1270 1279/4159/1275
f 1260/2091/1256 1263/2090/1255 1268/2101/1264
f 1255/2083/1250 1257/2085/1252 1253/2082/1249
f 1247/2073/1242 1250/2076/1244 1201/2000/1195
f 1208/2002/1198 1247/2073/1242 1201/2000/1195
f 1207/2011/1204 1206/2010/1203 1238/2059/1233
f 1206/2010/1203 1205/2009/1202 1238/2059/1233
f 1235/2051/1230 1236/7861/1231 1203/7862/1199
f 1236/2052/1231 1204/2008/1200 1203/7863/1199
f 1229/2042/1225 1235/2051/1230 1203/7862/1199
f 1227/2039/1223 1226/2038/1222 1231/2044/1226
f 1226/2038/1222 1225/2037/1221 1231/2044/1226
f 1194/1991/1189 1213/2015/1208 1210/2012/1205
f 1195/1993/1191 1210/2012/1205 1200/1998/1196
f 1210/2012/1205 1195/1993/1191 1194/1991/1189
f 1190/1987/1185 1192/1990/1188 1186/1982/1180
f 1185/1981/1179 1182/1980/1178 1188/1985/1183
f 1151/1943/1146 1141/1930/1136 1140/1928/1134
f 1063/1779/1058 1149/1938/1144 1064/1784/1063
f 1063/1779/1058 4228/7864/4182 1147/1937/1143
f 1147/1937/1143 4228/7864/4182 1111/7865/1110
f 1111/7865/1110 1112/1891/1111 1147/1937/1143
f 1145/1935/1141 1147/1937/1143 1112/1891/1111
f 4228/7864/4182 1063/1779/1058 1060/1778/1057
f 4228/7864/4182 1060/1778/1057 4229/7866/4183
f 4229/7866/4183 1111/7865/1110 4228/7864/4182
f 1062/1780/1059 4229/7866/4183 1060/1778/1057
f 4229/7867/4183 1062/7868/1059 4230/7869/4184
f 1111/7870/1110 4229/7867/4183 1029/1739/1026
f 4230/7869/4184 1029/1739/1026 4229/7867/4183
f 4230/7869/4184 4233/7871/4185 4231/7872/4186
f 4231/7872/4186 1029/1739/1026 4230/7869/4184
f 4230/7869/4184 1054/7873/1051 1052/7874/1049
f 1052/7874/1049 4233/7871/4185 4230/7869/4184
f 4230/7869/4184 4232/7875/4187 1054/7873/1051
f 4230/7869/4184 1062/7868/1059 4232/7875/4187
f 1048/7876/1045 1034/1745/1032 4233/7871/4185
f 4233/7871/4185 1034/1745/1032 4234/7877/4188
f 4233/7871/4185 4234/7877/4188 4231/7872/4186
f 1049/7878/1046 1048/7876/1045 4233/7871/4185
f 4233/7871/4185 1050/7879/1047 1049/7878/1046
f 4233/7871/4185 1052/7874/1049 1050/7879/1047
f 1034/1745/1032 1032/1743/1030 4234/7877/4188
f 4235/7880/4189 4236/7881/4190 4234/7882/4188
f 4235/7883/4189 4234/7884/4188 1032/7885/1030
f 4236/7881/4190 4231/7886/4186 4234/7882/4188
f 4236/7887/4190 4235/7888/4189 4237/7889/4191
f 4238/7890/4192 4236/7887/4190 4237/7889/4191
f 1030/7891/1027 4231/7886/4186 4236/7881/4190
f 4236/7892/4190 4238/7893/4192 1030/7894/1027
f 4237/7889/4191 4239/7895/4193 4238/7890/4192
f 1031/7896/1029 4238/7893/4192 4239/7897/4193
f 4238/7893/4192 1031/7896/1029 1030/7894/1027
f 4237/7889/4191 4235/7888/4189 4239/7895/4193
f 1032/7885/1030 4239/7898/4193 4235/7883/4189
f 4239/7897/4193 1032/7899/1030 1031/7896/1029
f 4232/7900/4187 1062/1780/1059 1057/1773/1054
f 1054/1770/1051 4232/7900/4187 1055/1771/1052
f 4232/7900/4187 1057/1773/1054 1055/1771/1052
f 4231/7872/4186 1030/1740/1027 1029/1739/1026
f 1112/1891/1111 1115/1892/1112 1145/1935/1141
f 1135/7901/1131 1117/7902/1114 1118/7903/1115
f 4241/7904/4194 1110/7905/1107 1132/7906/1128
f 1113/1881/1108 1132/1920/1128 1110/1880/1107
f 1132/7906/1128 1123/7907/1121 4240/7908/4195
f 1132/7906/1128 4240/7908/4195 4241/7904/4194
f 4241/7909/4194 1120/1898/1117 1110/1901/1107
f 4242/7910/4196 4241/7911/4194 4240/7912/4195
f 1120/7913/1117 4241/7911/4194 4242/7910/4196
f 4242/7910/4196 4240/7912/4195 1124/7914/1120
f 1121/7915/1118 1120/7913/1117 4242/7910/4196
f 4242/7910/4196 1124/7914/1120 1121/7915/1118
f 1123/1905/1121 1124/1904/1120 4240/7916/4195
f 1113/4988/1108 1105/1869/1102 1106/1872/1104
f 1100/7917/1097 1067/7918/1064 1069/7919/1066
f 1029/1739/1026 1028/1738/1025 1078/1848/1076
f 1075/1805/1073 1068/1794/1067 1070/1795/1068
f 4243/7920/4197 1065/1782/1061 1061/1781/1060
f 4245/7921/4198 1065/7922/1061 4243/7923/4197
f 4244/7924/4199 1058/7925/1056 1065/7926/1061
f 1065/7922/1061 4245/7921/4198 4244/7927/4199
f 4246/7928/4200 4244/7929/4199 4245/7930/4198
f 4246/7928/4200 4245/7930/4198 4247/7931/4201
f 4243/7923/4197 4247/7932/4201 4245/7921/4198
f 4248/7933/4202 4247/7934/4201 1046/7935/1041
f 4243/7936/4197 1046/7935/1041 4247/7934/4201
f 4247/7931/4201 4248/7937/4202 4246/7928/4200
f 4248/7933/4202 1046/7935/1041 1045/7938/1043
f 4248/7937/4202 4249/7939/4203 4246/7928/4200
f 4249/7940/4203 4248/7933/4202 1045/7938/1043
f 4249/7939/4203 4244/7929/4199 4246/7928/4200
f 4244/7924/4199 4249/7941/4203 1058/7925/1056
f 1045/7942/1043 1058/7925/1056 4249/7941/4203
f 1061/1781/1060 1043/1757/1040 4243/7920/4197
f 1046/1759/1041 4243/7920/4197 1043/1757/1040
f 1058/1776/1056 1045/1761/1043 1044/1760/1042
f 1038/1752/1035 1048/1764/1045 1041/1755/1039
f 1034/1745/1032 1048/7876/1045 1038/1748/1035
f 1023/1733/1020 1015/1724/821 1013/1723/1012
f 1023/1847/1020 1013/1718/1012 1011/1721/1010
f 975/1640/975 974/1639/974 989/1671/988
f 962/1623/962 980/1647/979 984/1668/983
f 977/1655/978 978/1667/977 982/1652/981
f 962/1623/962 964/1625/963 980/1647/979
f 903/1530/903 928/1567/927 905/1535/906
f 925/1565/924 905/1535/906 928/1567/927
f 905/1536/906 925/1561/924 908/1538/908
f 921/1557/921 908/1538/908 925/1561/924
f 917/1545/912 4250/7943/4204 921/1555/921
f 908/1540/908 921/1555/921 4250/7943/4204
f 4250/7944/4204 917/7945/912 4251/7946/4205
f 4250/7943/4204 909/1541/909 908/1540/908
f 909/7947/909 4250/7948/4204 4252/7949/4206
f 4251/7946/4205 4252/7950/4206 4250/7944/4204
f 4254/7951/4207 4252/7950/4206 4251/7946/4205
f 4254/7952/4207 4253/7953/4208 4252/7954/4206
f 4252/7949/4206 4253/7955/4208 909/7947/909
f 4254/7952/4207 4251/7956/4205 4255/7957/4209
f 4254/7952/4207 4255/7957/4209 4253/7953/4208
f 4255/7958/4209 4251/7946/4205 917/7945/912
f 4253/7959/4208 4255/7960/4209 910/7961/910
f 917/7962/912 910/7961/910 4255/7960/4209
f 910/7961/910 909/7963/909 4253/7959/4208
f 4256/7964/4210 912/1547/914 829/1409/827
f 912/1547/914 4256/7964/4210 906/1544/905
f 906/1534/905 4256/7965/4210 901/1532/901
f 4257/7966/4211 4256/7964/4210 829/1409/827
f 4256/7965/4210 4257/7967/4211 900/7968/900
f 900/7968/900 901/1532/901 4256/7965/4210
f 891/7969/891 4257/7966/4211 829/1409/827
f 892/1507/892 900/7968/900 4257/7967/4211
f 4257/7967/4211 891/1506/891 892/1507/892
f 900/1525/900 892/1508/892 894/1510/894
f 824/1408/826 891/7969/891 829/1409/827
f 825/1503/825 823/3554/824 887/1504/887
f 818/1394/816 840/1431/840 846/3656/846
f 846/3656/846 817/1400/819 818/1394/816
f 811/1416/812 810/1397/811 820/1401/820
