# Blender v2.82 (sub 7) OBJ File: 'motoman.blend'
# www.blender.org
mtllib arm_right_link_3_e.mtl
o arm_right_link_3_e.projected_link_b1.010
v 0.142015 -0.496147 0.055765
v 0.139378 -0.497412 0.055765
v 0.141578 -0.496142 0.059765
v 0.141034 -0.493757 0.055765
v 0.142499 -0.493125 0.055765
v 0.142499 -0.505000 0.055765
v 0.149930 -0.500562 0.055765
v 0.145726 -0.492277 0.055765
v 0.138357 -0.504778 0.055765
v 0.146999 -0.505000 0.055765
v 0.144785 -0.505008 0.058874
v 0.146999 -0.510039 0.057518
v 0.138819 -0.504856 0.062892
v 0.144165 -0.515828 0.060533
v 0.138261 -0.513342 0.064561
v 0.133526 -0.509731 0.066200
v 0.138074 -0.526561 0.066219
v 0.132140 -0.527018 0.069599
v 0.124533 -0.530746 0.072993
v 0.125607 -0.542107 0.073971
v 0.133107 -0.539723 0.070154
v 0.128935 -0.516978 0.069195
v 0.124056 -0.493000 0.065528
v 0.124706 -0.524060 0.071747
v 0.118217 -0.534889 0.075186
v 0.118077 -0.493000 0.066746
v 0.099999 -0.493000 0.055765
v 0.112084 -0.493000 0.067611
v 0.106052 -0.493000 0.068132
v 0.111499 -0.542144 0.077541
v 0.116292 -0.545811 0.077170
v 0.107867 -0.549757 0.078989
v 0.105876 -0.545545 0.078662
v 0.101623 -0.546565 0.079000
v 0.099999 -0.493000 0.068305
v 0.093947 -0.493000 0.068132
v 0.095147 -0.545807 0.078749
v 0.090076 -0.543291 0.077918
v 0.089652 -0.548875 0.078588
v 0.097328 -0.551513 0.079553
v 0.102656 -0.553782 0.079701
v 0.093740 -0.553508 0.079438
v 0.098587 -0.553914 0.079731
v 0.096329 -0.603544 0.079644
v 0.101227 -0.603667 0.079741
v 0.104884 -0.603451 0.079572
v 0.105224 -0.606494 0.080142
v 0.095817 -0.606494 0.080239
v 0.090471 -0.614708 0.081098
v 0.103181 -0.614708 0.081540
v 0.091467 -0.602936 0.079163
v 0.087488 -0.606494 0.079463
v 0.087851 -0.602200 0.078563
v 0.078081 -0.610586 0.078351
v 0.084276 -0.601214 0.077725
v 0.079480 -0.602439 0.077014
v 0.071087 -0.601941 0.074405
v 0.077312 -0.598718 0.075452
v 0.080764 -0.600060 0.076705
v 0.084048 -0.551036 0.077663
v 0.079478 -0.549071 0.076259
v 0.075596 -0.546942 0.074746
v 0.081980 -0.541887 0.076335
v 0.076600 -0.538638 0.074390
v 0.078010 -0.529144 0.073351
v 0.072954 -0.521350 0.070604
v 0.071019 -0.538598 0.072275
v 0.068120 -0.523133 0.069193
v 0.067320 -0.510288 0.066646
v 0.063730 -0.524920 0.067217
v 0.062076 -0.510086 0.064237
v 0.054567 -0.505000 0.058301
v 0.062841 -0.504356 0.063615
v 0.058153 -0.516697 0.062557
v 0.062486 -0.535125 0.067088
v 0.055181 -0.523600 0.060490
v 0.053004 -0.514292 0.057830
v 0.053000 -0.530500 0.055765
v 0.053000 -0.522865 0.058200
v 0.053000 -0.505000 0.055765
v 0.050000 -0.530500 0.055765
v 0.059571 -0.504889 0.055765
v 0.050018 -0.500883 0.055765
v 0.051397 -0.495257 0.055765
v 0.050202 -0.505488 0.057298
v 0.050036 -0.520743 0.057723
v 0.050530 -0.523724 0.059620
v 0.050023 -0.555707 0.057790
v 0.050222 -0.556589 0.058932
v 0.050765 -0.557800 0.060100
v 0.049645 -0.564735 0.057945
v 0.052904 -0.560744 0.059765
v 0.049961 -0.567945 0.059756
v 0.047917 -0.578688 0.058795
v 0.051106 -0.570267 0.061214
v 0.053654 -0.566547 0.059765
v 0.057285 -0.569364 0.059765
v 0.059478 -0.564890 0.059765
v 0.056626 -0.566682 0.059765
v 0.056441 -0.569954 0.066146
v 0.059112 -0.567532 0.068298
v 0.059361 -0.563802 0.068492
v 0.060630 -0.570293 0.069508
v 0.061239 -0.534003 0.069848
v 0.064214 -0.539477 0.072009
v 0.059520 -0.582804 0.069570
v 0.065228 -0.577290 0.072768
v 0.052939 -0.576389 0.063748
v 0.047480 -0.589435 0.062012
v 0.054053 -0.586031 0.066229
v 0.056234 -0.595129 0.069618
v 0.046227 -0.603605 0.065451
v 0.068415 -0.593842 0.075730
v 0.066801 -0.586262 0.074162
v 0.060780 -0.602834 0.073865
v 0.051783 -0.605212 0.069664
v 0.048384 -0.613546 0.069056
v 0.058716 -0.611451 0.074693
v 0.069420 -0.615642 0.079625
v 0.068984 -0.606847 0.078160
v 0.058351 -0.619851 0.075440
v 0.058352 -0.629344 0.075439
v 0.066212 -0.624071 0.078997
v 0.050787 -0.619851 0.071305
v 0.046945 -0.622745 0.069025
v 0.050724 -0.627237 0.071406
v 0.044327 -0.619486 0.067038
v 0.041777 -0.618594 0.059765
v 0.039752 -0.618529 0.063306
v 0.045689 -0.620845 0.059765
v 0.047452 -0.625000 0.059765
v 0.042577 -0.623589 0.059765
v 0.041386 -0.626559 0.059765
v 0.042510 -0.625547 0.055765
v 0.041288 -0.622808 0.055765
v 0.039502 -0.624030 0.059765
v 0.039345 -0.625409 0.055765
v 0.036851 -0.618442 0.059669
v 0.036687 -0.628430 0.059646
v 0.036639 -0.621624 0.055765
v 0.038433 -0.631494 0.062038
v 0.036900 -0.631663 0.055765
v 0.037833 -0.637178 0.060027
v 0.041777 -0.631406 0.059765
v 0.045689 -0.629155 0.059765
v 0.044853 -0.629926 0.067435
v 0.041291 -0.641172 0.062977
v 0.047334 -0.626163 0.069317
v 0.050081 -0.634607 0.070385
v 0.061787 -0.640884 0.075679
v 0.047821 -0.640884 0.067989
v 0.053627 -0.645029 0.070695
v 0.047365 -0.650224 0.065074
v 0.056553 -0.653194 0.069743
v 0.062395 -0.648114 0.074296
v 0.066505 -0.658172 0.072619
v 0.074258 -0.649135 0.078375
v 0.078555 -0.659166 0.076166
v 0.074797 -0.640884 0.080323
v 0.083442 -0.650143 0.080276
v 0.090472 -0.659166 0.078288
v 0.087312 -0.642957 0.082613
v 0.093753 -0.649135 0.081863
v 0.099999 -0.640884 0.083783
v 0.102099 -0.649135 0.082052
v 0.099999 -0.657196 0.079595
v 0.107701 -0.654187 0.080251
v 0.108792 -0.665003 0.075895
v 0.097064 -0.665003 0.076295
v 0.102310 -0.674742 0.071050
v 0.085244 -0.668791 0.073155
v 0.095378 -0.673383 0.071799
v 0.087639 -0.678719 0.067517
v 0.094458 -0.683145 0.065063
v 0.097815 -0.687835 0.061212
v 0.084320 -0.685608 0.061403
v 0.104714 -0.684835 0.063784
v 0.103493 -0.688326 0.059944
v 0.114034 -0.686694 0.060086
v 0.113600 -0.685390 0.062283
v 0.110566 -0.679609 0.067230
v 0.120399 -0.677855 0.066385
v 0.111183 -0.672493 0.071729
v 0.119711 -0.670642 0.071101
v 0.127875 -0.665003 0.071753
v 0.129062 -0.669119 0.069208
v 0.118470 -0.665003 0.074385
v 0.127549 -0.674306 0.066631
v 0.130219 -0.679490 0.061696
v 0.127768 -0.674870 0.059765
v 0.128107 -0.670370 0.059765
v 0.131579 -0.667487 0.059765
v 0.132524 -0.671834 0.059765
v 0.137365 -0.668150 0.059765
v 0.133490 -0.675006 0.059765
v 0.135706 -0.672853 0.059765
v 0.132644 -0.672545 0.055765
v 0.135807 -0.673748 0.055765
v 0.133393 -0.675399 0.055765
v 0.139152 -0.665602 0.055765
v 0.126516 -0.679380 0.055765
v 0.124757 -0.675218 0.055765
v 0.125051 -0.669845 0.055765
v 0.128098 -0.665917 0.055765
v 0.133577 -0.664056 0.055765
v 0.139095 -0.665697 0.062876
v 0.134036 -0.663888 0.066370
v 0.130445 -0.664518 0.067559
v 0.126987 -0.666905 0.067580
v 0.131402 -0.656169 0.070850
v 0.126694 -0.663394 0.069443
v 0.118591 -0.668961 0.068815
v 0.123848 -0.655687 0.073602
v 0.115238 -0.659576 0.074030
v 0.109988 -0.666209 0.071836
v 0.102477 -0.657632 0.076141
v 0.117411 -0.648724 0.077320
v 0.110205 -0.651735 0.077628
v 0.106263 -0.643667 0.080012
v 0.097919 -0.647729 0.079316
v 0.091892 -0.653711 0.077196
v 0.095783 -0.639585 0.080955
v 0.086504 -0.644695 0.079027
v 0.079101 -0.639585 0.078615
v 0.082748 -0.651735 0.076544
v 0.085203 -0.634423 0.080437
v 0.074505 -0.647729 0.075595
v 0.062603 -0.644695 0.071889
v 0.065974 -0.653952 0.070553
v 0.076150 -0.655687 0.073602
v 0.070995 -0.639585 0.076295
v 0.074761 -0.631322 0.078459
v 0.066760 -0.633393 0.075562
v 0.059113 -0.635453 0.071855
v 0.062708 -0.622489 0.074202
v 0.070652 -0.621969 0.077311
v 0.078854 -0.621969 0.079659
v 0.066057 -0.610586 0.074453
v 0.058630 -0.607521 0.070464
v 0.055058 -0.622488 0.070421
v 0.062853 -0.595472 0.068955
v 0.055094 -0.595481 0.064730
v 0.050132 -0.603447 0.064382
v 0.051747 -0.613681 0.067667
v 0.049925 -0.621895 0.067374
v 0.048503 -0.619223 0.066278
v 0.044556 -0.616365 0.063132
v 0.045013 -0.610586 0.062542
v 0.042304 -0.607378 0.059574
v 0.049379 -0.592110 0.059574
v 0.040245 -0.615530 0.059574
v 0.042272 -0.607344 0.055765
v 0.040245 -0.615530 0.055765
v 0.037965 -0.611669 0.055765
v 0.042987 -0.615756 0.055765
v 0.046339 -0.617197 0.055765
v 0.047617 -0.631502 0.055765
v 0.050277 -0.626824 0.055765
v 0.050277 -0.623176 0.055765
v 0.048896 -0.619799 0.055765
v 0.050338 -0.626025 0.067690
v 0.048681 -0.630461 0.066415
v 0.051509 -0.632359 0.068051
v 0.052281 -0.642649 0.066810
v 0.045123 -0.640087 0.062400
v 0.044233 -0.633684 0.062872
v 0.041616 -0.634357 0.055765
v 0.043093 -0.645041 0.059574
v 0.040245 -0.634470 0.059574
v 0.042302 -0.642745 0.055765
v 0.038742 -0.641536 0.055765
v 0.042722 -0.652096 0.055765
v 0.047549 -0.655053 0.055765
v 0.047549 -0.655053 0.059574
v 0.053060 -0.663091 0.055765
v 0.050712 -0.664820 0.055765
v 0.048617 -0.661874 0.060216
v 0.057968 -0.668516 0.055765
v 0.054552 -0.669197 0.059801
v 0.060430 -0.674600 0.055765
v 0.064813 -0.674824 0.055765
v 0.065757 -0.671933 0.055765
v 0.062722 -0.664803 0.055765
v 0.058696 -0.672904 0.060361
v 0.063590 -0.676932 0.059669
v 0.069891 -0.680753 0.055765
v 0.068988 -0.680171 0.060232
v 0.076626 -0.683895 0.059819
v 0.082631 -0.686027 0.055765
v 0.067785 -0.674512 0.055765
v 0.074177 -0.678192 0.055765
v 0.080926 -0.682290 0.055765
v 0.093157 -0.685068 0.055765
v 0.083663 -0.683088 0.059574
v 0.073483 -0.679380 0.059574
v 0.092477 -0.688003 0.055765
v 0.086181 -0.686958 0.059574
v 0.093935 -0.688101 0.059717
v 0.102512 -0.688400 0.055765
v 0.105699 -0.685111 0.055765
v 0.113693 -0.686866 0.055765
v 0.119073 -0.682290 0.055765
v 0.130107 -0.680753 0.055765
v 0.125572 -0.682871 0.060371
v 0.131342 -0.680193 0.059622
v 0.122508 -0.682707 0.062195
v 0.138872 -0.675065 0.059669
v 0.144410 -0.670128 0.060182
v 0.139569 -0.674600 0.055765
v 0.141194 -0.672499 0.061232
v 0.145017 -0.664430 0.063892
v 0.136941 -0.667942 0.066493
v 0.131764 -0.667183 0.069233
v 0.138173 -0.660621 0.069471
v 0.147504 -0.650143 0.068492
v 0.131688 -0.649135 0.076415
v 0.131788 -0.657196 0.073747
v 0.140340 -0.649135 0.072765
v 0.133313 -0.640884 0.077752
v 0.143946 -0.640884 0.072875
v 0.138637 -0.632507 0.076628
v 0.150024 -0.632507 0.070570
v 0.154410 -0.643057 0.065857
v 0.153677 -0.653374 0.063267
v 0.159416 -0.636928 0.063348
v 0.159278 -0.646745 0.060376
v 0.154565 -0.657162 0.059952
v 0.157276 -0.652096 0.055765
v 0.162054 -0.637676 0.059918
v 0.161257 -0.641536 0.055765
v 0.157697 -0.642745 0.055765
v 0.163099 -0.631663 0.055765
v 0.163320 -0.628303 0.059669
v 0.163360 -0.621624 0.055765
v 0.159754 -0.634470 0.055765
v 0.160626 -0.626182 0.055765
v 0.159007 -0.627117 0.059765
v 0.160228 -0.624172 0.059765
v 0.157274 -0.625854 0.055765
v 0.159391 -0.623325 0.055765
v 0.157258 -0.624513 0.059765
v 0.158383 -0.615643 0.055765
v 0.152726 -0.618007 0.055765
v 0.151791 -0.631182 0.055765
v 0.150248 -0.621420 0.055765
v 0.151953 -0.618712 0.065922
v 0.155726 -0.616284 0.062901
v 0.159754 -0.615530 0.059574
v 0.148270 -0.614200 0.067697
v 0.156779 -0.604485 0.059574
v 0.154859 -0.609567 0.062375
v 0.149415 -0.600435 0.063738
v 0.139936 -0.602439 0.069961
v 0.138860 -0.594476 0.067813
v 0.150620 -0.592110 0.059574
v 0.145499 -0.591566 0.062778
v 0.144595 -0.586609 0.060773
v 0.137354 -0.591161 0.067156
v 0.132261 -0.601443 0.073042
v 0.132514 -0.594011 0.070555
v 0.138034 -0.571651 0.066701
v 0.142926 -0.574631 0.062448
v 0.139002 -0.572808 0.055765
v 0.146999 -0.575000 0.058200
v 0.146999 -0.575000 0.055765
v 0.142999 -0.574689 0.055765
v 0.145210 -0.567500 0.055765
v 0.142894 -0.565714 0.055765
v 0.142999 -0.556311 0.055765
v 0.146999 -0.556000 0.055765
v 0.146865 -0.565024 0.055765
v 0.139878 -0.557530 0.065232
v 0.143262 -0.556268 0.062135
v 0.146999 -0.556000 0.058200
v 0.139002 -0.558192 0.055765
v 0.144204 -0.563560 0.055765
v 0.145415 -0.563939 0.059765
v 0.143163 -0.566318 0.059765
v 0.146005 -0.567241 0.059765
v 0.149167 -0.560733 0.060202
v 0.143207 -0.561489 0.059765
v 0.150049 -0.568064 0.059765
v 0.146874 -0.570256 0.063155
v 0.143638 -0.569890 0.059765
v 0.150619 -0.569153 0.058730
v 0.149890 -0.556150 0.058280
v 0.150091 -0.559225 0.055765
v 0.152045 -0.577287 0.055765
v 0.154653 -0.589308 0.059211
v 0.147042 -0.576526 0.063784
v 0.151720 -0.579377 0.059931
v 0.153521 -0.593166 0.062370
v 0.147723 -0.587750 0.065307
v 0.143139 -0.598029 0.070726
v 0.142699 -0.585157 0.068353
v 0.148542 -0.602214 0.068614
v 0.155445 -0.603552 0.064202
v 0.157070 -0.615609 0.065511
v 0.148781 -0.611451 0.070594
v 0.159423 -0.604189 0.061141
v 0.161918 -0.612166 0.060354
v 0.162768 -0.618633 0.060504
v 0.162033 -0.611669 0.055765
v 0.158692 -0.600868 0.058923
v 0.155519 -0.591742 0.055765
v 0.159445 -0.602744 0.055765
v 0.158149 -0.608475 0.055765
v 0.154783 -0.599443 0.055765
v 0.150267 -0.591465 0.055765
v 0.146999 -0.586905 0.055765
v 0.146999 -0.586905 0.058200
v 0.156665 -0.619116 0.066265
v 0.156778 -0.619142 0.059765
v 0.153286 -0.622001 0.059765
v 0.153491 -0.621663 0.068697
v 0.152642 -0.624995 0.069334
v 0.149253 -0.623016 0.071371
v 0.141711 -0.625126 0.075571
v 0.143437 -0.615642 0.074206
v 0.137401 -0.611451 0.076482
v 0.133704 -0.619851 0.078779
v 0.140080 -0.605673 0.074104
v 0.132539 -0.593052 0.075174
v 0.130716 -0.601196 0.077216
v 0.121353 -0.600180 0.080110
v 0.129415 -0.611451 0.079523
v 0.120244 -0.615642 0.082517
v 0.116903 -0.607742 0.082145
v 0.108582 -0.615642 0.084364
v 0.117177 -0.624071 0.083646
v 0.125591 -0.625126 0.081709
v 0.121338 -0.632507 0.082483
v 0.129626 -0.632507 0.080164
v 0.133794 -0.626182 0.079016
v 0.125228 -0.640884 0.080416
v 0.116936 -0.640884 0.082335
v 0.119675 -0.649135 0.079925
v 0.124074 -0.657196 0.076290
v 0.110612 -0.640868 0.083207
v 0.114602 -0.658189 0.077997
v 0.112887 -0.630399 0.084159
v 0.103226 -0.632507 0.084822
v 0.091426 -0.634607 0.084316
v 0.099999 -0.623016 0.085155
v 0.108623 -0.623015 0.084810
v 0.091377 -0.627237 0.084804
v 0.090319 -0.619851 0.084539
v 0.081772 -0.623016 0.083394
v 0.082875 -0.632507 0.083358
v 0.074490 -0.632507 0.081418
v 0.074411 -0.624071 0.081699
v 0.078719 -0.614591 0.082220
v 0.079838 -0.605120 0.081063
v 0.087722 -0.611008 0.083381
v 0.089268 -0.597753 0.082114
v 0.094886 -0.611472 0.084109
v 0.104437 -0.609821 0.083891
v 0.100340 -0.600528 0.083020
v 0.093462 -0.592009 0.082424
v 0.098835 -0.592258 0.082744
v 0.103610 -0.592027 0.082646
v 0.109911 -0.596587 0.082111
v 0.112750 -0.589384 0.081486
v 0.107864 -0.591179 0.082285
v 0.117476 -0.588129 0.080381
v 0.122747 -0.586548 0.078707
v 0.113500 -0.552069 0.081338
v 0.117845 -0.550626 0.080254
v 0.121721 -0.548988 0.079028
v 0.116375 -0.545979 0.080247
v 0.116534 -0.537129 0.079009
v 0.111714 -0.541666 0.080504
v 0.105477 -0.549496 0.082205
v 0.123278 -0.536338 0.077385
v 0.108414 -0.553220 0.082205
v 0.125123 -0.545573 0.077629
v 0.131578 -0.533246 0.073951
v 0.126003 -0.581199 0.077336
v 0.127971 -0.545475 0.076416
v 0.132211 -0.542355 0.074208
v 0.129632 -0.579428 0.075619
v 0.135922 -0.584081 0.072500
v 0.133852 -0.574419 0.073244
v 0.137855 -0.570466 0.070585
v 0.136369 -0.537642 0.071571
v 0.140814 -0.526008 0.067952
v 0.139856 -0.535276 0.069087
v 0.136242 -0.523452 0.070509
v 0.141860 -0.512349 0.065736
v 0.137030 -0.510142 0.068092
v 0.131029 -0.523451 0.072890
v 0.127826 -0.520205 0.073294
v 0.133646 -0.504412 0.068388
v 0.121670 -0.530192 0.076757
v 0.119739 -0.494020 0.069746
v 0.128879 -0.494020 0.067639
v 0.133666 -0.496687 0.066790
v 0.133499 -0.492064 0.065135
v 0.124517 -0.491513 0.066985
v 0.133499 -0.490171 0.062229
v 0.115680 -0.492651 0.069887
v 0.109389 -0.490824 0.068836
v 0.117823 -0.490096 0.065784
v 0.097789 -0.490788 0.069121
v 0.126650 -0.490000 0.063126
v 0.104299 -0.490000 0.066308
v 0.080941 -0.490048 0.065067
v 0.099999 -0.490000 0.055765
v 0.138779 -0.490021 0.055765
v 0.133499 -0.490000 0.059765
v 0.063079 -0.490000 0.055765
v 0.130499 -0.493000 0.055765
v 0.066500 -0.490000 0.061117
v 0.066500 -0.490000 0.059765
v 0.066468 -0.495948 0.059765
v 0.057654 -0.490966 0.058531
v 0.059327 -0.494054 0.059765
v 0.061602 -0.496339 0.059765
v 0.058749 -0.497208 0.059765
v 0.060760 -0.501890 0.059765
v 0.061626 -0.496682 0.055765
v 0.062057 -0.493441 0.055765
v 0.064900 -0.499475 0.059765
v 0.066162 -0.497412 0.066887
v 0.063573 -0.500679 0.066596
v 0.070941 -0.497123 0.068231
v 0.056092 -0.501996 0.062695
v 0.064960 -0.508482 0.068642
v 0.069991 -0.524093 0.073324
v 0.059206 -0.508898 0.065912
v 0.063352 -0.523237 0.070243
v 0.072835 -0.519395 0.073341
v 0.080260 -0.494020 0.069746
v 0.076833 -0.530187 0.076415
v 0.082655 -0.536231 0.078715
v 0.081882 -0.541303 0.079323
v 0.073784 -0.539952 0.076817
v 0.072672 -0.545887 0.076721
v 0.077388 -0.548483 0.078694
v 0.068063 -0.541215 0.074303
v 0.070785 -0.578568 0.075812
v 0.074585 -0.584011 0.077608
v 0.079250 -0.593621 0.079625
v 0.079534 -0.585141 0.079436
v 0.081571 -0.550393 0.080080
v 0.083706 -0.587661 0.080684
v 0.088439 -0.589895 0.081719
v 0.086450 -0.551801 0.081308
v 0.090969 -0.553102 0.082116
v 0.093973 -0.549394 0.082134
v 0.096785 -0.545695 0.081847
v 0.091250 -0.543675 0.081172
v 0.100007 -0.553898 0.082757
v 0.096044 -0.553783 0.082630
v 0.103945 -0.553750 0.082631
v 0.102965 -0.545787 0.081878
v 0.099999 -0.494020 0.071569
v 0.103734 -0.494020 0.071502
v 0.107326 -0.544396 0.081412
v 0.109026 -0.494020 0.071194
v 0.104490 -0.492556 0.070835
v 0.114120 -0.494020 0.070647
v 0.093260 -0.492651 0.070819
v 0.096265 -0.494020 0.071502
v 0.090973 -0.494020 0.071194
v 0.084461 -0.491547 0.068914
v 0.085879 -0.494020 0.070647
v 0.086697 -0.540379 0.080078
v 0.072822 -0.492354 0.067307
v 0.074885 -0.490611 0.065934
v 0.066500 -0.493193 0.065678
v 0.066500 -0.490219 0.062452
v 0.056572 -0.519707 0.065448
v 0.054358 -0.507620 0.062410
v 0.051124 -0.514732 0.060133
v 0.053413 -0.526191 0.063059
v 0.057637 -0.531727 0.067008
v 0.054584 -0.560761 0.064247
v 0.057504 -0.561478 0.066946
v 0.057530 -0.561520 0.059765
v 0.055478 -0.563747 0.059765
v 0.057015 -0.564853 0.055765
v 0.054226 -0.563995 0.055765
v 0.048953 -0.570754 0.055765
v 0.055579 -0.567103 0.055765
v 0.057000 -0.556311 0.055765
v 0.052999 -0.556000 0.055765
v 0.049999 -0.555919 0.055765
v 0.055828 -0.556087 0.061251
v 0.052999 -0.556000 0.058200
v 0.059968 -0.557494 0.065091
v 0.059071 -0.531702 0.064314
v 0.063148 -0.560774 0.067619
v 0.060997 -0.558192 0.055765
v 0.057000 -0.574689 0.055765
v 0.063827 -0.562345 0.055765
v 0.063337 -0.569957 0.055765
v 0.060997 -0.572808 0.055765
v 0.060652 -0.573071 0.065668
v 0.063109 -0.570334 0.067591
v 0.064203 -0.567807 0.068387
v 0.064265 -0.592152 0.068372
v 0.067484 -0.594011 0.070555
v 0.069586 -0.595130 0.071793
v 0.064431 -0.565037 0.068547
v 0.066566 -0.539775 0.069953
v 0.070423 -0.543378 0.072232
v 0.072841 -0.596737 0.073487
v 0.064408 -0.566427 0.055765
v 0.058685 -0.588645 0.063978
v 0.053680 -0.586524 0.058953
v 0.056156 -0.574829 0.061562
v 0.052999 -0.575000 0.058200
v 0.052999 -0.575000 0.055765
v 0.052999 -0.586905 0.055765
v 0.046280 -0.585378 0.055765
v 0.048105 -0.594158 0.055765
v 0.041134 -0.601195 0.055765
v 0.043971 -0.593597 0.059110
v 0.040616 -0.602789 0.059266
v 0.038007 -0.612193 0.060142
v 0.040955 -0.604174 0.061625
v 0.040653 -0.612581 0.063291
v 0.051780 -0.560244 0.061341
v 0.051249 -0.523724 0.060758
v 0.051587 -0.502362 0.059341
v 0.051858 -0.495267 0.057373
v 0.054731 -0.494098 0.059765
v 0.057588 -0.490538 0.055765
v 0.058144 -0.494924 0.055765
v 0.065566 -0.503048 0.055765
v 0.069500 -0.493000 0.055765
v 0.069145 -0.496540 0.055765
v 0.069817 -0.493000 0.063897
v 0.067344 -0.501370 0.064875
v 0.069163 -0.497535 0.064648
v 0.069787 -0.509821 0.067388
v 0.075989 -0.493000 0.065538
v 0.081922 -0.493000 0.066746
v 0.087915 -0.493000 0.067611
v 0.083961 -0.537754 0.076110
v 0.130626 -0.495895 0.055765
v 0.130182 -0.493000 0.063897
v 0.131234 -0.498605 0.064749
v 0.134569 -0.503121 0.064532
v 0.133469 -0.502093 0.055765
v 0.137541 -0.493904 0.055765
v 0.138210 -0.496211 0.059765
v 0.140239 -0.493499 0.059765
v 0.140016 -0.490205 0.059049
v 0.146242 -0.495480 0.059763
v 0.148014 -0.502000 0.059765
v 0.146368 -0.493020 0.057329
v 0.148416 -0.497401 0.058398
v 0.148728 -0.504711 0.059368
v 0.146325 -0.511682 0.062330
v 0.149512 -0.511513 0.058774
v 0.149963 -0.515226 0.057304
v 0.149414 -0.540647 0.059756
v 0.149028 -0.523724 0.060393
v 0.147103 -0.523251 0.062429
v 0.143943 -0.530003 0.065635
v 0.148264 -0.559755 0.061297
v 0.145553 -0.560761 0.064105
v 0.142123 -0.561762 0.067263
v 0.140586 -0.563871 0.068535
v 0.140593 -0.567617 0.068530
v 0.140533 -0.566195 0.059765
v 0.140420 -0.574678 0.068862
v 0.142893 -0.569716 0.066696
v 0.149999 -0.530500 0.055765
v 0.146999 -0.530500 0.055765
v 0.146999 -0.520851 0.058158
v 0.144883 -0.526341 0.060525
v 0.141360 -0.530983 0.063934
v 0.137561 -0.535743 0.067065
v 0.137405 -0.559895 0.067203
v 0.136662 -0.561043 0.055765
v 0.136066 -0.562302 0.068195
v 0.135568 -0.565036 0.068547
v 0.135591 -0.564573 0.055765
v 0.135682 -0.567353 0.055765
v 0.136661 -0.569957 0.055765
v 0.135797 -0.567811 0.068386
v 0.141634 -0.501928 0.064141
v 0.138371 -0.501639 0.059765
v 0.135575 -0.500067 0.066820
v 0.134177 -0.497602 0.059765
v 0.066316 -0.632507 0.078724
v 0.155146 -0.629926 0.067435
v 0.152916 -0.626499 0.059765
v 0.156778 -0.630858 0.059765
v 0.161377 -0.631494 0.062286
v 0.129579 -0.543376 0.072230
v 0.130419 -0.595127 0.071789
v 0.127157 -0.596738 0.073487
v 0.124681 -0.546768 0.074623
v 0.122686 -0.598719 0.075452
v 0.123518 -0.602439 0.076205
v 0.119235 -0.600060 0.076705
v 0.124985 -0.610586 0.077576
v 0.116717 -0.608540 0.079150
v 0.115722 -0.601214 0.077726
v 0.133147 -0.614719 0.075314
v 0.140686 -0.610586 0.071456
v 0.141103 -0.618851 0.072288
v 0.125241 -0.618851 0.078470
v 0.141161 -0.625087 0.072404
v 0.129383 -0.625087 0.077420
v 0.133312 -0.631322 0.075737
v 0.125190 -0.633393 0.078275
v 0.119056 -0.628724 0.080083
v 0.115868 -0.616780 0.080395
v 0.110588 -0.635464 0.081029
v 0.116772 -0.639585 0.079490
v 0.110647 -0.623527 0.081539
v 0.099999 -0.623007 0.082195
v 0.102128 -0.631838 0.081890
v 0.090414 -0.622487 0.081639
v 0.091478 -0.629244 0.081699
v 0.125612 -0.645702 0.076048
v 0.137215 -0.646721 0.071456
v 0.129004 -0.639585 0.076295
v 0.136861 -0.639585 0.073233
v 0.143909 -0.631322 0.070758
v 0.144399 -0.639585 0.069456
v 0.149837 -0.646716 0.064325
v 0.152188 -0.636751 0.064994
v 0.150850 -0.629788 0.066777
v 0.153901 -0.632861 0.064381
v 0.157657 -0.642748 0.059574
v 0.158950 -0.634451 0.060250
v 0.155336 -0.633524 0.055765
v 0.152450 -0.655053 0.059574
v 0.146939 -0.663091 0.059574
v 0.145563 -0.659068 0.062394
v 0.152450 -0.655053 0.055765
v 0.146939 -0.663091 0.055765
v 0.149287 -0.664820 0.055765
v 0.149328 -0.664821 0.060027
v 0.142030 -0.668516 0.055765
v 0.142030 -0.668516 0.059574
v 0.150663 -0.661317 0.061897
v 0.138795 -0.655656 0.067682
v 0.150248 -0.628580 0.055765
v 0.149661 -0.626256 0.067690
v 0.149544 -0.625000 0.055765
v 0.150074 -0.621894 0.067374
v 0.112152 -0.602199 0.078562
v 0.110528 -0.552690 0.078849
v 0.116438 -0.550845 0.077526
v 0.120558 -0.549059 0.076250
v 0.108530 -0.602936 0.079163
v 0.106132 -0.553527 0.079452
v 0.116052 -0.683136 0.059574
v 0.126516 -0.679380 0.059574
v 0.102285 -0.685414 0.059574
v 0.106805 -0.679482 0.063926
v 0.120580 -0.677340 0.062883
v 0.112014 -0.675225 0.066331
v 0.124901 -0.670284 0.066370
v 0.124759 -0.675271 0.063186
v 0.102776 -0.670787 0.069927
v 0.099110 -0.680305 0.063646
v 0.089232 -0.674347 0.067026
v 0.096616 -0.663856 0.073494
v 0.088645 -0.667134 0.071209
v 0.085238 -0.659576 0.074143
v 0.073776 -0.663394 0.069578
v 0.080734 -0.667134 0.069677
v 0.075098 -0.670284 0.066370
v 0.079143 -0.676928 0.063144
v 0.090802 -0.681981 0.061811
v 0.075128 -0.675657 0.062876
v 0.075613 -0.673432 0.055765
v 0.074948 -0.669845 0.055765
v 0.072974 -0.666776 0.055765
v 0.073278 -0.667125 0.067559
v 0.069852 -0.664692 0.067580
v 0.068667 -0.664294 0.055765
v 0.065963 -0.663888 0.066370
v 0.061228 -0.665460 0.063186
v 0.060863 -0.659094 0.066127
v 0.053890 -0.660521 0.061362
v 0.053505 -0.651735 0.064846
v 0.053060 -0.663091 0.059574
v 0.057968 -0.668516 0.059574
v 0.093157 -0.685068 0.059574
v 0.067396 -0.675047 0.059765
v 0.064567 -0.673551 0.059765
v 0.067481 -0.672064 0.059765
v 0.068098 -0.667262 0.059765
v 0.071725 -0.670456 0.059765
v 0.072229 -0.675262 0.059765
v 0.062634 -0.668150 0.059765
v 0.062026 -0.668457 0.065712
v 0.065868 -0.667057 0.068287
v 0.058953 -0.662093 0.067395
v 0.071509 -0.670014 0.068904
v 0.072907 -0.664026 0.072411
v 0.078559 -0.674297 0.068449
v 0.072190 -0.674981 0.066082
v 0.075542 -0.680501 0.063298
v 0.050637 -0.659711 0.063591
v 0.055687 -0.667189 0.062834
v 0.043423 -0.653245 0.060375
v 0.040377 -0.646456 0.060065
v 0.089397 -0.552669 0.078835
v 0.158999 -0.625000 0.038773
v 0.157491 -0.624808 0.039765
v 0.158627 -0.626474 0.039765
v 0.160522 -0.625274 0.039765
v 0.159170 -0.623592 0.039765
v 0.160522 -0.624726 0.055765
v 0.158627 -0.623526 0.055765
v 0.156084 -0.594499 0.055765
v 0.159633 -0.603730 0.055765
v 0.163063 -0.618761 0.055765
v 0.157444 -0.624617 0.055765
v 0.157538 -0.625767 0.055765
v 0.156424 -0.649165 0.055765
v 0.154722 -0.634256 0.055765
v 0.153756 -0.638802 0.055765
v 0.150701 -0.647574 0.055765
v 0.152412 -0.643252 0.055765
v 0.155499 -0.625000 0.055765
v 0.155305 -0.629644 0.055765
v 0.160026 -0.645288 0.055765
v 0.153161 -0.659300 0.055765
v 0.159170 -0.626408 0.055765
v 0.163052 -0.632122 0.055765
v 0.166036 -0.633513 0.052008
v 0.165216 -0.635142 0.053265
v 0.166999 -0.625968 0.052105
v 0.166999 -0.632749 0.050765
v 0.166999 -0.624711 0.049955
v 0.166999 -0.627500 0.048265
v 0.166999 -0.617294 0.051262
v 0.166082 -0.616605 0.052647
v 0.165204 -0.614787 0.053265
v 0.166322 -0.616791 0.040835
v 0.165356 -0.615359 0.040833
v 0.166112 -0.617935 0.027118
v 0.165543 -0.617407 0.025512
v 0.165212 -0.614838 0.007415
v 0.164226 -0.609802 0.053265
v 0.164614 -0.611616 0.006821
v 0.165490 -0.617062 0.007821
v 0.164334 -0.612242 0.005361
v 0.165859 -0.620882 0.023082
v 0.166270 -0.627029 0.024613
v 0.165779 -0.629304 0.023872
v 0.165967 -0.623557 0.009003
v 0.165757 -0.630255 0.009265
v 0.165119 -0.622494 0.006696
v 0.163702 -0.630055 0.004265
v 0.164448 -0.617724 0.004267
v 0.162952 -0.606388 0.004265
v 0.161092 -0.624286 0.004265
v 0.159090 -0.623744 0.004265
v 0.158396 -0.625649 0.004265
v 0.158489 -0.624272 0.022265
v 0.160313 -0.623513 0.022265
v 0.156003 -0.625000 0.004265
v 0.153937 -0.608849 0.004265
v 0.146646 -0.594008 0.004265
v 0.155588 -0.588997 0.004265
v 0.160251 -0.598052 0.004331
v 0.153300 -0.595508 0.004265
v 0.150834 -0.596444 0.004265
v 0.152313 -0.596623 0.004265
v 0.151585 -0.603948 0.004765
v 0.153684 -0.610011 0.004765
v 0.154750 -0.614556 0.004765
v 0.154969 -0.615703 0.017265
v 0.153998 -0.611136 0.017265
v 0.155566 -0.620920 0.004765
v 0.155749 -0.625000 0.017265
v 0.155554 -0.620335 0.017265
v 0.155578 -0.628497 0.004765
v 0.154969 -0.634297 0.017265
v 0.155554 -0.629665 0.017265
v 0.154750 -0.635444 0.004765
v 0.152998 -0.643625 0.004265
v 0.152963 -0.642209 0.004765
v 0.153998 -0.638864 0.017265
v 0.153756 -0.638802 0.017265
v 0.152648 -0.643334 0.017265
v 0.152412 -0.643252 0.017265
v 0.150701 -0.647574 0.017265
v 0.148634 -0.651737 0.055765
v 0.148634 -0.651737 0.017265
v 0.150930 -0.647676 0.017265
v 0.148853 -0.651858 0.017265
v 0.150432 -0.648732 0.004765
v 0.148270 -0.652869 0.004765
v 0.144357 -0.658669 0.004765
v 0.146810 -0.656101 0.004265
v 0.146435 -0.655852 0.017265
v 0.146227 -0.655713 0.017265
v 0.143494 -0.659474 0.017265
v 0.143690 -0.659629 0.017265
v 0.140639 -0.663163 0.017265
v 0.140457 -0.662992 0.017265
v 0.137136 -0.666245 0.017265
v 0.140457 -0.662992 0.055765
v 0.137136 -0.666245 0.055765
v 0.134075 -0.668803 0.055765
v 0.134011 -0.671922 0.055765
v 0.135363 -0.673603 0.055765
v 0.136254 -0.676965 0.055765
v 0.144059 -0.670663 0.055765
v 0.128199 -0.681843 0.055765
v 0.143785 -0.674384 0.053265
v 0.135693 -0.680515 0.053265
v 0.139857 -0.677605 0.053265
v 0.133337 -0.674656 0.055765
v 0.131270 -0.677740 0.055765
v 0.121507 -0.676163 0.055765
v 0.117150 -0.677784 0.055765
v 0.129738 -0.671860 0.055765
v 0.125712 -0.674184 0.055765
v 0.125712 -0.674184 0.017265
v 0.129738 -0.671860 0.017265
v 0.133555 -0.669207 0.017265
v 0.129872 -0.672071 0.017265
v 0.133706 -0.669407 0.017265
v 0.137303 -0.666430 0.017265
v 0.136420 -0.667193 0.004765
v 0.130817 -0.671384 0.004765
v 0.124782 -0.674925 0.004765
v 0.131051 -0.671740 0.004265
v 0.125828 -0.674406 0.017265
v 0.121603 -0.676394 0.017265
v 0.121507 -0.676163 0.017265
v 0.117150 -0.677784 0.017265
v 0.112673 -0.679034 0.017265
v 0.117227 -0.678021 0.017265
v 0.112673 -0.679034 0.055765
v 0.104851 -0.688080 0.055765
v 0.108107 -0.679905 0.055765
v 0.119176 -0.685486 0.055765
v 0.126757 -0.685332 0.053265
v 0.122038 -0.687211 0.053265
v 0.117188 -0.688721 0.053265
v 0.112237 -0.689855 0.053265
v 0.117543 -0.688622 0.009265
v 0.112582 -0.689786 0.009265
v 0.107546 -0.690563 0.009265
v 0.115275 -0.687101 0.004265
v 0.105536 -0.688712 0.004265
v 0.102465 -0.690950 0.009265
v 0.099808 -0.686258 0.004265
v 0.101497 -0.685318 0.004265
v 0.095665 -0.688805 0.004265
v 0.097369 -0.690944 0.009265
v 0.092289 -0.690544 0.009265
v 0.098498 -0.685268 0.004265
v 0.085897 -0.687378 0.004265
v 0.087254 -0.689754 0.009265
v 0.082296 -0.688577 0.009265
v 0.080936 -0.677702 0.004265
v 0.076465 -0.684465 0.004265
v 0.069725 -0.681387 0.004265
v 0.077443 -0.687022 0.009265
v 0.072725 -0.685097 0.009265
v 0.077220 -0.686943 0.053265
v 0.072524 -0.685007 0.053265
v 0.068169 -0.682813 0.009265
v 0.067991 -0.682716 0.053265
v 0.063804 -0.680185 0.009265
v 0.063436 -0.677469 0.004265
v 0.059654 -0.677228 0.009265
v 0.055797 -0.671217 0.004265
v 0.068806 -0.675835 0.004265
v 0.068623 -0.677263 0.004265
v 0.069366 -0.678083 0.022265
v 0.068533 -0.676720 0.022265
v 0.069741 -0.678300 0.004265
v 0.071187 -0.677944 0.004265
v 0.071028 -0.678054 0.022265
v 0.070124 -0.676745 0.023256
v 0.071715 -0.677038 0.022265
v 0.071715 -0.676552 0.004265
v 0.071268 -0.675673 0.022265
v 0.070299 -0.675235 0.004265
v 0.069528 -0.675295 0.022265
v 0.067925 -0.671149 0.004265
v 0.059827 -0.665386 0.004265
v 0.071637 -0.672957 0.004765
v 0.065850 -0.669024 0.004765
v 0.068182 -0.670779 0.017265
v 0.060602 -0.664397 0.004765
v 0.064463 -0.667956 0.017265
v 0.064622 -0.667763 0.017265
v 0.060993 -0.664832 0.017265
v 0.061168 -0.664653 0.017265
v 0.057986 -0.661265 0.055765
v 0.061168 -0.664653 0.055765
v 0.057986 -0.661265 0.017265
v 0.055099 -0.657622 0.017265
v 0.055099 -0.657622 0.055765
v 0.057797 -0.661428 0.017265
v 0.054897 -0.657769 0.017265
v 0.057053 -0.660529 0.004765
v 0.050834 -0.651358 0.004265
v 0.053918 -0.656317 0.004765
v 0.050604 -0.650823 0.004765
v 0.052313 -0.653880 0.017265
v 0.050064 -0.649788 0.017265
v 0.050287 -0.649677 0.017265
v 0.052527 -0.653750 0.017265
v 0.050287 -0.649677 0.055765
v 0.052527 -0.653750 0.055765
v 0.048924 -0.649165 0.055765
v 0.052568 -0.667150 0.055765
v 0.046681 -0.659402 0.055765
v 0.042048 -0.650844 0.055765
v 0.048662 -0.666474 0.053265
v 0.045624 -0.662403 0.053265
v 0.042909 -0.658110 0.053265
v 0.043574 -0.649165 0.055765
v 0.048397 -0.645431 0.055765
v 0.046868 -0.641041 0.055765
v 0.045712 -0.636539 0.055765
v 0.044937 -0.631956 0.055765
v 0.044548 -0.627324 0.055765
v 0.044548 -0.622676 0.055765
v 0.045060 -0.591269 0.055765
v 0.042555 -0.624617 0.055765
v 0.042460 -0.625767 0.055765
v 0.040828 -0.626408 0.055765
v 0.038778 -0.641680 0.055765
v 0.036947 -0.632122 0.055765
v 0.038507 -0.648963 0.053265
v 0.036846 -0.644163 0.053265
v 0.035559 -0.639249 0.053265
v 0.034654 -0.634251 0.053265
v 0.035564 -0.639270 0.009265
v 0.034655 -0.634255 0.009265
v 0.034136 -0.629186 0.009265
v 0.036388 -0.630620 0.004265
v 0.038311 -0.641866 0.004265
v 0.035967 -0.616757 0.004265
v 0.038931 -0.624090 0.004265
v 0.039116 -0.625990 0.004265
v 0.034030 -0.623687 0.009027
v 0.034113 -0.628277 0.053265
v 0.034019 -0.623415 0.053265
v 0.034272 -0.619048 0.053265
v 0.034376 -0.618004 0.007994
v 0.034925 -0.614010 0.053265
v 0.035315 -0.612028 0.006896
v 0.035963 -0.609038 0.053265
v 0.036355 -0.607562 0.006065
v 0.037706 -0.605317 0.004265
v 0.038319 -0.601597 0.004925
v 0.040424 -0.623490 0.004265
v 0.039822 -0.597894 0.004265
v 0.041089 -0.594905 0.005234
v 0.044219 -0.635978 0.004265
v 0.039220 -0.599290 0.053265
v 0.043491 -0.589749 0.005544
v 0.043203 -0.590972 0.004265
v 0.041840 -0.624807 0.004265
v 0.044826 -0.614127 0.004265
v 0.046833 -0.608338 0.004765
v 0.044286 -0.624416 0.004765
v 0.052276 -0.596078 0.004265
v 0.044567 -0.619174 0.004765
v 0.047312 -0.596162 0.004265
v 0.045249 -0.614556 0.004765
v 0.045468 -0.613409 0.017265
v 0.044689 -0.618013 0.017265
v 0.044298 -0.622665 0.017265
v 0.045712 -0.613461 0.017265
v 0.044937 -0.618044 0.017265
v 0.044937 -0.618044 0.055765
v 0.045712 -0.613461 0.055765
v 0.044548 -0.622676 0.017265
v 0.044548 -0.627324 0.017265
v 0.044298 -0.627335 0.017265
v 0.044689 -0.631987 0.017265
v 0.044567 -0.630826 0.004765
v 0.045382 -0.636013 0.004765
v 0.046629 -0.641114 0.017265
v 0.047803 -0.644412 0.004765
v 0.045468 -0.636591 0.017265
v 0.045712 -0.636539 0.017265
v 0.044937 -0.631956 0.017265
v 0.046868 -0.641041 0.017265
v 0.048397 -0.645431 0.017265
v 0.048164 -0.645523 0.017265
v 0.046868 -0.608959 0.055765
v 0.048397 -0.604569 0.055765
v 0.046868 -0.608959 0.017265
v 0.048397 -0.604569 0.017265
v 0.046629 -0.608886 0.017265
v 0.048164 -0.604477 0.017265
v 0.049611 -0.601289 0.004765
v 0.050287 -0.600323 0.017265
v 0.050064 -0.600212 0.017265
v 0.052313 -0.596120 0.017265
v 0.052527 -0.596250 0.017265
v 0.055099 -0.592378 0.055765
v 0.055099 -0.592378 0.017265
v 0.052527 -0.596250 0.055765
v 0.047968 -0.581098 0.055765
v 0.050291 -0.600316 0.055765
v 0.055372 -0.566974 0.055765
v 0.044323 -0.585941 0.053441
v 0.046130 -0.579699 0.053652
v 0.057986 -0.588735 0.055765
v 0.049808 -0.569654 0.055765
v 0.047437 -0.574184 0.053902
v 0.048719 -0.566847 0.054337
v 0.049474 -0.560748 0.054770
v 0.050396 -0.556914 0.055765
v 0.053477 -0.565774 0.055765
v 0.053945 -0.566690 0.039765
v 0.053518 -0.565084 0.039765
v 0.054089 -0.564182 0.055765
v 0.055699 -0.564150 0.055765
v 0.054619 -0.563956 0.039765
v 0.063999 -0.557521 0.055765
v 0.064000 -0.572870 0.047514
v 0.063999 -0.562614 0.040360
v 0.063999 -0.544000 0.055765
v 0.057499 -0.544000 0.055765
v 0.061168 -0.585347 0.055765
v 0.063999 -0.582760 0.055765
v 0.056555 -0.565883 0.055765
v 0.049999 -0.549528 0.055765
v 0.050000 -0.544000 0.055765
v 0.049864 -0.554687 0.055282
v 0.050000 -0.508079 0.033111
v 0.050000 -0.504208 0.035599
v 0.050006 -0.549528 0.017494
v 0.050026 -0.508079 0.017207
v 0.050320 -0.549528 0.015094
v 0.049795 -0.558217 0.015892
v 0.049887 -0.554354 0.017765
v 0.049326 -0.562108 0.017765
v 0.048264 -0.569730 0.017360
v 0.047078 -0.575788 0.016086
v 0.047711 -0.576992 0.011332
v 0.045118 -0.583427 0.012222
v 0.054807 -0.575564 0.005068
v 0.047656 -0.584220 0.004265
v 0.051336 -0.571228 0.009244
v 0.050704 -0.557747 0.012916
v 0.052206 -0.558337 0.010380
v 0.054780 -0.559415 0.007909
v 0.056110 -0.570536 0.006252
v 0.063167 -0.568593 0.005253
v 0.061362 -0.558199 0.005768
v 0.059131 -0.554511 0.006076
v 0.061192 -0.531665 0.005825
v 0.058015 -0.523998 0.006466
v 0.056499 -0.550807 0.007108
v 0.056000 -0.519136 0.007406
v 0.054211 -0.549528 0.008681
v 0.053886 -0.514037 0.008940
v 0.052696 -0.511017 0.010208
v 0.052045 -0.549528 0.011092
v 0.051371 -0.507706 0.012205
v 0.051086 -0.549528 0.012777
v 0.050497 -0.508079 0.014399
v 0.050005 -0.503846 0.016129
v 0.048142 -0.494708 0.023999
v 0.050582 -0.500792 0.012030
v 0.049598 -0.502205 0.029087
v 0.049193 -0.498297 0.034344
v 0.050033 -0.500374 0.037978
v 0.050554 -0.495515 0.039639
v 0.046961 -0.490691 0.029638
v 0.047844 -0.488609 0.035540
v 0.048809 -0.484090 0.038213
v 0.043680 -0.479859 0.028619
v 0.041343 -0.478772 0.020518
v 0.044542 -0.485337 0.023980
v 0.044564 -0.472517 0.031649
v 0.039591 -0.472671 0.019446
v 0.037972 -0.472815 0.010560
v 0.041274 -0.470032 0.024823
v 0.036620 -0.466822 0.008335
v 0.039427 -0.465007 0.022980
v 0.043675 -0.465791 0.031483
v 0.038862 -0.458634 0.029680
v 0.035321 -0.460317 0.017389
v 0.035073 -0.455588 0.021836
v 0.032758 -0.458481 0.007991
v 0.032676 -0.454900 0.013115
v 0.039451 -0.455317 0.032530
v 0.036895 -0.446000 0.027254
v 0.034253 -0.446000 0.019947
v 0.032551 -0.446000 0.012366
v 0.036287 -0.444000 0.019355
v 0.033737 -0.444000 0.005791
v 0.040285 -0.444000 0.029921
v 0.035839 -0.444000 0.009528
v 0.041579 -0.444000 0.028700
v 0.052898 -0.444000 0.045203
v 0.048040 -0.444500 0.038979
v 0.045219 -0.444500 0.034811
v 0.042731 -0.444500 0.030436
v 0.040592 -0.444500 0.025880
v 0.038815 -0.444500 0.021171
v 0.047666 -0.444000 0.041583
v 0.041612 -0.446000 0.036469
v 0.055286 -0.444000 0.049924
v 0.047665 -0.446000 0.044867
v 0.044904 -0.455187 0.041283
v 0.050180 -0.455627 0.047568
v 0.052965 -0.446000 0.050548
v 0.055661 -0.455317 0.052838
v 0.058939 -0.446000 0.055518
v 0.061541 -0.454900 0.057413
v 0.067666 -0.446000 0.061084
v 0.063211 -0.444000 0.056105
v 0.073157 -0.444000 0.061463
v 0.068715 -0.444000 0.057462
v 0.087520 -0.444000 0.064307
v 0.080187 -0.444500 0.062146
v 0.075461 -0.444500 0.060415
v 0.070885 -0.444500 0.058319
v 0.066485 -0.444500 0.055874
v 0.062290 -0.444500 0.053093
v 0.058325 -0.444500 0.049993
v 0.064193 -0.457000 0.054353
v 0.073017 -0.457000 0.059295
v 0.078777 -0.457000 0.052757
v 0.062359 -0.457000 0.042569
v 0.056251 -0.457000 0.048092
v 0.054613 -0.444500 0.046593
v 0.051178 -0.444500 0.042915
v 0.049386 -0.457000 0.040666
v 0.043767 -0.457000 0.032257
v 0.050705 -0.457000 0.027865
v 0.044535 -0.457000 0.010146
v 0.055404 -0.457500 0.034615
v 0.052728 -0.457500 0.030765
v 0.050383 -0.457500 0.026704
v 0.048387 -0.457500 0.022461
v 0.046752 -0.457500 0.018066
v 0.039533 -0.457000 0.023072
v 0.037410 -0.444500 0.016338
v 0.036788 -0.457000 0.013339
v 0.035599 -0.457000 0.003295
v 0.036387 -0.444500 0.011410
v 0.035750 -0.444500 0.006417
v 0.035506 -0.444500 0.001390
v 0.036228 -0.444000 -0.010480
v 0.035654 -0.444500 -0.003641
v 0.036193 -0.444500 -0.008645
v 0.035996 -0.457000 -0.006810
v 0.037122 -0.444500 -0.013591
v 0.037969 -0.457000 -0.016730
v 0.043944 -0.457000 -0.005125
v 0.046689 -0.457000 -0.017800
v 0.044073 -0.457500 0.001936
v 0.044319 -0.457500 -0.005087
v 0.046074 -0.457500 -0.014291
v 0.045004 -0.457500 -0.009726
v 0.045065 -0.470200 -0.009844
v 0.044655 -0.470767 -0.004598
v 0.044158 -0.469807 -0.003404
v 0.047237 -0.463850 -0.017958
v 0.047018 -0.470843 -0.014646
v 0.050002 -0.470967 -0.022974
v 0.050389 -0.470400 -0.025077
v 0.048456 -0.470200 -0.021078
v 0.050000 -0.471162 -0.004962
v 0.050000 -0.473539 -0.006270
v 0.037236 -0.471776 -0.005395
v 0.036759 -0.469920 -0.003533
v 0.037267 -0.469710 -0.007876
v 0.038133 -0.474375 -0.006506
v 0.050000 -0.476835 -0.006641
v 0.039988 -0.477521 -0.010821
v 0.039909 -0.477797 -0.006387
v 0.050155 -0.480252 -0.005366
v 0.042309 -0.481441 -0.004350
v 0.055130 -0.482639 -0.002426
v 0.043180 -0.482873 -0.002086
v 0.052937 -0.481129 -0.004704
v 0.043555 -0.483494 -0.020476
v 0.040407 -0.476021 -0.018711
v 0.045561 -0.487518 -0.024172
v 0.043521 -0.483464 0.000554
v 0.045579 -0.486224 -0.028261
v 0.047858 -0.492248 -0.026400
v 0.043067 -0.476069 -0.026804
v 0.048861 -0.488628 -0.035937
v 0.048514 -0.492679 -0.029762
v 0.051230 -0.495000 -0.031953
v 0.051938 -0.493408 -0.036357
v 0.052691 -0.490160 -0.040189
v 0.060187 -0.495000 -0.043141
v 0.059896 -0.492743 -0.045480
v 0.069533 -0.492743 -0.052220
v 0.068734 -0.488622 -0.054026
v 0.059487 -0.488365 -0.047598
v 0.054520 -0.486000 -0.043489
v 0.059384 -0.477681 -0.048045
v 0.065870 -0.481840 -0.052703
v 0.064537 -0.469231 -0.051881
v 0.071459 -0.477681 -0.055958
v 0.070888 -0.466179 -0.056315
v 0.060828 -0.466139 -0.049897
v 0.060906 -0.459595 -0.053747
v 0.073053 -0.459595 -0.060665
v 0.076543 -0.469022 -0.058252
v 0.081752 -0.466257 -0.060633
v 0.084007 -0.458634 -0.064938
v 0.090414 -0.462978 -0.063985
v 0.080956 -0.477681 -0.059810
v 0.087121 -0.469231 -0.061391
v 0.093123 -0.481840 -0.062334
v 0.087361 -0.486796 -0.061344
v 0.094579 -0.468683 -0.062540
v 0.102830 -0.477681 -0.062610
v 0.100383 -0.466665 -0.063140
v 0.098313 -0.458634 -0.066845
v 0.106243 -0.458634 -0.066525
v 0.108947 -0.466179 -0.062682
v 0.117088 -0.475536 -0.060337
v 0.110295 -0.477681 -0.061882
v 0.114440 -0.461881 -0.063665
v 0.122248 -0.466255 -0.059233
v 0.132783 -0.465573 -0.054524
v 0.120536 -0.458389 -0.063552
v 0.129856 -0.458634 -0.059909
v 0.125723 -0.468840 -0.057301
v 0.124693 -0.481840 -0.057720
v 0.130784 -0.477681 -0.054732
v 0.132343 -0.488951 -0.053258
v 0.124141 -0.488622 -0.057564
v 0.117033 -0.488622 -0.059996
v 0.107909 -0.489106 -0.061636
v 0.107698 -0.492743 -0.059863
v 0.120870 -0.493320 -0.056357
v 0.114040 -0.495000 -0.056925
v 0.127924 -0.492001 -0.054285
v 0.125721 -0.495000 -0.052689
v 0.136668 -0.493054 -0.047976
v 0.136342 -0.495000 -0.046186
v 0.126362 -0.495000 -0.043368
v 0.123113 -0.495000 -0.043897
v 0.109425 -0.495000 -0.040857
v 0.121889 -0.495000 -0.041422
v 0.121975 -0.481000 -0.042382
v 0.124506 -0.481000 -0.044293
v 0.126497 -0.481000 -0.043491
v 0.119980 -0.480993 -0.050368
v 0.140260 -0.481000 -0.036432
v 0.098790 -0.480894 -0.054486
v 0.109291 -0.480788 -0.054039
v 0.130362 -0.480712 -0.045899
v 0.119864 -0.480750 -0.051201
v 0.101256 -0.481000 -0.048894
v 0.101256 -0.495000 -0.047378
v 0.100405 -0.481000 -0.046754
v 0.099431 -0.481000 -0.049733
v 0.109342 -0.481000 -0.043630
v 0.101418 -0.495000 -0.048980
v 0.099496 -0.495000 -0.049561
v 0.088863 -0.495000 -0.057396
v 0.103323 -0.495000 -0.058462
v 0.098575 -0.495000 -0.047704
v 0.098622 -0.481000 -0.047896
v 0.099900 -0.495000 -0.046591
v 0.084814 -0.481000 -0.052100
v 0.085740 -0.481000 -0.042184
v 0.098171 -0.481250 -0.044397
v 0.095083 -0.486075 -0.043901
v 0.104179 -0.485313 -0.043971
v 0.114987 -0.486149 -0.041568
v 0.091336 -0.487947 -0.042824
v 0.109075 -0.487947 -0.042603
v 0.107456 -0.488000 -0.034916
v 0.123139 -0.487947 -0.037360
v 0.117858 -0.488000 -0.030790
v 0.096036 -0.488000 -0.035307
v 0.099073 -0.488500 -0.035211
v 0.095348 -0.488500 -0.034922
v 0.101853 -0.488500 -0.035187
v 0.091673 -0.488500 -0.034248
v 0.082140 -0.488000 -0.030790
v 0.088088 -0.488500 -0.033197
v 0.084880 -0.512266 -0.031839
v 0.089900 -0.516173 -0.033761
v 0.084631 -0.488500 -0.031780
v 0.081339 -0.488500 -0.030011
v 0.078248 -0.488500 -0.027912
v 0.080091 -0.508844 -0.029207
v 0.075830 -0.505783 -0.025864
v 0.081347 -0.513648 -0.029083
v 0.073485 -0.505443 -0.023331
v 0.077564 -0.514733 -0.023912
v 0.085679 -0.522359 -0.028746
v 0.088132 -0.519959 -0.032219
v 0.090870 -0.527081 -0.030003
v 0.094265 -0.522880 -0.033980
v 0.093499 -0.518396 -0.034630
v 0.096861 -0.519500 -0.035093
v 0.099999 -0.519500 -0.035235
v 0.096630 -0.528666 -0.030309
v 0.101530 -0.525355 -0.033377
v 0.103292 -0.521737 -0.034749
v 0.105249 -0.518782 -0.034794
v 0.108234 -0.524368 -0.032570
v 0.110223 -0.516703 -0.033651
v 0.114044 -0.513002 -0.032372
v 0.110146 -0.488500 -0.033761
v 0.106068 -0.488500 -0.034685
v 0.113859 -0.517413 -0.031709
v 0.117121 -0.510956 -0.030889
v 0.120748 -0.511430 -0.028116
v 0.116309 -0.519677 -0.028330
v 0.124230 -0.512299 -0.023174
v 0.120352 -0.518138 -0.022983
v 0.112464 -0.526470 -0.025968
v 0.106500 -0.529142 -0.028709
v 0.098239 -0.531308 -0.024772
v 0.108396 -0.530011 -0.024325
v 0.102191 -0.531500 -0.022605
v 0.110213 -0.529464 -0.022112
v 0.108339 -0.530560 -0.022112
v 0.105854 -0.531352 -0.022112
v 0.112302 -0.527446 -0.022418
v 0.123537 -0.515397 -0.017535
v 0.113620 -0.526034 0.001858
v 0.111126 -0.528666 0.002145
v 0.110340 -0.530045 0.006759
v 0.109336 -0.530032 0.003176
v 0.107048 -0.531070 0.004179
v 0.103610 -0.531465 0.004850
v 0.097872 -0.531913 0.008050
v 0.095421 -0.531475 0.004852
v 0.094975 -0.531425 -0.022112
v 0.092782 -0.530981 0.004209
v 0.090376 -0.529860 -0.009654
v 0.092260 -0.530832 -0.022112
v 0.089771 -0.530168 0.006372
v 0.086495 -0.526553 0.004273
v 0.087582 -0.527317 0.001964
v 0.083818 -0.527927 0.009868
v 0.084926 -0.526580 0.007355
v 0.087095 -0.535165 0.013523
v 0.095134 -0.538420 0.015765
v 0.099541 -0.536461 0.014592
v 0.099928 -0.533643 0.011706
v 0.079528 -0.532550 0.013534
v 0.075097 -0.539217 0.014690
v 0.082486 -0.529462 0.011628
v 0.083766 -0.539810 0.015775
v 0.074601 -0.544351 0.017038
v 0.083431 -0.560494 0.027391
v 0.094145 -0.558627 0.027363
v 0.089758 -0.560178 0.027643
v 0.103989 -0.559727 0.027693
v 0.101675 -0.558351 0.027363
v 0.103949 -0.538029 0.015603
v 0.111499 -0.538712 0.015605
v 0.110287 -0.559168 0.027363
v 0.114844 -0.563675 0.027766
v 0.119399 -0.561523 0.027533
v 0.118603 -0.540269 0.015775
v 0.122574 -0.538942 0.014759
v 0.125008 -0.541918 0.015775
v 0.126315 -0.554051 0.022168
v 0.128693 -0.563567 0.028116
v 0.129804 -0.551010 0.020661
v 0.133116 -0.561614 0.028722
v 0.132952 -0.550880 0.022268
v 0.130490 -0.538828 0.014899
v 0.131149 -0.528880 0.014503
v 0.124872 -0.535423 0.013860
v 0.133340 -0.538768 0.016496
v 0.135292 -0.543187 0.021628
v 0.134528 -0.529603 0.017136
v 0.135757 -0.535726 0.020081
v 0.134674 -0.516956 0.015852
v 0.135748 -0.525856 0.019776
v 0.135999 -0.522410 0.020953
v 0.135588 -0.505275 0.010182
v 0.135999 -0.533071 0.044570
v 0.135999 -0.537246 0.022294
v 0.135999 -0.537363 0.042787
v 0.135999 -0.506854 0.022632
v 0.135810 -0.507661 0.034006
v 0.135999 -0.509500 0.034006
v 0.135428 -0.505639 0.030813
v 0.135689 -0.499355 0.013027
v 0.132513 -0.493091 0.016214
v 0.134057 -0.499277 0.021023
v 0.135480 -0.493079 0.006108
v 0.135750 -0.498679 -0.001198
v 0.135947 -0.488500 0.001937
v 0.135470 -0.493165 -0.005002
v 0.133766 -0.502855 -0.007140
v 0.133386 -0.504777 0.002204
v 0.132968 -0.505711 0.004311
v 0.131530 -0.506826 -0.005662
v 0.114013 -0.525851 0.003710
v 0.133328 -0.507226 0.007717
v 0.114807 -0.525947 0.006032
v 0.115603 -0.526690 0.008222
v 0.132061 -0.511744 0.010403
v 0.133392 -0.512253 0.011925
v 0.130716 -0.518963 0.012904
v 0.122939 -0.530059 0.013423
v 0.118464 -0.529358 0.012017
v 0.116275 -0.528110 0.010074
v 0.114294 -0.533208 0.012697
v 0.127684 -0.510564 -0.016559
v 0.130920 -0.504214 -0.015928
v 0.127286 -0.506072 -0.022208
v 0.133131 -0.493948 -0.013216
v 0.129762 -0.501765 -0.019398
v 0.131476 -0.488500 -0.016695
v 0.128347 -0.488500 -0.021337
v 0.125435 -0.496383 -0.024662
v 0.121633 -0.507609 -0.027935
v 0.121751 -0.488500 -0.027912
v 0.126751 -0.488000 -0.023996
v 0.132839 -0.488000 -0.014606
v 0.136506 -0.488000 -0.023957
v 0.143613 -0.487947 -0.008016
v 0.140009 -0.487894 -0.019206
v 0.134659 -0.485386 -0.027733
v 0.129307 -0.486984 -0.033177
v 0.128166 -0.481000 -0.034792
v 0.124453 -0.483788 -0.036882
v 0.118315 -0.481000 -0.040833
v 0.122737 -0.481000 -0.039728
v 0.125623 -0.481000 -0.039414
v 0.123810 -0.495000 -0.039246
v 0.130911 -0.495007 -0.028140
v 0.126850 -0.495000 -0.040507
v 0.121449 -0.495106 -0.035843
v 0.129063 -0.495558 -0.029595
v 0.127720 -0.504885 -0.030732
v 0.121927 -0.505913 -0.034979
v 0.115897 -0.495566 -0.038158
v 0.114429 -0.507013 -0.038662
v 0.111513 -0.495800 -0.039624
v 0.104062 -0.495542 -0.041095
v 0.107688 -0.507411 -0.040461
v 0.098572 -0.507626 -0.041169
v 0.095322 -0.495566 -0.041009
v 0.095386 -0.495000 -0.041386
v 0.103963 -0.519392 -0.041047
v 0.109746 -0.521081 -0.039804
v 0.099600 -0.521534 -0.040933
v 0.092977 -0.519199 -0.040624
v 0.090980 -0.521437 -0.039944
v 0.092067 -0.525839 -0.038687
v 0.102077 -0.525528 -0.039733
v 0.109212 -0.525492 -0.038567
v 0.098936 -0.530985 -0.036093
v 0.105539 -0.530854 -0.035625
v 0.111834 -0.529528 -0.034725
v 0.103678 -0.536515 -0.029774
v 0.110264 -0.535302 -0.028716
v 0.119569 -0.529035 -0.029077
v 0.107319 -0.538543 -0.021888
v 0.116765 -0.527172 -0.033882
v 0.114346 -0.534975 -0.024208
v 0.123225 -0.527451 -0.021934
v 0.123103 -0.527043 -0.025414
v 0.116488 -0.534129 -0.019284
v 0.110870 -0.537494 -0.014880
v 0.113819 -0.536100 -0.008188
v 0.108371 -0.538570 -0.007362
v 0.103208 -0.540872 -0.002728
v 0.113395 -0.539472 -0.000570
v 0.102137 -0.539414 -0.017884
v 0.102771 -0.539484 -0.008105
v 0.096641 -0.539389 -0.014849
v 0.095891 -0.540859 -0.002798
v 0.092795 -0.538749 -0.011546
v 0.088392 -0.539248 -0.002036
v 0.106634 -0.545190 0.002789
v 0.096119 -0.544656 0.002184
v 0.090062 -0.546429 0.004054
v 0.102587 -0.549681 0.004969
v 0.085129 -0.540433 0.001280
v 0.079719 -0.541200 0.003912
v 0.080326 -0.533813 -0.002147
v 0.077686 -0.535643 0.001826
v 0.068940 -0.530658 0.003930
v 0.071257 -0.527067 0.000691
v 0.063476 -0.520761 0.002887
v 0.070282 -0.523214 -0.002026
v 0.060928 -0.513993 0.001474
v 0.053459 -0.507268 0.007888
v 0.057077 -0.507528 0.001104
v 0.061693 -0.512017 -0.002933
v 0.058174 -0.517601 0.005833
v 0.062050 -0.525849 0.005160
v 0.068352 -0.535829 0.005387
v 0.073780 -0.545293 0.005765
v 0.080719 -0.547004 0.005530
v 0.096399 -0.552376 0.005600
v 0.087948 -0.554750 0.005765
v 0.098791 -0.557444 0.005296
v 0.087348 -0.558736 0.005278
v 0.073422 -0.561638 0.005765
v 0.075067 -0.562410 0.005278
v 0.077250 -0.562850 0.004265
v 0.091942 -0.568318 0.004265
v 0.090810 -0.559341 0.004265
v 0.064237 -0.569127 0.004265
v 0.086102 -0.570523 0.004265
v 0.068602 -0.572981 0.004265
v 0.069931 -0.571665 0.004265
v 0.056867 -0.574651 0.004265
v 0.060515 -0.583935 0.004265
v 0.057295 -0.589294 0.004765
v 0.064037 -0.582444 0.004765
v 0.070932 -0.577001 0.004265
v 0.060717 -0.575171 0.004265
v 0.068158 -0.573673 0.004265
v 0.050170 -0.585718 0.004265
v 0.055098 -0.580099 0.004265
v 0.063922 -0.582648 0.004265
v 0.055701 -0.591374 0.004265
v 0.049111 -0.593869 0.004265
v 0.069214 -0.574573 0.004265
v 0.069859 -0.574749 0.022265
v 0.068540 -0.573646 0.022265
v 0.070693 -0.574753 0.004265
v 0.071680 -0.573638 0.004265
v 0.071383 -0.574241 0.022265
v 0.071651 -0.572779 0.022265
v 0.070124 -0.573255 0.023256
v 0.069057 -0.572176 0.022265
v 0.070600 -0.571728 0.022265
v 0.071324 -0.572193 0.004265
v 0.049387 -0.596140 0.004265
v 0.048573 -0.593697 0.022265
v 0.049710 -0.595624 0.022265
v 0.047111 -0.594123 0.004265
v 0.046833 -0.594509 0.022265
v 0.047691 -0.596405 0.022265
v 0.048254 -0.595125 0.023256
v 0.062728 -0.583606 0.010265
v 0.057797 -0.588572 0.010265
v 0.050372 -0.594794 0.004265
v 0.049727 -0.596761 0.004265
v 0.049114 -0.602344 0.004265
v 0.053605 -0.594175 0.010265
v 0.051984 -0.598177 0.010265
v 0.054431 -0.594201 0.010265
v 0.050064 -0.600212 0.010265
v 0.049882 -0.602345 0.010265
v 0.047397 -0.606682 0.010265
v 0.048141 -0.606677 0.010265
v 0.045078 -0.615711 0.010265
v 0.045769 -0.612590 0.004265
v 0.046774 -0.611141 0.010265
v 0.048141 -0.606677 0.040665
v 0.046774 -0.611141 0.040665
v 0.045791 -0.615705 0.010265
v 0.045791 -0.615705 0.040665
v 0.045198 -0.620336 0.010265
v 0.044999 -0.625000 0.010265
v 0.045198 -0.620336 0.040665
v 0.044298 -0.625000 0.010265
v 0.044689 -0.631987 0.010265
v 0.044298 -0.622665 0.004265
v 0.044494 -0.629661 0.004265
v 0.045198 -0.629664 0.010265
v 0.045791 -0.634295 0.010265
v 0.044999 -0.625000 0.040665
v 0.045198 -0.629664 0.040665
v 0.052763 -0.635781 0.040665
v 0.051597 -0.627174 0.040665
v 0.045791 -0.634295 0.040665
v 0.046774 -0.638859 0.040665
v 0.046774 -0.638859 0.010265
v 0.048141 -0.643323 0.010265
v 0.046048 -0.638852 0.010265
v 0.049114 -0.647656 0.010265
v 0.045951 -0.638351 0.004265
v 0.048164 -0.645523 0.004265
v 0.048026 -0.652771 0.004265
v 0.042473 -0.651992 0.004265
v 0.051188 -0.651834 0.004265
v 0.056347 -0.659599 0.004265
v 0.050256 -0.654635 0.004265
v 0.052313 -0.653880 0.010265
v 0.054431 -0.655799 0.010265
v 0.051984 -0.651823 0.010265
v 0.056347 -0.659599 0.010265
v 0.060292 -0.663057 0.010265
v 0.057207 -0.659552 0.010265
v 0.060993 -0.664832 0.010265
v 0.060074 -0.663888 0.004265
v 0.066323 -0.669368 0.004265
v 0.066323 -0.669368 0.010265
v 0.068125 -0.676535 0.004265
v 0.069896 -0.674641 0.004265
v 0.075269 -0.674815 0.004265
v 0.088448 -0.679404 0.004265
v 0.072126 -0.676505 0.004265
v 0.073791 -0.682888 0.004265
v 0.074193 -0.674362 0.010265
v 0.082787 -0.677975 0.010265
v 0.089553 -0.679762 0.010265
v 0.088412 -0.678766 0.010265
v 0.083894 -0.677589 0.010265
v 0.079492 -0.676034 0.010265
v 0.075238 -0.674111 0.010265
v 0.075238 -0.674111 0.040665
v 0.079492 -0.676034 0.040665
v 0.080938 -0.669597 0.040665
v 0.083894 -0.677589 0.040665
v 0.087110 -0.671705 0.040665
v 0.079484 -0.668835 0.049365
v 0.085139 -0.671139 0.057965
v 0.089723 -0.672396 0.057965
v 0.088412 -0.678766 0.040665
v 0.095656 -0.673256 0.040665
v 0.104343 -0.673256 0.040665
v 0.093013 -0.679554 0.040665
v 0.097665 -0.679950 0.040665
v 0.093803 -0.673101 0.057965
v 0.097929 -0.673456 0.057965
v 0.104133 -0.673279 0.057965
v 0.088239 -0.671452 0.058265
v 0.099999 -0.673160 0.058265
v 0.087167 -0.650300 0.058265
v 0.112832 -0.650300 0.058265
v 0.111558 -0.671590 0.058265
v 0.120111 -0.666045 0.058115
v 0.119686 -0.663468 0.058265
v 0.110276 -0.672396 0.057965
v 0.114281 -0.671344 0.057965
v 0.117914 -0.669970 0.057965
v 0.120157 -0.666688 0.049365
v 0.118047 -0.669962 0.049365
v 0.119854 -0.668027 0.057965
v 0.124850 -0.666593 0.049365
v 0.112889 -0.671705 0.040665
v 0.121022 -0.668653 0.040665
v 0.116105 -0.677589 0.040665
v 0.120506 -0.676034 0.040665
v 0.128478 -0.664198 0.040665
v 0.124761 -0.674111 0.040665
v 0.128836 -0.671834 0.040665
v 0.128836 -0.671834 0.010265
v 0.124761 -0.674111 0.010265
v 0.120506 -0.676034 0.010265
v 0.123716 -0.675400 0.010265
v 0.129872 -0.672071 0.010265
v 0.124727 -0.674816 0.004265
v 0.114979 -0.678649 0.010265
v 0.116105 -0.677589 0.010265
v 0.105822 -0.680396 0.010265
v 0.111587 -0.678766 0.010265
v 0.108880 -0.680033 0.004265
v 0.114979 -0.678649 0.004265
v 0.114937 -0.679872 0.004265
v 0.127962 -0.677366 0.004265
v 0.131003 -0.680361 0.004265
v 0.128693 -0.675118 -0.007735
v 0.129456 -0.674778 0.004265
v 0.127781 -0.677425 -0.007735
v 0.130692 -0.678582 0.004265
v 0.129953 -0.678669 -0.007735
v 0.126564 -0.682623 -0.007735
v 0.132118 -0.676863 -0.007735
v 0.135251 -0.677758 -0.007735
v 0.143070 -0.671593 -0.007735
v 0.139282 -0.674829 0.004265
v 0.141248 -0.663708 0.004265
v 0.131949 -0.676254 0.004265
v 0.146593 -0.668071 0.004265
v 0.152757 -0.660251 0.004265
v 0.151744 -0.656886 0.004265
v 0.149713 -0.664588 -0.007735
v 0.132704 -0.669220 -0.007735
v 0.154330 -0.657868 -0.007735
v 0.144179 -0.657675 -0.007735
v 0.138150 -0.664557 -0.007735
v 0.152826 -0.656490 -0.007735
v 0.150109 -0.656348 -0.007735
v 0.131285 -0.675167 -0.007735
v 0.126798 -0.672972 -0.007735
v 0.126798 -0.672972 -0.027735
v 0.120506 -0.676034 -0.007735
v 0.132704 -0.669220 -0.027735
v 0.138016 -0.664677 -0.027735
v 0.128110 -0.671187 -0.028773
v 0.126297 -0.666493 -0.027735
v 0.128108 -0.667769 -0.031885
v 0.123221 -0.667233 -0.031885
v 0.110969 -0.665288 -0.027735
v 0.122134 -0.660636 -0.027735
v 0.122390 -0.668534 -0.027735
v 0.099999 -0.669750 -0.027735
v 0.120506 -0.676034 -0.027735
v 0.124678 -0.672435 -0.027735
v 0.116105 -0.677589 -0.027735
v 0.124136 -0.672055 -0.031885
v 0.126152 -0.669288 -0.032185
v 0.103220 -0.675463 -0.027735
v 0.109286 -0.679160 -0.027735
v 0.116105 -0.677589 -0.007735
v 0.111587 -0.678766 -0.007735
v 0.116848 -0.686270 -0.007735
v 0.107153 -0.679532 -0.007735
v 0.100621 -0.682838 -0.007735
v 0.102117 -0.685081 -0.007735
v 0.099999 -0.679950 -0.007735
v 0.090713 -0.679160 -0.007735
v 0.102334 -0.679950 -0.027735
v 0.097665 -0.679950 -0.027735
v 0.097090 -0.676566 -0.027735
v 0.099647 -0.679396 -0.029810
v 0.090713 -0.679160 -0.027735
v 0.081983 -0.676897 -0.007735
v 0.083894 -0.677589 -0.027735
v 0.077440 -0.670026 -0.027735
v 0.079492 -0.676034 -0.027735
v 0.075238 -0.674111 -0.027735
v 0.074785 -0.672608 -0.027735
v 0.073200 -0.672972 -0.007735
v 0.071163 -0.671834 -0.027735
v 0.071619 -0.675472 -0.007735
v 0.069060 -0.674916 -0.007735
v 0.067295 -0.669220 -0.007735
v 0.067295 -0.669220 -0.027735
v 0.049838 -0.664010 -0.007735
v 0.063662 -0.666287 -0.007735
v 0.061971 -0.664666 -0.027735
v 0.059724 -0.662445 -0.007735
v 0.049890 -0.656348 -0.007735
v 0.055819 -0.657675 -0.007735
v 0.057207 -0.659552 -0.027735
v 0.054431 -0.655799 -0.027735
v 0.056102 -0.653754 -0.027735
v 0.052738 -0.651632 -0.027735
v 0.054901 -0.653627 -0.031885
v 0.058209 -0.652885 -0.031885
v 0.058572 -0.649710 -0.027735
v 0.054046 -0.647766 -0.027735
v 0.055249 -0.637750 -0.027735
v 0.063027 -0.644405 -0.027735
v 0.057478 -0.649762 -0.032035
v 0.055977 -0.647136 -0.031885
v 0.052834 -0.649443 -0.031885
v 0.073074 -0.656914 -0.027735
v 0.058439 -0.629030 -0.027735
v 0.059800 -0.636996 -0.029735
v 0.063418 -0.645310 -0.029735
v 0.069777 -0.653968 -0.029735
v 0.074337 -0.651913 -0.029735
v 0.079426 -0.661272 -0.029735
v 0.094966 -0.666451 -0.029735
v 0.090913 -0.656662 -0.029735
v 0.082525 -0.657827 -0.029735
v 0.080610 -0.656999 -0.029735
v 0.083246 -0.663460 -0.027735
v 0.076098 -0.666201 -0.027735
v 0.094966 -0.666451 -0.027735
v 0.107062 -0.666352 -0.029735
v 0.100940 -0.662408 -0.029735
v 0.115785 -0.663775 -0.029735
v 0.109086 -0.658912 -0.029735
v 0.123858 -0.659565 -0.029735
v 0.128414 -0.655875 -0.029735
v 0.119375 -0.656719 -0.029735
v 0.117276 -0.657157 -0.029735
v 0.118173 -0.654875 -0.029735
v 0.104543 -0.654182 -0.029735
v 0.117287 -0.656080 -0.022135
v 0.119082 -0.656609 -0.021887
v 0.090165 -0.652021 -0.029735
v 0.106631 -0.652980 -0.030835
v 0.093368 -0.652980 -0.030835
v 0.129413 -0.651913 -0.029735
v 0.109834 -0.652021 -0.029735
v 0.118609 -0.647178 -0.029735
v 0.115908 -0.649188 -0.030835
v 0.123065 -0.642171 -0.030835
v 0.109661 -0.643646 -0.030835
v 0.114755 -0.639752 -0.030835
v 0.119411 -0.632652 -0.030835
v 0.117942 -0.635911 -0.042835
v 0.113710 -0.640728 -0.042835
v 0.108346 -0.644217 -0.042835
v 0.111221 -0.639537 -0.042835
v 0.116089 -0.634030 -0.042835
v 0.103990 -0.642926 -0.042835
v 0.110621 -0.639846 -0.040335
v 0.110503 -0.633481 -0.040335
v 0.101337 -0.643316 -0.040335
v 0.108919 -0.635134 -0.040335
v 0.107078 -0.636496 -0.040335
v 0.105033 -0.637526 -0.040335
v 0.102844 -0.638197 -0.040335
v 0.116330 -0.633399 -0.040335
v 0.118205 -0.626332 -0.042835
v 0.118401 -0.626347 -0.040335
v 0.111785 -0.631584 -0.040335
v 0.112728 -0.629497 -0.040335
v 0.113305 -0.627281 -0.040335
v 0.113098 -0.628266 0.044465
v 0.112622 -0.629777 0.044465
v 0.111738 -0.631667 0.044465
v 0.117842 -0.633702 0.050865
v 0.119718 -0.626376 0.050865
v 0.123306 -0.632573 0.050865
v 0.119032 -0.640745 0.050865
v 0.114752 -0.638283 0.050865
v 0.109148 -0.634923 0.044465
v 0.110519 -0.641835 0.050865
v 0.113837 -0.645358 0.050865
v 0.110570 -0.633396 0.044465
v 0.103071 -0.649313 0.050865
v 0.106865 -0.648639 0.049365
v 0.116280 -0.643463 0.049365
v 0.122173 -0.635434 0.049365
v 0.136523 -0.656910 0.049365
v 0.119952 -0.663329 0.049365
v 0.113014 -0.650000 0.049365
v 0.099229 -0.649604 0.049365
v 0.086985 -0.650000 0.049365
v 0.113014 -0.650000 0.057965
v 0.086985 -0.650000 0.057965
v 0.080047 -0.663329 0.057965
v 0.079842 -0.666688 0.049365
v 0.080047 -0.663329 0.049365
v 0.079539 -0.665349 0.057965
v 0.080111 -0.664577 0.058265
v 0.080809 -0.668829 0.057965
v 0.064979 -0.658483 0.049365
v 0.071521 -0.664198 0.049365
v 0.087313 -0.645715 0.049365
v 0.059563 -0.651692 0.049365
v 0.068122 -0.661487 0.040665
v 0.063475 -0.656910 0.040665
v 0.059563 -0.651692 0.040665
v 0.060292 -0.663057 0.040665
v 0.054431 -0.655799 0.040665
v 0.057207 -0.659552 0.040665
v 0.051984 -0.651823 0.040665
v 0.049882 -0.647654 0.040665
v 0.048141 -0.643323 0.040665
v 0.049882 -0.647654 0.010265
v 0.055447 -0.644042 0.040665
v 0.056302 -0.646043 0.049365
v 0.053920 -0.639972 0.049365
v 0.075661 -0.626908 0.049365
v 0.051938 -0.630417 0.049365
v 0.051987 -0.618496 0.049365
v 0.077409 -0.615222 0.049365
v 0.055111 -0.606992 0.049365
v 0.052763 -0.614219 0.040665
v 0.051695 -0.620652 0.040665
v 0.055447 -0.605958 0.040665
v 0.059563 -0.598308 0.040665
v 0.051984 -0.598177 0.040665
v 0.049882 -0.602345 0.040665
v 0.059563 -0.598308 0.049365
v 0.064979 -0.591517 0.049365
v 0.080967 -0.609255 0.049365
v 0.088193 -0.603525 0.050865
v 0.080967 -0.609255 0.050865
v 0.090664 -0.602443 0.049365
v 0.105608 -0.601261 0.049365
v 0.097486 -0.600488 0.050865
v 0.077017 -0.582291 0.049365
v 0.071521 -0.585802 0.049365
v 0.095656 -0.576744 0.049365
v 0.086091 -0.578677 0.049365
v 0.078977 -0.581347 0.040665
v 0.087110 -0.578295 0.040665
v 0.096200 -0.576732 0.040665
v 0.093013 -0.570446 0.040665
v 0.088412 -0.571234 0.040665
v 0.083894 -0.572411 0.040665
v 0.079492 -0.573966 0.040665
v 0.079492 -0.573966 0.010265
v 0.083894 -0.572411 0.010265
v 0.088412 -0.571234 0.010265
v 0.091862 -0.569897 0.010265
v 0.085007 -0.571304 0.010265
v 0.078414 -0.573651 0.010265
v 0.083923 -0.571759 0.004265
v 0.094172 -0.569555 0.004265
v 0.074193 -0.575637 0.004265
v 0.072021 -0.572661 0.004265
v 0.085062 -0.569251 0.004265
v 0.099416 -0.569256 0.004265
v 0.114937 -0.569251 0.004265
v 0.099769 -0.567439 0.004265
v 0.080377 -0.564608 0.004265
v 0.098033 -0.565668 0.004265
v 0.073435 -0.567378 0.004265
v 0.069257 -0.571325 0.004265
v 0.066821 -0.570857 0.004265
v 0.067132 -0.570669 -0.007735
v 0.073435 -0.567378 -0.007735
v 0.085062 -0.569626 -0.007735
v 0.080377 -0.564608 -0.007735
v 0.098033 -0.564832 -0.007735
v 0.087621 -0.562768 0.004265
v 0.087621 -0.562768 -0.007735
v 0.097508 -0.561598 0.004265
v 0.097508 -0.561598 -0.007735
v 0.107457 -0.561989 -0.007735
v 0.100621 -0.563338 -0.007735
v 0.107457 -0.561989 0.004265
v 0.099789 -0.563251 0.004265
v 0.102010 -0.564355 0.004265
v 0.117223 -0.563931 0.004265
v 0.101573 -0.566613 0.004265
v 0.126564 -0.567378 0.004265
v 0.117223 -0.563931 -0.007735
v 0.102117 -0.565581 -0.007735
v 0.126564 -0.567378 -0.007735
v 0.114937 -0.569626 -0.007735
v 0.106985 -0.570446 -0.007735
v 0.102334 -0.570050 -0.007735
v 0.099999 -0.570000 -0.007735
v 0.118306 -0.573189 -0.007735
v 0.111587 -0.571234 -0.007735
v 0.132867 -0.570669 -0.007735
v 0.129644 -0.571066 -0.007735
v 0.127908 -0.572837 -0.007735
v 0.099789 -0.567250 -0.007735
v 0.126798 -0.577028 -0.007735
v 0.128774 -0.575161 -0.007735
v 0.128869 -0.571514 0.004265
v 0.127722 -0.573713 0.004265
v 0.127850 -0.576762 0.004265
v 0.119415 -0.572792 0.004265
v 0.129442 -0.575327 0.004265
v 0.130554 -0.575348 -0.007735
v 0.131347 -0.574891 0.004265
v 0.131992 -0.573586 -0.007735
v 0.133706 -0.580594 0.004265
v 0.131771 -0.572661 0.004265
v 0.137840 -0.583140 0.004265
v 0.130844 -0.578575 0.004765
v 0.136592 -0.583052 0.004765
v 0.143299 -0.589936 0.004765
v 0.148815 -0.580138 0.004265
v 0.136079 -0.569447 0.004265
v 0.126037 -0.575195 0.004265
v 0.149829 -0.585718 0.004265
v 0.151534 -0.593125 0.004265
v 0.143070 -0.578407 0.004265
v 0.139016 -0.585251 0.004265
v 0.143690 -0.590371 0.004265
v 0.150222 -0.594851 0.004265
v 0.131074 -0.574317 0.004265
v 0.129681 -0.574845 0.004265
v 0.128444 -0.573901 0.004265
v 0.130531 -0.574713 0.022265
v 0.129047 -0.574624 0.022265
v 0.128353 -0.573123 0.022265
v 0.129874 -0.573255 0.023256
v 0.129586 -0.571682 0.022265
v 0.131005 -0.572124 0.022265
v 0.131447 -0.573543 0.022265
v 0.131430 -0.572872 0.004265
v 0.129866 -0.571735 0.004265
v 0.128456 -0.572511 0.004265
v 0.112169 -0.570130 0.004265
v 0.114937 -0.567825 0.004265
v 0.101750 -0.569311 0.004765
v 0.106985 -0.569702 0.004765
v 0.112145 -0.570662 0.011015
v 0.116109 -0.571641 0.004765
v 0.120518 -0.573177 0.004765
v 0.121603 -0.573606 0.017265
v 0.117189 -0.572097 0.017265
v 0.126328 -0.575897 0.004765
v 0.129872 -0.577929 0.017265
v 0.125828 -0.575594 0.017265
v 0.125712 -0.575816 0.017265
v 0.129738 -0.578140 0.017265
v 0.128718 -0.577579 0.037574
v 0.133555 -0.580793 0.017265
v 0.134167 -0.581268 0.043752
v 0.137136 -0.583755 0.017265
v 0.133706 -0.580594 0.017265
v 0.137303 -0.583570 0.017265
v 0.140457 -0.587008 0.017265
v 0.140639 -0.586837 0.017265
v 0.143494 -0.590526 0.017265
v 0.143690 -0.590371 0.017265
v 0.146435 -0.594148 0.017265
v 0.146227 -0.594287 0.017265
v 0.146227 -0.594287 0.055765
v 0.148634 -0.598263 0.017265
v 0.148634 -0.598263 0.055765
v 0.150701 -0.602426 0.055765
v 0.152412 -0.606748 0.055765
v 0.150701 -0.602426 0.017265
v 0.152412 -0.606748 0.017265
v 0.150930 -0.602324 0.017265
v 0.148853 -0.598142 0.017265
v 0.147060 -0.595134 0.004765
v 0.149394 -0.599177 0.004765
v 0.152648 -0.606666 0.017265
v 0.153756 -0.611198 0.017265
v 0.153756 -0.611198 0.055765
v 0.154722 -0.615744 0.055765
v 0.154722 -0.615744 0.017265
v 0.155305 -0.620356 0.017265
v 0.155305 -0.620356 0.055765
v 0.155499 -0.625000 0.017265
v 0.155305 -0.629644 0.017265
v 0.154722 -0.634256 0.017265
v 0.143494 -0.590526 0.055765
v 0.145909 -0.566819 0.055765
v 0.140457 -0.587008 0.055765
v 0.144431 -0.566998 0.055765
v 0.143800 -0.566562 0.039765
v 0.145805 -0.566668 0.039765
v 0.143444 -0.565884 0.055765
v 0.139710 -0.557250 0.055765
v 0.144496 -0.564174 0.055765
v 0.143938 -0.564559 0.039765
v 0.146267 -0.564742 0.039765
v 0.144999 -0.565500 0.038773
v 0.146522 -0.565226 0.055765
v 0.150677 -0.574012 0.055765
v 0.149690 -0.558382 0.055765
v 0.142499 -0.544000 0.055765
v 0.150043 -0.552774 0.055452
v 0.150926 -0.564170 0.054522
v 0.150285 -0.557637 0.055023
v 0.152316 -0.572883 0.053975
v 0.149999 -0.549528 0.055765
v 0.149999 -0.549528 0.017765
v 0.149999 -0.508079 0.017765
v 0.150003 -0.505953 0.034398
v 0.149999 -0.544000 0.055765
v 0.143040 -0.490110 0.055765
v 0.149999 -0.501000 0.055765
v 0.149744 -0.498763 0.055765
v 0.149991 -0.501211 0.037257
v 0.149380 -0.497155 0.041151
v 0.151406 -0.495181 0.034309
v 0.150241 -0.503431 0.025281
v 0.151033 -0.498027 0.031727
v 0.150847 -0.498890 0.017303
v 0.149484 -0.507310 0.014319
v 0.149949 -0.508079 0.016662
v 0.148556 -0.508079 0.012083
v 0.148433 -0.504011 0.011088
v 0.149907 -0.549528 0.016483
v 0.149221 -0.549528 0.013611
v 0.149321 -0.558413 0.012802
v 0.147876 -0.550756 0.010939
v 0.150432 -0.560248 0.016897
v 0.151504 -0.568434 0.017649
v 0.150123 -0.554718 0.017765
v 0.151052 -0.568003 0.014854
v 0.153169 -0.577794 0.013171
v 0.149802 -0.572661 0.009868
v 0.152757 -0.574968 0.016290
v 0.154478 -0.581995 0.013475
v 0.154013 -0.580280 0.053627
v 0.153415 -0.586301 0.055765
v 0.155823 -0.586411 0.053427
v 0.155999 -0.586973 0.010645
v 0.157923 -0.592379 0.053307
v 0.157847 -0.592262 0.006708
v 0.160033 -0.597557 0.053266
v 0.161133 -0.600127 0.053265
v 0.162867 -0.604908 0.053265
v 0.161958 -0.602291 0.005061
v 0.163164 -0.605907 0.005752
v 0.154388 -0.583896 0.008577
v 0.149118 -0.578261 0.005970
v 0.143261 -0.570102 0.006274
v 0.135279 -0.568001 0.005107
v 0.126361 -0.561593 0.005765
v 0.121692 -0.561150 0.005278
v 0.138415 -0.558058 0.005767
v 0.141099 -0.555835 0.006145
v 0.126677 -0.544770 0.005765
v 0.138128 -0.533302 0.005766
v 0.137567 -0.529470 0.005544
v 0.140662 -0.527187 0.006092
v 0.142991 -0.521568 0.006859
v 0.141238 -0.518060 0.005381
v 0.142945 -0.550305 0.006829
v 0.144601 -0.549528 0.007764
v 0.145211 -0.560137 0.007847
v 0.146465 -0.549528 0.009260
v 0.148000 -0.564955 0.009855
v 0.144919 -0.516357 0.007960
v 0.147078 -0.511577 0.009969
v 0.145860 -0.510561 0.008355
v 0.145592 -0.506428 0.005838
v 0.138057 -0.516155 0.001588
v 0.147831 -0.500908 -0.002312
v 0.150166 -0.497628 0.009515
v 0.143244 -0.506889 0.000397
v 0.132381 -0.518376 -0.004847
v 0.140114 -0.509350 -0.008953
v 0.138469 -0.510357 -0.016173
v 0.142677 -0.506504 -0.011040
v 0.129111 -0.521159 -0.008839
v 0.118984 -0.532026 -0.008522
v 0.119415 -0.532297 -0.005331
v 0.128652 -0.525006 -0.001336
v 0.120523 -0.534829 -0.000245
v 0.125866 -0.535448 0.003687
v 0.132623 -0.525766 0.002613
v 0.135458 -0.527695 0.004650
v 0.126947 -0.540965 0.005409
v 0.117587 -0.547065 0.005343
v 0.116734 -0.543182 0.003790
v 0.110903 -0.553236 0.005741
v 0.109308 -0.558522 0.005107
v 0.120711 -0.562033 0.004265
v 0.108313 -0.559272 0.004265
v 0.101408 -0.565079 0.004265
v 0.099999 -0.563648 0.004265
v 0.098681 -0.564340 0.004265
v 0.099709 -0.563659 0.022265
v 0.101282 -0.564618 0.022265
v 0.100781 -0.566545 0.022265
v 0.099999 -0.565250 0.023256
v 0.098856 -0.566322 0.022265
v 0.098578 -0.564634 0.022265
v 0.098646 -0.565899 0.004265
v 0.100383 -0.566806 0.004265
v 0.146555 -0.500831 -0.010099
v 0.149038 -0.496194 -0.009091
v 0.137592 -0.507774 -0.019310
v 0.142415 -0.499398 -0.014558
v 0.151196 -0.495265 -0.003534
v 0.151535 -0.493271 -0.006876
v 0.152202 -0.493329 0.020009
v 0.152950 -0.491150 -0.003899
v 0.153865 -0.488814 0.026961
v 0.154407 -0.487596 -0.024228
v 0.152647 -0.491293 -0.027421
v 0.155172 -0.485512 -0.025484
v 0.151598 -0.488000 -0.034953
v 0.149531 -0.493694 -0.033506
v 0.149562 -0.495000 -0.028792
v 0.151318 -0.493601 -0.026458
v 0.150001 -0.495000 -0.009310
v 0.142910 -0.495000 -0.021156
v 0.144955 -0.495000 -0.023735
v 0.143526 -0.495168 -0.014351
v 0.138593 -0.495800 -0.018295
v 0.134752 -0.495287 -0.023293
v 0.140292 -0.495000 -0.022408
v 0.140136 -0.495000 -0.025158
v 0.140292 -0.481000 -0.022408
v 0.140136 -0.481000 -0.025158
v 0.136764 -0.481000 -0.025817
v 0.142667 -0.481000 -0.026245
v 0.143640 -0.495000 -0.026155
v 0.144955 -0.481000 -0.024459
v 0.141695 -0.495000 -0.026335
v 0.148440 -0.480932 -0.025318
v 0.143558 -0.481000 -0.021479
v 0.149199 -0.481000 -0.004825
v 0.140880 -0.480723 -0.036707
v 0.147844 -0.480200 -0.028336
v 0.149637 -0.480200 -0.024967
v 0.149844 -0.480489 -0.005231
v 0.149893 -0.480440 -0.023235
v 0.149999 -0.476814 -0.006455
v 0.149999 -0.470986 -0.022857
v 0.152817 -0.470858 -0.015107
v 0.149999 -0.472035 -0.005546
v 0.149999 -0.471000 -0.004825
v 0.150039 -0.470290 -0.024292
v 0.148486 -0.457500 -0.027229
v 0.151567 -0.457500 -0.020912
v 0.152748 -0.470200 -0.017928
v 0.153925 -0.457500 -0.014291
v 0.154741 -0.463850 -0.010899
v 0.155500 -0.470200 -0.006683
v 0.155680 -0.457500 -0.005087
v 0.155808 -0.457000 -0.006285
v 0.163499 -0.457000 0.003265
v 0.150385 -0.457000 -0.024247
v 0.155023 -0.457000 0.012460
v 0.155963 -0.457500 0.001351
v 0.163499 -0.457000 -0.001735
v 0.164451 -0.457000 -0.001735
v 0.163499 -0.468929 -0.001735
v 0.163499 -0.468641 0.000348
v 0.163499 -0.468929 0.003265
v 0.155881 -0.469460 0.004256
v 0.155979 -0.468656 -0.000173
v 0.155841 -0.469807 -0.003404
v 0.163944 -0.469666 -0.003148
v 0.162342 -0.472980 -0.005901
v 0.155177 -0.470881 -0.004710
v 0.160756 -0.474422 -0.013778
v 0.159190 -0.479173 -0.005856
v 0.163735 -0.467833 -0.007014
v 0.166057 -0.462366 -0.007648
v 0.167268 -0.462079 -0.006872
v 0.160624 -0.468060 -0.018513
v 0.164144 -0.462550 -0.013352
v 0.163653 -0.459695 -0.020163
v 0.167108 -0.456316 -0.011943
v 0.165287 -0.454900 -0.019801
v 0.167541 -0.452760 -0.010477
v 0.168465 -0.451787 -0.005442
v 0.168499 -0.457511 -0.001688
v 0.167838 -0.446000 -0.008275
v 0.168429 -0.446000 0.002060
v 0.168499 -0.455049 0.001679
v 0.168499 -0.459000 0.003265
v 0.168499 -0.454267 0.008033
v 0.164457 -0.455792 -0.001570
v 0.164476 -0.454917 0.001898
v 0.164451 -0.457000 0.003265
v 0.164528 -0.468929 0.003265
v 0.164003 -0.457000 0.008340
v 0.164419 -0.444500 0.001405
v 0.163951 -0.444500 0.008932
v 0.163118 -0.444500 0.013894
v 0.162030 -0.457000 0.018259
v 0.158530 -0.457000 0.027748
v 0.161902 -0.444500 0.018775
v 0.160308 -0.444500 0.023547
v 0.156080 -0.444000 0.033143
v 0.163287 -0.444000 0.014474
v 0.157707 -0.444500 0.029502
v 0.154780 -0.444500 0.034811
v 0.153588 -0.457000 0.036572
v 0.147327 -0.457000 0.044514
v 0.150390 -0.444500 0.040947
v 0.150563 -0.457000 0.025865
v 0.142582 -0.457000 0.037521
v 0.139900 -0.457000 0.051379
v 0.128126 -0.457000 0.049481
v 0.147271 -0.457500 0.030765
v 0.144595 -0.457500 0.034615
v 0.141606 -0.457500 0.038228
v 0.138326 -0.457500 0.041578
v 0.134776 -0.457500 0.044642
v 0.130983 -0.457500 0.047398
v 0.136316 -0.480200 0.043369
v 0.130427 -0.480200 0.047731
v 0.127073 -0.480894 0.049043
v 0.125241 -0.480200 0.050728
v 0.135361 -0.480750 0.043603
v 0.126972 -0.457500 0.049827
v 0.122772 -0.457500 0.051912
v 0.118412 -0.457500 0.053638
v 0.120139 -0.480200 0.053014
v 0.113768 -0.480875 0.054195
v 0.116246 -0.480200 0.054335
v 0.109541 -0.480200 0.055927
v 0.113923 -0.457500 0.054994
v 0.110540 -0.457000 0.056021
v 0.109336 -0.457500 0.055968
v 0.104684 -0.457500 0.056556
v 0.103390 -0.480200 0.056625
v 0.099999 -0.457500 0.056753
v 0.097077 -0.480200 0.056672
v 0.095315 -0.457500 0.056556
v 0.096455 -0.457000 0.057104
v 0.092424 -0.457000 0.064768
v 0.102530 -0.457000 0.065165
v 0.090662 -0.457500 0.055968
v 0.091834 -0.480200 0.056166
v 0.087920 -0.480200 0.055442
v 0.086076 -0.457500 0.054994
v 0.083975 -0.480200 0.054401
v 0.081587 -0.457500 0.053638
v 0.077227 -0.457500 0.051912
v 0.078770 -0.480200 0.052582
v 0.078974 -0.480894 0.051830
v 0.074963 -0.480200 0.050835
v 0.073027 -0.457500 0.049827
v 0.070241 -0.480200 0.048203
v 0.069016 -0.457500 0.047398
v 0.065800 -0.480788 0.044419
v 0.066701 -0.480200 0.045768
v 0.065223 -0.457500 0.044642
v 0.062585 -0.480200 0.042432
v 0.061673 -0.457500 0.041578
v 0.059724 -0.480200 0.039665
v 0.055747 -0.480788 0.034449
v 0.058393 -0.457500 0.038228
v 0.057030 -0.480200 0.036642
v 0.052623 -0.480200 0.030539
v 0.049710 -0.470290 0.025291
v 0.050423 -0.480453 0.026036
v 0.060466 -0.481000 0.038618
v 0.051402 -0.481000 0.026333
v 0.050155 -0.480489 0.006760
v 0.050000 -0.480200 0.024765
v 0.050000 -0.470986 0.024387
v 0.050000 -0.471000 0.006355
v 0.050000 -0.472035 0.007075
v 0.050000 -0.476814 0.007985
v 0.047227 -0.470865 0.016783
v 0.045475 -0.463850 0.013462
v 0.047424 -0.470200 0.019993
v 0.044822 -0.470881 0.006240
v 0.044670 -0.470200 0.009373
v 0.044612 -0.457500 0.008944
v 0.044110 -0.469397 0.004075
v 0.036492 -0.468652 0.000813
v 0.036745 -0.469853 0.004934
v 0.044013 -0.468600 0.000247
v 0.037197 -0.471651 0.006855
v 0.038028 -0.474103 0.007961
v 0.040818 -0.479183 0.007379
v 0.041790 -0.480674 0.015890
v 0.043036 -0.482638 0.003949
v 0.055084 -0.482953 0.002801
v 0.052906 -0.481095 0.006263
v 0.056277 -0.481500 0.011205
v 0.057132 -0.481000 0.015280
v 0.057991 -0.484550 0.016870
v 0.060658 -0.484550 0.022535
v 0.065243 -0.481000 0.029754
v 0.074369 -0.481000 0.038301
v 0.064488 -0.484550 0.028274
v 0.076069 -0.481000 0.043928
v 0.073607 -0.484550 0.037098
v 0.068756 -0.484550 0.033096
v 0.070609 -0.487894 0.034323
v 0.091662 -0.488000 0.043565
v 0.077412 -0.487600 0.039681
v 0.085901 -0.487894 0.042958
v 0.064957 -0.487947 0.028015
v 0.080540 -0.488000 0.031359
v 0.069917 -0.488000 0.021006
v 0.058408 -0.487947 0.016795
v 0.055772 -0.487947 0.000414
v 0.064832 -0.488000 0.010028
v 0.056251 -0.487600 0.011145
v 0.055135 -0.487600 0.003147
v 0.055553 -0.487600 -0.005933
v 0.057463 -0.486075 -0.013769
v 0.056404 -0.481125 -0.010867
v 0.059065 -0.487947 -0.016376
v 0.065571 -0.488000 -0.011211
v 0.070999 -0.488000 -0.020998
v 0.071834 -0.487974 -0.033347
v 0.062402 -0.487894 -0.023356
v 0.060145 -0.484550 -0.020094
v 0.063509 -0.484550 -0.025429
v 0.063235 -0.481000 -0.025817
v 0.059562 -0.481000 -0.021914
v 0.060267 -0.481000 -0.023735
v 0.058939 -0.481000 -0.025968
v 0.071833 -0.481000 -0.034792
v 0.068544 -0.483025 -0.031335
v 0.068500 -0.487747 -0.031260
v 0.077411 -0.483788 -0.038029
v 0.082037 -0.487894 -0.040186
v 0.087043 -0.485313 -0.042273
v 0.073080 -0.481000 -0.040465
v 0.074523 -0.481000 -0.039150
v 0.076476 -0.481000 -0.039150
v 0.053981 -0.481000 -0.029075
v 0.056045 -0.481000 -0.025747
v 0.055421 -0.481000 -0.022408
v 0.050815 -0.480761 -0.024686
v 0.057249 -0.480723 -0.034833
v 0.065001 -0.480875 -0.041948
v 0.074788 -0.481000 -0.044194
v 0.072897 -0.481000 -0.042347
v 0.074045 -0.480750 -0.048407
v 0.065642 -0.480200 -0.043452
v 0.061428 -0.480200 -0.039802
v 0.069001 -0.480200 -0.045849
v 0.070996 -0.457500 -0.047125
v 0.073687 -0.480200 -0.048667
v 0.067091 -0.457500 -0.044530
v 0.065989 -0.457000 -0.044042
v 0.063416 -0.457500 -0.041617
v 0.059998 -0.457500 -0.038408
v 0.053146 -0.457000 -0.030365
v 0.057316 -0.480200 -0.035426
v 0.056860 -0.457500 -0.034923
v 0.054025 -0.457500 -0.031188
v 0.051513 -0.457500 -0.027229
v 0.052623 -0.480200 -0.029009
v 0.050267 -0.480200 -0.024731
v 0.050000 -0.480200 -0.023235
v 0.049340 -0.457500 -0.023073
v 0.052672 -0.457000 -0.042984
v 0.046411 -0.457000 -0.035042
v 0.041469 -0.457000 -0.026218
v 0.040119 -0.444500 -0.023192
v 0.042170 -0.444500 -0.027789
v 0.044573 -0.444500 -0.032211
v 0.042706 -0.444000 -0.029414
v 0.047313 -0.444500 -0.036432
v 0.054656 -0.444000 -0.045466
v 0.050374 -0.444500 -0.040427
v 0.053738 -0.444500 -0.044171
v 0.057383 -0.444500 -0.047641
v 0.061287 -0.444500 -0.050816
v 0.060099 -0.457000 -0.049849
v 0.068508 -0.457000 -0.055468
v 0.065427 -0.444500 -0.053677
v 0.069778 -0.444500 -0.056207
v 0.070937 -0.444000 -0.057103
v 0.081387 -0.444000 -0.063028
v 0.071979 -0.444000 -0.059491
v 0.063211 -0.444000 -0.054575
v 0.085021 -0.444000 -0.062435
v 0.074313 -0.444500 -0.058389
v 0.079004 -0.444500 -0.060212
v 0.077692 -0.457000 -0.059702
v 0.083822 -0.444500 -0.061663
v 0.088740 -0.444500 -0.062734
v 0.087426 -0.457000 -0.062447
v 0.095612 -0.444500 -0.063552
v 0.097469 -0.457000 -0.063636
v 0.083202 -0.457000 -0.052821
v 0.101477 -0.457000 -0.055676
v 0.075105 -0.457500 -0.049384
v 0.079389 -0.457500 -0.051291
v 0.083817 -0.457500 -0.052833
v 0.088937 -0.457500 -0.054097
v 0.095315 -0.457500 -0.055026
v 0.093812 -0.480200 -0.054854
v 0.101611 -0.457500 -0.055175
v 0.099884 -0.480200 -0.055214
v 0.105377 -0.480200 -0.054974
v 0.107017 -0.457500 -0.054781
v 0.115127 -0.457000 -0.053415
v 0.109541 -0.480200 -0.054397
v 0.111640 -0.457500 -0.053999
v 0.116182 -0.457500 -0.052833
v 0.114806 -0.480200 -0.053241
v 0.118912 -0.480200 -0.051926
v 0.125571 -0.480200 -0.049013
v 0.120610 -0.457500 -0.051291
v 0.124894 -0.457500 -0.049384
v 0.129003 -0.457500 -0.047125
v 0.132104 -0.457000 -0.045427
v 0.143748 -0.457000 -0.046562
v 0.126982 -0.457000 -0.057765
v 0.142732 -0.457000 -0.036121
v 0.132908 -0.457500 -0.044530
v 0.140001 -0.457500 -0.038408
v 0.136583 -0.457500 -0.041617
v 0.135389 -0.456984 -0.053196
v 0.134585 -0.444000 -0.054111
v 0.130221 -0.444500 -0.056207
v 0.139306 -0.444500 -0.050333
v 0.144476 -0.444500 -0.045922
v 0.148789 -0.444000 -0.041813
v 0.158568 -0.444000 -0.030630
v 0.153163 -0.444000 -0.039104
v 0.145579 -0.444000 -0.047477
v 0.159459 -0.444000 -0.024884
v 0.147980 -0.444500 -0.042311
v 0.151193 -0.444500 -0.038438
v 0.154093 -0.444500 -0.034326
v 0.156664 -0.444500 -0.030001
v 0.156232 -0.457000 -0.030727
v 0.150613 -0.457000 -0.039136
v 0.158889 -0.444500 -0.025489
v 0.160466 -0.457000 -0.021542
v 0.162254 -0.444500 -0.016013
v 0.162717 -0.457000 -0.014292
v 0.160756 -0.444500 -0.020817
v 0.164003 -0.457000 -0.006810
v 0.163371 -0.444500 -0.011108
v 0.164103 -0.444500 -0.006130
v 0.164451 -0.444000 -0.005504
v 0.165265 -0.444000 -0.011736
v 0.166357 -0.444000 0.002022
v 0.167003 -0.446000 0.014588
v 0.164370 -0.444000 0.016931
v 0.159077 -0.444000 0.031009
v 0.164745 -0.446000 0.023028
v 0.160920 -0.446000 0.031951
v 0.161687 -0.454639 0.030459
v 0.164705 -0.454900 0.023138
v 0.166715 -0.456078 0.015232
v 0.160650 -0.459307 0.029471
v 0.164044 -0.458090 0.023091
v 0.163030 -0.462443 0.018905
v 0.158770 -0.468686 0.024854
v 0.165300 -0.465378 0.007780
v 0.162314 -0.470720 0.011224
v 0.159727 -0.478032 0.013185
v 0.160098 -0.474827 0.019360
v 0.161648 -0.474831 0.008058
v 0.162778 -0.471721 0.006877
v 0.164001 -0.469604 0.004596
v 0.167241 -0.462146 0.008444
v 0.155213 -0.470844 0.006203
v 0.149999 -0.471162 0.006492
v 0.149999 -0.475187 0.007985
v 0.159371 -0.478931 0.007614
v 0.149844 -0.480252 0.006896
v 0.149997 -0.470967 0.024504
v 0.149999 -0.480200 0.024765
v 0.149714 -0.480788 0.024765
v 0.149612 -0.480200 0.026596
v 0.150508 -0.470668 0.024395
v 0.149782 -0.463850 0.026378
v 0.145971 -0.480717 0.031885
v 0.146749 -0.480200 0.031528
v 0.143119 -0.480200 0.036465
v 0.139455 -0.480200 0.040503
v 0.147421 -0.481000 0.028446
v 0.137019 -0.481000 0.041507
v 0.137435 -0.481000 0.026542
v 0.131268 -0.481000 0.033635
v 0.123491 -0.481000 0.043287
v 0.122066 -0.481000 0.040500
v 0.120768 -0.481000 0.042282
v 0.123899 -0.481000 0.046011
v 0.120153 -0.495000 0.042663
v 0.124171 -0.495000 0.045055
v 0.123422 -0.495000 0.043044
v 0.127999 -0.495000 0.035765
v 0.130742 -0.495759 0.055765
v 0.129969 -0.495372 0.035765
v 0.127999 -0.495000 0.055765
v 0.107976 -0.495000 0.036296
v 0.119628 -0.496996 0.035765
v 0.130989 -0.499410 0.030334
v 0.122545 -0.496902 0.032808
v 0.110134 -0.493258 0.035328
v 0.116806 -0.494027 0.032904
v 0.130752 -0.499857 0.035765
v 0.133665 -0.499365 0.035765
v 0.132215 -0.496784 0.035765
v 0.133999 -0.502867 0.035765
v 0.134314 -0.503352 0.033084
v 0.134196 -0.503183 0.055765
v 0.135745 -0.489000 0.055765
v 0.133924 -0.500333 0.055765
v 0.135276 -0.505396 0.055765
v 0.135817 -0.507416 0.055765
v 0.135999 -0.509500 0.055765
v 0.135999 -0.528000 0.055765
v 0.135999 -0.528611 0.049592
v 0.136920 -0.544000 0.055765
v 0.135057 -0.530716 0.055765
v 0.132920 -0.544000 0.055765
v 0.135072 -0.557308 0.055765
v 0.139452 -0.496919 0.055765
v 0.138409 -0.495693 0.055765
v 0.138937 -0.494301 0.055765
v 0.138473 -0.495024 0.039765
v 0.139418 -0.496791 0.039765
v 0.141094 -0.496735 0.055765
v 0.141368 -0.496327 0.039765
v 0.139999 -0.495500 0.038773
v 0.141304 -0.494747 0.039765
v 0.139524 -0.493973 0.039765
v 0.140870 -0.494254 0.055765
v 0.139766 -0.489133 0.055765
v 0.141593 -0.495743 0.055765
v 0.142835 -0.489402 0.049926
v 0.138821 -0.489000 0.050955
v 0.132766 -0.489000 0.055158
v 0.144411 -0.489000 0.046150
v 0.137943 -0.469152 0.051651
v 0.132250 -0.476681 0.055462
v 0.144183 -0.469361 0.046372
v 0.135729 -0.465106 0.054447
v 0.144087 -0.466179 0.047273
v 0.147362 -0.469231 0.043046
v 0.149193 -0.466100 0.041822
v 0.145655 -0.458634 0.050584
v 0.152958 -0.458753 0.042660
v 0.144127 -0.455187 0.052943
v 0.138292 -0.457200 0.056957
v 0.152420 -0.455550 0.044605
v 0.158393 -0.454900 0.036506
v 0.155519 -0.446000 0.040782
v 0.148849 -0.446000 0.048698
v 0.157507 -0.459043 0.035687
v 0.153069 -0.466100 0.036657
v 0.154133 -0.472082 0.033904
v 0.151013 -0.480432 0.038499
v 0.158021 -0.474780 0.026208
v 0.153116 -0.484368 0.034750
v 0.147140 -0.490661 0.043449
v 0.156794 -0.482088 0.024639
v 0.157527 -0.481709 0.017771
v 0.155522 -0.485267 0.023419
v 0.155872 -0.484567 -0.020944
v 0.156498 -0.483429 0.001182
v 0.144913 -0.482832 -0.001856
v 0.144907 -0.482676 0.003564
v 0.156962 -0.482639 -0.002419
v 0.157271 -0.482129 0.004849
v 0.149199 -0.481000 0.006355
v 0.144925 -0.481000 0.007817
v 0.144648 -0.486075 0.005885
v 0.141862 -0.481000 0.018250
v 0.142264 -0.483788 0.015703
v 0.139360 -0.487600 0.022571
v 0.137454 -0.484550 0.025675
v 0.143722 -0.487947 0.009556
v 0.140584 -0.487947 0.019371
v 0.131215 -0.487947 0.032105
v 0.134813 -0.488000 0.010899
v 0.127842 -0.488000 0.023992
v 0.131020 -0.488500 0.019031
v 0.133433 -0.488500 0.013979
v 0.127741 -0.490642 0.023640
v 0.118723 -0.488000 0.031942
v 0.123927 -0.488500 0.027662
v 0.123791 -0.493881 0.028105
v 0.119437 -0.488500 0.031008
v 0.114529 -0.488500 0.033702
v 0.109230 -0.488500 0.035511
v 0.108354 -0.488000 0.036159
v 0.112994 -0.488000 0.043131
v 0.103732 -0.488500 0.036571
v 0.094420 -0.488000 0.036591
v 0.090769 -0.488500 0.035511
v 0.100238 -0.491024 0.036733
v 0.094490 -0.493585 0.036477
v 0.087550 -0.493585 0.034695
v 0.091076 -0.495000 0.036241
v 0.079729 -0.497028 0.035765
v 0.071332 -0.495075 0.035765
v 0.081119 -0.495000 0.044066
v 0.079694 -0.495000 0.042461
v 0.104124 -0.495000 0.044085
v 0.110343 -0.495000 0.046300
v 0.108022 -0.495000 0.046721
v 0.101510 -0.495000 0.049590
v 0.100008 -0.495000 0.048244
v 0.092807 -0.495000 0.047236
v 0.091147 -0.495000 0.046207
v 0.106767 -0.495000 0.049404
v 0.101602 -0.495000 0.055765
v 0.118898 -0.495000 0.045345
v 0.120756 -0.495000 0.047326
v 0.122203 -0.481000 0.047326
v 0.119546 -0.481000 0.046577
v 0.111797 -0.495000 0.047923
v 0.123301 -0.495000 0.046803
v 0.111047 -0.481000 0.050727
v 0.111769 -0.495000 0.050069
v 0.111575 -0.481000 0.047479
v 0.109101 -0.481000 0.046254
v 0.114409 -0.481000 0.043872
v 0.118877 -0.481000 0.044129
v 0.113572 -0.481500 0.043636
v 0.103131 -0.481000 0.046024
v 0.116203 -0.486075 0.042671
v 0.123995 -0.484550 0.038762
v 0.117579 -0.487894 0.041764
v 0.107739 -0.487600 0.045055
v 0.105904 -0.487894 0.045146
v 0.102016 -0.483025 0.045679
v 0.108836 -0.481500 0.044885
v 0.092731 -0.481000 0.045545
v 0.095159 -0.484587 0.045402
v 0.087568 -0.484550 0.043988
v 0.081677 -0.482013 0.042091
v 0.080676 -0.481000 0.043177
v 0.078271 -0.481000 0.042195
v 0.076944 -0.495000 0.042709
v 0.076261 -0.495000 0.045961
v 0.076821 -0.481000 0.046669
v 0.079243 -0.495000 0.047326
v 0.071999 -0.495000 0.055765
v 0.067748 -0.489000 0.055461
v 0.070030 -0.495372 0.055765
v 0.077448 -0.488831 0.055765
v 0.098538 -0.495000 0.050532
v 0.091155 -0.495000 0.051568
v 0.089673 -0.495000 0.051385
v 0.099079 -0.489000 0.055765
v 0.070434 -0.486750 0.055765
v 0.070516 -0.484106 0.056931
v 0.074117 -0.486313 0.057913
v 0.082750 -0.488092 0.059229
v 0.093572 -0.488956 0.059061
v 0.093877 -0.488403 0.061158
v 0.081385 -0.485788 0.061000
v 0.093873 -0.485883 0.063401
v 0.099557 -0.484000 0.064246
v 0.107025 -0.485453 0.063509
v 0.092578 -0.476680 0.063774
v 0.086246 -0.484000 0.062739
v 0.103003 -0.487500 0.062553
v 0.114713 -0.487595 0.060802
v 0.111184 -0.488886 0.058663
v 0.121270 -0.488939 0.055765
v 0.119998 -0.488588 0.057594
v 0.126270 -0.486360 0.057712
v 0.129870 -0.487354 0.055765
v 0.127436 -0.480340 0.058013
v 0.126791 -0.468165 0.058413
v 0.119446 -0.485788 0.060737
v 0.121449 -0.476681 0.060493
v 0.113753 -0.484000 0.062739
v 0.115664 -0.468943 0.062305
v 0.108219 -0.468762 0.063716
v 0.120042 -0.462120 0.063558
v 0.107209 -0.484000 0.063818
v 0.127552 -0.456771 0.063099
v 0.116876 -0.455550 0.067010
v 0.128798 -0.461218 0.060500
v 0.110401 -0.461159 0.066254
v 0.099999 -0.458634 0.068387
v 0.105302 -0.465910 0.064626
v 0.108608 -0.455342 0.068587
v 0.097418 -0.455550 0.069053
v 0.117921 -0.446000 0.066815
v 0.110329 -0.446000 0.068469
v 0.102589 -0.446000 0.069154
v 0.092245 -0.446000 0.068763
v 0.100001 -0.444000 0.067134
v 0.111263 -0.444000 0.066256
v 0.122172 -0.444000 0.063321
v 0.107517 -0.444000 0.065083
v 0.122214 -0.444000 0.061799
v 0.135583 -0.444000 0.054868
v 0.129114 -0.444500 0.058319
v 0.124538 -0.444500 0.060415
v 0.119812 -0.444500 0.062146
v 0.114965 -0.444500 0.063504
v 0.122307 -0.457000 0.061232
v 0.112573 -0.457000 0.063977
v 0.131491 -0.457000 0.056997
v 0.133514 -0.444500 0.055874
v 0.137709 -0.444500 0.053093
v 0.141674 -0.444500 0.049993
v 0.145386 -0.444500 0.046593
v 0.147243 -0.444000 0.045337
v 0.142821 -0.444000 0.051580
v 0.150750 -0.444000 0.043534
v 0.141060 -0.446000 0.055518
v 0.134667 -0.444000 0.057458
v 0.132333 -0.446000 0.061084
v 0.128729 -0.454900 0.062895
v 0.134811 -0.454639 0.059737
v 0.125308 -0.446000 0.064405
v 0.122114 -0.454639 0.065579
v 0.110028 -0.444500 0.064480
v 0.105029 -0.444500 0.065068
v 0.099999 -0.444500 0.065265
v 0.094970 -0.444500 0.065068
v 0.089971 -0.444500 0.064480
v 0.085034 -0.444500 0.063504
v 0.082505 -0.457000 0.062795
v 0.086265 -0.444000 0.065782
v 0.077134 -0.446000 0.065271
v 0.084579 -0.446000 0.067494
v 0.088693 -0.454900 0.068274
v 0.082022 -0.454639 0.066843
v 0.085387 -0.457471 0.067143
v 0.076102 -0.455474 0.064811
v 0.075724 -0.458753 0.063787
v 0.068335 -0.454900 0.061456
v 0.067742 -0.458818 0.059926
v 0.076306 -0.465367 0.060558
v 0.068538 -0.466220 0.056527
v 0.060263 -0.459744 0.054701
v 0.062680 -0.467230 0.052426
v 0.054286 -0.466684 0.045346
v 0.052243 -0.461039 0.046963
v 0.047443 -0.461940 0.040677
v 0.042336 -0.458329 0.036281
v 0.048926 -0.468943 0.038489
v 0.052294 -0.469361 0.042675
v 0.056662 -0.469231 0.047130
v 0.054314 -0.489262 0.044824
v 0.061178 -0.489000 0.050955
v 0.057073 -0.489471 0.050331
v 0.053784 -0.492042 0.046809
v 0.050682 -0.497182 0.041486
v 0.051705 -0.494922 0.055765
v 0.055664 -0.490954 0.055765
v 0.060233 -0.489133 0.055765
v 0.059340 -0.494244 0.055765
v 0.058499 -0.496018 0.055765
v 0.050255 -0.498763 0.055765
v 0.050000 -0.501000 0.055765
v 0.059808 -0.497008 0.055765
v 0.058626 -0.496042 0.039765
v 0.060443 -0.496951 0.039765
v 0.058761 -0.494468 0.039765
v 0.060000 -0.495500 0.038773
v 0.060630 -0.494120 0.039765
v 0.061596 -0.495404 0.039765
v 0.061318 -0.494590 0.055765
v 0.061497 -0.496068 0.055765
v 0.066334 -0.499365 0.055765
v 0.067784 -0.496784 0.055765
v 0.068827 -0.495952 0.035765
v 0.066951 -0.497828 0.035765
v 0.066075 -0.500333 0.035765
v 0.069247 -0.499856 0.035765
v 0.066000 -0.502867 0.035765
v 0.066414 -0.502241 0.032439
v 0.069510 -0.498837 0.029817
v 0.077113 -0.497090 0.032721
v 0.066216 -0.498902 0.021593
v 0.072641 -0.495325 0.025496
v 0.068475 -0.493574 0.018419
v 0.073117 -0.490607 0.024593
v 0.081154 -0.493765 0.031644
v 0.077531 -0.488500 0.028830
v 0.083802 -0.488500 0.032860
v 0.068116 -0.488500 0.017374
v 0.066023 -0.490778 0.012680
v 0.064229 -0.496551 0.007990
v 0.064461 -0.489500 0.006232
v 0.064079 -0.488500 -0.000639
v 0.063681 -0.488000 -0.001105
v 0.065141 -0.488500 -0.008016
v 0.065597 -0.498849 -0.009538
v 0.064242 -0.497857 -0.002739
v 0.066882 -0.488500 -0.013337
v 0.067468 -0.500997 -0.014222
v 0.068523 -0.488500 -0.016695
v 0.070132 -0.501691 -0.019275
v 0.071652 -0.488500 -0.021337
v 0.075392 -0.488500 -0.025502
v 0.070510 -0.505372 -0.018549
v 0.071586 -0.509840 -0.015077
v 0.066177 -0.503221 -0.006238
v 0.064900 -0.502867 0.005284
v 0.066720 -0.504917 0.001725
v 0.069787 -0.508240 -0.007754
v 0.081210 -0.520489 -0.020809
v 0.086685 -0.525414 -0.026120
v 0.079214 -0.518066 -0.021866
v 0.088561 -0.528307 -0.022641
v 0.092347 -0.530166 -0.025639
v 0.067007 -0.505733 0.004504
v 0.066673 -0.506586 0.006845
v 0.067455 -0.509759 0.009349
v 0.064760 -0.507919 0.012314
v 0.064580 -0.518753 0.017803
v 0.066117 -0.513390 0.013063
v 0.064001 -0.505703 0.015599
v 0.064218 -0.507350 0.032583
v 0.064000 -0.509366 0.032361
v 0.064579 -0.502778 0.021022
v 0.064030 -0.523557 0.020693
v 0.065083 -0.531724 0.017999
v 0.064172 -0.538462 0.021147
v 0.063999 -0.541739 0.025150
v 0.064848 -0.550015 0.025284
v 0.063999 -0.558717 0.034487
v 0.064117 -0.558345 0.032107
v 0.065615 -0.561003 0.029862
v 0.064216 -0.563300 0.038077
v 0.065029 -0.574742 0.044858
v 0.065961 -0.566356 0.036501
v 0.069755 -0.562575 0.027612
v 0.069587 -0.567958 0.034726
v 0.071223 -0.572717 0.037480
v 0.076269 -0.565919 0.030253
v 0.073841 -0.561070 0.026002
v 0.077726 -0.569625 0.030568
v 0.081583 -0.568207 0.028353
v 0.077760 -0.574220 0.030932
v 0.086819 -0.571174 0.027846
v 0.084911 -0.568551 0.027774
v 0.096518 -0.569658 0.027765
v 0.103484 -0.569610 0.027765
v 0.087309 -0.570892 0.017265
v 0.098835 -0.569387 0.017265
v 0.094185 -0.569680 0.017265
v 0.090704 -0.570043 0.004765
v 0.095335 -0.569458 0.004765
v 0.084455 -0.571496 0.004765
v 0.080610 -0.572864 0.017265
v 0.079481 -0.573176 0.004765
v 0.076262 -0.574556 0.017265
v 0.075216 -0.575075 0.004765
v 0.072124 -0.576719 0.017265
v 0.070640 -0.577647 0.004765
v 0.068182 -0.579221 0.017265
v 0.072249 -0.576936 0.017265
v 0.064463 -0.582044 0.017265
v 0.068325 -0.579426 0.017265
v 0.071255 -0.577538 0.037602
v 0.066127 -0.581068 0.043529
v 0.064311 -0.582498 0.017265
v 0.064184 -0.582604 0.047514
v 0.061168 -0.585347 0.017265
v 0.060993 -0.585168 0.017265
v 0.057797 -0.588572 0.017265
v 0.054897 -0.592231 0.017265
v 0.057986 -0.588735 0.017265
v 0.052939 -0.595134 0.004765
v 0.076369 -0.574782 0.017265
v 0.105809 -0.569728 0.017265
v 0.110390 -0.570531 0.027765
v 0.117658 -0.572421 0.028321
v 0.118379 -0.568185 0.028269
v 0.122617 -0.569902 0.030877
v 0.122531 -0.574287 0.030811
v 0.121507 -0.573837 0.017265
v 0.125518 -0.566718 0.031137
v 0.129541 -0.573172 0.038315
v 0.134048 -0.572745 0.042275
v 0.130887 -0.568795 0.036165
v 0.135107 -0.564507 0.037346
v 0.135801 -0.558616 0.031972
v 0.135900 -0.573445 0.047031
v 0.135999 -0.558817 0.045581
v 0.134632 -0.550055 0.045406
v 0.135999 -0.560000 0.055765
v 0.135999 -0.550773 0.042810
v 0.135968 -0.548268 0.027417
v 0.134875 -0.557036 0.049855
v 0.128227 -0.552110 0.047775
v 0.129952 -0.554565 0.050285
v 0.131630 -0.555170 0.055765
v 0.131036 -0.549929 0.055765
v 0.127201 -0.552915 0.055765
v 0.126350 -0.551705 0.050765
v 0.125999 -0.547000 0.055765
v 0.131496 -0.540326 0.055765
v 0.126209 -0.537052 0.055765
v 0.131993 -0.547862 0.055765
v 0.126097 -0.544750 0.050100
v 0.126401 -0.536633 0.049903
v 0.127994 -0.545500 0.046979
v 0.130609 -0.549085 0.045786
v 0.129533 -0.535672 0.047144
v 0.130284 -0.538757 0.045851
v 0.131733 -0.537894 0.055765
v 0.132133 -0.540430 0.045764
v 0.132166 -0.537491 0.045787
v 0.134412 -0.536930 0.045476
v 0.133532 -0.538814 0.045714
v 0.132741 -0.547712 0.045755
v 0.133625 -0.549582 0.045691
v 0.133522 -0.539274 0.055765
v 0.132118 -0.550483 0.045785
v 0.133430 -0.549646 0.055765
v 0.135778 -0.529375 0.050292
v 0.132019 -0.532772 0.050075
v 0.135814 -0.543720 0.043798
v 0.129803 -0.533450 0.055765
v 0.127740 -0.534453 0.050386
v 0.137136 -0.583755 0.055765
v 0.135999 -0.582760 0.055765
v 0.135967 -0.582732 0.048324
v 0.135519 -0.582356 0.046159
v 0.134700 -0.554613 0.026429
v 0.071393 -0.551713 0.020765
v 0.069643 -0.538145 0.014627
v 0.067749 -0.551076 0.021907
v 0.066427 -0.538990 0.016998
v 0.067740 -0.530657 0.014997
v 0.072619 -0.532594 0.013886
v 0.070314 -0.522703 0.013497
v 0.067260 -0.519948 0.014352
v 0.068892 -0.515647 0.011895
v 0.064000 -0.509500 0.055765
v 0.064452 -0.506406 0.055765
v 0.065803 -0.503183 0.055765
v 0.065195 -0.504263 0.033285
v 0.063614 -0.469361 0.052725
v 0.067997 -0.469361 0.055604
v 0.076625 -0.468774 0.059772
v 0.086047 -0.468683 0.062750
v 0.085006 -0.465519 0.063249
v 0.078856 -0.480340 0.060596
v 0.091255 -0.458329 0.067941
v 0.095707 -0.464677 0.065284
v 0.101434 -0.469022 0.064256
v 0.092948 -0.468683 0.063908
v 0.088138 -0.481000 0.049129
v 0.088138 -0.495000 0.049129
v 0.089673 -0.481000 0.051385
v 0.093666 -0.481000 0.055479
v 0.092348 -0.481000 0.050727
v 0.093388 -0.481000 0.048611
v 0.092906 -0.495000 0.049988
v 0.098444 -0.495000 0.049381
v 0.098800 -0.481000 0.048702
v 0.098444 -0.481000 0.050148
v 0.099481 -0.481000 0.051266
v 0.100195 -0.495000 0.051175
v 0.101256 -0.481000 0.050424
v 0.108373 -0.481000 0.051385
v 0.100714 -0.481000 0.048423
v 0.106767 -0.481000 0.049404
v 0.107192 -0.481000 0.047236
v 0.108373 -0.495000 0.051385
v 0.110326 -0.495000 0.051385
v 0.091977 -0.481000 0.046721
v 0.089227 -0.481000 0.046566
v 0.089227 -0.495000 0.046566
v 0.080939 -0.495000 0.046011
v 0.079496 -0.481000 0.047326
v 0.081098 -0.481000 0.045281
v 0.091900 -0.480750 0.055824
v 0.103244 -0.480788 0.056231
v 0.132373 -0.485313 0.031861
v 0.129215 -0.496114 0.024707
v 0.135247 -0.488500 0.007926
v 0.136174 -0.488000 -0.002976
v 0.134563 -0.488500 -0.009184
v 0.144839 -0.487747 -0.001245
v 0.144300 -0.484550 -0.006887
v 0.142304 -0.484550 -0.014312
v 0.144682 -0.481000 -0.007307
v 0.141526 -0.481000 -0.017713
v 0.138909 -0.483025 -0.021744
v 0.158120 -0.480737 -0.015238
v 0.156156 -0.480576 -0.027302
v 0.153590 -0.480029 -0.033173
v 0.157676 -0.472862 -0.025698
v 0.154472 -0.468594 -0.031923
v 0.158675 -0.465791 -0.025178
v 0.155594 -0.460317 -0.036135
v 0.161797 -0.457900 -0.027171
v 0.162436 -0.454900 -0.027338
v 0.158210 -0.455263 -0.035111
v 0.153281 -0.455474 -0.042072
v 0.155519 -0.446000 -0.039252
v 0.160920 -0.446000 -0.030421
v 0.164745 -0.446000 -0.021498
v 0.162633 -0.444000 -0.021437
v 0.166425 -0.446000 -0.015916
v 0.148849 -0.446000 -0.047168
v 0.147858 -0.455474 -0.048101
v 0.141060 -0.446000 -0.053988
v 0.132333 -0.446000 -0.059554
v 0.133547 -0.444000 -0.056501
v 0.136770 -0.454639 -0.057005
v 0.142434 -0.455317 -0.052900
v 0.142140 -0.458481 -0.052190
v 0.135083 -0.457471 -0.057414
v 0.128402 -0.455474 -0.061431
v 0.125308 -0.446000 -0.062875
v 0.123753 -0.454639 -0.063444
v 0.114023 -0.455057 -0.066195
v 0.117921 -0.446000 -0.065286
v 0.110329 -0.446000 -0.066939
v 0.121012 -0.444000 -0.062278
v 0.111263 -0.444000 -0.064726
v 0.102589 -0.446000 -0.067625
v 0.101257 -0.444000 -0.065676
v 0.100315 -0.444000 -0.063997
v 0.119771 -0.444000 -0.060899
v 0.111259 -0.444500 -0.062734
v 0.116177 -0.444500 -0.061663
v 0.120995 -0.444500 -0.060212
v 0.125686 -0.444500 -0.058389
v 0.117494 -0.457000 -0.061266
v 0.107575 -0.457000 -0.063239
v 0.103762 -0.444500 -0.063564
v 0.091222 -0.444000 -0.065105
v 0.084579 -0.446000 -0.065964
v 0.092245 -0.446000 -0.067233
v 0.098461 -0.455057 -0.067641
v 0.090222 -0.455925 -0.066810
v 0.079612 -0.455474 -0.064453
v 0.077134 -0.446000 -0.063741
v 0.069611 -0.455550 -0.060473
v 0.063514 -0.455914 -0.056992
v 0.067666 -0.446000 -0.059554
v 0.061012 -0.446000 -0.055543
v 0.056723 -0.455133 -0.052179
v 0.054915 -0.446000 -0.050726
v 0.049272 -0.454900 -0.045215
v 0.048064 -0.446000 -0.043848
v 0.051834 -0.444000 -0.044741
v 0.042661 -0.444000 -0.032824
v 0.042847 -0.446000 -0.036840
v 0.044925 -0.455550 -0.039739
v 0.040287 -0.455133 -0.032555
v 0.037898 -0.446000 -0.028114
v 0.035905 -0.454639 -0.023345
v 0.035072 -0.446000 -0.020876
v 0.038251 -0.444000 -0.023791
v 0.035253 -0.444000 -0.014197
v 0.033737 -0.444000 -0.004261
v 0.032991 -0.446000 -0.013390
v 0.031904 -0.446000 -0.006349
v 0.031771 -0.455550 -0.002825
v 0.033300 -0.455095 -0.014228
v 0.031573 -0.446000 0.002060
v 0.031745 -0.455474 0.005197
v 0.035989 -0.459095 -0.019600
v 0.032675 -0.458634 -0.005661
v 0.033785 -0.458873 -0.012404
v 0.036818 -0.465519 -0.010783
v 0.035395 -0.464832 0.000574
v 0.039211 -0.468806 -0.017793
v 0.043194 -0.468374 -0.027695
v 0.038453 -0.458389 -0.026973
v 0.043569 -0.465340 -0.030140
v 0.048727 -0.478391 -0.036564
v 0.047734 -0.468526 -0.035387
v 0.053943 -0.468957 -0.042849
v 0.049260 -0.463683 -0.040047
v 0.043458 -0.458873 -0.035961
v 0.052530 -0.457861 -0.047640
v 0.053506 -0.465671 -0.043562
v 0.104936 -0.455474 -0.067432
v 0.140604 -0.465367 -0.049113
v 0.149803 -0.458634 -0.044941
v 0.145978 -0.463683 -0.045372
v 0.151613 -0.465791 -0.037333
v 0.144686 -0.468450 -0.044436
v 0.149355 -0.469022 -0.039177
v 0.148537 -0.485395 -0.040083
v 0.147025 -0.489627 -0.040706
v 0.143096 -0.486796 -0.045751
v 0.140954 -0.477681 -0.047762
v 0.138562 -0.488951 -0.049063
v 0.136387 -0.486000 -0.051254
v 0.137118 -0.468943 -0.050783
v 0.144661 -0.493837 -0.040015
v 0.144295 -0.495000 -0.038638
v 0.147986 -0.494353 0.044551
v 0.148294 -0.494922 0.055765
v 0.145595 -0.491751 0.052094
v 0.133048 -0.497828 0.055765
v 0.151612 -0.457500 0.022461
v 0.152748 -0.470200 0.019458
v 0.154187 -0.460675 0.014692
v 0.153628 -0.470868 0.014083
v 0.155474 -0.463850 0.008287
v 0.167921 -0.451486 0.009788
v 0.136316 -0.480200 -0.041839
v 0.130804 -0.480200 -0.045975
v 0.140816 -0.480200 -0.037522
v 0.143139 -0.457500 -0.034923
v 0.144856 -0.480200 -0.032730
v 0.145974 -0.457500 -0.031188
v 0.086683 -0.480200 -0.053611
v 0.087124 -0.480733 -0.053339
v 0.082504 -0.480200 -0.052431
v 0.077504 -0.480200 -0.050498
v 0.038433 -0.444500 -0.018450
v 0.073487 -0.495000 -0.043158
v 0.073080 -0.495000 -0.040465
v 0.074523 -0.495000 -0.039150
v 0.071517 -0.495053 -0.030806
v 0.078373 -0.495120 -0.035771
v 0.064770 -0.495366 -0.022602
v 0.058714 -0.495015 -0.016971
v 0.075286 -0.495800 -0.033148
v 0.070480 -0.495800 -0.029086
v 0.060085 -0.495000 -0.023735
v 0.058040 -0.495000 -0.026314
v 0.055468 -0.495000 -0.025310
v 0.049998 -0.495000 -0.026458
v 0.055421 -0.495000 -0.022408
v 0.049998 -0.495000 -0.009308
v 0.058040 -0.495000 -0.021156
v 0.057814 -0.481000 -0.021043
v 0.048389 -0.493192 -0.006639
v 0.055278 -0.495265 -0.012964
v 0.050273 -0.497017 -0.007520
v 0.056153 -0.501225 -0.013274
v 0.060415 -0.499983 -0.017326
v 0.064652 -0.511319 -0.021512
v 0.066300 -0.501158 -0.024264
v 0.069055 -0.515532 -0.026697
v 0.071918 -0.513906 -0.030374
v 0.075424 -0.517555 -0.032917
v 0.078086 -0.508207 -0.034983
v 0.080494 -0.519994 -0.035957
v 0.084629 -0.506926 -0.038286
v 0.087453 -0.495566 -0.039375
v 0.085834 -0.520682 -0.038420
v 0.088783 -0.518784 -0.039706
v 0.091805 -0.495800 -0.040427
v 0.085423 -0.527516 -0.035001
v 0.088808 -0.535344 -0.027864
v 0.092135 -0.530521 -0.035346
v 0.081463 -0.527098 -0.032472
v 0.074030 -0.520866 -0.029961
v 0.076230 -0.525401 -0.027936
v 0.081558 -0.531548 -0.025559
v 0.077219 -0.527885 -0.022725
v 0.086797 -0.536160 -0.022774
v 0.082988 -0.533731 -0.016592
v 0.086800 -0.536474 -0.007981
v 0.088703 -0.537274 -0.017705
v 0.081774 -0.532791 -0.007981
v 0.071143 -0.521798 -0.006443
v 0.070597 -0.520838 -0.014681
v 0.076259 -0.527950 -0.004753
v 0.056948 -0.505328 -0.012321
v 0.068152 -0.517571 -0.022576
v 0.060046 -0.509535 -0.007868
v 0.052862 -0.501704 -0.005602
v 0.050980 -0.499298 0.002396
v 0.048374 -0.494459 -0.000790
v 0.046722 -0.490273 -0.003520
v 0.047736 -0.493083 0.016487
v 0.045801 -0.488030 0.026219
v 0.092221 -0.538143 -0.023919
v 0.095865 -0.535707 -0.030887
v 0.098976 -0.539028 -0.024245
v 0.076476 -0.495000 -0.039150
v 0.077919 -0.495000 -0.040465
v 0.077919 -0.481000 -0.040465
v 0.078099 -0.495000 -0.042410
v 0.076674 -0.495000 -0.044015
v 0.077511 -0.481000 -0.043189
v 0.073208 -0.495000 -0.052045
v 0.083092 -0.492898 -0.057949
v 0.083451 -0.489466 -0.059864
v 0.075622 -0.487311 -0.057658
v 0.094355 -0.491603 -0.060867
v 0.098669 -0.488107 -0.062423
v 0.164528 -0.468929 -0.001735
v 0.133420 -0.503131 -0.024606
v 0.132846 -0.514561 -0.024003
v 0.128932 -0.516288 -0.029140
v 0.123106 -0.518413 -0.033793
v 0.129988 -0.519186 -0.024928
v 0.123057 -0.523471 -0.031352
v 0.115878 -0.520935 -0.037705
v 0.151551 -0.593535 0.004265
v 0.150370 -0.595903 0.022265
v 0.150677 -0.594046 0.022265
v 0.152220 -0.593598 0.022265
v 0.151744 -0.595125 0.023256
v 0.151648 -0.596721 0.022265
v 0.153271 -0.594649 0.022265
v 0.153003 -0.596111 0.022265
v 0.152944 -0.594063 0.004265
v 0.149592 -0.594667 0.004265
v 0.146435 -0.594148 0.010265
v 0.142165 -0.588604 0.010265
v 0.147644 -0.596145 0.004265
v 0.149892 -0.600233 0.010265
v 0.151789 -0.604495 0.004265
v 0.150507 -0.596842 0.004265
v 0.152424 -0.597218 -0.007735
v 0.152424 -0.597218 0.004265
v 0.150118 -0.596307 -0.007735
v 0.144179 -0.592325 -0.007735
v 0.149066 -0.600261 -0.007735
v 0.151858 -0.606677 -0.007735
v 0.150507 -0.593408 -0.007735
v 0.149829 -0.585718 -0.007735
v 0.140809 -0.584190 -0.007735
v 0.153090 -0.593631 -0.007735
v 0.153767 -0.595903 -0.007735
v 0.154330 -0.592132 -0.007735
v 0.153761 -0.595067 0.004265
v 0.155748 -0.610063 0.004265
v 0.154142 -0.591821 0.004265
v 0.157622 -0.598436 0.004265
v 0.157622 -0.598436 -0.007735
v 0.160391 -0.605377 0.004265
v 0.162231 -0.612621 0.004265
v 0.159331 -0.623033 0.004265
v 0.161068 -0.607777 -0.007735
v 0.163011 -0.617542 -0.007735
v 0.155373 -0.610063 -0.007735
v 0.159978 -0.622896 -0.007735
v 0.157678 -0.624567 -0.007735
v 0.161824 -0.624509 -0.007735
v 0.161824 -0.624509 0.004265
v 0.163401 -0.622509 0.004265
v 0.163304 -0.629982 0.004265
v 0.161385 -0.626473 0.004265
v 0.160567 -0.626837 -0.007735
v 0.162231 -0.637379 0.004265
v 0.159536 -0.627106 0.004265
v 0.155748 -0.639938 0.004265
v 0.158114 -0.626473 -0.007735
v 0.157681 -0.625448 0.004265
v 0.155373 -0.639938 -0.007735
v 0.152202 -0.652722 -0.007735
v 0.153819 -0.654384 -0.007735
v 0.157622 -0.651564 -0.007735
v 0.162231 -0.637379 -0.007735
v 0.160391 -0.644623 -0.007735
v 0.154801 -0.629664 -0.007735
v 0.154208 -0.634295 -0.007735
v 0.152541 -0.641091 -0.007735
v 0.154999 -0.625000 -0.007735
v 0.154999 -0.625000 -0.027735
v 0.154801 -0.620336 -0.007735
v 0.154801 -0.620336 -0.027735
v 0.153211 -0.622598 -0.027735
v 0.153716 -0.613423 -0.027735
v 0.153225 -0.611141 -0.007735
v 0.154208 -0.615705 -0.007735
v 0.147916 -0.612250 -0.027735
v 0.151858 -0.606677 -0.027735
v 0.144660 -0.602422 -0.027735
v 0.150117 -0.602345 -0.027735
v 0.148015 -0.598177 -0.027735
v 0.147387 -0.598963 -0.027735
v 0.145395 -0.598278 -0.032035
v 0.146448 -0.601374 -0.031885
v 0.145567 -0.594201 -0.027735
v 0.144316 -0.596325 -0.027735
v 0.136349 -0.583725 -0.027735
v 0.140896 -0.599572 -0.027735
v 0.142082 -0.597259 -0.031885
v 0.141249 -0.588696 -0.027735
v 0.140275 -0.587555 -0.007735
v 0.136337 -0.583713 -0.007735
v 0.132704 -0.580780 -0.007735
v 0.130770 -0.579473 -0.027735
v 0.128224 -0.581406 -0.027735
v 0.124761 -0.575889 -0.027735
v 0.127892 -0.579130 -0.030848
v 0.124577 -0.579366 -0.032035
v 0.126489 -0.583827 -0.031885
v 0.124132 -0.578232 -0.027735
v 0.115785 -0.586225 -0.027735
v 0.123097 -0.583044 -0.027735
v 0.122586 -0.581777 -0.031885
v 0.118306 -0.573189 -0.027735
v 0.112749 -0.580250 -0.027735
v 0.112749 -0.573916 -0.027735
v 0.102779 -0.572999 -0.027735
v 0.109286 -0.570840 -0.027735
v 0.100583 -0.570037 -0.027735
v 0.093013 -0.570446 -0.027735
v 0.097665 -0.570050 -0.007735
v 0.098225 -0.571706 -0.030848
v 0.097420 -0.572591 -0.027735
v 0.098743 -0.576662 -0.031885
v 0.098111 -0.576890 -0.027735
v 0.087249 -0.577083 -0.027735
v 0.086153 -0.571823 -0.027735
v 0.079492 -0.573966 -0.027735
v 0.081693 -0.573189 -0.007735
v 0.088412 -0.571234 -0.007735
v 0.093013 -0.570446 -0.007735
v 0.075238 -0.575889 -0.027735
v 0.075238 -0.575889 -0.007735
v 0.072141 -0.573313 -0.007735
v 0.070805 -0.571162 -0.007735
v 0.070805 -0.575348 -0.007735
v 0.070746 -0.575167 0.004265
v 0.068547 -0.574666 -0.007735
v 0.068498 -0.572073 -0.007735
v 0.065350 -0.582361 -0.007735
v 0.061046 -0.574792 -0.007735
v 0.071163 -0.578166 -0.007735
v 0.071163 -0.578166 -0.027735
v 0.067295 -0.580780 -0.027735
v 0.071399 -0.582037 -0.027735
v 0.071682 -0.578985 -0.027735
v 0.063662 -0.583713 -0.027735
v 0.060290 -0.586945 -0.027735
v 0.055819 -0.592325 -0.027735
v 0.057509 -0.597194 -0.027735
v 0.070120 -0.595834 -0.027735
v 0.075113 -0.583834 -0.027735
v 0.080542 -0.587931 -0.027735
v 0.058750 -0.588696 -0.007735
v 0.053208 -0.596189 -0.007735
v 0.049727 -0.593489 -0.007735
v 0.050372 -0.595456 -0.007735
v 0.048247 -0.597242 -0.007735
v 0.049012 -0.604511 -0.007735
v 0.042471 -0.598011 -0.007735
v 0.046239 -0.595772 -0.007735
v 0.047249 -0.596866 0.004265
v 0.042110 -0.598794 0.004265
v 0.046102 -0.594667 0.004265
v 0.045857 -0.591821 0.004265
v 0.047249 -0.593384 -0.007735
v 0.048044 -0.593125 0.004265
v 0.047242 -0.589749 -0.007735
v 0.053406 -0.581929 -0.007735
v 0.038931 -0.607777 0.004265
v 0.038931 -0.607777 -0.007735
v 0.046282 -0.613423 -0.007735
v 0.037281 -0.615066 -0.007735
v 0.040871 -0.623088 -0.007735
v 0.040242 -0.622883 0.004265
v 0.042367 -0.625331 -0.007735
v 0.038469 -0.623706 -0.007735
v 0.036597 -0.622509 -0.007735
v 0.042367 -0.624669 0.004265
v 0.045198 -0.620336 -0.007735
v 0.044999 -0.625000 -0.027735
v 0.045198 -0.620336 -0.027735
v 0.045099 -0.627332 -0.007735
v 0.046282 -0.636577 -0.007735
v 0.046282 -0.636577 -0.027735
v 0.045198 -0.629664 -0.027735
v 0.040242 -0.627116 -0.007735
v 0.038234 -0.625647 -0.007735
v 0.036988 -0.632458 -0.007735
v 0.038931 -0.642223 -0.007735
v 0.038469 -0.626294 0.004265
v 0.040871 -0.626912 0.004265
v 0.037281 -0.634934 0.004265
v 0.038931 -0.642223 0.004265
v 0.036597 -0.627491 0.004265
v 0.036988 -0.617542 0.004265
v 0.038234 -0.624353 0.004265
v 0.042108 -0.651200 -0.007735
v 0.047836 -0.652908 -0.007735
v 0.045857 -0.658179 -0.007735
v 0.046138 -0.654867 -0.007735
v 0.048141 -0.643323 -0.007735
v 0.049882 -0.647654 -0.027735
v 0.050933 -0.649739 -0.007735
v 0.048141 -0.643323 -0.027735
v 0.051984 -0.651823 -0.027735
v 0.050329 -0.654384 -0.007735
v 0.048041 -0.656981 -0.007735
v 0.046348 -0.653775 0.004265
v 0.046760 -0.656220 0.004265
v 0.050170 -0.664282 0.004265
v 0.049150 -0.656886 0.004265
v 0.045857 -0.658179 0.004265
v 0.056929 -0.671593 -0.007735
v 0.055098 -0.669901 0.004265
v 0.060717 -0.674829 0.004265
v 0.064748 -0.677758 -0.007735
v 0.066821 -0.679143 0.004265
v 0.073435 -0.682623 -0.007735
v 0.070124 -0.678756 0.004265
v 0.068212 -0.677366 -0.007735
v 0.070942 -0.678582 -0.007735
v 0.082298 -0.686029 -0.007735
v 0.080377 -0.685392 0.004265
v 0.098033 -0.684332 -0.007735
v 0.087621 -0.687232 0.004265
v 0.090066 -0.687718 -0.007735
v 0.097508 -0.688402 -0.007735
v 0.107457 -0.688011 -0.007735
v 0.099789 -0.686750 -0.007735
v 0.097508 -0.688402 0.004265
v 0.098033 -0.685168 0.004265
v 0.100621 -0.686662 0.004265
v 0.107457 -0.688011 0.004265
v 0.102117 -0.684419 0.004265
v 0.117223 -0.686069 0.004265
v 0.124300 -0.683666 0.004265
v 0.099789 -0.682750 0.004265
v 0.101166 -0.680689 0.004265
v 0.096502 -0.680591 0.010265
v 0.102334 -0.679950 0.010265
v 0.097665 -0.679950 0.010265
v 0.093013 -0.679554 0.010265
v 0.106985 -0.679554 0.010265
v 0.102334 -0.679950 0.040665
v 0.106985 -0.679554 0.040665
v 0.111587 -0.678766 0.040665
v 0.048711 -0.627940 -0.027735
v 0.045728 -0.625072 -0.027735
v 0.048711 -0.622060 -0.027735
v 0.046973 -0.625859 -0.032035
v 0.046510 -0.622891 -0.031885
v 0.051211 -0.623300 -0.031960
v 0.052357 -0.624716 -0.027735
v 0.050259 -0.627916 -0.031885
v 0.055249 -0.612250 -0.027735
v 0.046282 -0.613423 -0.027735
v 0.055031 -0.602665 -0.027735
v 0.061617 -0.608282 -0.027735
v 0.058830 -0.616940 -0.027735
v 0.059605 -0.614000 -0.029735
v 0.058146 -0.626010 -0.029735
v 0.064232 -0.625973 -0.029735
v 0.062172 -0.624595 -0.029735
v 0.064312 -0.623744 -0.029735
v 0.064026 -0.625889 -0.022135
v 0.063457 -0.624132 -0.021887
v 0.067212 -0.625000 -0.029735
v 0.066929 -0.606584 -0.029735
v 0.068618 -0.608050 -0.029735
v 0.070078 -0.642790 -0.029735
v 0.067676 -0.642606 -0.029735
v 0.064437 -0.602909 -0.029735
v 0.070842 -0.619615 -0.029735
v 0.072452 -0.633247 -0.029735
v 0.079084 -0.644733 -0.029735
v 0.073596 -0.636389 -0.030835
v 0.071293 -0.623328 -0.030835
v 0.073596 -0.613611 -0.029735
v 0.075097 -0.610622 -0.030835
v 0.079778 -0.619334 -0.030835
v 0.079487 -0.629263 -0.030835
v 0.079097 -0.623570 -0.030835
v 0.079097 -0.626430 -0.042835
v 0.079727 -0.620062 -0.042835
v 0.081397 -0.615361 -0.030835
v 0.082057 -0.614089 -0.042835
v 0.085885 -0.613251 -0.042835
v 0.081989 -0.622676 -0.042835
v 0.080258 -0.632016 -0.042835
v 0.083293 -0.632832 -0.042835
v 0.082331 -0.630316 -0.040335
v 0.081940 -0.622342 -0.040335
v 0.085062 -0.614317 -0.040335
v 0.092860 -0.608200 -0.040335
v 0.088815 -0.617440 -0.040335
v 0.087698 -0.619439 -0.040335
v 0.090253 -0.615659 -0.040335
v 0.091972 -0.614146 -0.040335
v 0.093922 -0.612945 -0.040335
v 0.091647 -0.614402 0.044465
v 0.092846 -0.613551 0.044465
v 0.093889 -0.606201 0.050865
v 0.088331 -0.608940 0.050865
v 0.094215 -0.612806 0.044465
v 0.096046 -0.612092 -0.040335
v 0.096162 -0.612057 0.044465
v 0.098203 -0.611620 0.044465
v 0.100286 -0.611506 0.044465
v 0.102063 -0.605341 0.050865
v 0.098285 -0.611609 -0.040335
v 0.101506 -0.606681 -0.040335
v 0.100286 -0.611506 -0.040335
v 0.102844 -0.611803 -0.040335
v 0.101878 -0.611631 0.044465
v 0.103282 -0.611913 0.044465
v 0.105262 -0.612570 0.044465
v 0.109319 -0.607472 0.050865
v 0.105033 -0.612474 -0.040335
v 0.108436 -0.608591 -0.040335
v 0.107078 -0.613504 -0.040335
v 0.108919 -0.614866 -0.040335
v 0.107115 -0.613528 0.044465
v 0.108798 -0.614762 0.044465
v 0.113789 -0.610720 0.050865
v 0.110267 -0.616243 0.044465
v 0.110503 -0.616519 -0.040335
v 0.111191 -0.617451 0.044465
v 0.117191 -0.615074 0.050865
v 0.119261 -0.620197 0.050865
v 0.124072 -0.620408 0.050865
v 0.118882 -0.609379 0.050865
v 0.111959 -0.618749 0.044465
v 0.112783 -0.620665 0.044465
v 0.111785 -0.618416 -0.040335
v 0.112728 -0.620503 -0.040335
v 0.113300 -0.622687 0.044465
v 0.113305 -0.622719 -0.040335
v 0.117379 -0.619068 -0.040335
v 0.115918 -0.616066 -0.042835
v 0.113218 -0.612252 -0.040335
v 0.113499 -0.625000 -0.040335
v 0.113495 -0.624764 0.044465
v 0.113365 -0.626846 0.044465
v 0.110735 -0.609994 -0.042835
v 0.103399 -0.607048 -0.042835
v 0.108346 -0.605783 -0.042835
v 0.113221 -0.608748 -0.042835
v 0.110885 -0.607099 -0.030835
v 0.115311 -0.610700 -0.030835
v 0.117116 -0.612918 -0.042835
v 0.118602 -0.615361 -0.030835
v 0.119741 -0.617984 -0.042835
v 0.120512 -0.620737 -0.030835
v 0.120902 -0.623570 -0.042835
v 0.120272 -0.629938 -0.042835
v 0.120902 -0.626430 -0.030835
v 0.127880 -0.632473 -0.030835
v 0.128318 -0.620007 -0.030835
v 0.126958 -0.615636 -0.029735
v 0.129285 -0.623149 -0.029735
v 0.123065 -0.607829 -0.030835
v 0.119187 -0.603436 -0.029735
v 0.115155 -0.600433 -0.030835
v 0.109834 -0.597979 -0.029735
v 0.103548 -0.596433 -0.030835
v 0.105652 -0.604826 -0.030835
v 0.099641 -0.604037 -0.030835
v 0.102315 -0.604238 -0.042835
v 0.095727 -0.604439 -0.042835
v 0.092860 -0.608200 -0.042835
v 0.093690 -0.605111 -0.030835
v 0.089771 -0.606814 -0.042835
v 0.087889 -0.607844 -0.030835
v 0.084688 -0.610700 -0.042835
v 0.084688 -0.610700 -0.030835
v 0.084198 -0.600975 -0.030835
v 0.093323 -0.596829 -0.030835
v 0.087094 -0.599303 -0.029735
v 0.078941 -0.605133 -0.029735
v 0.073087 -0.595587 -0.029735
v 0.076441 -0.590340 -0.029735
v 0.070352 -0.595298 -0.029735
v 0.068523 -0.605408 -0.029735
v 0.070113 -0.606634 -0.029735
v 0.099370 -0.595861 -0.029735
v 0.080402 -0.593474 -0.029735
v 0.081633 -0.595114 -0.029735
v 0.082459 -0.594019 -0.022135
v 0.083049 -0.593619 -0.029735
v 0.081633 -0.591933 -0.029735
v 0.090913 -0.591088 -0.029735
v 0.090930 -0.584520 -0.029735
v 0.083246 -0.586540 -0.029735
v 0.109086 -0.591088 -0.029735
v 0.099328 -0.587483 -0.029735
v 0.099468 -0.590078 -0.029735
v 0.101202 -0.588896 -0.029735
v 0.100026 -0.589884 -0.022135
v 0.100411 -0.588035 -0.021887
v 0.109047 -0.584338 -0.029735
v 0.122031 -0.589530 -0.029735
v 0.098732 -0.583058 -0.029735
v 0.102897 -0.583353 -0.027735
v 0.090947 -0.584037 -0.027735
v 0.077720 -0.580295 -0.027735
v 0.074769 -0.577579 -0.027735
v 0.076824 -0.578669 -0.031885
v 0.077243 -0.582784 -0.031885
v 0.072735 -0.580978 -0.032035
v 0.073569 -0.583960 -0.031885
v 0.072829 -0.578030 -0.031885
v 0.129569 -0.595459 -0.029735
v 0.118173 -0.591921 -0.029735
v 0.119581 -0.593352 -0.029735
v 0.125470 -0.591667 -0.027735
v 0.133266 -0.599582 -0.027735
v 0.139387 -0.611141 -0.027735
v 0.134453 -0.601216 -0.029735
v 0.140541 -0.615007 -0.029735
v 0.131532 -0.605489 -0.029735
v 0.133911 -0.615913 -0.029735
v 0.131716 -0.607800 -0.029735
v 0.130872 -0.606263 -0.021887
v 0.132591 -0.607018 -0.022135
v 0.129883 -0.606584 -0.029735
v 0.134865 -0.624595 -0.029735
v 0.137050 -0.624114 -0.029735
v 0.133911 -0.634087 -0.029735
v 0.139998 -0.625000 -0.029735
v 0.136006 -0.626377 -0.029735
v 0.141316 -0.631033 -0.029735
v 0.138044 -0.642678 -0.027735
v 0.141267 -0.632047 -0.027735
v 0.141901 -0.622973 -0.027735
v 0.135839 -0.646343 -0.029735
v 0.132169 -0.642277 -0.029735
v 0.131673 -0.644288 -0.029735
v 0.131254 -0.652689 -0.027735
v 0.142334 -0.653097 -0.027735
v 0.142193 -0.648225 -0.027735
v 0.146378 -0.648098 -0.027735
v 0.142444 -0.647831 -0.031885
v 0.141511 -0.652378 -0.031885
v 0.144749 -0.637750 -0.027735
v 0.147728 -0.625905 -0.027735
v 0.151083 -0.637750 -0.027735
v 0.150198 -0.628165 -0.027735
v 0.154801 -0.629664 -0.027735
v 0.153716 -0.636577 -0.027735
v 0.153871 -0.626554 -0.027735
v 0.149247 -0.627649 -0.031885
v 0.153376 -0.627385 -0.031885
v 0.152645 -0.624262 -0.032035
v 0.151144 -0.621636 -0.031885
v 0.147959 -0.623796 -0.031885
v 0.149213 -0.622267 -0.027735
v 0.150987 -0.645489 -0.027735
v 0.148015 -0.651823 -0.027735
v 0.146455 -0.652339 -0.030848
v 0.149066 -0.649739 -0.007735
v 0.150003 -0.653870 -0.007735
v 0.150563 -0.653248 0.004265
v 0.149651 -0.655555 0.004265
v 0.148163 -0.652809 0.004265
v 0.142165 -0.661396 0.004265
v 0.142165 -0.661396 0.010265
v 0.135668 -0.667769 0.004265
v 0.135505 -0.667918 0.010265
v 0.139707 -0.663057 0.010265
v 0.136336 -0.666287 0.010265
v 0.132704 -0.669220 0.010265
v 0.132704 -0.669220 0.040665
v 0.135020 -0.658483 0.040665
v 0.136336 -0.666287 0.040665
v 0.139707 -0.663057 0.040665
v 0.142791 -0.659552 0.040665
v 0.142791 -0.659552 0.010265
v 0.145567 -0.655799 0.010265
v 0.145567 -0.655799 0.040665
v 0.148015 -0.651823 0.010265
v 0.147644 -0.653855 0.010265
v 0.150930 -0.647676 0.010265
v 0.150117 -0.647655 0.010265
v 0.151858 -0.643323 0.010265
v 0.148015 -0.651823 0.040665
v 0.150117 -0.647655 0.040665
v 0.144552 -0.644042 0.040665
v 0.151858 -0.643323 0.040665
v 0.147236 -0.635781 0.040665
v 0.153225 -0.638859 0.010265
v 0.153225 -0.638859 0.040665
v 0.154208 -0.634295 0.010265
v 0.154208 -0.634295 0.040665
v 0.154801 -0.629664 0.040665
v 0.154801 -0.629664 0.010265
v 0.148402 -0.627174 0.040665
v 0.148012 -0.631504 0.049365
v 0.148012 -0.618496 0.040665
v 0.154999 -0.625000 0.040665
v 0.148402 -0.622826 0.049365
v 0.124603 -0.624224 0.049365
v 0.147720 -0.616340 0.049365
v 0.122173 -0.614566 0.049365
v 0.146079 -0.610028 0.049365
v 0.146079 -0.610028 0.040665
v 0.142665 -0.602041 0.040665
v 0.151858 -0.606677 0.040665
v 0.154208 -0.615705 0.040665
v 0.153225 -0.611141 0.040665
v 0.151858 -0.606677 0.010265
v 0.153225 -0.611141 0.010265
v 0.154208 -0.615705 0.010265
v 0.155261 -0.618019 0.010265
v 0.153323 -0.608901 0.010265
v 0.154483 -0.613419 0.004265
v 0.150117 -0.602345 0.010265
v 0.150117 -0.602345 0.040665
v 0.148015 -0.598177 0.010265
v 0.145567 -0.594201 0.010265
v 0.148015 -0.598177 0.040665
v 0.137880 -0.594791 0.040665
v 0.145567 -0.594201 0.040665
v 0.142791 -0.590448 0.040665
v 0.142791 -0.590448 0.010265
v 0.139707 -0.586943 0.010265
v 0.136337 -0.583713 0.010265
v 0.139707 -0.586943 0.040665
v 0.131877 -0.588513 0.040665
v 0.136337 -0.583713 0.040665
v 0.132704 -0.580780 0.010265
v 0.132704 -0.580780 0.040665
v 0.128836 -0.578166 0.040665
v 0.128836 -0.578166 0.010265
v 0.126718 -0.584523 0.040665
v 0.121022 -0.581347 0.040665
v 0.128478 -0.585802 0.049365
v 0.121022 -0.581347 0.049365
v 0.116280 -0.606537 0.049365
v 0.133516 -0.589944 0.049365
v 0.137880 -0.594791 0.049365
v 0.142665 -0.602041 0.049365
v 0.109021 -0.602215 0.050865
v 0.112889 -0.578295 0.049365
v 0.112889 -0.578295 0.040665
v 0.111587 -0.571234 0.040665
v 0.104343 -0.576744 0.040665
v 0.120507 -0.573966 0.040665
v 0.116105 -0.572411 0.040665
v 0.111587 -0.571234 0.010265
v 0.116105 -0.572411 0.010265
v 0.120507 -0.573966 0.010265
v 0.123716 -0.574600 0.010265
v 0.114979 -0.571351 0.010265
v 0.105822 -0.569604 0.010265
v 0.110437 -0.570286 0.004265
v 0.106985 -0.570446 0.010265
v 0.102334 -0.570050 0.010265
v 0.106985 -0.570446 0.040665
v 0.101167 -0.570025 0.040665
v 0.098832 -0.570025 0.010265
v 0.097665 -0.570050 0.040665
v 0.093013 -0.570446 0.010265
v 0.099416 -0.569256 0.010265
v 0.103500 -0.569360 0.004265
v 0.124761 -0.575889 0.010265
v 0.131789 -0.579261 0.010265
v 0.137303 -0.583570 0.010265
v 0.124761 -0.575889 0.040665
v 0.104343 -0.576744 0.049365
v 0.155554 -0.620335 0.004265
v 0.155652 -0.627333 0.010265
v 0.155749 -0.625000 0.004265
v 0.155554 -0.629665 0.004265
v 0.153566 -0.639958 0.004265
v 0.154969 -0.634297 0.010265
v 0.153323 -0.641099 0.010265
v 0.153155 -0.653297 0.004265
v 0.156578 -0.653828 0.004265
v 0.153841 -0.655496 0.004265
v 0.159529 -0.646962 0.004265
v 0.154801 -0.620336 0.010265
v 0.154999 -0.625000 0.010265
v 0.154801 -0.620336 0.040665
v 0.146079 -0.639972 0.049365
v 0.142066 -0.648867 0.049365
v 0.140435 -0.651692 0.040665
v 0.131877 -0.661487 0.049365
v 0.145320 -0.649048 -0.032035
v 0.146241 -0.653156 -0.027735
v 0.145567 -0.655799 -0.027735
v 0.142791 -0.659552 -0.027735
v 0.132109 -0.643669 -0.022135
v 0.130644 -0.642714 -0.021887
v 0.129850 -0.642976 -0.029735
v 0.135551 -0.625994 -0.022135
v 0.137127 -0.624773 -0.022011
v 0.119093 -0.594393 -0.022135
v 0.117999 -0.592853 -0.021887
v 0.118556 -0.595079 -0.029735
v 0.116970 -0.593753 -0.029735
v 0.081302 -0.592704 -0.021887
v 0.068848 -0.605702 -0.022135
v 0.068708 -0.607580 -0.021887
v 0.126151 -0.636727 -0.029735
v 0.090110 -0.615813 0.044465
v 0.084356 -0.612778 0.050865
v 0.087782 -0.619261 0.044465
v 0.088807 -0.617451 0.044465
v 0.081426 -0.618237 0.050865
v 0.086705 -0.622656 0.044465
v 0.087048 -0.621213 0.044465
v 0.080160 -0.625693 0.050865
v 0.076838 -0.616664 0.050865
v 0.075541 -0.626539 0.050865
v 0.086528 -0.624192 0.044465
v 0.086548 -0.626145 -0.040335
v 0.086548 -0.623855 -0.040335
v 0.086561 -0.626278 0.044465
v 0.086935 -0.628402 -0.040335
v 0.086918 -0.628334 0.044465
v 0.087590 -0.630309 0.044465
v 0.081120 -0.631134 0.050865
v 0.083542 -0.636101 0.050865
v 0.088308 -0.631750 0.044465
v 0.077649 -0.635517 0.050865
v 0.079144 -0.638236 0.049365
v 0.085347 -0.644527 0.050865
v 0.093193 -0.643700 0.050865
v 0.087828 -0.640575 0.050865
v 0.093856 -0.648925 0.050865
v 0.099312 -0.644755 0.050865
v 0.102825 -0.638201 0.044465
v 0.098671 -0.638429 0.044465
v 0.100757 -0.638477 0.044465
v 0.097193 -0.638205 0.044465
v 0.105471 -0.644082 0.050865
v 0.106707 -0.636708 0.044465
v 0.104825 -0.637606 0.044465
v 0.107935 -0.635922 0.044465
v 0.098285 -0.638391 -0.040335
v 0.095714 -0.637797 0.044465
v 0.096046 -0.637908 -0.040335
v 0.092860 -0.641800 -0.040335
v 0.093922 -0.637055 -0.040335
v 0.091972 -0.635854 -0.040335
v 0.093792 -0.636987 0.044465
v 0.092018 -0.635888 0.044465
v 0.090437 -0.634526 0.044465
v 0.090253 -0.634341 -0.040335
v 0.089088 -0.632936 0.044465
v 0.088815 -0.632560 -0.040335
v 0.087698 -0.630561 -0.040335
v 0.085885 -0.636749 -0.040335
v 0.088323 -0.639031 -0.042835
v 0.086777 -0.641252 -0.042835
v 0.082883 -0.637082 -0.042835
v 0.096004 -0.642925 -0.042835
v 0.091653 -0.644217 -0.042835
v 0.086777 -0.641252 -0.030835
v 0.091653 -0.644217 -0.030835
v 0.095727 -0.645561 -0.042835
v 0.095727 -0.645561 -0.030835
v 0.102136 -0.645756 -0.042835
v 0.099999 -0.645951 -0.030835
v 0.105652 -0.645174 -0.030835
v 0.081516 -0.647028 -0.030835
v 0.082883 -0.637082 -0.030835
v 0.080738 -0.633366 -0.030835
v 0.100572 -0.638488 -0.040335
v 0.086935 -0.621598 -0.040335
v 0.069026 -0.644499 -0.029735
v 0.069874 -0.642752 -0.022135
v 0.068063 -0.643650 -0.022011
v 0.058656 -0.601338 -0.027735
v 0.058763 -0.598067 -0.031885
v 0.056555 -0.602256 -0.031885
v 0.056085 -0.597797 -0.032035
v 0.052561 -0.600405 -0.027735
v 0.052811 -0.598470 -0.030848
v 0.051984 -0.598177 -0.027735
v 0.049012 -0.604511 -0.027735
v 0.100548 -0.577325 -0.027735
v 0.102802 -0.575670 -0.031885
v 0.101276 -0.572844 -0.032035
v 0.141511 -0.601378 -0.031885
v 0.163401 -0.627491 -0.007735
v 0.144901 -0.580099 -0.007735
v 0.139282 -0.575171 -0.007735
v 0.135251 -0.572242 0.004265
v 0.131347 -0.571620 -0.007735
v 0.070153 -0.577970 0.010265
v 0.071163 -0.578166 0.010265
v 0.063662 -0.583713 0.010265
v 0.067295 -0.580780 0.010265
v 0.071163 -0.578166 0.040665
v 0.067295 -0.580780 0.040665
v 0.064979 -0.591517 0.040665
v 0.071521 -0.585802 0.040665
v 0.063662 -0.583713 0.040665
v 0.060292 -0.586943 0.010265
v 0.060292 -0.586943 0.040665
v 0.057208 -0.590448 0.010265
v 0.057208 -0.590448 0.040665
v 0.054431 -0.594201 0.040665
v 0.075238 -0.575889 0.040665
v 0.075238 -0.575889 0.010265
v 0.063662 -0.666287 0.010265
v 0.063662 -0.666287 0.040665
v 0.067295 -0.669220 0.040665
v 0.067295 -0.669220 0.010265
v 0.071163 -0.671834 0.010265
v 0.071163 -0.671834 0.040665
v 0.075149 -0.666593 0.040665
v 0.119952 -0.663329 0.057965
v 0.100659 -0.660090 -0.029735
v 0.098796 -0.661576 -0.029735
v 0.100631 -0.662399 -0.022135
v 0.098825 -0.660905 -0.022135
v 0.100379 -0.660677 -0.021639
v 0.077337 -0.667833 -0.031960
v 0.073204 -0.666505 -0.031885
v 0.072526 -0.666892 -0.027735
v 0.072798 -0.670499 -0.032035
v 0.071923 -0.671173 -0.027735
v 0.075759 -0.672083 -0.031885
v 0.082353 -0.655246 -0.029735
v 0.081763 -0.657450 -0.022135
v 0.081543 -0.655687 -0.021887
v 0.102899 -0.676979 -0.031885
v 0.098581 -0.677040 -0.032035
v 0.102074 -0.678656 -0.027735
v 0.101432 -0.673069 -0.031885
v 0.097510 -0.673891 -0.031885
v 0.100269 -0.672746 -0.027735
v 0.150705 -0.663835 0.004265
v 0.141429 -0.673718 0.004265
v 0.151936 -0.656383 0.004265
v 0.150243 -0.655393 0.004265
v 0.131193 -0.675835 0.004265
v 0.139822 -0.663998 0.004765
v 0.129874 -0.675143 0.004265
v 0.131372 -0.677313 0.004265
v 0.130438 -0.675258 0.022265
v 0.131407 -0.676413 0.022265
v 0.130778 -0.678054 0.022265
v 0.129874 -0.676745 0.023256
v 0.129584 -0.678336 0.022265
v 0.128465 -0.677459 0.022265
v 0.128880 -0.675610 0.022265
v 0.128393 -0.676340 0.004265
v 0.128812 -0.677944 0.004265
v 0.117935 -0.678268 0.004265
v 0.118314 -0.677591 0.004765
v 0.098827 -0.680991 0.004265
v 0.109287 -0.679909 0.004765
v 0.101318 -0.683840 0.004265
v 0.127991 -0.682408 0.004265
v 0.136057 -0.680275 0.009265
v 0.131684 -0.682893 0.009265
v 0.135545 -0.678221 0.004265
v 0.130258 -0.678300 0.004265
v 0.127123 -0.685165 0.009265
v 0.122400 -0.687078 0.009265
v 0.131318 -0.683095 0.053265
v 0.140214 -0.677328 0.009265
v 0.144132 -0.674070 0.009265
v 0.147453 -0.670870 0.053265
v 0.147786 -0.670518 0.009265
v 0.150840 -0.667085 0.053265
v 0.151156 -0.666695 0.009265
v 0.153926 -0.663050 0.053265
v 0.154220 -0.662624 0.009265
v 0.156962 -0.658328 0.009265
v 0.156693 -0.658790 0.053265
v 0.159124 -0.654330 0.053265
v 0.161205 -0.649696 0.053265
v 0.159363 -0.653834 0.009265
v 0.161411 -0.649167 0.009265
v 0.158840 -0.650054 0.004265
v 0.155590 -0.656713 0.004265
v 0.153265 -0.654867 0.004265
v 0.151919 -0.653365 0.004265
v 0.152970 -0.653789 0.022265
v 0.153153 -0.655418 0.022265
v 0.151438 -0.656325 0.022265
v 0.151744 -0.654875 0.023256
v 0.150244 -0.654677 0.022265
v 0.151599 -0.653314 0.022265
v 0.150426 -0.653965 0.004265
v 0.163093 -0.644357 0.009265
v 0.161995 -0.640700 0.004265
v 0.160620 -0.626246 0.004265
v 0.165216 -0.635142 0.009265
v 0.164398 -0.639431 0.009265
v 0.164268 -0.640018 0.053265
v 0.162923 -0.644916 0.053265
v 0.165235 -0.635016 0.030327
v 0.166178 -0.633282 0.030326
v 0.165471 -0.634312 0.045932
v 0.166999 -0.632173 0.029354
v 0.166999 -0.622316 0.026315
v 0.166999 -0.625450 0.031654
v 0.166999 -0.627500 0.033265
v 0.162999 -0.624880 0.031405
v 0.162999 -0.627500 0.033265
v 0.162999 -0.627500 0.048265
v 0.162999 -0.622500 0.048265
v 0.162999 -0.622500 0.033265
v 0.162999 -0.625120 0.050125
v 0.166999 -0.622500 0.048265
v 0.166999 -0.617251 0.030765
v 0.166999 -0.622500 0.033265
v 0.158968 -0.626294 0.022265
v 0.161282 -0.624864 0.022265
v 0.160653 -0.626309 0.022265
v 0.159749 -0.625000 0.023256
v 0.099999 -0.683148 0.004265
v 0.099693 -0.683300 0.022265
v 0.101408 -0.684207 0.022265
v 0.101225 -0.685836 0.022265
v 0.099999 -0.684750 0.023256
v 0.099291 -0.686030 0.022265
v 0.098382 -0.684604 0.022265
v 0.098681 -0.683840 0.004265
v 0.103500 -0.680640 0.017265
v 0.108144 -0.680152 0.017265
v 0.112730 -0.679277 0.017265
v 0.102333 -0.680689 0.004765
v 0.095339 -0.680493 0.004765
v 0.098832 -0.680738 0.017265
v 0.098837 -0.680488 0.017265
v 0.094172 -0.680445 0.017265
v 0.094198 -0.680196 0.017265
v 0.094198 -0.680196 0.055765
v 0.089600 -0.679517 0.055765
v 0.089600 -0.679517 0.017265
v 0.085074 -0.678455 0.017265
v 0.089553 -0.679762 0.017265
v 0.085074 -0.678455 0.055765
v 0.068616 -0.680054 0.055765
v 0.067358 -0.674392 0.055765
v 0.080654 -0.677019 0.055765
v 0.080823 -0.685486 0.055765
v 0.086989 -0.689704 0.053265
v 0.082052 -0.688511 0.053265
v 0.090297 -0.687707 0.055765
v 0.097066 -0.690933 0.053265
v 0.092004 -0.690513 0.053265
v 0.102146 -0.690964 0.053265
v 0.107212 -0.690604 0.053265
v 0.076369 -0.675218 0.055765
v 0.080654 -0.677019 0.017265
v 0.076369 -0.675218 0.017265
v 0.080567 -0.677253 0.017265
v 0.085007 -0.678696 0.017265
v 0.086150 -0.678939 0.004765
v 0.078948 -0.676586 0.004765
v 0.076262 -0.675444 0.017265
v 0.072124 -0.673281 0.017265
v 0.072249 -0.673064 0.017265
v 0.068325 -0.670574 0.055765
v 0.068325 -0.670574 0.017265
v 0.072249 -0.673064 0.055765
v 0.067583 -0.672799 0.055765
v 0.065965 -0.671740 0.055765
v 0.067594 -0.673467 0.039765
v 0.066539 -0.671786 0.039765
v 0.064824 -0.672784 0.039765
v 0.066158 -0.673330 0.038773
v 0.065821 -0.674697 0.039765
v 0.065353 -0.674497 0.055765
v 0.059571 -0.673906 0.055765
v 0.064728 -0.672684 0.055765
v 0.064622 -0.667763 0.055765
v 0.063647 -0.680084 0.053265
v 0.059518 -0.677125 0.053265
v 0.055629 -0.673857 0.053265
v 0.052003 -0.670300 0.053265
v 0.055744 -0.673959 0.009265
v 0.052098 -0.670398 0.009265
v 0.048738 -0.666567 0.009265
v 0.049211 -0.663864 0.004265
v 0.043329 -0.654457 0.004265
v 0.047192 -0.656074 0.004265
v 0.048638 -0.656430 0.004265
v 0.049752 -0.655443 0.004265
v 0.045684 -0.662488 0.009265
v 0.042953 -0.658185 0.009265
v 0.040563 -0.653685 0.009265
v 0.040531 -0.653621 0.053265
v 0.038527 -0.649013 0.009265
v 0.036857 -0.644199 0.009265
v 0.049111 -0.653619 0.004265
v 0.049710 -0.655374 0.022265
v 0.048573 -0.653447 0.022265
v 0.048254 -0.654875 0.023256
v 0.048400 -0.656436 0.022265
v 0.046982 -0.655873 0.022265
v 0.046833 -0.654259 0.022265
v 0.046661 -0.654632 0.004265
v 0.047510 -0.653456 0.004265
v 0.098837 -0.680488 0.055765
v 0.103484 -0.680390 0.055765
v 0.103484 -0.680390 0.017265
v 0.108107 -0.679905 0.017265
v 0.127203 -0.481000 -0.041670
v 0.117377 -0.488500 -0.030724
v 0.113670 -0.488500 -0.032522
v 0.042976 -0.589921 0.008683
v 0.041958 -0.592648 0.053307
v 0.040426 -0.603580 0.055765
v 0.041372 -0.623526 0.055765
v 0.037381 -0.604161 0.053265
v 0.036936 -0.618761 0.055765
v 0.039477 -0.624726 0.055765
v 0.039462 -0.625049 0.039765
v 0.041290 -0.623608 0.039765
v 0.040999 -0.625000 0.038773
v 0.042561 -0.625145 0.039765
v 0.041208 -0.626448 0.039765
v 0.056331 -0.565073 0.039765
v 0.055499 -0.566955 0.039765
v 0.054999 -0.565500 0.038773
v 0.041120 -0.626246 0.004265
v 0.041008 -0.623662 0.022265
v 0.041658 -0.625543 0.022265
v 0.040249 -0.625000 0.023256
v 0.040104 -0.626561 0.022265
v 0.038805 -0.625426 0.022265
v 0.039346 -0.623691 0.022265
v 0.132285 -0.672947 0.055765
v 0.132779 -0.674271 0.039765
v 0.133337 -0.672004 0.039765
v 0.135271 -0.672684 0.039765
v 0.133840 -0.673330 0.038773
v 0.134842 -0.674474 0.039765
v 0.143494 -0.659474 0.055765
v 0.146227 -0.655713 0.055765
vt 0.742088 0.241350
vt 0.741065 0.241842
vt 0.740875 0.238406
vt 0.843384 0.066757
vt 0.842410 0.066642
vt 0.843384 0.065195
vt 0.865606 0.151121
vt 0.866518 0.151118
vt 0.866551 0.152663
vt 0.740878 0.243015
vt 0.741446 0.242769
vt 0.742483 0.238491
vt 0.739129 0.238407
vt 0.737993 0.240130
vt 0.739626 0.243344
vt 0.070300 0.574291
vt 0.070269 0.572682
vt 0.070300 0.571792
vt 0.202443 0.765013
vt 0.202299 0.765013
vt 0.202319 0.763808
vt 0.176442 0.973480
vt 0.175944 0.971563
vt 0.177122 0.971525
vt 0.786885 0.235287
vt 0.787983 0.233035
vt 0.787744 0.237237
vt 0.790272 0.233992
vt 0.790057 0.237289
vt 0.354455 0.782647
vt 0.354578 0.781095
vt 0.354578 0.783862
vt 0.792109 0.235391
vt 0.792645 0.228676
vt 0.790344 0.228859
vt 0.793889 0.232573
vt 0.795595 0.227223
vt 0.795178 0.222812
vt 0.792269 0.223745
vt 0.795529 0.229820
vt 0.795784 0.241885
vt 0.798104 0.241883
vt 0.798045 0.225612
vt 0.802857 0.990428
vt 0.802384 0.990257
vt 0.806642 0.989486
vt 0.802049 0.990080
vt 0.800429 0.241882
vt 0.801847 0.989896
vt 0.800651 0.222792
vt 0.802770 0.241881
vt 0.798791 0.221370
vt 0.802059 0.219835
vt 0.802832 0.221470
vt 0.805119 0.241881
vt 0.804482 0.221073
vt 0.806996 0.221368
vt 0.801780 0.989705
vt 0.801847 0.989508
vt 0.807467 0.241881
vt 0.808964 0.222346
vt 0.809129 0.220178
vt 0.806149 0.219152
vt 0.804081 0.218272
vt 0.805660 0.218220
vt 0.807542 0.218378
vt 0.806537 0.198959
vt 0.804636 0.198911
vt 0.803217 0.198995
vt 0.803084 0.197814
vt 0.806735 0.197814
vt 0.803876 0.194623
vt 0.808809 0.194624
vt 0.809968 0.197815
vt 0.808424 0.199196
vt 0.809828 0.199483
vt 0.811215 0.199867
vt 0.813619 0.196229
vt 0.813077 0.199393
vt 0.816336 0.199591
vt 0.813919 0.200840
vt 0.812579 0.200317
vt 0.813078 0.220106
vt 0.811304 0.219341
vt 0.814586 0.220935
vt 0.812107 0.222894
vt 0.814196 0.224158
vt 0.813649 0.227844
vt 0.816363 0.224177
vt 0.815613 0.230874
vt 0.817490 0.230185
vt 0.819838 0.235257
vt 0.817802 0.235174
vt 0.819195 0.229495
vt 0.822756 0.237241
vt 0.821362 0.232694
vt 0.819542 0.237482
vt 0.823363 0.233636
vt 0.819678 0.225534
vt 0.822516 0.230019
vt 0.805468 0.979789
vt 0.804274 0.976309
vt 0.805175 0.976483
vt 0.805985 0.973491
vt 0.806432 0.983343
vt 0.805448 0.983438
vt 0.776768 0.228491
vt 0.776767 0.239985
vt 0.775609 0.238388
vt 0.775604 0.228491
vt 0.806434 0.983597
vt 0.773059 0.238432
vt 0.776233 0.242169
vt 0.408969 0.747704
vt 0.409563 0.743720
vt 0.409573 0.745923
vt 0.408785 0.753622
vt 0.409531 0.757409
vt 0.408038 0.754769
vt 0.408262 0.767520
vt 0.408709 0.767182
vt 0.408641 0.770688
vt 0.407801 0.767980
vt 0.407899 0.769089
vt 0.407930 0.771927
vt 0.035708 0.990485
vt 0.034630 0.987664
vt 0.035708 0.986077
vt 0.408314 0.776125
vt 0.407347 0.772808
vt 0.034288 0.989909
vt 0.032854 0.990970
vt 0.035242 0.991373
vt 0.407809 0.770598
vt 0.407831 0.772366
vt 0.404500 0.771620
vt 0.032043 0.989215
vt 0.033133 0.989935
vt 0.934391 0.648965
vt 0.935940 0.646626
vt 0.936821 0.648965
vt 0.936679 0.645605
vt 0.813278 0.518976
vt 0.814226 0.520010
vt 0.812592 0.519987
vt 0.404427 0.770170
vt 0.813315 0.517525
vt 0.815352 0.522625
vt 0.813651 0.505940
vt 0.812304 0.507947
vt 0.810563 0.522523
vt 0.812575 0.524862
vt 0.406331 0.775152
vt 0.407056 0.780296
vt 0.816281 0.520328
vt 0.816998 0.527863
vt 0.814576 0.526308
vt 0.813406 0.529742
vt 0.816974 0.533379
vt 0.809634 0.525932
vt 0.814766 0.533797
vt 0.811370 0.532552
vt 0.808739 0.528802
vt 0.815783 0.537140
vt 0.811860 0.535954
vt 0.807570 0.537185
vt 0.808053 0.533804
vt 0.811701 0.539212
vt 0.808510 0.540558
vt 0.814628 0.539487
vt 0.811362 0.542881
vt 0.817141 0.539582
vt 0.816011 0.540746
vt 0.814388 0.542344
vt 0.980640 0.890836
vt 0.980599 0.891650
vt 0.977790 0.891182
vt 0.979292 0.890860
vt 0.818946 0.539381
vt 0.977001 0.892418
vt 0.796705 0.673385
vt 0.797416 0.671784
vt 0.798605 0.672869
vt 0.980596 0.893235
vt 0.798948 0.670936
vt 0.799049 0.674029
vt 0.799796 0.673059
vt 0.859864 0.337522
vt 0.861017 0.337716
vt 0.859993 0.339108
vt 0.861017 0.339310
vt 0.776328 0.165992
vt 0.776328 0.167198
vt 0.775950 0.166445
vt 0.865665 0.241837
vt 0.866556 0.241616
vt 0.866556 0.243217
vt 0.800860 0.674785
vt 0.865518 0.243468
vt 0.800860 0.670908
vt 0.408057 0.795584
vt 0.408060 0.791708
vt 0.409573 0.792949
vt 0.409555 0.796838
vt 0.939140 0.933975
vt 0.939285 0.931918
vt 0.940149 0.932779
vt 0.407882 0.798958
vt 0.407102 0.796743
vt 0.798866 0.675907
vt 0.797363 0.675008
vt 0.938981 0.935409
vt 0.941977 0.935409
vt 0.817544 0.548077
vt 0.814375 0.545216
vt 0.816565 0.543598
vt 0.818994 0.544440
vt 0.815738 0.542052
vt 0.977679 0.895225
vt 0.976899 0.893739
vt 0.980640 0.894872
vt 0.809623 0.547218
vt 0.812633 0.549117
vt 0.815027 0.547726
vt 0.814872 0.551356
vt 0.811212 0.552169
vt 0.809131 0.549992
vt 0.807186 0.553735
vt 0.804507 0.549958
vt 0.802491 0.553684
vt 0.800921 0.550018
vt 0.804592 0.546748
vt 0.797884 0.553257
vt 0.796971 0.549258
vt 0.799680 0.547099
vt 0.794849 0.545844
vt 0.793745 0.548961
vt 0.794271 0.552154
vt 0.795130 0.555280
vt 0.791402 0.550716
vt 0.790598 0.554862
vt 0.795487 0.558585
vt 0.792760 0.558864
vt 0.799565 0.557170
vt 0.798291 0.560928
vt 0.795500 0.562399
vt 0.794039 0.564097
vt 0.791478 0.562688
vt 0.799333 0.563717
vt 0.791828 0.564086
vt 0.787813 0.563079
vt 0.788025 0.562588
vt 0.789399 0.560455
vt 0.789411 0.557677
vt 0.785663 0.559428
vt 0.786182 0.556659
vt 0.782624 0.555739
vt 0.783227 0.554187
vt 0.786860 0.554519
vt 0.783026 0.557801
vt 0.629488 0.988304
vt 0.631378 0.986364
vt 0.632150 0.988063
vt 0.781814 0.559716
vt 0.632169 0.989815
vt 0.628509 0.990370
vt 0.632178 0.991041
vt 0.069929 0.884569
vt 0.071298 0.883477
vt 0.071364 0.885667
vt 0.069763 0.886313
vt 0.071239 0.888024
vt 0.072385 0.886464
vt 0.656196 0.861253
vt 0.657386 0.861370
vt 0.656311 0.862824
vt 0.072592 0.885284
vt 0.866996 0.338433
vt 0.867345 0.338440
vt 0.867225 0.340009
vt 0.657386 0.862930
vt 0.866804 0.340009
vt 0.743438 0.172915
vt 0.744666 0.173381
vt 0.742142 0.176077
vt 0.744375 0.172274
vt 0.747043 0.170727
vt 0.744306 0.176676
vt 0.747726 0.172342
vt 0.747613 0.174427
vt 0.746432 0.175953
vt 0.478776 0.986750
vt 0.478789 0.984688
vt 0.483357 0.985553
vt 0.482890 0.986922
vt 0.481542 0.988936
vt 0.478782 0.988955
vt 0.483380 0.984289
vt 0.791911 0.175564
vt 0.793304 0.175317
vt 0.792931 0.178551
vt 0.794646 0.174391
vt 0.794759 0.175750
vt 0.795860 0.178734
vt 0.797903 0.173591
vt 0.799202 0.177224
vt 0.801241 0.174653
vt 0.804153 0.177974
vt 0.801153 0.180260
vt 0.798357 0.181429
vt 0.805920 0.181812
vt 0.802681 0.183387
vt 0.808260 0.179494
vt 0.810350 0.182990
vt 0.806748 0.184970
vt 0.813223 0.184974
vt 0.810854 0.186974
vt 0.815009 0.181819
vt 0.811809 0.180262
vt 0.819630 0.183003
vt 0.816371 0.184978
vt 0.818322 0.179412
vt 0.814371 0.178734
vt 0.814908 0.188181
vt 0.818014 0.187382
vt 0.820984 0.186589
vt 0.819588 0.191617
vt 0.816503 0.191813
vt 0.813318 0.191809
vt 0.818288 0.196235
vt 0.821172 0.197432
vt 0.822559 0.191624
vt 0.823845 0.195046
vt 0.819534 0.202111
vt 0.822548 0.202115
vt 0.824474 0.199024
vt 0.824553 0.191859
vt 0.825105 0.192898
vt 0.826639 0.194013
vt 0.826461 0.196256
vt 0.827515 0.197507
vt 0.540566 0.975992
vt 0.540565 0.969860
vt 0.542044 0.969870
vt 0.824769 0.203432
vt 0.828313 0.194343
vt 0.540563 0.966641
vt 0.542041 0.966639
vt 0.780536 0.195489
vt 0.780883 0.191655
vt 0.781422 0.196987
vt 0.779751 0.198667
vt 0.780130 0.192665
vt 0.779472 0.195402
vt 0.073698 0.992036
vt 0.072632 0.991992
vt 0.072693 0.990515
vt 0.075039 0.992085
vt 0.074443 0.989203
vt 0.778171 0.194844
vt 0.776641 0.191108
vt 0.777672 0.189292
vt 0.779655 0.191602
vt 0.776641 0.192524
vt 0.777178 0.193834
vt 0.076108 0.988036
vt 0.076108 0.992116
vt 0.931731 0.476207
vt 0.931302 0.475220
vt 0.935810 0.475991
vt 0.935806 0.474729
vt 0.935803 0.473318
vt 0.931176 0.473636
vt 0.825036 0.188536
vt 0.824392 0.190256
vt 0.823937 0.187797
vt 0.931670 0.471866
vt 0.823638 0.183805
vt 0.826419 0.184808
vt 0.826764 0.187292
vt 0.933049 0.470475
vt 0.935804 0.471423
vt 0.935810 0.470127
vt 0.934334 0.470042
vt 0.827208 0.182890
vt 0.828314 0.186992
vt 0.935803 0.466905
vt 0.934323 0.466044
vt 0.779567 0.181299
vt 0.781114 0.185396
vt 0.779732 0.184928
vt 0.780000 0.188183
vt 0.777694 0.180152
vt 0.935788 0.462312
vt 0.776464 0.176362
vt 0.934309 0.462315
vt 0.935774 0.459380
vt 0.775553 0.177034
vt 0.407635 0.808372
vt 0.409451 0.804674
vt 0.409331 0.809487
vt 0.407710 0.811123
vt 0.772691 0.172569
vt 0.773647 0.174929
vt 0.409192 0.813133
vt 0.407434 0.812497
vt 0.769018 0.170183
vt 0.770990 0.172483
vt 0.770624 0.173605
vt 0.771803 0.176371
vt 0.407634 0.813986
vt 0.409062 0.815375
vt 0.407342 0.815159
vt 0.407399 0.816488
vt 0.408891 0.817228
vt 0.764735 0.169589
vt 0.764073 0.168139
vt 0.767355 0.171178
vt 0.769836 0.172605
vt 0.928996 0.395422
vt 0.929010 0.400240
vt 0.927528 0.399157
vt 0.759988 0.168513
vt 0.760251 0.167374
vt 0.927548 0.403211
vt 0.929033 0.402978
vt 0.408762 0.817845
vt 0.407367 0.817531
vt 0.407210 0.817857
vt 0.756357 0.167222
vt 0.204697 0.616953
vt 0.204682 0.617120
vt 0.203161 0.616962
vt 0.203059 0.617182
vt 0.755120 0.168499
vt 0.752018 0.167820
vt 0.202990 0.618150
vt 0.204667 0.618072
vt 0.749931 0.169597
vt 0.745649 0.170195
vt 0.202864 0.619998
vt 0.204646 0.620962
vt 0.783490 0.561190
vt 0.784678 0.561233
vt 0.203148 0.621219
vt 0.781356 0.559950
vt 0.203120 0.623443
vt 0.073787 0.883461
vt 0.632178 0.986119
vt 0.073787 0.886997
vt 0.202512 0.624510
vt 0.202916 0.625530
vt 0.204635 0.623644
vt 0.073470 0.888304
vt 0.995142 0.091627
vt 0.996015 0.089163
vt 0.996885 0.091618
vt 0.777822 0.556624
vt 0.776630 0.553365
vt 0.779623 0.555007
vt 0.776665 0.555594
vt 0.779406 0.552130
vt 0.997070 0.091627
vt 0.995857 0.088156
vt 0.781649 0.554895
vt 0.781992 0.551028
vt 0.778975 0.547610
vt 0.776174 0.547750
vt 0.782316 0.547913
vt 0.777876 0.544292
vt 0.781981 0.544665
vt 0.780223 0.541239
vt 0.773760 0.544768
vt 0.775828 0.540841
vt 0.773678 0.548785
vt 0.771753 0.546027
vt 0.772047 0.542225
vt 0.201712 0.632308
vt 0.202996 0.630870
vt 0.202828 0.635050
vt 0.204619 0.632915
vt 0.204617 0.637127
vt 0.201678 0.638853
vt 0.203006 0.638647
vt 0.733568 0.185422
vt 0.735111 0.181322
vt 0.734950 0.184951
vt 0.732855 0.189253
vt 0.204618 0.641005
vt 0.203104 0.642312
vt 0.204622 0.644896
vt 0.732756 0.193149
vt 0.733816 0.191380
vt 0.734153 0.188163
vt 0.862640 0.243285
vt 0.861420 0.242818
vt 0.862640 0.241616
vt 0.859421 0.241616
vt 0.860562 0.241832
vt 0.859498 0.243194
vt 0.860562 0.243426
vt 0.735117 0.191507
vt 0.734296 0.192489
vt 0.804086 0.338897
vt 0.804086 0.340058
vt 0.803715 0.339184
vt 0.868642 0.243230
vt 0.867634 0.243508
vt 0.867726 0.241874
vt 0.734689 0.195470
vt 0.736884 0.194551
vt 0.737244 0.189438
vt 0.737845 0.193226
vt 0.104769 0.969999
vt 0.104793 0.971360
vt 0.100837 0.970267
vt 0.408445 0.990632
vt 0.408445 0.994588
vt 0.407147 0.993306
vt 0.406336 0.990468
vt 0.783089 0.198630
vt 0.781934 0.194343
vt 0.783495 0.194045
vt 0.405707 0.991904
vt 0.786386 0.194845
vt 0.783832 0.196652
vt 0.784958 0.193097
vt 0.785944 0.200194
vt 0.789619 0.199405
vt 0.790038 0.202499
vt 0.787464 0.203638
vt 0.785479 0.203432
vt 0.787816 0.205565
vt 0.790623 0.203787
vt 0.788463 0.210211
vt 0.792596 0.199786
vt 0.792499 0.202675
vt 0.790359 0.211360
vt 0.557816 0.973222
vt 0.556228 0.972144
vt 0.560458 0.972568
vt 0.560407 0.973237
vt 0.559411 0.973299
vt 0.558449 0.977840
vt 0.560355 0.973297
vt 0.739811 0.214151
vt 0.739115 0.211241
vt 0.740667 0.211360
vt 0.740710 0.214844
vt 0.070300 0.557141
vt 0.070300 0.564274
vt 0.070259 0.560625
vt 0.643298 0.985617
vt 0.643298 0.992749
vt 0.641746 0.992019
vt 0.593671 0.859919
vt 0.593590 0.858978
vt 0.595122 0.858848
vt 0.740671 0.218493
vt 0.739119 0.218614
vt 0.739169 0.215112
vt 0.740202 0.215680
vt 0.596606 0.858732
vt 0.596606 0.862416
vt 0.595236 0.861319
vt 0.641746 0.986347
vt 0.821899 0.066619
vt 0.821371 0.066589
vt 0.821755 0.065053
vt 0.899908 0.338492
vt 0.900781 0.338433
vt 0.900781 0.339991
vt 0.899791 0.340057
vt 0.267474 0.836757
vt 0.268280 0.835774
vt 0.269331 0.836504
vt 0.820483 0.065056
vt 0.266980 0.835708
vt 0.266465 0.834192
vt 0.269331 0.834172
vt 0.227781 0.994645
vt 0.227781 0.996409
vt 0.225964 0.994806
vt 0.203109 0.665186
vt 0.201797 0.664238
vt 0.203509 0.664783
vt 0.266076 0.836749
vt 0.202943 0.667993
vt 0.203690 0.669789
vt 0.204665 0.668605
vt 0.204655 0.661682
vt 0.203309 0.657117
vt 0.775589 0.523997
vt 0.777867 0.516352
vt 0.777075 0.520263
vt 0.201550 0.661818
vt 0.778982 0.519323
vt 0.778317 0.523634
vt 0.775886 0.525524
vt 0.203038 0.660864
vt 0.202083 0.655590
vt 0.777482 0.529190
vt 0.779717 0.527762
vt 0.780349 0.522807
vt 0.774770 0.529467
vt 0.773712 0.534067
vt 0.777059 0.532748
vt 0.771965 0.532570
vt 0.773213 0.529575
vt 0.771406 0.535039
vt 0.204627 0.648704
vt 0.202847 0.648509
vt 0.202784 0.646035
vt 0.203411 0.652775
vt 0.202548 0.651515
vt 0.204644 0.656202
vt 0.204634 0.652073
vt 0.734279 0.200476
vt 0.733273 0.197012
vt 0.734781 0.198252
vt 0.736089 0.201756
vt 0.735805 0.204745
vt 0.560265 0.982659
vt 0.560226 0.986111
vt 0.558764 0.984587
vt 0.558839 0.979881
vt 0.560320 0.979633
vt 0.737843 0.204851
vt 0.559416 0.977916
vt 0.560360 0.977914
vt 0.737156 0.210354
vt 0.739112 0.206620
vt 0.560226 0.988887
vt 0.558731 0.988826
vt 0.984188 0.280655
vt 0.984188 0.284415
vt 0.983081 0.282325
vt 0.773742 0.535435
vt 0.983922 0.890966
vt 0.984396 0.893175
vt 0.983451 0.890836
vt 0.981855 0.284350
vt 0.983737 0.894451
vt 0.980439 0.283319
vt 0.981923 0.282258
vt 0.982319 0.891285
vt 0.776464 0.537200
vt 0.774876 0.536529
vt 0.775085 0.537847
vt 0.982608 0.895170
vt 0.779299 0.538279
vt 0.778972 0.534554
vt 0.782579 0.536521
vt 0.780624 0.530821
vt 0.781451 0.533146
vt 0.783988 0.526211
vt 0.784400 0.529420
vt 0.788052 0.529358
vt 0.784535 0.533427
vt 0.787927 0.535369
vt 0.789500 0.532436
vt 0.792432 0.535783
vt 0.788811 0.538735
vt 0.785524 0.538845
vt 0.786903 0.541848
vt 0.783702 0.541556
vt 0.782318 0.538964
vt 0.785103 0.544949
vt 0.788306 0.545243
vt 0.786955 0.548337
vt 0.788594 0.552019
vt 0.790749 0.545461
vt 0.784971 0.551300
vt 0.793900 0.542491
vt 0.790242 0.541333
vt 0.798386 0.543724
vt 0.798667 0.540877
vt 0.792153 0.538630
vt 0.795485 0.538938
vt 0.799339 0.538060
vt 0.802531 0.539590
vt 0.801766 0.543218
vt 0.805008 0.543520
vt 0.805339 0.540262
vt 0.804012 0.536444
vt 0.800659 0.534737
vt 0.803918 0.532746
vt 0.800536 0.529561
vt 0.797874 0.534660
vt 0.796157 0.530238
vt 0.794242 0.533682
vt 0.799119 0.527192
vt 0.797034 0.527096
vt 0.795197 0.526836
vt 0.792600 0.528374
vt 0.793584 0.526358
vt 0.791760 0.525491
vt 0.789980 0.524839
vt 0.792801 0.511044
vt 0.788000 0.524042
vt 0.791174 0.510333
vt 0.791908 0.508589
vt 0.789736 0.509563
vt 0.792163 0.505165
vt 0.793863 0.507088
vt 0.789586 0.504621
vt 0.795992 0.510334
vt 0.794725 0.511668
vt 0.788544 0.508124
vt 0.786492 0.503135
vt 0.787448 0.507986
vt 0.786934 0.521861
vt 0.785923 0.506632
vt 0.785596 0.521049
vt 0.784146 0.518966
vt 0.783002 0.522627
vt 0.784486 0.504666
vt 0.782742 0.517299
vt 0.783186 0.500017
vt 0.785042 0.499188
vt 0.783225 0.503630
vt 0.783271 0.494703
vt 0.787054 0.499370
vt 0.785214 0.494020
vt 0.788408 0.498230
vt 0.786726 0.491926
vt 0.788939 0.488080
vt 0.790428 0.502304
vt 0.792469 0.488403
vt 0.786995 0.488942
vt 0.787225 0.487163
vt 0.790715 0.487268
vt 0.957876 0.423651
vt 0.957402 0.421018
vt 0.959255 0.417583
vt 0.958117 0.417525
vt 0.956269 0.424403
vt 0.956687 0.426893
vt 0.794087 0.488019
vt 0.956577 0.431382
vt 0.958908 0.420238
vt 0.957673 0.428886
vt 0.958154 0.437920
vt 0.961764 0.430545
vt 0.757372 0.244219
vt 0.742322 0.244219
vt 0.745535 0.243061
vt 0.961764 0.415542
vt 0.960212 0.417587
vt 0.771700 0.244211
vt 0.757371 0.243054
vt 0.960212 0.443506
vt 0.961764 0.444828
vt 0.959687 0.443507
vt 0.767738 0.990301
vt 0.768262 0.990303
vt 0.768250 0.992610
vt 0.972634 0.989963
vt 0.970330 0.990094
vt 0.972688 0.988069
vt 0.960685 0.446897
vt 0.971757 0.987233
vt 0.970529 0.986645
vt 0.843698 0.065053
vt 0.844775 0.065065
vt 0.844785 0.066616
vt 0.972968 0.986946
vt 0.974823 0.987632
vt 0.973970 0.989285
vt 0.861946 0.425688
vt 0.862797 0.425721
vt 0.863071 0.427238
vt 0.861808 0.427238
vt 0.768262 0.994002
vt 0.765488 0.993171
vt 0.765627 0.994478
vt 0.254678 0.929340
vt 0.251978 0.929340
vt 0.252262 0.927840
vt 0.813940 0.492984
vt 0.811218 0.491344
vt 0.813055 0.491628
vt 0.813124 0.495947
vt 0.253702 0.926267
vt 0.816787 0.493764
vt 0.815335 0.496316
vt 0.813217 0.501704
vt 0.810619 0.501794
vt 0.809687 0.499877
vt 0.807726 0.489811
vt 0.807755 0.503901
vt 0.805288 0.506026
vt 0.805405 0.508013
vt 0.808585 0.507783
vt 0.806886 0.510949
vt 0.810753 0.508478
vt 0.808803 0.510116
vt 0.808368 0.522814
vt 0.806704 0.524780
vt 0.804557 0.528325
vt 0.804749 0.525038
vt 0.805201 0.511536
vt 0.803046 0.525861
vt 0.803264 0.511904
vt 0.801137 0.526555
vt 0.800441 0.510705
vt 0.801470 0.512245
vt 0.797096 0.508991
vt 0.799487 0.509176
vt 0.801699 0.508593
vt 0.797949 0.512230
vt 0.796432 0.512032
vt 0.799484 0.512327
vt 0.800096 0.489105
vt 0.798653 0.488972
vt 0.795460 0.508298
vt 0.796608 0.488783
vt 0.798414 0.488380
vt 0.794640 0.488602
vt 0.801539 0.489238
vt 0.796584 0.487538
vt 0.955902 0.428735
vt 0.801068 0.487938
vt 0.802750 0.488817
vt 0.803585 0.489427
vt 0.806191 0.488706
vt 0.805553 0.489609
vt 0.803577 0.507483
vt 0.957815 0.440246
vt 0.957272 0.440991
vt 0.956653 0.436514
vt 0.810661 0.489435
vt 0.955908 0.433077
vt 0.957899 0.443410
vt 0.959168 0.443501
vt 0.767219 0.990384
vt 0.765962 0.991532
vt 0.813076 0.489987
vt 0.815967 0.500588
vt 0.815126 0.505193
vt 0.817257 0.496000
vt 0.818255 0.498867
vt 0.816959 0.503210
vt 0.815273 0.516526
vt 0.814117 0.516695
vt 0.405054 0.769298
vt 0.407839 0.769320
vt 0.406139 0.769066
vt 0.032828 0.987924
vt 0.033605 0.988807
vt 0.863135 0.425754
vt 0.864254 0.425688
vt 0.863962 0.427245
vt 0.864254 0.427259
vt 0.865409 0.427347
vt 0.864272 0.427245
vt 0.865409 0.425787
vt 0.774046 0.218475
vt 0.774038 0.215160
vt 0.775121 0.215492
vt 0.777166 0.212868
vt 0.775598 0.218595
vt 0.774595 0.214287
vt 0.864254 0.425688
vt 0.776763 0.218626
vt 0.674747 0.989516
vt 0.675611 0.991515
vt 0.674083 0.991817
vt 0.673900 0.990889
vt 0.804595 0.963681
vt 0.805539 0.963638
vt 0.803411 0.963791
vt 0.821005 0.226868
vt 0.820656 0.216857
vt 0.822265 0.217409
vt 0.676070 0.987729
vt 0.819421 0.215579
vt 0.677183 0.991195
vt 0.677183 0.986492
vt 0.889859 0.986307
vt 0.891410 0.985577
vt 0.889859 0.991980
vt 0.891410 0.992710
vt 0.537445 0.988556
vt 0.542044 0.987964
vt 0.542050 0.989480
vt 0.888761 0.990368
vt 0.888951 0.987414
vt 0.542041 0.983827
vt 0.542039 0.985005
vt 0.537450 0.984858
vt 0.538198 0.983720
vt 0.542045 0.982971
vt 0.819436 0.211869
vt 0.819011 0.212848
vt 0.817736 0.202675
vt 0.537141 0.985871
vt 0.820391 0.210810
vt 0.818987 0.203400
vt 0.816920 0.202238
vt 0.816594 0.222322
vt 0.818922 0.213923
vt 0.818093 0.223725
vt 0.815656 0.201612
vt 0.537080 0.986949
vt 0.542040 0.986404
vt 0.888535 0.988784
vt 0.821155 0.204769
vt 0.823100 0.205601
vt 0.538846 0.977632
vt 0.540804 0.978289
vt 0.539796 0.982893
vt 0.822138 0.210135
vt 0.541105 0.982724
vt 0.542050 0.982723
vt 0.542042 0.978118
vt 0.775592 0.206601
vt 0.777490 0.203785
vt 0.778200 0.207192
vt 0.542044 0.975156
vt 0.775595 0.211221
vt 0.780194 0.201053
vt 0.409501 0.778747
vt 0.409544 0.784958
vt 0.408221 0.781966
vt 0.408191 0.785581
vt 0.407871 0.789267
vt 0.409570 0.789068
vt 0.407269 0.786111
vt 0.406615 0.789374
vt 0.406612 0.791695
vt 0.818810 0.537050
vt 0.818994 0.533792
vt 0.409487 0.773035
vt 0.774042 0.211343
vt 0.079298 0.362326
vt 0.079304 0.359011
vt 0.079304 0.366143
vt 0.409495 0.767266
vt 0.879944 0.340160
vt 0.878909 0.339651
vt 0.879944 0.338433
vt 0.863071 0.427327
vt 0.406664 0.755679
vt 0.407303 0.768911
vt 0.407588 0.754757
vt 0.407844 0.751273
vt 0.408163 0.746469
vt 0.818518 0.494071
vt 0.974823 0.984067
vt 0.252730 0.924334
vt 0.408933 0.743716
vt 0.407970 0.743217
vt 0.971683 0.985451
vt 0.961110 0.449006
vt 0.960189 0.447932
vt 0.961761 0.446935
vt 0.961734 0.449184
vt 0.773831 0.244001
vt 0.772096 0.242875
vt 0.773615 0.242299
vt 0.839494 0.066635
vt 0.838282 0.066888
vt 0.838808 0.065191
vt 0.843384 0.066616
vt 0.839494 0.065053
vt 0.772263 0.241618
vt 0.769208 0.243048
vt 0.770732 0.239148
vt 0.769345 0.241674
vt 0.806580 0.987130
vt 0.806642 0.988509
vt 0.803489 0.988661
vt 0.803118 0.986901
vt 0.802963 0.985365
vt 0.806466 0.984501
vt 0.816834 0.241888
vt 0.816844 0.235354
vt 0.817088 0.240127
vt 0.817793 0.238638
vt 0.814438 0.241885
vt 0.802853 0.988887
vt 0.802384 0.989099
vt 0.812135 0.241883
vt 0.802049 0.989306
vt 0.809809 0.241882
vt 0.811338 0.224498
vt 0.803399 0.984045
vt 0.745485 0.241937
vt 0.806642 0.990464
vt 0.522866 0.991116
vt 0.519716 0.991116
vt 0.519721 0.989995
vt 0.803489 0.990596
vt 0.793408 0.241888
vt 0.792999 0.239712
vt 0.523216 0.988959
vt 0.791705 0.237959
vt 0.519764 0.987634
vt 0.523180 0.987257
vt 0.744381 0.239532
vt 0.742802 0.242711
vt 0.519830 0.986667
vt 0.818582 0.337906
vt 0.819879 0.337965
vt 0.818934 0.339475
vt 0.820047 0.339531
vt 0.820047 0.337978
vt 0.137786 0.987823
vt 0.136777 0.987271
vt 0.137091 0.985470
vt 0.865547 0.152663
vt 0.136709 0.988576
vt 0.139060 0.987951
vt 0.960489 0.415059
vt 0.960181 0.412487
vt 0.961140 0.412514
vt 0.354565 0.765856
vt 0.354456 0.763393
vt 0.354565 0.762362
vt 0.134584 0.984702
vt 0.203143 0.693138
vt 0.203669 0.692464
vt 0.204088 0.694093
vt 0.550372 0.999205
vt 0.549753 0.996435
vt 0.550372 0.995494
vt 0.203516 0.687041
vt 0.203289 0.689647
vt 0.202141 0.686875
vt 0.780895 0.491515
vt 0.781267 0.490493
vt 0.781572 0.494291
vt 0.204084 0.685619
vt 0.204687 0.691289
vt 0.203124 0.675770
vt 0.202884 0.682303
vt 0.202097 0.682425
vt 0.200854 0.679713
vt 0.201434 0.667868
vt 0.781837 0.501452
vt 0.780859 0.498734
vt 0.202520 0.668343
vt 0.781406 0.513788
vt 0.780119 0.513283
vt 0.200213 0.667372
vt 0.203121 0.667510
vt 0.781924 0.514656
vt 0.199720 0.666507
vt 0.199721 0.665059
vt 0.203123 0.665605
vt 0.781788 0.516104
vt 0.267650 0.837764
vt 0.203117 0.664275
vt 0.780825 0.516835
vt 0.781602 0.518838
vt 0.227252 0.991431
vt 0.227511 0.992587
vt 0.779271 0.516906
vt 0.204676 0.679712
vt 0.737960 0.228511
vt 0.737918 0.217363
vt 0.739124 0.228511
vt 0.177122 0.981414
vt 0.176177 0.991304
vt 0.176194 0.977673
vt 0.177122 0.991303
vt 0.787704 0.228955
vt 0.786885 0.231090
vt 0.175303 0.979835
vt 0.789070 0.227147
vt 0.788333 0.217338
vt 0.174699 0.991466
vt 0.790542 0.225295
vt 0.789644 0.216842
vt 0.790603 0.215921
vt 0.560452 0.966900
vt 0.556036 0.967595
vt 0.556768 0.966639
vt 0.560483 0.968041
vt 0.555670 0.968549
vt 0.791122 0.214985
vt 0.560498 0.969426
vt 0.791315 0.213923
vt 0.555541 0.969617
vt 0.640458 0.989902
vt 0.640423 0.988823
vt 0.640838 0.987453
vt 0.560498 0.970502
vt 0.555601 0.970690
vt 0.560487 0.971497
vt 0.640838 0.990912
vt 0.791226 0.212847
vt 0.783731 0.490686
vt 0.827309 0.992310
vt 0.827790 0.989741
vt 0.829725 0.990609
vt 0.828908 0.986958
vt 0.786136 0.490180
vt 0.374813 0.991668
vt 0.372088 0.992004
vt 0.372074 0.990758
vt 0.830129 0.992310
vt 0.374813 0.994587
vt 0.373857 0.994520
vt 0.139060 0.990480
vt 0.136120 0.990124
vt 0.134605 0.988447
vt 0.372730 0.993787
vt 0.961751 0.412784
vt 0.204697 0.694359
vt 0.842091 0.065053
vt 0.522600 0.986648
vt 0.808169 0.543815
vt 0.773943 0.539665
vt 0.980694 0.891937
vt 0.980640 0.895170
vt 0.980197 0.281584
vt 0.981597 0.279810
vt 0.574371 0.992421
vt 0.574894 0.993964
vt 0.571746 0.993964
vt 0.572885 0.991011
vt 0.982543 0.281211
vt 0.573668 0.990071
vt 0.202090 0.641017
vt 0.771484 0.540056
vt 0.873266 0.339993
vt 0.872142 0.340086
vt 0.872319 0.338517
vt 0.820387 0.066619
vt 0.873266 0.338433
vt 0.793637 0.222323
vt 0.793311 0.202240
vt 0.794576 0.201612
vt 0.795987 0.199394
vt 0.796311 0.200839
vt 0.795537 0.221003
vt 0.797649 0.200317
vt 0.799012 0.199867
vt 0.795417 0.196230
vt 0.798625 0.197021
vt 0.792251 0.194630
vt 0.789327 0.196241
vt 0.789165 0.193032
vt 0.789142 0.190611
vt 0.795317 0.193021
vt 0.793710 0.190603
vt 0.792187 0.188186
vt 0.795337 0.187378
vt 0.797717 0.189186
vt 0.798953 0.193821
vt 0.800979 0.191201
vt 0.801002 0.186569
vt 0.798603 0.184972
vt 0.805111 0.191401
vt 0.804285 0.187975
vt 0.808831 0.191604
vt 0.808418 0.188982
vt 0.795174 0.182604
vt 0.790674 0.182217
vt 0.793858 0.184978
vt 0.790811 0.184983
vt 0.787888 0.184990
vt 0.788077 0.188195
vt 0.784867 0.186098
vt 0.785780 0.182232
vt 0.782748 0.183780
vt 0.785386 0.188797
vt 0.784203 0.187608
vt 0.782246 0.186999
vt 0.104701 0.975977
vt 0.104642 0.976277
vt 0.102913 0.976274
vt 0.103173 0.979512
vt 0.101379 0.975727
vt 0.735868 0.188530
vt 0.104751 0.975123
vt 0.104650 0.979517
vt 0.103213 0.984363
vt 0.784769 0.179004
vt 0.104690 0.984370
vt 0.786907 0.175885
vt 0.787440 0.177441
vt 0.103266 0.987564
vt 0.736983 0.180174
vt 0.104743 0.987571
vt 0.739120 0.177053
vt 0.738209 0.176383
vt 0.741024 0.174947
vt 0.741978 0.172585
vt 0.204625 0.627738
vt 0.202971 0.627740
vt 0.104794 0.989749
vt 0.103316 0.989742
vt 0.478798 0.990159
vt 0.480276 0.990159
vt 0.788812 0.173779
vt 0.789950 0.174868
vt 0.774953 0.553368
vt 0.774561 0.551964
vt 0.202244 0.629139
vt 0.790064 0.178756
vt 0.100495 0.974578
vt 0.104777 0.974137
vt 0.100164 0.973224
vt 0.785846 0.190166
vt 0.104794 0.972759
vt 0.100291 0.971527
vt 0.785686 0.191859
vt 0.737843 0.190447
vt 0.738117 0.191836
vt 0.801027 0.218697
vt 0.800397 0.199483
vt 0.798734 0.219415
vt 0.797136 0.220110
vt 0.801802 0.199196
vt 0.802732 0.218371
vt 0.868642 0.241616
vt 0.628505 0.991205
vt 0.929033 0.382694
vt 0.929015 0.385483
vt 0.927532 0.386626
vt 0.928997 0.390569
vt 0.798894 0.168105
vt 0.797135 0.170349
vt 0.794833 0.169563
vt 0.927554 0.382695
vt 0.802480 0.169516
vt 0.804237 0.167222
vt 0.927517 0.391882
vt 0.795513 0.171151
vt 0.800457 0.171164
vt 0.795456 0.173081
vt 0.445739 0.614759
vt 0.446973 0.616440
vt 0.444104 0.616209
vt 0.448034 0.618476
vt 0.443923 0.618290
vt 0.448410 0.619857
vt 0.804040 0.172880
vt 0.805467 0.169197
vt 0.809298 0.171503
vt 0.806429 0.175563
vt 0.810844 0.177223
vt 0.809524 0.174295
vt 0.815295 0.175750
vt 0.812595 0.174298
vt 0.813216 0.170508
vt 0.814784 0.173081
vt 0.808692 0.168550
vt 0.811464 0.168124
vt 0.815415 0.169563
vt 0.814774 0.171002
vt 0.525225 0.178602
vt 0.526523 0.176488
vt 0.529305 0.177289
vt 0.529255 0.175402
vt 0.527765 0.174961
vt 0.767057 0.174417
vt 0.766799 0.173025
vt 0.529344 0.178654
vt 0.767824 0.175608
vt 0.529378 0.179777
vt 0.524799 0.179777
vt 0.815490 0.174305
vt 0.816819 0.175249
vt 0.527044 0.978639
vt 0.527040 0.977238
vt 0.531618 0.977367
vt 0.531630 0.979110
vt 0.527516 0.980169
vt 0.818329 0.175564
vt 0.820309 0.177424
vt 0.820168 0.174959
vt 0.531625 0.981394
vt 0.528741 0.981952
vt 0.823017 0.176879
vt 0.823164 0.180283
vt 0.825479 0.179004
vt 0.823341 0.175885
vt 0.531601 0.983118
vt 0.531630 0.985185
vt 0.530152 0.985185
vt 0.530123 0.983118
vt 0.821436 0.173779
vt 0.934296 0.459382
vt 0.769496 0.176570
vt 0.807779 0.167356
vt 0.927518 0.395423
vt 0.444267 0.614630
vt 0.795530 0.564340
vt 0.798567 0.564175
vt 0.802369 0.563332
vt 0.871005 0.338433
vt 0.872142 0.338524
vt 0.872142 0.340085
vt 0.874356 0.338433
vt 0.875514 0.338452
vt 0.874545 0.339983
vt 0.871007 0.339984
vt 0.875514 0.340026
vt 0.061446 0.884885
vt 0.063060 0.883468
vt 0.063036 0.885885
vt 0.061507 0.886760
vt 0.062823 0.888097
vt 0.063951 0.886596
vt 0.064201 0.885380
vt 0.878909 0.339992
vt 0.878240 0.339986
vt 0.878909 0.338437
vt 0.065455 0.883461
vt 0.132865 0.994667
vt 0.134422 0.992959
vt 0.134536 0.995726
vt 0.134536 0.991760
vt 0.132466 0.994336
vt 0.808556 0.557878
vt 0.807119 0.557197
vt 0.809969 0.555526
vt 0.108851 0.987605
vt 0.109144 0.986538
vt 0.112421 0.986522
vt 0.804833 0.558138
vt 0.804504 0.555769
vt 0.801957 0.559542
vt 0.804396 0.560036
vt 0.802906 0.562054
vt 0.805453 0.562164
vt 0.112395 0.987706
vt 0.109970 0.989500
vt 0.112421 0.989562
vt 0.112316 0.991518
vt 0.813271 0.554907
vt 0.811054 0.557618
vt 0.809689 0.559723
vt 0.811423 0.558439
vt 0.813977 0.555820
vt 0.406522 0.810324
vt 0.816292 0.552670
vt 0.406303 0.807500
vt 0.407653 0.805104
vt 0.817711 0.550155
vt 0.407822 0.802518
vt 0.409517 0.800639
vt 0.406688 0.800453
vt 0.065455 0.885921
vt 0.065092 0.888337
vt 0.877761 0.338433
vt 0.781831 0.189227
vt 0.781934 0.193123
vt 0.443823 0.619857
vt 0.867381 0.427411
vt 0.866613 0.426976
vt 0.867381 0.425630
vt 0.866135 0.338546
vt 0.602851 0.794971
vt 0.602851 0.796387
vt 0.602754 0.796339
vt 0.866135 0.340043
vt 0.864945 0.339734
vt 0.866135 0.338433
vt 0.809227 0.218705
vt 0.129603 0.336671
vt 0.130017 0.336306
vt 0.129994 0.337111
vt 0.129212 0.337111
vt 0.129183 0.336241
vt 0.223228 0.992734
vt 0.223752 0.992737
vt 0.223752 0.998946
vt 0.847574 0.998881
vt 0.846942 0.998865
vt 0.847137 0.992659
vt 0.847574 0.992682
vt 0.598566 0.621371
vt 0.599320 0.620936
vt 0.600208 0.623291
vt 0.223293 0.998944
vt 0.598125 0.620928
vt 0.597105 0.632584
vt 0.598632 0.629063
vt 0.222851 0.998944
vt 0.598180 0.620484
vt 0.598131 0.611393
vt 0.597378 0.618944
vt 0.597227 0.617146
vt 0.596927 0.615368
vt 0.596479 0.613620
vt 0.595886 0.611916
vt 0.597032 0.607410
vt 0.597377 0.620748
vt 0.598824 0.620262
vt 0.599464 0.612955
vt 0.645870 0.906232
vt 0.646563 0.906289
vt 0.645913 0.912467
vt 0.646563 0.912510
vt 0.846464 0.992677
vt 0.600422 0.618110
vt 0.601308 0.616971
vt 0.601849 0.620556
vt 0.732531 0.140673
vt 0.732044 0.140016
vt 0.733498 0.139575
vt 0.732085 0.137067
vt 0.731563 0.139689
vt 0.730594 0.137659
vt 0.731759 0.133712
vt 0.731250 0.136580
vt 0.732295 0.133475
vt 0.601340 0.624172
vt 0.600971 0.624864
vt 0.354181 0.627949
vt 0.354480 0.623902
vt 0.354555 0.628485
vt 0.732534 0.132800
vt 0.727709 0.133013
vt 0.727711 0.133536
vt 0.714740 0.132808
vt 0.722387 0.133982
vt 0.721763 0.133796
vt 0.732533 0.130904
vt 0.714509 0.131580
vt 0.713942 0.131831
vt 0.714898 0.133659
vt 0.720820 0.135129
vt 0.721414 0.137493
vt 0.721126 0.138389
vt 0.715356 0.136156
vt 0.715457 0.138754
vt 0.714460 0.135772
vt 0.713513 0.138741
vt 0.713517 0.133947
vt 0.355795 0.769959
vt 0.354584 0.772551
vt 0.354703 0.767758
vt 0.713516 0.129611
vt 0.356579 0.770142
vt 0.355321 0.776927
vt 0.358783 0.775848
vt 0.688198 0.991930
vt 0.688198 0.998928
vt 0.688018 0.998905
vt 0.470108 0.998854
vt 0.469563 0.991869
vt 0.470322 0.991869
vt 0.357759 0.769612
vt 0.356822 0.769393
vt 0.470461 0.998856
vt 0.873001 0.510053
vt 0.872991 0.503821
vt 0.873193 0.507851
vt 0.361816 0.781503
vt 0.360158 0.780616
vt 0.872940 0.515699
vt 0.873176 0.511917
vt 0.356484 0.780122
vt 0.359215 0.781013
vt 0.358417 0.783570
vt 0.359582 0.780567
vt 0.512353 0.756692
vt 0.512576 0.756287
vt 0.512684 0.758774
vt 0.512684 0.754478
vt 0.878041 0.507375
vt 0.873189 0.505395
vt 0.878039 0.509131
vt 0.873189 0.509597
vt 0.873172 0.502457
vt 0.878030 0.503781
vt 0.878038 0.505587
vt 0.873146 0.499751
vt 0.877999 0.500164
vt 0.878017 0.501969
vt 0.877976 0.498378
vt 0.872910 0.496553
vt 0.873107 0.497100
vt 0.900632 0.042885
vt 0.898868 0.042471
vt 0.898894 0.042377
vt 0.897178 0.041820
vt 0.877949 0.496625
vt 0.897144 0.041911
vt 0.877946 0.496653
vt 0.877914 0.494951
vt 0.892846 0.494845
vt 0.892878 0.496546
vt 0.877973 0.498399
vt 0.895515 0.041121
vt 0.892810 0.493199
vt 0.877878 0.493306
vt 0.893917 0.040285
vt 0.895474 0.041209
vt 0.893868 0.040369
vt 0.877880 0.493262
vt 0.877917 0.494915
vt 0.873059 0.494533
vt 0.873022 0.492896
vt 0.148189 0.875131
vt 0.148189 0.877846
vt 0.147979 0.877340
vt 0.361810 0.756392
vt 0.360372 0.758695
vt 0.360894 0.757423
vt 0.872958 0.490588
vt 0.877840 0.491677
vt 0.872802 0.491622
vt 0.892338 0.039398
vt 0.892394 0.039318
vt 0.890957 0.038228
vt 0.890895 0.038303
vt 0.877796 0.490171
vt 0.877748 0.488754
vt 0.889548 0.037090
vt 0.889616 0.037021
vt 0.877793 0.490228
vt 0.877746 0.488818
vt 0.892679 0.488712
vt 0.888381 0.035706
vt 0.877696 0.487507
vt 0.892628 0.487401
vt 0.961260 0.245327
vt 0.961276 0.244222
vt 0.976216 0.244219
vt 0.590932 0.604455
vt 0.589787 0.603413
vt 0.589813 0.602202
vt 0.590365 0.601573
vt 0.590765 0.600284
vt 0.592167 0.605770
vt 0.589597 0.601131
vt 0.593641 0.601404
vt 0.593689 0.602855
vt 0.590604 0.598895
vt 0.587722 0.598261
vt 0.588846 0.599902
vt 0.592171 0.600091
vt 0.586633 0.601189
vt 0.585034 0.600353
vt 0.583372 0.599654
vt 0.588155 0.602156
vt 0.961227 0.248395
vt 0.961241 0.246910
vt 0.976181 0.246907
vt 0.976166 0.248392
vt 0.961214 0.249961
vt 0.976197 0.245512
vt 0.885394 0.031209
vt 0.886263 0.032789
vt 0.886180 0.032840
vt 0.887261 0.034292
vt 0.887182 0.034349
vt 0.888308 0.035769
vt 0.236570 0.964395
vt 0.236588 0.962994
vt 0.241425 0.964055
vt 0.236608 0.961695
vt 0.241454 0.962017
vt 0.347718 0.729737
vt 0.347870 0.732448
vt 0.347554 0.729737
vt 0.347870 0.727026
vt 0.241400 0.966279
vt 0.236554 0.965886
vt 0.236539 0.967459
vt 0.885307 0.031252
vt 0.884570 0.029596
vt 0.884660 0.029561
vt 0.884067 0.027857
vt 0.976153 0.249957
vt 0.976143 0.251592
vt 0.961203 0.251596
vt 0.883618 0.026110
vt 0.883974 0.027885
vt 0.976134 0.253286
vt 0.961194 0.253289
vt 0.578771 0.595460
vt 0.584283 0.596700
vt 0.581656 0.599096
vt 0.579900 0.598683
vt 0.961188 0.255029
vt 0.587218 0.596881
vt 0.585419 0.596075
vt 0.583563 0.595410
vt 0.581662 0.594889
vt 0.732460 0.162194
vt 0.732453 0.162934
vt 0.715378 0.162872
vt 0.732445 0.163531
vt 0.715370 0.163481
vt 0.715363 0.163943
vt 0.371792 0.744396
vt 0.373700 0.743876
vt 0.372696 0.744963
vt 0.375643 0.743505
vt 0.376451 0.744204
vt 0.380278 0.744031
vt 0.377608 0.743285
vt 0.378064 0.745464
vt 0.378706 0.745076
vt 0.379584 0.743217
vt 0.381560 0.743301
vt 0.384086 0.744450
vt 0.379228 0.745442
vt 0.383524 0.743538
vt 0.385463 0.743926
vt 0.387784 0.745449
vt 0.386144 0.748134
vt 0.390441 0.746550
vt 0.389223 0.745144
vt 0.387366 0.744462
vt 0.449270 0.665102
vt 0.449290 0.665784
vt 0.432344 0.667779
vt 0.432325 0.667101
vt 0.432381 0.668597
vt 0.430543 0.669398
vt 0.449328 0.666605
vt 0.432437 0.669551
vt 0.430630 0.670822
vt 0.432512 0.670634
vt 0.392934 0.747982
vt 0.390925 0.748134
vt 0.430804 0.673127
vt 0.395983 0.750301
vt 0.390874 0.748690
vt 0.390477 0.747747
vt 0.597303 0.998931
vt 0.597047 0.991947
vt 0.597606 0.991943
vt 0.596802 0.998936
vt 0.424015 0.990246
vt 0.423550 0.990250
vt 0.423882 0.983262
vt 0.389922 0.747905
vt 0.424523 0.983264
vt 0.424563 0.990250
vt 0.783868 0.339491
vt 0.783298 0.339752
vt 0.783291 0.339276
vt 0.783813 0.338897
vt 0.998019 0.719911
vt 0.998009 0.712931
vt 0.998413 0.712925
vt 0.998566 0.719908
vt 0.998936 0.712934
vt 0.783743 0.340087
vt 0.999056 0.719929
vt 0.999056 0.712957
vt 0.784381 0.339820
vt 0.597886 0.998928
vt 0.597886 0.991943
vt 0.784381 0.339146
vt 0.389736 0.748452
vt 0.390303 0.748944
vt 0.391281 0.750495
vt 0.394501 0.752618
vt 0.392114 0.751290
vt 0.241369 0.986900
vt 0.241543 0.983155
vt 0.241570 0.988392
vt 0.389815 0.749845
vt 0.241386 0.989260
vt 0.236541 0.989826
vt 0.236528 0.988299
vt 0.394214 0.753012
vt 0.241408 0.991434
vt 0.887182 0.008914
vt 0.888308 0.007494
vt 0.888381 0.007557
vt 0.889616 0.006242
vt 0.236556 0.991265
vt 0.889548 0.006173
vt 0.961276 0.274996
vt 0.961258 0.273660
vt 0.976197 0.273657
vt 0.976216 0.274993
vt 0.976181 0.272224
vt 0.890957 0.005035
vt 0.882400 0.763527
vt 0.882406 0.764844
vt 0.867465 0.764862
vt 0.892394 0.003945
vt 0.890895 0.004960
vt 0.867459 0.763546
vt 0.862612 0.764613
vt 0.867458 0.763609
vt 0.867465 0.764931
vt 0.892338 0.003865
vt 0.236572 0.992607
vt 0.241427 0.992927
vt 0.862605 0.763085
vt 0.395644 0.754463
vt 0.602743 0.761886
vt 0.602938 0.760097
vt 0.602938 0.765235
vt 0.752536 0.578643
vt 0.752625 0.576607
vt 0.752625 0.580908
vt 0.862404 0.761265
vt 0.862597 0.761066
vt 0.867452 0.762188
vt 0.867447 0.760677
vt 0.893868 0.002894
vt 0.895474 0.002054
vt 0.895515 0.002142
vt 0.893917 0.002978
vt 0.882388 0.760609
vt 0.882394 0.762112
vt 0.867453 0.762131
vt 0.867447 0.760627
vt 0.557921 0.607915
vt 0.556986 0.609458
vt 0.556450 0.609634
vt 0.555747 0.605628
vt 0.558157 0.602720
vt 0.558982 0.606456
vt 0.554261 0.606064
vt 0.553811 0.608870
vt 0.554375 0.609547
vt 0.555384 0.604444
vt 0.556629 0.602915
vt 0.556184 0.611073
vt 0.555519 0.612750
vt 0.554998 0.614477
vt 0.554622 0.616242
vt 0.554395 0.618031
vt 0.554319 0.619834
vt 0.554004 0.632020
vt 0.553578 0.619048
vt 0.552393 0.612370
vt 0.553560 0.618601
vt 0.552938 0.618325
vt 0.551103 0.613257
vt 0.551527 0.616046
vt 0.552405 0.609539
vt 0.551682 0.611373
vt 0.550670 0.615180
vt 0.450632 0.681033
vt 0.450837 0.682908
vt 0.433890 0.684927
vt 0.451051 0.684820
vt 0.434106 0.686846
vt 0.432371 0.688500
vt 0.434329 0.688791
vt 0.431886 0.684195
vt 0.403171 0.761443
vt 0.404072 0.765779
vt 0.403078 0.767612
vt 0.404427 0.771149
vt 0.403176 0.768346
vt 0.432997 0.693833
vt 0.434486 0.690918
vt 0.451316 0.687114
vt 0.451536 0.688985
vt 0.451738 0.690670
vt 0.434353 0.693159
vt 0.451978 0.692619
vt 0.434216 0.695524
vt 0.452219 0.694548
vt 0.434114 0.697296
vt 0.433543 0.698262
vt 0.433976 0.699673
vt 0.433912 0.701149
vt 0.403911 0.775610
vt 0.402605 0.768600
vt 0.403193 0.778518
vt 0.434440 0.702273
vt 0.434829 0.704277
vt 0.452711 0.698346
vt 0.400961 0.763808
vt 0.402038 0.768108
vt 0.401027 0.772292
vt 0.434277 0.703861
vt 0.401977 0.781250
vt 0.205445 0.887023
vt 0.205645 0.884655
vt 0.205645 0.887145
vt 0.526137 0.711543
vt 0.526137 0.718762
vt 0.525943 0.713846
vt 0.862386 0.755529
vt 0.862373 0.747058
vt 0.862573 0.751055
vt 0.862570 0.749018
vt 0.400312 0.779294
vt 0.398388 0.779395
vt 0.862568 0.747210
vt 0.867419 0.746754
vt 0.862567 0.744755
vt 0.867421 0.748559
vt 0.907847 0.000227
vt 0.909626 0.000567
vt 0.909604 0.000661
vt 0.867423 0.750371
vt 0.906044 0.000038
vt 0.907832 0.000323
vt 0.867423 0.750367
vt 0.867421 0.748563
vt 0.882362 0.748545
vt 0.882360 0.746748
vt 0.867419 0.746766
vt 0.906038 0.000135
vt 0.882364 0.750349
vt 0.904235 0.000097
vt 0.904233 0.000000
vt 0.867426 0.752165
vt 0.867426 0.752177
vt 0.862577 0.753525
vt 0.867429 0.753964
vt 0.902424 0.000114
vt 0.536730 0.966305
vt 0.536693 0.968342
vt 0.536251 0.968250
vt 0.862581 0.755505
vt 0.537054 0.963836
vt 0.867433 0.755720
vt 0.867437 0.757432
vt 0.862590 0.758676
vt 0.537054 0.971715
vt 0.898868 0.000792
vt 0.900632 0.000378
vt 0.900650 0.000474
vt 0.902435 0.000210
vt 0.867433 0.755692
vt 0.867429 0.753944
vt 0.882370 0.753926
vt 0.882367 0.752147
vt 0.898894 0.000886
vt 0.867437 0.757396
vt 0.882374 0.755674
vt 0.897178 0.001443
vt 0.897144 0.001352
vt 0.867442 0.759045
vt 0.882378 0.757378
vt 0.867442 0.759088
vt 0.882383 0.759027
vt 0.554394 0.621636
vt 0.554620 0.623426
vt 0.882359 0.744969
vt 0.554994 0.625190
vt 0.882359 0.743223
vt 0.867418 0.744988
vt 0.555515 0.626917
vt 0.913032 0.001775
vt 0.911342 0.001147
vt 0.911372 0.001054
vt 0.867418 0.743241
vt 0.867418 0.743213
vt 0.867418 0.744967
vt 0.913070 0.001686
vt 0.862567 0.741939
vt 0.867418 0.741502
vt 0.914665 0.002543
vt 0.914710 0.002457
vt 0.916227 0.003445
vt 0.867418 0.739848
vt 0.916279 0.003364
vt 0.882361 0.738293
vt 0.882360 0.739873
vt 0.867419 0.739891
vt 0.867420 0.738311
vt 0.917708 0.004475
vt 0.867418 0.741538
vt 0.554965 0.636011
vt 0.556180 0.628597
vt 0.556980 0.630211
vt 0.557914 0.631754
vt 0.882359 0.741517
vt 0.557604 0.641609
vt 0.558974 0.633214
vt 0.555491 0.640479
vt 0.454124 0.701398
vt 0.454630 0.705354
vt 0.453461 0.703547
vt 0.453853 0.705966
vt 0.455178 0.709787
vt 0.454220 0.708096
vt 0.454741 0.710919
vt 0.455196 0.713258
vt 0.455767 0.714701
vt 0.556850 0.642043
vt 0.555510 0.645428
vt 0.998656 0.376244
vt 0.999263 0.376240
vt 0.999022 0.382451
vt 0.998922 0.317563
vt 0.999692 0.317563
vt 0.999083 0.323769
vt 0.999658 0.382449
vt 0.557061 0.642671
vt 0.999735 0.376240
vt 0.999721 0.382451
vt 0.557685 0.642709
vt 0.560795 0.645416
vt 0.879160 0.730466
vt 0.876378 0.726503
vt 0.882353 0.724526
vt 0.882368 0.734288
vt 0.882345 0.719297
vt 0.560574 0.650658
vt 0.558053 0.650552
vt 0.555236 0.648286
vt 0.560152 0.634580
vt 0.561208 0.635629
vt 0.558045 0.642051
vt 0.555145 0.650429
vt 0.456098 0.717540
vt 0.456350 0.719669
vt 0.450397 0.735923
vt 0.455675 0.715574
vt 0.441359 0.719303
vt 0.449262 0.734547
vt 0.440440 0.719418
vt 0.443138 0.735280
vt 0.440343 0.716028
vt 0.441242 0.717431
vt 0.440881 0.714437
vt 0.440362 0.711506
vt 0.437701 0.708980
vt 0.439578 0.709216
vt 0.437213 0.711344
vt 0.437713 0.706425
vt 0.434649 0.706521
vt 0.435457 0.709914
vt 0.397689 0.787385
vt 0.400418 0.786722
vt 0.399093 0.789011
vt 0.439232 0.716359
vt 0.438250 0.716268
vt 0.397921 0.793643
vt 0.398933 0.794021
vt 0.397253 0.789351
vt 0.396303 0.795608
vt 0.394543 0.790204
vt 0.395387 0.794209
vt 0.395819 0.804498
vt 0.397157 0.807426
vt 0.397374 0.797007
vt 0.398005 0.809283
vt 0.398278 0.797468
vt 0.440347 0.734506
vt 0.439739 0.733418
vt 0.438027 0.719766
vt 0.398894 0.811229
vt 0.438924 0.719626
vt 0.437287 0.716002
vt 0.441248 0.735672
vt 0.439558 0.719535
vt 0.399116 0.797434
vt 0.442063 0.735415
vt 0.442915 0.736959
vt 0.447975 0.736989
vt 0.446335 0.740091
vt 0.441484 0.738332
vt 0.450171 0.738246
vt 0.451489 0.737290
vt 0.452357 0.739092
vt 0.451054 0.741904
vt 0.448673 0.741362
vt 0.448726 0.745536
vt 0.452303 0.743534
vt 0.445622 0.746297
vt 0.445462 0.748672
vt 0.446703 0.743652
vt 0.450241 0.748236
vt 0.447677 0.749463
vt 0.441406 0.751396
vt 0.442009 0.749004
vt 0.447170 0.751458
vt 0.450470 0.750822
vt 0.450032 0.753596
vt 0.445170 0.753467
vt 0.447095 0.755080
vt 0.443733 0.755714
vt 0.441597 0.754572
vt 0.451289 0.754750
vt 0.446792 0.758848
vt 0.449645 0.758547
vt 0.443847 0.759175
vt 0.446685 0.759673
vt 0.079645 0.812993
vt 0.081087 0.807837
vt 0.080582 0.811620
vt 0.079474 0.810405
vt 0.082986 0.803889
vt 0.081652 0.804798
vt 0.083443 0.804406
vt 0.751968 0.576615
vt 0.752163 0.584063
vt 0.751877 0.581138
vt 0.752536 0.590484
vt 0.752183 0.588062
vt 0.088364 0.798413
vt 0.086225 0.799634
vt 0.752090 0.586441
vt 0.752008 0.584739
vt 0.751937 0.582968
vt 0.083782 0.801398
vt 0.086399 0.798358
vt 0.089444 0.796670
vt 0.456585 0.757881
vt 0.453262 0.758186
vt 0.454746 0.754471
vt 0.457223 0.754083
vt 0.458850 0.757690
vt 0.088634 0.796344
vt 0.091103 0.794627
vt 0.557007 0.688575
vt 0.554687 0.688470
vt 0.555886 0.684905
vt 0.553761 0.684688
vt 0.560396 0.688725
vt 0.558164 0.685169
vt 0.094655 0.792774
vt 0.092707 0.794552
vt 0.096721 0.792821
vt 0.094874 0.794216
vt 0.102352 0.792214
vt 0.990747 0.034449
vt 0.990725 0.040595
vt 0.990539 0.038099
vt 0.990713 0.047897
vt 0.990523 0.045049
vt 0.990526 0.043214
vt 0.990530 0.041437
vt 0.990534 0.039728
vt 0.985686 0.038838
vt 0.990544 0.036558
vt 0.985677 0.042265
vt 0.307737 0.863698
vt 0.304016 0.864911
vt 0.302325 0.861987
vt 0.309322 0.859351
vt 0.311222 0.861916
vt 0.985697 0.035752
vt 0.990550 0.035115
vt 0.752286 0.589594
vt 0.752398 0.591026
vt 0.747617 0.591619
vt 0.747393 0.588728
vt 0.314387 0.859608
vt 0.317153 0.856833
vt 0.314853 0.854636
vt 0.747208 0.585456
vt 0.977801 0.305714
vt 0.978022 0.312599
vt 0.977689 0.308791
vt 0.318530 0.848358
vt 0.319453 0.853657
vt 0.978415 0.318321
vt 0.977988 0.315225
vt 0.977897 0.313727
vt 0.977817 0.312148
vt 0.977747 0.310499
vt 0.747066 0.581886
vt 0.751829 0.579261
vt 0.746972 0.578105
vt 0.321229 0.850160
vt 0.751793 0.577347
vt 0.322437 0.846427
vt 0.746928 0.574205
vt 0.751769 0.575408
vt 0.751758 0.573457
vt 0.751760 0.571505
vt 0.751968 0.568851
vt 0.751774 0.569563
vt 0.746935 0.570284
vt 0.751801 0.567645
vt 0.746992 0.566437
vt 0.319907 0.842590
vt 0.323049 0.842550
vt 0.323049 0.838625
vt 0.977624 0.296233
vt 0.977832 0.294871
vt 0.977761 0.299787
vt 0.319822 0.837558
vt 0.977581 0.302528
vt 0.977580 0.299802
vt 0.977596 0.298003
vt 0.972686 0.297976
vt 0.972817 0.300474
vt 0.972460 0.300012
vt 0.063446 0.685750
vt 0.062669 0.683890
vt 0.062527 0.681851
vt 0.975200 0.294821
vt 0.972493 0.296116
vt 0.972779 0.293621
vt 0.064607 0.681991
vt 0.064607 0.688981
vt 0.972529 0.292888
vt 0.972758 0.292071
vt 0.420459 0.755237
vt 0.420212 0.753529
vt 0.420459 0.750984
vt 0.291713 0.988239
vt 0.288840 0.988677
vt 0.293659 0.987505
vt 0.293397 0.986619
vt 0.972478 0.299879
vt 0.971557 0.299374
vt 0.291636 0.988652
vt 0.288869 0.989422
vt 0.435901 0.750129
vt 0.436696 0.750752
vt 0.435040 0.751040
vt 0.435368 0.749192
vt 0.288888 0.987610
vt 0.433590 0.748204
vt 0.293034 0.985392
vt 0.289173 0.986141
vt 0.435284 0.747892
vt 0.435937 0.746427
vt 0.292719 0.984104
vt 0.289669 0.984523
vt 0.575147 0.889194
vt 0.576302 0.888683
vt 0.580080 0.890287
vt 0.579406 0.890978
vt 0.429651 0.746397
vt 0.436757 0.745783
vt 0.293659 0.983473
vt 0.430626 0.749151
vt 0.426558 0.745732
vt 0.428074 0.745044
vt 0.437751 0.745439
vt 0.427546 0.749541
vt 0.427034 0.743356
vt 0.425729 0.743354
vt 0.423540 0.745203
vt 0.423205 0.743423
vt 0.424819 0.742598
vt 0.421889 0.744861
vt 0.951431 0.865136
vt 0.952424 0.862343
vt 0.952698 0.865426
vt 0.420640 0.743234
vt 0.953305 0.862229
vt 0.950811 0.858918
vt 0.952413 0.858607
vt 0.950722 0.862503
vt 0.949811 0.864428
vt 0.946575 0.862542
vt 0.948181 0.860028
vt 0.943289 0.860544
vt 0.942097 0.858081
vt 0.946562 0.857861
vt 0.942093 0.861982
vt 0.939546 0.861954
vt 0.939535 0.857243
vt 0.942121 0.853868
vt 0.943198 0.855888
vt 0.940843 0.850508
vt 0.939155 0.852995
vt 0.943274 0.851784
vt 0.946555 0.854177
vt 0.948166 0.849457
vt 0.950091 0.851693
vt 0.943060 0.848891
vt 0.942276 0.846639
vt 0.946552 0.845689
vt 0.939153 0.847443
vt 0.942089 0.843315
vt 0.939154 0.844366
vt 0.940419 0.841183
vt 0.946554 0.842792
vt 0.942125 0.838150
vt 0.945725 0.840154
vt 0.941870 0.834059
vt 0.943132 0.836801
vt 0.939167 0.835198
vt 0.939065 0.838817
vt 0.948177 0.837202
vt 0.946568 0.834836
vt 0.950804 0.840176
vt 0.950944 0.834231
vt 0.950809 0.837417
vt 0.950988 0.843718
vt 0.952634 0.838686
vt 0.952402 0.843800
vt 0.953292 0.836801
vt 0.953284 0.841337
vt 0.952126 0.835947
vt 0.694783 0.087792
vt 0.689714 0.088079
vt 0.691375 0.087706
vt 0.952546 0.832550
vt 0.953305 0.832675
vt 0.694993 0.087688
vt 0.693914 0.087368
vt 0.695942 0.088231
vt 0.695742 0.087832
vt 0.520161 0.991116
vt 0.521422 0.991117
vt 0.520696 0.996549
vt 0.695371 0.082414
vt 0.519716 0.996550
vt 0.556624 0.865433
vt 0.555976 0.864389
vt 0.558455 0.862817
vt 0.521470 0.996550
vt 0.555146 0.864402
vt 0.565009 0.865955
vt 0.549196 0.865046
vt 0.554094 0.862994
vt 0.566680 0.864273
vt 0.562830 0.862975
vt 0.558620 0.862533
vt 0.537070 0.977142
vt 0.536451 0.977141
vt 0.537070 0.971715
vt 0.536251 0.971724
vt 0.561358 0.866738
vt 0.565018 0.866849
vt 0.565784 0.865905
vt 0.997258 0.176843
vt 0.997967 0.176841
vt 0.997967 0.182274
vt 0.997220 0.182277
vt 0.692550 0.088547
vt 0.693270 0.088577
vt 0.689494 0.088885
vt 0.689101 0.088422
vt 0.692779 0.088485
vt 0.693197 0.083160
vt 0.692485 0.083134
vt 0.962614 0.630411
vt 0.961921 0.630411
vt 0.962101 0.624977
vt 0.962616 0.624977
vt 0.565821 0.866683
vt 0.565489 0.868012
vt 0.571390 0.867080
vt 0.569676 0.870544
vt 0.994456 0.633894
vt 0.994556 0.638716
vt 0.992584 0.635092
vt 0.992880 0.631562
vt 0.994554 0.629558
vt 0.991859 0.636545
vt 0.992559 0.627365
vt 0.991859 0.629660
vt 0.845612 0.682758
vt 0.848292 0.686273
vt 0.846223 0.688512
vt 0.851926 0.688626
vt 0.991866 0.624197
vt 0.851030 0.691769
vt 0.842182 0.682965
vt 0.953452 0.328868
vt 0.953452 0.327789
vt 0.953645 0.330047
vt 0.953452 0.330314
vt 0.953452 0.331739
vt 0.953647 0.325615
vt 0.953453 0.333130
vt 0.843930 0.677358
vt 0.953650 0.335435
vt 0.944232 0.334371
vt 0.942714 0.332425
vt 0.953455 0.334470
vt 0.953457 0.335746
vt 0.953459 0.336943
vt 0.945563 0.336228
vt 0.946755 0.337878
vt 0.943699 0.335740
vt 0.849424 0.707042
vt 0.850661 0.704175
vt 0.851640 0.704117
vt 0.851426 0.707580
vt 0.849566 0.710272
vt 0.940319 0.334058
vt 0.941246 0.333109
vt 0.938485 0.332044
vt 0.940111 0.330730
vt 0.937870 0.329809
vt 0.941850 0.331029
vt 0.941421 0.329724
vt 0.941421 0.328506
vt 0.940554 0.327228
vt 0.939151 0.327910
vt 0.942510 0.324537
vt 0.941701 0.326469
vt 0.939536 0.325308
vt 0.943947 0.323053
vt 0.942236 0.323124
vt 0.953454 0.324569
vt 0.953453 0.326153
vt 0.944744 0.321858
vt 0.944564 0.320448
vt 0.941362 0.322170
vt 0.783596 0.997800
vt 0.781991 0.995741
vt 0.783596 0.993972
vt 0.860073 0.544159
vt 0.862203 0.544801
vt 0.862192 0.547124
vt 0.860232 0.547423
vt 0.860924 0.541460
vt 0.999752 0.369962
vt 0.998891 0.367572
vt 0.999752 0.364671
vt 0.249409 0.835466
vt 0.248559 0.831678
vt 0.250760 0.832249
vt 0.247458 0.833541
vt 0.251158 0.836121
vt 0.937688 0.325977
vt 0.250589 0.837622
vt 0.251692 0.833730
vt 0.251967 0.835128
vt 0.252018 0.836064
vt 0.252053 0.836754
vt 0.861500 0.540021
vt 0.862383 0.540254
vt 0.862296 0.541069
vt 0.251967 0.837506
vt 0.864363 0.545897
vt 0.871732 0.541570
vt 0.871805 0.540510
vt 0.873581 0.539951
vt 0.263243 0.836139
vt 0.261463 0.836509
vt 0.261832 0.835836
vt 0.262175 0.834960
vt 0.262359 0.833629
vt 0.263469 0.831351
vt 0.262170 0.830467
vt 0.261857 0.829447
vt 0.251716 0.830930
vt 0.256423 0.828812
vt 0.251649 0.829863
vt 0.262619 0.828209
vt 0.261703 0.826883
vt 0.262860 0.826205
vt 0.260839 0.827380
vt 0.265365 0.827160
vt 0.263818 0.825759
vt 0.947151 0.463093
vt 0.946615 0.458266
vt 0.947898 0.461379
vt 0.948406 0.456963
vt 0.266076 0.831980
vt 0.264946 0.832112
vt 0.944391 0.456491
vt 0.945579 0.455336
vt 0.948153 0.453599
vt 0.943802 0.457011
vt 0.950141 0.453395
vt 0.956417 0.456787
vt 0.955722 0.460950
vt 0.956312 0.459244
vt 0.956176 0.464768
vt 0.955636 0.463874
vt 0.947771 0.464801
vt 0.955977 0.467213
vt 0.948057 0.467729
vt 0.957738 0.468970
vt 0.956916 0.470743
vt 0.948680 0.470482
vt 0.949338 0.472963
vt 0.948178 0.472025
vt 0.205096 0.927839
vt 0.205736 0.923135
vt 0.205736 0.929189
vt 0.954042 0.473443
vt 0.952874 0.474804
vt 0.957734 0.474345
vt 0.956988 0.476067
vt 0.952830 0.476027
vt 0.948155 0.475098
vt 0.944297 0.475381
vt 0.948138 0.476206
vt 0.946819 0.472926
vt 0.877637 0.536887
vt 0.879643 0.535188
vt 0.877921 0.540457
vt 0.879843 0.532168
vt 0.944584 0.476693
vt 0.879066 0.538093
vt 0.939678 0.476783
vt 0.878969 0.541921
vt 0.877454 0.545367
vt 0.879437 0.543258
vt 0.880123 0.549286
vt 0.875293 0.549927
vt 0.888573 0.539059
vt 0.887872 0.537399
vt 0.879923 0.537501
vt 0.884529 0.548228
vt 0.884531 0.548939
vt 0.883292 0.549726
vt 0.876411 0.552216
vt 0.879491 0.552200
vt 0.877620 0.554588
vt 0.873739 0.554666
vt 0.870896 0.552518
vt 0.872138 0.556460
vt 0.869429 0.554663
vt 0.868556 0.550885
vt 0.872171 0.550109
vt 0.872980 0.549734
vt 0.872456 0.541641
vt 0.200787 0.784598
vt 0.200940 0.783263
vt 0.200940 0.785417
vt 0.869091 0.549308
vt 0.874303 0.549143
vt 0.873367 0.541609
vt 0.874225 0.541327
vt 0.937655 0.475778
vt 0.935908 0.476280
vt 0.943412 0.469348
vt 0.937854 0.476295
vt 0.875924 0.547183
vt 0.876254 0.544538
vt 0.940449 0.475239
vt 0.944733 0.472190
vt 0.944450 0.470454
vt 0.943962 0.469606
vt 0.945932 0.468826
vt 0.944701 0.467294
vt 0.265658 0.837622
vt 0.706756 0.065526
vt 0.707605 0.065184
vt 0.708475 0.066563
vt 0.708475 0.064794
vt 0.864806 0.547831
vt 0.865108 0.550340
vt 0.862621 0.549582
vt 0.863752 0.551282
vt 0.866211 0.554347
vt 0.864853 0.556444
vt 0.863012 0.556410
vt 0.861666 0.553319
vt 0.861961 0.556588
vt 0.860322 0.548917
vt 0.946046 0.320104
vt 0.950407 0.318626
vt 0.953462 0.320060
vt 0.953662 0.318116
vt 0.953653 0.321573
vt 0.856065 0.689903
vt 0.858261 0.692972
vt 0.860397 0.689712
vt 0.865682 0.556653
vt 0.853711 0.692753
vt 0.864891 0.691628
vt 0.860545 0.693007
vt 0.664365 0.963325
vt 0.663482 0.959945
vt 0.664464 0.961437
vt 0.664189 0.957767
vt 0.992245 0.621800
vt 0.993481 0.623687
vt 0.661887 0.957117
vt 0.994565 0.622244
vt 0.994558 0.626073
vt 0.557729 0.866503
vt 0.555980 0.866289
vt 0.553334 0.867322
vt 0.554894 0.866001
vt 0.696402 0.082390
vt 0.021837 0.999500
vt 0.020721 0.999414
vt 0.021837 0.994050
vt 0.696589 0.087771
vt 0.700909 0.087549
vt 0.696104 0.087673
vt 0.697906 0.087889
vt 0.020662 0.993962
vt 0.867358 0.425630
vt 0.867146 0.424912
vt 0.867332 0.421953
vt 0.863529 0.424391
vt 0.863137 0.422140
vt 0.867157 0.419797
vt 0.867381 0.417284
vt 0.862716 0.419228
vt 0.867069 0.418095
vt 0.273338 0.681643
vt 0.273338 0.686360
vt 0.273194 0.684585
vt 0.867171 0.415203
vt 0.862564 0.416611
vt 0.857915 0.415166
vt 0.862481 0.413072
vt 0.867161 0.411811
vt 0.867381 0.411835
vt 0.857258 0.417411
vt 0.857084 0.413473
vt 0.855532 0.414435
vt 0.857989 0.410902
vt 0.857119 0.410128
vt 0.855408 0.410551
vt 0.855544 0.417204
vt 0.853458 0.415781
vt 0.853407 0.413218
vt 0.851250 0.415063
vt 0.853971 0.418225
vt 0.851720 0.417619
vt 0.702405 0.103539
vt 0.700650 0.103795
vt 0.700524 0.101073
vt 0.854884 0.420139
vt 0.854153 0.421230
vt 0.850450 0.416481
vt 0.703295 0.105145
vt 0.701951 0.100191
vt 0.703302 0.100345
vt 0.704319 0.103145
vt 0.706020 0.104627
vt 0.708621 0.103995
vt 0.708934 0.105125
vt 0.711577 0.105315
vt 0.710724 0.106182
vt 0.708637 0.105658
vt 0.375469 0.802203
vt 0.379402 0.801523
vt 0.377435 0.802495
vt 0.704841 0.105649
vt 0.710686 0.106412
vt 0.706011 0.105816
vt 0.379594 0.802065
vt 0.382240 0.801427
vt 0.434608 0.724196
vt 0.434865 0.724680
vt 0.431290 0.725370
vt 0.430045 0.725327
vt 0.385170 0.801947
vt 0.382096 0.799949
vt 0.378010 0.799886
vt 0.386417 0.801436
vt 0.379516 0.798084
vt 0.384419 0.799174
vt 0.388503 0.801059
vt 0.389370 0.803190
vt 0.388374 0.803943
vt 0.392830 0.804999
vt 0.391983 0.806429
vt 0.395086 0.808764
vt 0.396169 0.811356
vt 0.392416 0.807915
vt 0.436221 0.729014
vt 0.436968 0.733874
vt 0.435336 0.730610
vt 0.438442 0.732247
vt 0.439636 0.736068
vt 0.437064 0.736329
vt 0.435372 0.734848
vt 0.397184 0.809911
vt 0.395567 0.806767
vt 0.399155 0.813850
vt 0.392985 0.802983
vt 0.390749 0.799387
vt 0.388034 0.798819
vt 0.381878 0.796953
vt 0.385123 0.795915
vt 0.380881 0.795021
vt 0.385301 0.794361
vt 0.390662 0.793042
vt 0.390013 0.792767
vt 0.389161 0.792628
vt 0.383388 0.790710
vt 0.394121 0.790013
vt 0.383951 0.794176
vt 0.129047 0.758398
vt 0.128809 0.755728
vt 0.129047 0.754931
vt 0.385622 0.789774
vt 0.391878 0.789108
vt 0.396904 0.787769
vt 0.392375 0.788579
vt 0.395360 0.784219
vt 0.400343 0.783930
vt 0.862373 0.739839
vt 0.862378 0.734878
vt 0.862570 0.737054
vt 0.394015 0.784845
vt 0.396535 0.782095
vt 0.391416 0.787052
vt 0.392116 0.787970
vt 0.185467 0.874043
vt 0.188818 0.874630
vt 0.186516 0.876396
vt 0.189951 0.871911
vt 0.186214 0.872844
vt 0.184005 0.877846
vt 0.182271 0.875312
vt 0.399646 0.780208
vt 0.221272 0.991890
vt 0.221868 0.991889
vt 0.221612 0.998875
vt 0.675019 0.991822
vt 0.675563 0.991817
vt 0.675304 0.998802
vt 0.675882 0.998802
vt 0.391540 0.787921
vt 0.455408 0.998617
vt 0.454961 0.998633
vt 0.455103 0.991641
vt 0.391172 0.788367
vt 0.676137 0.991820
vt 0.455674 0.991633
vt 0.601900 0.753869
vt 0.602402 0.753584
vt 0.602423 0.754203
vt 0.602933 0.753912
vt 0.601849 0.754443
vt 0.602933 0.754579
vt 0.602366 0.754791
vt 0.456065 0.991643
vt 0.455963 0.998617
vt 0.456147 0.998633
vt 0.222420 0.998877
vt 0.222198 0.998875
vt 0.222420 0.991891
vt 0.391331 0.788922
vt 0.400418 0.780082
vt 0.974644 0.990094
vt 0.975375 0.997079
vt 0.974498 0.997081
vt 0.399507 0.779331
vt 0.975375 0.990104
vt 0.073707 0.999104
vt 0.073489 0.992116
vt 0.073652 0.992119
vt 0.073337 0.999102
vt 0.072707 0.992117
vt 0.131287 0.336648
vt 0.131691 0.336288
vt 0.131691 0.337096
vt 0.072632 0.999104
vt 0.130946 0.337104
vt 0.130852 0.336241
vt 0.941732 0.998022
vt 0.940976 0.991046
vt 0.941732 0.991039
vt 0.940931 0.998033
vt 0.079304 0.375485
vt 0.079300 0.374680
vt 0.079304 0.373558
vt 0.600465 0.939866
vt 0.602832 0.940954
vt 0.602919 0.942953
vt 0.600612 0.943373
vt 0.602752 0.938718
vt 0.180565 0.877082
vt 0.179768 0.877178
vt 0.177596 0.876989
vt 0.600329 0.935514
vt 0.608788 0.870820
vt 0.607673 0.872248
vt 0.607552 0.871951
vt 0.609268 0.869846
vt 0.606081 0.874234
vt 0.602678 0.936325
vt 0.610020 0.869491
vt 0.611261 0.868001
vt 0.602614 0.933776
vt 0.612799 0.867171
vt 0.611360 0.868272
vt 0.602542 0.930240
vt 0.600239 0.931491
vt 0.614232 0.865936
vt 0.974577 0.621167
vt 0.962786 0.621323
vt 0.962748 0.619572
vt 0.974538 0.619416
vt 0.962714 0.617787
vt 0.614326 0.866196
vt 0.974504 0.617632
vt 0.962685 0.615983
vt 0.615930 0.865354
vt 0.974475 0.615827
vt 0.617505 0.864396
vt 0.617600 0.864651
vt 0.962661 0.614171
vt 0.600174 0.927562
vt 0.602490 0.926626
vt 0.600144 0.924852
vt 0.602463 0.923923
vt 0.620099 0.863593
vt 0.619323 0.864092
vt 0.621088 0.863681
vt 0.974432 0.612210
vt 0.962642 0.612365
vt 0.962628 0.610579
vt 0.974451 0.614016
vt 0.753892 0.905977
vt 0.753586 0.907763
vt 0.750858 0.908224
vt 0.751452 0.904906
vt 0.754046 0.904172
vt 0.974418 0.610423
vt 0.753129 0.909516
vt 0.962620 0.608824
vt 0.974410 0.608668
vt 0.624690 0.863315
vt 0.622881 0.863421
vt 0.622780 0.863158
vt 0.962617 0.607113
vt 0.626397 0.863083
vt 0.600124 0.921504
vt 0.602450 0.921281
vt 0.600120 0.918756
vt 0.602450 0.917913
vt 0.161089 0.874081
vt 0.163652 0.875467
vt 0.158196 0.875758
vt 0.158916 0.872452
vt 0.158320 0.873585
vt 0.600131 0.916354
vt 0.156351 0.869901
vt 0.157779 0.872595
vt 0.602463 0.915547
vt 0.600163 0.913420
vt 0.629094 0.863404
vt 0.631720 0.864098
vt 0.630078 0.863915
vt 0.628301 0.863563
vt 0.602490 0.913390
vt 0.634252 0.865080
vt 0.633511 0.865065
vt 0.631819 0.864417
vt 0.602527 0.911430
vt 0.600192 0.911813
vt 0.600249 0.909781
vt 0.154412 0.868138
vt 0.155001 0.868158
vt 0.153388 0.865364
vt 0.602576 0.909751
vt 0.600341 0.907803
vt 0.150797 0.864135
vt 0.151652 0.863605
vt 0.151992 0.861546
vt 0.151111 0.862615
vt 0.148808 0.861498
vt 0.151244 0.856182
vt 0.602752 0.906659
vt 0.600492 0.906220
vt 0.602656 0.907932
vt 0.639504 0.868593
vt 0.641981 0.871230
vt 0.640829 0.870294
vt 0.602832 0.906067
vt 0.643546 0.873449
vt 0.643029 0.873169
vt 0.641990 0.871685
vt 0.974666 0.594741
vt 0.962876 0.594897
vt 0.962926 0.594360
vt 0.639554 0.869007
vt 0.974619 0.595423
vt 0.962829 0.595579
vt 0.736949 0.921588
vt 0.739377 0.920872
vt 0.739831 0.923392
vt 0.741512 0.922716
vt 0.974716 0.594204
vt 0.738099 0.923922
vt 0.988173 0.030037
vt 0.988107 0.030763
vt 0.984813 0.029829
vt 0.981420 0.030704
vt 0.981369 0.031123
vt 0.988005 0.031237
vt 0.736328 0.924304
vt 0.733610 0.922049
vt 0.730242 0.921906
vt 0.732720 0.924611
vt 0.735360 0.955533
vt 0.742077 0.955526
vt 0.742065 0.955804
vt 0.734531 0.924534
vt 0.981268 0.031412
vt 0.981320 0.031336
vt 0.966511 0.643282
vt 0.965870 0.641123
vt 0.965733 0.639522
vt 0.735352 0.955800
vt 0.965848 0.638718
vt 0.965802 0.637114
vt 0.974720 0.633738
vt 0.974720 0.643698
vt 0.966457 0.634232
vt 0.967086 0.631766
vt 0.968609 0.630913
vt 0.969610 0.631078
vt 0.966144 0.634730
vt 0.966553 0.633176
vt 0.738672 0.958857
vt 0.735334 0.958335
vt 0.735335 0.957521
vt 0.738672 0.957523
vt 0.735339 0.956873
vt 0.967840 0.631013
vt 0.735277 0.959109
vt 0.914827 0.680933
vt 0.913443 0.683534
vt 0.913533 0.681714
vt 0.742045 0.958119
vt 0.738665 0.959044
vt 0.742054 0.956678
vt 0.742038 0.960081
vt 0.723851 0.919846
vt 0.726953 0.921163
vt 0.725610 0.923392
vt 0.723929 0.922716
vt 0.722311 0.921901
vt 0.721033 0.917996
vt 0.977053 0.898398
vt 0.965255 0.898415
vt 0.965260 0.897535
vt 0.977049 0.899409
vt 0.965251 0.899426
vt 0.720768 0.920951
vt 0.977058 0.897518
vt 0.645976 0.888811
vt 0.646253 0.887021
vt 0.646581 0.886466
vt 0.646377 0.885213
vt 0.957384 0.070536
vt 0.955050 0.071765
vt 0.955057 0.070281
vt 0.646203 0.889156
vt 0.955067 0.068744
vt 0.646581 0.882849
vt 0.646347 0.883402
vt 0.646164 0.881599
vt 0.955078 0.067775
vt 0.957403 0.068010
vt 0.645977 0.879281
vt 0.957395 0.068741
vt 0.152551 0.848358
vt 0.153071 0.846064
vt 0.153539 0.846141
vt 0.155011 0.841296
vt 0.155736 0.842721
vt 0.154101 0.839912
vt 0.154755 0.840165
vt 0.130872 0.999637
vt 0.129951 0.999630
vt 0.130872 0.994980
vt 0.129824 0.994971
vt 0.156109 0.840923
vt 0.861361 0.961250
vt 0.860483 0.961259
vt 0.860536 0.956602
vt 0.861630 0.956593
vt 0.847601 0.879425
vt 0.848424 0.879940
vt 0.847050 0.881422
vt 0.850493 0.879667
vt 0.862143 0.961259
vt 0.849292 0.879272
vt 0.985336 0.939866
vt 0.989998 0.938841
vt 0.989989 0.941001
vt 0.853619 0.877396
vt 0.985329 0.942270
vt 0.989983 0.943636
vt 0.156833 0.837180
vt 0.155736 0.839863
vt 0.161215 0.837273
vt 0.159959 0.834908
vt 0.985323 0.945118
vt 0.164607 0.833794
vt 0.989978 0.946558
vt 0.985320 0.948340
vt 0.163402 0.833154
vt 0.848994 0.878602
vt 0.849635 0.876318
vt 0.856301 0.874780
vt 0.851818 0.874592
vt 0.989977 0.949305
vt 0.858194 0.872245
vt 0.857632 0.871688
vt 0.856581 0.871591
vt 0.854261 0.872016
vt 0.659784 0.993383
vt 0.660319 0.993406
vt 0.660279 0.998038
vt 0.659634 0.998038
vt 0.129887 0.999626
vt 0.847990 0.878544
vt 0.847288 0.877683
vt 0.315291 0.897363
vt 0.323053 0.897354
vt 0.323047 0.898995
vt 0.315285 0.899004
vt 0.323040 0.900380
vt 0.844801 0.878774
vt 0.315296 0.895436
vt 0.926190 0.184375
vt 0.924735 0.186664
vt 0.922047 0.186380
vt 0.923253 0.187914
vt 0.922970 0.188727
vt 0.919837 0.184680
vt 0.666111 0.338491
vt 0.667715 0.337752
vt 0.667715 0.339659
vt 0.733371 0.065822
vt 0.734852 0.064794
vt 0.734852 0.066585
vt 0.666097 0.339939
vt 0.920830 0.187581
vt 0.916223 0.187675
vt 0.692009 0.338257
vt 0.693604 0.337728
vt 0.693604 0.339584
vt 0.919527 0.191656
vt 0.912659 0.190577
vt 0.922122 0.188769
vt 0.920983 0.190579
vt 0.691989 0.339736
vt 0.667470 0.179426
vt 0.667120 0.180048
vt 0.666508 0.178552
vt 0.667470 0.177938
vt 0.663153 0.177938
vt 0.663153 0.179843
vt 0.662184 0.178848
vt 0.661328 0.179285
vt 0.661574 0.177976
vt 0.914504 0.192331
vt 0.323034 0.901123
vt 0.315273 0.901132
vt 0.315278 0.900389
vt 0.917175 0.193014
vt 0.323029 0.901722
vt 0.315264 0.901958
vt 0.323023 0.902161
vt 0.841301 0.879698
vt 0.843071 0.879310
vt 0.843227 0.882688
vt 0.839570 0.879928
vt 0.837533 0.882002
vt 0.836986 0.881110
vt 0.836789 0.879981
vt 0.323013 0.902552
vt 0.833200 0.879533
vt 0.968641 0.531303
vt 0.976428 0.531235
vt 0.976311 0.531403
vt 0.315255 0.902486
vt 0.315248 0.902636
vt 0.914685 0.194097
vt 0.912952 0.194628
vt 0.913623 0.194194
vt 0.912354 0.193437
vt 0.910283 0.195124
vt 0.968554 0.531506
vt 0.976207 0.532150
vt 0.968472 0.532013
vt 0.907574 0.195316
vt 0.904320 0.193244
vt 0.905764 0.195240
vt 0.968422 0.532550
vt 0.976111 0.533540
vt 0.968375 0.533232
vt 0.903967 0.195009
vt 0.903628 0.194503
vt 0.968333 0.534054
vt 0.976051 0.534907
vt 0.826503 0.876867
vt 0.829849 0.878522
vt 0.825852 0.877812
vt 0.824868 0.877557
vt 0.824270 0.875321
vt 0.968294 0.535010
vt 0.976017 0.535990
vt 0.817580 0.873035
vt 0.822907 0.874129
vt 0.968246 0.536696
vt 0.975984 0.537421
vt 0.821438 0.872579
vt 0.817717 0.870065
vt 0.819996 0.870670
vt 0.975955 0.539212
vt 0.968207 0.538608
vt 0.968188 0.540022
vt 0.895622 0.191656
vt 0.894165 0.190579
vt 0.894553 0.189630
vt 0.897970 0.193012
vt 0.893063 0.189225
vt 0.484124 0.337912
vt 0.485748 0.337860
vt 0.485714 0.338633
vt 0.604473 0.285665
vt 0.602861 0.285657
vt 0.602865 0.285264
vt 0.604473 0.284021
vt 0.895010 0.187849
vt 0.896060 0.185374
vt 0.661286 0.338815
vt 0.659681 0.339563
vt 0.659649 0.337752
vt 0.893109 0.187642
vt 0.892418 0.183788
vt 0.602803 0.284080
vt 0.602857 0.283112
vt 0.654950 0.338964
vt 0.656511 0.339874
vt 0.655020 0.340136
vt 0.661286 0.339959
vt 0.656511 0.338062
vt 0.484115 0.339504
vt 0.485748 0.340151
vt 0.655232 0.337752
vt 0.342699 0.969390
vt 0.343510 0.968291
vt 0.343411 0.972991
vt 0.901210 0.188874
vt 0.892610 0.180190
vt 0.342612 0.975822
vt 0.343390 0.978884
vt 0.342638 0.972652
vt 0.342805 0.966702
vt 0.435986 0.926200
vt 0.431100 0.925394
vt 0.432447 0.923996
vt 0.427918 0.922755
vt 0.343625 0.965905
vt 0.424443 0.926071
vt 0.421572 0.923128
vt 0.426223 0.922514
vt 0.427297 0.924443
vt 0.428107 0.924465
vt 0.905728 0.190147
vt 0.903387 0.191976
vt 0.910417 0.189925
vt 0.126859 0.337223
vt 0.126083 0.337223
vt 0.126236 0.336241
vt 0.629178 0.441285
vt 0.628798 0.440608
vt 0.629178 0.440416
vt 0.273012 0.596239
vt 0.273316 0.594695
vt 0.273316 0.600922
vt 0.417227 0.924906
vt 0.420001 0.925445
vt 0.414455 0.927092
vt 0.352517 0.908321
vt 0.353298 0.907784
vt 0.353287 0.909060
vt 0.352503 0.910478
vt 0.353277 0.910947
vt 0.417570 0.927879
vt 0.412153 0.929772
vt 0.353273 0.912520
vt 0.411043 0.931759
vt 0.414178 0.930152
vt 0.414872 0.929692
vt 0.419889 0.928929
vt 0.988676 0.468836
vt 0.987879 0.468802
vt 0.988676 0.465788
vt 0.205036 0.828095
vt 0.205456 0.831044
vt 0.204545 0.831044
vt 0.414877 0.930643
vt 0.987962 0.465860
vt 0.906964 0.995466
vt 0.907661 0.998514
vt 0.907482 0.998397
vt 0.907661 0.995474
vt 0.425381 0.927636
vt 0.536884 0.744193
vt 0.537069 0.739834
vt 0.537068 0.745477
vt 0.411254 0.933330
vt 0.760857 0.693037
vt 0.757075 0.690862
vt 0.761787 0.692934
vt 0.676893 0.457277
vt 0.676462 0.457751
vt 0.676468 0.456746
vt 0.418293 0.930470
vt 0.415829 0.933480
vt 0.676882 0.459041
vt 0.676452 0.459905
vt 0.676875 0.461984
vt 0.769313 0.691663
vt 0.765675 0.693037
vt 0.766740 0.689505
vt 0.764322 0.690092
vt 0.725368 0.976188
vt 0.720711 0.977502
vt 0.720713 0.974607
vt 0.769503 0.687710
vt 0.725371 0.974190
vt 0.720718 0.972938
vt 0.712067 0.960101
vt 0.713517 0.958079
vt 0.714524 0.958444
vt 0.715456 0.956527
vt 0.725376 0.972669
vt 0.712855 0.960757
vt 0.717188 0.956859
vt 0.902466 0.990655
vt 0.902546 0.992863
vt 0.901586 0.993001
vt 0.058869 0.987237
vt 0.058848 0.989929
vt 0.057897 0.987460
vt 0.576708 0.280954
vt 0.577567 0.280727
vt 0.576319 0.282859
vt 0.579514 0.281878
vt 0.572542 0.282131
vt 0.574076 0.280740
vt 0.057876 0.990944
vt 0.575823 0.281033
vt 0.574937 0.280961
vt 0.901491 0.990416
vt 0.902414 0.987638
vt 0.901442 0.987650
vt 0.581626 0.279961
vt 0.579109 0.279857
vt 0.578375 0.280358
vt 0.975092 0.228366
vt 0.974621 0.195476
vt 0.975489 0.195468
vt 0.579749 0.279240
vt 0.975685 0.228359
vt 0.976312 0.195455
vt 0.976431 0.228346
vt 0.977135 0.230907
vt 0.897000 0.583681
vt 0.897245 0.584453
vt 0.894789 0.584919
vt 0.974265 0.230934
vt 0.895746 0.586838
vt 0.894437 0.582005
vt 0.892743 0.584208
vt 0.893975 0.587569
vt 0.897607 0.585177
vt 0.897195 0.588418
vt 0.898077 0.585836
vt 0.895741 0.589606
vt 0.977119 0.228330
vt 0.977067 0.195437
vt 0.977732 0.228311
vt 0.898259 0.591223
vt 0.899683 0.591672
vt 0.616532 0.596526
vt 0.615946 0.597666
vt 0.615952 0.595716
vt 0.616543 0.594223
vt 0.616526 0.599820
vt 0.901386 0.682142
vt 0.904568 0.679947
vt 0.909555 0.687952
vt 0.906682 0.676353
vt 0.907141 0.678754
vt 0.912233 0.681597
vt 0.907435 0.668657
vt 0.907143 0.673402
vt 0.738675 0.960149
vt 0.738694 0.965082
vt 0.735357 0.965088
vt 0.981801 0.935525
vt 0.981801 0.925455
vt 0.985138 0.925451
vt 0.985138 0.935521
vt 0.974836 0.643769
vt 0.969663 0.646462
vt 0.981432 0.027751
vt 0.981246 0.022480
vt 0.984581 0.022415
vt 0.985256 0.935459
vt 0.985256 0.925531
vt 0.984767 0.027686
vt 0.984793 0.028992
vt 0.981453 0.028542
vt 0.969179 0.646437
vt 0.968879 0.646659
vt 0.967529 0.646166
vt 0.981461 0.029873
vt 0.966632 0.644485
vt 0.913990 0.666075
vt 0.912685 0.666116
vt 0.910975 0.660216
vt 0.988284 0.027083
vt 0.984885 0.028150
vt 0.984931 0.026031
vt 0.913118 0.662818
vt 0.908402 0.658038
vt 0.905769 0.668735
vt 0.988313 0.025378
vt 0.984954 0.023478
vt 0.747490 0.918676
vt 0.744480 0.917939
vt 0.746356 0.916240
vt 0.747959 0.914281
vt 0.749881 0.915958
vt 0.988328 0.023412
vt 0.748743 0.917368
vt 0.962685 0.599642
vt 0.974475 0.599487
vt 0.974451 0.600800
vt 0.962661 0.600955
vt 0.974432 0.602214
vt 0.750896 0.914457
vt 0.962642 0.602369
vt 0.974418 0.603719
vt 0.962628 0.603874
vt 0.974410 0.605304
vt 0.751780 0.912875
vt 0.962620 0.605459
vt 0.974407 0.606957
vt 0.752526 0.911225
vt 0.749681 0.911383
vt 0.984957 0.021337
vt 0.988328 0.020508
vt 0.984945 0.019018
vt 0.988304 0.017344
vt 0.898606 0.664002
vt 0.903920 0.655716
vt 0.906248 0.656709
vt 0.900236 0.654839
vt 0.984904 0.015343
vt 0.895611 0.654723
vt 0.988259 0.014024
vt 0.984819 0.010720
vt 0.894053 0.664548
vt 0.891113 0.655804
vt 0.988152 0.008984
vt 0.984696 0.006213
vt 0.988211 0.011494
vt 0.751521 0.902376
vt 0.754046 0.902360
vt 0.751213 0.899863
vt 0.753892 0.900555
vt 0.988058 0.005741
vt 0.753129 0.897016
vt 0.753586 0.898769
vt 0.750309 0.896616
vt 0.984576 0.002780
vt 0.748839 0.893582
vt 0.751780 0.893656
vt 0.987950 0.002714
vt 0.752526 0.895307
vt 0.887694 0.657433
vt 0.891698 0.665860
vt 0.984457 0.000066
vt 0.884998 0.659457
vt 0.128959 0.716579
vt 0.128371 0.717502
vt 0.128410 0.713962
vt 0.128992 0.713961
vt 0.458849 0.892355
vt 0.458267 0.892362
vt 0.458196 0.889995
vt 0.888946 0.669545
vt 0.878920 0.671190
vt 0.888318 0.675329
vt 0.128941 0.720080
vt 0.128363 0.723246
vt 0.882707 0.661930
vt 0.879778 0.667502
vt 0.881283 0.664022
vt 0.991872 0.601647
vt 0.995251 0.601263
vt 0.995237 0.604903
vt 0.991892 0.598596
vt 0.995274 0.597865
vt 0.991861 0.605115
vt 0.741590 0.886686
vt 0.738488 0.885369
vt 0.739831 0.883140
vt 0.734989 0.884613
vt 0.736328 0.882228
vt 0.738099 0.882610
vt 0.628528 0.948631
vt 0.640324 0.948632
vt 0.640315 0.950344
vt 0.628539 0.946977
vt 0.640335 0.946978
vt 0.741512 0.883816
vt 0.603703 0.884101
vt 0.603732 0.885913
vt 0.603480 0.886467
vt 0.628519 0.950343
vt 0.603916 0.887715
vt 0.603896 0.889151
vt 0.603442 0.883752
vt 0.065511 0.964945
vt 0.067836 0.965349
vt 0.067826 0.967958
vt 0.067852 0.962872
vt 0.193488 0.862321
vt 0.192914 0.865811
vt 0.191873 0.866055
vt 0.065495 0.968841
vt 0.189660 0.869465
vt 0.190629 0.870517
vt 0.065537 0.961301
vt 0.193999 0.860348
vt 0.195176 0.854440
vt 0.194717 0.860350
vt 0.195260 0.861146
vt 0.194327 0.867946
vt 0.192747 0.870379
vt 0.190921 0.872633
vt 0.190928 0.871671
vt 0.990003 0.383648
vt 0.994661 0.383537
vt 0.994636 0.385987
vt 0.989980 0.385985
vt 0.994616 0.388587
vt 0.828203 0.835921
vt 0.830937 0.834953
vt 0.832677 0.836970
vt 0.825708 0.837102
vt 0.989960 0.388584
vt 0.837780 0.835309
vt 0.833774 0.834350
vt 0.994601 0.391332
vt 0.989944 0.391330
vt 0.837626 0.834046
vt 0.994587 0.395121
vt 0.989931 0.395118
vt 0.994583 0.398982
vt 0.989926 0.398979
vt 0.841478 0.834350
vt 0.838807 0.834769
vt 0.197374 0.857837
vt 0.196769 0.861653
vt 0.196313 0.860660
vt 0.196061 0.859731
vt 0.197374 0.853973
vt 0.994587 0.402820
vt 0.196769 0.850156
vt 0.195168 0.859726
vt 0.989931 0.402817
vt 0.994601 0.406540
vt 0.845236 0.835252
vt 0.844262 0.837425
vt 0.839353 0.835661
vt 0.989944 0.406538
vt 0.848805 0.836730
vt 0.841166 0.837622
vt 0.842939 0.837998
vt 0.839369 0.837397
vt 0.838464 0.837343
vt 0.849243 0.838868
vt 0.845514 0.838858
vt 0.851200 0.838103
vt 0.838425 0.836273
vt 0.849944 0.838208
vt 0.325922 0.998466
vt 0.325074 0.998423
vt 0.325922 0.993800
vt 0.325251 0.993769
vt 0.324524 0.993750
vt 0.009623 0.992543
vt 0.010502 0.992541
vt 0.010171 0.997198
vt 0.074578 0.992116
vt 0.075319 0.992117
vt 0.075128 0.996774
vt 0.848749 0.840476
vt 0.849544 0.839782
vt 0.073707 0.992119
vt 0.074241 0.996774
vt 0.194445 0.849236
vt 0.195369 0.848965
vt 0.194167 0.852467
vt 0.193295 0.848956
vt 0.193961 0.848459
vt 0.495185 0.993573
vt 0.495901 0.993565
vt 0.495636 0.998222
vt 0.496624 0.993569
vt 0.496330 0.998222
vt 0.194272 0.847767
vt 0.216492 0.996664
vt 0.215787 0.996688
vt 0.215937 0.992022
vt 0.216808 0.992010
vt 0.192279 0.846437
vt 0.191623 0.844670
vt 0.195152 0.847774
vt 0.878770 0.670288
vt 0.878770 0.673195
vt 0.878579 0.671538
vt 0.147959 0.837045
vt 0.148178 0.839864
vt 0.147657 0.836665
vt 0.148178 0.833322
vt 0.872851 0.519781
vt 0.873100 0.517226
vt 0.365382 0.785596
vt 0.360418 0.781225
vt 0.366254 0.790883
vt 0.361167 0.786912
vt 0.368128 0.788925
vt 0.370069 0.788514
vt 0.368661 0.788700
vt 0.191550 0.839912
vt 0.193821 0.843038
vt 0.188859 0.838702
vt 0.189314 0.841896
vt 0.190909 0.844063
vt 0.369154 0.789050
vt 0.792132 0.999183
vt 0.791609 0.999178
vt 0.791942 0.992195
vt 0.791102 0.999183
vt 0.791365 0.992194
vt 0.790112 0.338897
vt 0.790695 0.339165
vt 0.790212 0.339509
vt 0.998073 0.824869
vt 0.997515 0.824871
vt 0.997773 0.817884
vt 0.789652 0.339245
vt 0.790695 0.339901
vt 0.790165 0.340128
vt 0.789677 0.339822
vt 0.997512 0.790175
vt 0.997979 0.790163
vt 0.997690 0.797149
vt 0.998256 0.797144
vt 0.998523 0.790168
vt 0.368010 0.789490
vt 0.368632 0.789910
vt 0.998673 0.797164
vt 0.998311 0.817884
vt 0.998656 0.817885
vt 0.998670 0.824871
vt 0.369168 0.789589
vt 0.375518 0.790287
vt 0.998673 0.790186
vt 0.872547 0.524441
vt 0.872715 0.522685
vt 0.872842 0.523383
vt 0.374476 0.791219
vt 0.379570 0.790460
vt 0.079303 0.395884
vt 0.079295 0.393865
vt 0.079303 0.391828
vt 0.409507 0.897820
vt 0.409723 0.897784
vt 0.409723 0.899826
vt 0.872789 0.523912
vt 0.875164 0.524215
vt 0.877704 0.523198
vt 0.872912 0.522416
vt 0.877650 0.523717
vt 0.512353 0.761036
vt 0.512542 0.760809
vt 0.512651 0.763296
vt 0.877754 0.522491
vt 0.872964 0.521445
vt 0.877801 0.521646
vt 0.512651 0.758774
vt 0.924451 0.030432
vt 0.923645 0.032055
vt 0.923560 0.032008
vt 0.922626 0.033551
vt 0.922706 0.033605
vt 0.877799 0.521563
vt 0.877843 0.520591
vt 0.885664 0.521708
vt 0.877752 0.522403
vt 0.921565 0.035011
vt 0.888123 0.520343
vt 0.877882 0.519496
vt 0.920387 0.036376
vt 0.921641 0.035071
vt 0.877885 0.519570
vt 0.877845 0.520671
vt 0.873029 0.519795
vt 0.920457 0.036443
vt 0.919098 0.037639
vt 0.919163 0.037711
vt 0.877921 0.518354
vt 0.917708 0.038788
vt 0.917767 0.038866
vt 0.877952 0.517029
vt 0.877979 0.515605
vt 0.916279 0.039900
vt 0.916227 0.039818
vt 0.877949 0.516966
vt 0.877976 0.515549
vt 0.892909 0.515442
vt 0.892931 0.513936
vt 0.914665 0.040720
vt 0.877999 0.514043
vt 0.593279 0.632505
vt 0.594278 0.631003
vt 0.892949 0.512353
vt 0.595147 0.629422
vt 0.892961 0.510703
vt 0.878016 0.512459
vt 0.595881 0.627775
vt 0.878028 0.510809
vt 0.913032 0.041488
vt 0.914709 0.040806
vt 0.911342 0.042117
vt 0.913070 0.041577
vt 0.878002 0.514093
vt 0.873137 0.515267
vt 0.873158 0.513734
vt 0.878019 0.512502
vt 0.878032 0.510844
vt 0.911372 0.042209
vt 0.909626 0.042696
vt 0.909604 0.042602
vt 0.892971 0.507249
vt 0.892968 0.508997
vt 0.878036 0.509104
vt 0.878038 0.507355
vt 0.907832 0.042940
vt 0.906038 0.043128
vt 0.907846 0.043036
vt 0.878035 0.505575
vt 0.892968 0.505469
vt 0.892960 0.503671
vt 0.597226 0.622546
vt 0.596924 0.624324
vt 0.904235 0.043166
vt 0.906044 0.043225
vt 0.878027 0.503777
vt 0.892947 0.501867
vt 0.902435 0.043053
vt 0.904233 0.043263
vt 0.878014 0.501973
vt 0.877996 0.500176
vt 0.892929 0.500070
vt 0.900650 0.042789
vt 0.902424 0.043149
vt 0.892906 0.498292
vt 0.596475 0.626071
vt 0.892882 0.516859
vt 0.592158 0.633919
vt 0.592707 0.643151
vt 0.592136 0.643057
vt 0.877918 0.518285
vt 0.892851 0.518178
vt 0.590923 0.635233
vt 0.591735 0.643473
vt 0.999552 0.810714
vt 0.998773 0.810714
vt 0.999028 0.804503
vt 0.998612 0.804509
vt 0.999594 0.804504
vt 0.590146 0.646760
vt 0.592115 0.644153
vt 0.999506 0.967886
vt 0.998811 0.967866
vt 0.999506 0.961673
vt 0.998727 0.961652
vt 0.139265 0.336713
vt 0.139593 0.336241
vt 0.139602 0.337148
vt 0.999717 0.397420
vt 0.999681 0.397391
vt 0.999717 0.391205
vt 0.138823 0.337148
vt 0.138836 0.336369
vt 0.998927 0.397415
vt 0.999339 0.391188
vt 0.998713 0.391211
vt 0.592918 0.643778
vt 0.594673 0.640440
vt 0.594034 0.646484
vt 0.591011 0.651943
vt 0.594009 0.649922
vt 0.733489 0.111482
vt 0.733489 0.117495
vt 0.732796 0.117006
vt 0.733203 0.111174
vt 0.733369 0.109301
vt 0.733491 0.108048
vt 0.733008 0.113681
vt 0.718744 0.108037
vt 0.718750 0.092006
vt 0.725205 0.091188
vt 0.733492 0.105909
vt 0.593919 0.652066
vt 0.593215 0.668739
vt 0.590338 0.672848
vt 0.733498 0.089278
vt 0.593079 0.669602
vt 0.726316 0.089355
vt 0.733498 0.088421
vt 0.727827 0.087807
vt 0.725174 0.086977
vt 0.721668 0.090203
vt 0.717412 0.091724
vt 0.724172 0.088089
vt 0.718573 0.088425
vt 0.273338 0.691124
vt 0.273198 0.687851
vt 0.273338 0.686360
vt 0.718322 0.092007
vt 0.718246 0.108040
vt 0.716543 0.092051
vt 0.716157 0.090481
vt 0.717131 0.108061
vt 0.718406 0.112169
vt 0.716092 0.108579
vt 0.716816 0.111494
vt 0.718699 0.115302
vt 0.718743 0.110041
vt 0.717613 0.115149
vt 0.715676 0.116989
vt 0.716962 0.118867
vt 0.718172 0.117788
vt 0.732663 0.119812
vt 0.717081 0.120450
vt 0.999916 0.162393
vt 0.999916 0.167058
vt 0.999089 0.164710
vt 0.595936 0.635719
vt 0.596869 0.635713
vt 0.596067 0.638061
vt 0.296437 0.995665
vt 0.296437 0.998611
vt 0.295722 0.998328
vt 0.732587 0.122126
vt 0.597781 0.633433
vt 0.715984 0.122326
vt 0.732543 0.124367
vt 0.598683 0.631460
vt 0.714459 0.124311
vt 0.732529 0.126302
vt 0.599152 0.630482
vt 0.713538 0.126473
vt 0.732530 0.127261
vt 0.713824 0.128058
vt 0.599903 0.628656
vt 0.732532 0.129054
vt 0.714093 0.129418
vt 0.600510 0.626780
vt 0.713507 0.123120
vt 0.715180 0.121187
vt 0.714161 0.119176
vt 0.361074 0.787642
vt 0.366584 0.791431
vt 0.360884 0.789816
vt 0.363458 0.790725
vt 0.371948 0.793900
vt 0.370131 0.793792
vt 0.365505 0.795330
vt 0.273340 0.659239
vt 0.273037 0.653989
vt 0.273340 0.653620
vt 0.364494 0.796228
vt 0.370241 0.800321
vt 0.365958 0.804927
vt 0.365059 0.807333
vt 0.366229 0.806406
vt 0.364963 0.810882
vt 0.364233 0.809543
vt 0.363854 0.798397
vt 0.362839 0.794613
vt 0.363222 0.798720
vt 0.181700 0.997892
vt 0.182767 0.994266
vt 0.182767 0.999775
vt 0.714886 0.112292
vt 0.715438 0.108148
vt 0.362498 0.798743
vt 0.715669 0.114066
vt 0.363557 0.811589
vt 0.362785 0.813470
vt 0.715720 0.093450
vt 0.715092 0.093096
vt 0.714936 0.095368
vt 0.363272 0.813850
vt 0.714115 0.091505
vt 0.713930 0.096144
vt 0.712000 0.091758
vt 0.712453 0.095508
vt 0.710956 0.089297
vt 0.715550 0.087956
vt 0.708367 0.092807
vt 0.709948 0.096547
vt 0.705562 0.093247
vt 0.707561 0.091624
vt 0.708393 0.097727
vt 0.708500 0.102254
vt 0.709739 0.102346
vt 0.711714 0.103291
vt 0.711304 0.099231
vt 0.370686 0.803929
vt 0.372769 0.804102
vt 0.369752 0.808026
vt 0.368199 0.807779
vt 0.367072 0.807067
vt 0.366225 0.811584
vt 0.370189 0.801801
vt 0.373735 0.799306
vt 0.374120 0.800803
vt 0.376241 0.796819
vt 0.376787 0.794748
vt 0.372317 0.793546
vt 0.347918 0.761169
vt 0.347918 0.765272
vt 0.347589 0.764916
vt 0.377163 0.794445
vt 0.379761 0.792097
vt 0.380327 0.792633
vt 0.215200 0.991613
vt 0.215595 0.998610
vt 0.215061 0.998594
vt 0.300442 0.999142
vt 0.300132 0.992156
vt 0.300442 0.992157
vt 0.380829 0.792346
vt 0.215548 0.991632
vt 0.108928 0.336447
vt 0.108928 0.337220
vt 0.108509 0.336812
vt 0.214446 0.991623
vt 0.108244 0.336241
vt 0.108183 0.337325
vt 0.107914 0.336717
vt 0.299528 0.992157
vt 0.300029 0.999142
vt 0.299385 0.999143
vt 0.380821 0.791741
vt 0.380135 0.791413
vt 0.562092 0.990249
vt 0.562792 0.990235
vt 0.562792 0.997223
vt 0.214376 0.998610
vt 0.562040 0.997233
vt 0.707933 0.089305
vt 0.453934 0.617590
vt 0.455584 0.618018
vt 0.453123 0.619462
vt 0.708328 0.087433
vt 0.710488 0.087006
vt 0.706196 0.088883
vt 0.704344 0.092275
vt 0.709192 0.086223
vt 0.710349 0.085358
vt 0.719626 0.086231
vt 0.722327 0.084433
vt 0.702463 0.083931
vt 0.701220 0.085417
vt 0.701977 0.083101
vt 0.701592 0.086352
vt 0.698296 0.084175
vt 0.698854 0.086444
vt 0.700684 0.086949
vt 0.708245 0.086940
vt 0.455292 0.619689
vt 0.452790 0.619956
vt 0.703637 0.087164
vt 0.706279 0.087211
vt 0.702639 0.087098
vt 0.703147 0.087248
vt 0.702796 0.087536
vt 0.457182 0.619292
vt 0.704741 0.087613
vt 0.702080 0.087252
vt 0.702082 0.081837
vt 0.703149 0.081833
vt 0.642134 0.992749
vt 0.643151 0.992750
vt 0.643158 0.998183
vt 0.547673 0.869148
vt 0.548982 0.869378
vt 0.546910 0.868402
vt 0.547234 0.870122
vt 0.772154 0.990779
vt 0.773135 0.990777
vt 0.773135 0.996211
vt 0.772531 0.996212
vt 0.771776 0.996212
vt 0.771264 0.990777
vt 0.545836 0.868731
vt 0.544700 0.867936
vt 0.541574 0.875254
vt 0.545926 0.870005
vt 0.541413 0.875020
vt 0.549019 0.864862
vt 0.545357 0.866929
vt 0.544241 0.867900
vt 0.543901 0.868491
vt 0.147587 0.817877
vt 0.147575 0.824860
vt 0.146150 0.824379
vt 0.143919 0.818004
vt 0.147501 0.817202
vt 0.667575 0.990225
vt 0.668661 0.987219
vt 0.668661 0.994216
vt 0.143813 0.821046
vt 0.143651 0.817446
vt 0.144295 0.824721
vt 0.143892 0.824998
vt 0.138720 0.816258
vt 0.147534 0.815872
vt 0.138662 0.818748
vt 0.143563 0.819949
vt 0.138067 0.758830
vt 0.138344 0.756164
vt 0.138344 0.759894
vt 0.141058 0.822686
vt 0.138614 0.821346
vt 0.138378 0.824474
vt 0.143502 0.824346
vt 0.138572 0.824938
vt 0.277557 0.833683
vt 0.276440 0.840878
vt 0.273918 0.836736
vt 0.274296 0.834833
vt 0.138492 0.817438
vt 0.280970 0.827256
vt 0.138357 0.831735
vt 0.138556 0.827439
vt 0.273935 0.834761
vt 0.070465 0.983667
vt 0.070138 0.983496
vt 0.072278 0.979391
vt 0.422121 0.990812
vt 0.422930 0.990700
vt 0.422930 0.995314
vt 0.420989 0.995314
vt 0.072227 0.979493
vt 0.069641 0.978138
vt 0.420989 0.990700
vt 0.420615 0.990250
vt 0.512667 0.795192
vt 0.512667 0.798164
vt 0.512353 0.798094
vt 0.069799 0.977712
vt 0.142885 0.826874
vt 0.143190 0.828592
vt 0.143339 0.825621
vt 0.072563 0.979215
vt 0.072605 0.977783
vt 0.069763 0.977222
vt 0.143767 0.825108
vt 0.068188 0.975894
vt 0.666662 0.994258
vt 0.666558 0.993489
vt 0.068003 0.976251
vt 0.709160 0.075994
vt 0.710660 0.076697
vt 0.709589 0.078029
vt 0.706530 0.078636
vt 0.709601 0.080526
vt 0.072632 0.975086
vt 0.069045 0.974248
vt 0.706701 0.073936
vt 0.708918 0.073804
vt 0.602751 0.901750
vt 0.603434 0.899221
vt 0.603171 0.901512
vt 0.709221 0.073655
vt 0.704693 0.076178
vt 0.704058 0.072845
vt 0.707253 0.071430
vt 0.704202 0.070938
vt 0.707824 0.070041
vt 0.709779 0.069636
vt 0.708680 0.067417
vt 0.603434 0.905711
vt 0.711235 0.071850
vt 0.712542 0.070899
vt 0.712691 0.067401
vt 0.965440 0.581032
vt 0.966187 0.582374
vt 0.964437 0.582459
vt 0.713157 0.072427
vt 0.715008 0.070598
vt 0.071509 0.985070
vt 0.070101 0.984394
vt 0.070250 0.984084
vt 0.071950 0.984218
vt 0.964051 0.581746
vt 0.966712 0.586491
vt 0.966364 0.586685
vt 0.989628 0.842270
vt 0.990437 0.842800
vt 0.990447 0.844762
vt 0.273344 0.838630
vt 0.273557 0.836664
vt 0.964114 0.582639
vt 0.985589 0.842079
vt 0.985601 0.844992
vt 0.985616 0.846906
vt 0.990483 0.848584
vt 0.273344 0.842555
vt 0.273956 0.846431
vt 0.985664 0.850614
vt 0.990541 0.852220
vt 0.985638 0.848784
vt 0.985707 0.852891
vt 0.985540 0.854282
vt 0.985420 0.847134
vt 0.990621 0.855579
vt 0.985755 0.854912
vt 0.985825 0.857236
vt 0.279269 0.851359
vt 0.276941 0.853661
vt 0.275165 0.850164
vt 0.990720 0.858579
vt 0.277121 0.846318
vt 0.279240 0.856836
vt 0.283851 0.857005
vt 0.138501 0.841297
vt 0.138401 0.836877
vt 0.138636 0.838737
vt 0.983911 0.179734
vt 0.983930 0.185338
vt 0.983724 0.182313
vt 0.138670 0.840196
vt 0.138709 0.841559
vt 0.138753 0.842817
vt 0.983729 0.183688
vt 0.983720 0.180842
vt 0.974917 0.182907
vt 0.974910 0.180624
vt 0.974639 0.179323
vt 0.974905 0.178613
vt 0.539843 0.894724
vt 0.542074 0.897846
vt 0.541067 0.896909
vt 0.983716 0.179287
vt 0.974703 0.182536
vt 0.983713 0.177658
vt 0.983710 0.175967
vt 0.974902 0.176634
vt 0.544046 0.900253
vt 0.542522 0.898716
vt 0.546161 0.901563
vt 0.545268 0.901273
vt 0.974900 0.175124
vt 0.974898 0.172523
vt 0.983708 0.174225
vt 0.547467 0.902782
vt 0.983901 0.172913
vt 0.983707 0.172446
vt 0.983707 0.170641
vt 0.983707 0.168823
vt 0.974897 0.170136
vt 0.983901 0.167447
vt 0.974898 0.167686
vt 0.983708 0.167004
vt 0.296241 0.865526
vt 0.292377 0.864912
vt 0.295290 0.862303
vt 0.290028 0.860825
vt 0.983910 0.160584
vt 0.983709 0.165199
vt 0.974899 0.165651
vt 0.974901 0.164131
vt 0.983711 0.163418
vt 0.974903 0.162600
vt 0.983714 0.161675
vt 0.974907 0.160579
vt 0.983718 0.159982
vt 0.559049 0.905545
vt 0.560657 0.905746
vt 0.559040 0.905850
vt 0.556908 0.905785
vt 0.974911 0.159100
vt 0.562727 0.905449
vt 0.983722 0.158351
vt 0.974916 0.157266
vt 0.564838 0.904693
vt 0.983727 0.156793
vt 0.974920 0.155891
vt 0.564344 0.905059
vt 0.983732 0.155319
vt 0.974927 0.154292
vt 0.566293 0.904423
vt 0.983738 0.153940
vt 0.567711 0.903819
vt 0.974932 0.153180
vt 0.569854 0.902478
vt 0.569104 0.903098
vt 0.978089 0.316631
vt 0.978198 0.317936
vt 0.969354 0.317224
vt 0.969264 0.316047
vt 0.969114 0.313673
vt 0.968992 0.315195
vt 0.968940 0.311923
vt 0.972847 0.311618
vt 0.571544 0.901500
vt 0.572956 0.900173
vt 0.567564 0.903331
vt 0.572544 0.900141
vt 0.575732 0.893227
vt 0.573294 0.899773
vt 0.969023 0.311428
vt 0.972586 0.311268
vt 0.970310 0.304911
vt 0.819098 0.990255
vt 0.820174 0.987305
vt 0.820174 0.994302
vt 0.972157 0.304551
vt 0.972556 0.304270
vt 0.820041 0.986958
vt 0.972699 0.305433
vt 0.975186 0.307012
vt 0.972533 0.308314
vt 0.972801 0.309559
vt 0.819153 0.989013
vt 0.818168 0.994345
vt 0.818088 0.993133
vt 0.977608 0.305248
vt 0.972984 0.303375
vt 0.972436 0.304219
vt 0.443823 0.614630
vt 0.443823 0.617549
vt 0.443507 0.617586
vt 0.443349 0.614728
vt 0.442647 0.614899
vt 0.973284 0.301888
vt 0.442926 0.617860
vt 0.439960 0.750387
vt 0.440624 0.749613
vt 0.442462 0.619866
vt 0.441691 0.615215
vt 0.440951 0.748628
vt 0.440606 0.619854
vt 0.439713 0.616283
vt 0.440535 0.746737
vt 0.443760 0.745783
vt 0.439089 0.745594
vt 0.578898 0.891883
vt 0.578626 0.893186
vt 0.574427 0.891093
vt 0.574789 0.892661
vt 0.579057 0.894757
vt 0.572873 0.893980
vt 0.572013 0.895340
vt 0.077401 0.520596
vt 0.078507 0.518385
vt 0.078741 0.519966
vt 0.077505 0.522797
vt 0.079048 0.525593
vt 0.567072 0.899456
vt 0.562589 0.901283
vt 0.561193 0.903085
vt 0.528681 0.663832
vt 0.528667 0.667379
vt 0.527292 0.667083
vt 0.077646 0.525029
vt 0.077799 0.526906
vt 0.527298 0.665198
vt 0.076569 0.527395
vt 0.525998 0.665918
vt 0.869572 0.663636
vt 0.858675 0.658707
vt 0.861934 0.659070
vt 0.868088 0.661952
vt 0.526104 0.668561
vt 0.865144 0.660005
vt 0.076347 0.524941
vt 0.863222 0.662872
vt 0.857571 0.661850
vt 0.853661 0.659165
vt 0.076100 0.520579
vt 0.852961 0.662715
vt 0.847892 0.662018
vt 0.851384 0.659748
vt 0.076147 0.518383
vt 0.848606 0.661195
vt 0.077879 0.515127
vt 0.076085 0.515277
vt 0.845828 0.663369
vt 0.076068 0.511754
vt 0.077985 0.513098
vt 0.843320 0.666834
vt 0.078584 0.509818
vt 0.076694 0.508710
vt 0.076013 0.507706
vt 0.846411 0.667726
vt 0.844531 0.671640
vt 0.840813 0.674681
vt 0.841859 0.669456
vt 0.076117 0.505002
vt 0.077349 0.506254
vt 0.077439 0.504187
vt 0.078802 0.504024
vt 0.575908 0.885968
vt 0.575525 0.879603
vt 0.576308 0.881527
vt 0.576306 0.880770
vt 0.577096 0.880145
vt 0.573669 0.875156
vt 0.079048 0.500551
vt 0.078171 0.501896
vt 0.076344 0.501941
vt 0.991951 0.645396
vt 0.991861 0.644105
vt 0.993784 0.645380
vt 0.993479 0.641945
vt 0.994565 0.644107
vt 0.991883 0.640152
vt 0.992882 0.638211
vt 0.840933 0.679436
vt 0.840722 0.673154
vt 0.572599 0.872931
vt 0.574008 0.872927
vt 0.579318 0.879709
vt 0.573304 0.873203
vt 0.577871 0.881924
vt 0.578110 0.880628
vt 0.579858 0.881741
vt 0.577134 0.873514
vt 0.578948 0.877170
vt 0.574336 0.872271
vt 0.573910 0.871338
vt 0.574771 0.869917
vt 0.576254 0.871548
vt 0.578147 0.874792
vt 0.577133 0.872884
vt 0.985009 0.409160
vt 0.985013 0.410674
vt 0.976201 0.409936
vt 0.976197 0.408121
vt 0.976205 0.411238
vt 0.975984 0.407981
vt 0.985207 0.411101
vt 0.985017 0.412097
vt 0.985021 0.413420
vt 0.976210 0.412870
vt 0.978037 0.286892
vt 0.978415 0.284713
vt 0.978022 0.290004
vt 0.977942 0.288240
vt 0.969176 0.288079
vt 0.969302 0.286386
vt 0.977856 0.289686
vt 0.977781 0.291219
vt 0.969034 0.290563
vt 0.968965 0.292220
vt 0.579824 0.879927
vt 0.580080 0.881804
vt 0.968973 0.288310
vt 0.968958 0.292800
vt 0.579968 0.882383
vt 0.970282 0.299235
vt 0.968967 0.299735
vt 0.577426 0.888835
vt 0.977717 0.292829
vt 0.579022 0.876949
vt 0.318321 0.832286
vt 0.314480 0.826108
vt 0.319453 0.827519
vt 0.322437 0.834749
vt 0.321229 0.831016
vt 0.747098 0.562760
vt 0.751891 0.563923
vt 0.751954 0.562142
vt 0.747251 0.559342
vt 0.752028 0.560429
vt 0.752113 0.558795
vt 0.752163 0.561511
vt 0.752536 0.555298
vt 0.752209 0.557249
vt 0.752314 0.555800
vt 0.747446 0.556269
vt 0.991700 0.372894
vt 0.991696 0.371483
vt 0.991893 0.372539
vt 0.986851 0.373307
vt 0.991692 0.369971
vt 0.986842 0.370432
vt 0.314387 0.821569
vt 0.317153 0.824344
vt 0.986835 0.367173
vt 0.991688 0.368367
vt 0.991877 0.366232
vt 0.991685 0.366681
vt 0.091848 0.838580
vt 0.097094 0.841123
vt 0.095674 0.841228
vt 0.092169 0.839538
vt 0.088957 0.837338
vt 0.085969 0.833524
vt 0.991870 0.360771
vt 0.991679 0.363104
vt 0.991682 0.364923
vt 0.986829 0.363613
vt 0.991677 0.361235
vt 0.273343 0.909972
vt 0.273343 0.911920
vt 0.273143 0.910475
vt 0.991676 0.359328
vt 0.986825 0.359838
vt 0.991674 0.356662
vt 0.986823 0.355942
vt 0.304017 0.816268
vt 0.307737 0.817480
vt 0.308613 0.821464
vt 0.311222 0.819262
vt 0.301895 0.818994
vt 0.985005 0.407568
vt 0.985194 0.404429
vt 0.984996 0.399730
vt 0.985188 0.397339
vt 0.985003 0.405907
vt 0.985000 0.404190
vt 0.984998 0.402204
vt 0.892942 0.556924
vt 0.892942 0.559360
vt 0.892743 0.559298
vt 0.976187 0.400316
vt 0.984995 0.397287
vt 0.984995 0.395188
vt 0.976186 0.397960
vt 0.976185 0.395828
vt 0.985189 0.392040
vt 0.984995 0.393393
vt 0.976185 0.394211
vt 0.976186 0.392167
vt 0.984996 0.391630
vt 0.976187 0.390572
vt 0.975975 0.390202
vt 0.560747 0.862501
vt 0.975958 0.394308
vt 0.984997 0.389910
vt 0.976190 0.387985
vt 0.984999 0.388245
vt 0.985001 0.386648
vt 0.985197 0.385443
vt 0.285171 0.819264
vt 0.288844 0.817372
vt 0.289503 0.820578
vt 0.284769 0.823316
vt 0.296547 0.818822
vt 0.292377 0.816269
vt 0.985011 0.382372
vt 0.985207 0.381309
vt 0.985004 0.385130
vt 0.985007 0.383701
vt 0.991878 0.341527
vt 0.986841 0.341215
vt 0.991689 0.339691
vt 0.991682 0.343223
vt 0.986829 0.344482
vt 0.986842 0.337964
vt 0.991694 0.337681
vt 0.991893 0.336003
vt 0.126512 0.831346
vt 0.124142 0.834437
vt 0.122364 0.835334
vt 0.127050 0.829155
vt 0.120936 0.837414
vt 0.116475 0.839602
vt 0.985455 0.831818
vt 0.985606 0.825114
vt 0.985724 0.828086
vt 0.985862 0.823465
vt 0.985812 0.824910
vt 0.985765 0.826454
vt 0.990621 0.826175
vt 0.985688 0.829797
vt 0.990541 0.829509
vt 0.282007 0.821571
vt 0.990720 0.823206
vt 0.279240 0.824347
vt 0.985657 0.831576
vt 0.990483 0.833126
vt 0.276941 0.827523
vt 0.985612 0.835295
vt 0.985631 0.833412
vt 0.990453 0.835967
vt 0.275540 0.830112
vt 0.274488 0.832863
vt 0.985598 0.837212
vt 0.990438 0.838886
vt 0.985391 0.839399
vt 0.985590 0.839152
vt 0.129630 0.821834
vt 0.129732 0.824271
vt 0.130619 0.818990
vt 0.129858 0.814071
vt 0.131357 0.814148
vt 0.131482 0.819040
vt 0.130358 0.813159
vt 0.130904 0.823015
vt 0.128796 0.807535
vt 0.130772 0.810809
vt 0.129601 0.807228
vt 0.720823 0.067525
vt 0.724280 0.067650
vt 0.723701 0.070966
vt 0.717551 0.067450
vt 0.720865 0.070968
vt 0.717799 0.071358
vt 0.720845 0.072223
vt 0.723316 0.072804
vt 0.719218 0.073938
vt 0.721520 0.076491
vt 0.716235 0.077161
vt 0.714904 0.074998
vt 0.719389 0.078822
vt 0.716991 0.080072
vt 0.715005 0.078771
vt 0.714549 0.077532
vt 0.713666 0.076673
vt 0.966663 0.586821
vt 0.966650 0.587773
vt 0.963881 0.588303
vt 0.715165 0.073686
vt 0.713150 0.076395
vt 0.272961 0.731470
vt 0.273338 0.728397
vt 0.273338 0.732885
vt 0.963918 0.588901
vt 0.962210 0.589992
vt 0.962971 0.591359
vt 0.966855 0.589042
vt 0.317919 0.910395
vt 0.316353 0.909830
vt 0.317919 0.903408
vt 0.963871 0.593106
vt 0.966855 0.590862
vt 0.314338 0.903341
vt 0.314391 0.910273
vt 0.314325 0.902636
vt 0.314106 0.903346
vt 0.839701 0.687633
vt 0.839514 0.687499
vt 0.839701 0.683920
vt 0.147410 0.837201
vt 0.141068 0.837082
vt 0.143704 0.836338
vt 0.537280 0.885903
vt 0.537643 0.889004
vt 0.537080 0.886584
vt 0.147445 0.839078
vt 0.147657 0.839207
vt 0.147492 0.840946
vt 0.147540 0.842466
vt 0.616244 0.658816
vt 0.616241 0.656702
vt 0.616599 0.654633
vt 0.983735 0.184960
vt 0.974922 0.184123
vt 0.616400 0.660456
vt 0.616599 0.660762
vt 0.537589 0.887554
vt 0.539528 0.893733
vt 0.064873 0.715104
vt 0.064873 0.719516
vt 0.064770 0.715892
vt 0.541459 0.888253
vt 0.542698 0.891680
vt 0.544164 0.896259
vt 0.543638 0.897189
vt 0.545066 0.895447
vt 0.545286 0.896273
vt 0.656548 0.996433
vt 0.655491 0.996431
vt 0.655255 0.990998
vt 0.186596 0.991926
vt 0.187658 0.991934
vt 0.186949 0.997352
vt 0.656524 0.990999
vt 0.187739 0.997364
vt 0.878244 0.698423
vt 0.877463 0.698448
vt 0.874644 0.698305
vt 0.877310 0.698553
vt 0.892931 0.553418
vt 0.892897 0.553671
vt 0.885140 0.553726
vt 0.885165 0.553612
vt 0.985592 0.688469
vt 0.985675 0.687696
vt 0.987357 0.684811
vt 0.882406 0.698295
vt 0.874822 0.698946
vt 0.987924 0.680258
vt 0.362528 0.973690
vt 0.361963 0.978243
vt 0.361248 0.977438
vt 0.885165 0.551885
vt 0.885027 0.552827
vt 0.883062 0.552076
vt 0.362435 0.972563
vt 0.363252 0.969246
vt 0.361423 0.974839
vt 0.987170 0.689264
vt 0.986660 0.690291
vt 0.985865 0.689463
vt 0.987924 0.690809
vt 0.885200 0.550766
vt 0.884163 0.550590
vt 0.892959 0.550591
vt 0.587123 0.667634
vt 0.587578 0.666793
vt 0.587492 0.673159
vt 0.586971 0.668735
vt 0.892962 0.551692
vt 0.892968 0.549749
vt 0.892971 0.548974
vt 0.587821 0.666019
vt 0.892968 0.548168
vt 0.587926 0.665214
vt 0.890531 0.540774
vt 0.892926 0.540994
vt 0.588229 0.658041
vt 0.588848 0.651852
vt 0.588349 0.646661
vt 0.589059 0.670149
vt 0.587908 0.656972
vt 0.587297 0.651786
vt 0.588634 0.670607
vt 0.394357 0.993068
vt 0.394685 0.999276
vt 0.394130 0.999279
vt 0.588816 0.671155
vt 0.998995 0.404558
vt 0.998664 0.398349
vt 0.999105 0.398349
vt 0.393704 0.993073
vt 0.999734 0.398360
vt 0.999734 0.404572
vt 0.103334 0.336773
vt 0.103016 0.336241
vt 0.103768 0.336439
vt 0.103768 0.337217
vt 0.103166 0.337335
vt 0.102714 0.336732
vt 0.394798 0.993067
vt 0.394765 0.999279
vt 0.999570 0.810732
vt 0.999570 0.816956
vt 0.999297 0.816929
vt 0.589565 0.671205
vt 0.589053 0.673173
vt 0.999004 0.810714
vt 0.589870 0.670640
vt 0.589692 0.670247
vt 0.998686 0.816919
vt 0.998612 0.810714
vt 0.431600 0.987805
vt 0.433828 0.986539
vt 0.433872 0.987835
vt 0.431950 0.986228
vt 0.433780 0.984980
vt 0.586336 0.673109
vt 0.588680 0.673203
vt 0.588015 0.680885
vt 0.433509 0.983836
vt 0.430152 0.988448
vt 0.590843 0.673288
vt 0.585935 0.677878
vt 0.587093 0.682421
vt 0.590434 0.680900
vt 0.590345 0.682133
vt 0.590833 0.685089
vt 0.730199 0.075997
vt 0.728563 0.077072
vt 0.728091 0.075802
vt 0.729849 0.077225
vt 0.731487 0.073030
vt 0.728423 0.072840
vt 0.729177 0.071619
vt 0.732401 0.071746
vt 0.590186 0.686403
vt 0.587960 0.685532
vt 0.730762 0.068041
vt 0.727700 0.067825
vt 0.726043 0.071174
vt 0.725724 0.072805
vt 0.726092 0.075676
vt 0.725024 0.077955
vt 0.726802 0.081286
vt 0.725350 0.082740
vt 0.722043 0.078872
vt 0.728716 0.085368
vt 0.721431 0.081738
vt 0.718767 0.081566
vt 0.720956 0.083008
vt 0.703740 0.082714
vt 0.712328 0.082260
vt 0.542651 0.876915
vt 0.541905 0.878880
vt 0.538028 0.876401
vt 0.538386 0.875037
vt 0.537280 0.877629
vt 0.710931 0.081938
vt 0.713752 0.081733
vt 0.966742 0.592339
vt 0.714828 0.080430
vt 0.540019 0.879304
vt 0.963793 0.593480
vt 0.541359 0.880428
vt 0.314093 0.910494
vt 0.541014 0.884634
vt 0.661588 0.973859
vt 0.663563 0.973114
vt 0.662701 0.976888
vt 0.662243 0.972212
vt 0.661624 0.977866
vt 0.664299 0.974529
vt 0.663059 0.980696
vt 0.664216 0.979521
vt 0.664336 0.978296
vt 0.661682 0.981026
vt 0.873603 0.683398
vt 0.872873 0.684511
vt 0.874802 0.678691
vt 0.871482 0.679453
vt 0.868903 0.684598
vt 0.870472 0.687709
vt 0.878704 0.556339
vt 0.880444 0.555446
vt 0.880588 0.556471
vt 0.876775 0.556389
vt 0.875600 0.556612
vt 0.359900 0.970666
vt 0.359144 0.972181
vt 0.358874 0.970674
vt 0.871955 0.674788
vt 0.359050 0.974204
vt 0.690465 0.066732
vt 0.691364 0.064794
vt 0.692162 0.066732
vt 0.359230 0.973919
vt 0.361233 0.972137
vt 0.359322 0.975820
vt 0.603442 0.805660
vt 0.603442 0.807829
vt 0.603268 0.806090
vt 0.359420 0.977873
vt 0.359242 0.978221
vt 0.870967 0.670568
vt 0.874210 0.670463
vt 0.867984 0.666074
vt 0.359492 0.983623
vt 0.359519 0.980004
vt 0.359730 0.989008
vt 0.359749 0.985030
vt 0.360560 0.981313
vt 0.361655 0.983496
vt 0.362264 0.984795
vt 0.361776 0.986188
vt 0.363252 0.989158
vt 0.194529 0.987963
vt 0.195096 0.992401
vt 0.192831 0.985080
vt 0.874565 0.700148
vt 0.874777 0.699487
vt 0.877175 0.699848
vt 0.877840 0.699065
vt 0.877800 0.699802
vt 0.878349 0.698592
vt 0.879121 0.698531
vt 0.878708 0.698865
vt 0.878868 0.698939
vt 0.879907 0.698978
vt 0.879972 0.699146
vt 0.879448 0.699195
vt 0.882369 0.699140
vt 0.879046 0.699426
vt 0.878645 0.699480
vt 0.873472 0.991117
vt 0.874460 0.991117
vt 0.873894 0.996550
vt 0.874926 0.996552
vt 0.878820 0.693155
vt 0.878922 0.698450
vt 0.879340 0.698818
vt 0.873237 0.996552
vt 0.186282 0.997364
vt 0.880173 0.698818
vt 0.962776 0.997168
vt 0.961524 0.997121
vt 0.961945 0.991708
vt 0.962776 0.991744
vt 0.961299 0.991658
vt 0.547882 0.899434
vt 0.545130 0.897999
vt 0.545712 0.897206
vt 0.547621 0.900685
vt 0.398724 0.996670
vt 0.397763 0.996668
vt 0.398244 0.991235
vt 0.548946 0.899335
vt 0.547361 0.897734
vt 0.877869 0.693178
vt 0.654758 0.996433
vt 0.528662 0.682921
vt 0.528668 0.685891
vt 0.526694 0.683617
vt 0.528657 0.678546
vt 0.528468 0.682597
vt 0.551133 0.900081
vt 0.527294 0.686639
vt 0.525990 0.684151
vt 0.526097 0.680334
vt 0.525983 0.679622
vt 0.527871 0.678113
vt 0.603430 0.707227
vt 0.603430 0.711931
vt 0.603270 0.711248
vt 0.528465 0.680759
vt 0.527265 0.675452
vt 0.528656 0.674509
vt 0.525943 0.674094
vt 0.525985 0.671857
vt 0.527281 0.672505
vt 0.528268 0.670217
vt 0.554954 0.901354
vt 0.559393 0.901634
vt 0.559635 0.902173
vt 0.560639 0.902151
vt 0.172683 0.996556
vt 0.171830 0.996558
vt 0.172171 0.991123
vt 0.173617 0.996558
vt 0.173238 0.991124
vt 0.878529 0.699957
vt 0.877268 0.699936
vt 0.877731 0.694549
vt 0.669999 0.990944
vt 0.671157 0.990945
vt 0.670945 0.996378
vt 0.878796 0.694524
vt 0.882327 0.700089
vt 0.879063 0.699861
vt 0.561126 0.672045
vt 0.562874 0.669789
vt 0.562131 0.672962
vt 0.562116 0.669612
vt 0.882325 0.700296
vt 0.880334 0.699241
vt 0.574351 0.670273
vt 0.573275 0.672559
vt 0.564885 0.672270
vt 0.880725 0.699477
vt 0.880652 0.699525
vt 0.562121 0.673991
vt 0.563554 0.673195
vt 0.566932 0.672648
vt 0.571142 0.672490
vt 0.571253 0.672712
vt 0.571212 0.673692
vt 0.566367 0.673521
vt 0.576305 0.674074
vt 0.573386 0.674516
vt 0.570560 0.677239
vt 0.574778 0.673213
vt 0.568224 0.674296
vt 0.579319 0.673366
vt 0.577969 0.672804
vt 0.539335 0.689163
vt 0.539337 0.689898
vt 0.538214 0.689648
vt 0.581878 0.672945
vt 0.581381 0.673063
vt 0.538058 0.689063
vt 0.583777 0.674030
vt 0.585187 0.673701
vt 0.584587 0.670705
vt 0.585663 0.670456
vt 0.584131 0.676383
vt 0.205412 0.848997
vt 0.205723 0.847743
vt 0.205723 0.850111
vt 0.583681 0.681094
vt 0.581752 0.677708
vt 0.581124 0.674144
vt 0.579383 0.680615
vt 0.578889 0.674746
vt 0.576353 0.674641
vt 0.576495 0.680566
vt 0.580971 0.683335
vt 0.583794 0.685531
vt 0.579638 0.685834
vt 0.584348 0.683823
vt 0.577219 0.683553
vt 0.575318 0.681625
vt 0.573146 0.684364
vt 0.576431 0.685782
vt 0.579887 0.689554
vt 0.572096 0.685519
vt 0.573945 0.689306
vt 0.576945 0.689432
vt 0.108385 0.790850
vt 0.111344 0.791380
vt 0.111566 0.792273
vt 0.569933 0.689137
vt 0.572906 0.690037
vt 0.107256 0.791548
vt 0.114214 0.792279
vt 0.110083 0.792598
vt 0.115670 0.793781
vt 0.115635 0.794371
vt 0.990718 0.061360
vt 0.990730 0.066544
vt 0.990530 0.064036
vt 0.120552 0.797508
vt 0.990526 0.062261
vt 0.254839 0.907416
vt 0.254839 0.909364
vt 0.254653 0.908459
vt 0.990712 0.055658
vt 0.990523 0.060428
vt 0.985674 0.061395
vt 0.990521 0.058548
vt 0.985681 0.064957
vt 0.985669 0.057619
vt 0.288657 0.863700
vt 0.285171 0.861918
vt 0.282007 0.859611
vt 0.985691 0.068218
vt 0.990534 0.065742
vt 0.990539 0.067368
vt 0.990545 0.068905
vt 0.990551 0.070344
vt 0.985703 0.071096
vt 0.990747 0.071064
vt 0.711273 0.863810
vt 0.711273 0.866736
vt 0.711071 0.865902
vt 0.985903 0.859361
vt 0.124722 0.801591
vt 0.123229 0.799026
vt 0.985681 0.858898
vt 0.127713 0.806608
vt 0.126012 0.802408
vt 0.127819 0.803629
vt 0.125517 0.800341
vt 0.122747 0.797438
vt 0.120286 0.796475
vt 0.119573 0.794988
vt 0.584220 0.686275
vt 0.586571 0.686472
vt 0.585470 0.689783
vt 0.582749 0.689672
vt 0.588849 0.689918
vt 0.116978 0.793463
vt 0.581653 0.686271
vt 0.591862 0.690037
vt 0.990519 0.056632
vt 0.990518 0.054692
vt 0.985667 0.053722
vt 0.990518 0.052740
vt 0.990518 0.050788
vt 0.990519 0.048848
vt 0.985667 0.049800
vt 0.990521 0.046931
vt 0.985671 0.045949
vt 0.300153 0.865526
vt 0.101918 0.791600
vt 0.104386 0.790647
vt 0.098445 0.791480
vt 0.566960 0.689010
vt 0.567579 0.689811
vt 0.101389 0.790875
vt 0.568701 0.685627
vt 0.564071 0.688885
vt 0.566109 0.685617
vt 0.563826 0.685194
vt 0.567461 0.684574
vt 0.560802 0.685285
vt 0.563732 0.683915
vt 0.560634 0.683754
vt 0.564063 0.681356
vt 0.561061 0.680893
vt 0.557745 0.683266
vt 0.558802 0.680400
vt 0.555532 0.680465
vt 0.554649 0.682623
vt 0.454241 0.751932
vt 0.455923 0.749982
vt 0.456773 0.752054
vt 0.453101 0.749356
vt 0.452639 0.753457
vt 0.454743 0.749048
vt 0.456529 0.748951
vt 0.454694 0.741312
vt 0.556497 0.679519
vt 0.555912 0.671710
vt 0.558575 0.671932
vt 0.723472 0.988937
vt 0.723686 0.992487
vt 0.722680 0.990317
vt 0.455324 0.740142
vt 0.456845 0.741014
vt 0.452994 0.738366
vt 0.458611 0.738593
vt 0.458850 0.740174
vt 0.720711 0.989391
vt 0.722996 0.992091
vt 0.721785 0.988059
vt 0.558215 0.671871
vt 0.556473 0.671091
vt 0.557953 0.669875
vt 0.557655 0.669173
vt 0.554442 0.667102
vt 0.555003 0.669487
vt 0.554504 0.667974
vt 0.458310 0.736229
vt 0.458415 0.737094
vt 0.558179 0.668811
vt 0.640340 0.998842
vt 0.639627 0.998842
vt 0.639613 0.992633
vt 0.652174 0.992236
vt 0.652711 0.992235
vt 0.652187 0.998445
vt 0.100585 0.336467
vt 0.100585 0.337256
vt 0.100160 0.336850
vt 0.652918 0.998445
vt 0.100015 0.336241
vt 0.640226 0.992632
vt 0.099848 0.337387
vt 0.099570 0.336829
vt 0.240786 0.999133
vt 0.240168 0.999146
vt 0.240532 0.992927
vt 0.241103 0.992931
vt 0.241269 0.999146
vt 0.558819 0.669203
vt 0.561268 0.669028
vt 0.558725 0.669773
vt 0.653335 0.992244
vt 0.560748 0.668004
vt 0.882322 0.700913
vt 0.882322 0.701958
vt 0.874560 0.701353
vt 0.874562 0.700568
vt 0.874561 0.702350
vt 0.194359 0.983753
vt 0.193341 0.983138
vt 0.194167 0.982523
vt 0.192864 0.984051
vt 0.195096 0.982201
vt 0.874565 0.702064
vt 0.874562 0.703333
vt 0.873271 0.703079
vt 0.872256 0.701664
vt 0.874578 0.700635
vt 0.675312 0.485669
vt 0.676379 0.484128
vt 0.676379 0.487156
vt 0.873393 0.700744
vt 0.869060 0.701799
vt 0.870582 0.700208
vt 0.872979 0.699329
vt 0.867828 0.699668
vt 0.870229 0.698368
vt 0.362700 0.991943
vt 0.360861 0.991843
vt 0.361954 0.988666
vt 0.359868 0.987733
vt 0.359973 0.990167
vt 0.409683 0.866829
vt 0.409683 0.869714
vt 0.409483 0.868220
vt 0.868831 0.697464
vt 0.872864 0.697119
vt 0.871878 0.697410
vt 0.867419 0.697717
vt 0.865596 0.698667
vt 0.864564 0.697632
vt 0.863777 0.700960
vt 0.863091 0.698226
vt 0.860423 0.697855
vt 0.807309 0.891571
vt 0.807019 0.894233
vt 0.806842 0.894410
vt 0.860241 0.697674
vt 0.849183 0.664856
vt 0.818906 0.152731
vt 0.818906 0.156650
vt 0.818718 0.153973
vt 0.807309 0.897111
vt 0.855499 0.697771
vt 0.857562 0.697824
vt 0.856978 0.701813
vt 0.859614 0.701470
vt 0.205686 0.880725
vt 0.205686 0.882898
vt 0.205445 0.881953
vt 0.855164 0.702586
vt 0.854199 0.697720
vt 0.852532 0.697449
vt 0.856322 0.697619
vt 0.852401 0.697622
vt 0.853207 0.702771
vt 0.409740 0.784869
vt 0.409740 0.787041
vt 0.409589 0.786784
vt 0.850790 0.697504
vt 0.953462 0.338049
vt 0.953662 0.339750
vt 0.853491 0.704183
vt 0.854843 0.705875
vt 0.858262 0.703484
vt 0.862732 0.703382
vt 0.861354 0.704119
vt 0.857682 0.705310
vt 0.251820 0.825249
vt 0.256520 0.820154
vt 0.260095 0.818644
vt 0.253737 0.821071
vt 0.251340 0.828370
vt 0.249927 0.827639
vt 0.251346 0.824428
vt 0.250280 0.829959
vt 0.248532 0.829398
vt 0.273316 0.608398
vt 0.273316 0.614599
vt 0.273044 0.609765
vt 0.852224 0.708815
vt 0.850588 0.711420
vt 0.248863 0.827219
vt 0.862433 0.704424
vt 0.261184 0.818714
vt 0.262090 0.818556
vt 0.863342 0.704763
vt 0.263102 0.818896
vt 0.864317 0.705964
vt 0.865463 0.705337
vt 0.865758 0.707410
vt 0.867599 0.709531
vt 0.866735 0.704503
vt 0.868839 0.703351
vt 0.873327 0.705125
vt 0.873242 0.705912
vt 0.868722 0.711405
vt 0.867683 0.714532
vt 0.868908 0.717165
vt 0.870463 0.718436
vt 0.870521 0.721610
vt 0.873173 0.724852
vt 0.874096 0.724999
vt 0.872305 0.725833
vt 0.875493 0.726763
vt 0.878132 0.731159
vt 0.874885 0.727889
vt 0.959266 0.451401
vt 0.958632 0.450000
vt 0.961874 0.449623
vt 0.549614 0.992072
vt 0.549614 0.993936
vt 0.547167 0.994882
vt 0.547095 0.993279
vt 0.961114 0.452026
vt 0.958499 0.453996
vt 0.547474 0.990232
vt 0.959941 0.454551
vt 0.956616 0.453062
vt 0.957187 0.451474
vt 0.959404 0.456050
vt 0.961724 0.454552
vt 0.960571 0.458073
vt 0.959548 0.457340
vt 0.960009 0.461841
vt 0.960010 0.464545
vt 0.871540 0.728192
vt 0.871558 0.729089
vt 0.867453 0.728969
vt 0.871549 0.727950
vt 0.867468 0.728018
vt 0.867461 0.728280
vt 0.862612 0.728163
vt 0.862606 0.728538
vt 0.862621 0.727901
vt 0.862406 0.728871
vt 0.382055 0.790314
vt 0.347891 0.756647
vt 0.347782 0.759135
vt 0.347589 0.758417
vt 0.862598 0.729300
vt 0.347891 0.761169
vt 0.867444 0.729946
vt 0.862592 0.730109
vt 0.867439 0.730740
vt 0.862587 0.730980
vt 0.070300 0.568852
vt 0.070259 0.566085
vt 0.070300 0.564274
vt 0.867435 0.731709
vt 0.862582 0.732122
vt 0.389781 0.787857
vt 0.391520 0.786797
vt 0.711273 0.866736
vt 0.711273 0.869727
vt 0.711079 0.867619
vt 0.867431 0.732803
vt 0.862576 0.734189
vt 0.923560 0.011255
vt 0.922626 0.009712
vt 0.922706 0.009658
vt 0.923645 0.011208
vt 0.867427 0.734014
vt 0.921641 0.008192
vt 0.875326 0.732044
vt 0.877621 0.733571
vt 0.867431 0.732878
vt 0.867435 0.731789
vt 0.867427 0.734195
vt 0.921466 0.008130
vt 0.879166 0.734226
vt 0.867424 0.735397
vt 0.920387 0.006887
vt 0.920457 0.006821
vt 0.919163 0.005553
vt 0.867424 0.735334
vt 0.867422 0.736752
vt 0.919098 0.005625
vt 0.867420 0.738261
vt 0.917767 0.004398
vt 0.867422 0.736810
vt 0.882366 0.735379
vt 0.882363 0.736791
vt 0.862568 0.739452
vt 0.875276 0.730181
vt 0.872745 0.730556
vt 0.924362 0.012871
vt 0.867440 0.730824
vt 0.925072 0.014532
vt 0.924451 0.012831
vt 0.867478 0.727927
vt 0.881638 0.524193
vt 0.881550 0.524447
vt 0.877508 0.524465
vt 0.872675 0.524527
vt 0.872608 0.524600
vt 0.960386 0.467222
vt 0.881943 0.523568
vt 0.961139 0.470038
vt 0.960172 0.471972
vt 0.959497 0.470330
vt 0.961874 0.471927
vt 0.877702 0.523108
vt 0.882968 0.522911
vt 0.924362 0.030393
vt 0.925072 0.028731
vt 0.883005 0.524612
vt 0.958944 0.473107
vt 0.961451 0.474658
vt 0.885972 0.523428
vt 0.959759 0.475190
vt 0.988428 0.994838
vt 0.990033 0.994113
vt 0.990033 0.997728
vt 0.887568 0.523650
vt 0.885166 0.525151
vt 0.885688 0.526874
vt 0.544271 0.336919
vt 0.545914 0.336890
vt 0.545914 0.339794
vt 0.882324 0.527990
vt 0.543321 0.338286
vt 0.883626 0.529184
vt 0.888907 0.529072
vt 0.889435 0.523393
vt 0.890554 0.529734
vt 0.888841 0.532449
vt 0.887850 0.532199
vt 0.892854 0.528585
vt 0.881885 0.533212
vt 0.664658 0.989322
vt 0.664691 0.992040
vt 0.662156 0.990065
vt 0.892848 0.529615
vt 0.662804 0.991038
vt 0.892808 0.530392
vt 0.890662 0.530616
vt 0.586979 0.647434
vt 0.586663 0.649456
vt 0.585225 0.648236
vt 0.892756 0.531200
vt 0.890808 0.531670
vt 0.892754 0.533476
vt 0.584662 0.650510
vt 0.587000 0.650274
vt 0.586685 0.653187
vt 0.584581 0.654371
vt 0.892779 0.537337
vt 0.890563 0.534365
vt 0.890509 0.537518
vt 0.889375 0.534112
vt 0.889672 0.531550
vt 0.662125 0.987497
vt 0.661588 0.984048
vt 0.662811 0.983698
vt 0.663106 0.988910
vt 0.663074 0.984899
vt 0.153047 0.995593
vt 0.153792 0.999409
vt 0.153028 0.999483
vt 0.117007 0.999230
vt 0.116059 0.999271
vt 0.116459 0.995400
vt 0.117007 0.995354
vt 0.663815 0.984425
vt 0.663776 0.985565
vt 0.147694 0.999035
vt 0.147202 0.999046
vt 0.147519 0.995170
vt 0.664691 0.984227
vt 0.664333 0.984951
vt 0.663946 0.988396
vt 0.146554 0.999046
vt 0.147011 0.995148
vt 0.664272 0.989130
vt 0.587453 0.653629
vt 0.586737 0.654135
vt 0.153792 0.995503
vt 0.511818 0.994903
vt 0.512008 0.998809
vt 0.511452 0.998783
vt 0.663679 0.989466
vt 0.104763 0.999398
vt 0.104093 0.999374
vt 0.104763 0.995493
vt 0.104051 0.995501
vt 0.587587 0.649605
vt 0.510900 0.994928
vt 0.510825 0.998809
vt 0.352720 0.935946
vt 0.353319 0.935924
vt 0.353319 0.939809
vt 0.994451 0.476790
vt 0.992516 0.476175
vt 0.993371 0.475043
vt 0.888895 0.537536
vt 0.890798 0.540473
vt 0.702250 0.486900
vt 0.701050 0.485486
vt 0.702250 0.483928
vt 0.999685 0.123872
vt 0.999685 0.128005
vt 0.999095 0.125382
vt 0.888247 0.534928
vt 0.992503 0.472843
vt 0.991766 0.474934
vt 0.994451 0.472833
vt 0.890657 0.539100
vt 0.892908 0.539927
vt 0.890719 0.538383
vt 0.889481 0.537946
vt 0.892834 0.538788
vt 0.585915 0.655826
vt 0.352489 0.939825
vt 0.589582 0.636440
vt 0.588753 0.645633
vt 0.589125 0.636808
vt 0.892802 0.519759
vt 0.892815 0.519389
vt 0.889916 0.519789
vt 0.889071 0.519934
vt 0.881471 0.530735
vt 0.872601 0.728780
vt 0.952984 0.452134
vt 0.947722 0.451486
vt 0.952726 0.450722
vt 0.869215 0.721929
vt 0.867301 0.717299
vt 0.948038 0.450238
vt 0.956562 0.449874
vt 0.944810 0.450768
vt 0.866521 0.714035
vt 0.945577 0.452655
vt 0.941732 0.451788
vt 0.866264 0.709909
vt 0.940654 0.450611
vt 0.938993 0.451254
vt 0.938107 0.450184
vt 0.936706 0.450710
vt 0.882325 0.705953
vt 0.560009 0.664036
vt 0.560134 0.665243
vt 0.882324 0.704742
vt 0.560605 0.666514
vt 0.873599 0.703900
vt 0.882324 0.703452
vt 0.241207 0.992957
vt 0.640420 0.992634
vt 0.723686 0.985862
vt 0.559200 0.679589
vt 0.560902 0.679665
vt 0.564242 0.680039
vt 0.565296 0.675592
vt 0.567896 0.680232
vt 0.567441 0.681443
vt 0.569750 0.684339
vt 0.571578 0.681947
vt 0.570573 0.680347
vt 0.573869 0.680355
vt 0.539337 0.688536
vt 0.879766 0.694160
vt 0.880644 0.694110
vt 0.879775 0.699575
vt 0.243484 0.993082
vt 0.244059 0.993083
vt 0.244053 0.998516
vt 0.555245 0.903895
vt 0.556113 0.903291
vt 0.553235 0.904823
vt 0.554371 0.903285
vt 0.243016 0.998516
vt 0.554290 0.902373
vt 0.370027 0.991643
vt 0.370834 0.991626
vt 0.370307 0.997063
vt 0.242806 0.993084
vt 0.371376 0.997063
vt 0.879887 0.699245
vt 0.880115 0.699422
vt 0.879616 0.693819
vt 0.880176 0.693829
vt 0.975423 0.993793
vt 0.976028 0.993792
vt 0.975558 0.999226
vt 0.552251 0.902227
vt 0.551722 0.902488
vt 0.664323 0.897860
vt 0.664758 0.897824
vt 0.664758 0.903216
vt 0.254817 0.940833
vt 0.254179 0.940752
vt 0.254817 0.935356
vt 0.552324 0.901654
vt 0.006015 0.986823
vt 0.006611 0.986772
vt 0.006611 0.992225
vt 0.880585 0.699188
vt 0.389243 0.947098
vt 0.388555 0.947098
vt 0.388977 0.941664
vt 0.551198 0.901936
vt 0.548495 0.901295
vt 0.551672 0.901287
vt 0.005828 0.992257
vt 0.549498 0.899956
vt 0.549350 0.900800
vt 0.976300 0.999226
vt 0.976612 0.993794
vt 0.879058 0.693551
vt 0.879899 0.693563
vt 0.397023 0.996670
vt 0.397344 0.991236
vt 0.880670 0.693511
vt 0.880679 0.698926
vt 0.634484 0.992397
vt 0.635242 0.992398
vt 0.635236 0.997831
vt 0.880681 0.698863
vt 0.634198 0.997831
vt 0.633925 0.992399
vt 0.458823 0.535305
vt 0.458823 0.539161
vt 0.458811 0.537970
vt 0.371585 0.991646
vt 0.555062 0.901885
vt 0.807710 0.997336
vt 0.806643 0.997336
vt 0.806642 0.991903
vt 0.556077 0.902211
vt 0.807386 0.991902
vt 0.808032 0.991903
vt 0.878554 0.699807
vt 0.878782 0.699541
vt 0.878773 0.694126
vt 0.110110 0.991518
vt 0.110883 0.991534
vt 0.110313 0.996943
vt 0.669342 0.990947
vt 0.669907 0.996378
vt 0.111065 0.996979
vt 0.559190 0.902876
vt 0.559484 0.903840
vt 0.111703 0.991583
vt 0.560541 0.903974
vt 0.553832 0.905195
vt 0.549679 0.903765
vt 0.551862 0.904785
vt 0.974670 0.170079
vt 0.555339 0.905613
vt 0.974687 0.165676
vt 0.111703 0.997034
vt 0.873258 0.667771
vt 0.079301 0.464604
vt 0.079301 0.469133
vt 0.079260 0.467354
vt 0.874802 0.672215
vt 0.525988 0.689438
vt 0.527011 0.689887
vt 0.528681 0.689458
vt 0.663425 0.983031
vt 0.664464 0.983115
vt 0.661768 0.983698
vt 0.544067 0.897901
vt 0.507085 0.804350
vt 0.508026 0.803217
vt 0.508026 0.806300
vt 0.422172 0.337860
vt 0.422172 0.340062
vt 0.420365 0.338683
vt 0.880865 0.553343
vt 0.361996 0.969996
vt 0.874451 0.556433
vt 0.864821 0.688148
vt 0.870236 0.556671
vt 0.867806 0.556470
vt 0.867303 0.690487
vt 0.664216 0.970353
vt 0.662990 0.968153
vt 0.662309 0.970110
vt 0.664319 0.967712
vt 0.663028 0.965247
vt 0.661608 0.967990
vt 0.543550 0.874983
vt 0.546136 0.871652
vt 0.661667 0.963913
vt 0.661748 0.960708
vt 0.662496 0.962319
vt 0.705958 0.081162
vt 0.694735 0.980022
vt 0.693437 0.977286
vt 0.694735 0.976438
vt 0.205657 0.845375
vt 0.205412 0.842498
vt 0.205657 0.842294
vt 0.701274 0.081160
vt 0.698991 0.081029
vt 0.701899 0.078128
vt 0.702103 0.075361
vt 0.699479 0.076578
vt 0.697848 0.073340
vt 0.701336 0.072209
vt 0.698250 0.071301
vt 0.701272 0.071028
vt 0.695541 0.071539
vt 0.700075 0.067633
vt 0.696640 0.067804
vt 0.703543 0.067513
vt 0.127488 0.831339
vt 0.125107 0.834569
vt 0.128389 0.827931
vt 0.129264 0.828021
vt 0.130100 0.825921
vt 0.705712 0.067461
vt 0.122269 0.837400
vt 0.693558 0.068015
vt 0.934275 0.830845
vt 0.934288 0.827819
vt 0.937963 0.828204
vt 0.693193 0.071711
vt 0.119037 0.839770
vt 0.937893 0.830312
vt 0.115994 0.840490
vt 0.115485 0.841623
vt 0.934265 0.834235
vt 0.937622 0.832512
vt 0.939122 0.830426
vt 0.938721 0.833168
vt 0.937938 0.835763
vt 0.937610 0.837568
vt 0.934259 0.836964
vt 0.937767 0.841346
vt 0.934254 0.839832
vt 0.107129 0.842907
vt 0.109738 0.843345
vt 0.106757 0.843725
vt 0.934250 0.842779
vt 0.110968 0.842294
vt 0.112666 0.842666
vt 0.103241 0.842931
vt 0.103751 0.843725
vt 0.110537 0.841719
vt 0.102935 0.842250
vt 0.991870 0.347283
vt 0.991674 0.350588
vt 0.991676 0.348679
vt 0.991867 0.354837
vt 0.991677 0.346807
vt 0.991679 0.344985
vt 0.986825 0.348168
vt 0.296241 0.815654
vt 0.986823 0.352019
vt 0.300153 0.815654
vt 0.991674 0.353499
vt 0.099393 0.842367
vt 0.099778 0.843219
vt 0.096867 0.842466
vt 0.933476 0.850193
vt 0.934249 0.849798
vt 0.934250 0.852772
vt 0.937763 0.847386
vt 0.938101 0.850583
vt 0.934249 0.845783
vt 0.933476 0.846299
vt 0.937929 0.854700
vt 0.934254 0.855660
vt 0.937965 0.858579
vt 0.938112 0.860943
vt 0.934260 0.859332
vt 0.090568 0.839409
vt 0.088140 0.837631
vt 0.934267 0.861912
vt 0.933485 0.857658
vt 0.085954 0.835560
vt 0.934275 0.864276
vt 0.937817 0.863576
vt 0.937738 0.866463
vt 0.934287 0.866931
vt 0.084906 0.833147
vt 0.083547 0.832667
vt 0.081775 0.828226
vt 0.081908 0.826909
vt 0.081774 0.829779
vt 0.425047 0.761581
vt 0.422424 0.761974
vt 0.423526 0.758064
vt 0.426244 0.757832
vt 0.428336 0.761112
vt 0.426682 0.762163
vt 0.429750 0.757538
vt 0.431082 0.760740
vt 0.430097 0.761688
vt 0.080382 0.824583
vt 0.080163 0.826236
vt 0.079552 0.820772
vt 0.079319 0.823342
vt 0.080054 0.819368
vt 0.079305 0.816879
vt 0.437553 0.760727
vt 0.433748 0.761205
vt 0.436631 0.760028
vt 0.433935 0.760367
vt 0.439864 0.759636
vt 0.437551 0.756186
vt 0.433202 0.756908
vt 0.440643 0.755845
vt 0.441424 0.760264
vt 0.433740 0.755375
vt 0.430990 0.755651
vt 0.436331 0.755142
vt 0.434105 0.752782
vt 0.438490 0.752504
vt 0.431290 0.751871
vt 0.427555 0.752548
vt 0.428219 0.756296
vt 0.426757 0.753834
vt 0.424652 0.752905
vt 0.423763 0.749173
vt 0.421848 0.753166
vt 0.423100 0.755005
vt 0.424808 0.756591
vt 0.941921 0.864820
vt 0.943198 0.864650
vt 0.941156 0.866466
vt 0.420489 0.757641
vt 0.421717 0.754458
vt 0.938883 0.865201
vt 0.421510 0.758626
vt 0.420834 0.746640
vt 0.438424 0.751037
vt 0.933479 0.854009
vt 0.094074 0.841352
vt 0.937926 0.844873
vt 0.941153 0.828933
vt 0.941800 0.831021
vt 0.939195 0.827448
vt 0.694249 0.074947
vt 0.697376 0.075584
vt 0.696657 0.076905
vt 0.694422 0.072872
vt 0.943005 0.829434
vt 0.694609 0.076832
vt 0.696302 0.083264
vt 0.694094 0.083979
vt 0.696057 0.084949
vt 0.950122 0.830053
vt 0.951230 0.828526
vt 0.950952 0.831815
vt 0.946581 0.830885
vt 0.949803 0.832660
vt 0.943184 0.832375
vt 0.696321 0.086653
vt 0.952865 0.829443
vt 0.696855 0.087115
vt 0.731223 0.085020
vt 0.729144 0.086769
vt 0.729761 0.084813
vt 0.173617 0.991760
vt 0.174680 0.991123
vt 0.174680 0.999440
vt 0.432489 0.988919
vt 0.429609 0.990015
vt 0.733497 0.086982
vt 0.433966 0.990015
vt 0.592455 0.671068
vt 0.998934 0.272102
vt 0.999790 0.267607
vt 0.999790 0.273217
vt 0.586591 0.669691
vt 0.892956 0.552650
vt 0.885204 0.552119
vt 0.885191 0.553098
vt 0.143498 0.834450
vt 0.138585 0.835572
vt 0.840313 0.990465
vt 0.841522 0.994468
vt 0.840672 0.992547
vt 0.139791 0.832599
vt 0.143753 0.832378
vt 0.841710 0.987524
vt 0.841710 0.994512
vt 0.839704 0.987406
vt 0.141014 0.830138
vt 0.143733 0.829342
vt 0.715689 0.069542
vt 0.989966 0.840924
vt 0.990434 0.840860
vt 0.976198 0.383808
vt 0.976193 0.385951
vt 0.975995 0.386123
vt 0.551396 0.863640
vt 0.976202 0.382057
vt 0.549171 0.864578
vt 0.147657 0.812219
vt 0.147587 0.814129
vt 0.138814 0.813205
vt 0.138868 0.811814
vt 0.547047 0.865753
vt 0.138765 0.814690
vt 0.138629 0.812734
vt 0.273143 0.915400
vt 0.273327 0.914047
vt 0.273327 0.915863
vt 0.556273 0.862535
vt 0.564391 0.863184
vt 0.566408 0.863861
vt 0.975917 0.398384
vt 0.976189 0.403082
vt 0.975983 0.402910
vt 0.570737 0.866312
vt 0.568549 0.864836
vt 0.572295 0.867286
vt 0.976191 0.404702
vt 0.976194 0.406641
vt 0.573830 0.868681
vt 0.751840 0.565761
vt 0.696041 0.089395
vt 0.694997 0.089381
vt 0.695313 0.083986
vt 0.657280 0.996431
vt 0.656548 0.996433
vt 0.656780 0.990999
vt 0.696043 0.083980
vt 0.779273 0.990773
vt 0.779834 0.990776
vt 0.779834 0.996209
vt 0.696554 0.089349
vt 0.699788 0.089468
vt 0.694984 0.089807
vt 0.699313 0.090097
vt 0.697871 0.089273
vt 0.867341 0.402578
vt 0.867324 0.405236
vt 0.867055 0.404039
vt 0.766439 0.064400
vt 0.762746 0.061089
vt 0.764779 0.062737
vt 0.428601 0.742209
vt 0.425553 0.742798
vt 0.426167 0.742417
vt 0.705138 0.089867
vt 0.702515 0.089816
vt 0.867048 0.402176
vt 0.701511 0.089880
vt 0.681464 0.995921
vt 0.680437 0.995890
vt 0.681325 0.990479
vt 0.999356 0.243836
vt 0.998359 0.243796
vt 0.999356 0.238399
vt 0.701897 0.089963
vt 0.998234 0.238353
vt 0.701444 0.090138
vt 0.703023 0.089965
vt 0.701731 0.084530
vt 0.708099 0.090143
vt 0.703513 0.089882
vt 0.716642 0.991371
vt 0.717659 0.991373
vt 0.717661 0.996806
vt 0.703025 0.084551
vt 0.679463 0.995921
vt 0.679744 0.990469
vt 0.716732 0.996804
vt 0.716054 0.996806
vt 0.576818 0.882086
vt 0.426917 0.742328
vt 0.433522 0.741538
vt 0.434609 0.742089
vt 0.155528 0.987794
vt 0.156021 0.985806
vt 0.156021 0.988594
vt 0.768956 0.066655
vt 0.767499 0.065214
vt 0.697626 0.165556
vt 0.698839 0.164434
vt 0.698839 0.167219
vt 0.431800 0.739406
vt 0.434123 0.740683
vt 0.432179 0.741675
vt 0.767238 0.062527
vt 0.768793 0.063268
vt 0.768956 0.058163
vt 0.427719 0.740075
vt 0.428291 0.736013
vt 0.430359 0.740129
vt 0.426167 0.734689
vt 0.424867 0.735523
vt 0.423772 0.734282
vt 0.860023 0.402735
vt 0.862244 0.405126
vt 0.858612 0.404094
vt 0.857671 0.406060
vt 0.862747 0.407663
vt 0.867158 0.408758
vt 0.858148 0.409275
vt 0.857409 0.408132
vt 0.867069 0.410446
vt 0.854751 0.407974
vt 0.851701 0.409293
vt 0.853586 0.410579
vt 0.854908 0.406439
vt 0.425345 0.731042
vt 0.424739 0.732852
vt 0.423597 0.730668
vt 0.857322 0.403555
vt 0.426058 0.728637
vt 0.425102 0.727379
vt 0.429432 0.727402
vt 0.427253 0.729859
vt 0.426996 0.726803
vt 0.428926 0.726166
vt 0.432679 0.726000
vt 0.432774 0.727351
vt 0.434157 0.728993
vt 0.433712 0.731371
vt 0.430575 0.732112
vt 0.434953 0.726669
vt 0.433561 0.736009
vt 0.431992 0.737793
vt 0.427648 0.733702
vt 0.434685 0.738824
vt 0.437848 0.739357
vt 0.436803 0.741332
vt 0.435919 0.743047
vt 0.443511 0.741057
vt 0.447461 0.742529
vt 0.426544 0.726165
vt 0.850608 0.410620
vt 0.851565 0.412030
vt 0.850265 0.413241
vt 0.426477 0.725931
vt 0.702368 0.105599
vt 0.064607 0.685639
vt 0.064822 0.681851
vt 0.064822 0.688783
vt 0.680442 0.990459
vt 0.696557 0.089287
vt 0.696048 0.089240
vt 0.695717 0.088681
vt 0.778516 0.996207
vt 0.777956 0.996209
vt 0.777956 0.990776
vt 0.778516 0.990773
vt 0.739099 0.991924
vt 0.739851 0.991920
vt 0.739851 0.997349
vt 0.695294 0.089234
vt 0.694669 0.089279
vt 0.738458 0.991903
vt 0.738789 0.997344
vt 0.572787 0.871324
vt 0.572261 0.872254
vt 0.658338 0.996433
vt 0.658016 0.990998
vt 0.691548 0.089388
vt 0.953290 0.857181
vt 0.952464 0.853348
vt 0.953282 0.851108
vt 0.950296 0.856246
vt 0.951129 0.853210
vt 0.951958 0.848978
vt 0.950598 0.847305
vt 0.953281 0.845497
vt 0.779273 0.996207
vt 0.439181 0.619903
vt 0.291718 0.989121
vt 0.288914 0.989927
vt 0.442865 0.619869
vt 0.968892 0.304442
vt 0.983930 0.154207
vt 0.983744 0.152665
vt 0.711209 0.076394
vt 0.072632 0.979576
vt 0.069652 0.972958
vt 0.589972 0.990670
vt 0.591110 0.990655
vt 0.590791 0.996083
vt 0.589817 0.996108
vt 0.641890 0.998183
vt 0.701625 0.087202
vt 0.701698 0.087139
vt 0.591747 0.996108
vt 0.700342 0.087821
vt 0.702283 0.090612
vt 0.699897 0.091471
vt 0.700515 0.095843
vt 0.702515 0.095051
vt 0.859101 0.424863
vt 0.858284 0.422599
vt 0.702151 0.096931
vt 0.699647 0.098809
vt 0.698701 0.096851
vt 0.698655 0.100441
vt 0.856317 0.422582
vt 0.857311 0.419792
vt 0.457182 0.614630
vt 0.359920 0.781754
vt 0.978653 0.991700
vt 0.979205 0.991702
vt 0.978982 0.998686
vt 0.978057 0.991702
vt 0.978254 0.998686
vt 0.792770 0.339130
vt 0.792770 0.339860
vt 0.792292 0.339513
vt 0.792208 0.340129
vt 0.979205 0.998688
vt 0.792229 0.338897
vt 0.791749 0.339217
vt 0.791739 0.339794
vt 0.829509 0.992310
vt 0.830015 0.992315
vt 0.829760 0.999296
vt 0.997919 0.211217
vt 0.997473 0.211234
vt 0.997615 0.204242
vt 0.998185 0.204233
vt 0.998475 0.211217
vt 0.998577 0.204244
vt 0.998659 0.211234
vt 0.359373 0.781569
vt 0.828990 0.992314
vt 0.829182 0.999296
vt 0.188125 0.839325
vt 0.187415 0.839954
vt 0.067915 0.987998
vt 0.065596 0.988643
vt 0.065568 0.986676
vt 0.957413 0.103804
vt 0.955088 0.104442
vt 0.955078 0.102434
vt 0.957404 0.101697
vt 0.955069 0.100191
vt 0.957392 0.098600
vt 0.184551 0.837744
vt 0.187367 0.838812
vt 0.600427 0.995025
vt 0.601180 0.995024
vt 0.601180 0.999681
vt 0.600260 0.999685
vt 0.237305 0.997584
vt 0.236494 0.997586
vt 0.236685 0.992928
vt 0.187369 0.838053
vt 0.857031 0.849825
vt 0.855256 0.846673
vt 0.857499 0.848308
vt 0.857693 0.847190
vt 0.858379 0.848696
vt 0.858015 0.852356
vt 0.237818 0.992927
vt 0.854074 0.843467
vt 0.857548 0.844197
vt 0.858692 0.847315
vt 0.001534 0.996992
vt 0.001486 0.996959
vt 0.001574 0.992323
vt 0.237964 0.997586
vt 0.859196 0.846753
vt 0.000615 0.996965
vt 0.000854 0.992306
vt 0.858920 0.848207
vt 0.188289 0.837707
vt 0.182732 0.835816
vt 0.187299 0.835983
vt 0.000000 0.992338
vt 0.189553 0.837808
vt 0.184866 0.834403
vt 0.985357 0.972404
vt 0.990014 0.972397
vt 0.990023 0.974730
vt 0.985349 0.969808
vt 0.985367 0.974851
vt 0.178066 0.833470
vt 0.990003 0.968895
vt 0.985341 0.967065
vt 0.182249 0.833154
vt 0.989993 0.965180
vt 0.861570 0.852922
vt 0.862175 0.856739
vt 0.860917 0.858769
vt 0.860376 0.849247
vt 0.859327 0.853722
vt 0.024232 0.993658
vt 0.024952 0.993660
vt 0.024889 0.998316
vt 0.860000 0.859382
vt 0.861609 0.859422
vt 0.793653 0.997076
vt 0.793056 0.997055
vt 0.793026 0.992401
vt 0.793561 0.992430
vt 0.792258 0.992410
vt 0.177693 0.832409
vt 0.178574 0.831960
vt 0.175722 0.831431
vt 0.176912 0.832428
vt 0.792134 0.997076
vt 0.039269 0.993094
vt 0.039965 0.993099
vt 0.039655 0.997753
vt 0.172825 0.831280
vt 0.176531 0.833083
vt 0.177022 0.833915
vt 0.171361 0.833554
vt 0.038695 0.997753
vt 0.038500 0.993102
vt 0.023509 0.993661
vt 0.023902 0.998316
vt 0.858872 0.865307
vt 0.860140 0.860128
vt 0.861086 0.860306
vt 0.857447 0.870217
vt 0.857756 0.865711
vt 0.858049 0.870886
vt 0.859567 0.869850
vt 0.860747 0.867201
vt 0.861570 0.864420
vt 0.858807 0.861315
vt 0.858955 0.859509
vt 0.858506 0.863102
vt 0.315298 0.879546
vt 0.323059 0.879537
vt 0.323062 0.881348
vt 0.315295 0.877748
vt 0.858949 0.857697
vt 0.323056 0.877740
vt 0.926192 0.163571
vt 0.927380 0.166013
vt 0.927047 0.167033
vt 0.927983 0.167721
vt 0.315289 0.875110
vt 0.923906 0.163795
vt 0.323049 0.874234
vt 0.323053 0.875968
vt 0.315283 0.872560
vt 0.924735 0.161279
vt 0.921581 0.160518
vt 0.923597 0.159869
vt 0.323045 0.872551
vt 0.315278 0.870940
vt 0.922200 0.158924
vt 0.323037 0.870159
vt 0.315273 0.869395
vt 0.922343 0.158561
vt 0.920983 0.157364
vt 0.738793 0.066478
vt 0.737645 0.064993
vt 0.738793 0.064794
vt 0.721251 0.066644
vt 0.720109 0.065351
vt 0.721251 0.064794
vt 0.737377 0.066645
vt 0.920760 0.158294
vt 0.916372 0.154524
vt 0.918755 0.155812
vt 0.919860 0.159888
vt 0.645230 0.339721
vt 0.646822 0.338800
vt 0.646869 0.340111
vt 0.720042 0.067158
vt 0.859864 0.339536
vt 0.852109 0.339949
vt 0.852082 0.337899
vt 0.323026 0.867246
vt 0.315267 0.867936
vt 0.315258 0.865945
vt 0.323018 0.865526
vt 0.859843 0.337893
vt 0.853815 0.844764
vt 0.852346 0.843214
vt 0.852060 0.335609
vt 0.850982 0.842021
vt 0.850232 0.839882
vt 0.859828 0.336396
vt 0.850816 0.839220
vt 0.913819 0.153580
vt 0.913094 0.154587
vt 0.717125 0.066106
vt 0.718490 0.066700
vt 0.717297 0.066917
vt 0.859809 0.333995
vt 0.852042 0.333173
vt 0.850852 0.334485
vt 0.718490 0.064794
vt 0.912709 0.153775
vt 0.911215 0.153874
vt 0.911182 0.152933
vt 0.698842 0.338183
vt 0.700049 0.337728
vt 0.700049 0.339629
vt 0.840816 0.066728
vt 0.839494 0.065349
vt 0.840816 0.065053
vt 0.909025 0.157789
vt 0.907220 0.155916
vt 0.911377 0.155777
vt 0.659749 0.179815
vt 0.659607 0.177938
vt 0.661328 0.179220
vt 0.661295 0.178255
vt 0.906500 0.153566
vt 0.908479 0.152665
vt 0.904866 0.152818
vt 0.902696 0.154359
vt 0.859779 0.326126
vt 0.852019 0.327030
vt 0.852018 0.323638
vt 0.901545 0.153509
vt 0.859782 0.327931
vt 0.859790 0.330591
vt 0.852029 0.330592
vt 0.859779 0.323410
vt 0.859779 0.324315
vt 0.859780 0.322509
vt 0.852024 0.320723
vt 0.898783 0.154521
vt 0.900661 0.154817
vt 0.777622 0.338897
vt 0.777923 0.340107
vt 0.776778 0.340107
vt 0.900856 0.154392
vt 0.696370 0.066745
vt 0.694770 0.066619
vt 0.695012 0.064980
vt 0.696247 0.064794
vt 0.901407 0.156333
vt 0.897398 0.157639
vt 0.896393 0.155812
vt 0.894165 0.157364
vt 0.859805 0.316427
vt 0.852034 0.318111
vt 0.852049 0.315601
vt 0.859784 0.320721
vt 0.859791 0.318966
vt 0.833952 0.837645
vt 0.835748 0.837409
vt 0.837558 0.837326
vt 0.831317 0.838300
vt 0.852062 0.314015
vt 0.859823 0.314014
vt 0.828772 0.839249
vt 0.827611 0.838203
vt 0.741474 0.996573
vt 0.740660 0.996556
vt 0.740905 0.991903
vt 0.739914 0.991919
vt 0.827125 0.837349
vt 0.739851 0.996573
vt 0.827061 0.838972
vt 0.130877 0.994971
vt 0.131771 0.994975
vt 0.130872 0.999627
vt 0.189578 0.870813
vt 0.131920 0.999627
vt 0.826196 0.838673
vt 0.827157 0.840070
vt 0.327306 0.993743
vt 0.328307 0.993742
vt 0.327684 0.998399
vt 0.826217 0.837667
vt 0.823286 0.838608
vt 0.824839 0.841609
vt 0.852093 0.311094
vt 0.859864 0.310389
vt 0.859837 0.312508
vt 0.852076 0.312509
vt 0.891837 0.160114
vt 0.892079 0.161279
vt 0.890413 0.161279
vt 0.889399 0.162780
vt 0.891552 0.159869
vt 0.852111 0.309780
vt 0.888515 0.164363
vt 0.976428 0.568560
vt 0.968643 0.568113
vt 0.968584 0.566809
vt 0.976313 0.566005
vt 0.968501 0.564657
vt 0.887467 0.166867
vt 0.888647 0.168482
vt 0.893172 0.166544
vt 0.896142 0.162427
vt 0.893662 0.161524
vt 0.976206 0.563016
vt 0.822183 0.843964
vt 0.819920 0.846786
vt 0.818832 0.846458
vt 0.818612 0.845686
vt 0.994468 0.998456
vt 0.993715 0.998456
vt 0.993914 0.993799
vt 0.817980 0.847119
vt 0.098084 0.996854
vt 0.097318 0.996845
vt 0.097864 0.992190
vt 0.993142 0.993815
vt 0.818166 0.849949
vt 0.815729 0.847329
vt 0.817224 0.846518
vt 0.096495 0.996854
vt 0.096909 0.992191
vt 0.179540 0.878114
vt 0.180290 0.878717
vt 0.178417 0.879924
vt 0.093939 0.997608
vt 0.093125 0.997610
vt 0.093514 0.992952
vt 0.181355 0.879026
vt 0.181024 0.878094
vt 0.094470 0.992952
vt 0.094597 0.997610
vt 0.094508 0.992956
vt 0.994527 0.993822
vt 0.817652 0.845607
vt 0.817705 0.844198
vt 0.986697 0.632605
vt 0.982105 0.634190
vt 0.981984 0.631066
vt 0.820214 0.841259
vt 0.986609 0.630174
vt 0.981879 0.627791
vt 0.940931 0.996345
vt 0.939158 0.992010
vt 0.940931 0.991039
vt 0.936190 0.994364
vt 0.933738 0.990410
vt 0.936190 0.988889
vt 0.986790 0.634858
vt 0.986524 0.627414
vt 0.981783 0.623951
vt 0.986437 0.623884
vt 0.173443 0.877486
vt 0.174757 0.880454
vt 0.814207 0.851062
vt 0.816972 0.853364
vt 0.814726 0.857029
vt 0.981724 0.621100
vt 0.813457 0.853864
vt 0.816446 0.856028
vt 0.998164 0.689949
vt 0.998480 0.689952
vt 0.998546 0.694608
vt 0.542942 0.992237
vt 0.543603 0.992256
vt 0.543603 0.996903
vt 0.542756 0.996895
vt 0.815273 0.857922
vt 0.813786 0.857233
vt 0.813078 0.856740
vt 0.975989 0.553533
vt 0.968232 0.553636
vt 0.968208 0.551824
vt 0.975955 0.550819
vt 0.976035 0.556230
vt 0.816301 0.858740
vt 0.968189 0.550018
vt 0.816619 0.862343
vt 0.814421 0.858582
vt 0.968171 0.547354
vt 0.975928 0.547251
vt 0.663823 0.996696
vt 0.663000 0.996705
vt 0.663100 0.992045
vt 0.813665 0.857981
vt 0.813078 0.860604
vt 0.813683 0.864420
vt 0.664049 0.992040
vt 0.664589 0.996705
vt 0.164296 0.879026
vt 0.161646 0.877846
vt 0.167621 0.878267
vt 0.167077 0.879849
vt 0.166849 0.876679
vt 0.168588 0.877867
vt 0.167675 0.879228
vt 0.542050 0.992269
vt 0.981677 0.618204
vt 0.986305 0.616204
vt 0.986361 0.620068
vt 0.170894 0.880454
vt 0.168395 0.879464
vt 0.981631 0.614352
vt 0.986276 0.613329
vt 0.997406 0.689950
vt 0.997914 0.694606
vt 0.169107 0.878811
vt 0.997171 0.694608
vt 0.981606 0.610594
vt 0.986260 0.610527
vt 0.981602 0.607160
vt 0.986257 0.606791
vt 0.816973 0.868699
vt 0.816285 0.869433
vt 0.814778 0.867950
vt 0.817237 0.864987
vt 0.981615 0.604510
vt 0.816125 0.870713
vt 0.975921 0.544663
vt 0.968164 0.544766
vt 0.968167 0.543112
vt 0.975928 0.542217
vt 0.818222 0.867518
vt 0.890413 0.186664
vt 0.888957 0.184372
vt 0.891551 0.188074
vt 0.968175 0.541527
vt 0.817918 0.869310
vt 0.202083 0.996866
vt 0.201548 0.996840
vt 0.201394 0.992187
vt 0.200780 0.996853
vt 0.892805 0.189382
vt 0.997775 0.303483
vt 0.998587 0.303484
vt 0.998209 0.308140
vt 0.638917 0.997287
vt 0.638115 0.997295
vt 0.638419 0.992632
vt 0.816990 0.870282
vt 0.997276 0.308142
vt 0.156839 0.872846
vt 0.156911 0.873806
vt 0.154101 0.871897
vt 0.156098 0.874001
vt 0.639364 0.992633
vt 0.157811 0.874148
vt 0.986269 0.604443
vt 0.981637 0.602309
vt 0.986294 0.602141
vt 0.200505 0.992211
vt 0.639613 0.997295
vt 0.981691 0.599474
vt 0.986330 0.600035
vt 0.152335 0.869596
vt 0.986378 0.598208
vt 0.150885 0.867084
vt 0.981762 0.597200
vt 0.986436 0.596627
vt 0.149705 0.864434
vt 0.981851 0.595444
vt 0.150103 0.863206
vt 0.986508 0.595278
vt 0.621820 0.994656
vt 0.622914 0.994665
vt 0.622071 0.999318
vt 0.622914 0.999317
vt 0.858799 0.162558
vt 0.859701 0.162516
vt 0.858966 0.167200
vt 0.824502 0.878495
vt 0.825542 0.879007
vt 0.826447 0.880612
vt 0.829833 0.882068
vt 0.860182 0.167170
vt 0.835960 0.881650
vt 0.981949 0.594255
vt 0.986581 0.594406
vt 0.986667 0.593800
vt 0.832819 0.882842
vt 0.982042 0.593716
vt 0.982136 0.593562
vt 0.835695 0.883220
vt 0.985377 0.935683
vt 0.990034 0.935676
vt 0.990021 0.936145
vt 0.839559 0.883220
vt 0.836604 0.882614
vt 0.986790 0.593494
vt 0.985364 0.936153
vt 0.149402 0.850999
vt 0.149775 0.852098
vt 0.148504 0.852052
vt 0.148201 0.855905
vt 0.149406 0.848295
vt 0.990009 0.937119
vt 0.985351 0.937217
vt 0.150369 0.850600
vt 0.150885 0.844725
vt 0.152335 0.842213
vt 0.985343 0.938372
vt 0.637503 0.992632
vt 0.638115 0.992660
vt 0.638115 0.997304
vt 0.150828 0.851612
vt 0.637268 0.997287
vt 0.636611 0.992654
vt 0.151717 0.851244
vt 0.049054 0.997119
vt 0.048062 0.997115
vt 0.048393 0.992458
vt 0.049054 0.992463
vt 0.128927 0.708813
vt 0.129081 0.705652
vt 0.129081 0.710613
vt 0.957413 0.067510
vt 0.955091 0.067401
vt 0.644788 0.875865
vt 0.645343 0.878073
vt 0.644712 0.876375
vt 0.643939 0.874736
vt 0.602919 0.905850
vt 0.974770 0.593815
vt 0.962980 0.593971
vt 0.963036 0.593734
vt 0.974826 0.593578
vt 0.963095 0.593650
vt 0.965289 0.895289
vt 0.977087 0.895271
vt 0.977080 0.895421
vt 0.974885 0.593494
vt 0.645829 0.879818
vt 0.965283 0.895439
vt 0.977074 0.895723
vt 0.730910 0.924534
vt 0.729113 0.924304
vt 0.965276 0.895741
vt 0.977068 0.896175
vt 0.965270 0.896193
vt 0.727342 0.923923
vt 0.977063 0.896775
vt 0.965265 0.896793
vt 0.832924 0.999527
vt 0.832082 0.999421
vt 0.832924 0.994831
vt 0.831883 0.994720
vt 0.148353 0.858801
vt 0.047514 0.992460
vt 0.998546 0.689919
vt 0.999521 0.689947
vt 0.998732 0.694583
vt 0.820215 0.876084
vt 0.823153 0.878593
vt 0.998651 0.308142
vt 0.202083 0.992209
vt 0.887444 0.180166
vt 0.888877 0.180891
vt 0.887769 0.181930
vt 0.887165 0.180222
vt 0.427307 0.338643
vt 0.428997 0.337860
vt 0.428959 0.338928
vt 0.427359 0.339787
vt 0.428997 0.340141
vt 0.886709 0.178468
vt 0.888208 0.178709
vt 0.434196 0.339353
vt 0.435814 0.338322
vt 0.435814 0.340153
vt 0.617517 0.440963
vt 0.617109 0.439872
vt 0.618927 0.439659
vt 0.622240 0.440164
vt 0.620632 0.441474
vt 0.620597 0.439659
vt 0.434159 0.337860
vt 0.618927 0.441488
vt 0.427408 0.337895
vt 0.622240 0.441528
vt 0.889863 0.179280
vt 0.889520 0.174326
vt 0.891382 0.175659
vt 0.886326 0.175780
vt 0.888350 0.170794
vt 0.891432 0.172130
vt 0.342618 0.980057
vt 0.343425 0.983578
vt 0.342667 0.984736
vt 0.343483 0.986978
vt 0.440666 0.932395
vt 0.441871 0.936933
vt 0.439420 0.933485
vt 0.438488 0.928674
vt 0.438479 0.933285
vt 0.438771 0.934100
vt 0.048346 0.838961
vt 0.047506 0.838944
vt 0.048346 0.836011
vt 0.830797 0.998579
vt 0.830145 0.995594
vt 0.830539 0.995540
vt 0.830129 0.998579
vt 0.043243 0.836099
vt 0.043916 0.836011
vt 0.044080 0.839044
vt 0.043214 0.839044
vt 0.437545 0.934065
vt 0.441728 0.941626
vt 0.440301 0.940661
vt 0.439481 0.940376
vt 0.437013 0.936529
vt 0.433949 0.928068
vt 0.434841 0.927788
vt 0.434469 0.931848
vt 0.430424 0.928665
vt 0.419506 0.674686
vt 0.419870 0.670849
vt 0.419956 0.676110
vt 0.419434 0.669656
vt 0.419867 0.666494
vt 0.752644 0.681878
vt 0.753867 0.676879
vt 0.755850 0.680267
vt 0.436317 0.935257
vt 0.436886 0.939089
vt 0.664754 0.881820
vt 0.664323 0.882994
vt 0.664376 0.878009
vt 0.757505 0.676786
vt 0.757204 0.672959
vt 0.756602 0.678184
vt 0.984656 0.469476
vt 0.980020 0.470884
vt 0.979994 0.468406
vt 0.984646 0.467275
vt 0.984677 0.471129
vt 0.984708 0.472694
vt 0.980066 0.473236
vt 0.727431 0.962280
vt 0.727431 0.964763
vt 0.726457 0.963840
vt 0.726759 0.967159
vt 0.725312 0.967629
vt 0.726769 0.960167
vt 0.725566 0.959968
vt 0.945226 0.402472
vt 0.945225 0.398702
vt 0.946195 0.399139
vt 0.945235 0.406358
vt 0.946202 0.405415
vt 0.946196 0.402343
vt 0.572852 0.271464
vt 0.570358 0.271261
vt 0.573015 0.269234
vt 0.946201 0.396524
vt 0.576835 0.268785
vt 0.575339 0.270575
vt 0.574463 0.270728
vt 0.573627 0.271028
vt 0.975367 0.690883
vt 0.976007 0.690885
vt 0.975908 0.723795
vt 0.976276 0.723797
vt 0.976534 0.690888
vt 0.576227 0.270572
vt 0.905848 0.578825
vt 0.905430 0.578437
vt 0.907395 0.576881
vt 0.976608 0.723799
vt 0.904940 0.578081
vt 0.905395 0.575547
vt 0.904229 0.577694
vt 0.976932 0.690891
vt 0.976960 0.723801
vt 0.977194 0.723804
vt 0.903466 0.577423
vt 0.902670 0.577274
vt 0.902293 0.574803
vt 0.977305 0.723807
vt 0.977191 0.690894
vt 0.577943 0.271011
vt 0.580006 0.270030
vt 0.578626 0.271382
vt 0.977295 0.690897
vt 0.577104 0.270718
vt 0.579413 0.271997
vt 0.968700 0.195316
vt 0.968777 0.195349
vt 0.968810 0.228229
vt 0.968785 0.228209
vt 0.902051 0.577241
vt 0.901497 0.577279
vt 0.968898 0.228247
vt 0.900702 0.577432
vt 0.899393 0.575256
vt 0.969004 0.195377
vt 0.969123 0.228272
vt 0.581915 0.272064
vt 0.580003 0.272662
vt 0.580472 0.273417
vt 0.969372 0.195403
vt 0.969873 0.195426
vt 0.969920 0.228317
vt 0.580806 0.274240
vt 0.969466 0.228296
vt 0.899230 0.578097
vt 0.898590 0.578592
vt 0.897509 0.576280
vt 0.899940 0.577707
vt 0.970472 0.228335
vt 0.970490 0.195446
vt 0.970926 0.228346
vt 0.898174 0.579010
vt 0.895980 0.577784
vt 0.895617 0.575507
vt 0.897813 0.579471
vt 0.894925 0.579651
vt 0.893063 0.579489
vt 0.971206 0.195461
vt 0.971418 0.228356
vt 0.897399 0.580167
vt 0.972001 0.195472
vt 0.972149 0.228365
vt 0.580928 0.276878
vt 0.581038 0.275996
vt 0.582759 0.277343
vt 0.972925 0.228371
vt 0.972852 0.195479
vt 0.580671 0.277729
vt 0.902412 0.983691
vt 0.901433 0.984842
vt 0.901465 0.982261
vt 0.582759 0.274244
vt 0.580274 0.278524
vt 0.973733 0.195480
vt 0.973728 0.228372
vt 0.974537 0.228370
vt 0.902460 0.981414
vt 0.901516 0.980914
vt 0.580997 0.275108
vt 0.713606 0.967688
vt 0.715840 0.969835
vt 0.714927 0.970411
vt 0.902546 0.980382
vt 0.718785 0.970693
vt 0.716923 0.971370
vt 0.958618 0.528169
vt 0.963266 0.527216
vt 0.963284 0.529040
vt 0.958604 0.526191
vt 0.958639 0.529805
vt 0.713264 0.968950
vt 0.725384 0.985055
vt 0.720731 0.985862
vt 0.720724 0.984164
vt 0.725377 0.983180
vt 0.712057 0.967093
vt 0.720717 0.982146
vt 0.725372 0.981056
vt 0.711395 0.964980
vt 0.712331 0.963810
vt 0.711395 0.962497
vt 0.720713 0.979957
vt 0.725369 0.978573
vt 0.771005 0.685733
vt 0.772540 0.688970
vt 0.774643 0.684610
vt 0.771756 0.683650
vt 0.676879 0.470725
vt 0.676457 0.472372
vt 0.676449 0.469541
vt 0.676893 0.475266
vt 0.676874 0.465889
vt 0.771918 0.681441
vt 0.774680 0.679463
vt 0.616235 0.679519
vt 0.616586 0.677272
vt 0.616586 0.682885
vt 0.065268 0.750325
vt 0.064868 0.751962
vt 0.064823 0.748673
vt 0.773026 0.675600
vt 0.771477 0.679271
vt 0.065235 0.746538
vt 0.064797 0.744059
vt 0.768964 0.675675
vt 0.769528 0.672365
vt 0.770468 0.677301
vt 0.766952 0.674456
vt 0.958599 0.523810
vt 0.963256 0.522771
vt 0.963257 0.525121
vt 0.719311 0.971737
vt 0.721848 0.971408
vt 0.958604 0.521268
vt 0.722812 0.969846
vt 0.724058 0.970263
vt 0.963265 0.520502
vt 0.958621 0.519037
vt 0.963284 0.518343
vt 0.958646 0.517192
vt 0.725872 0.968568
vt 0.980109 0.474590
vt 0.984764 0.474551
vt 0.984813 0.475707
vt 0.761944 0.670955
vt 0.760599 0.674486
vt 0.758701 0.675627
vt 0.762182 0.673971
vt 0.759427 0.671612
vt 0.765834 0.670908
vt 0.764670 0.673907
vt 0.065237 0.737781
vt 0.064797 0.740115
vt 0.064819 0.736714
vt 0.065268 0.734808
vt 0.436181 0.942914
vt 0.439666 0.945511
vt 0.434083 0.946190
vt 0.664754 0.885189
vt 0.439214 0.947885
vt 0.437335 0.947326
vt 0.440694 0.945221
vt 0.439896 0.941314
vt 0.439146 0.941101
vt 0.436655 0.946913
vt 0.430156 0.949199
vt 0.134327 0.998678
vt 0.133733 0.998678
vt 0.133887 0.995726
vt 0.694159 0.486949
vt 0.693558 0.486968
vt 0.693991 0.484009
vt 0.436360 0.947655
vt 0.433891 0.949700
vt 0.694791 0.486968
vt 0.437113 0.948059
vt 0.437309 0.950235
vt 0.427343 0.952319
vt 0.434831 0.952070
vt 0.431378 0.952212
vt 0.430954 0.951297
vt 0.996997 0.476488
vt 0.996364 0.473570
vt 0.996997 0.473533
vt 0.430499 0.951973
vt 0.713668 0.483987
vt 0.714665 0.483928
vt 0.713933 0.486927
vt 0.963232 0.998406
vt 0.963021 0.995453
vt 0.963749 0.995400
vt 0.714665 0.486980
vt 0.963749 0.998464
vt 0.428329 0.954746
vt 0.422902 0.954746
vt 0.526094 0.746588
vt 0.525334 0.749108
vt 0.525309 0.743924
vt 0.526082 0.741514
vt 0.432231 0.953721
vt 0.525305 0.739893
vt 0.903917 0.158188
vt 0.899560 0.159800
vt 0.525316 0.736920
vt 0.526090 0.736912
vt 0.894227 0.159914
vt 0.525331 0.734010
vt 0.526115 0.733008
vt 0.672545 0.338324
vt 0.670936 0.339305
vt 0.670937 0.337853
vt 0.892823 0.159241
vt 0.651719 0.339728
vt 0.653326 0.338903
vt 0.653338 0.340129
vt 0.672549 0.339902
vt 0.425638 0.338995
vt 0.427307 0.339869
vt 0.425842 0.340179
vt 0.427307 0.338264
vt 0.672549 0.337752
vt 0.432456 0.338533
vt 0.430816 0.339005
vt 0.430857 0.337860
vt 0.432488 0.337891
vt 0.432488 0.339720
vt 0.430903 0.340148
vt 0.425790 0.337860
vt 0.651720 0.338163
vt 0.653338 0.337752
vt 0.892805 0.158561
vt 0.419332 0.953696
vt 0.423235 0.953016
vt 0.525366 0.752208
vt 0.526122 0.750504
vt 0.423948 0.953328
vt 0.917030 0.160759
vt 0.913238 0.158707
vt 0.526164 0.753765
vt 0.920615 0.164352
vt 0.353289 0.933854
vt 0.352515 0.934448
vt 0.352501 0.930174
vt 0.353298 0.935924
vt 0.416743 0.952325
vt 0.412562 0.948233
vt 0.414820 0.946951
vt 0.353274 0.928715
vt 0.417179 0.950364
vt 0.416780 0.949558
vt 0.415444 0.943677
vt 0.995999 0.067965
vt 0.996740 0.070934
vt 0.996045 0.070925
vt 0.996740 0.067868
vt 0.204272 0.828141
vt 0.204545 0.831147
vt 0.203657 0.831053
vt 0.417616 0.949732
vt 0.526818 0.983244
vt 0.526988 0.986291
vt 0.526512 0.986291
vt 0.204545 0.828095
vt 0.412202 0.940402
vt 0.413226 0.943960
vt 0.412508 0.944448
vt 0.411318 0.944553
vt 0.409973 0.942569
vt 0.412557 0.943482
vt 0.353265 0.922541
vt 0.352489 0.922148
vt 0.352489 0.917933
vt 0.353266 0.916445
vt 0.352492 0.925678
vt 0.409741 0.936263
vt 0.352494 0.913844
vt 0.411649 0.937199
vt 0.411538 0.936403
vt 0.922318 0.180694
vt 0.926476 0.179587
vt 0.925870 0.177795
vt 0.923700 0.176208
vt 0.925629 0.173617
vt 0.628106 0.178394
vt 0.628194 0.180007
vt 0.626579 0.180007
vt 0.927409 0.177272
vt 0.690589 0.337728
vt 0.690589 0.339505
vt 0.688982 0.337876
vt 0.688967 0.339763
vt 0.925388 0.168883
vt 0.926561 0.169441
vt 0.922893 0.168457
vt 0.927979 0.172897
vt 0.923688 0.171896
vt 0.485757 0.338057
vt 0.487377 0.337860
vt 0.487350 0.338700
vt 0.928823 0.172163
vt 0.928440 0.169474
vt 0.927741 0.168426
vt 0.601194 0.285264
vt 0.602803 0.284916
vt 0.602803 0.285656
vt 0.601189 0.285498
vt 0.614277 0.284352
vt 0.614392 0.283112
vt 0.615944 0.283523
vt 0.601126 0.284080
vt 0.602791 0.283407
vt 0.601175 0.283112
vt 0.615944 0.285099
vt 0.614506 0.285502
vt 0.485748 0.339532
vt 0.487377 0.340133
vt 0.703963 0.066454
vt 0.702835 0.065088
vt 0.703963 0.064794
vt 0.702461 0.066865
vt 0.925526 0.167364
vt 0.323065 0.885839
vt 0.315304 0.887599
vt 0.315302 0.884065
vt 0.928823 0.175780
vt 0.323063 0.883158
vt 0.315300 0.881357
vt 0.323065 0.889296
vt 0.315303 0.890144
vt 0.314093 0.890395
vt 0.927916 0.178832
vt 0.323062 0.892522
vt 0.856277 0.869012
vt 0.856577 0.870628
vt 0.063460 0.993053
vt 0.063974 0.993054
vt 0.063741 0.997710
vt 0.062819 0.997713
vt 0.062505 0.993058
vt 0.165887 0.835466
vt 0.164954 0.834692
vt 0.165901 0.834520
vt 0.162164 0.837099
vt 0.809420 0.991909
vt 0.810271 0.991902
vt 0.809624 0.996561
vt 0.159247 0.839090
vt 0.955040 0.076288
vt 0.957368 0.076285
vt 0.957366 0.079798
vt 0.957373 0.073612
vt 0.955045 0.073552
vt 0.645454 0.891767
vt 0.643983 0.895072
vt 0.644254 0.893953
vt 0.644973 0.892290
vt 0.645549 0.890572
vt 0.965248 0.900561
vt 0.977045 0.900544
vt 0.977042 0.901794
vt 0.719311 0.919873
vt 0.717951 0.918676
vt 0.718591 0.915672
vt 0.965245 0.901812
vt 0.716698 0.917368
vt 0.977040 0.903152
vt 0.965242 0.903169
vt 0.715560 0.915959
vt 0.977038 0.904606
vt 0.965241 0.904624
vt 0.977037 0.906147
vt 0.642407 0.897066
vt 0.643397 0.895549
vt 0.965239 0.906164
vt 0.977036 0.907762
vt 0.641292 0.898495
vt 0.641981 0.898085
vt 0.955037 0.079380
vt 0.955037 0.081875
vt 0.640178 0.900116
vt 0.640060 0.899823
vt 0.638720 0.901042
vt 0.965239 0.909460
vt 0.977036 0.909442
vt 0.977037 0.911173
vt 0.965239 0.907780
vt 0.712915 0.911225
vt 0.712312 0.909517
vt 0.715133 0.909916
vt 0.713661 0.912876
vt 0.965239 0.911191
vt 0.714228 0.906669
vt 0.711855 0.907763
vt 0.977038 0.912944
vt 0.965241 0.912961
vt 0.977040 0.914740
vt 0.965242 0.914758
vt 0.711549 0.905977
vt 0.977042 0.916550
vt 0.965245 0.916568
vt 0.711395 0.904172
vt 0.713918 0.903312
vt 0.738659 0.973357
vt 0.742033 0.971672
vt 0.742038 0.975039
vt 0.738665 0.976726
vt 0.714212 0.899954
vt 0.711395 0.902360
vt 0.742045 0.978382
vt 0.897011 0.682958
vt 0.896198 0.692174
vt 0.893690 0.691836
vt 0.899569 0.692121
vt 0.738671 0.979213
vt 0.891260 0.691128
vt 0.893291 0.681906
vt 0.742054 0.981596
vt 0.738678 0.981601
vt 0.742065 0.984576
vt 0.715100 0.896702
vt 0.711855 0.898769
vt 0.716556 0.893661
vt 0.712915 0.895307
vt 0.712312 0.897016
vt 0.977058 0.923664
vt 0.965260 0.923682
vt 0.965255 0.921948
vt 0.977063 0.925347
vt 0.965265 0.925364
vt 0.625390 0.905999
vt 0.627199 0.905893
vt 0.626397 0.906232
vt 0.628992 0.905633
vt 0.629976 0.905703
vt 0.977053 0.921930
vt 0.957383 0.095235
vt 0.955059 0.096949
vt 0.955050 0.093484
vt 0.622780 0.906156
vt 0.623579 0.905952
vt 0.977068 0.926966
vt 0.965270 0.926984
vt 0.977074 0.928511
vt 0.621778 0.905752
vt 0.965276 0.928529
vt 0.620001 0.905399
vt 0.977080 0.929971
vt 0.713661 0.893656
vt 0.714545 0.892075
vt 0.715560 0.890574
vt 0.718530 0.890929
vt 0.965283 0.929988
vt 0.716698 0.889164
vt 0.977087 0.931333
vt 0.965289 0.931351
vt 0.640399 0.971977
vt 0.628602 0.971976
vt 0.628584 0.970674
vt 0.616568 0.904249
vt 0.618260 0.904897
vt 0.617505 0.904919
vt 0.620099 0.905722
vt 0.640380 0.970675
vt 0.614938 0.903460
vt 0.628567 0.969270
vt 0.717951 0.887856
vt 0.720961 0.888593
vt 0.719311 0.886659
vt 0.640363 0.969271
vt 0.720768 0.885581
vt 0.628552 0.967773
vt 0.640348 0.967774
vt 0.628539 0.966196
vt 0.640335 0.966197
vt 0.722311 0.884631
vt 0.723028 0.887131
vt 0.995281 0.617882
vt 0.991919 0.619283
vt 0.991898 0.617163
vt 0.725289 0.885994
vt 0.991881 0.614861
vt 0.995257 0.614859
vt 0.890244 0.679528
vt 0.882062 0.684026
vt 0.880418 0.681082
vt 0.883612 0.686027
vt 0.995303 0.619959
vt 0.995330 0.621798
vt 0.885442 0.687775
vt 0.742077 0.987226
vt 0.738701 0.987232
vt 0.738689 0.984581
vt 0.888200 0.689713
vt 0.991954 0.621800
vt 0.128394 0.727538
vt 0.128951 0.724595
vt 0.128992 0.728632
vt 0.615957 0.609793
vt 0.616532 0.607892
vt 0.616543 0.610808
vt 0.899774 0.573248
vt 0.904299 0.573166
vt 0.879326 0.677893
vt 0.991866 0.611620
vt 0.995242 0.611618
vt 0.991859 0.608265
vt 0.728492 0.884944
vt 0.725610 0.883140
vt 0.731831 0.884483
vt 0.729113 0.882228
vt 0.727342 0.882610
vt 0.628512 0.961092
vt 0.640309 0.961093
vt 0.640315 0.962844
vt 0.628508 0.959308
vt 0.640304 0.959309
vt 0.608090 0.897629
vt 0.609251 0.899020
vt 0.609916 0.900102
vt 0.628519 0.962843
vt 0.607552 0.897363
vt 0.607051 0.896145
vt 0.065504 0.978707
vt 0.067826 0.976945
vt 0.067841 0.980426
vt 0.065493 0.975156
vt 0.067819 0.973349
vt 0.605678 0.894269
vt 0.606141 0.894578
vt 0.628505 0.957503
vt 0.640302 0.957504
vt 0.605368 0.892940
vt 0.628505 0.955692
vt 0.730910 0.881998
vt 0.733173 0.881930
vt 0.640302 0.955240
vt 0.734531 0.881998
vt 0.628507 0.954336
vt 0.640304 0.953886
vt 0.628512 0.952098
vt 0.640309 0.952099
vt 0.604251 0.889496
vt 0.604885 0.891669
vt 0.604684 0.891986
vt 0.067819 0.970860
vt 0.065490 0.972444
vt 0.065491 0.970860
vt 0.194268 0.858785
vt 0.194441 0.856075
vt 0.065524 0.982093
vt 0.067865 0.983694
vt 0.610526 0.900308
vt 0.612703 0.902408
vt 0.611905 0.901482
vt 0.613379 0.902535
vt 0.615016 0.903831
vt 0.065544 0.984477
vt 0.067887 0.985961
vt 0.628528 0.964549
vt 0.640324 0.964550
vt 0.723929 0.883816
vt 0.995235 0.608264
vt 0.878822 0.674560
vt 0.957377 0.092595
vt 0.181358 0.836043
vt 0.178807 0.835112
vt 0.955043 0.089895
vt 0.957373 0.090797
vt 0.177046 0.834684
vt 0.957371 0.088986
vt 0.175256 0.834405
vt 0.079303 0.343211
vt 0.079303 0.337413
vt 0.079303 0.349008
vt 0.955040 0.087179
vt 0.171188 0.834383
vt 0.957367 0.084941
vt 0.635858 0.903395
vt 0.633417 0.904585
vt 0.634150 0.903961
vt 0.635754 0.903118
vt 0.638109 0.901876
vt 0.955038 0.084495
vt 0.637281 0.902143
vt 0.166079 0.833529
vt 0.166136 0.832186
vt 0.165294 0.833102
vt 0.825308 0.993358
vt 0.826151 0.993362
vt 0.825771 0.998010
vt 0.826391 0.998028
vt 0.063805 0.997713
vt 0.824939 0.998028
vt 0.811039 0.991911
vt 0.810679 0.996561
vt 0.989977 0.951849
vt 0.985320 0.953697
vt 0.985319 0.950947
vt 0.168973 0.831583
vt 0.989980 0.957483
vt 0.985323 0.957490
vt 0.989978 0.954622
vt 0.630757 0.905223
vt 0.632480 0.904664
vt 0.977045 0.918361
vt 0.965248 0.918378
vt 0.977049 0.920158
vt 0.965251 0.920176
vt 0.711549 0.900555
vt 0.615946 0.605693
vt 0.616526 0.604234
vt 0.615943 0.600964
vt 0.738656 0.970020
vt 0.902876 0.691467
vt 0.742031 0.968391
vt 0.738655 0.966451
vt 0.906372 0.690011
vt 0.742031 0.965301
vt 0.738656 0.963163
vt 0.716603 0.912950
vt 0.742033 0.962501
vt 0.714545 0.914458
vt 0.738659 0.961244
vt 0.911383 0.686202
vt 0.315301 0.890716
vt 0.927120 0.177738
vt 0.926085 0.179407
vt 0.834538 0.241888
vt 0.834538 0.243606
vt 0.833228 0.242049
vt 0.927933 0.179164
vt 0.927983 0.180222
vt 0.928440 0.178468
vt 0.315300 0.893301
vt 0.315302 0.891760
vt 0.927379 0.181930
vt 0.323058 0.895376
vt 0.925914 0.177614
vt 0.626956 0.178344
vt 0.412384 0.936614
vt 0.989464 0.468814
vt 0.988676 0.468814
vt 0.988943 0.465863
vt 0.997959 0.913624
vt 0.997356 0.913591
vt 0.997217 0.910645
vt 0.997959 0.910566
vt 0.569360 0.340121
vt 0.569016 0.340121
vt 0.569205 0.337076
vt 0.989292 0.465788
vt 0.040600 0.839011
vt 0.039706 0.839011
vt 0.040386 0.836011
vt 0.200943 0.828170
vt 0.201594 0.828113
vt 0.201325 0.831097
vt 0.354584 0.995350
vt 0.354022 0.992451
vt 0.354584 0.992338
vt 0.201849 0.831104
vt 0.201849 0.828095
vt 0.696695 0.486952
vt 0.696010 0.486968
vt 0.696268 0.484012
vt 0.696848 0.483928
vt 0.697228 0.486968
vt 0.423355 0.952246
vt 0.424118 0.952495
vt 0.977393 0.990874
vt 0.978021 0.990688
vt 0.978021 0.993757
vt 0.615400 0.116791
vt 0.614658 0.113811
vt 0.615400 0.113723
vt 0.614832 0.116764
vt 0.417366 0.946049
vt 0.421924 0.949325
vt 0.426080 0.949944
vt 0.525355 0.731496
vt 0.048981 0.839057
vt 0.048346 0.839057
vt 0.048647 0.836011
vt 0.694483 0.483928
vt 0.040821 0.982201
vt 0.041315 0.982157
vt 0.041315 0.985219
vt 0.065220 0.742424
vt 0.625832 0.116737
vt 0.625546 0.113796
vt 0.625997 0.113790
vt 0.626567 0.116788
vt 0.626567 0.113737
vt 0.992452 0.181857
vt 0.993168 0.181683
vt 0.993168 0.184749
vt 0.523105 0.995711
vt 0.523783 0.995544
vt 0.523783 0.998677
vt 0.992665 0.184801
vt 0.526164 0.729221
vt 0.525385 0.729294
vt 0.343625 0.991933
vt 0.342854 0.992150
vt 0.342758 0.989110
vt 0.131477 0.773563
vt 0.131477 0.777677
vt 0.131253 0.776965
vt 0.946212 0.395659
vt 0.945231 0.396525
vt 0.414617 0.938332
vt 0.676447 0.464188
vt 0.901600 0.980277
vt 0.897098 0.580919
vt 0.971876 0.230932
vt 0.907721 0.574805
vt 0.908730 0.578559
vt 0.906368 0.579445
vt 0.907090 0.580889
vt 0.906787 0.580141
vt 0.909582 0.580808
vt 0.910212 0.577375
vt 0.972558 0.723790
vt 0.973127 0.723790
vt 0.974099 0.726265
vt 0.971958 0.723790
vt 0.907274 0.581678
vt 0.909692 0.583741
vt 0.911427 0.584300
vt 0.971175 0.726265
vt 0.911427 0.580434
vt 0.971193 0.690881
vt 0.972079 0.690880
vt 0.971152 0.723791
vt 0.907205 0.583651
vt 0.907323 0.582850
vt 0.970333 0.690882
vt 0.970369 0.723792
vt 0.906964 0.584424
vt 0.969626 0.723793
vt 0.906605 0.585150
vt 0.909048 0.585786
vt 0.907865 0.587575
vt 0.910162 0.587648
vt 0.906256 0.585668
vt 0.458123 0.885437
vt 0.458694 0.882122
vt 0.458705 0.885572
vt 0.458121 0.881097
vt 0.458757 0.878743
vt 0.906745 0.590726
vt 0.903249 0.591988
vt 0.903768 0.590011
vt 0.905990 0.589080
vt 0.458196 0.878319
vt 0.458849 0.877165
vt 0.901360 0.590108
vt 0.901148 0.591980
vt 0.664323 0.945702
vt 0.664721 0.942900
vt 0.664721 0.947764
vt 0.982061 0.279780
vt 0.979661 0.279732
vt 0.980737 0.277235
vt 0.899024 0.589538
vt 0.978559 0.277186
vt 0.979350 0.277205
vt 0.977300 0.279676
vt 0.980158 0.277223
vt 0.898926 0.586647
vt 0.899605 0.587087
vt 0.900345 0.587417
vt 0.978418 0.244264
vt 0.977804 0.277166
vt 0.977104 0.277145
vt 0.979244 0.244286
vt 0.898494 0.586282
vt 0.977659 0.244241
vt 0.976654 0.277131
vt 0.976216 0.277115
vt 0.976989 0.244219
vt 0.981001 0.244327
vt 0.981881 0.244343
vt 0.981322 0.277245
vt 0.571352 0.278557
vt 0.571883 0.279270
vt 0.570041 0.279915
vt 0.572527 0.279882
vt 0.982730 0.244357
vt 0.570949 0.277765
vt 0.983521 0.244368
vt 0.982810 0.277267
vt 0.982090 0.277258
vt 0.904620 0.587073
vt 0.905297 0.586629
vt 0.983464 0.277274
vt 0.903882 0.587407
vt 0.968659 0.723796
vt 0.968087 0.723798
vt 0.968142 0.690888
vt 0.984233 0.244375
vt 0.905896 0.586085
vt 0.968785 0.690885
vt 0.969092 0.723795
vt 0.570569 0.276036
vt 0.570685 0.276917
vt 0.568752 0.276831
vt 0.969522 0.690883
vt 0.570604 0.275148
vt 0.057911 0.997125
vt 0.057883 0.994270
vt 0.058869 0.996111
vt 0.568875 0.273981
vt 0.946212 0.407789
vt 0.945247 0.408595
vt 0.723899 0.956849
vt 0.725562 0.958310
vt 0.723387 0.957765
vt 0.721903 0.955890
vt 0.058847 0.993019
vt 0.720272 0.956555
vt 0.984708 0.462735
vt 0.980054 0.462773
vt 0.980109 0.461697
vt 0.984764 0.461658
vt 0.980159 0.461236
vt 0.720278 0.955526
vt 0.984813 0.461198
vt 0.354581 0.691486
vt 0.354581 0.696143
vt 0.354452 0.696134
vt 0.717796 0.955695
vt 0.129077 0.718851
vt 0.129077 0.723479
vt 0.128992 0.723422
vt 0.725384 0.971875
vt 0.720723 0.972219
vt 0.720730 0.971737
vt 0.760529 0.689401
vt 0.762659 0.690008
vt 0.759072 0.688595
vt 0.757835 0.687481
vt 0.756567 0.685666
vt 0.753795 0.686895
vt 0.419455 0.665649
vt 0.419956 0.663832
vt 0.756087 0.690023
vt 0.755835 0.683576
vt 0.984669 0.464293
vt 0.980015 0.464332
vt 0.984651 0.465702
vt 0.755654 0.681921
vt 0.979994 0.466257
vt 0.570787 0.274278
vt 0.984233 0.279810
vt 0.903101 0.587621
vt 0.573265 0.280377
vt 0.980113 0.244307
vt 0.902961 0.665481
vt 0.571116 0.273453
vt 0.571579 0.272694
vt 0.972964 0.690880
vt 0.572163 0.272025
vt 0.973823 0.690881
vt 0.458764 0.889421
vt 0.973906 0.723791
vt 0.975314 0.723793
vt 0.974638 0.723792
vt 0.974632 0.690882
vt 0.908375 0.998442
vt 0.908340 0.998411
vt 0.908375 0.995466
vt 0.665460 0.998586
vt 0.664774 0.998520
vt 0.665460 0.995575
vt 0.434082 0.927300
vt 0.665052 0.995580
vt 0.831472 0.998492
vt 0.830797 0.998492
vt 0.830835 0.995540
vt 0.907661 0.998419
vt 0.889544 0.169889
vt 0.666097 0.339647
vt 0.664489 0.339948
vt 0.664484 0.338381
vt 0.666097 0.337957
vt 0.664488 0.337752
vt 0.656695 0.179296
vt 0.656030 0.178490
vt 0.657783 0.177938
vt 0.966855 0.560838
vt 0.968443 0.560635
vt 0.968421 0.561475
vt 0.657783 0.180003
vt 0.967226 0.562245
vt 0.664839 0.179996
vt 0.663415 0.178983
vt 0.664237 0.177938
vt 0.887046 0.169485
vt 0.968424 0.562330
vt 0.968356 0.559829
vt 0.886326 0.172163
vt 0.886709 0.169474
vt 0.887176 0.170236
vt 0.976112 0.559726
vt 0.968279 0.556333
vt 0.663153 0.179996
vt 0.169497 0.877283
vt 0.990031 0.381422
vt 0.994689 0.381309
vt 0.328734 0.993744
vt 0.328628 0.998399
vt 0.741382 0.991938
vt 0.902360 0.156218
vt 0.694720 0.066745
vt 0.714344 0.065838
vt 0.715953 0.064803
vt 0.715953 0.066548
vt 0.714339 0.066352
vt 0.714282 0.064794
vt 0.703213 0.165806
vt 0.702738 0.164653
vt 0.704345 0.164434
vt 0.704345 0.166366
vt 0.827701 0.243657
vt 0.826403 0.243630
vt 0.827701 0.241888
vt 0.698370 0.339301
vt 0.661328 0.179958
vt 0.920402 0.876267
vt 0.921096 0.875335
vt 0.921096 0.877423
vt 0.645219 0.338115
vt 0.678696 0.339073
vt 0.677103 0.337986
vt 0.678696 0.337728
vt 0.646869 0.337752
vt 0.677668 0.339817
vt 0.677069 0.339278
vt 0.858477 0.854108
vt 0.858789 0.855892
vt 0.862175 0.860603
vt 0.989986 0.961345
vt 0.985332 0.963279
vt 0.985327 0.960385
vt 0.990034 0.977067
vt 0.985377 0.977074
vt 0.000085 0.996992
vt 0.853618 0.839946
vt 0.855722 0.841943
vt 0.994652 0.413268
vt 0.990004 0.414026
vt 0.989980 0.411700
vt 0.994623 0.410052
vt 0.989959 0.409079
vt 0.195575 0.846481
vt 0.994689 0.416110
vt 0.990033 0.416107
vt 0.217244 0.996667
vt 0.217433 0.996688
vt 0.217209 0.992044
vt 0.850596 0.838448
vt 0.998629 0.499335
vt 0.997781 0.499318
vt 0.998234 0.494664
vt 0.997351 0.494672
vt 0.998629 0.494691
vt 0.011163 0.992546
vt 0.011163 0.997202
vt 0.195575 0.865328
vt 0.067880 0.959810
vt 0.065580 0.957545
vt 0.604531 0.878742
vt 0.604103 0.880503
vt 0.603896 0.880162
vt 0.604941 0.876699
vt 0.605107 0.877024
vt 0.067915 0.957112
vt 0.640363 0.943886
vt 0.628567 0.943885
vt 0.628584 0.942470
vt 0.640380 0.942470
vt 0.628602 0.941155
vt 0.746130 0.886659
vt 0.747490 0.887856
vt 0.746850 0.890860
vt 0.744408 0.888536
vt 0.744673 0.885581
vt 0.640399 0.941156
vt 0.974885 0.630304
vt 0.963095 0.630460
vt 0.963036 0.629157
vt 0.974826 0.629001
vt 0.748743 0.889164
vt 0.749881 0.890573
vt 0.962980 0.627752
vt 0.974770 0.627596
vt 0.750896 0.892074
vt 0.962926 0.626255
vt 0.974716 0.626099
vt 0.962876 0.624677
vt 0.974666 0.624521
vt 0.606683 0.873765
vt 0.605826 0.875361
vt 0.991919 0.595849
vt 0.995295 0.595847
vt 0.991954 0.593496
vt 0.743130 0.884631
vt 0.628552 0.945391
vt 0.640348 0.945392
vt 0.603827 0.882294
vt 0.995330 0.593494
vt 0.987830 0.000000
vt 0.974619 0.622873
vt 0.962829 0.623029
vt 0.626501 0.863362
vt 0.746130 0.919873
vt 0.962714 0.598440
vt 0.974504 0.598284
vt 0.744673 0.920951
vt 0.962748 0.597357
vt 0.974538 0.597201
vt 0.638175 0.867832
vt 0.636700 0.866779
vt 0.636623 0.866405
vt 0.962786 0.596401
vt 0.635142 0.865854
vt 0.974577 0.596245
vt 0.743130 0.921901
vt 0.741671 0.919803
vt 0.988228 0.028958
vt 0.914827 0.665960
vt 0.969663 0.630975
vt 0.974836 0.633668
vt 0.735337 0.960155
vt 0.735221 0.960093
vt 0.559591 0.492608
vt 0.560174 0.492362
vt 0.560174 0.492979
vt 0.977732 0.195416
vt 0.420437 0.926240
vt 0.993727 0.424955
vt 0.994360 0.424910
vt 0.994208 0.427877
vt 0.420894 0.925436
vt 0.508918 0.806362
vt 0.508242 0.803356
vt 0.508918 0.803217
vt 0.508026 0.806292
vt 0.994360 0.428060
vt 0.626332 0.440416
vt 0.626332 0.441325
vt 0.625880 0.440916
vt 0.045824 0.836015
vt 0.046569 0.836011
vt 0.045821 0.838960
vt 0.046676 0.838960
vt 0.902140 0.192639
vt 0.704619 0.166126
vt 0.704345 0.164434
vt 0.705962 0.164708
vt 0.607807 0.283701
vt 0.609446 0.283112
vt 0.609446 0.284549
vt 0.705962 0.166341
vt 0.900463 0.194097
vt 0.902403 0.194296
vt 0.425638 0.337860
vt 0.425638 0.339417
vt 0.424031 0.337957
vt 0.423971 0.339626
vt 0.902196 0.194628
vt 0.425518 0.339982
vt 0.423913 0.340137
vt 0.715537 0.164667
vt 0.714176 0.166191
vt 0.714254 0.164434
vt 0.607832 0.285395
vt 0.609440 0.285632
vt 0.715861 0.166191
vt 0.998109 0.935667
vt 0.997342 0.935667
vt 0.997817 0.932718
vt 0.427731 0.925348
vt 0.067132 0.995674
vt 0.067865 0.995629
vt 0.067865 0.998680
vt 0.067185 0.998628
vt 0.715792 0.484023
vt 0.716472 0.483928
vt 0.716666 0.486961
vt 0.715668 0.486961
vt 0.860359 0.167200
vt 0.860391 0.162533
vt 0.999521 0.694608
vt 0.658071 0.339042
vt 0.659649 0.339608
vt 0.658137 0.340047
vt 0.611063 0.283475
vt 0.611873 0.283112
vt 0.612672 0.284153
vt 0.599482 0.283987
vt 0.600383 0.283112
vt 0.601126 0.284190
vt 0.914441 0.193646
vt 0.611060 0.284747
vt 0.659649 0.337988
vt 0.658111 0.337752
vt 0.599494 0.285193
vt 0.601126 0.285720
vt 0.694720 0.066700
vt 0.693462 0.065597
vt 0.694720 0.064794
vt 0.693697 0.067376
vt 0.913100 0.191658
vt 0.612672 0.285618
vt 0.658862 0.993414
vt 0.366790 0.751139
vt 0.362946 0.754395
vt 0.366678 0.749553
vt 0.048986 0.846379
vt 0.048986 0.850075
vt 0.048794 0.848142
vt 0.359572 0.757745
vt 0.358902 0.757384
vt 0.359277 0.754477
vt 0.362737 0.750515
vt 0.363495 0.754262
vt 0.364770 0.752976
vt 0.872887 0.488453
vt 0.872836 0.487163
vt 0.877697 0.487438
vt 0.367199 0.749803
vt 0.366588 0.748982
vt 0.687119 0.991940
vt 0.687119 0.998929
vt 0.686871 0.998910
vt 0.686686 0.991924
vt 0.686300 0.998904
vt 0.795348 0.339516
vt 0.795856 0.339181
vt 0.795856 0.339863
vt 0.686040 0.991928
vt 0.795344 0.338897
vt 0.795462 0.340131
vt 0.794935 0.339969
vt 0.794829 0.339241
vt 0.471385 0.998854
vt 0.471068 0.991869
vt 0.471578 0.991870
vt 0.470657 0.998856
vt 0.471571 0.998856
vt 0.371786 0.748426
vt 0.367757 0.749318
vt 0.470461 0.991872
vt 0.367572 0.748702
vt 0.602743 0.767563
vt 0.602938 0.765235
vt 0.602938 0.770107
vt 0.664527 0.895117
vt 0.664743 0.897824
vt 0.664323 0.894897
vt 0.664743 0.891507
vt 0.379160 0.747105
vt 0.378154 0.746035
vt 0.241360 0.972119
vt 0.241570 0.968824
vt 0.241539 0.976132
vt 0.367829 0.746959
vt 0.715406 0.159051
vt 0.715399 0.160203
vt 0.713453 0.160133
vt 0.713465 0.158272
vt 0.715392 0.161228
vt 0.364957 0.748688
vt 0.367007 0.748584
vt 0.715385 0.162120
vt 0.369930 0.745062
vt 0.732467 0.161316
vt 0.732474 0.160305
vt 0.588950 0.597823
vt 0.732481 0.159167
vt 0.998915 0.842028
vt 0.999485 0.842039
vt 0.999025 0.849017
vt 0.998515 0.842013
vt 0.998572 0.849005
vt 0.715412 0.157778
vt 0.713474 0.156342
vt 0.732487 0.157908
vt 0.715419 0.156392
vt 0.732494 0.156537
vt 0.732499 0.155060
vt 0.715424 0.154902
vt 0.732505 0.153488
vt 0.715430 0.153315
vt 0.713489 0.152222
vt 0.732510 0.151828
vt 0.715435 0.151642
vt 0.732515 0.150092
vt 0.715440 0.149893
vt 0.597388 0.605965
vt 0.598391 0.607662
vt 0.599260 0.609431
vt 0.732519 0.148289
vt 0.599991 0.611262
vt 0.732523 0.146430
vt 0.715444 0.148078
vt 0.715448 0.146208
vt 0.713503 0.146631
vt 0.713498 0.149311
vt 0.358408 0.757991
vt 0.358667 0.762347
vt 0.357481 0.757307
vt 0.356312 0.759934
vt 0.358950 0.758555
vt 0.388254 0.991671
vt 0.388418 0.998666
vt 0.387856 0.998650
vt 0.387247 0.998667
vt 0.387625 0.991669
vt 0.603435 0.885675
vt 0.602800 0.878716
vt 0.603435 0.878682
vt 0.114443 0.336874
vt 0.114932 0.336555
vt 0.114827 0.337300
vt 0.114379 0.336241
vt 0.114037 0.337300
vt 0.113917 0.336564
vt 0.388418 0.991689
vt 0.154451 0.991861
vt 0.154741 0.998848
vt 0.154461 0.998846
vt 0.155021 0.991863
vt 0.359521 0.758301
vt 0.155299 0.998848
vt 0.155620 0.991861
vt 0.602751 0.885723
vt 0.715451 0.144293
vt 0.713509 0.142913
vt 0.355218 0.763606
vt 0.715453 0.142346
vt 0.355951 0.769193
vt 0.715455 0.140661
vt 0.732529 0.142589
vt 0.601021 0.615065
vt 0.732526 0.144526
vt 0.600579 0.613144
vt 0.723629 0.140618
vt 0.723630 0.139917
vt 0.729686 0.140342
vt 0.723254 0.139461
vt 0.674267 0.337752
vt 0.674267 0.340189
vt 0.673954 0.338188
vt 0.724148 0.136861
vt 0.722077 0.135648
vt 0.724773 0.137655
vt 0.708475 0.066735
vt 0.708477 0.065941
vt 0.710029 0.065721
vt 0.227781 0.991431
vt 0.229329 0.991432
vt 0.229329 0.997253
vt 0.710028 0.066735
vt 0.227781 0.997251
vt 0.711583 0.065874
vt 0.711584 0.064794
vt 0.713137 0.064794
vt 0.713135 0.065715
vt 0.730588 0.137787
vt 0.730589 0.135853
vt 0.731310 0.136867
vt 0.724768 0.135849
vt 0.724767 0.137783
vt 0.711584 0.066735
vt 0.713137 0.066735
vt 0.723804 0.133690
vt 0.730595 0.135725
vt 0.724774 0.135721
vt 0.708475 0.064794
vt 0.710028 0.064794
vt 0.354555 0.618586
vt 0.354225 0.619995
vt 0.724046 0.136769
vt 0.347883 0.783393
vt 0.347568 0.781689
vt 0.347883 0.779868
vt 0.079302 0.378149
vt 0.079301 0.377187
vt 0.079302 0.376293
vt 0.687251 0.998922
vt 0.687689 0.991924
vt 0.288798 0.985544
vt 0.287919 0.985548
vt 0.288145 0.978559
vt 0.288798 0.978558
vt 0.687119 0.991941
vt 0.110532 0.336814
vt 0.110308 0.336241
vt 0.110943 0.336397
vt 0.109942 0.336730
vt 0.110943 0.337204
vt 0.110187 0.337327
vt 0.469342 0.998856
vt 0.596257 0.604350
vt 0.595006 0.602827
vt 0.623795 0.990638
vt 0.623873 0.997623
vt 0.623302 0.997614
vt 0.624121 0.990664
vt 0.624121 0.997642
vt 0.378675 0.746285
vt 0.087586 0.336874
vt 0.087273 0.337358
vt 0.087050 0.336639
vt 0.087546 0.336241
vt 0.623161 0.990634
vt 0.087991 0.337358
vt 0.088131 0.336717
vt 0.018498 0.999128
vt 0.017952 0.999132
vt 0.018188 0.992144
vt 0.017630 0.992149
vt 0.017429 0.999138
vt 0.018498 0.992142
vt 0.379177 0.745999
vt 0.917548 0.998662
vt 0.917335 0.991678
vt 0.918077 0.991680
vt 0.917011 0.998668
vt 0.918173 0.998668
vt 0.241350 0.974785
vt 0.236500 0.974331
vt 0.236507 0.972549
vt 0.236515 0.970802
vt 0.241380 0.968699
vt 0.236496 0.976133
vt 0.241345 0.977497
vt 0.883069 0.022537
vt 0.883069 0.020725
vt 0.883166 0.020729
vt 0.883317 0.018932
vt 0.236494 0.977945
vt 0.883221 0.018920
vt 0.976120 0.258593
vt 0.976120 0.260397
vt 0.961181 0.260400
vt 0.961183 0.262200
vt 0.976123 0.262197
vt 0.883618 0.017153
vt 0.884067 0.015406
vt 0.883523 0.017133
vt 0.976127 0.263980
vt 0.961188 0.263984
vt 0.570946 0.598868
vt 0.564590 0.597979
vt 0.569412 0.596073
vt 0.564010 0.600154
vt 0.569208 0.599353
vt 0.961194 0.265739
vt 0.572718 0.598531
vt 0.568037 0.595446
vt 0.569936 0.594916
vt 0.571870 0.594535
vt 0.573122 0.595366
vt 0.575797 0.594223
vt 0.574512 0.598343
vt 0.573828 0.594303
vt 0.449378 0.663832
vt 0.449323 0.663926
vt 0.432380 0.665945
vt 0.449287 0.664170
vt 0.432343 0.666182
vt 0.577767 0.594294
vt 0.732430 0.164283
vt 0.732423 0.164434
vt 0.715348 0.164416
vt 0.432436 0.665860
vt 0.579726 0.594517
vt 0.732438 0.163981
vt 0.715355 0.164255
vt 0.449269 0.664563
vt 0.432324 0.666568
vt 0.961203 0.267452
vt 0.976134 0.265735
vt 0.567517 0.599981
vt 0.885394 0.012054
vt 0.884660 0.013702
vt 0.884570 0.013667
vt 0.976143 0.267448
vt 0.883974 0.015378
vt 0.236501 0.983308
vt 0.236496 0.981545
vt 0.241346 0.981100
vt 0.236494 0.979753
vt 0.241354 0.983959
vt 0.236508 0.985029
vt 0.236517 0.986697
vt 0.885307 0.012011
vt 0.886180 0.010423
vt 0.886263 0.010474
vt 0.961227 0.270708
vt 0.961214 0.269113
vt 0.976153 0.269109
vt 0.976166 0.270704
vt 0.887261 0.008971
vt 0.565885 0.600749
vt 0.564322 0.601650
vt 0.564071 0.600775
vt 0.563426 0.601160
vt 0.999282 0.552704
vt 0.999668 0.552725
vt 0.999668 0.558924
vt 0.999032 0.558910
vt 0.998661 0.552707
vt 0.075354 0.435454
vt 0.075695 0.435899
vt 0.074925 0.435899
vt 0.212340 0.998717
vt 0.211899 0.992506
vt 0.212340 0.992509
vt 0.074899 0.435130
vt 0.075734 0.435063
vt 0.999707 0.261342
vt 0.999059 0.261328
vt 0.999707 0.255128
vt 0.211191 0.992508
vt 0.211254 0.998717
vt 0.998934 0.255119
vt 0.563234 0.600080
vt 0.211935 0.998716
vt 0.560983 0.600215
vt 0.562962 0.600773
vt 0.562841 0.602679
vt 0.561450 0.603829
vt 0.560161 0.605091
vt 0.961241 0.272228
vt 0.562662 0.597883
vt 0.561012 0.598963
vt 0.559451 0.600166
vt 0.557987 0.601486
vt 0.449460 0.668644
vt 0.449552 0.669850
vt 0.432604 0.671840
vt 0.449661 0.671171
vt 0.432713 0.673162
vt 0.432838 0.674592
vt 0.431043 0.675870
vt 0.398546 0.756336
vt 0.398183 0.757935
vt 0.398639 0.753062
vt 0.432980 0.676122
vt 0.401051 0.756629
vt 0.399530 0.756055
vt 0.431386 0.679413
vt 0.398964 0.755937
vt 0.449787 0.672599
vt 0.449928 0.674126
vt 0.433136 0.677742
vt 0.450084 0.675743
vt 0.433306 0.679443
vt 0.450254 0.677440
vt 0.433490 0.681215
vt 0.433685 0.683046
vt 0.450437 0.679206
vt 0.553266 0.607766
vt 0.179513 0.998738
vt 0.178815 0.991750
vt 0.179513 0.991757
vt 0.398820 0.757034
vt 0.363249 0.991951
vt 0.363249 0.998935
vt 0.362848 0.998928
vt 0.178783 0.998725
vt 0.118966 0.336313
vt 0.118966 0.337181
vt 0.118578 0.336729
vt 0.118319 0.337278
vt 0.362775 0.991943
vt 0.362278 0.998928
vt 0.117956 0.336810
vt 0.362209 0.991944
vt 0.118224 0.336241
vt 0.635783 0.992399
vt 0.635895 0.999385
vt 0.635275 0.999383
vt 0.635242 0.992397
vt 0.399756 0.756607
vt 0.399443 0.757075
vt 0.636265 0.992403
vt 0.178777 0.991729
vt 0.636264 0.999390
vt 0.449385 0.667560
vt 0.564389 0.596933
vt 0.566184 0.596119
vt 0.576315 0.598305
vt 0.961181 0.258597
vt 0.578116 0.598419
vt 0.961183 0.256802
vt 0.976123 0.256798
vt 0.883166 0.022533
vt 0.883317 0.024331
vt 0.883221 0.024343
vt 0.976127 0.255025
vt 0.883523 0.026130
vt 0.236526 0.969102
vt 0.999485 0.849023
vt 0.735344 0.956338
vt 0.966144 0.642707
vt 0.693703 0.088535
vt 0.280628 0.997077
vt 0.279512 0.997077
vt 0.279930 0.991640
vt 0.279075 0.991669
vt 0.280646 0.991646
vt 0.554638 0.864964
vt 0.953459 0.321760
vt 0.953456 0.323200
vt 0.862060 0.921123
vt 0.862060 0.922741
vt 0.861854 0.921611
vt 0.961576 0.624979
vt 0.693400 0.088491
vt 0.990557 0.033780
vt 0.450812 0.759240
vt 0.436023 0.704059
vt 0.453070 0.700939
vt 0.552821 0.631431
vt 0.551868 0.628811
vt 0.552409 0.627170
vt 0.553628 0.634071
vt 0.551304 0.621227
vt 0.553101 0.619452
vt 0.550765 0.624978
vt 0.550444 0.623033
vt 0.551235 0.626892
vt 0.550363 0.617488
vt 0.552387 0.618955
vt 0.550246 0.619371
vt 0.550273 0.621069
vt 0.998106 0.278466
vt 0.998722 0.278469
vt 0.998234 0.284676
vt 0.997627 0.284678
vt 0.998759 0.284678
vt 0.124404 0.337144
vt 0.124383 0.336241
vt 0.124749 0.336711
vt 0.125178 0.337144
vt 0.998676 0.176121
vt 0.999081 0.176134
vt 0.999081 0.182342
vt 0.998504 0.182328
vt 0.125233 0.336417
vt 0.998228 0.176124
vt 0.997979 0.182347
vt 0.458227 0.905345
vt 0.458837 0.911525
vt 0.458121 0.911586
vt 0.458837 0.905304
vt 0.452462 0.696445
vt 0.871372 0.992309
vt 0.871372 0.998513
vt 0.870932 0.998527
vt 0.870272 0.998514
vt 0.870630 0.992317
vt 0.999692 0.323772
vt 0.116519 0.336827
vt 0.116925 0.336391
vt 0.116925 0.337189
vt 0.116332 0.336241
vt 0.116142 0.337317
vt 0.115929 0.336744
vt 0.870223 0.992294
vt 0.354450 0.679267
vt 0.354575 0.676329
vt 0.354575 0.681534
vt 0.402297 0.767540
vt 0.587029 0.991921
vt 0.587385 0.998898
vt 0.586816 0.998912
vt 0.587749 0.991923
vt 0.587875 0.998912
vt 0.094966 0.336837
vt 0.095414 0.336441
vt 0.095414 0.337213
vt 0.094715 0.337390
vt 0.077227 0.999021
vt 0.076849 0.992034
vt 0.077418 0.992041
vt 0.076311 0.992039
vt 0.076443 0.999021
vt 0.094383 0.336809
vt 0.487935 0.999573
vt 0.487700 0.992589
vt 0.488428 0.992585
vt 0.094801 0.336241
vt 0.488623 0.999571
vt 0.488688 0.999573
vt 0.488708 0.992586
vt 0.452144 0.685556
vt 0.589161 0.601777
vt 0.531838 0.999054
vt 0.531210 0.999056
vt 0.531338 0.992846
vt 0.532290 0.999056
vt 0.532233 0.992846
vt 0.531736 0.992462
vt 0.133810 0.336695
vt 0.133330 0.336318
vt 0.134122 0.336241
vt 0.999719 0.201535
vt 0.999484 0.201515
vt 0.999624 0.195321
vt 0.134122 0.337147
vt 0.133326 0.337032
vt 0.038453 0.999291
vt 0.037648 0.999314
vt 0.037702 0.993099
vt 0.998784 0.201535
vt 0.998992 0.195316
vt 0.038453 0.993085
vt 0.593287 0.607184
vt 0.892726 0.490122
vt 0.594284 0.608687
vt 0.892770 0.491621
vt 0.877837 0.491728
vt 0.595153 0.610268
vt 0.222620 0.992736
vn 0.1126 0.4101 -0.9051
vn -0.3826 0.1403 -0.9132
vn -0.0271 -0.7212 -0.6922
vn -0.3509 0.1884 0.9172
vn -0.2893 -0.4016 -0.8689
vn 0.0000 0.0000 -1.0000
vn -0.1925 -0.7222 -0.6643
vn -0.2383 -0.2102 -0.9481
vn 0.8348 0.1378 -0.5329
vn 0.4864 0.6337 -0.6015
vn -0.4857 -0.7114 -0.5080
vn -0.9061 -0.0577 -0.4190
vn -0.6380 -0.0674 -0.7671
vn -0.5054 -0.1196 -0.8545
vn -0.4805 -0.6445 -0.5947
vn -0.3580 -0.1704 -0.9180
vn -0.4184 -0.1121 -0.9013
vn -0.5546 -0.0736 -0.8289
vn -0.3041 -0.1750 -0.9364
vn -0.2894 -0.1422 -0.9466
vn -0.3583 -0.0850 -0.9297
vn -0.5047 -0.0381 -0.8625
vn -0.2367 -0.1823 -0.9543
vn -0.1484 -0.7665 -0.6248
vn -0.1097 -0.7677 -0.6313
vn -0.1904 -0.1652 -0.9677
vn 0.0000 -0.7071 -0.7071
vn -0.0734 -0.7677 -0.6365
vn -0.0367 -0.7678 -0.6396
vn -0.1304 -0.1592 -0.9786
vn -0.2225 -0.1067 -0.9691
vn -0.1072 -0.0996 -0.9892
vn -0.0678 -0.1528 -0.9859
vn 0.0000 -0.7678 -0.6407
vn -0.0175 -0.1409 -0.9899
vn 0.0547 -0.1532 -0.9867
vn 0.0367 -0.7678 -0.6396
vn 0.1140 -0.1595 -0.9806
vn 0.1441 -0.1013 -0.9843
vn 0.0343 -0.0911 -0.9952
vn -0.0369 -0.0593 -0.9975
vn 0.0214 -0.0321 -0.9992
vn 0.0965 -0.0416 -0.9944
vn 0.0490 -0.1057 -0.9932
vn -0.0121 -0.0868 -0.9961
vn -0.0676 -0.0978 -0.9929
vn -0.0660 -0.1639 -0.9843
vn 0.0434 -0.1704 -0.9844
vn -0.0393 -0.1124 -0.9929
vn 0.1073 -0.1080 -0.9883
vn 0.1453 -0.1763 -0.9735
vn 0.1118 -0.1013 -0.9885
vn 0.1686 -0.1107 -0.9794
vn 0.2190 -0.1069 -0.9698
vn 0.2433 -0.1448 -0.9591
vn 0.2363 -0.2162 -0.9473
vn 0.3312 -0.2306 -0.9149
vn 0.3212 -0.1240 -0.9388
vn 0.2632 -0.1235 -0.9568
vn 0.3115 -0.0406 -0.9494
vn 0.2400 -0.0427 -0.9698
vn 0.3789 -0.0370 -0.9247
vn 0.2304 -0.1170 -0.9660
vn 0.3088 -0.1147 -0.9442
vn 0.2280 -0.1709 -0.9585
vn 0.4115 -0.0813 -0.9077
vn 0.2782 -0.1709 -0.9452
vn 0.3881 -0.1311 -0.9122
vn 0.4885 -0.1413 -0.8610
vn 0.3600 -0.1684 -0.9176
vn 0.5128 -0.0875 -0.8540
vn 0.5309 -0.6930 -0.4877
vn 0.6014 -0.0838 -0.7945
vn 0.5148 -0.6045 -0.6079
vn 0.9089 -0.0395 -0.4150
vn 0.5833 -0.0309 -0.8117
vn 0.6823 -0.0282 -0.7305
vn 0.9261 -0.0098 -0.3770
vn 0.7071 0.0000 -0.7071
vn 0.2453 -0.2054 -0.9474
vn -0.7130 0.0003 -0.7011
vn -0.8859 0.1888 -0.4238
vn 0.0999 -0.7296 -0.6765
vn -0.7350 0.4146 -0.5365
vn -0.9411 0.0553 0.3334
vn -0.9888 0.0083 0.1487
vn -0.9149 0.0105 0.4035
vn -0.9414 -0.0280 0.3362
vn -0.9952 0.0167 0.0958
vn -0.9815 0.0654 0.1798
vn -0.9271 -0.2936 0.2331
vn -0.3725 -0.5369 0.7570
vn -0.5984 0.1871 0.7790
vn -0.8995 0.1851 0.3957
vn -0.5005 0.4015 0.7670
vn 0.2806 0.1536 0.9474
vn -0.4264 0.6324 0.6467
vn -0.7687 -0.0373 0.6385
vn -0.8273 0.1524 0.5407
vn -0.3008 0.2357 0.9241
vn -0.6977 0.4797 0.5321
vn -0.5953 0.0200 0.8032
vn -0.8352 -0.1010 0.5406
vn -0.6641 0.1084 0.7397
vn -0.5614 0.0391 0.8266
vn -0.5310 0.0345 0.8466
vn -0.5076 0.0304 0.8610
vn -0.5494 0.1002 0.8295
vn -0.6777 0.2176 0.7024
vn -0.5828 0.1480 0.7990
vn -0.5108 0.1877 0.8390
vn -0.5691 0.2098 0.7950
vn -0.4586 0.0769 0.8853
vn -0.5130 0.1924 0.8365
vn -0.4305 0.1874 0.8829
vn -0.3992 0.1204 0.9089
vn -0.5417 0.1300 0.8304
vn -0.4350 0.1375 0.8898
vn -0.3260 0.1011 0.9399
vn -0.3384 0.1460 0.9296
vn -0.4390 0.0558 0.8967
vn -0.3576 0.0126 0.9338
vn -0.5015 0.0682 0.8625
vn -0.4423 -0.0539 0.8952
vn -0.7500 -0.3322 0.5719
vn -0.8133 -0.1359 0.5656
vn -0.5011 -0.0293 0.8648
vn -0.1949 -0.7287 0.6565
vn -0.5672 -0.4949 0.6582
vn -0.5993 -0.6050 0.5242
vn -0.7673 0.0018 0.6413
vn -0.2854 -0.2110 0.9348
vn -0.0599 0.3335 0.9408
vn 0.3257 -0.1515 0.9332
vn -0.3262 0.2114 -0.9213
vn -0.0323 -0.3511 -0.9358
vn 0.3072 0.1378 -0.9416
vn -0.7701 0.0658 0.6345
vn -0.8731 -0.0768 0.4814
vn -0.7244 0.0305 -0.6887
vn -0.7242 -0.0809 -0.6847
vn -0.1177 0.7616 0.6372
vn -0.5638 0.4154 0.7138
vn -0.9226 -0.1848 0.3385
vn -0.5682 0.5037 0.6507
vn -0.7649 0.3023 0.5687
vn -0.6729 -0.1866 0.7158
vn -0.5189 -0.1100 0.8477
vn -0.8076 0.0670 0.5859
vn -0.3987 -0.1617 0.9027
vn -0.4850 -0.2085 0.8493
vn -0.5628 -0.1555 0.8118
vn -0.5770 -0.2747 0.7692
vn -0.4566 -0.3021 0.8368
vn -0.3846 -0.2487 0.8889
vn -0.3507 -0.3396 0.8727
vn -0.2787 -0.2542 0.9261
vn -0.2237 -0.3602 0.9056
vn -0.1770 -0.2676 0.9471
vn -0.2676 -0.1722 0.9480
vn -0.1099 -0.3610 0.9261
vn -0.0689 -0.2528 0.9650
vn -0.1372 -0.1855 0.9730
vn -0.0015 -0.1654 0.9862
vn 0.0296 -0.2451 0.9690
vn -0.0001 -0.3436 0.9391
vn -0.0302 -0.4273 0.9036
vn 0.0909 -0.3015 0.9491
vn 0.0850 -0.4230 0.9021
vn -0.0530 -0.5102 0.8584
vn 0.0228 -0.5255 0.8505
vn -0.1572 -0.4580 0.8749
vn -0.1346 -0.5674 0.8123
vn -0.0612 -0.6184 0.7835
vn -0.0303 -0.8415 0.5394
vn 0.0562 -0.6698 0.7404
vn -0.2084 -0.7733 0.5988
vn 0.0862 -0.9412 0.3266
vn 0.2044 -0.9355 0.2881
vn 0.1399 -0.7458 0.6513
vn 0.1093 -0.5728 0.8123
vn 0.1194 -0.4950 0.8606
vn 0.2125 -0.5569 0.8029
vn 0.2022 -0.4851 0.8507
vn 0.5362 -0.6100 0.5833
vn 0.2882 -0.4113 0.8647
vn 0.1883 -0.4259 0.8849
vn 0.7117 -0.4051 0.5739
vn 0.7903 -0.2038 0.5777
vn 0.7377 0.1690 0.6536
vn 0.6883 -0.3532 0.6336
vn 0.2164 -0.7366 0.6407
vn 0.1557 -0.1751 0.9721
vn -0.3886 -0.6637 0.6391
vn -0.2644 -0.1059 0.9586
vn 0.1108 0.3074 0.9451
vn 0.2132 -0.2003 -0.9562
vn 0.1072 0.2923 -0.9503
vn -0.2840 -0.0076 -0.9588
vn 0.3859 0.6570 -0.6477
vn -0.3794 0.1650 -0.9104
vn -0.0081 0.7552 -0.6554
vn -0.7383 -0.1312 -0.6615
vn -0.7119 0.2630 -0.6511
vn -0.4414 0.6092 -0.6588
vn -0.4116 0.7136 -0.5668
vn -0.2653 0.7711 -0.5787
vn -0.0590 0.8196 -0.5699
vn -0.5251 0.6403 -0.5606
vn -0.3451 0.3255 -0.8803
vn -0.2705 0.4043 -0.8737
vn -0.2552 0.3301 -0.9088
vn -0.1954 0.4751 -0.8580
vn -0.1641 0.3759 -0.9120
vn -0.1048 0.4429 -0.8904
vn -0.0297 0.3561 -0.9340
vn -0.1079 0.2917 -0.9504
vn -0.1881 0.2579 -0.9477
vn 0.0199 0.2516 -0.9676
vn -0.0684 0.2030 -0.9768
vn 0.0833 0.3158 -0.9451
vn 0.1439 0.2113 -0.9667
vn 0.0462 0.1553 -0.9868
vn 0.2220 0.1616 -0.9615
vn 0.1599 0.0936 -0.9827
vn 0.2834 0.2464 -0.9268
vn 0.1861 0.2850 -0.9403
vn 0.4099 0.2192 -0.8854
vn 0.3218 0.1653 -0.9322
vn 0.3735 0.3081 -0.8749
vn 0.2656 0.3382 -0.9028
vn 0.2678 0.0612 -0.9615
vn 0.3729 0.0838 -0.9240
vn 0.4447 0.1090 -0.8890
vn 0.4103 -0.0301 -0.9114
vn 0.3219 -0.0409 -0.9459
vn 0.2200 -0.0354 -0.9748
vn 0.3699 -0.1510 -0.9167
vn 0.4476 -0.1916 -0.8734
vn 0.4670 -0.0312 -0.8837
vn 0.5100 -0.1323 -0.8499
vn 0.4236 -0.2894 -0.8583
vn 0.4933 -0.3193 -0.8091
vn 0.5428 -0.2446 -0.8034
vn 0.8244 0.1005 -0.5570
vn 0.7886 0.2534 -0.5603
vn 0.7022 0.4509 -0.5510
vn 0.6013 -0.1610 -0.7826
vn 0.8581 -0.2994 -0.4172
vn 0.7523 -0.4882 -0.4422
vn 0.6420 -0.2252 -0.7329
vn 0.8154 0.4774 -0.3273
vn 0.3128 0.2239 -0.9231
vn -0.7128 0.1694 -0.6806
vn 0.1765 0.7224 -0.6686
vn 0.4205 0.6159 -0.6662
vn 0.7288 -0.1850 -0.6592
vn 0.5167 -0.5467 -0.6589
vn 0.7302 0.1414 -0.6684
vn 0.6196 0.4086 -0.6702
vn 0.8203 -0.0405 -0.5704
vn 0.7968 -0.2059 -0.5680
vn 0.5101 0.0941 -0.8549
vn 0.5194 0.2001 -0.8308
vn 0.6018 0.1709 -0.7801
vn 0.7001 -0.4312 -0.5691
vn 0.4469 -0.3535 -0.8217
vn 0.8576 -0.4552 -0.2394
vn 0.8476 0.3182 -0.4246
vn 0.6558 0.1911 -0.7303
vn -0.6528 -0.3239 -0.6848
vn -0.7065 -0.1938 -0.6807
vn 0.5987 0.3334 -0.7283
vn -0.5732 -0.4519 -0.6835
vn 0.7896 0.4386 -0.4291
vn 0.5426 0.4283 -0.7225
vn -0.7753 -0.5365 0.3333
vn -0.6980 -0.6634 0.2697
vn -0.4592 -0.5654 -0.6851
vn 0.0382 0.4425 -0.8959
vn -0.3811 -0.7369 0.5583
vn -0.3383 -0.6403 -0.6895
vn 0.1881 0.1976 -0.9621
vn 0.0812 -0.3388 -0.9373
vn -0.2818 0.6941 -0.6624
vn -0.4093 -0.6270 0.6627
vn -0.5667 -0.6137 0.5496
vn -0.3608 -0.8863 0.2904
vn -0.2121 -0.6964 -0.6856
vn 0.2275 0.6433 -0.7310
vn 0.5406 0.1282 -0.8314
vn -0.2393 0.1534 -0.9587
vn 0.0727 0.6788 -0.7307
vn 0.2383 0.8745 -0.4223
vn -0.0824 -0.7193 -0.6897
vn 0.8668 0.4382 -0.2379
vn -0.1992 -0.9528 0.2287
vn -0.1032 -0.9637 0.2462
vn 0.0347 -0.7272 -0.6855
vn -0.0796 0.6712 -0.7370
vn 0.1653 -0.7150 -0.6793
vn -0.2153 0.6363 -0.7407
vn 0.3297 -0.6367 -0.6971
vn 0.3662 -0.8839 0.2908
vn 0.2594 -0.6972 0.6682
vn 0.6045 -0.6482 0.4630
vn 0.3808 -0.6565 0.6511
vn 0.2040 -0.7053 0.6789
vn 0.6855 -0.6543 0.3191
vn 0.4545 -0.5700 -0.6844
vn 0.1334 -0.8036 0.5801
vn 0.4957 -0.4322 0.7533
vn 0.4138 -0.3604 0.8360
vn 0.3762 -0.6951 0.6126
vn 0.3552 -0.3285 0.8751
vn 0.4209 -0.2637 0.8679
vn 0.4986 -0.2703 0.8236
vn 0.3321 -0.2584 0.9072
vn 0.4683 -0.1624 0.8685
vn 0.3574 -0.1681 0.9187
vn 0.4154 -0.0879 0.9054
vn 0.5829 -0.1953 0.7887
vn 0.5175 -0.0933 0.8505
vn 0.6242 -0.3145 0.7151
vn 0.8611 -0.3186 0.3963
vn 0.6729 -0.1541 0.7235
vn 0.8349 -0.4756 0.2770
vn 0.6692 -0.3151 -0.6729
vn 0.7110 -0.2042 -0.6728
vn 0.9250 -0.1964 0.3251
vn -0.6499 0.2168 -0.7284
vn 0.7258 -0.0826 -0.6829
vn 0.7808 0.0714 0.6206
vn 0.7416 0.0468 -0.6692
vn -0.2915 0.1889 -0.9377
vn -0.3301 -0.1994 -0.9226
vn 0.3271 0.1298 -0.9360
vn -0.0091 0.3358 0.9419
vn -0.3553 -0.2843 0.8904
vn -0.0596 -0.3463 -0.9362
vn 0.3333 -0.1512 0.9306
vn -0.4321 0.3741 -0.8205
vn -0.4719 0.5831 -0.6613
vn -0.5444 -0.5129 -0.6637
vn -0.6853 0.2953 -0.6657
vn -0.7825 0.2671 -0.5624
vn -0.6879 0.4540 -0.5662
vn -0.8463 -0.3155 -0.4292
vn -0.8501 0.4642 -0.2485
vn -0.5173 -0.1342 -0.8452
vn -0.6032 -0.1684 -0.7796
vn -0.5355 -0.2605 -0.8033
vn -0.4438 -0.2402 -0.8633
vn -0.4214 -0.3236 -0.8471
vn -0.4913 -0.3608 -0.7927
vn -0.7620 -0.4797 -0.4350
vn -0.6477 -0.1990 -0.7354
vn -0.5242 -0.1767 -0.8330
vn -0.6909 -0.5328 -0.4886
vn -0.3536 -0.2340 -0.9056
vn -0.4805 -0.1404 -0.8657
vn -0.7971 -0.3241 -0.5094
vn -0.4620 -0.5968 -0.6560
vn -0.1896 -0.7208 -0.6666
vn -0.7490 -0.5984 -0.2846
vn -0.3286 -0.3027 -0.8946
vn -0.0617 0.4382 -0.8968
vn 0.8389 0.0627 0.5406
vn -0.1845 0.7170 -0.6722
vn -0.7443 0.6041 -0.2844
vn -0.3269 0.3025 -0.8953
vn -0.4023 -0.1048 -0.9095
vn 0.1335 -0.3520 -0.9264
vn -0.4600 0.5866 -0.6665
vn -0.7465 0.4381 -0.5008
vn -0.6446 0.5907 -0.4853
vn -0.1235 -0.3748 0.9188
vn 0.3485 0.0954 0.9324
vn 0.3977 -0.6372 0.6602
vn -0.2297 0.2935 0.9279
vn 0.6343 0.0960 0.7671
vn 0.6811 -0.1515 0.7164
vn 0.4910 0.6238 0.6081
vn 0.2681 0.7097 0.6514
vn 0.9174 0.0713 0.3915
vn 0.9771 0.0105 0.2124
vn 0.7088 0.0351 -0.7045
vn 0.6716 0.1290 -0.7295
vn 0.9129 0.2546 0.3189
vn 0.6894 0.1615 0.7060
vn 0.6595 0.1141 0.7430
vn 0.5839 0.1867 0.7900
vn 0.6660 0.2601 0.6991
vn 0.5203 0.2017 0.8298
vn 0.4864 0.1873 0.8534
vn 0.5600 0.1361 0.8172
vn 0.5972 0.1982 0.7772
vn 0.6216 0.1204 0.7740
vn 0.5215 0.1434 0.8411
vn 0.8957 0.1854 0.4041
vn 0.8349 0.2458 0.4924
vn 0.8123 -0.1070 0.5733
vn 0.7229 0.1563 -0.6730
vn 0.9436 0.3165 0.0970
vn 0.6719 0.2131 -0.7093
vn 0.6985 0.2173 -0.6818
vn -0.6539 -0.1665 -0.7380
vn -0.5958 -0.2866 -0.7503
vn -0.5814 -0.3734 -0.7228
vn -0.8761 -0.3496 -0.3319
vn -0.7281 -0.2339 -0.6443
vn 0.7053 -0.4087 0.5792
vn 0.2542 -0.7074 0.6595
vn 0.7862 -0.1451 0.6006
vn 0.6793 -0.3635 0.6374
vn 0.5072 0.0279 0.8614
vn 0.8023 0.0250 0.5963
vn 0.4431 -0.0027 0.8965
vn 0.4563 0.0953 0.8847
vn 0.3498 0.0638 0.9346
vn 0.4376 0.1808 0.8808
vn 0.3934 0.1347 0.9094
vn 0.3991 0.1095 0.9103
vn 0.3389 0.1638 0.9264
vn 0.2641 0.1126 0.9579
vn 0.3079 0.1192 0.9439
vn 0.2181 0.0915 0.9716
vn 0.1756 0.1231 0.9767
vn 0.0904 0.0989 0.9910
vn 0.1813 0.0167 0.9833
vn 0.2709 0.0131 0.9625
vn 0.2215 -0.0814 0.9717
vn 0.3137 -0.0840 0.9458
vn 0.3571 -0.0075 0.9340
vn 0.2664 -0.1740 0.9480
vn 0.1712 -0.1730 0.9699
vn 0.2021 -0.2558 0.9453
vn 0.1514 -0.3436 0.9268
vn 0.1028 -0.1750 0.9792
vn 0.2515 -0.3328 0.9088
vn 0.0314 -0.0826 0.9961
vn 0.1299 -0.0662 0.9893
vn -0.0812 -0.1093 0.9907
vn -0.0862 -0.0239 0.9960
vn 0.0876 0.0192 0.9959
vn -0.0022 0.0248 0.9997
vn -0.1018 0.0582 0.9931
vn -0.1870 0.0219 0.9821
vn -0.1830 -0.0850 0.9794
vn -0.2685 -0.0845 0.9595
vn -0.2698 0.0101 0.9628
vn -0.2258 0.1048 0.9685
vn -0.1410 0.1067 0.9842
vn -0.2318 0.1238 0.9648
vn -0.1429 0.0700 0.9872
vn -0.0439 0.0986 0.9941
vn 0.0022 0.0750 0.9972
vn 0.0505 0.1061 0.9930
vn -0.0924 0.0114 0.9956
vn -0.0218 0.0144 0.9996
vn 0.0574 0.0083 0.9983
vn 0.1361 0.0530 0.9893
vn 0.1164 0.0063 0.9932
vn 0.1980 0.0011 0.9802
vn 0.2499 0.0226 0.9680
vn 0.1880 0.0483 0.9810
vn 0.3388 0.0322 0.9403
vn 0.2611 0.0384 0.9645
vn 0.2112 0.1019 0.9721
vn 0.3194 0.0464 0.9465
vn 0.1696 0.1651 0.9716
vn 0.1273 0.1526 0.9800
vn 0.2819 0.1234 0.9514
vn 0.0698 0.0996 0.9926
vn 0.1295 0.0469 0.9904
vn 0.3480 0.0540 0.9359
vn 0.4179 0.0898 0.9040
vn 0.4189 0.0286 0.9076
vn 0.4163 -0.0155 0.9091
vn 0.4816 0.0273 0.8759
vn 0.4421 0.0216 0.8967
vn 0.5056 0.0194 0.8625
vn 0.4995 0.0847 0.8621
vn 0.5343 0.0332 0.8446
vn 0.5695 0.0152 0.8218
vn 0.5799 0.0650 0.8121
vn 0.4696 0.1073 0.8763
vn 0.6013 0.0198 0.7987
vn 0.5439 0.1176 0.8308
vn 0.3493 0.1500 0.9249
vn 0.4202 0.1566 0.8938
vn 0.2663 0.1861 0.9457
vn 0.3383 0.1810 0.9234
vn 0.2419 0.3763 0.8943
vn 0.2120 0.1794 0.9606
vn 0.1946 0.3556 0.9142
vn 0.6931 0.3078 0.6518
vn 0.6997 0.4814 0.5278
vn 0.1544 0.7385 0.6562
vn 0.0545 0.9581 0.2812
vn 0.6594 0.7213 0.2120
vn 0.1295 0.5688 0.8122
vn 0.0436 0.8515 0.5226
vn -0.0129 0.8625 0.5058
vn 0.0265 0.9943 0.1034
vn 0.0070 0.9876 0.1569
vn -0.0200 0.9796 0.1999
vn -0.0006 0.7075 -0.7067
vn 0.0996 0.7300 -0.6761
vn -0.2999 -0.3057 -0.9036
vn 0.3112 0.9048 0.2907
vn -0.0637 0.7434 -0.6657
vn -0.3302 0.8975 0.2922
vn -0.6936 0.7186 0.0493
vn -0.7289 0.1462 0.6688
vn -0.3879 0.1706 0.9058
vn -0.3064 0.7765 0.5506
vn 0.1259 -0.2266 0.9658
vn 0.1861 0.2416 0.9523
vn -0.2368 0.3300 -0.9138
vn -0.2046 0.7461 0.6335
vn -0.5640 0.5017 0.6558
vn -0.1752 -0.2080 -0.9623
vn -0.6683 0.3335 0.6649
vn -0.5559 0.5194 0.6490
vn -0.2604 0.2321 0.9372
vn -0.3722 0.1729 0.9119
vn -0.4179 0.7393 0.5279
vn -0.4931 0.1505 0.8568
vn -0.4738 0.1043 0.8744
vn -0.3478 0.1412 0.9268
vn -0.2570 0.1872 0.9481
vn -0.1754 0.3643 0.9146
vn -0.2429 0.1632 0.9562
vn -0.1761 0.1719 0.9692
vn -0.2247 0.1143 0.9677
vn -0.3471 0.0951 0.9330
vn -0.3286 0.0411 0.9436
vn -0.4627 0.0462 0.8853
vn -0.4115 0.0268 0.9110
vn -0.4447 0.0138 0.8956
vn -0.3743 0.0239 0.9270
vn -0.2763 0.0687 0.9586
vn -0.3119 0.0137 0.9500
vn -0.2654 0.0430 0.9632
vn -0.2401 0.0038 0.9707
vn -0.1912 0.0562 0.9799
vn -0.1798 0.0096 0.9836
vn -0.0803 0.1028 0.9914
vn -0.1349 0.0470 0.9897
vn 0.0194 0.1434 0.9894
vn -0.0260 0.1423 0.9895
vn -0.1105 0.1411 0.9838
vn 0.0072 0.0766 0.9970
vn 0.0491 0.0489 0.9976
vn -0.0590 0.0435 0.9973
vn -0.0061 0.3403 0.9403
vn 0.0335 0.3006 0.9532
vn 0.0904 0.1495 0.9846
vn 0.0856 0.3452 0.9346
vn 0.0327 0.5723 0.8194
vn 0.1141 0.3004 0.9469
vn -0.0252 0.3142 0.9490
vn -0.0567 0.5585 0.8276
vn -0.0975 0.3262 0.9402
vn -0.0956 0.7447 0.6605
vn -0.1196 0.3680 0.9221
vn -0.1400 0.1484 0.9790
vn -0.1211 0.8674 0.4827
vn -0.2439 0.5497 0.7989
vn -0.7383 0.3829 0.5552
vn -0.6918 0.6680 0.2742
vn -0.6077 0.0723 0.7909
vn -0.6395 0.0228 0.7685
vn -0.6173 0.1013 0.7802
vn -0.8044 0.0508 0.5918
vn -0.6923 0.0229 0.7213
vn -0.6053 -0.6215 0.4974
vn -0.7691 -0.3782 0.5151
vn -0.4396 -0.6328 0.6374
vn -0.0343 -0.3482 0.9368
vn -0.7649 -0.2847 0.5777
vn 0.2254 -0.2301 -0.9467
vn 0.1900 0.7140 -0.6738
vn -0.6938 0.0858 -0.7150
vn 0.3216 0.3018 -0.8975
vn 0.0012 0.3722 -0.9281
vn -0.7054 0.0173 -0.7086
vn 0.6310 0.6063 -0.4838
vn 0.7309 0.6216 -0.2817
vn 0.6218 -0.0605 -0.7808
vn 0.7528 0.4271 -0.5008
vn 0.8230 0.2236 -0.5221
vn 0.4873 0.5732 -0.6587
vn 0.4608 -0.5901 -0.6629
vn 0.1894 -0.7181 -0.6697
vn 0.6963 0.2672 -0.6661
vn 0.6541 -0.3525 -0.6692
vn 0.8217 -0.2611 -0.5066
vn 0.7606 -0.4044 -0.5078
vn 0.8501 -0.1137 -0.5142
vn 0.4629 -0.1384 -0.8755
vn 0.5108 -0.1674 -0.8433
vn 0.4298 -0.1321 -0.8932
vn 0.4608 -0.0225 -0.8872
vn 0.8499 0.0466 -0.5248
vn 0.5216 -0.0311 -0.8526
vn 0.3732 -0.1362 -0.9177
vn 0.7428 -0.0572 -0.6671
vn 0.6001 -0.1711 -0.7813
vn 0.8189 -0.2475 -0.5178
vn 0.6450 -0.5925 -0.4826
vn 0.7438 -0.6046 -0.2850
vn 0.3269 -0.3025 -0.8953
vn 0.6784 -0.2409 -0.6940
vn 0.5936 -0.3041 -0.7451
vn -0.6693 0.1741 -0.7223
vn -0.6806 0.2252 -0.6971
vn -0.8994 0.3204 0.2972
vn -0.9399 0.3067 0.1499
vn -0.9158 0.1933 0.3521
vn -0.7810 0.2572 0.5690
vn -0.6664 0.1339 0.7334
vn -0.7831 -0.5692 0.2504
vn -0.7821 0.0210 0.6227
vn -0.7025 0.2104 0.6799
vn -0.7870 0.4611 0.4097
vn -0.3898 0.3916 0.8334
vn -0.2933 0.7507 -0.5919
vn 0.3100 -0.0517 -0.9493
vn 0.3005 -0.3241 -0.8970
vn 0.4752 -0.5945 -0.6486
vn 0.6998 -0.2073 -0.6836
vn 0.5902 -0.6720 -0.4472
vn 0.7144 -0.3018 -0.6312
vn 0.6154 -0.4447 -0.6508
vn 0.2837 -0.1879 -0.9403
vn 0.1462 -0.7677 -0.6238
vn 0.1097 -0.7678 -0.6311
vn 0.0733 -0.7678 -0.6364
vn 0.1643 -0.1702 -0.9716
vn -0.7137 -0.1663 -0.6804
vn -0.5844 -0.6781 -0.4457
vn -0.6742 -0.3432 -0.6539
vn -0.5706 -0.5184 -0.6370
vn -0.5499 -0.5170 -0.6560
vn 0.2672 -0.1596 -0.9503
vn 0.3393 0.2278 0.9127
vn -0.1885 -0.2575 0.9477
vn 0.4075 0.3020 0.8618
vn 0.2001 0.7752 0.5991
vn 0.7168 0.6453 0.2642
vn 0.7984 0.3128 0.5145
vn 0.8396 0.0807 0.5372
vn 0.8456 0.3003 0.4413
vn 0.8873 0.0362 0.4598
vn 0.6622 0.0788 0.7452
vn 0.9899 0.0058 0.1412
vn 0.9051 0.0009 0.4251
vn 0.8463 0.0197 0.5323
vn 0.6963 0.0388 0.7167
vn 0.6658 0.0223 0.7458
vn 0.6096 -0.6022 0.5155
vn 0.7439 -0.0280 0.6677
vn 0.7777 -0.3232 0.5391
vn 0.8238 -0.1186 0.5544
vn 0.8091 0.1422 0.5702
vn 0.7658 0.0761 0.6385
vn 0.7182 0.4469 0.5333
vn 0.5974 0.0476 0.8005
vn 0.7188 -0.0005 -0.6952
vn -0.7071 0.0000 -0.7071
vn -0.9187 -0.0211 -0.3943
vn -0.7048 -0.0208 -0.7091
vn -0.6511 -0.0241 -0.7586
vn -0.5876 -0.0227 -0.8088
vn -0.8095 0.3052 -0.5015
vn -0.6538 0.3503 -0.6706
vn -0.8445 0.1577 -0.5117
vn -0.7317 0.0931 -0.6753
vn -0.8593 0.0240 -0.5108
vn -0.7252 -0.1439 -0.6733
vn -0.8403 -0.1279 -0.5267
vn -0.6412 -0.3710 -0.6717
vn 0.4325 0.6936 0.5760
vn 0.5916 0.4600 0.6621
vn 0.2821 0.7169 0.6375
vn 0.6843 0.3078 0.6609
vn -0.3549 -0.0889 0.9306
vn 0.7664 0.2635 0.5859
vn 0.7301 0.2360 0.6413
vn 0.2851 0.7117 0.6420
vn 0.5915 0.3796 0.7114
vn -0.4566 -0.0403 -0.8887
vn -0.4212 -0.1431 -0.8956
vn -0.3725 -0.1314 -0.9187
vn -0.2737 -0.2188 -0.9366
vn -0.3212 -0.1271 -0.9384
vn -0.3858 -0.0297 -0.9221
vn -0.2650 -0.1041 -0.9586
vn -0.2231 -0.1071 -0.9689
vn -0.2866 -0.1656 -0.9436
vn -0.1764 -0.1647 -0.9704
vn -0.3614 -0.1161 -0.9251
vn -0.4440 -0.1646 -0.8808
vn -0.4481 -0.0525 -0.8924
vn -0.4399 -0.0044 -0.8980
vn -0.2679 -0.0667 -0.9611
vn -0.3250 -0.0051 -0.9457
vn -0.3715 0.0660 -0.9261
vn -0.2668 0.0951 -0.9590
vn -0.2034 0.0341 -0.9785
vn -0.1680 -0.0899 -0.9817
vn -0.1158 -0.0165 -0.9931
vn -0.1100 0.1096 -0.9879
vn -0.1873 0.1637 -0.9685
vn 0.0052 -0.0174 -0.9998
vn -0.0214 0.0744 -0.9970
vn 0.1113 -0.0243 -0.9935
vn 0.0931 0.0411 -0.9948
vn -0.2814 0.2286 -0.9319
vn -0.4073 0.2471 -0.8792
vn -0.3062 0.1661 -0.9373
vn -0.4011 0.1564 -0.9026
vn -0.4868 0.1661 -0.8575
vn -0.4714 0.0731 -0.8788
vn -0.5595 0.1475 -0.8156
vn -0.5351 0.2430 -0.8091
vn -0.8594 0.2783 -0.4290
vn -0.8052 -0.1864 -0.5629
vn -0.7380 -0.3804 -0.5574
vn -0.7904 -0.4572 -0.4077
vn -0.2856 -0.6828 -0.6724
vn -0.7905 0.4364 -0.4298
vn -0.5991 0.3288 -0.7300
vn -0.7084 0.5621 -0.4268
vn -0.4877 0.3491 -0.8002
vn -0.5426 0.4283 -0.7225
vn 0.5627 -0.4502 -0.6933
vn -0.0109 0.4149 -0.9098
vn 0.7244 -0.6110 0.3191
vn -0.0921 0.9367 -0.3377
vn 0.6268 -0.4503 0.6359
vn -0.4370 0.3233 -0.8393
vn -0.6905 -0.2640 -0.6734
vn -0.8231 -0.0423 -0.5662
vn -0.7441 0.0010 -0.6681
vn -0.8112 0.1036 -0.5755
vn -0.1703 -0.0412 -0.9845
vn -0.1669 -0.0989 -0.9810
vn -0.2449 -0.0368 -0.9688
vn -0.3145 -0.0440 -0.9482
vn -0.1227 -0.0890 -0.9884
vn -0.0950 -0.0408 -0.9946
vn -0.2240 0.8782 -0.4224
vn -0.2002 0.5736 -0.7943
vn -0.8385 0.4294 -0.3355
vn -0.0812 0.5940 -0.8003
vn -0.0287 0.9199 -0.3911
vn -0.7513 0.3333 -0.5696
vn -0.1342 0.5561 -0.8202
vn -0.6332 0.5224 -0.5710
vn -0.0194 0.5006 -0.8654
vn 0.0133 0.5861 -0.8101
vn 0.1116 0.5381 -0.8354
vn 0.0352 0.4257 -0.9041
vn 0.1579 0.3784 -0.9121
vn 0.1113 0.4637 -0.8789
vn 0.2759 0.3974 -0.8751
vn 0.2037 0.4595 -0.8645
vn 0.2013 0.5657 -0.7996
vn 0.6417 0.5173 -0.5662
vn 0.1083 0.6050 -0.7888
vn 0.7764 0.3031 -0.5525
vn 0.7523 -0.0370 -0.6577
vn 0.6918 0.2745 -0.6678
vn 0.5197 0.5408 -0.6614
vn 0.5172 0.6370 -0.5716
vn 0.4236 0.7063 -0.5671
vn 0.1722 0.7330 -0.6581
vn 0.2646 0.7718 -0.5781
vn 0.4336 0.3520 -0.8295
vn 0.0477 0.8205 -0.5696
vn 0.4940 0.3670 -0.7882
vn 0.5016 0.2829 -0.8175
vn 0.7083 0.5631 -0.4256
vn 0.1256 0.9295 -0.3468
vn 0.0976 0.9041 -0.4159
vn 0.3255 0.0106 0.9454
vn -0.1296 0.2341 0.9635
vn -0.1913 -0.2733 0.9427
vn -0.2276 -0.7458 0.6260
vn 0.3957 -0.6382 0.6604
vn -0.6886 -0.3488 0.6358
vn -0.7453 0.2010 0.6357
vn -0.0240 -0.8203 0.5714
vn -0.3212 -0.7378 0.5936
vn -0.4333 -0.3776 0.8183
vn -0.5136 -0.5937 0.6194
vn -0.2740 -0.4071 0.8713
vn -0.2119 -0.5157 0.8301
vn -0.7414 -0.3610 0.5656
vn -0.2800 -0.6392 0.7162
vn -0.5609 -0.3832 0.7338
vn -0.5239 -0.4937 0.6941
vn -0.8182 -0.4220 0.3904
vn -0.8783 -0.3238 0.3517
vn 0.1681 -0.0363 -0.9851
vn -0.0133 -0.0166 0.9998
vn -0.1212 -0.9054 0.4068
vn 0.8941 -0.1547 0.4203
vn 0.1831 0.8900 0.4175
vn -0.8978 0.1514 0.4136
vn 0.0479 -0.4868 0.8722
vn -0.4003 -0.0674 0.9139
vn 0.3880 0.0326 0.9210
vn 0.5297 -0.2084 0.8222
vn 0.3553 0.1285 0.9258
vn 0.3548 0.1199 0.9272
vn 0.4301 0.3157 0.8458
vn 0.0000 0.0000 1.0000
vn -0.6950 0.0584 0.7166
vn -0.6876 0.1163 0.7166
vn -0.6755 0.1734 0.7166
vn -0.6586 0.2293 0.7166
vn -0.6371 0.2836 0.7166
vn 0.3124 -0.2006 0.9285
vn -0.6974 0.0000 0.7166
vn -0.1290 0.4888 0.8628
vn 0.3594 -0.1225 0.9251
vn 0.4142 -0.0416 0.9092
vn 0.8798 -0.1629 0.4465
vn 0.9152 -0.0119 0.4027
vn 0.8813 -0.3100 0.3565
vn 0.8987 -0.3916 0.1975
vn 0.8358 0.4783 -0.2694
vn 0.9000 0.3917 0.1912
vn 0.8584 -0.0349 -0.5118
vn 0.8547 0.2788 0.4378
vn 0.8662 0.2155 0.4507
vn 0.7081 0.7060 -0.0138
vn 0.9144 0.4046 -0.0125
vn 0.9806 0.1141 -0.1591
vn 0.8814 0.4301 -0.1954
vn 0.9769 0.1979 -0.0807
vn 0.8822 0.2070 0.4230
vn 0.9728 0.1932 -0.1279
vn 0.9247 0.1260 -0.3591
vn 0.9790 0.0649 -0.1929
vn 0.9968 0.0591 -0.0543
vn 0.9427 -0.0718 -0.3257
vn 0.9908 -0.1043 -0.0860
vn 0.9850 -0.0015 -0.1726
vn 0.9791 -0.0753 -0.1887
vn 0.9356 -0.0259 -0.3522
vn 0.5614 -0.0540 -0.8257
vn 0.6460 0.0271 -0.7628
vn -0.3827 -0.2248 -0.8961
vn 0.6215 0.1471 -0.7695
vn 0.2123 -0.4063 -0.8887
vn -0.3144 -0.1011 -0.9439
vn -0.2535 -0.8697 -0.4234
vn 0.8096 -0.4186 -0.4115
vn 0.7205 0.3732 0.5843
vn -0.4165 -0.0000 -0.9091
vn -0.9858 -0.1540 0.0670
vn -0.3901 -0.2728 -0.8794
vn 0.3329 0.4280 -0.8402
vn -0.9134 -0.4053 0.0381
vn 0.6586 0.2727 -0.7013
vn -0.5482 0.1351 -0.8253
vn 0.5430 0.2881 -0.7888
vn -0.2002 0.5280 -0.8253
vn -0.8840 -0.2424 -0.3997
vn -0.7071 -0.1180 -0.6971
vn -0.9931 -0.0943 0.0693
vn -0.6934 -0.1780 -0.6982
vn -0.9960 0.0869 -0.0218
vn -0.7176 0.0002 -0.6964
vn -0.7147 -0.0609 -0.6967
vn -0.9297 0.1653 0.3289
vn -0.7079 0.1171 -0.6965
vn -0.7157 0.0619 -0.6956
vn -0.6943 0.1791 -0.6970
vn -0.3391 0.1250 -0.9324
vn -0.8990 0.2755 -0.3406
vn -0.6755 0.1734 -0.7166
vn -0.6586 0.2293 -0.7166
vn -0.6778 0.2379 -0.6956
vn -0.6371 0.2837 -0.7166
vn -0.6111 0.3360 0.7166
vn -0.6111 0.3360 -0.7166
vn -0.6566 0.2894 -0.6965
vn -0.6273 0.3448 -0.6982
vn -0.8968 0.4359 0.0762
vn -0.8682 0.4761 -0.1398
vn -0.7411 0.5549 -0.3780
vn -0.2840 0.1888 -0.9400
vn -0.5967 0.3975 -0.6970
vn -0.5809 0.3859 -0.7166
vn -0.5466 0.4332 -0.7166
vn -0.5619 0.4476 -0.6956
vn -0.5249 0.4893 -0.6965
vn -0.5084 0.4774 -0.7166
vn -0.5084 0.4774 0.7166
vn -0.4668 0.5183 -0.7165
vn -0.4683 0.5176 0.7161
vn -0.4252 0.5532 0.7163
vn -0.0818 -0.4639 0.8821
vn -0.3820 0.0801 0.9207
vn 0.2177 -0.3102 0.9254
vn 0.1235 0.4379 0.8905
vn 0.6044 -0.6924 0.3940
vn 0.2706 -0.2781 0.9216
vn 0.4942 -0.7740 0.3956
vn 0.1727 -0.3470 0.9218
vn 0.5579 -0.7278 0.3987
vn -0.3231 0.6181 0.7166
vn -0.2702 0.6429 0.7166
vn -0.2155 0.6633 0.7166
vn -0.3751 0.5871 0.7173
vn -0.3737 0.5888 -0.7166
vn -0.3231 0.6181 -0.7166
vn -0.4216 0.5557 -0.7165
vn -0.3834 0.6075 -0.6956
vn -0.4328 0.5716 -0.6970
vn -0.4790 0.5319 -0.6982
vn -0.5187 0.7821 -0.3453
vn -0.6141 0.7506 -0.2437
vn -0.2247 0.3392 -0.9134
vn -0.4455 0.8944 0.0394
vn -0.3348 0.6347 -0.6965
vn -0.2770 0.6613 -0.6970
vn -0.2702 0.6429 -0.7166
vn -0.2155 0.6633 -0.7166
vn -0.1592 0.6790 -0.7166
vn -0.2203 0.6838 -0.6956
vn -0.1592 0.6790 0.7166
vn 0.0293 -0.3703 0.9284
vn 0.1120 -0.3723 0.9213
vn -0.1019 0.6899 0.7166
vn 0.3687 -0.8432 0.3912
vn 0.3121 -0.8667 0.3891
vn 0.2234 -0.8871 0.4040
vn 0.1747 -0.8808 0.4400
vn 0.2642 -0.9445 -0.1953
vn 0.1832 -0.9628 -0.1987
vn 0.1157 -0.9739 -0.1953
vn 0.1403 -0.5518 -0.8220
vn 0.0494 -0.5668 -0.8224
vn -0.0384 -0.5676 -0.8224
vn 0.0328 -0.9795 -0.1987
vn -0.4649 0.2340 -0.8538
vn 0.0386 0.5260 -0.8495
vn -0.0355 -0.9801 -0.1953
vn -0.1182 -0.9729 -0.1987
vn -0.1253 -0.5550 -0.8224
vn 0.5046 0.2130 -0.8366
vn -0.1858 -0.9630 -0.1953
vn -0.2665 -0.9431 -0.1987
vn -0.2043 -0.5299 -0.8231
vn 0.1302 0.3880 -0.9124
vn -0.2730 -0.5033 -0.8198
vn -0.4052 -0.8939 -0.1918
vn -0.3318 -0.9229 -0.1953
vn -0.3273 -0.8559 0.4004
vn -0.3703 -0.8282 0.4207
vn -0.4767 -0.8581 -0.1908
vn -0.4447 -0.8056 0.3913
vn -0.5348 -0.8220 -0.1953
vn -0.3275 -0.4648 -0.8226
vn -0.6021 -0.7733 -0.1986
vn 0.5326 0.1938 -0.8238
vn -0.3931 -0.4113 -0.8224
vn 0.4326 -0.3334 -0.8376
vn 0.1395 0.5402 -0.8299
vn 0.9016 -0.0257 -0.4318
vn 0.4352 0.7909 -0.4301
vn -0.3728 0.4224 -0.8262
vn -0.4352 0.7875 -0.4364
vn 0.0134 -0.0070 -0.9999
vn -0.8886 0.1274 -0.4406
vn -0.5089 -0.1173 -0.8528
vn -0.6081 -0.6662 -0.4316
vn -0.0965 -0.5251 -0.8455
vn 0.3301 -0.8408 -0.4289
vn 0.1914 0.2853 -0.9391
vn 0.6907 0.6995 0.1834
vn 0.5476 0.7295 -0.4098
vn 0.4787 0.8750 -0.0713
vn 0.4583 0.5518 -0.6967
vn 0.4088 0.5890 -0.6971
vn 0.5779 0.5871 -0.5669
vn 0.4445 0.5374 -0.7166
vn 0.4880 0.4983 -0.7166
vn 0.5012 0.5131 -0.6967
vn 0.5279 0.4557 0.7166
vn 0.4879 0.4983 0.7166
vn 0.5279 0.4557 -0.7166
vn 0.5642 0.4099 0.7166
vn 0.5642 0.4099 -0.7166
vn 0.5418 0.4686 -0.6977
vn 0.7730 0.5735 -0.2710
vn 0.5795 0.4208 -0.6979
vn 0.7624 0.5335 0.3661
vn 0.5623 0.3177 -0.7635
vn 0.8964 0.4429 -0.0178
vn 0.6127 0.3713 -0.6977
vn 0.6439 0.3167 -0.6965
vn 0.6247 0.3101 -0.7166
vn 0.5965 0.3613 -0.7166
vn 0.6247 0.3101 0.7166
vn 0.5965 0.3613 0.7166
vn -0.3257 -0.2102 0.9218
vn -0.2897 -0.2576 0.9218
vn -0.7982 -0.4579 0.3914
vn -0.3540 -0.1580 0.9218
vn -0.7570 -0.5259 0.3877
vn -0.7185 -0.5748 0.3914
vn 0.6484 0.2567 0.7166
vn 0.6677 0.2016 0.7166
vn 0.6822 0.1450 0.7166
vn 0.6919 0.0874 0.7166
vn 0.6968 0.0292 0.7166
vn 0.6968 -0.0292 0.7166
vn -0.3560 0.1197 0.9268
vn -0.5311 -0.2093 0.8211
vn -0.3741 -0.1020 0.9218
vn -0.4290 0.3172 0.8457
vn 0.1287 0.4860 0.8644
vn -0.8994 -0.1946 0.3915
vn -0.3880 -0.0398 0.9207
vn -0.8589 -0.3301 0.3914
vn -0.8809 -0.2716 0.3874
vn -0.9133 -0.1288 0.3864
vn -0.9574 -0.2037 -0.2044
vn -0.9670 -0.1432 -0.2105
vn -0.5590 -0.0547 -0.8274
vn -0.9782 -0.0610 -0.1983
vn -0.5499 -0.1509 -0.8215
vn 0.3517 0.3388 -0.8726
vn -0.5685 0.0297 -0.8221
vn 0.4267 -0.2596 -0.8663
vn -0.9800 -0.0011 -0.1986
vn -0.9144 -0.0391 0.4029
vn -0.9099 0.0099 0.4147
vn -0.9165 0.0844 0.3909
vn -0.9780 0.0658 -0.1977
vn -0.8942 0.1631 0.4169
vn -0.9607 0.1613 -0.2260
vn -0.8770 0.2100 0.4321
vn -0.9447 0.2055 -0.2556
vn -0.5373 0.1201 -0.8348
vn -0.9132 0.3002 -0.2756
vn -0.6550 0.2709 -0.7054
vn -0.0968 -0.5241 -0.8461
vn -0.9113 0.4047 -0.0763
vn -0.8582 0.4548 -0.2380
vn -0.8525 0.3379 0.3988
vn 0.1941 0.0402 -0.9801
vn -0.4912 -0.0879 -0.8666
vn 0.3615 -0.0780 -0.9291
vn -0.5571 0.2958 -0.7759
vn 0.9013 -0.3233 0.2883
vn 0.9072 -0.1757 -0.3823
vn 0.5296 -0.2970 -0.7945
vn 0.9751 -0.0154 0.2213
vn 0.9966 -0.0785 -0.0238
vn 0.3030 0.3389 -0.8907
vn 0.7009 -0.1506 -0.6971
vn 0.7102 -0.0897 -0.6982
vn 0.6822 -0.1450 -0.7166
vn 0.7155 -0.0298 -0.6979
vn 0.6919 -0.0874 -0.7166
vn 0.6968 -0.0292 -0.7166
vn 0.6919 -0.0874 0.7166
vn 0.6822 -0.1450 0.7166
vn 0.6968 0.0292 -0.7166
vn 0.7158 0.0298 -0.6977
vn 0.9010 0.0727 -0.4277
vn 0.7106 0.0905 -0.6977
vn 0.8144 0.1808 -0.5513
vn 0.7015 0.1500 -0.6967
vn 0.6880 0.2069 -0.6955
vn 0.9296 0.3678 0.0239
vn 0.6822 0.1450 -0.7166
vn 0.6919 0.0874 -0.7166
vn 0.6677 0.2016 -0.7166
vn 0.6484 0.2567 -0.7166
vn 0.6673 0.2661 -0.6956
vn 0.6677 -0.2016 0.7166
vn 0.6484 -0.2568 0.7166
vn 0.6677 -0.2016 -0.7166
vn 0.6484 -0.2567 -0.7166
vn 0.6870 -0.2065 -0.6967
vn 0.6672 -0.2644 -0.6964
vn 0.8389 -0.3695 0.3995
vn 0.6427 -0.3210 -0.6956
vn 0.6247 -0.3101 -0.7166
vn 0.5965 -0.3613 -0.7166
vn 0.6151 -0.3695 -0.6965
vn 0.5642 -0.4099 0.7166
vn 0.5965 -0.3613 0.7166
vn 0.5642 -0.4099 -0.7166
vn -0.3663 0.0812 0.9269
vn 0.6247 -0.3101 0.7166
vn -0.0490 0.4940 0.8680
vn 0.5279 -0.4557 0.7166
vn -0.3823 0.0435 0.9230
vn -0.8863 0.2725 0.3743
vn -0.9018 0.2133 0.3759
vn -0.9260 0.1841 0.3295
vn -0.9268 0.1074 0.3600
vn -0.9436 0.0664 0.3243
vn -0.3806 -0.0062 0.9247
vn 0.4603 0.1490 0.8751
vn 0.6070 0.6692 0.4286
vn 0.8726 -0.2299 0.4310
vn 0.2997 -0.4271 0.8531
vn 0.1095 -0.8977 0.4267
vn -0.2767 -0.4542 0.8468
vn 0.7071 0.0000 0.7071
vn 0.9924 0.0521 0.1112
vn 0.9990 0.0300 0.0325
vn 0.7103 -0.3145 0.6297
vn -0.7041 0.0075 0.7100
vn 0.4901 -0.4972 0.7159
vn -0.4882 0.0915 0.8679
vn -0.7071 0.0000 0.7071
vn -0.9986 -0.0396 0.0350
vn -0.9360 0.0036 0.3519
vn -0.9980 0.0174 -0.0614
vn -0.9998 -0.0158 0.0067
vn -0.9743 0.0208 -0.2241
vn -0.9969 -0.0110 -0.0772
vn -0.9789 0.0682 -0.1923
vn -0.9992 0.0395 -0.0075
vn -0.9932 0.1161 0.0080
vn -0.9872 0.1554 -0.0348
vn -0.8476 0.3464 -0.4019
vn -0.9658 0.2438 -0.0885
vn -0.6771 0.1836 -0.7126
vn -0.9437 0.3241 -0.0659
vn -0.4292 0.2986 -0.8524
vn -0.5239 0.4256 -0.7378
vn -0.9169 0.0454 -0.3966
vn -0.7693 0.0729 -0.6347
vn -0.5646 0.0674 -0.8226
vn -0.3677 0.1841 -0.9115
vn -0.2561 0.0062 -0.9666
vn -0.2446 0.3238 -0.9139
vn -0.0642 0.0158 -0.9978
vn -0.1523 -0.0376 -0.9876
vn -0.3826 -0.0373 -0.9232
vn -0.4606 0.0072 -0.8875
vn -0.5672 -0.0177 -0.8234
vn -0.6606 0.0070 -0.7507
vn -0.8480 -0.0603 -0.5266
vn -0.7041 -0.0660 -0.7070
vn -0.8101 0.0097 -0.5862
vn -0.9152 -0.0511 -0.3998
vn -0.9126 0.0156 -0.4085
vn -0.9598 0.0037 -0.2806
vn -0.9877 -0.0699 -0.1398
vn -0.9922 -0.1236 0.0114
vn -0.9704 -0.2413 -0.0126
vn -0.9578 -0.2528 -0.1369
vn -0.9801 -0.1346 0.1460
vn -0.9944 0.0135 0.1041
vn -0.9431 0.0333 0.3308
vn -0.9252 -0.1384 0.3533
vn -0.9566 -0.2695 0.1107
vn -0.9312 -0.1682 0.3232
vn -0.8376 -0.0419 0.5446
vn -0.9339 -0.3185 0.1621
vn -0.9527 -0.1738 0.2491
vn -0.9224 -0.3765 0.0854
vn -0.8810 -0.0699 0.4678
vn -0.9042 -0.1715 0.3911
vn -0.9505 -0.2836 0.1265
vn -0.9577 -0.2448 0.1510
vn -0.8973 -0.3037 0.3202
vn -0.8411 -0.2856 0.4593
vn -0.8675 -0.3176 0.3827
vn -0.8998 -0.3646 0.2394
vn -0.9341 -0.1798 0.3084
vn -0.9677 -0.1572 0.1972
vn -0.9395 -0.3276 0.1006
vn -0.8828 -0.1107 0.4564
vn -0.8856 0.3842 0.2608
vn -0.8520 0.3847 0.3551
vn -0.9006 0.4075 0.1512
vn -0.3670 0.9241 0.1062
vn -0.4065 0.9129 0.0358
vn 0.4848 0.8723 -0.0634
vn -0.3652 0.9129 0.1823
vn 0.4421 0.8723 -0.2089
vn 0.8882 -0.3628 -0.2819
vn 0.3568 0.8723 -0.3344
vn 0.7597 -0.3611 -0.5408
vn -0.3146 0.9188 0.2382
vn 0.7947 -0.3220 -0.5145
vn 0.8708 0.1547 -0.4667
vn 0.9233 0.0882 -0.3738
vn -0.7793 0.4022 0.4805
vn -0.7045 0.3914 0.5920
vn -0.2639 0.9196 0.2910
vn -0.7913 -0.1537 0.5917
vn -0.7208 -0.1796 0.6695
vn -0.6391 0.3829 0.6669
vn -0.5510 0.3876 0.7390
vn -0.6422 -0.1707 0.7473
vn -0.4320 0.3956 0.8105
vn -0.5545 -0.1413 0.8201
vn -0.2225 0.9130 0.3420
vn -0.1602 0.9170 0.3654
vn 0.2371 0.8723 -0.4276
vn 0.0946 0.8723 -0.4797
vn 0.5580 -0.3591 -0.7481
vn 0.3023 -0.3569 -0.8838
vn 0.3413 -0.3431 -0.8751
vn 0.4345 0.1372 -0.8901
vn 0.5291 0.1073 -0.8417
vn 0.3995 0.6950 -0.5978
vn 0.5959 -0.3327 -0.7308
vn 0.3010 0.6949 -0.6530
vn 0.2042 0.8357 -0.5098
vn 0.3240 0.8714 -0.3683
vn 0.4881 0.6950 -0.5280
vn 0.6861 0.1460 -0.7127
vn 0.7630 0.0978 -0.6390
vn 0.5646 0.6950 -0.4451
vn 0.6273 0.6950 -0.3513
vn 0.4271 0.8714 -0.2412
vn 0.6361 0.7688 -0.0663
vn 0.8796 -0.3749 -0.2928
vn 0.6745 0.6951 -0.2488
vn 0.7342 -0.3751 -0.5659
vn 0.8337 0.0197 -0.5518
vn 0.8739 0.2043 -0.4410
vn 0.8998 -0.2470 -0.3595
vn 0.9179 -0.3109 -0.2464
vn 0.7051 0.6951 -0.1402
vn 0.9707 0.1634 -0.1763
vn 0.7183 0.6951 -0.0282
vn 0.9943 0.0785 -0.0719
vn 0.9312 -0.3643 0.0037
vn 0.9530 -0.2992 0.0476
vn 0.4809 0.8723 0.0882
vn 0.9764 0.1718 0.1303
vn 0.7139 0.6951 0.0845
vn 0.9690 0.0688 0.2373
vn 0.6919 0.6951 0.1952
vn 0.4317 0.9011 0.0398
vn 0.9654 0.1455 0.2162
vn 0.6148 0.7619 0.2037
vn 0.9915 -0.1271 -0.0289
vn 0.9436 0.3192 0.0881
vn 0.9785 -0.0047 0.2064
vn 0.8804 0.4299 0.2000
vn 0.7258 -0.5498 0.4134
vn 0.5766 -0.1678 0.7996
vn 0.6431 0.7386 0.2022
vn 0.9471 0.0389 0.3186
vn 0.8260 0.4680 0.3140
vn 0.5806 0.3915 0.7138
vn 0.9392 0.2881 0.1868
vn 0.9125 0.0448 0.4066
vn -0.7469 -0.5312 0.3999
vn 0.7508 -0.2011 0.6292
vn -0.8241 -0.5114 0.2434
vn -0.9673 -0.2024 -0.1529
vn -0.7573 -0.4064 0.5112
vn -0.9084 -0.4113 -0.0747
vn 0.7566 0.0977 0.6465
vn -0.6927 -0.2920 0.6594
vn -0.7786 0.0617 0.6245
vn 0.3170 0.7103 0.6285
vn 0.7231 0.6541 0.2218
vn 0.1838 0.9273 0.3259
vn -0.8630 0.3440 0.3699
vn -0.9105 -0.4089 -0.0620
vn -0.9501 -0.2336 -0.2067
vn -0.9273 -0.2900 -0.2363
vn -0.9142 -0.3994 -0.0678
vn -0.9052 0.4248 -0.0049
vn -0.9145 -0.0999 -0.3921
vn -0.8537 -0.5151 -0.0761
vn -0.8087 -0.5606 -0.1778
vn -0.8368 -0.2526 -0.4858
vn -0.6423 -0.6311 -0.4349
vn -0.4349 -0.8831 -0.1759
vn -0.7188 -0.3326 -0.6105
vn -0.5388 -0.5388 -0.6475
vn -0.2973 -0.8979 -0.3245
vn -0.4784 -0.2558 -0.8400
vn -0.4194 -0.5540 -0.7191
vn -0.6096 -0.2315 -0.7581
vn -0.7269 -0.1070 -0.6783
vn -0.6381 -0.0206 -0.7696
vn -0.5463 -0.0407 -0.8365
vn -0.5479 -0.0563 -0.8347
vn -0.4430 -0.2401 -0.8637
vn -0.4356 -0.0336 -0.8995
vn -0.5888 -0.2568 -0.7664
vn -0.5404 -0.3636 -0.7588
vn -0.3756 -0.3558 -0.8558
vn -0.2860 -0.2523 -0.9244
vn -0.3715 -0.0584 -0.9266
vn -0.1305 -0.3626 -0.9227
vn -0.2211 -0.3151 -0.9229
vn -0.1928 -0.1288 -0.9727
vn -0.2985 -0.0256 -0.9540
vn -0.0968 -0.0248 -0.9950
vn -0.1942 -0.1441 -0.9703
vn -0.0759 -0.1440 -0.9866
vn -0.0050 -0.2422 -0.9702
vn 0.0366 -0.0370 -0.9986
vn -0.0367 -0.3273 -0.9442
vn 0.1478 -0.2471 -0.9576
vn 0.1044 -0.3283 -0.9387
vn 0.2074 -0.4027 -0.8915
vn 0.1653 -0.0440 -0.9853
vn 0.3374 -0.2434 -0.9094
vn 0.2621 -0.0342 -0.9644
vn 0.4930 -0.2737 -0.8258
vn 0.4324 -0.0564 -0.8999
vn 0.4109 -0.3358 -0.8476
vn 0.2808 -0.3201 -0.9048
vn 0.3910 -0.0375 -0.9196
vn 0.4837 -0.0282 -0.8747
vn 0.2467 -0.2542 -0.9351
vn 0.4892 -0.2565 -0.8336
vn 0.3710 -0.2347 -0.8985
vn 0.1177 -0.2594 -0.9585
vn 0.2654 -0.5839 -0.7672
vn 0.1057 -0.5396 -0.8352
vn 0.1992 -0.8962 -0.3964
vn 0.1131 -0.8724 -0.4755
vn 0.4011 -0.5010 -0.7669
vn 0.2363 -0.8599 0.4525
vn 0.5014 -0.5471 -0.6702
vn 0.2719 -0.8959 -0.3514
vn -0.3677 -0.8534 0.3693
vn 0.0544 -0.9715 -0.2305
vn 0.5258 -0.8472 -0.0760
vn 0.0639 0.8330 0.5496
vn 0.4982 0.8513 0.1645
vn -0.0688 0.9849 0.1588
vn -0.4157 0.8114 0.4109
vn -0.4119 0.8928 0.1822
vn -0.1574 0.9760 0.1505
vn -0.3043 0.8257 0.4750
vn 0.0148 0.9147 0.4039
vn -0.0861 0.8534 0.5141
vn -0.2403 0.7672 0.5946
vn -0.3898 -0.8835 0.2595
vn -0.4758 -0.8258 -0.3028
vn -0.1432 0.9323 -0.3322
vn -0.1267 0.7681 0.6277
vn 0.1616 0.8996 0.4056
vn 0.1831 -0.8850 0.4280
vn 0.4704 -0.8767 -0.1007
vn -0.0792 -0.8905 -0.4481
vn 0.0136 -0.8792 -0.4762
vn 0.4513 0.8872 -0.0952
vn 0.0468 -0.8625 -0.5039
vn 0.0298 0.7191 0.6942
vn 0.1095 0.9470 0.3018
vn 0.2165 0.7607 0.6119
vn 0.0631 0.2810 0.9576
vn -0.0659 0.2280 0.9714
vn 0.1240 0.7509 0.6486
vn -0.3239 0.2856 0.9019
vn -0.1279 0.7452 0.6544
vn 0.0469 0.8806 0.4715
vn -0.0788 0.9290 0.3615
vn -0.2431 0.8774 0.4136
vn -0.3516 0.7106 0.6094
vn 0.0151 0.0825 0.9965
vn -0.0498 -0.0614 0.9969
vn 0.1389 0.2469 0.9590
vn 0.2493 -0.1833 0.9509
vn 0.3032 -0.3428 0.8891
vn 0.2358 0.8723 0.4282
vn 0.4716 0.0901 0.8772
vn 0.3434 0.0904 0.9348
vn 0.4058 0.0465 0.9128
vn 0.5221 0.1994 0.8292
vn 0.6009 -0.2575 0.7567
vn 0.5981 0.0970 0.7955
vn 0.6980 0.1080 0.7078
vn 0.6554 0.2671 0.7065
vn 0.7818 0.1682 0.6004
vn 0.7824 0.4400 0.4406
vn 0.6766 0.4847 0.5543
vn 0.5011 0.3007 0.8114
vn 0.4451 0.6559 0.6096
vn 0.2317 0.3794 0.8957
vn 0.1023 0.7735 0.6255
vn 0.2370 0.1005 0.9663
vn 0.0918 0.1350 0.9866
vn 0.0002 0.1234 0.9923
vn -0.1246 0.2580 0.9581
vn -0.0435 0.5484 0.8351
vn -0.3341 0.1159 0.9354
vn -0.2024 0.0993 0.9742
vn -0.4139 0.4943 0.7644
vn -0.4208 0.0710 0.9044
vn -0.5404 0.2695 0.7971
vn -0.3165 0.1006 0.9432
vn -0.1449 0.3428 0.9281
vn -0.5242 0.0829 0.8475
vn -0.6790 0.2356 0.6953
vn -0.6798 0.4680 0.5646
vn -0.2924 0.8102 0.5079
vn -0.7620 0.5895 0.2679
vn -0.7935 0.4191 0.4411
vn -0.6385 0.6574 0.4000
vn 0.0198 0.9641 0.2648
vn -0.3938 0.8707 0.2945
vn -0.0629 0.9850 0.1605
vn -0.1587 0.9693 0.1878
vn -0.4010 0.9098 0.1072
vn -0.6063 0.7816 0.1463
vn -0.6950 0.7110 0.1065
vn -0.7508 0.6573 0.0651
vn -0.7270 0.6853 0.0414
vn -0.6658 0.7447 0.0460
vn -0.3970 0.8527 0.3396
vn -0.4790 0.8752 0.0673
vn -0.2303 0.9715 -0.0562
vn -0.0975 0.9932 -0.0629
vn -0.0077 0.9529 0.3032
vn 0.1120 0.9936 0.0166
vn 0.2337 0.9723 -0.0090
vn 0.1264 0.9878 0.0903
vn 0.5571 0.8304 0.0028
vn 0.5955 0.7963 0.1061
vn 0.4318 0.8341 0.3432
vn 0.6905 0.6924 0.2091
vn 0.6225 0.6281 0.4668
vn 0.7342 0.6768 0.0532
vn 0.0942 0.5533 0.8276
vn 0.5239 0.5402 0.6586
vn -0.0153 0.6160 0.7876
vn -0.0272 0.5133 0.8578
vn -0.0797 0.4784 0.8745
vn -0.0501 0.8145 0.5779
vn 0.3331 0.4339 0.8371
vn 0.1285 0.2145 0.9682
vn 0.0093 0.3086 0.9511
vn -0.0006 0.4396 0.8982
vn -0.0968 0.5123 0.8533
vn -0.0323 0.3638 0.9309
vn -0.0069 0.1841 0.9829
vn 0.0115 0.1454 0.9893
vn 0.0060 0.3723 0.9281
vn 0.0104 0.5069 0.8619
vn 0.0578 0.3264 0.9434
vn 0.0603 0.4691 0.8810
vn -0.0108 0.0703 0.9974
vn -0.0047 0.3718 0.9283
vn 0.0939 0.4635 0.8811
vn -0.9550 -0.1278 0.2676
vn 0.0080 0.3557 0.9346
vn 0.0395 0.4940 0.8685
vn -0.2224 0.4563 0.8616
vn -0.1738 0.6494 0.7403
vn -0.6209 0.5249 0.5821
vn -0.6026 0.3758 0.7040
vn -0.2709 0.2581 0.9273
vn -0.3946 0.0851 0.9149
vn -0.6927 0.1924 0.6950
vn -0.0880 0.1440 0.9856
vn -0.9015 0.1852 0.3910
vn -0.7912 0.0469 0.6098
vn -0.9014 0.1038 0.4203
vn -0.7478 0.2648 0.6088
vn -0.9600 0.0178 0.2795
vn -0.9933 0.0093 0.1148
vn -0.9986 -0.0523 -0.0103
vn -0.9597 0.2078 0.1894
vn -0.9844 0.1075 -0.1394
vn -0.9996 0.0086 -0.0255
vn -0.9959 0.0342 0.0837
vn -0.9988 -0.0476 -0.0051
vn -0.9886 -0.1505 -0.0104
vn -0.9550 -0.2918 -0.0523
vn -0.9810 -0.1683 -0.0963
vn -0.8182 -0.5173 -0.2508
vn -0.9069 -0.2061 -0.3674
vn -0.9914 -0.0317 -0.1266
vn -0.9814 0.1642 0.0994
vn -0.9774 -0.2007 -0.0668
vn -0.9809 0.0654 0.1832
vn -0.9293 0.3246 0.1761
vn -0.8054 0.5730 0.1516
vn -0.4103 0.8455 0.3416
vn -0.7048 0.6912 0.1595
vn -0.7273 0.5575 0.4003
vn -0.8005 0.5971 0.0513
vn -0.6474 0.6765 0.3509
vn -0.5853 0.5981 0.5475
vn -0.5574 0.4872 0.6722
vn -0.6547 0.3897 0.6476
vn -0.4874 0.2669 0.8314
vn -0.1764 0.1447 0.9736
vn -0.3286 0.4130 0.8493
vn -0.4977 0.5214 0.6930
vn -0.1440 0.5286 0.8366
vn -0.8252 0.5298 0.1958
vn -0.9068 0.2714 0.3226
vn -0.8080 0.1969 0.5552
vn -0.8529 0.0871 0.5147
vn -0.9326 0.0659 0.3548
vn -0.8411 -0.0186 0.5406
vn -0.8260 0.1146 0.5519
vn -0.7137 0.0198 0.7002
vn -0.4828 0.7696 0.4177
vn -0.6463 0.0620 0.7606
vn -0.5958 -0.0535 0.8014
vn -0.4837 0.7965 0.3627
vn -0.5899 0.7548 0.2868
vn -0.5979 0.4686 0.6503
vn -0.6572 0.7372 0.1568
vn -0.6576 0.6790 0.3264
vn -0.7541 0.1948 0.6272
vn -0.5222 0.0829 0.8487
vn -0.4012 0.7627 0.5072
vn -0.2699 0.7772 0.5684
vn 0.3392 0.8502 -0.4025
vn -0.2271 0.8350 -0.5012
vn 0.1291 -0.8492 -0.5120
vn 0.3168 -0.9059 -0.2811
vn -0.4343 -0.8682 -0.2401
vn 0.3383 -0.7432 -0.5773
vn 0.6672 -0.0645 -0.7420
vn 0.6680 -0.0214 -0.7438
vn 0.5188 -0.0277 -0.8544
vn 0.3745 -0.0233 -0.9269
vn 0.3489 -0.0211 -0.9369
vn 0.2254 0.4555 -0.8612
vn 0.0686 0.0032 -0.9976
vn 0.2149 -0.0109 -0.9766
vn 0.1019 -0.1214 -0.9873
vn -0.0309 -0.0056 -0.9995
vn -0.0985 -0.2806 -0.9547
vn -0.0446 -0.8919 -0.4499
vn 0.2506 -0.1559 -0.9554
vn -0.0230 -0.1858 -0.9823
vn 0.0498 -0.4106 -0.9104
vn -0.1460 -0.0839 -0.9857
vn -0.2364 -0.2040 -0.9500
vn -0.2059 -0.4418 -0.8731
vn 0.2504 -0.4319 -0.8665
vn 0.1558 -0.6591 -0.7357
vn -0.0269 -0.6440 -0.7645
vn 0.1215 -0.8496 -0.5132
vn 0.3414 -0.6376 -0.6906
vn 0.3414 -0.8188 -0.4614
vn 0.5137 -0.8288 -0.2220
vn 0.5967 -0.6891 -0.4112
vn 0.4811 -0.5533 -0.6800
vn 0.2547 -0.9533 -0.1624
vn 0.7072 -0.6710 -0.2225
vn 0.7143 -0.6962 -0.0707
vn 0.6033 -0.7945 -0.0694
vn 0.4135 -0.9098 -0.0354
vn 0.5117 -0.8419 -0.1712
vn 0.2618 -0.9501 -0.1694
vn 0.3511 -0.7490 -0.5618
vn 0.0973 -0.8845 -0.4562
vn 0.1140 -0.9849 -0.1302
vn 0.0642 -0.9971 -0.0405
vn -0.1111 -0.9132 -0.3921
vn -0.0996 -0.9933 -0.0590
vn -0.3687 -0.8251 -0.4281
vn -0.2999 -0.9492 -0.0954
vn -0.0893 -0.6650 -0.7414
vn 0.1213 -0.6018 -0.7894
vn -0.3271 -0.6227 -0.7107
vn 0.0171 -0.3352 -0.9420
vn -0.1233 -0.4311 -0.8938
vn -0.2829 -0.3811 -0.8802
vn -0.4724 -0.5095 -0.7191
vn -0.5806 -0.6654 -0.4691
vn -0.3820 -0.3183 -0.8676
vn -0.5601 -0.4773 -0.6771
vn -0.5229 -0.3132 -0.7928
vn -0.7292 -0.4416 -0.5227
vn -0.6926 -0.5821 -0.4259
vn -0.6136 -0.1697 -0.7711
vn -0.8588 -0.2879 -0.4237
vn -0.7829 -0.5657 -0.2589
vn -0.7532 -0.6196 -0.2209
vn -0.3521 -0.1652 -0.9213
vn -0.1829 -0.1685 -0.9686
vn -0.0270 -0.0335 -0.9991
vn -0.0990 -0.1755 -0.9795
vn -0.0143 -0.1004 -0.9948
vn -0.0201 0.0376 -0.9991
vn -0.0038 0.2845 -0.9587
vn -0.0910 0.3573 -0.9295
vn -0.0610 0.1469 -0.9872
vn -0.1853 0.4451 -0.8761
vn -0.1211 0.3570 -0.9262
vn 0.0294 -0.1016 -0.9944
vn -0.2033 0.3472 -0.9155
vn -0.0479 0.3868 -0.9209
vn -0.2987 0.3815 -0.8748
vn 0.0845 -0.3392 -0.9369
vn 0.1093 -0.5184 -0.8481
vn 0.5165 -0.1113 -0.8490
vn 0.6946 -0.7006 0.1634
vn 0.7508 -0.5825 -0.3113
vn 0.5454 -0.6881 -0.4785
vn 0.2144 -0.3599 -0.9080
vn 0.3317 0.4285 -0.8404
vn -0.4497 0.5604 0.6955
vn -0.5080 0.5168 0.6891
vn 0.4453 0.1361 0.8849
vn -0.4492 0.5241 0.7235
vn -0.5643 0.4448 0.6955
vn -0.5535 0.4213 0.7184
vn -0.2649 -0.3418 -0.9016
vn 0.8701 0.2361 -0.4327
vn 0.1673 0.8870 -0.4303
vn -0.1991 0.5273 -0.8260
vn -0.5483 0.1351 -0.8253
vn -0.6821 0.5876 -0.4353
vn -0.8581 -0.2674 -0.4384
vn 0.0096 0.0053 -0.9999
vn -0.2273 -0.8712 -0.4350
vn 0.6215 -0.6542 -0.4309
vn -0.4227 -0.3744 -0.8253
vn 0.3437 -0.2747 -0.8979
vn -0.8602 0.2987 -0.4133
vn -0.6112 0.5383 0.5802
vn -0.2636 -0.8733 -0.4098
vn 0.8523 -0.3194 -0.4142
vn -0.0152 0.0221 -0.9996
vn 0.3496 0.8463 -0.4017
vn -0.5492 0.4969 0.6719
vn -0.4932 0.5391 0.6827
vn -0.6151 0.3966 0.6814
vn -0.4902 -0.1532 0.8580
vn -0.3163 0.4128 0.8541
vn -0.6298 0.2845 0.7228
vn -0.6087 0.3400 0.7168
vn -0.5777 0.3905 0.7168
vn -0.6484 0.3352 0.6835
vn -0.6354 0.2872 0.7168
vn -0.6901 0.2299 0.6862
vn -0.6748 0.1757 0.7168
vn -0.6575 0.2323 0.7168
vn -0.7161 0.1213 0.6873
vn -0.6752 0.1585 0.7204
vn -0.6755 0.2387 0.6977
vn -0.6933 0.1805 0.6977
vn -0.6872 0.1178 0.7168
vn -0.7061 0.1211 0.6977
vn -0.6948 0.0591 0.7168
vn -0.7138 0.0607 0.6977
vn -0.7180 0.0048 0.6960
vn -0.6973 0.0000 0.7168
vn -0.6858 0.0377 0.7268
vn -0.6924 -0.0624 0.7188
vn -0.7188 -0.0947 0.6887
vn -0.6948 -0.0591 0.7168
vn -0.6872 -0.1178 0.7168
vn -0.7138 -0.0607 0.6977
vn -0.7164 0.0000 0.6977
vn -0.7061 -0.1211 0.6977
vn -0.6696 -0.1502 0.7273
vn -0.6822 -0.0319 0.7304
vn -0.6933 -0.1805 0.6977
vn -0.6748 -0.1757 0.7168
vn -0.6575 -0.2323 0.7168
vn -0.6968 -0.1841 0.6932
vn -0.6579 -0.2877 0.6960
vn -0.6763 -0.1638 0.7181
vn -0.6410 -0.2484 0.7262
vn -0.6581 -0.2988 0.6910
vn -0.6069 -0.3389 0.7189
vn -0.0420 -0.4986 0.8658
vn -0.5494 -0.4251 0.7193
vn -0.4753 -0.1092 0.8730
vn -0.6182 -0.3791 0.6885
vn -0.5641 -0.4447 0.6957
vn -0.5777 -0.3905 0.7168
vn -0.6087 -0.3400 0.7168
vn -0.5033 -0.5186 0.6911
vn -0.5034 -0.4825 0.7168
vn -0.5425 -0.4380 0.7168
vn -0.4939 -0.4858 0.7211
vn -0.4050 -0.5562 0.7257
vn -0.4259 -0.5853 0.6898
vn -0.3043 -0.6208 0.7225
vn 0.4634 -0.0052 0.8861
vn 0.0284 -0.4545 0.8903
vn -0.4336 -0.0322 0.9005
vn -0.3000 -0.6584 0.6903
vn -0.1470 -0.6803 0.7180
vn -0.2382 -0.6996 0.6736
vn -0.3453 -0.6445 0.6821
vn -0.2600 -0.6470 0.7168
vn -0.1309 -0.7192 0.6823
vn -0.1469 -0.6816 0.7168
vn -0.2042 -0.6667 0.7168
vn -0.2671 -0.6647 0.6977
vn -0.3139 -0.6226 0.7168
vn -0.3225 -0.6397 0.6977
vn -0.1805 -0.6653 0.7244
vn -0.2630 -0.6308 0.7299
vn -0.2098 -0.6850 0.6977
vn -0.6330 -0.7221 0.2788
vn -0.2977 -0.7460 0.5957
vn -0.1740 -0.8294 0.5309
vn -0.0616 -0.6869 0.7241
vn -0.1509 -0.7003 0.6977
vn 0.0616 -0.6864 0.7246
vn -0.0304 -0.7158 0.6977
vn -0.0504 -0.8603 0.5073
vn -0.0910 -0.7106 0.6977
vn -0.0984 -0.7938 0.6002
vn -0.0702 -0.2497 0.9658
vn 0.0829 -0.8442 0.5296
vn 0.0094 -0.4369 0.8994
vn 0.2295 0.3782 0.8968
vn -0.2295 0.3780 0.8969
vn 0.0740 -0.2781 0.9577
vn 0.4504 -0.6479 0.6142
vn 0.7398 -0.0559 0.6705
vn 0.4077 0.1071 0.9068
vn 0.1598 -0.8424 0.5145
vn 0.2639 -0.7965 0.5440
vn 0.6001 -0.1582 0.7841
vn 0.7135 -0.3966 0.5776
vn 0.5021 -0.8601 0.0902
vn 0.3731 -0.6190 0.6911
vn 0.2993 -0.6218 0.7237
vn 0.1822 -0.6661 0.7232
vn 0.4051 -0.5576 0.7245
vn 0.2098 -0.6850 0.6977
vn 0.2671 -0.6647 0.6977
vn 0.3225 -0.6397 0.6977
vn 0.3139 -0.6226 0.7168
vn 0.3656 -0.5938 0.7168
vn 0.3756 -0.6100 0.6977
vn 0.2600 -0.6470 0.7168
vn 0.2956 -0.6666 0.6843
vn 0.3065 -0.6235 0.7192
vn 0.3958 -0.6221 0.6755
vn 0.2051 -0.6941 0.6900
vn 0.2042 -0.6667 0.7168
vn 0.1469 -0.6816 0.7168
vn 0.0736 -0.7159 0.6943
vn 0.1100 -0.6789 0.7259
vn 0.2029 -0.6587 0.7245
vn 0.3951 0.1297 0.9094
vn 0.3579 -0.6246 0.6941
vn -0.1475 0.4348 0.8884
vn 0.4302 0.1508 -0.8900
vn 0.2900 -0.4228 -0.8585
vn 0.1135 -0.4282 0.8965
vn -0.0374 0.5122 -0.8580
vn 0.3003 -0.6553 -0.6930
vn 0.4007 -0.5997 -0.6927
vn -0.4816 0.0986 -0.8708
vn 0.4866 -0.5314 -0.6934
vn 0.4465 -0.5664 0.6927
vn -0.4389 -0.1198 0.8905
vn -0.7206 0.6466 0.2501
vn 0.5272 -0.4898 0.6944
vn -0.0073 0.5341 0.8454
vn 0.5638 -0.4543 -0.6897
vn 0.5923 -0.4038 0.6972
vn -0.2935 -0.4552 -0.8406
vn 0.4106 -0.5550 -0.7234
vn 0.4848 -0.4932 -0.7222
vn 0.6154 -0.3717 -0.6951
vn -0.2727 0.4573 -0.8464
vn 0.3305 0.3268 -0.8854
vn 0.5556 -0.4100 -0.7233
vn 0.3384 -0.6058 -0.7201
vn 0.4692 -0.5647 -0.6790
vn 0.3073 -0.7804 -0.5445
vn 0.2678 -0.6401 -0.7201
vn 0.4975 -0.5194 -0.6947
vn 0.1260 0.4434 -0.8874
vn 0.5306 -0.4764 -0.7011
vn 0.3378 -0.5823 -0.7394
vn 0.7362 0.3558 -0.5757
vn -0.5857 0.5568 -0.5890
vn -0.4220 0.0980 -0.9012
vn 0.1828 -0.6636 -0.7254
vn -0.3096 -0.7101 -0.6324
vn 0.2020 -0.6894 -0.6956
vn -0.1681 -0.4433 -0.8805
vn 0.2776 -0.6637 -0.6946
vn 0.2653 -0.2237 -0.9378
vn 0.5150 0.1179 -0.8490
vn 0.2042 -0.6667 -0.7168
vn 0.1175 -0.7098 -0.6945
vn 0.1473 -0.6814 -0.7169
vn 0.0765 -0.6873 -0.7223
vn 0.1956 -0.7007 -0.6861
vn -0.4410 0.0799 -0.8939
vn -0.1055 -0.4448 -0.8894
vn -0.0046 -0.6907 -0.7231
vn -0.1180 -0.6783 -0.7252
vn -0.2463 -0.8235 -0.5110
vn 0.2080 -0.7765 -0.5947
vn -0.1555 -0.8216 -0.5483
vn -0.4931 -0.0159 -0.8698
vn -0.1244 -0.7101 -0.6930
vn -0.2258 -0.6517 -0.7241
vn -0.1990 -0.6938 -0.6921
vn 0.5226 -0.1370 -0.8415
vn -0.2698 -0.6659 -0.6955
vn -0.3289 -0.6099 -0.7210
vn -0.3213 -0.6424 -0.6958
vn 0.0314 -0.4654 -0.8845
vn -0.3757 -0.6102 -0.6974
vn -0.4064 -0.5636 -0.7191
vn -0.3738 -0.2442 -0.8947
vn 0.2309 -0.4084 -0.8831
vn -0.4342 -0.5724 -0.6956
vn -0.4620 -0.5207 -0.7179
vn -0.5652 -0.4539 -0.6888
vn -0.4964 -0.5178 -0.6967
vn -0.5116 -0.4703 -0.7191
vn -0.4151 0.3662 -0.8328
vn -0.5647 -0.4034 -0.7200
vn -0.5536 -0.4581 -0.6954
vn -0.5963 -0.4003 -0.6958
vn 0.0852 -0.4924 -0.8662
vn -0.4700 -0.1727 -0.8656
vn -0.3146 -0.7277 -0.6095
vn 0.6860 -0.4781 -0.5485
vn 0.4378 0.1421 -0.8878
vn -0.6148 -0.3221 -0.7199
vn 0.1599 0.8226 -0.5457
vn -0.2212 0.4267 -0.8769
vn 0.5890 0.2385 -0.7721
vn -0.7613 0.2098 -0.6135
vn -0.6219 -0.5340 -0.5727
vn -0.3992 -0.4983 -0.7696
vn -0.6692 -0.0851 -0.7381
vn -0.8131 -0.2411 -0.5298
vn -0.6416 -0.3969 -0.6563
vn -0.3865 -0.6391 -0.6650
vn -0.1892 -0.5112 -0.8383
vn -0.0912 -0.7281 -0.6794
vn -0.1664 0.2228 -0.9605
vn 0.3252 0.0667 -0.9432
vn 0.2213 0.4154 -0.8823
vn -0.0791 -0.6707 -0.7374
vn 0.0845 -0.8220 -0.5631
vn -0.1820 0.2262 -0.9569
vn 0.2969 -0.7237 -0.6230
vn 0.4447 -0.6088 -0.6570
vn 0.5365 -0.5857 -0.6076
vn -0.2946 0.1222 -0.9478
vn 0.2067 0.1827 -0.9611
vn 0.0252 -0.3529 -0.9353
vn -0.5000 0.1660 -0.8499
vn 0.5902 -0.1534 -0.7925
vn 0.0206 -0.2627 -0.9646
vn -0.2159 -0.4657 -0.8582
vn -0.1485 -0.8219 -0.5499
vn 0.1953 -0.5675 -0.7998
vn 0.2299 -0.5527 -0.8010
vn 0.3793 -0.4025 -0.8331
vn 0.4184 -0.7187 -0.5553
vn 0.7089 -0.5112 -0.4859
vn 0.4880 -0.4633 -0.7397
vn 0.3267 -0.5885 -0.7395
vn 0.6337 -0.3867 -0.6699
vn 0.6201 -0.2612 -0.7397
vn 0.4799 -0.5523 -0.6816
vn -0.3970 0.4952 -0.7727
vn 0.2934 -0.6736 -0.6783
vn -0.5431 0.3210 -0.7758
vn -0.1686 0.5883 -0.7908
vn -0.4154 0.6070 -0.6775
vn -0.4540 0.5157 -0.7266
vn -0.5345 0.4316 -0.7266
vn -0.6661 0.3304 -0.6686
vn -0.0468 0.7634 -0.6442
vn -0.1447 0.6716 -0.7266
vn -0.3602 0.5851 -0.7266
vn -0.2561 0.6375 -0.7266
vn -0.6793 0.0428 -0.7326
vn -0.7719 0.0565 -0.6331
vn -0.6478 0.2289 -0.7266
vn -0.5997 0.3351 -0.7266
vn -0.8985 0.2252 0.3768
vn -0.6772 0.1160 -0.7266
vn -0.8617 0.3321 0.3837
vn -0.8010 0.4574 0.3860
vn -0.3210 0.1472 0.9356
vn -0.3558 0.0295 0.9340
vn -0.2660 0.2392 0.9338
vn 0.7881 -0.1972 0.5831
vn 0.6622 -0.5009 0.5574
vn -0.7236 0.5721 0.3860
vn -0.1888 0.3033 0.9340
vn -0.6305 0.6742 0.3844
vn 0.4068 -0.6997 0.5873
vn 0.1765 -0.5104 0.8416
vn 0.0994 -0.7452 0.6593
vn 0.4299 -0.4913 0.7575
vn 0.5610 -0.2738 0.7812
vn 0.5534 -0.4690 0.6883
vn 0.2779 0.4581 0.8443
vn 0.6295 0.1743 0.7572
vn -0.2779 0.4581 0.8443
vn -0.0272 -0.5925 0.8051
vn 0.4812 0.7931 0.3733
vn -0.4812 0.7931 0.3734
vn -0.8151 0.3125 0.4877
vn -0.6296 0.1745 0.7571
vn -0.6946 0.0449 0.7179
vn -0.8673 -0.0540 0.4949
vn -0.3294 0.0517 0.9427
vn -0.5971 -0.5110 0.6183
vn -0.5208 -0.4984 0.6930
vn -0.4491 -0.5251 0.7228
vn -0.4230 -0.5871 0.6901
vn -0.5981 -0.4024 0.6930
vn -0.3277 -0.5784 0.7470
vn -0.5198 -0.4512 0.7253
vn -0.5172 -0.4957 0.6977
vn -0.5808 -0.3760 0.7220
vn -0.5936 -0.4012 0.6977
vn -0.5574 -0.4501 0.6977
vn -0.6254 -0.3494 0.6977
vn -0.6528 -0.2951 0.6977
vn -0.6354 -0.2872 0.7168
vn -0.6755 -0.2387 0.6977
vn -0.6360 -0.2715 0.7223
vn -0.6516 -0.3164 0.6894
vn -0.6912 -0.2112 0.6911
vn -0.6813 -0.0553 0.7299
vn -0.7175 -0.0746 0.6925
vn -0.7180 0.0969 0.6892
vn -0.5894 0.2644 0.7633
vn -0.6720 0.2640 0.6918
vn -0.6646 0.1647 0.7288
vn -0.6822 0.0534 0.7291
vn -0.6283 0.2695 0.7297
vn -0.6083 0.3972 0.6871
vn -0.5723 0.3778 0.7278
vn -0.6254 0.3494 0.6977
vn -0.6528 0.2951 0.6977
vn -0.4961 0.4369 0.7503
vn -0.5249 0.5018 0.6875
vn -0.4383 0.6915 0.5742
vn -0.2178 0.5995 0.7701
vn -0.5604 0.4886 0.6688
vn -0.0696 0.7238 0.6864
vn 0.1042 0.5861 0.8035
vn -0.0756 0.9149 0.3966
vn -0.4338 0.5786 0.6907
vn -0.2069 0.6911 0.6924
vn -0.3357 0.6448 0.6867
vn -0.1794 0.6594 0.7300
vn -0.2933 0.6216 0.7263
vn -0.0559 0.6859 0.7255
vn -0.2098 0.6850 0.6977
vn -0.0910 0.7106 0.6977
vn -0.1509 0.7003 0.6977
vn -0.2042 0.6667 0.7168
vn -0.2600 0.6470 0.7168
vn -0.2671 0.6648 0.6977
vn -0.1906 0.7058 0.6822
vn -0.1469 0.6816 0.7168
vn -0.1161 0.7136 0.6908
vn -0.2829 0.6701 0.6862
vn -0.2010 0.6683 0.7161
vn -0.0864 0.6840 0.7244
vn -0.3210 0.6076 0.7264
vn -0.4215 -0.1367 0.8964
vn -0.0110 0.6975 0.7165
vn 0.0911 0.4934 0.8650
vn 0.4703 0.0428 0.8815
vn -0.2229 0.6859 0.6926
vn -0.3004 0.6525 0.6957
vn -0.3747 0.6146 0.6941
vn 0.1539 -0.4168 0.8959
vn -0.3685 0.6178 -0.6946
vn -0.2997 0.6527 -0.6958
vn -0.2229 0.6859 -0.6926
vn 0.4079 -0.0868 -0.9089
vn -0.1314 0.7092 -0.6926
vn -0.1314 0.7092 0.6926
vn -0.0284 0.7233 -0.6898
vn -0.0284 0.7233 0.6898
vn 0.0851 0.7189 0.6898
vn 0.0851 0.7189 -0.6898
vn -0.1038 -0.4497 -0.8871
vn 0.1119 -0.4664 0.8775
vn -0.4485 -0.2224 0.8656
vn 0.1965 0.6967 0.6898
vn 0.2990 0.6572 0.6919
vn -0.4400 0.3555 0.8246
vn 0.1965 0.6967 -0.6898
vn -0.4470 0.0823 -0.8907
vn 0.2922 0.6590 -0.6930
vn 0.0869 0.6904 -0.7181
vn 0.1580 0.6730 -0.7225
vn 0.0383 0.6972 -0.7158
vn -0.0003 0.7016 -0.7125
vn 0.5267 -0.1155 -0.8422
vn 0.2361 0.6470 -0.7250
vn 0.3735 0.6175 -0.6922
vn 0.0716 0.4405 -0.8949
vn 0.1094 -0.5088 -0.8539
vn 0.1692 -0.4371 0.8833
vn 0.3281 0.6085 -0.7225
vn 0.3272 0.4311 -0.8409
vn 0.4936 0.0825 0.8657
vn 0.2403 0.6461 0.7244
vn 0.3404 0.6007 0.7233
vn 0.1475 0.5490 0.8227
vn -0.3824 0.3708 0.8463
vn -0.2112 0.5215 -0.8267
vn -0.5512 0.0986 -0.8285
vn -0.4326 -0.2333 0.8708
vn 0.4175 0.5518 0.7219
vn -0.6677 -0.6956 0.2650
vn -0.1674 -0.3342 -0.9275
vn -0.5548 -0.8212 -0.1333
vn -0.5791 -0.6673 -0.4683
vn -0.7714 -0.6340 -0.0548
vn 0.5158 -0.1106 -0.8495
vn 0.2806 0.3681 -0.8864
vn 0.3271 0.2939 -0.8981
vn -0.4227 0.3744 -0.8253
vn 0.0798 0.5499 -0.8314
vn 0.5612 0.4501 0.6945
vn 0.4884 0.5287 0.6942
vn -0.0083 -0.4887 0.8724
vn 0.5415 0.4308 0.7219
vn 0.4901 0.4958 0.7169
vn 0.5139 0.2502 -0.8205
vn -0.3688 0.8196 -0.4384
vn 0.5049 0.7458 -0.4345
vn 0.8963 -0.1203 -0.4269
vn 0.0214 -0.0081 -0.9997
vn 0.2415 -0.8701 -0.4297
vn -0.6351 -0.6375 -0.4361
vn -0.8840 0.1620 -0.4384
vn -0.4913 -0.1777 -0.8526
vn -0.0318 -0.5326 -0.8457
vn 0.4686 -0.2788 -0.8382
vn -0.1419 -0.6297 -0.7637
vn -0.3593 -0.9331 -0.0139
vn -0.0569 -0.9898 -0.1307
vn -0.0879 -0.9958 0.0235
vn -0.2118 -0.9769 -0.0274
vn -0.3220 -0.9365 -0.1390
vn -0.2718 -0.6660 -0.6946
vn -0.4422 -0.8167 -0.3708
vn -0.3022 -0.9530 -0.0208
vn -0.3315 -0.6361 -0.6967
vn -0.3832 -0.6052 -0.6977
vn -0.3236 -0.6175 -0.7169
vn -0.3739 -0.5871 -0.7179
vn -0.4200 -0.5558 -0.7174
vn -0.7695 -0.4882 0.4117
vn -0.8351 -0.4383 0.3322
vn -0.4669 -0.5183 -0.7165
vn -0.4349 -0.5706 -0.6966
vn -0.4820 -0.5333 -0.6951
vn -0.5084 -0.4774 -0.7166
vn -0.5230 -0.4940 -0.6945
vn -0.5466 -0.4332 -0.7166
vn -0.5627 -0.4449 -0.6967
vn -0.5962 -0.3980 -0.6971
vn -0.5809 -0.3859 -0.7166
vn -0.5809 -0.3859 0.7166
vn -0.6111 -0.3360 0.7166
vn -0.6111 -0.3360 -0.7166
vn -0.6371 -0.2837 0.7166
vn -0.6586 -0.2293 0.7166
vn -0.6371 -0.2837 -0.7166
vn -0.6586 -0.2293 -0.7166
vn -0.6273 -0.3449 -0.6982
vn -0.6543 -0.2911 -0.6979
vn -0.8308 -0.5171 -0.2058
vn -0.8605 -0.4239 0.2825
vn -0.6765 -0.2358 -0.6977
vn -0.6755 -0.1734 -0.7166
vn -0.6876 -0.1163 0.7166
vn -0.6755 -0.1734 0.7166
vn -0.6876 -0.1163 -0.7166
vn -0.6950 -0.0584 -0.7166
vn -0.6950 -0.0584 0.7166
vn -0.6974 0.0000 -0.7166
vn -0.6950 0.0584 -0.7166
vn -0.6876 0.1163 -0.7166
vn -0.5466 -0.4332 0.7166
vn -0.3278 0.4205 0.8460
vn 0.1952 0.5256 0.8280
vn -0.5084 -0.4774 0.7166
vn 0.4997 0.0443 0.8650
vn -0.5438 0.7313 0.4116
vn 0.6773 0.6000 0.4258
vn 0.1208 -0.4354 0.8921
vn 0.6037 -0.6855 0.4068
vn -0.0188 -0.0516 0.9985
vn -0.7420 -0.5308 0.4095
vn -0.4277 -0.1575 0.8900
vn 0.3685 0.0515 0.9282
vn 0.4214 0.0098 0.9068
vn 0.7056 0.0037 0.7086
vn 0.9156 0.1460 0.3747
vn 0.9430 0.0370 0.3308
vn 0.9718 0.0000 0.2359
vn 0.9761 0.1268 0.1765
vn 0.9993 0.0117 -0.0356
vn 0.9964 0.0634 -0.0567
vn 0.9999 -0.0071 0.0071
vn 0.7070 0.0000 0.7071
vn 0.7186 0.0414 0.6942
vn 0.3477 0.6243 0.6995
vn 0.7113 0.1679 0.6825
vn 0.9969 -0.0434 0.0653
vn 0.9774 0.1079 0.1814
vn 0.9695 -0.1918 0.1525
vn 0.9948 -0.1018 0.0030
vn 0.9663 -0.0192 -0.2565
vn -0.0814 -0.7515 0.6547
vn 0.9792 -0.1845 -0.0846
vn 0.9769 0.1931 -0.0911
vn 0.9886 0.0161 -0.1498
vn 0.8865 -0.0440 -0.4606
vn 0.9217 -0.1911 -0.3375
vn 0.9385 0.0180 -0.3446
vn 0.9897 0.0942 -0.1073
vn 0.8259 0.0186 -0.5635
vn 0.9236 0.0649 -0.3776
vn 0.9847 0.1638 -0.0596
vn 0.9989 0.0443 0.0132
vn 0.9584 0.1549 -0.2398
vn 0.7496 0.2810 -0.5993
vn 0.9245 0.3158 -0.2132
vn 0.9737 0.2241 -0.0419
vn 0.9050 0.2223 0.3628
vn 0.9588 0.2836 -0.0130
vn 0.3667 0.1042 0.9244
vn 0.8836 0.2778 0.3768
vn 0.8676 0.3183 0.3818
vn 0.9355 0.3475 -0.0629
vn 0.8478 0.3495 0.3989
vn 0.9072 0.4055 -0.1121
vn 0.8503 0.3401 0.4016
vn 0.9283 0.3222 -0.1856
vn 0.8741 0.2749 0.4005
vn 0.9592 0.2613 -0.1079
vn 0.8508 0.4228 -0.3120
vn 0.5840 0.4534 -0.6733
vn 0.2223 0.3452 -0.9118
vn 0.3251 0.1352 -0.9359
vn 0.1825 0.5907 -0.7859
vn 0.0548 0.1399 -0.9886
vn 0.0720 0.0169 -0.9973
vn 0.2558 0.0054 -0.9667
vn 0.0370 -0.0458 -0.9983
vn 0.0906 -0.0202 -0.9957
vn 0.2776 -0.0406 -0.9598
vn 0.2115 -0.0975 -0.9725
vn 0.6129 -0.1808 -0.7692
vn 0.5072 -0.0412 -0.8608
vn 0.4111 0.0063 -0.9116
vn 0.5478 0.0529 -0.8349
vn 0.5579 0.0111 -0.8298
vn 0.7371 0.1521 -0.6584
vn 0.7026 0.0054 -0.7115
vn 0.6317 -0.0234 -0.7748
vn 0.7924 -0.0128 -0.6099
vn 0.8074 -0.1482 -0.5710
vn 0.8583 -0.3907 -0.3325
vn 0.7684 -0.6000 -0.2225
vn 0.6966 -0.4105 -0.5885
vn 0.8274 -0.5526 -0.0998
vn 0.9219 -0.3789 -0.0798
vn 0.7401 -0.6698 -0.0607
vn 0.7241 -0.6389 -0.2596
vn 0.8104 -0.5111 -0.2863
vn 0.7842 -0.6027 -0.1473
vn 0.7295 -0.6813 -0.0608
vn 0.6754 -0.7336 -0.0756
vn 0.6745 -0.6641 -0.3225
vn 0.5414 -0.6169 -0.5712
vn 0.6307 -0.5572 -0.5401
vn 0.3691 -0.3615 -0.8562
vn 0.4828 -0.3958 -0.7812
vn 0.3461 -0.2434 -0.9060
vn 0.1650 -0.1727 -0.9710
vn 0.1221 -0.2380 -0.9635
vn 0.2542 -0.4340 -0.8643
vn 0.0300 -0.0096 -0.9995
vn 0.0742 0.4060 -0.9108
vn 0.1137 0.3601 -0.9259
vn 0.0467 0.3868 -0.9210
vn -0.4893 -0.0592 -0.8701
vn -0.0763 -0.4942 -0.8660
vn -0.8439 -0.3473 -0.4088
vn 0.0796 -0.9004 -0.4277
vn 0.4621 -0.2861 -0.8394
vn -0.5119 0.7519 -0.4152
vn -0.0402 0.0173 -0.9990
vn 0.6287 0.6522 -0.4235
vn 0.8476 -0.3109 -0.4299
vn 0.4621 0.2711 -0.8444
vn -0.1224 0.4286 -0.8952
vn 0.8199 -0.3833 -0.4251
vn 0.6913 -0.0762 -0.7185
vn 0.7597 -0.4628 -0.4567
vn 0.8815 -0.4607 -0.1033
vn 0.7935 -0.1607 -0.5868
vn 0.8400 -0.5347 -0.0920
vn 0.9146 -0.4035 -0.0246
vn 0.9544 -0.2981 -0.0117
vn 0.9204 -0.3904 -0.0185
vn 0.9153 -0.4010 -0.0375
vn 0.8815 -0.4450 -0.1575
vn 0.9324 -0.3205 -0.1670
vn 0.7694 -0.6328 -0.0870
vn 0.8585 -0.2660 -0.4384
vn 0.6954 -0.6367 -0.3331
vn 0.4375 -0.8935 -0.1006
vn 0.6657 -0.7336 -0.1364
vn 0.4486 -0.7407 -0.5002
vn -0.0958 -0.8703 -0.4831
vn -0.5267 -0.8488 -0.0461
vn 0.4552 -0.8326 -0.3155
vn 0.6367 -0.5402 -0.5502
vn 0.6563 -0.4294 -0.6203
vn 0.4949 -0.8356 0.2382
vn 0.4319 0.8613 0.2674
vn 0.4029 0.8592 -0.3153
vn -0.5146 0.7738 0.3693
vn -0.0701 0.8342 0.5470
vn 0.1708 -0.8050 0.5681
vn -0.3056 -0.8271 0.4718
vn -0.4917 0.8631 0.1150
vn -0.3163 0.9379 0.1421
vn -0.1592 0.9087 0.3858
vn -0.2057 0.8779 -0.4324
vn -0.4685 0.6824 0.5610
vn -0.4270 0.8218 0.3772
vn -0.7413 0.4840 0.4650
vn -0.8575 0.4165 0.3020
vn -0.8195 0.5692 0.0668
vn -0.7621 0.0598 0.6447
vn -0.9368 0.3292 0.1180
vn -0.6227 0.7754 0.1045
vn -0.5635 0.3758 0.7357
vn -0.9308 0.0747 0.3577
vn -0.7562 -0.2573 0.6016
vn -0.8596 0.0211 0.5105
vn -0.9312 0.0200 0.3639
vn -0.8480 0.4546 0.2724
vn -0.9749 0.0316 0.2204
vn -0.8901 -0.3718 0.2635
vn -0.6290 0.7765 0.0371
vn -0.9043 0.3915 0.1700
vn -0.9824 0.1816 0.0430
vn -0.6516 0.7451 -0.1423
vn 0.3015 0.9045 -0.3015
vn 0.3015 0.9045 0.3015
vn -0.3892 0.9015 0.1894
vn -0.9342 -0.3559 -0.0255
vn -0.3331 0.2346 0.9132
vn 0.2568 -0.7738 0.5790
vn 0.7410 -0.6715 0.0001
vn -0.7544 -0.6535 0.0614
vn 0.2823 -0.7827 -0.5546
vn -0.7188 -0.5775 -0.3869
vn -0.7319 -0.5177 0.4431
vn 0.6079 -0.7609 0.2267
vn 0.7204 -0.5353 0.4410
vn -0.5508 0.0202 0.8343
vn 0.8944 -0.3674 -0.2550
vn 0.9435 -0.2826 -0.1730
vn 0.7404 -0.2217 0.6345
vn 0.8960 -0.3699 -0.2458
vn 0.7924 -0.2931 -0.5348
vn 0.8488 -0.2187 -0.4813
vn 0.9237 -0.2564 -0.2847
vn 0.8911 -0.3488 -0.2902
vn 0.9614 -0.1956 -0.1933
vn 0.9451 -0.1402 -0.2952
vn 0.9808 -0.0194 -0.1941
vn 0.9945 -0.0154 -0.1038
vn 0.9028 0.4152 -0.1120
vn 0.8047 -0.3337 0.4910
vn 0.8936 -0.4259 -0.1415
vn 0.9142 0.4044 0.0239
vn 0.7645 -0.2366 -0.5996
vn -0.4583 0.0936 -0.8838
vn 0.9872 -0.0440 0.1529
vn -0.8606 -0.4622 -0.2138
vn -0.8614 -0.3213 0.3933
vn 0.5282 -0.5546 -0.6429
vn -0.7129 0.6951 -0.0929
vn -0.9537 -0.2994 -0.0291
vn -0.9606 -0.2630 -0.0894
vn -0.9492 0.2520 -0.1882
vn -0.6923 0.6947 -0.1953
vn -0.6535 0.6938 -0.3026
vn -0.8703 -0.3623 -0.3338
vn -0.9542 -0.0347 -0.2972
vn -0.9048 -0.0165 -0.4256
vn -0.4118 0.8817 -0.2299
vn -0.4750 0.8733 -0.1082
vn -0.5993 0.6936 -0.3995
vn -0.8295 0.1065 -0.5482
vn -0.7945 0.0445 -0.6055
vn -0.3746 0.8714 -0.3167
vn -0.5286 0.6940 -0.4887
vn -0.5852 0.7627 -0.2754
vn -0.4454 0.6947 -0.5648
vn -0.2501 0.8714 -0.4220
vn -0.8295 -0.0408 -0.5570
vn -0.5810 -0.3750 -0.7223
vn -0.8079 0.0186 -0.5889
vn -0.7180 0.2031 -0.6657
vn -0.6501 -0.2478 -0.7183
vn -0.5694 0.0195 -0.8218
vn -0.6082 0.3350 -0.7196
vn -0.5058 0.4017 -0.7634
vn -0.2211 0.8938 -0.3901
vn -0.4050 0.3992 -0.8226
vn -0.3683 0.7971 -0.4785
vn -0.4592 0.2037 -0.8646
vn -0.3780 -0.2475 -0.8921
vn -0.3117 -0.3763 -0.8725
vn -0.3164 0.4906 -0.8119
vn -0.0931 0.9231 -0.3731
vn -0.2590 0.4425 -0.8585
vn -0.1566 0.4434 -0.8825
vn -0.2668 0.0187 -0.9635
vn -0.0979 0.8714 -0.4807
vn -0.1490 0.2041 -0.9675
vn -0.0637 -0.2467 -0.9669
vn -0.0352 0.0907 -0.9952
vn -0.0600 0.2954 -0.9535
vn 0.0203 0.9243 -0.3810
vn 0.0395 0.4046 -0.9136
vn 0.0904 0.3423 -0.9352
vn 0.0845 0.6949 -0.7141
vn -0.0283 0.6948 -0.7186
vn 0.1927 -0.2412 -0.9511
vn 0.1342 0.2775 -0.9513
vn 0.2140 0.4431 -0.8705
vn 0.2110 -0.4375 -0.8741
vn 0.2455 0.4917 -0.8354
vn 0.3110 -0.0190 -0.9502
vn 0.3413 0.4041 -0.8486
vn 0.4211 0.0793 -0.9035
vn 0.1420 0.9264 -0.3487
vn 0.4076 0.4703 -0.7827
vn 0.4525 0.4936 -0.7427
vn 0.4631 -0.3581 -0.8107
vn 0.2934 0.8789 -0.3760
vn 0.4960 -0.4106 -0.7651
vn 0.5459 0.3779 -0.7478
vn 0.6059 0.0182 -0.7953
vn 0.6040 0.4419 -0.6632
vn 0.6807 0.2028 -0.7039
vn 0.6330 0.4671 -0.6174
vn 0.4594 0.8305 -0.3150
vn 0.7242 0.3324 -0.6041
vn 0.7317 -0.2476 -0.6350
vn 0.7768 0.4248 -0.4648
vn 0.8113 0.5183 -0.2705
vn 0.9347 0.1221 -0.3337
vn 0.1849 0.9651 -0.1852
vn 0.3268 0.9310 -0.1623
vn 0.3020 0.7622 -0.5725
vn 0.8919 0.4380 -0.1125
vn 0.9398 0.3411 -0.0212
vn 0.7580 0.0642 -0.6490
vn 0.6272 0.7693 -0.1211
vn 0.5634 0.3760 -0.7356
vn 0.7519 -0.2642 -0.6040
vn 0.8922 0.4151 -0.1779
vn 0.9703 0.0310 -0.2399
vn 0.8435 0.4590 -0.2789
vn 0.5745 -0.1154 -0.8103
vn 0.9830 0.1693 -0.0706
vn 0.7367 -0.5855 -0.3383
vn -0.6874 -0.7262 0.0083
vn 0.7655 -0.6412 0.0535
vn -0.7471 -0.6174 -0.2462
vn -0.7831 -0.4877 -0.3859
vn -0.7354 -0.4230 -0.5293
vn -0.7218 -0.1949 -0.6641
vn -0.8883 -0.4576 0.0385
vn -0.8492 0.2622 -0.4583
vn 0.7351 0.6562 -0.1702
vn 0.1887 0.9417 -0.2785
vn 0.7985 0.5530 -0.2379
vn 0.6067 0.7683 -0.2039
vn 0.9255 0.0741 -0.3713
vn 0.8672 0.0711 -0.4929
vn 0.5030 0.7577 -0.4157
vn 0.3545 0.7864 -0.5058
vn 0.5028 0.8486 0.1647
vn 0.6056 0.0822 -0.7915
vn 0.7920 0.1164 -0.5994
vn 0.6873 0.0425 -0.7251
vn 0.4640 0.7167 -0.5206
vn 0.0628 0.8328 -0.5500
vn 0.5315 0.7430 -0.4067
vn 0.2074 0.7235 -0.6584
vn 0.4031 0.6013 -0.6898
vn 0.2077 0.9234 -0.3228
vn 0.4758 0.8292 -0.2932
vn 0.6193 0.7376 -0.2691
vn 0.5970 0.7890 -0.1448
vn 0.2965 0.9549 0.0109
vn 0.7934 0.5836 -0.1729
vn 0.8233 0.5643 -0.0606
vn 0.7871 0.6041 0.1247
vn 0.5896 0.7639 0.2621
vn 0.6509 0.7325 0.1992
vn 0.9292 0.1638 0.3312
vn 0.3305 0.9372 0.1111
vn 0.3725 0.8884 0.2684
vn 0.3931 0.7364 0.5505
vn 0.5973 0.7055 0.3815
vn 0.8968 0.0323 0.4412
vn 0.7984 0.1006 0.5936
vn 0.5146 0.7705 0.3760
vn -0.4377 0.8080 -0.3943
vn -0.5654 0.8235 0.0471
vn -0.2526 0.8449 0.4714
vn 0.3584 0.8130 0.4588
vn 0.6910 0.0500 0.7211
vn 0.5381 0.5984 0.5935
vn 0.5080 0.0543 0.8596
vn 0.3062 0.6784 0.6678
vn 0.2842 0.1210 0.9511
vn -0.2176 0.7981 -0.5618
vn 0.5440 0.7955 -0.2669
vn 0.2781 0.9443 0.1759
vn 0.2176 0.7981 -0.5618
vn 0.4452 0.8706 -0.2093
vn 0.3340 0.8688 0.3655
vn 0.4431 0.8843 0.1474
vn 0.2441 0.9248 0.2918
vn 0.4534 0.8132 0.3649
vn 0.5507 0.8099 0.2017
vn 0.1262 0.8362 0.5336
vn 0.2417 0.8567 0.4556
vn 0.4971 0.4455 0.7445
vn 0.6214 0.4379 0.6496
vn 0.5523 0.4244 0.7176
vn 0.4868 -0.2476 0.8377
vn 0.5638 0.2029 0.8006
vn 0.4542 0.3077 0.8360
vn 0.3009 0.8714 0.3874
vn 0.6677 0.0181 0.7442
vn 0.6676 -0.3756 0.6428
vn 0.4114 0.8714 0.2673
vn 0.7357 -0.2460 0.6310
vn 0.7302 0.2840 0.6214
vn 0.7952 0.2046 0.5708
vn 0.8753 0.0190 0.4832
vn 0.7535 0.4490 0.4802
vn 0.8826 0.3592 0.3034
vn 0.8942 0.4436 0.0608
vn 0.8931 -0.0404 0.4480
vn 0.5278 0.6951 0.4880
vn 0.6529 0.6951 0.3010
vn 0.5977 0.6951 0.3994
vn 0.8957 -0.2871 0.3393
vn 0.8878 0.1802 0.4235
vn 0.8496 0.0591 0.5240
vn 0.7536 -0.3666 0.5456
vn 0.4307 0.8723 0.2313
vn 0.3391 0.8723 0.3521
vn 0.7511 -0.2745 0.6004
vn 0.7135 0.1885 0.6748
vn 0.6478 0.0491 0.7602
vn 0.5501 -0.3674 0.7499
vn 0.4450 0.6951 0.5646
vn 0.3512 0.6951 0.6273
vn 0.5324 -0.2614 0.8051
vn 0.2155 0.8724 0.4388
vn 0.4707 0.1966 0.8601
vn 0.0840 0.9243 0.3722
vn -0.1124 0.9181 -0.3800
vn -0.1691 0.9130 -0.3712
vn -0.2180 0.9196 -0.3268
vn 0.3375 -0.0361 0.9406
vn 0.3829 0.0393 0.9229
vn 0.2488 0.6951 0.6745
vn 0.2483 0.3425 0.9061
vn 0.1341 0.0983 0.9861
vn 0.1389 0.6943 0.7062
vn 0.0891 -0.0924 0.9917
vn 0.0287 0.6929 0.7204
vn 0.1750 0.8253 0.5369
vn -0.0065 0.9279 0.3729
vn 0.4068 -0.4193 0.8116
vn 0.1095 -0.2542 0.9609
vn 0.3820 -0.1360 0.9141
vn 0.2699 0.1429 0.9522
vn 0.1627 -0.3374 0.9272
vn -0.0237 0.3855 0.9224
vn 0.1019 0.4358 0.8942
vn -0.1406 -0.0084 0.9900
vn -0.0012 0.3942 0.9190
vn -0.0717 0.4158 0.9066
vn -0.1271 0.8714 0.4738
vn -0.1891 0.0182 0.9818
vn -0.1707 0.2921 0.9410
vn -0.2390 0.4040 0.8829
vn -0.2968 0.2030 0.9331
vn -0.3235 0.2968 0.8985
vn -0.3738 -0.2463 0.8942
vn -0.4143 0.4039 0.8156
vn -0.4050 -0.3747 0.8339
vn -0.5013 0.0187 0.8650
vn -0.2752 0.8711 0.4067
vn -0.4884 0.6947 0.5280
vn -0.3976 0.6934 0.6008
vn -0.2860 0.9243 0.2524
vn -0.2974 0.6959 0.6536
vn -0.6863 0.0913 0.7215
vn -0.5872 0.2037 0.7834
vn -0.6467 -0.2466 0.7218
vn -0.3540 0.7421 0.5691
vn -0.6287 -0.2069 0.7496
vn -0.4300 -0.0778 0.8995
vn -0.6454 -0.2695 0.7147
vn -0.3719 0.8726 0.3164
vn 0.3512 0.9161 -0.1932
vn 0.3176 0.9161 -0.2445
vn -0.4505 0.8728 0.1877
vn 0.2664 0.9188 -0.2912
vn -0.7828 -0.3660 0.5032
vn -0.7154 0.2310 0.6594
vn -0.8054 -0.0047 0.5927
vn -0.5647 0.6949 0.4451
vn -0.8556 -0.1856 0.4831
vn -0.6275 0.6949 0.3513
vn -0.8822 0.2383 0.4060
vn -0.6712 0.6961 0.2548
vn -0.8984 -0.3680 0.2397
vn -0.9484 -0.0147 0.3167
vn -0.6994 0.6945 0.1686
vn -0.7089 0.6995 0.0902
vn -0.9653 -0.1708 0.1975
vn -0.4754 0.8791 0.0318
vn -0.9639 0.2445 0.1049
vn 0.3903 0.9180 -0.0704
vn 0.3914 0.9201 0.0110
vn 0.8993 0.4019 0.1724
vn 0.3811 0.9196 0.0948
vn 0.3460 0.9211 0.1785
vn 0.8588 0.4150 0.3005
vn 0.8187 0.3903 0.4212
vn 0.8951 -0.1353 0.4248
vn 0.9382 -0.1040 0.3301
vn 0.9552 -0.1846 0.2313
vn 0.8831 -0.3351 0.3283
vn 0.8557 -0.3307 0.3979
vn 0.8881 -0.3701 0.2725
vn 0.9124 -0.1966 0.3591
vn 0.9321 -0.2987 0.2048
vn 0.8368 -0.4271 0.3426
vn 0.9608 -0.1857 0.2056
vn 0.9104 -0.4070 0.0737
vn 0.7445 -0.4046 -0.5310
vn 0.6886 -0.6172 -0.3807
vn 0.5924 -0.7756 -0.2181
vn 0.4614 -0.2035 0.8636
vn -0.5523 -0.3013 -0.7772
vn -0.5776 0.4462 -0.6835
vn -0.7663 -0.0419 -0.6411
vn -0.6565 0.5109 0.5548
vn -0.5623 0.5855 -0.5839
vn 0.7179 -0.2250 -0.6587
vn -0.9706 0.2194 -0.0991
vn -0.8426 0.4065 -0.3532
vn -0.5934 0.8008 -0.0806
vn -0.9094 0.3630 -0.2032
vn -0.8914 0.0206 -0.4528
vn -0.4487 0.8333 -0.3228
vn -0.7862 0.3601 -0.5022
vn -0.6617 0.5014 -0.5574
vn -0.6253 0.4922 -0.6056
vn -0.2890 0.9447 -0.1547
vn -0.3408 0.8864 -0.3132
vn -0.5266 0.7756 -0.3478
vn -0.4288 0.7704 -0.4718
vn -0.4140 0.8421 0.3456
vn -0.5293 0.8224 -0.2081
vn -0.3169 0.7718 -0.5513
vn 0.1004 0.8532 0.5118
vn 0.2393 -0.8618 0.4471
vn -0.5895 -0.8073 -0.0284
vn -0.3253 -0.8478 0.4189
vn -0.0692 -0.7254 0.6849
vn -0.3096 -0.5706 0.7606
vn -0.0907 -0.6679 0.7387
vn -0.2689 -0.6957 0.6660
vn -0.2904 -0.8214 0.4908
vn -0.0953 -0.8002 -0.5921
vn -0.2166 -0.2228 -0.9505
vn -0.3349 -0.5763 0.7454
vn -0.5398 -0.8109 -0.2257
vn -0.3994 -0.7951 -0.4564
vn -0.4345 -0.4758 -0.7647
vn -0.7114 -0.2222 0.6667
vn -0.5443 -0.5202 0.6581
vn -0.8572 -0.4965 0.1367
vn -0.8325 -0.5512 -0.0559
vn -0.7137 -0.2033 0.6703
vn -0.6408 -0.2387 0.7296
vn 0.0199 0.7073 0.7067
vn -0.6617 -0.1424 0.7361
vn -0.6750 -0.1194 0.7280
vn -0.6961 -0.0307 0.7173
vn -0.9962 0.0781 -0.0389
vn -0.6650 0.1025 0.7398
vn -0.4837 -0.3764 0.7902
vn 0.2040 0.5174 0.8310
vn -0.4627 0.3959 0.7931
vn 0.5335 0.0949 0.8404
vn 0.8918 -0.1435 0.4291
vn 0.3033 -0.4257 0.8525
vn 0.3735 0.8310 0.4123
vn -0.3149 0.4562 0.8323
vn -0.7251 0.5402 0.4271
vn 0.0067 0.0321 0.9995
vn -0.7492 -0.5076 0.4254
vn 0.1758 -0.8853 0.4305
vn -0.2776 -0.4527 0.8473
vn 0.0978 0.7108 0.6965
vn -0.5728 0.0054 0.8196
vn 0.4148 0.9009 0.1275
vn 0.4663 0.6909 0.5524
vn 0.5583 0.8205 0.1227
vn 0.6381 -0.1046 0.7628
vn 0.7247 0.3308 0.6044
vn 0.5061 -0.0288 0.8620
vn 0.5425 -0.2854 0.7901
vn 0.6851 -0.0896 0.7229
vn 0.6498 -0.2997 0.6985
vn 0.6429 -0.3158 0.6978
vn 0.7069 -0.0859 0.7021
vn 0.7308 -0.2676 0.6280
vn 0.7516 -0.3181 0.5777
vn 0.7560 -0.1364 0.6402
vn 0.6434 -0.1156 0.7567
vn 0.5459 -0.2627 0.7956
vn 0.6578 0.3878 0.6456
vn 0.7429 0.4101 0.5291
vn 0.8404 -0.1375 0.5242
vn 0.8047 -0.3373 0.4886
vn 0.7997 -0.2792 0.5315
vn 0.8697 -0.0409 0.4919
vn 0.8219 -0.0274 0.5689
vn 0.9012 -0.0967 0.4224
vn 0.9270 -0.1028 0.3608
vn 0.8220 0.1559 0.5477
vn 0.9363 -0.3016 0.1800
vn 0.8816 -0.4706 0.0351
vn 0.9104 -0.4126 0.0299
vn 0.8934 -0.4485 -0.0233
vn 0.9087 0.4127 -0.0618
vn -0.7346 0.6540 0.1805
vn -0.7331 0.6563 -0.1781
vn 0.8533 0.2624 0.4505
vn 0.8274 0.2028 -0.5238
vn -0.1571 0.8999 -0.4068
vn -0.5911 0.7790 -0.2090
vn -0.5336 0.8087 -0.2474
vn -0.9805 0.1580 -0.1166
vn -0.9395 0.1135 -0.3233
vn -0.6875 0.7078 -0.1621
vn -0.8237 0.1193 -0.5543
vn -0.7394 0.5165 -0.4318
vn -0.6449 0.7237 -0.2459
vn -0.4453 0.7605 -0.4726
vn -0.4907 0.7687 -0.4102
vn -0.3976 0.9098 -0.1190
vn -0.7881 -0.4281 -0.4421
vn -0.7759 -0.0766 -0.6261
vn -0.9039 -0.1764 -0.3897
vn -0.6518 -0.1769 -0.7375
vn -0.1981 0.9190 -0.3409
vn -0.6135 -0.3616 -0.7020
vn -0.5394 0.2817 -0.7935
vn -0.3842 -0.0404 -0.9223
vn -0.2597 0.3030 -0.9169
vn -0.0826 0.9191 -0.3853
vn -0.2281 0.5782 -0.7833
vn 0.1108 0.8313 -0.5447
vn -0.0743 -0.1915 -0.9787
vn 0.2872 -0.2391 -0.9275
vn -0.0081 0.0223 -0.9997
vn 0.0818 0.0136 -0.9966
vn 0.1168 -0.8381 -0.5329
vn 0.2733 -0.3359 -0.9014
vn 0.2999 -0.8118 0.5010
vn 0.1235 -0.7282 0.6741
vn -0.2117 -0.8160 0.5379
vn 0.0000 -1.0000 0.0000
vn -0.5643 -0.8051 0.1827
vn 0.5210 -0.8493 -0.0849
vn 0.1682 -0.8290 -0.5332
vn -0.1817 -0.8316 0.5247
vn 0.3479 -0.8183 0.4574
vn 0.5329 -0.8431 -0.0717
vn -0.4448 -0.8950 0.0329
vn -0.0248 -0.8732 0.4868
vn 0.0000 -0.7071 0.7071
vn -0.4852 -0.8249 0.2897
vn -0.1003 -0.8055 0.5841
vn -0.3540 -0.8155 -0.4578
vn -0.1174 0.8075 -0.5780
vn 0.3959 0.8272 -0.3986
vn -0.5597 -0.8047 0.1979
vn -0.5306 -0.8163 -0.2283
vn -0.3946 0.8390 -0.3746
vn -0.4536 0.8608 0.2304
vn 0.5276 0.8370 0.1451
vn 0.0101 0.8182 0.5748
vn -0.0829 0.8240 -0.5605
vn -0.3485 0.1386 -0.9270
vn -0.0589 0.8021 -0.5943
vn -0.1284 0.3303 -0.9351
vn -0.5542 0.2058 -0.8065
vn -0.3152 0.7075 -0.6325
vn -0.1835 0.4447 -0.8766
vn -0.0288 0.7068 -0.7068
vn -0.0224 0.1219 -0.9923
vn -0.2133 -0.2776 -0.9367
vn 0.0883 0.2210 -0.9713
vn 0.0990 0.7700 -0.6303
vn 0.2622 0.1038 -0.9594
vn 0.3181 0.4859 -0.8140
vn -0.4148 0.9098 0.0162
vn 0.2464 0.8779 0.4105
vn 0.3416 -0.8563 0.3874
vn 0.4449 -0.8675 -0.2225
vn -0.0656 -0.8389 -0.5402
vn 0.3827 0.8290 -0.4078
vn 0.0524 -0.6776 0.7335
vn -0.1980 0.0830 0.9767
vn -0.0479 -0.3192 0.9464
vn 0.2335 -0.5983 0.7664
vn 0.4187 -0.8505 -0.3183
vn 0.0015 -0.6996 0.7145
vn -0.1112 -0.4614 0.8802
vn -0.1733 -0.8123 -0.5569
vn 0.3035 -0.8128 -0.4972
vn -0.3914 -0.1225 0.9120
vn -0.3326 -0.4926 0.8041
vn -0.1437 -0.8257 0.5454
vn -0.0226 -0.9893 0.1436
vn -0.0636 -0.8484 0.5254
vn -0.1045 -0.3980 0.9114
vn -0.2800 -0.4033 0.8712
vn 0.1043 -0.4034 0.9090
vn -0.0131 -0.1971 0.9803
vn -0.1095 -0.0152 0.9939
vn 0.0278 -0.7219 0.6914
vn -0.2001 -0.1834 0.9624
vn 0.1476 -0.7178 0.6803
vn 0.0339 -0.9698 0.2415
vn 0.0807 -0.5797 0.8108
vn 0.1607 -0.8815 0.4440
vn 0.3422 -0.3960 0.8521
vn 0.2077 -0.0839 0.9746
vn 0.4380 -0.0653 0.8965
vn 0.4015 -0.1826 0.8975
vn 0.3341 -0.0150 0.9424
vn 0.3060 -0.3666 0.8786
vn 0.2421 -0.1537 0.9580
vn 0.2179 -0.1846 0.9583
vn 0.1110 -0.1086 0.9879
vn 0.1191 -0.1585 0.9801
vn 0.2814 -0.3564 0.8909
vn 0.3838 -0.2735 0.8820
vn 0.2313 -0.1850 0.9551
vn 0.4146 -0.3759 0.8287
vn 0.1502 -0.3576 0.9217
vn 0.0458 -0.3128 0.9487
vn -0.0184 -0.3250 0.9455
vn 0.1255 -0.1647 0.9783
vn 0.2347 0.3964 0.8875
vn -0.0393 -0.1542 0.9872
vn 0.0335 0.3869 0.9215
vn 0.1378 0.3771 0.9158
vn 0.0680 0.9196 0.3869
vn -0.0915 0.4060 0.9092
vn -0.0056 0.9188 0.3946
vn -0.0566 0.8723 -0.4857
vn 0.1286 0.9227 0.3634
vn -0.1298 0.9243 -0.3590
vn -0.2699 0.8722 -0.4078
vn -0.4522 -0.0689 -0.8892
vn -0.3819 0.2771 -0.8817
vn -0.2613 0.1927 -0.9458
vn -0.2490 0.6948 -0.6747
vn -0.2329 -0.3624 -0.9024
vn -0.3515 0.6947 -0.6275
vn -0.1404 0.6948 -0.7053
vn -0.5028 0.1399 -0.8530
vn -0.5929 0.1055 -0.7983
vn -0.6116 -0.3757 -0.6962
vn -0.6618 0.2114 -0.7192
vn -0.2640 0.9342 -0.2399
vn 0.2660 0.9130 0.3094
vn 0.3066 0.9169 0.2554
vn 0.5538 0.3801 0.7408
vn 0.2133 0.9128 0.3481
vn 0.4286 0.4031 0.8085
vn 0.4267 -0.0909 0.8998
vn 0.5092 -0.1182 0.8525
vn 0.3475 0.4050 0.8457
vn 0.3156 -0.1326 0.9396
vn -0.1684 0.1192 -0.9785
vn -0.0633 0.1262 -0.9900
vn 0.0171 -0.3544 -0.9349
vn 0.0558 -0.3528 -0.9340
vn 0.1402 0.1283 -0.9818
vn 0.2445 0.1168 -0.9626
vn 0.1952 0.6949 -0.6921
vn -0.0795 0.9196 0.3848
vn -0.3099 0.4061 0.8596
vn -0.2129 0.3877 0.8968
vn -0.1540 -0.0974 0.9832
vn -0.2707 -0.1070 0.9567
vn -0.3552 -0.1353 0.9249
vn -0.2182 -0.2942 0.9305
vn -0.4503 -0.1314 0.8831
vn -0.3455 -0.3383 0.8753
vn -0.4508 -0.3409 0.8249
vn -0.3469 -0.3446 0.8723
vn -0.4580 -0.3002 0.8367
vn -0.5590 -0.3561 0.7488
vn -0.5756 -0.2675 0.7727
vn -0.6778 -0.2801 0.6797
vn -0.6624 -0.3774 0.6471
vn -0.7383 -0.3627 0.5687
vn -0.7976 -0.1537 0.5832
vn -0.8019 -0.3088 0.5113
vn -0.7577 -0.0350 0.6516
vn -0.6660 -0.0496 0.7443
vn -0.8043 0.2005 0.5593
vn -0.4722 0.6889 0.5499
vn -0.3940 0.9122 0.1125
vn -0.8418 0.5116 0.1720
vn -0.9676 0.2309 0.1025
vn -0.6288 0.3918 0.6716
vn -0.4107 0.5851 0.6993
vn -0.0992 0.7081 0.6991
vn 0.2388 -0.4312 0.8701
vn 0.4595 0.1119 0.8811
vn -0.7180 0.0404 0.6948
vn -0.7109 0.1698 0.6825
vn 0.0399 0.5233 0.8512
vn 0.8057 0.4294 0.4079
vn -0.2138 0.8822 0.4195
vn 0.0075 0.0261 0.9996
vn 0.6820 -0.6030 0.4137
vn -0.9027 -0.0061 0.4302
vn -0.3291 -0.8434 0.4245
vn -0.4581 0.2448 0.8545
vn -0.3497 -0.3278 0.8776
vn 0.4679 -0.4295 0.7724
vn 0.6285 -0.2107 0.7487
vn 0.6350 -0.3980 0.6621
vn 0.3983 -0.6340 0.6628
vn 0.7240 -0.1354 0.6763
vn 0.3496 -0.5898 0.7280
vn 0.8860 -0.4472 0.1225
vn 0.7710 -0.6294 -0.0973
vn 0.5096 -0.8257 -0.2418
vn 0.6336 -0.5561 -0.5379
vn 0.4014 -0.8394 -0.3663
vn 0.8198 -0.4991 -0.2808
vn 0.5132 -0.4473 -0.7325
vn 0.7560 -0.3592 -0.5472
vn 0.7349 -0.0941 -0.6715
vn 0.3995 -0.2179 -0.8904
vn 0.6506 -0.2185 -0.7273
vn 0.8896 -0.0914 -0.4475
vn 0.9434 -0.0771 -0.3225
vn 0.9969 -0.0367 -0.0700
vn 0.9922 0.0027 -0.1244
vn 0.9268 0.3698 0.0649
vn 0.3987 0.9161 0.0421
vn 0.9609 0.1839 0.2068
vn 0.8958 0.1375 0.4227
vn 0.9576 0.1351 0.2543
vn 0.9878 0.1209 0.0984
vn 0.9173 0.1870 0.3514
vn 0.8493 -0.2680 0.4547
vn 0.7505 0.2550 0.6096
vn 0.8433 0.0823 0.5310
vn 0.6383 -0.3540 0.6835
vn 0.8642 0.3142 0.3928
vn 0.8241 0.5394 0.1732
vn 0.9010 0.4118 0.1361
vn 0.9434 0.3057 0.1281
vn 0.7800 0.6218 0.0702
vn 0.7783 0.6267 0.0389
vn 0.7374 0.6719 0.0687
vn 0.6190 0.7766 0.1172
vn 0.6903 0.6556 0.3060
vn 0.7661 0.6118 0.1968
vn 0.3710 0.8781 0.3022
vn 0.7652 0.6095 0.2072
vn 0.7342 0.5612 0.3821
vn 0.6859 0.4802 0.5467
vn 0.9232 0.2364 0.3030
vn 0.7218 0.3097 0.6189
vn 0.8936 0.1177 0.4332
vn 0.9989 0.0041 0.0456
vn 0.9641 -0.2478 -0.0950
vn 0.9813 -0.1907 -0.0252
vn 0.9987 -0.0496 -0.0051
vn 0.9915 0.0209 0.1285
vn 0.8645 0.0454 0.5005
vn 0.9568 0.0948 0.2748
vn 0.9967 0.0454 0.0668
vn 0.8910 0.2082 0.4035
vn 0.9669 0.1625 0.1968
vn 0.9983 0.0463 0.0356
vn 0.7507 0.4475 0.4859
vn 0.9615 0.2042 0.1841
vn 0.8812 0.1402 0.4515
vn 0.7379 0.4861 0.4681
vn 0.4405 0.6293 0.6402
vn 0.3313 0.6280 0.7042
vn 0.6503 0.2799 0.7062
vn 0.2395 0.4859 0.8405
vn 0.5534 0.1751 0.8142
vn -0.0166 0.5624 0.8267
vn 0.2803 0.0451 0.9588
vn 0.6511 -0.5809 0.4885
vn 0.2448 -0.6630 0.7074
vn 0.1204 0.0405 0.9919
vn 0.0577 -0.6964 0.7153
vn -0.0448 -0.6954 0.7172
vn 0.2253 -0.9741 -0.0186
vn 0.0096 -0.9999 -0.0112
vn 0.1210 -0.9924 -0.0202
vn 0.0573 -0.8184 -0.5718
vn 0.1515 -0.9812 -0.1194
vn 0.2721 -0.8980 -0.3456
vn 0.3715 -0.8997 0.2290
vn 0.3352 -0.9419 -0.0214
vn 0.2983 -0.6527 -0.6964
vn 0.4214 -0.9037 0.0750
vn 0.3582 -0.6201 -0.6979
vn 0.5223 -0.7938 -0.3116
vn 0.4107 -0.5885 -0.6963
vn 0.3458 -0.6040 -0.7180
vn 0.3990 -0.5717 -0.7168
vn 0.4566 -0.5533 -0.6967
vn 0.7678 -0.4915 0.4109
vn 0.8310 -0.4683 0.3002
vn 0.4469 -0.5358 -0.7163
vn 0.8851 -0.4550 0.0976
vn 0.4891 -0.4977 -0.7162
vn 0.5048 -0.5125 -0.6945
vn 0.5433 -0.4707 -0.6951
vn 0.5279 -0.4557 -0.7166
vn 0.5796 -0.4229 -0.6966
vn 0.8285 -0.5596 0.0154
vn 0.3068 -0.6267 -0.7163
vn -0.1040 -0.9945 -0.0103
vn -0.1552 -0.6865 0.7103
vn -0.4274 -0.6600 0.6178
vn -0.5359 0.1990 0.8205
vn -0.2670 0.1066 0.9578
vn -0.6596 -0.5976 0.4558
vn -0.2769 -0.6420 -0.7149
vn -0.3065 0.5588 0.7706
vn -0.6659 0.2484 0.7035
vn -0.5552 0.5597 0.6152
vn -0.7964 0.2582 0.5468
vn -0.9092 0.3180 0.2687
vn -0.9552 0.2129 0.2053
vn -0.9973 -0.0577 -0.0445
vn -0.9866 0.0401 0.1578
vn -0.7929 -0.5726 -0.2083
vn -0.6528 -0.1554 -0.7414
vn -0.9791 -0.0274 -0.2015
vn -0.6554 -0.1105 0.7471
vn -0.9928 0.0566 0.1054
vn -0.5860 -0.4699 -0.6601
vn -0.5070 -0.8355 -0.2118
vn -0.3283 -0.6070 0.7237
vn 0.2510 0.1829 0.9506
vn -0.6016 -0.4839 0.6355
vn -0.8889 -0.4040 -0.2156
vn -0.7241 -0.0422 0.6883
vn 0.0340 -0.3241 0.9454
vn 0.1647 0.2626 0.9507
vn -0.7156 0.2664 0.6456
vn -0.9591 -0.0139 -0.2825
vn -0.8871 0.2932 -0.3564
vn -0.6814 -0.0255 -0.7315
vn -0.4248 0.5136 -0.7454
vn 0.0670 -0.2049 -0.9765
vn -0.0478 0.1323 -0.9901
vn -0.0683 0.4321 -0.8992
vn 0.1151 -0.2939 0.9489
vn -0.2616 -0.2666 -0.9276
vn -0.5582 -0.0423 -0.8286
vn -0.5071 0.2372 -0.8285
vn -0.1629 -0.3613 -0.9181
vn -0.3270 0.0291 0.9445
vn -0.5531 0.1816 -0.8130
vn -0.2758 0.1074 0.9552
vn -0.0276 -0.0152 -0.9995
vn -0.4354 0.8130 -0.3867
vn -0.9031 0.4073 -0.1362
vn -0.9114 0.0027 -0.4115
vn -0.3944 0.6174 0.6806
vn -0.6276 0.7437 -0.2304
vn -0.4761 -0.5141 0.7134
vn -0.7089 -0.3241 0.6264
vn -0.8967 -0.4402 0.0464
vn -0.8765 -0.4527 0.1639
vn -0.8341 0.2813 0.4744
vn 0.1448 0.4666 0.8725
vn 0.2960 0.2294 0.9272
vn 0.5640 0.3916 0.7270
vn 0.7085 0.2194 0.6707
vn 0.5202 0.0702 0.8511
vn 0.1186 0.0763 0.9900
vn 0.3025 0.1782 0.9363
vn 0.6451 0.1839 0.7416
vn 0.5006 0.3633 0.7858
vn 0.6889 -0.0493 0.7231
vn 0.6536 -0.1812 0.7348
vn 0.7096 -0.1946 0.6771
vn 0.9116 -0.4094 -0.0362
vn -0.5817 -0.0674 0.8106
vn -0.4974 -0.0782 0.8640
vn -0.3669 -0.1192 0.9226
vn -0.3435 -0.0418 0.9382
vn -0.2249 -0.1137 0.9677
vn -0.2269 -0.3304 0.9161
vn -0.1039 -0.3249 0.9400
vn -0.0650 -0.3496 0.9346
vn -0.1156 -0.1306 0.9846
vn 0.0268 -0.1067 0.9939
vn 0.5584 0.8278 -0.0538
vn 0.1967 0.8523 -0.4846
vn 0.5517 -0.8323 -0.0541
vn 0.0158 0.9638 -0.2660
vn -0.3725 0.8086 -0.4553
vn -0.7873 -0.6126 0.0696
vn -0.5398 -0.8086 -0.2337
vn 0.5060 -0.8317 0.2283
vn 0.3523 0.8524 0.3863
vn 0.5307 0.8347 -0.1471
vn 0.0976 0.8682 -0.4864
vn -0.1191 -0.8645 -0.4883
vn -0.4361 0.8749 -0.2106
vn 0.1757 0.8282 -0.5322
vn -0.2543 0.8844 0.3913
vn 0.4589 0.8193 0.3436
vn 0.5611 0.8159 -0.1395
vn 0.2476 -0.8179 -0.5193
vn -0.2174 -0.7986 -0.5612
vn -0.2723 0.8115 0.5169
vn 0.2695 0.8618 0.4295
vn 0.3370 -0.8364 0.4322
vn -0.5189 -0.8063 -0.2837
vn -0.1672 0.8415 -0.5137
vn -0.5729 0.8083 -0.1353
vn 0.1015 0.7867 -0.6088
vn -0.0323 0.8498 -0.5260
vn -0.7104 0.1859 -0.6787
vn -0.6636 -0.5864 -0.4644
vn -0.9839 -0.0382 -0.1744
vn -0.6339 0.7719 0.0475
vn -0.9536 -0.1278 0.2727
vn -0.7685 0.6390 0.0323
vn -0.9768 0.1127 0.1819
vn -0.9381 0.1301 0.3208
vn -0.6080 0.7725 0.1830
vn -0.5551 0.7909 0.2576
vn -0.8572 0.1110 0.5029
vn 0.9037 -0.4232 -0.0654
vn 0.9357 -0.1899 -0.2972
vn 0.8662 -0.0643 -0.4955
vn 0.9230 -0.1001 -0.3716
vn 0.8745 -0.2788 -0.3969
vn 0.8444 -0.1678 -0.5088
vn 0.7794 -0.3562 -0.5153
vn 0.8609 -0.3176 -0.3974
vn 0.8396 -0.1567 -0.5201
vn 0.9056 -0.1063 -0.4106
vn 0.7779 -0.1539 -0.6091
vn 0.8234 0.3801 -0.4214
vn 0.7533 0.3769 -0.5389
vn 0.8706 0.3814 -0.3109
vn 0.3698 0.9189 -0.1370
vn 0.8933 0.3903 -0.2230
vn 0.6601 0.3890 -0.6425
vn 0.5479 0.4169 -0.7253
vn 0.6910 -0.1347 -0.7101
vn 0.6181 -0.1149 -0.7776
vn 0.2038 0.9187 -0.3382
vn 0.4316 0.3957 -0.8106
vn 0.5336 -0.0930 -0.8406
vn 0.5841 -0.3361 -0.7387
vn 0.4975 -0.2883 -0.8181
vn 0.4086 -0.1384 -0.9022
vn 0.3339 -0.1227 -0.9346
vn 0.3486 0.4033 -0.8461
vn 0.2060 -0.1569 -0.9659
vn 0.2387 0.3864 -0.8909
vn 0.0678 0.9196 -0.3869
vn 0.1325 0.3826 -0.9143
vn 0.1266 0.9180 -0.3759
vn 0.0031 0.9161 -0.4008
vn 0.0335 0.3811 -0.9239
vn -0.1441 0.8724 0.4671
vn -0.0005 0.9109 0.4125
vn -0.1525 -0.3528 0.9232
vn -0.2320 0.0329 0.9721
vn -0.3334 0.2019 0.9209
vn -0.3986 -0.2558 0.8807
vn -0.1951 0.6951 0.6919
vn -0.0837 0.6940 0.7151
vn -0.0792 0.0671 0.9946
vn -0.0516 0.9183 -0.3924
vn -0.0950 0.3759 -0.9218
vn -0.2044 0.3813 -0.9015
vn -0.0298 -0.1055 -0.9940
vn -0.1434 -0.1821 -0.9727
vn -0.3054 -0.1482 -0.9406
vn -0.3192 0.3804 -0.8680
vn -0.4346 -0.1650 -0.8853
vn -0.5185 -0.1931 -0.8330
vn -0.4331 0.3828 -0.8159
vn -0.5305 0.3808 -0.7573
vn -0.6017 0.4173 -0.6810
vn -0.6260 -0.1435 -0.7665
vn -0.7356 -0.1342 -0.6639
vn -0.6967 0.4176 -0.5832
vn -0.2755 0.9247 -0.2626
vn -0.3492 0.9137 -0.2080
vn -0.7582 0.4005 -0.5145
vn -0.7886 -0.1751 -0.5894
vn -0.8666 -0.1405 -0.4788
vn -0.8325 0.3867 -0.3968
vn -0.9293 -0.1330 -0.3445
vn -0.8769 0.3871 -0.2848
vn -0.3688 0.9181 -0.1450
vn -0.3819 0.9198 -0.0904
vn -0.3956 0.9180 -0.0271
vn -0.9210 0.3764 -0.0999
vn -0.9066 0.3779 -0.1875
vn -0.9234 0.3833 0.0181
vn -0.9857 -0.1633 -0.0408
vn -0.9671 -0.1249 -0.2217
vn -0.9874 -0.1502 0.0489
vn -0.9216 -0.3336 -0.1983
vn -0.9015 -0.3254 -0.2853
vn -0.9449 -0.3197 -0.0710
vn -0.9284 -0.3344 -0.1619
vn -0.9391 -0.3436 -0.0053
vn -0.9375 -0.2243 -0.2661
vn -0.8741 -0.1898 -0.4471
vn -0.8654 -0.3117 -0.3922
vn -0.7997 -0.3415 -0.4937
vn -0.8195 -0.1461 -0.5541
vn -0.8198 -0.0294 -0.5719
vn -0.7172 -0.1267 -0.6852
vn -0.7313 -0.3557 -0.5819
vn -0.7840 -0.3492 -0.5132
vn -0.6612 -0.3213 -0.6779
vn -0.6671 -0.3039 -0.6801
vn 0.0776 -0.1302 -0.9884
vn 0.6505 -0.3777 -0.6589
vn 0.5894 -0.3445 -0.7306
vn 0.6983 -0.3386 -0.6306
vn 0.7512 -0.3277 -0.5730
vn 0.7812 -0.1157 -0.6134
vn 0.6839 -0.1612 -0.7115
vn 0.7776 -0.0926 -0.6218
vn 0.6706 -0.1476 -0.7269
vn 0.7194 -0.3370 -0.6073
vn 0.6016 -0.2815 -0.7475
vn 0.6423 -0.0071 -0.7664
vn 0.5711 -0.0846 -0.8165
vn 0.5996 -0.0992 -0.7941
vn 0.5921 -0.5945 -0.5441
vn 0.3128 -0.9155 -0.2530
vn 0.8965 0.4223 0.1339
vn 0.6841 0.7280 0.0440
vn 0.6242 0.3960 0.6734
vn -0.5362 -0.3557 0.7655
vn -0.8678 0.4114 -0.2786
vn -0.9416 0.0897 -0.3245
vn -0.6854 0.7151 -0.1370
vn -0.9619 0.0378 -0.2705
vn -0.9873 0.0355 -0.1546
vn 0.9829 0.0534 0.1758
vn -0.5717 0.4775 0.6672
vn -0.5380 0.2708 0.7982
vn -0.6681 0.3814 0.6389
vn -0.6905 0.5145 0.5084
vn -0.7312 0.3428 0.5898
vn -0.8297 -0.0396 0.5568
vn 0.2193 0.2969 0.9293
vn 0.1188 0.7974 0.5917
vn 0.2918 0.4527 0.8426
vn 0.3482 0.4282 0.8339
vn 0.8849 -0.3656 0.2886
vn 0.5299 -0.8250 -0.1962
vn 0.4031 -0.8428 0.3567
vn 0.2135 -0.7939 -0.5693
vn -0.2759 -0.9088 -0.3129
vn -0.3455 -0.7418 -0.5748
vn -0.6028 -0.2138 -0.7687
vn -0.2381 -0.9434 -0.2305
vn -0.6367 -0.5203 -0.5690
vn -0.7078 -0.2233 -0.6701
vn -0.5032 -0.8642 0.0016
vn -0.1307 -0.8610 0.4914
vn 0.4240 -0.8600 0.2840
vn -0.4614 -0.8854 -0.0562
vn 0.4430 -0.8557 -0.2674
vn -0.1648 -0.9142 0.3703
vn -0.1035 -0.8697 -0.4827
vn 0.0187 0.8366 -0.5474
vn -0.8586 -0.5038 -0.0945
vn -0.5575 -0.6131 -0.5597
vn -0.8464 -0.3630 -0.3895
vn -0.7442 -0.1559 -0.6494
vn -0.7158 -0.0540 -0.6961
vn -0.8104 -0.2216 -0.5423
vn -0.7599 -0.0249 -0.6495
vn -0.7971 -0.2734 -0.5384
vn -0.6951 -0.0904 -0.7132
vn -0.6203 -0.1904 -0.7609
vn -0.5234 -0.0239 -0.8517
vn -0.5110 -0.2367 -0.8263
vn -0.3894 -0.0166 -0.9209
vn -0.2836 0.3903 -0.8759
vn -0.2787 -0.1176 -0.9531
vn -0.3857 -0.2175 -0.8966
vn -0.1938 0.2634 -0.9450
vn -0.4114 -0.5589 -0.7200
vn -0.3837 -0.8039 -0.4545
vn -0.2374 -0.6547 -0.7177
vn -0.5481 -0.5860 -0.5967
vn -0.6944 -0.6233 -0.3595
vn -0.7054 -0.4393 -0.5561
vn -0.6134 -0.7417 -0.2715
vn -0.6238 -0.7809 -0.0319
vn -0.7177 -0.6895 -0.0975
vn -0.4920 -0.8557 -0.1602
vn -0.4077 -0.9128 -0.0245
vn -0.5227 -0.8407 -0.1415
vn -0.6555 -0.7432 -0.1342
vn -0.6984 -0.6471 -0.3056
vn -0.7276 -0.6627 -0.1771
vn -0.7407 -0.6711 -0.0323
vn -0.7466 -0.6598 -0.0851
vn -0.8133 -0.4889 -0.3153
vn -0.7965 -0.5566 -0.2361
vn -0.8122 -0.5740 -0.1041
vn -0.8509 -0.5123 -0.1160
vn -0.9018 -0.4294 -0.0487
vn -0.9146 -0.4038 -0.0200
vn -0.9391 -0.3435 -0.0083
vn -0.9047 -0.4254 -0.0241
vn -0.2446 -0.9432 -0.2248
vn -0.1328 -0.8149 -0.5642
vn -0.0247 -0.9697 -0.2429
vn -0.2222 -0.7859 -0.5770
vn -0.5407 -0.7934 -0.2794
vn -0.5299 0.8254 -0.1946
vn -0.5599 -0.8082 0.1825
vn -0.1625 -0.8401 0.5175
vn -0.4302 0.8322 0.3497
vn -0.1983 -0.8878 -0.4152
vn -0.2481 -0.5882 -0.7696
vn -0.3739 -0.2111 -0.9031
vn -0.2677 -0.2911 -0.9185
vn -0.0804 -0.4825 -0.8722
vn -0.0049 -0.2213 -0.9752
vn 0.5354 -0.5483 0.6424
vn 0.7595 -0.0304 -0.6498
vn 0.7386 -0.2290 -0.6340
vn 0.8243 -0.2754 -0.4945
vn 0.5817 -0.1958 -0.7895
vn 0.7795 -0.5486 -0.3023
vn 0.6482 -0.4887 -0.5839
vn 0.4292 -0.2217 -0.8756
vn 0.6735 -0.6040 -0.4261
vn 0.8221 0.3729 -0.4302
vn 0.0228 -0.0093 -0.9997
vn 0.0649 0.8968 -0.4376
vn -0.7075 0.5543 -0.4384
vn 0.4848 -0.1205 0.8662
vn 0.5996 0.3533 0.7181
vn 0.5405 0.4704 0.6975
vn 0.6014 0.3979 0.6928
vn 0.6499 0.3161 0.6912
vn 0.6409 0.2538 0.7244
vn 0.3519 0.4360 0.8283
vn -0.2013 0.4778 0.8551
vn -0.1096 0.5176 -0.8485
vn 0.4315 0.2592 -0.8640
vn 0.6149 0.3202 -0.7207
vn 0.5635 0.4036 -0.7208
vn 0.2826 -0.3598 -0.8892
vn 0.6524 0.2394 -0.7191
vn 0.5648 0.4443 -0.6954
vn -0.3317 -0.4042 -0.8524
vn 0.6162 0.3743 -0.6929
vn -0.5221 0.1385 -0.8415
vn -0.4795 -0.0694 0.8748
vn 0.6525 0.3004 0.6957
vn 0.6146 0.3771 0.6928
vn 0.6860 0.2245 0.6920
vn 0.6560 0.2945 -0.6949
vn 0.0989 -0.4483 0.8884
vn 0.6928 0.1952 -0.6942
vn 0.7074 0.1335 0.6941
vn 0.7162 0.0847 -0.6927
vn -0.0252 -0.4835 -0.8749
vn 0.4934 -0.1840 -0.8501
vn -0.4801 -0.0940 -0.8722
vn -0.4685 -0.1961 0.8614
vn -0.4107 0.3663 0.8349
vn 0.7190 0.0353 0.6941
vn 0.7219 -0.0630 0.6891
vn -0.2332 0.4700 -0.8513
vn 0.1036 0.5411 0.8346
vn 0.7083 -0.1463 0.6905
vn 0.4719 0.0576 0.8797
vn 0.3573 0.3817 -0.8524
vn -0.0799 -0.4979 -0.8635
vn 0.6592 -0.2106 -0.7219
vn -0.5154 -0.0892 -0.8523
vn 0.6514 -0.2978 -0.6978
vn 0.6911 -0.2181 -0.6891
vn 0.7104 -0.1359 -0.6905
vn 0.6948 -0.0591 -0.7168
vn 0.6973 0.0000 -0.7168
vn 0.6826 -0.1263 -0.7197
vn 0.7164 0.0000 -0.6977
vn 0.7159 0.0711 -0.6946
vn 0.6932 0.0611 -0.7181
vn 0.7023 0.1499 -0.6959
vn 0.3452 0.3028 -0.8883
vn 0.6745 0.1756 -0.7170
vn 0.6857 0.1154 -0.7186
vn 0.6802 0.2311 -0.6956
vn 0.0652 -0.4718 -0.8792
vn 0.6530 0.2952 -0.6974
vn 0.3980 0.0777 -0.9141
vn 0.6259 0.3522 -0.6958
vn 0.5931 0.4095 -0.6932
vn 0.6162 -0.4936 -0.6137
vn 0.4544 0.4746 -0.7538
vn 0.0345 0.4240 -0.9050
vn 0.4759 0.5423 -0.6923
vn 0.5394 0.4740 -0.6959
vn -0.4511 -0.0147 -0.8923
vn -0.4730 0.6444 -0.6008
vn 0.5114 0.4693 -0.7198
vn 0.4598 0.5210 -0.7191
vn 0.5846 0.5597 -0.5873
vn 0.4062 0.5609 -0.7214
vn 0.4089 -0.4137 -0.8134
vn 0.5720 0.4009 -0.7155
vn 0.2217 0.7624 -0.6079
vn 0.3503 -0.7576 -0.5507
vn -0.4101 0.2866 -0.8658
vn -0.2146 0.6073 -0.7649
vn 0.2094 0.5280 -0.8230
vn -0.2695 -0.2665 -0.9254
vn -0.7948 -0.1591 -0.5856
vn 0.2342 0.6850 -0.6898
vn 0.1265 0.7114 -0.6913
vn 0.4148 0.1552 -0.8965
vn 0.0921 0.8672 -0.4893
vn -0.0365 0.6981 -0.7150
vn -0.0923 0.7156 -0.6923
vn -0.4800 0.1474 -0.8648
vn -0.5255 0.6392 -0.5614
vn -0.4587 -0.5788 -0.6742
vn -0.3302 -0.3101 -0.8915
vn -0.1805 0.6958 -0.6952
vn -0.2620 0.6714 -0.6932
vn -0.2320 0.6546 -0.7194
vn -0.0905 0.6900 -0.7181
vn -0.1526 0.6755 -0.7214
vn -0.3212 0.6419 -0.6963
vn -0.3036 0.6240 -0.7201
vn -0.5271 0.0122 -0.8497
vn -0.1528 -0.4548 -0.8774
vn -0.1259 0.4137 0.9016
vn -0.1666 0.4595 -0.8724
vn 0.3963 0.3089 -0.8645
vn -0.3720 0.5867 -0.7193
vn 0.4355 -0.2894 -0.8524
vn -0.4530 0.5660 -0.6887
vn -0.4437 0.5330 -0.7204
vn -0.4263 0.5762 -0.6973
vn -0.3756 0.6100 -0.6977
vn -0.4296 0.2392 -0.8707
vn -0.4227 -0.1740 -0.8894
vn -0.4761 0.5378 -0.6957
vn -0.5253 0.4934 -0.6933
vn -0.5182 0.4557 -0.7237
vn -0.5464 0.5061 -0.6672
vn 0.3763 0.3631 -0.8524
vn -0.5213 0.4887 -0.6995
vn -0.3277 0.6014 -0.7286
vn 0.1209 -0.5296 -0.8396
vn -0.5876 0.3595 -0.7249
vn -0.5098 0.1396 -0.8489
vn -0.3134 -0.4120 -0.8556
vn -0.0127 0.4982 -0.8669
vn -0.6374 0.2561 -0.7267
vn -0.6566 0.3042 -0.6902
vn 0.4773 0.1356 -0.8682
vn 0.2706 0.4679 0.8413
vn 0.4725 -0.1017 0.8754
vn -0.6619 0.2916 0.6905
vn -0.6127 0.3785 0.6938
vn 0.0178 -0.5086 0.8608
vn 0.2770 -0.4449 -0.8516
vn -0.5953 0.4029 -0.6952
vn -0.5282 0.4906 -0.6930
vn -0.6913 0.2014 -0.6939
vn -0.6941 0.1943 0.6931
vn -0.6728 0.1550 -0.7233
vn -0.1846 -0.4833 -0.8557
vn -0.7127 0.1144 -0.6920
vn -0.6889 0.0601 -0.7224
vn 0.3938 -0.3415 -0.8534
vn -0.0182 -0.4939 0.8693
vn -0.4589 -0.0671 0.8859
vn -0.4589 0.0671 -0.8859
vn -0.7196 0.0212 -0.6941
vn -0.7159 0.0711 -0.6946
vn -0.7167 0.0000 -0.6974
vn -0.6908 -0.0404 -0.7219
vn -0.7180 -0.0744 -0.6920
vn -0.6769 -0.1359 -0.7233
vn -0.0182 0.4939 -0.8693
vn -0.7054 -0.1491 -0.6929
vn 0.5072 0.2163 -0.8343
vn 0.3938 0.3415 0.8534
vn -0.7148 -0.0844 -0.6942
vn -0.6941 -0.1943 -0.6931
vn -0.1846 0.4833 0.8557
vn -0.7127 -0.1144 0.6920
vn -0.6913 -0.2014 0.6939
vn -0.7196 -0.0212 0.6941
vn -0.7148 0.0844 0.6942
vn 0.5072 -0.2163 0.8343
vn -0.6619 -0.2915 -0.6905
vn 0.0662 -0.4710 -0.8796
vn 0.4739 0.0059 -0.8806
vn -0.6525 -0.2290 -0.7224
vn -0.6132 -0.3737 -0.6959
vn -0.6816 -0.2300 -0.6946
vn -0.6530 -0.2952 -0.6974
vn -0.6149 -0.3202 -0.7207
vn -0.6259 -0.3522 -0.6958
vn -0.4534 -0.1994 -0.8687
vn 0.4685 -0.2224 0.8550
vn 0.1311 0.5149 -0.8471
vn 0.4010 0.3610 0.8419
vn -0.1980 0.4432 0.8742
vn -0.5605 -0.4497 0.6954
vn -0.6106 -0.3787 0.6955
vn -0.4905 -0.5282 -0.6930
vn -0.5168 -0.5080 0.6891
vn -0.4448 -0.5643 0.6955
vn -0.4000 -0.5983 -0.6942
vn -0.3774 -0.6149 0.6924
vn -0.3042 -0.6511 -0.6953
vn -0.0011 0.4155 0.9095
vn -0.1765 0.3536 -0.9186
vn 0.4241 0.1823 -0.8871
vn -0.2055 -0.6926 -0.6914
vn -0.2208 -0.6843 0.6949
vn -0.1292 -0.7071 0.6952
vn -0.1046 -0.7165 -0.6897
vn -0.0231 -0.7229 -0.6905
vn -0.0284 -0.7233 0.6898
vn 0.0802 -0.7181 -0.6912
vn 0.0699 0.4378 -0.8963
vn 0.0829 -0.7181 0.6909
vn -0.1055 0.4448 0.8894
vn 0.4079 0.0868 0.9089
vn 0.1928 -0.6949 0.6928
vn -0.4410 -0.0799 0.8939
vn 0.2716 -0.6718 0.6891
vn 0.0699 -0.4378 0.8963
vn 0.0029 -0.6886 0.7251
vn -0.0505 -0.7307 0.6808
vn 0.0296 -0.6966 0.7168
vn -0.0296 -0.6966 0.7168
vn -0.0885 -0.6916 0.7168
vn 0.0885 -0.6916 0.7168
vn 0.0304 -0.7158 0.6977
vn 0.0910 -0.7106 0.6977
vn 0.1509 -0.7003 0.6977
vn -0.4316 -0.0428 -0.9010
vn -0.0559 -0.4605 -0.8859
vn -0.5819 -0.3992 -0.7085
vn -0.5861 0.5636 -0.5820
vn -0.0198 0.4948 -0.8687
vn 0.5979 0.4843 -0.6387
vn 0.3957 0.0259 -0.9180
vn 0.3137 -0.7567 -0.5736
vn -0.6203 0.0941 -0.7786
vn -0.7039 0.1621 -0.6915
vn -0.1344 -0.4442 -0.8857
vn -0.5705 0.2548 -0.7807
vn -0.7736 0.0033 -0.6337
vn -0.7072 0.2081 -0.6756
vn 0.2608 -0.0284 -0.9650
vn -0.1274 0.2427 -0.9617
vn -0.1796 -0.2510 -0.9512
vn -0.2155 0.5955 -0.7739
vn 0.1304 -0.4716 -0.8721
vn -0.6811 0.4497 -0.5778
vn 0.3420 -0.0139 -0.9396
vn -0.0071 0.4305 -0.9026
vn -0.2317 0.0793 -0.9695
vn -0.2646 -0.1319 -0.9553
vn 0.2121 -0.1231 -0.9695
vn -0.5014 -0.1078 -0.8584
vn -0.4004 -0.3204 -0.8585
vn -0.7006 -0.0519 -0.7116
vn -0.7563 -0.4021 -0.5160
vn -0.6705 -0.1258 -0.7312
vn -0.4868 0.1653 -0.8577
vn -0.6852 0.4149 -0.5986
vn -0.6492 0.1849 -0.7378
vn -0.6790 0.0356 -0.7332
vn -0.7089 0.1723 -0.6839
vn -0.7322 -0.0406 -0.6798
vn -0.5991 0.3194 -0.7342
vn -0.6383 0.3656 -0.6774
vn 0.6601 -0.0915 -0.7456
vn 0.4650 -0.4178 -0.7805
vn -0.6885 -0.2446 -0.6827
vn 0.5761 0.2727 -0.7705
vn 0.6508 -0.4149 -0.6358
vn 0.7765 0.1668 -0.6076
vn 0.7505 -0.1349 -0.6470
vn 0.6260 -0.2830 -0.7266
vn 0.2951 -0.6908 -0.6601
vn 0.4086 -0.5524 -0.7266
vn 0.4960 -0.4754 -0.7266
vn 0.5692 -0.3847 -0.7266
vn 0.5813 -0.7165 0.3854
vn 0.4846 -0.7878 0.3800
vn 0.3092 -0.6135 -0.7266
vn 0.2046 -0.2900 0.9349
vn 0.3926 -0.8388 0.3771
vn 0.1016 -0.3400 0.9349
vn 0.2620 -0.8853 0.3843
vn 0.2011 -0.6569 -0.7266
vn 0.1206 -0.9184 0.3768
vn -0.0077 -0.9250 0.3799
vn -0.0331 -0.3509 0.9358
vn 0.0905 -0.6821 -0.7256
vn 0.0019 -0.7904 -0.6125
vn -0.0218 -0.6871 -0.7262
vn -0.1406 -0.6711 -0.7279
vn -0.1284 -0.9150 0.3824
vn -0.2387 -0.8947 0.3774
vn -0.3548 -0.8524 0.3840
vn -0.1580 -0.3156 0.9356
vn -0.2562 -0.6375 -0.7266
vn -0.3222 -0.7005 -0.6367
vn -0.3602 -0.5850 -0.7266
vn -0.4539 -0.5157 -0.7266
vn -0.6000 -0.7006 0.3862
vn -0.4882 -0.7826 0.3861
vn -0.6974 -0.6049 0.3843
vn -0.2484 -0.2575 0.9338
vn -0.5345 -0.4317 -0.7266
vn -0.7641 -0.5184 0.3839
vn -0.3098 -0.1782 0.9339
vn 0.6312 0.4855 0.6048
vn -0.8248 -0.4153 0.3836
vn -0.3449 -0.0815 0.9351
vn 0.7765 0.1769 0.6048
vn -0.5999 -0.3350 -0.7266
vn -0.8726 -0.3009 0.3846
vn -0.6478 -0.2288 -0.7266
vn -0.7764 -0.2236 -0.5892
vn -0.9108 -0.1531 0.3834
vn -0.6771 -0.1161 -0.7266
vn -0.5695 -0.3151 -0.7591
vn -0.5740 -0.5085 -0.6418
vn -0.6870 0.0000 -0.7266
vn -0.9243 -0.0185 0.3811
vn -0.9168 0.1166 0.3819
vn -0.3854 -0.5269 -0.7575
vn 0.4617 0.5675 -0.6818
vn -0.1160 -0.6573 -0.7446
vn 0.2856 0.6749 -0.6803
vn 0.3522 0.5792 -0.7351
vn 0.4955 0.4627 -0.7351
vn 0.5976 0.4219 -0.6818
vn 0.6019 0.3119 -0.7351
vn 0.6893 0.2450 -0.6818
vn 0.6638 0.1379 -0.7351
vn 0.7322 0.0406 -0.6798
vn 0.7104 -0.1720 -0.6824
vn 0.6711 -0.0560 -0.7392
vn 0.8559 -0.2087 -0.4732
vn 0.6827 0.1917 -0.7050
vn 0.5019 0.2154 -0.8377
vn 0.3832 0.0011 -0.9236
vn 0.7578 0.4944 -0.4257
vn 0.3551 0.3803 -0.8539
vn 0.4328 0.7348 -0.5222
vn 0.1698 0.4846 -0.8581
vn 0.1463 0.7727 -0.6177
vn 0.1796 0.6518 -0.7368
vn -0.0137 0.6730 -0.7395
vn 0.0808 0.7259 -0.6830
vn -0.1530 0.7230 -0.6737
vn 0.2490 -0.5979 -0.7619
vn -0.3571 0.6373 -0.6829
vn -0.2102 0.6470 -0.7330
vn -0.3727 0.5590 -0.7407
vn -0.5188 0.5140 -0.6831
vn -0.5066 0.4565 -0.7314
vn -0.4594 0.6563 -0.5985
vn -0.2982 0.2814 -0.9121
vn -0.2314 0.8455 -0.4812
vn -0.2536 0.5406 -0.8021
vn -0.4716 0.6426 -0.6039
vn 0.4414 0.0121 -0.8972
vn -0.5380 0.5462 -0.6419
vn 0.0027 -0.4787 -0.8780
vn -0.3745 -0.0155 -0.9271
vn 0.0341 0.3381 -0.9405
vn -0.0147 0.4690 -0.8831
vn -0.3987 0.4128 -0.8189
vn -0.4286 0.0033 -0.9035
vn -0.0025 -0.3483 -0.9374
vn -0.2839 0.7136 -0.6404
vn -0.1069 0.6345 -0.7654
vn 0.1123 -0.1962 -0.9741
vn 0.1262 0.2379 -0.9630
vn 0.1150 0.6068 -0.7865
vn -0.3494 0.0091 -0.9369
vn -0.1159 -0.4897 -0.8641
vn 0.1711 0.7508 -0.6379
vn 0.3690 0.6400 -0.6740
vn 0.0633 0.6604 -0.7483
vn -0.1162 0.8496 -0.5145
vn -0.0961 0.5863 -0.8043
vn 0.5026 0.0648 -0.8621
vn 0.6752 -0.4654 -0.5722
vn 0.0787 0.5349 -0.8412
vn 0.5747 0.5427 -0.6125
vn -0.6066 -0.0529 -0.7932
vn -0.3160 -0.7409 -0.5926
vn -0.4714 0.6274 -0.6197
vn 0.5326 0.5305 -0.6594
vn -0.4615 -0.0724 -0.8842
vn 0.3805 0.4927 -0.7826
vn 0.0281 -0.3383 -0.9406
vn 0.5325 0.4114 -0.7397
vn 0.5659 0.2318 -0.7912
vn 0.6522 0.3885 -0.6509
vn 0.7431 0.1719 -0.6467
vn -0.1204 -0.2834 -0.9514
vn -0.1109 0.2238 -0.9683
vn 0.4381 -0.1991 -0.8766
vn -0.5941 0.2507 -0.7643
vn 0.2908 0.0057 -0.9567
vn 0.2893 -0.1308 -0.9482
vn -0.1830 -0.1597 -0.9700
vn 0.7058 -0.1010 -0.7011
vn -0.0179 0.2872 -0.9577
vn 0.6340 -0.1384 -0.7608
vn 0.5108 -0.2033 -0.8353
vn 0.6311 -0.4009 -0.6640
vn 0.5282 0.0275 -0.8486
vn 0.5067 -0.4127 -0.7569
vn -0.1978 -0.2126 -0.9569
vn -0.0974 0.2988 -0.9493
vn -0.2529 -0.3361 -0.9072
vn -0.3374 0.3282 -0.8823
vn -0.4301 0.6924 -0.5793
vn 0.0521 0.5005 -0.8641
vn -0.6318 -0.5067 -0.5865
vn -0.5070 -0.1268 -0.8526
vn -0.0944 -0.5325 -0.8412
vn -0.4231 -0.6525 -0.6286
vn 0.7017 -0.1609 -0.6940
vn 0.7150 -0.0696 -0.6956
vn 0.4313 -0.1803 -0.8840
vn 0.6371 -0.5031 -0.5839
vn 0.6037 0.2074 -0.7697
vn 0.1285 0.7931 -0.5954
vn -0.7425 0.2694 -0.6133
vn -0.2909 0.4585 -0.8397
vn 0.6991 -0.2191 -0.6806
vn 0.6162 -0.3106 -0.7237
vn 0.8305 -0.5186 -0.2032
vn 0.5202 -0.5595 -0.6452
vn 0.4658 -0.2711 -0.8423
vn 0.2937 -0.4340 0.8516
vn 0.4611 0.1480 0.8749
vn 0.6012 -0.3473 0.7197
vn 0.5228 -0.4425 0.7285
vn 0.4405 -0.5305 0.7242
vn 0.5531 -0.4712 0.6869
vn 0.4674 -0.5511 0.6912
vn 0.5034 -0.4825 0.7168
vn 0.4607 -0.5234 0.7168
vn 0.4146 -0.5606 0.7168
vn 0.4260 -0.5760 0.6977
vn 0.4733 -0.5378 0.6977
vn 0.4996 -0.4781 0.7223
vn 0.5172 -0.4957 0.6977
vn 0.5574 -0.4501 0.6977
vn 0.5425 -0.4380 0.7168
vn 0.5777 -0.3905 0.7168
vn 0.5935 -0.4012 0.6977
vn 0.6087 -0.3400 0.7168
vn 0.6151 -0.3916 0.6843
vn 0.6800 -0.2965 0.6705
vn 0.6354 -0.2872 0.7168
vn 0.6575 -0.2323 0.7168
vn 0.6528 -0.2951 0.6977
vn 0.6254 -0.3494 0.6977
vn 0.6755 -0.2387 0.6977
vn 0.6300 -0.2721 0.7273
vn 0.6720 -0.1534 0.7245
vn 0.6933 -0.1805 0.6977
vn 0.6748 -0.1757 0.7168
vn 0.6872 -0.1178 0.7168
vn 0.7061 -0.1211 0.6977
vn 0.6948 -0.0591 0.7168
vn 0.7138 -0.0607 0.6977
vn 0.6885 -0.0309 0.7245
vn 0.7166 -0.0970 0.6906
vn 0.7215 0.0248 0.6920
vn 0.6853 0.0925 0.7223
vn 0.7164 0.0000 0.6977
vn 0.5169 -0.0163 0.8559
vn 0.7123 0.1316 0.6894
vn 0.6843 0.2337 0.6907
vn 0.4698 0.2211 0.8546
vn 0.6532 0.2167 0.7255
vn 0.6038 0.3249 0.7278
vn 0.7061 0.1211 0.6977
vn 0.6755 0.2387 0.6977
vn 0.6933 0.1805 0.6977
vn 0.6748 0.1757 0.7168
vn 0.6575 0.2323 0.7168
vn 0.6926 0.2091 0.6904
vn 0.6872 0.1178 0.7168
vn 0.7130 0.0911 0.6952
vn 0.6742 0.1490 0.7233
vn 0.6354 0.2872 0.7168
vn 0.6528 0.2951 0.6977
vn 0.6087 0.3400 0.7168
vn 0.6254 0.3494 0.6977
vn 0.5777 0.3905 0.7168
vn 0.5935 0.4012 0.6977
vn 0.5361 0.4275 0.7278
vn 0.5574 0.4501 0.6977
vn 0.5425 0.4380 0.7168
vn 0.5034 0.4825 0.7168
vn 0.5172 0.4957 0.6977
vn 0.4607 0.5234 0.7168
vn 0.4629 0.5139 0.7222
vn 0.4733 0.5378 0.6977
vn 0.4260 0.5760 0.6977
vn 0.4146 0.5606 0.7168
vn 0.3656 0.5937 0.7168
vn 0.3756 0.6100 0.6977
vn 0.3703 0.5755 0.7291
vn 0.4149 0.5897 0.6929
vn 0.2933 0.6209 0.7270
vn 0.3151 0.6543 0.6875
vn 0.3164 0.4089 0.8559
vn 0.5092 0.5203 0.6855
vn 0.5707 0.4482 0.6880
vn 0.6395 0.3441 0.6875
vn 0.3466 0.7626 0.5461
vn 0.1932 0.7000 0.6875
vn 0.1824 0.6610 0.7278
vn 0.0620 0.6831 0.7277
vn 0.2671 0.6648 0.6977
vn 0.1509 0.7003 0.6977
vn 0.2098 0.6850 0.6977
vn 0.2042 0.6667 0.7168
vn 0.1469 0.6816 0.7168
vn 0.2600 0.6470 0.7168
vn 0.3080 0.6546 0.6904
vn 0.1945 0.6968 0.6904
vn 0.1348 0.6771 0.7233
vn 0.0850 0.7120 0.6970
vn 0.0885 0.6916 0.7168
vn 0.0870 0.7121 0.6966
vn 0.0322 0.6974 0.7159
vn 0.0229 0.7150 0.6987
vn -0.0330 0.7148 0.6985
vn -0.0224 0.6980 0.7157
vn -0.0844 0.6909 0.7179
vn -0.0103 0.7177 0.6963
vn 0.0522 0.6920 0.7200
vn 0.4022 0.5940 0.6967
vn 0.3139 0.6226 0.7168
vn 0.4836 0.5351 0.6926
vn 0.3225 0.6397 0.6977
vn 0.0653 0.7231 0.6876
vn 0.6859 0.0581 0.7254
vn 0.7146 -0.0223 0.6991
vn 0.7232 0.0071 -0.6906
vn 0.6887 -0.0714 0.7215
vn 0.7173 -0.1273 0.6850
vn 0.6690 -0.1956 0.7170
vn 0.6929 -0.2143 0.6884
vn -0.3128 -0.4112 0.8562
vn 0.6417 -0.3257 0.6943
vn -0.4736 0.1690 0.8643
vn 0.6785 -0.2399 0.6943
vn 0.6948 0.0591 0.7168
vn 0.6973 0.0000 0.7168
vn 0.7138 0.0607 0.6977
vn 0.6870 -0.2286 0.6898
vn 0.6270 -0.3536 0.6941
vn 0.5735 -0.3771 0.7272
vn 0.4692 -0.5486 0.6920
vn 0.1498 -0.5071 -0.8488
vn 0.5172 0.3657 -0.7738
vn 0.5963 -0.4003 -0.6958
vn 0.5536 -0.4600 -0.6942
vn 0.2303 -0.0323 -0.9726
vn -0.4987 0.3517 -0.7922
vn 0.4327 -0.2608 -0.8630
vn -0.4722 -0.3030 -0.8277
vn 0.4224 0.3918 -0.8173
vn -0.0472 0.3593 -0.9320
vn -0.3626 0.4791 -0.7994
vn 0.2638 -0.4007 -0.8774
vn 0.4115 0.0693 -0.9088
vn 0.2984 -0.3708 -0.8795
vn -0.0721 -0.6009 -0.7960
vn 0.0121 0.5071 -0.8618
vn 0.5316 -0.2582 -0.8067
vn 0.2828 -0.2154 0.9347
vn 0.6735 -0.6300 0.3866
vn 0.8357 -0.3933 0.3832
vn 0.7665 -0.5136 0.3855
vn 0.3372 -0.1165 0.9342
vn 0.9164 -0.1551 0.3690
vn 0.8844 -0.2680 0.3821
vn 0.9244 -0.0546 0.3774
vn 0.3521 0.0030 0.9359
vn -0.7673 -0.0172 0.6410
vn -0.7667 0.1857 0.6145
vn 0.6845 0.0583 -0.7266
vn 0.6846 -0.0582 -0.7266
vn 0.9181 0.0891 0.3862
vn 0.6648 0.1731 -0.7266
vn 0.8944 0.2256 0.3861
vn 0.8509 0.3585 0.3838
vn 0.3401 0.1104 0.9339
vn 0.2924 0.2022 0.9346
vn -0.7811 -0.2915 0.5522
vn 0.8022 0.4579 0.3831
vn -0.4346 -0.3312 0.8375
vn -0.5167 -0.6165 0.5940
vn -0.2611 -0.8447 0.4671
vn 0.1212 0.3244 0.9381
vn 0.2194 0.2835 0.9335
vn 0.0107 0.3603 0.9327
vn 0.1896 0.9046 0.3816
vn -0.0934 0.3417 0.9351
vn -0.1884 0.9042 0.3833
vn -0.0548 0.9230 0.3808
vn 0.0822 0.9204 0.3822
vn -0.4458 0.8089 0.3833
vn -0.3350 0.8603 0.3842
vn -0.5454 0.7451 0.3838
vn 0.0872 0.6815 -0.7266
vn 0.2012 0.6569 -0.7266
vn 0.3121 0.8710 0.3795
vn 0.3093 0.6134 -0.7266
vn 0.3203 0.6964 -0.6422
vn 0.4085 0.5524 -0.7266
vn 0.5450 0.7452 0.3841
vn 0.4193 0.8299 0.3680
vn 0.6555 0.6503 0.3839
vn 0.7378 0.5541 0.3854
vn 0.4960 0.4754 -0.7266
vn 0.5692 0.3848 -0.7266
vn 0.5858 0.5016 -0.6365
vn 0.6261 0.2829 -0.7266
vn 0.3906 0.5046 -0.7699
vn -0.4640 -0.5704 -0.6777
vn -0.5969 -0.4258 -0.6800
vn -0.3064 -0.6637 -0.6824
vn 0.1302 0.6026 -0.7873
vn -0.4251 -0.5225 -0.7391
vn -0.2848 -0.6170 -0.7336
vn -0.1279 -0.7255 -0.6761
vn -0.1311 -0.6625 -0.7374
vn 0.0728 -0.7277 -0.6819
vn 0.0067 -0.6742 -0.7384
vn 0.1691 -0.6590 -0.7329
vn -0.4954 -0.6988 -0.5160
vn -0.5461 -0.4044 -0.7336
vn -0.6229 -0.2720 -0.7335
vn -0.0292 0.6864 -0.7266
vn 0.6649 -0.1732 -0.7266
vn -0.5395 -0.2745 -0.7960
vn -0.0172 0.3209 -0.9470
vn 0.4814 0.2354 -0.8443
vn 0.3919 -0.2256 -0.8919
vn 0.7096 0.4018 -0.5787
vn 0.0886 -0.7234 -0.6847
vn -0.1549 0.6376 -0.7546
vn -0.4226 -0.2699 -0.8652
vn -0.7060 0.1575 -0.6905
vn -0.9102 0.3375 -0.2398
vn -0.6745 0.2630 -0.6898
vn 0.1750 -0.4732 -0.8634
vn 0.7424 -0.3518 -0.5701
vn 0.3251 0.5837 -0.7440
vn -0.6148 -0.5366 -0.5779
vn 0.7203 -0.0310 -0.6929
vn 0.4443 0.5650 -0.6953
vn 0.5115 0.5093 -0.6920
vn 0.4002 0.5983 0.6942
vn -0.3797 -0.3999 -0.8342
vn -0.3981 0.6137 0.6818
vn -0.4146 0.5606 0.7168
vn -0.3656 0.5937 0.7168
vn -0.4607 0.5234 0.7168
vn -0.3756 0.6100 0.6977
vn -0.4260 0.5760 0.6977
vn -0.4733 0.5378 0.6977
vn -0.4956 0.4739 0.7278
vn -0.4079 0.5542 0.7255
vn -0.5034 0.4825 0.7168
vn -0.5172 0.4957 0.6977
vn -0.5574 0.4501 0.6977
vn -0.5425 0.4380 0.7168
vn -0.5935 0.4012 0.6977
vn -0.3225 0.6397 0.6977
vn -0.3139 0.6226 0.7168
vn -0.4733 -0.5378 0.6977
vn -0.4607 -0.5234 0.7168
vn -0.4260 -0.5760 0.6977
vn -0.4146 -0.5606 0.7168
vn -0.3656 -0.5937 0.7168
vn -0.3756 -0.6100 0.6977
vn -0.3582 -0.5888 0.7246
vn 0.8965 0.2619 0.3574
vn -0.1159 -0.2583 -0.9590
vn 0.2981 0.0511 -0.9532
vn 0.8354 -0.2084 -0.5085
vn -0.4080 0.7523 -0.5173
vn -0.3836 -0.5160 -0.7658
vn -0.3677 0.3024 -0.8794
vn 0.7115 0.3240 -0.6235
vn -0.4488 0.6504 -0.6127
vn -0.3677 -0.1981 -0.9086
vn -0.6376 -0.3210 -0.7003
vn 0.2981 -0.7296 -0.6155
vn -0.0858 0.5867 -0.8053
vn -0.0840 -0.2008 -0.9760
vn 0.0561 -0.5122 -0.8571
vn -0.4658 -0.4146 -0.7817
vn 0.6936 -0.2896 -0.6595
vn 0.5253 -0.2485 -0.8138
vn 0.3774 0.7013 -0.6047
vn -0.6973 0.4568 -0.5524
vn -0.0076 0.4841 -0.8750
vn -0.4643 -0.3203 -0.8257
vn 0.4694 0.2298 -0.8525
vn -0.0760 0.4718 -0.8784
vn 0.4444 -0.3464 -0.8261
vn 0.3752 -0.4269 -0.8227
vn -0.6245 0.6094 -0.4884
vn 0.0505 -0.5231 -0.8507
vn -0.5274 0.1998 -0.8258
vn -0.2904 -0.8531 -0.4333
vn -0.8884 -0.1523 -0.4330
vn 0.0119 -0.0160 -0.9998
vn -0.5862 0.6821 -0.4372
vn 0.1903 0.8765 -0.4421
vn 0.8470 0.3113 -0.4308
vn 0.6373 -0.6429 -0.4248
vn 0.5032 -0.1651 -0.8482
vn -0.1009 0.3359 -0.9365
vn 0.3819 0.3874 -0.8390
vn -0.3039 0.8713 -0.3851
vn -0.1535 0.9355 0.3182
vn 0.0119 0.4323 -0.9016
vn -0.4573 -0.3195 -0.8299
vn 0.2426 -0.5085 -0.8261
vn 0.5303 -0.8254 -0.1938
vn 0.4746 -0.8553 -0.2078
vn 0.3128 -0.4816 -0.8186
vn 0.3989 -0.8943 -0.2027
vn -0.1355 0.5482 -0.8253
vn 0.3331 -0.9179 -0.2155
vn 0.4413 -0.8085 0.3893
vn 0.5983 -0.7779 -0.1919
vn 0.6585 -0.7268 -0.1953
vn 0.6655 -0.6366 0.3896
vn 0.7083 -0.6721 -0.2155
vn 0.7022 -0.5764 0.4180
vn 0.7566 -0.6216 -0.2027
vn 0.7432 -0.5309 0.4071
vn 0.8068 -0.5530 -0.2077
vn 0.7877 -0.4640 0.4053
vn 0.8433 -0.5013 -0.1938
vn 0.8109 -0.4013 0.4259
vn 0.8450 -0.3482 0.4059
vn 0.8830 -0.4284 -0.1919
vn 0.9139 -0.3558 -0.1953
vn 0.5245 -0.2179 -0.8231
vn 0.4952 -0.2909 -0.8186
vn -0.4653 -0.0007 -0.8851
vn -0.1141 -0.5030 -0.8567
vn -0.7015 -0.5659 -0.4332
vn -0.8057 0.4171 -0.4206
vn 0.2035 0.8869 -0.4147
vn 0.0286 0.0390 -0.9988
vn 0.9044 -0.0744 -0.4202
vn 0.1930 -0.8825 -0.4289
vn 0.4313 -0.3324 -0.8387
vn 0.9358 -0.2910 -0.1988
vn 0.5518 -0.1385 -0.8224
vn 0.9572 -0.2142 -0.1947
vn -0.2205 0.3687 -0.9030
vn 0.9681 -0.1463 -0.2033
vn 0.8829 -0.1982 0.4257
vn 0.8773 -0.2747 0.3935
vn 0.9605 -0.2742 -0.0464
vn 0.8190 -0.5456 -0.1775
vn 0.8968 -0.4424 -0.0015
vn 0.7230 -0.5234 -0.4508
vn 0.8543 0.0536 0.5169
vn 0.8478 0.1457 -0.5098
vn 0.8236 0.5075 0.2532
vn 0.5636 -0.0544 0.8242
vn 0.6106 0.7027 -0.3652
vn 0.6169 0.6992 0.3611
vn 0.5734 0.0440 -0.8180
vn 0.6169 -0.6992 -0.3611
vn 0.6068 -0.7014 0.3739
vn 0.8243 -0.5056 -0.2547
vn 0.5447 0.8307 -0.1147
vn 0.8417 -0.4643 0.2755
vn -0.9000 -0.0920 -0.4260
vn 0.5572 0.7196 -0.4144
vn -0.4948 0.7592 -0.4227
vn 0.0473 -0.0089 -0.9988
vn -0.8050 -0.4173 -0.4216
vn 0.1370 -0.8979 -0.4184
vn -0.0028 -0.5575 -0.8302
vn -0.0016 -0.0125 -0.9999
vn -0.6384 0.6393 -0.4286
vn 0.8978 -0.0975 -0.4294
vn 0.3990 0.8147 -0.4208
vn 0.4621 -0.3234 -0.8257
vn -0.0739 0.9947 0.0713
vn -0.0477 0.7160 -0.6965
vn -0.1032 0.7110 -0.6956
vn -0.1660 0.6999 -0.6946
vn 0.0159 0.7168 -0.6970
vn 0.1273 0.9891 0.0742
vn 0.0146 0.6973 -0.7166
vn 0.0729 0.6936 -0.7166
vn 0.0768 0.7143 -0.6956
vn 0.0729 0.6936 0.7166
vn 0.1307 0.6850 0.7166
vn 0.1307 0.6850 -0.7166
vn 0.1875 0.6717 -0.7166
vn 0.1330 0.7069 -0.6946
vn 0.1875 0.6717 0.7166
vn -0.1864 -0.3314 0.9249
vn -0.1210 -0.3691 0.9214
vn -0.3228 0.3509 0.8790
vn 0.2431 0.6537 0.7166
vn -0.2462 -0.8879 0.3884
vn -0.1859 -0.9012 0.3913
vn -0.0563 -0.3837 0.9217
vn -0.0360 -0.9079 0.4176
vn -0.1071 -0.9151 0.3886
vn 0.0241 -0.9127 0.4079
vn 0.1043 -0.9086 0.4043
vn 0.2969 0.6310 0.7166
vn 0.2431 0.6537 -0.7166
vn 0.2969 0.6310 -0.7166
vn 0.2480 0.6738 -0.6960
vn 0.1949 0.6915 -0.6956
vn 0.2096 0.9499 0.2317
vn 0.4029 0.9058 -0.1312
vn 0.3068 0.6488 -0.6963
vn 0.3579 0.6217 -0.6967
vn 0.3487 0.6040 -0.7166
vn 0.3980 0.5727 0.7166
vn 0.3487 0.6040 0.7166
vn 0.3980 0.5727 -0.7166
vn -0.4854 -0.2178 0.8467
vn 0.0225 -0.5070 0.8616
vn -0.2166 -0.8798 0.4231
vn -0.8939 0.1722 0.4139
vn 0.0135 0.0548 0.9984
vn 0.8751 -0.2601 0.4081
vn 0.2225 0.8861 0.4064
vn 0.2789 0.4085 0.8691
vn 0.4774 -0.1451 0.8666
vn -0.2462 -0.2995 0.9218
vn 0.4445 0.5374 0.7166
vn -0.5064 -0.7638 0.4002
vn -0.5618 -0.7306 0.3880
vn -0.6219 -0.6782 0.3914
vn -0.6673 -0.6358 0.3879
vn -0.6549 -0.7300 -0.1953
vn -0.7139 -0.6714 -0.1986
vn -0.7595 -0.6205 -0.1953
vn -0.4542 -0.3437 -0.8219
vn -0.4984 0.1299 -0.8571
vn -0.8099 -0.5500 -0.2036
vn -0.5010 -0.2583 -0.8260
vn 0.3735 0.4185 -0.8278
vn -0.1355 0.5438 -0.8282
vn -0.8426 -0.4968 -0.2078
vn -0.8836 -0.4222 -0.2025
vn -0.8288 -0.4035 0.3876
vn -0.9089 -0.3569 -0.2154
vn -0.9373 -0.2888 -0.1953
vn -0.8922 0.1728 -0.4171
vn -0.3277 -0.4143 -0.8491
vn -0.2654 -0.8710 -0.4133
vn -0.0409 -0.0491 -0.9979
vn -0.1329 0.8930 -0.4299
vn 0.7199 0.5416 -0.4340
vn 0.7888 -0.4423 -0.4268
vn 0.5554 -0.0766 -0.8280
vn 0.2244 -0.4987 -0.8372
vn 0.0146 0.6973 0.7166
vn -0.0438 0.6960 0.7166
vn -0.0438 0.6960 -0.7166
vn -0.1019 0.6899 -0.7166
vn -0.5570 0.8283 -0.0604
vn -0.4643 0.2581 0.8472
vn -0.3533 -0.2085 0.9120
vn -0.9283 0.3666 -0.0620
vn -0.8643 0.3241 0.3845
vn -0.3547 0.1194 0.9273
vn -0.3786 0.0396 0.9247
vn -0.0445 -0.4845 0.8737
vn -0.8710 0.2869 0.3987
vn 0.3949 -0.0675 0.9162
vn 0.9129 -0.0005 0.4081
vn -0.1021 -0.9090 0.4040
vn 0.0414 -0.0222 0.9989
vn -0.9044 0.0528 0.4235
vn -0.0456 0.9104 0.4112
vn -0.4149 0.8063 0.4216
vn -0.8729 -0.2615 0.4118
vn -0.0572 -0.0117 0.9983
vn -0.2433 0.4508 -0.8588
vn -0.8572 0.2966 -0.4209
vn -0.5124 -0.7469 -0.4237
vn -0.0151 0.0048 -0.9998
vn 0.0646 0.9032 -0.4243
vn 0.8717 0.2474 -0.4230
vn 0.5394 -0.7253 -0.4277
vn 0.4169 -0.1028 0.9031
vn 0.7368 0.5375 0.4101
vn 0.4200 -0.8096 0.4100
vn 0.0815 -0.0107 0.9966
vn -0.7987 -0.4298 0.4211
vn -0.5324 0.7365 0.4173
vn -0.5466 0.4332 0.7166
vn -0.5809 0.3859 0.7166
usemtl motoman_scan_mat
s 1
f 2/1/1 1/2/2 6/3/3
f 1/4/2 2/5/1 3/6/4
f 4/7/5 1/8/2 3/9/4
f 5/10/6 1/2/2 4/11/5
f 1/2/2 5/10/6 6/3/3
f 2/1/1 6/3/3 9/12/7
f 10/13/8 6/3/3 7/14/9
f 8/15/10 7/14/9 6/3/3
f 6/3/3 5/10/6 8/15/10
f 9/16/7 6/17/3 11/18/11
f 6/19/3 10/20/8 11/21/11
f 12/22/12 11/23/11 10/24/8
f 12/25/12 14/26/13 11/27/11
f 15/28/14 13/29/15 11/27/11
f 11/30/11 13/31/15 9/32/7
f 11/27/11 14/26/13 15/28/14
f 15/28/14 16/33/16 13/29/15
f 16/33/16 15/28/14 18/34/17
f 18/34/17 15/28/14 17/35/18
f 15/28/14 14/26/13 17/35/18
f 22/36/19 16/33/16 18/34/17
f 22/36/19 18/34/17 19/37/20
f 19/37/20 18/34/17 20/38/21
f 18/34/17 21/39/22 20/38/21
f 18/34/17 17/35/18 21/39/22
f 22/36/19 24/40/23 23/41/24
f 22/36/19 23/41/24 16/33/16
f 22/36/19 19/37/20 24/40/23
f 26/42/25 23/41/24 24/40/23
f 25/43/26 24/40/23 19/37/20
f 24/40/23 25/43/26 26/42/25
f 23/44/24 26/45/25 27/46/27
f 26/45/25 28/47/28 27/46/27
f 28/48/28 26/42/25 25/43/26
f 27/46/27 28/47/28 29/49/29
f 25/43/26 30/50/30 28/48/28
f 29/51/29 28/48/28 30/50/30
f 30/50/30 25/43/26 31/52/31
f 30/50/30 31/52/31 32/53/32
f 32/53/32 33/54/33 30/50/30
f 30/50/30 33/54/33 29/51/29
f 35/55/34 33/54/33 34/56/35
f 32/53/32 34/56/35 33/54/33
f 35/55/34 29/51/29 33/54/33
f 35/55/34 34/56/35 37/57/36
f 27/46/27 35/58/34 36/59/37
f 29/49/29 35/58/34 27/46/27
f 36/60/37 35/55/34 37/57/36
f 37/57/36 38/61/38 36/60/37
f 38/61/38 37/57/36 39/62/39
f 37/57/36 40/63/40 39/62/39
f 40/63/40 37/57/36 34/56/35
f 32/53/32 41/64/41 40/63/40
f 43/65/42 40/63/40 41/64/41
f 34/56/35 32/53/32 40/63/40
f 43/65/42 42/66/43 40/63/40
f 42/66/43 39/62/39 40/63/40
f 44/67/44 42/66/43 43/65/42
f 43/65/42 45/68/45 44/67/44
f 43/65/42 41/64/41 45/68/45
f 46/69/46 45/68/45 41/64/41
f 45/68/45 46/69/46 47/70/47
f 47/70/47 48/71/48 45/68/45
f 48/71/48 44/67/44 45/68/45
f 48/71/48 47/70/47 50/72/49
f 50/72/49 49/73/50 48/71/48
f 52/74/51 48/71/48 49/73/50
f 48/71/48 51/75/52 44/67/44
f 51/75/52 48/71/48 52/74/51
f 53/76/53 51/75/52 52/74/51
f 52/74/51 55/77/54 53/76/53
f 54/78/55 52/74/51 49/73/50
f 52/74/51 54/78/55 56/79/56
f 52/74/51 56/79/56 55/77/54
f 56/79/56 57/80/57 58/81/58
f 57/80/57 56/79/56 54/78/55
f 55/77/54 56/79/56 59/82/59
f 56/79/56 58/81/58 59/82/59
f 61/83/60 59/82/59 58/81/58
f 59/82/59 61/83/60 60/84/61
f 55/77/54 59/82/59 60/84/61
f 62/85/62 61/83/60 58/81/58
f 60/84/61 61/83/60 63/86/63
f 62/85/62 64/87/64 61/83/60
f 61/83/60 64/87/64 63/86/63
f 63/86/63 64/87/64 65/88/65
f 62/85/62 67/89/66 64/87/64
f 64/87/64 66/90/67 65/88/65
f 68/91/68 66/90/67 64/87/64
f 64/87/64 67/89/66 68/91/68
f 71/92/69 69/93/70 68/91/68
f 68/91/68 69/93/70 66/90/67
f 68/91/68 70/94/71 71/92/69
f 70/94/71 68/91/68 67/89/66
f 72/95/72 71/92/69 74/96/73
f 71/92/69 72/95/72 73/97/74
f 69/93/70 71/92/69 73/97/74
f 74/96/73 71/92/69 70/94/71
f 72/95/72 74/96/73 77/98/75
f 70/94/71 75/99/76 74/96/73
f 76/100/77 74/96/73 75/99/76
f 77/98/75 74/96/73 76/100/77
f 77/101/75 76/102/77 79/103/78
f 77/101/75 78/104/79 80/105/80
f 77/101/75 79/103/78 78/104/79
f 80/105/80 72/106/72 77/101/75
f 81/107/81 83/108/82 80/109/80
f 80/109/80 78/110/79 81/107/81
f 80/105/80 82/111/83 72/106/72
f 82/112/83 80/109/80 83/108/82
f 82/112/83 83/108/82 84/113/84
f 85/114/85 84/115/84 83/116/82
f 86/117/86 85/114/85 83/116/82
f 86/117/86 83/116/82 81/118/81
f 86/117/86 87/119/87 85/114/85
f 87/119/87 86/117/86 89/120/88
f 88/121/89 86/117/86 81/118/81
f 88/121/89 89/120/88 86/117/86
f 89/120/88 88/121/89 91/122/90
f 90/123/91 89/120/88 92/124/92
f 89/120/88 90/123/91 87/119/87
f 89/120/88 91/122/90 93/125/93
f 93/126/93 92/127/92 89/128/88
f 94/129/94 93/125/93 91/122/90
f 95/130/95 93/125/93 94/129/94
f 92/127/92 93/126/93 96/131/96
f 97/132/97 93/126/93 95/133/95
f 93/126/93 97/132/97 96/131/96
f 98/134/98 97/135/97 101/136/99
f 97/132/97 98/137/98 99/138/100
f 95/139/95 100/140/101 97/141/97
f 99/138/100 96/131/96 97/132/97
f 100/140/101 101/142/99 97/141/97
f 101/143/99 100/144/101 103/145/102
f 98/134/98 101/136/99 102/146/103
f 102/147/103 101/143/99 103/145/102
f 100/144/101 108/148/104 103/145/102
f 103/145/102 104/149/105 102/147/103
f 105/150/106 104/149/105 103/145/102
f 105/150/106 103/145/102 107/151/107
f 103/145/102 106/152/108 107/151/107
f 108/148/104 106/152/108 103/145/102
f 94/129/94 108/153/104 95/130/95
f 94/129/94 109/154/109 108/153/104
f 100/144/101 95/155/95 108/148/104
f 108/148/104 109/156/109 110/157/110
f 110/157/110 106/152/108 108/148/104
f 110/157/110 109/156/109 111/158/111
f 111/158/111 106/152/108 110/157/110
f 112/159/112 111/158/111 109/156/109
f 111/158/111 114/160/113 106/152/108
f 111/158/111 112/159/112 116/161/114
f 115/162/115 113/163/116 111/158/111
f 114/160/113 111/158/111 113/163/116
f 115/162/115 111/158/111 116/161/114
f 117/164/117 116/161/114 112/159/112
f 116/161/114 117/164/117 118/165/118
f 118/165/118 115/162/115 116/161/114
f 119/166/119 120/167/120 118/165/118
f 118/165/118 121/168/121 119/166/119
f 121/168/121 118/165/118 117/164/117
f 115/162/115 118/165/118 120/167/120
f 123/169/122 119/166/119 121/168/121
f 117/164/117 124/170/123 121/168/121
f 121/168/121 122/171/124 123/169/122
f 122/171/124 121/168/121 124/170/123
f 127/172/125 125/173/126 124/170/123
f 126/174/127 124/170/123 125/173/126
f 124/170/123 126/174/127 122/171/124
f 124/170/123 117/164/117 127/172/125
f 128/175/128 130/176/129 127/177/125
f 127/177/125 129/178/130 128/175/128
f 129/179/130 127/172/125 117/164/117
f 125/180/126 127/177/125 130/176/129
f 131/181/131 130/182/129 132/183/132
f 130/176/129 131/184/131 125/180/126
f 130/182/129 128/185/128 132/183/132
f 132/183/132 133/186/133 131/181/131
f 136/187/134 132/183/132 128/185/128
f 133/188/133 132/189/132 134/190/135
f 135/191/136 134/190/135 132/189/132
f 132/192/132 136/193/134 135/194/136
f 136/195/134 133/196/133 137/197/137
f 133/186/133 136/187/134 139/198/138
f 137/197/137 135/199/136 136/195/134
f 128/185/128 138/200/139 136/187/134
f 138/200/139 139/198/138 136/187/134
f 139/201/138 138/202/139 140/203/140
f 140/203/140 142/204/141 139/201/138
f 144/205/142 139/206/138 141/207/143
f 143/208/144 141/209/143 139/201/138
f 142/204/141 143/208/144 139/201/138
f 139/198/138 144/210/142 133/186/133
f 133/186/133 144/210/142 145/211/145
f 145/212/145 144/205/142 146/213/146
f 141/207/143 146/213/146 144/205/142
f 147/214/147 149/215/148 146/216/146
f 147/214/147 146/216/146 141/217/143
f 149/215/148 148/218/149 146/216/146
f 146/219/146 148/220/149 145/221/145
f 150/222/150 122/171/124 149/215/148
f 149/215/148 152/223/151 150/222/150
f 152/223/151 149/215/148 151/224/152
f 151/224/152 149/215/148 147/214/147
f 126/174/127 149/215/148 122/171/124
f 149/215/148 126/174/127 148/218/149
f 151/224/152 153/225/153 152/223/151
f 154/226/154 152/223/151 153/225/153
f 154/226/154 155/227/155 152/223/151
f 155/227/155 150/222/150 152/223/151
f 156/228/156 155/227/155 154/226/154
f 156/228/156 157/229/157 155/227/155
f 150/222/150 155/227/155 157/229/157
f 157/229/157 158/230/158 160/231/159
f 157/229/157 156/228/156 158/230/158
f 157/229/157 159/232/160 150/222/150
f 159/232/160 157/229/157 160/231/159
f 161/233/161 163/234/162 160/231/159
f 160/231/159 158/230/158 161/233/161
f 160/231/159 162/235/163 159/232/160
f 163/234/162 162/235/163 160/231/159
f 164/236/164 163/234/162 165/237/165
f 163/234/162 164/236/164 162/235/163
f 166/238/166 165/237/165 163/234/162
f 163/234/162 161/233/161 166/238/166
f 169/239/167 166/238/166 161/233/161
f 165/237/165 166/238/166 167/240/168
f 168/241/169 167/240/168 166/238/166
f 166/238/166 169/239/167 168/241/169
f 169/239/167 172/242/170 170/243/171
f 170/243/171 168/241/169 169/239/167
f 161/233/161 171/244/172 169/239/167
f 172/242/170 169/239/167 171/244/172
f 171/244/172 173/245/173 172/242/170
f 174/246/174 172/242/170 173/245/173
f 174/246/174 170/243/171 172/242/170
f 174/246/174 175/247/175 177/248/176
f 174/246/174 176/249/177 175/247/175
f 173/245/173 176/249/177 174/246/174
f 170/243/171 174/246/174 177/248/176
f 178/250/178 177/248/176 175/247/175
f 177/248/176 178/250/178 179/251/179
f 179/251/179 180/252/180 177/248/176
f 181/253/181 177/248/176 180/252/180
f 170/243/171 177/248/176 181/253/181
f 181/253/181 183/254/182 170/243/171
f 180/252/180 182/255/183 181/253/181
f 183/254/182 181/253/181 182/255/183
f 168/241/169 170/243/171 183/254/182
f 168/241/169 183/254/182 184/256/184
f 182/255/183 184/256/184 183/254/182
f 186/257/185 185/258/186 184/256/184
f 184/256/184 185/258/186 187/259/187
f 184/256/184 188/260/188 186/257/185
f 184/256/184 187/259/187 168/241/169
f 184/256/184 182/255/183 188/260/188
f 188/261/188 189/262/189 190/263/190
f 189/264/189 188/260/188 182/255/183
f 191/265/191 186/266/185 188/261/188
f 190/263/190 191/265/191 188/261/188
f 191/265/191 192/267/192 186/266/185
f 191/268/191 190/269/190 193/270/193
f 192/271/192 191/268/191 193/270/193
f 194/272/194 192/271/192 193/270/193
f 193/270/193 196/273/195 194/272/194
f 193/274/193 195/275/196 197/276/197
f 195/277/196 193/270/193 190/269/190
f 196/278/195 193/279/193 197/280/197
f 199/281/198 197/276/197 195/275/196
f 197/280/197 198/282/199 196/278/195
f 198/283/199 197/284/197 200/285/200
f 197/284/197 199/286/198 201/287/201
f 205/288/202 200/285/200 197/284/197
f 197/284/197 201/287/201 202/289/203
f 202/289/203 203/290/204 197/284/197
f 203/290/204 204/291/205 197/284/197
f 197/284/197 204/291/205 205/288/202
f 205/292/202 204/293/205 208/294/206
f 207/295/207 206/296/208 205/292/202
f 200/297/200 205/292/202 206/296/208
f 208/294/206 207/295/207 205/292/202
f 209/298/209 208/294/206 204/293/205
f 207/299/207 208/300/206 210/301/210
f 209/302/209 211/303/211 208/300/206
f 211/303/211 210/301/210 208/300/206
f 213/304/212 210/301/210 211/303/211
f 211/303/211 212/305/213 214/306/214
f 212/305/213 211/303/211 209/302/209
f 211/303/211 214/306/214 213/304/212
f 212/305/213 215/307/215 214/306/214
f 216/308/216 214/306/214 215/307/215
f 214/306/214 216/308/216 218/309/217
f 213/304/212 214/306/214 217/310/218
f 218/309/217 217/310/218 214/306/214
f 218/309/217 216/308/216 220/311/219
f 219/312/220 217/310/218 218/309/217
f 220/311/219 219/312/220 218/309/217
f 221/313/221 220/311/219 216/308/216
f 223/314/222 220/311/219 221/313/221
f 219/312/220 220/311/219 222/315/223
f 223/314/222 222/315/223 220/311/219
f 224/316/224 226/317/225 223/314/222
f 223/314/222 227/318/226 224/316/224
f 221/313/221 225/319/227 223/314/222
f 227/318/226 223/314/222 225/319/227
f 222/315/223 223/314/222 226/317/225
f 228/320/228 231/321/229 227/318/226
f 227/318/226 229/322/230 228/320/228
f 230/323/231 229/322/230 227/318/226
f 225/319/227 230/323/231 227/318/226
f 231/321/229 224/316/224 227/318/226
f 224/316/224 231/321/229 232/324/232
f 233/325/233 232/324/232 231/321/229
f 231/321/229 228/320/228 233/325/233
f 234/326/234 233/325/233 228/320/228
f 234/326/234 235/327/235 233/325/233
f 235/327/235 236/328/236 233/325/233
f 232/324/232 233/325/233 236/328/236
f 236/328/236 237/329/237 232/324/232
f 237/329/237 236/328/236 54/78/55
f 238/330/238 54/78/55 236/328/236
f 236/328/236 235/327/235 238/330/238
f 54/78/55 238/330/238 57/80/57
f 239/331/239 57/80/57 238/330/238
f 239/331/239 238/330/238 235/327/235
f 235/327/235 240/332/240 239/331/239
f 244/333/241 239/331/239 240/332/240
f 57/80/57 239/331/239 241/334/242
f 242/335/243 241/334/242 239/331/239
f 239/331/239 243/336/244 242/335/243
f 239/331/239 244/333/241 243/336/244
f 240/332/240 245/337/245 244/333/241
f 245/337/245 246/338/246 244/333/241
f 244/333/241 246/338/246 247/339/247
f 244/333/241 247/339/247 248/340/248
f 244/333/241 248/340/248 243/336/244
f 249/341/249 248/340/248 247/339/247
f 249/341/249 243/336/244 248/340/248
f 250/342/250 249/343/249 252/344/251
f 243/336/244 249/341/249 250/345/250
f 247/339/247 251/346/252 249/341/249
f 249/343/249 251/347/252 253/348/253
f 253/348/253 252/344/251 249/343/249
f 253/349/253 137/350/137 254/351/254
f 254/351/254 252/352/251 253/349/253
f 135/353/136 137/350/137 253/349/253
f 253/349/253 255/354/255 135/353/136
f 255/355/255 253/356/253 251/357/252
f 256/358/256 255/355/255 247/359/247
f 135/353/136 255/354/255 256/360/256
f 251/357/252 247/359/247 255/355/255
f 256/360/256 258/361/257 257/362/258
f 256/360/256 257/362/258 134/363/135
f 256/360/256 259/364/259 258/361/257
f 259/364/259 256/360/256 260/365/260
f 246/366/246 260/367/260 256/358/256
f 256/358/256 247/359/247 246/366/246
f 134/363/135 135/353/136 256/360/256
f 246/368/246 245/369/245 260/370/260
f 245/369/245 259/371/259 260/370/260
f 258/372/257 259/371/259 261/373/261
f 245/369/245 261/373/261 259/371/259
f 262/374/262 261/375/261 263/376/263
f 258/372/257 261/373/261 262/377/262
f 261/375/261 245/337/245 240/332/240
f 240/332/240 263/376/263 261/375/261
f 234/326/234 263/376/263 240/332/240
f 234/326/234 264/378/264 263/376/263
f 265/379/265 263/376/263 264/378/264
f 263/376/263 265/379/265 266/380/266
f 266/380/266 262/374/262 263/376/263
f 262/377/262 266/381/266 257/382/258
f 267/383/267 257/382/258 266/381/266
f 266/381/266 269/384/268 267/383/267
f 265/379/265 268/385/269 266/380/266
f 268/385/269 269/386/268 266/380/266
f 270/387/270 267/383/267 269/384/268
f 269/384/268 268/388/269 270/387/270
f 272/389/271 271/390/272 270/391/270
f 267/392/267 270/391/270 271/390/272
f 270/391/270 273/393/273 272/389/271
f 273/394/273 270/387/270 268/388/269
f 273/393/273 276/395/274 272/389/271
f 268/388/269 274/396/275 273/394/273
f 275/397/276 273/394/273 274/396/275
f 276/395/274 273/393/273 275/398/276
f 277/399/277 272/400/271 276/401/274
f 276/401/274 279/402/278 277/399/277
f 280/403/279 276/395/274 278/404/280
f 275/398/276 278/404/280 276/395/274
f 276/401/274 280/405/279 279/402/278
f 280/405/279 284/406/281 279/402/278
f 286/407/282 280/403/279 281/408/283
f 282/409/284 281/408/283 280/403/279
f 280/403/279 283/410/285 282/409/284
f 280/403/279 278/404/280 283/410/285
f 280/405/279 285/411/286 284/406/281
f 280/405/279 286/412/282 285/411/286
f 286/412/282 287/413/287 285/411/286
f 288/414/288 287/413/287 286/412/282
f 288/414/288 286/412/282 289/415/289
f 292/416/290 289/417/289 286/407/282
f 291/418/291 286/407/282 290/419/292
f 281/408/283 290/419/292 286/407/282
f 291/418/291 292/416/290 286/407/282
f 293/420/293 292/421/290 294/422/294
f 292/416/290 293/423/293 296/424/295
f 295/425/296 294/422/294 292/421/290
f 292/421/290 291/426/291 295/425/296
f 296/424/295 289/417/289 292/416/290
f 289/415/289 296/427/295 297/428/297
f 296/427/295 298/429/298 297/428/297
f 299/430/299 296/424/295 293/423/293
f 296/431/295 299/432/299 298/433/298
f 178/434/178 298/433/298 299/432/299
f 293/423/293 300/435/300 299/430/299
f 301/436/301 299/430/299 300/435/300
f 179/437/179 178/434/178 299/432/299
f 299/432/299 301/438/301 179/437/179
f 300/435/300 302/439/302 301/436/301
f 303/440/303 301/436/301 302/439/302
f 304/441/304 179/437/179 301/438/301
f 301/438/301 303/442/303 304/441/304
f 304/443/304 306/444/305 179/251/179
f 303/442/303 305/445/306 304/441/304
f 189/264/189 304/443/304 305/446/306
f 306/444/305 304/443/304 189/264/189
f 179/251/179 306/444/305 180/252/180
f 182/255/183 180/252/180 306/444/305
f 189/264/189 182/255/183 306/444/305
f 307/447/307 305/445/306 303/442/303
f 190/269/190 305/448/306 195/277/196
f 189/262/189 305/449/306 190/263/190
f 305/448/306 307/450/307 195/277/196
f 310/451/308 307/447/307 308/452/309
f 308/452/309 307/447/307 309/453/310
f 307/447/307 303/442/303 309/453/310
f 194/272/194 307/450/307 310/454/308
f 307/450/307 194/272/194 196/273/195
f 196/273/195 195/277/196 307/450/307
f 310/455/308 312/456/311 194/457/194
f 310/458/308 311/459/312 312/460/311
f 310/458/308 308/461/309 311/459/312
f 311/459/312 314/462/313 312/460/311
f 192/463/192 312/456/311 313/464/314
f 313/465/314 312/460/311 314/462/313
f 312/456/311 192/463/192 194/457/194
f 317/466/315 185/258/186 314/462/313
f 313/465/314 314/462/313 185/258/186
f 318/467/316 314/462/313 315/468/317
f 311/459/312 315/468/317 314/462/313
f 314/462/313 318/467/316 316/469/318
f 316/469/318 317/466/315 314/462/313
f 318/467/316 320/470/319 319/471/320
f 319/471/320 316/469/318 318/467/316
f 320/470/319 318/467/316 315/468/317
f 321/472/321 319/471/320 320/470/319
f 315/468/317 323/473/322 320/470/319
f 320/470/319 322/474/323 321/472/321
f 322/474/323 320/470/319 323/473/322
f 324/475/324 323/473/322 315/468/317
f 326/476/325 323/473/322 324/475/324
f 322/474/323 323/473/322 325/477/326
f 326/476/325 325/477/326 323/473/322
f 324/478/324 327/479/327 326/480/325
f 326/480/325 327/479/327 328/481/328
f 328/481/328 330/482/329 326/480/325
f 325/483/326 326/480/325 329/484/330
f 329/484/330 326/480/325 330/482/329
f 330/485/329 328/486/328 331/487/331
f 332/488/332 330/485/329 331/487/331
f 329/484/330 330/482/329 332/489/332
f 333/490/333 329/484/330 332/489/332
f 333/490/333 332/489/332 334/491/334
f 334/492/334 332/488/332 336/493/335
f 331/487/331 335/494/336 332/488/332
f 332/488/332 335/494/336 336/493/335
f 336/495/335 339/496/337 337/497/338
f 337/498/338 338/499/339 336/500/335
f 340/501/340 336/500/335 338/499/339
f 339/502/337 336/493/335 335/494/336
f 334/492/334 336/493/335 340/503/340
f 338/504/339 341/505/341 340/506/340
f 339/507/337 340/508/340 341/509/341
f 342/510/342 334/492/334 340/503/340
f 343/511/343 340/503/340 339/502/337
f 340/503/340 343/511/343 342/510/342
f 344/512/344 343/511/343 339/502/337
f 345/513/345 343/511/343 344/512/344
f 343/514/343 345/515/345 346/516/346
f 343/517/343 346/518/346 347/519/347
f 342/520/342 343/517/343 347/519/347
f 350/521/348 348/522/349 347/523/347
f 347/519/347 348/524/349 342/520/342
f 349/525/350 351/526/351 347/523/347
f 347/523/347 346/527/346 349/525/350
f 351/526/351 350/521/348 347/523/347
f 351/526/351 349/525/350 352/528/352
f 351/526/351 352/528/352 350/521/348
f 352/528/352 353/529/353 354/530/354
f 353/529/353 352/528/352 349/525/350
f 354/530/354 356/531/355 352/528/352
f 352/528/352 355/532/356 350/521/348
f 355/532/356 352/528/352 356/531/355
f 355/532/356 356/531/355 357/533/357
f 357/533/357 356/531/355 358/534/358
f 356/531/355 354/530/354 358/534/358
f 357/533/357 358/534/358 362/535/359
f 358/534/358 354/530/354 359/536/360
f 360/537/361 358/534/358 359/536/360
f 358/534/358 360/537/361 361/538/362
f 358/534/358 361/538/362 362/535/359
f 362/539/359 361/540/362 363/541/363
f 363/541/363 366/542/364 362/539/359
f 362/539/359 364/543/365 357/544/357
f 365/545/366 364/543/365 362/539/359
f 362/539/359 366/542/364 365/545/366
f 367/546/367 365/547/366 366/548/364
f 366/548/364 368/549/368 367/546/367
f 366/550/364 369/551/369 368/552/368
f 369/553/369 366/554/364 363/555/363
f 374/556/370 370/557/371 369/558/369
f 369/559/369 370/560/371 371/561/372
f 371/561/372 376/562/373 369/559/369
f 369/558/369 375/563/374 372/564/375
f 372/564/375 373/565/376 369/558/369
f 369/558/369 373/565/376 374/556/370
f 369/559/369 376/562/373 368/549/368
f 375/566/374 369/553/369 363/555/363
f 376/567/373 371/568/372 377/569/377
f 368/570/368 376/571/373 377/572/377
f 377/572/377 378/573/378 368/570/368
f 378/574/378 377/575/377 381/576/379
f 379/577/380 377/569/377 371/568/372
f 377/575/377 379/578/380 382/579/381
f 380/580/382 381/576/379 377/575/377
f 382/579/381 380/580/382 377/575/377
f 383/581/383 382/582/381 384/583/384
f 382/584/381 383/585/383 385/586/385
f 384/587/384 382/579/381 379/578/380
f 380/588/382 382/584/381 385/586/385
f 385/586/385 386/589/386 380/588/382
f 386/589/386 385/586/385 387/590/387
f 388/591/388 387/590/387 385/586/385
f 385/586/385 389/592/389 388/591/388
f 389/593/389 385/594/385 391/595/390
f 383/585/383 390/596/391 385/586/385
f 391/595/390 385/594/385 390/597/391
f 393/598/392 392/599/393 391/595/390
f 391/600/390 392/601/393 389/592/389
f 393/598/392 391/595/390 390/597/391
f 396/602/394 393/598/392 394/603/395
f 395/604/396 394/603/395 393/598/392
f 393/598/392 390/597/391 395/604/396
f 393/598/392 396/602/394 397/605/397
f 397/605/397 392/599/393 393/598/392
f 398/606/398 397/605/397 399/607/399
f 401/608/400 397/605/397 398/606/398
f 396/602/394 399/607/399 397/605/397
f 397/605/397 400/609/401 392/599/393
f 401/608/400 400/609/401 397/605/397
f 402/610/402 401/608/400 398/606/398
f 403/611/403 401/612/400 402/613/402
f 404/614/404 401/612/400 403/611/403
f 404/614/404 400/615/401 401/612/400
f 400/615/401 404/614/404 389/592/389
f 389/592/389 404/614/404 405/616/405
f 406/617/406 405/616/405 404/614/404
f 403/611/403 406/617/406 404/614/404
f 406/618/406 403/619/403 407/620/407
f 407/620/407 408/621/408 406/618/406
f 405/622/405 406/618/406 408/621/408
f 408/623/408 407/624/407 350/625/348
f 350/625/348 355/626/356 408/623/408
f 409/627/409 408/623/408 355/626/356
f 408/621/408 409/628/409 405/622/405
f 411/629/410 410/630/411 409/627/409
f 388/631/388 409/628/409 410/632/411
f 409/628/409 388/631/388 405/622/405
f 409/627/409 355/626/356 411/629/410
f 364/543/365 411/629/410 357/544/357
f 411/629/410 364/543/365 365/545/366
f 357/544/357 411/629/410 355/626/356
f 365/545/366 410/630/411 411/629/410
f 410/632/411 365/547/366 388/631/388
f 403/619/403 342/510/342 407/620/407
f 407/624/407 342/633/342 348/634/349
f 348/634/349 350/625/348 407/624/407
f 405/616/405 388/591/388 389/592/389
f 403/619/403 334/492/334 342/510/342
f 402/613/402 334/491/334 403/611/403
f 333/635/333 402/636/402 338/637/339
f 402/613/402 333/490/333 334/491/334
f 412/638/412 402/610/402 398/606/398
f 402/639/402 412/640/412 413/641/413
f 402/636/402 413/642/413 338/637/339
f 413/641/413 412/640/412 415/643/414
f 413/642/413 414/644/415 341/645/341
f 415/643/414 414/646/415 413/641/413
f 341/645/341 338/637/339 413/642/413
f 398/606/398 417/647/416 415/648/414
f 415/648/414 412/638/412 398/606/398
f 417/647/416 416/649/417 415/648/414
f 414/646/415 415/643/414 416/650/417
f 399/607/399 417/647/416 398/606/398
f 322/474/323 417/647/416 418/651/418
f 417/647/416 322/474/323 416/649/417
f 419/652/419 418/651/418 417/647/416
f 417/647/416 399/607/399 419/652/419
f 418/651/418 419/652/419 421/653/420
f 419/652/419 422/654/421 420/655/422
f 420/655/422 421/653/420 419/652/419
f 422/654/421 419/652/419 399/607/399
f 422/654/421 423/656/423 424/657/424
f 423/656/423 422/654/421 394/603/395
f 422/654/421 396/602/394 394/603/395
f 399/607/399 396/602/394 422/654/421
f 420/655/422 422/654/421 424/657/424
f 424/657/424 423/656/423 425/658/425
f 424/657/424 425/658/425 426/659/426
f 426/659/426 420/655/422 424/657/424
f 425/658/425 427/660/427 426/659/426
f 421/653/420 426/659/426 427/660/427
f 421/653/420 420/655/422 426/659/426
f 427/660/427 425/658/425 428/661/428
f 429/662/429 427/660/427 428/661/428
f 430/663/430 427/660/427 429/662/429
f 427/660/427 430/663/430 431/664/431
f 427/660/427 431/664/431 421/653/420
f 431/664/431 432/665/432 433/666/433
f 432/665/432 431/664/431 430/663/430
f 433/666/433 434/667/434 431/664/431
f 421/653/420 431/664/431 434/667/434
f 321/472/321 418/651/418 434/667/434
f 434/667/434 433/666/433 321/472/321
f 421/653/420 434/667/434 418/651/418
f 433/666/433 435/668/435 319/471/320
f 435/668/435 433/666/433 432/665/432
f 319/471/320 321/472/321 433/666/433
f 432/665/432 436/669/436 435/668/435
f 437/670/437 435/668/435 436/669/436
f 435/668/435 437/670/437 316/469/318
f 316/469/318 319/471/320 435/668/435
f 440/671/438 437/670/437 167/240/168
f 439/672/439 167/240/168 437/670/437
f 437/670/437 436/669/436 439/672/439
f 438/673/440 316/469/318 437/670/437
f 437/670/437 440/671/438 438/673/440
f 168/241/169 440/671/438 167/240/168
f 440/671/438 168/241/169 187/259/187
f 187/259/187 438/673/440 440/671/438
f 167/240/168 439/672/439 165/237/165
f 164/236/164 165/237/165 439/672/439
f 442/674/441 164/236/164 439/672/439
f 436/669/436 441/675/442 439/672/439
f 439/672/439 441/675/442 442/674/441
f 164/236/164 442/674/441 443/676/443
f 446/677/444 443/676/443 442/674/441
f 442/674/441 445/678/445 444/679/446
f 442/674/441 444/679/446 446/677/444
f 445/678/445 442/674/441 441/675/442
f 447/680/447 446/677/444 444/679/446
f 447/680/447 448/681/448 446/677/444
f 448/681/448 449/682/449 446/677/444
f 443/676/443 446/677/444 449/682/449
f 159/232/160 449/682/449 450/683/450
f 449/682/449 159/232/160 162/235/163
f 449/682/449 448/681/448 451/684/451
f 449/682/449 162/235/163 443/676/443
f 451/684/451 450/683/450 449/682/449
f 452/685/452 451/684/451 448/681/448
f 451/684/451 452/685/452 119/166/119
f 450/683/450 451/684/451 123/169/122
f 119/166/119 123/169/122 451/684/451
f 452/685/452 448/681/448 447/680/447
f 447/680/447 454/686/453 452/685/452
f 120/167/120 119/166/119 452/685/452
f 452/685/452 453/687/454 120/167/120
f 453/687/454 452/685/452 454/686/453
f 455/688/455 454/686/453 456/689/456
f 455/688/455 453/687/454 454/686/453
f 447/680/447 456/689/456 454/686/453
f 456/689/456 458/690/457 455/688/455
f 456/689/456 447/680/447 444/679/446
f 444/679/446 457/691/458 456/689/456
f 458/690/457 456/689/456 457/691/458
f 459/692/459 455/688/455 458/690/457
f 459/692/459 458/690/457 460/693/460
f 458/690/457 461/694/461 460/693/460
f 458/690/457 462/695/462 461/694/461
f 457/691/458 462/695/462 458/690/457
f 464/696/463 461/694/461 462/695/462
f 463/697/464 462/695/462 465/698/465
f 462/695/462 463/697/464 464/696/463
f 425/658/425 465/698/465 462/695/462
f 462/695/462 457/691/458 428/661/428
f 428/661/428 425/658/425 462/695/462
f 463/697/464 465/698/465 467/699/466
f 465/698/465 466/700/467 468/701/468
f 465/698/465 425/658/425 466/700/467
f 468/701/468 467/699/466 465/698/465
f 470/702/469 467/699/466 468/701/468
f 466/700/467 469/703/470 468/701/468
f 468/701/468 469/703/470 470/702/469
f 471/704/471 472/705/472 470/702/469
f 470/702/469 474/706/473 471/704/471
f 473/707/474 470/702/469 472/705/472
f 475/708/475 470/702/469 473/707/474
f 476/709/476 474/706/473 470/702/469
f 470/702/469 475/708/475 467/699/466
f 476/709/476 470/702/469 469/703/470
f 474/706/473 476/709/476 477/710/477
f 477/710/477 476/709/476 479/711/478
f 478/712/479 476/709/476 469/703/470
f 478/712/479 479/711/478 476/709/476
f 479/711/478 480/713/480 477/710/477
f 481/714/481 480/713/480 479/711/478
f 479/711/478 478/712/479 481/714/481
f 478/712/479 466/700/467 481/714/481
f 480/713/480 481/714/481 483/715/482
f 423/656/423 481/714/481 466/700/467
f 481/714/481 423/656/423 482/716/483
f 482/716/483 483/715/482 481/714/481
f 485/717/484 483/715/482 484/718/485
f 482/716/483 484/718/485 483/715/482
f 483/715/482 485/717/484 480/713/480
f 486/719/486 488/720/487 485/717/484
f 486/719/486 485/717/484 487/721/488
f 487/721/488 485/717/484 484/718/485
f 477/710/477 480/713/480 485/717/484
f 477/710/477 485/717/484 488/720/487
f 488/720/487 486/719/486 489/722/489
f 491/723/490 477/710/477 488/720/487
f 489/722/489 490/724/491 488/720/487
f 491/723/490 488/720/487 490/724/491
f 492/725/492 474/706/473 491/723/490
f 477/710/477 491/723/490 474/706/473
f 492/725/492 491/723/490 490/724/491
f 490/724/491 493/726/493 492/725/492
f 492/725/492 493/726/493 496/727/494
f 494/728/495 474/706/473 492/725/492
f 494/728/495 492/725/492 495/729/496
f 496/727/494 495/729/496 492/725/492
f 496/727/494 493/726/493 497/730/497
f 497/730/497 498/731/498 496/727/494
f 499/732/499 496/727/494 498/731/498
f 499/732/499 495/729/496 496/727/494
f 503/733/500 499/734/499 500/735/501
f 498/736/498 500/735/501 499/734/499
f 501/737/502 499/734/499 502/738/503
f 499/732/499 501/739/502 495/729/496
f 503/733/500 502/738/503 499/734/499
f 502/738/503 503/733/500 504/740/504
f 505/741/505 503/733/500 500/735/501
f 506/742/506 504/740/504 503/733/500
f 503/733/500 505/741/505 506/742/506
f 506/742/506 507/743/507 504/740/504
f 508/744/508 507/743/507 506/742/506
f 508/744/508 506/742/506 505/741/505
f 508/745/508 509/746/509 512/747/510
f 509/748/509 508/744/508 510/749/511
f 510/749/511 508/744/508 505/741/505
f 511/750/512 508/745/508 27/751/27
f 514/752/513 508/744/508 511/753/512
f 512/747/510 27/751/27 508/745/508
f 513/754/514 507/743/507 508/744/508
f 508/744/508 514/752/513 513/754/514
f 513/755/514 514/756/513 515/757/515
f 515/758/515 514/759/513 518/760/516
f 511/753/512 516/761/517 514/752/513
f 517/762/518 514/759/513 516/763/517
f 514/759/513 517/762/518 518/760/516
f 519/764/519 518/765/516 521/766/520
f 518/760/516 519/767/519 520/768/521
f 518/760/516 520/768/521 523/769/522
f 518/770/516 517/771/518 522/772/523
f 522/772/523 521/773/520 518/770/516
f 518/760/516 523/769/522 515/758/515
f 515/757/515 523/774/522 524/775/524
f 523/774/522 525/776/525 524/775/524
f 525/777/525 523/778/522 520/779/521
f 525/780/525 526/781/526 524/782/524
f 528/783/527 526/781/526 525/780/525
f 520/779/521 527/784/528 525/777/525
f 525/780/525 527/785/528 528/783/527
f 527/785/528 530/786/529 528/783/527
f 531/787/530 529/788/531 528/783/527
f 528/783/527 529/788/531 532/789/532
f 528/783/527 530/786/529 531/787/530
f 532/789/532 526/781/526 528/783/527
f 533/790/533 526/781/526 532/789/532
f 532/789/532 534/791/534 533/790/533
f 532/789/532 529/788/531 534/791/534
f 534/791/534 535/792/535 533/790/533
f 535/792/535 534/791/534 536/793/536
f 537/794/537 536/793/536 534/791/534
f 537/794/537 534/791/534 529/788/531
f 536/793/536 537/794/537 539/795/538
f 529/788/531 531/787/530 537/794/537
f 540/796/539 537/794/537 531/787/530
f 537/794/537 538/797/540 539/795/538
f 538/797/540 537/794/537 540/796/539
f 531/787/530 104/149/105 540/796/539
f 104/149/105 105/150/106 540/796/539
f 107/151/107 540/796/539 105/150/106
f 107/151/107 541/798/541 540/796/539
f 538/797/540 540/796/539 541/798/541
f 107/151/107 114/160/113 541/798/541
f 114/160/113 542/799/542 541/798/541
f 541/798/541 542/799/542 538/797/540
f 542/799/542 539/795/538 538/797/540
f 113/163/116 542/799/542 114/160/113
f 542/799/542 113/163/116 543/800/543
f 542/799/542 543/800/543 544/801/544
f 539/795/538 542/799/542 544/801/544
f 545/802/545 539/795/538 544/801/544
f 544/801/544 546/803/546 545/802/545
f 546/803/546 544/801/544 543/800/543
f 548/804/547 545/802/545 546/803/546
f 546/803/546 547/805/548 548/804/547
f 547/805/548 546/803/546 543/800/543
f 545/802/545 548/804/547 536/793/536
f 536/793/536 548/804/547 550/806/549
f 549/807/550 548/804/547 547/805/548
f 550/806/549 548/804/547 549/807/550
f 556/808/551 551/809/552 550/806/549
f 550/806/549 551/809/552 552/810/553
f 536/793/536 550/806/549 552/810/553
f 550/806/549 553/811/554 555/812/555
f 553/811/554 550/806/549 554/813/556
f 549/807/550 554/813/556 550/806/549
f 555/812/555 473/707/474 550/806/549
f 550/806/549 473/707/474 556/808/551
f 557/814/557 551/809/552 556/808/551
f 558/815/558 557/814/557 556/808/551
f 558/815/558 556/808/551 559/816/559
f 473/707/474 559/816/559 556/808/551
f 560/817/560 558/815/558 559/816/559
f 559/816/559 472/705/472 560/817/560
f 472/705/472 559/816/559 473/707/474
f 561/818/561 560/817/560 562/819/562
f 561/818/561 558/815/558 560/817/560
f 562/819/562 560/817/560 472/705/472
f 562/819/562 501/739/502 561/818/561
f 562/819/562 495/729/496 501/739/502
f 495/729/496 562/819/562 471/704/471
f 472/705/472 471/704/471 562/819/562
f 557/814/557 558/815/558 561/818/561
f 564/820/563 557/814/557 561/818/561
f 502/821/503 561/818/561 501/739/502
f 561/822/561 502/738/503 504/740/504
f 504/823/504 563/824/564 561/818/561
f 561/818/561 563/824/564 564/820/563
f 564/820/563 565/825/565 552/810/553
f 563/824/564 565/825/565 564/820/563
f 557/814/557 564/820/563 551/809/552
f 552/810/553 551/809/552 564/820/563
f 565/825/565 563/824/564 566/826/566
f 566/826/566 567/827/567 565/825/565
f 565/825/565 567/827/567 568/828/568
f 568/828/568 552/810/553 565/825/565
f 568/828/568 535/792/535 536/793/536
f 535/792/535 568/828/568 567/827/567
f 552/810/553 568/828/568 536/793/536
f 567/827/567 533/790/533 535/792/535
f 533/790/533 567/827/567 566/826/566
f 570/829/569 569/830/570 566/831/566
f 566/826/566 569/832/570 533/790/533
f 507/743/507 570/829/569 566/831/566
f 507/743/507 566/831/566 504/740/504
f 563/833/564 504/740/504 566/831/566
f 569/830/570 570/829/569 571/834/571
f 572/835/572 571/834/571 570/829/569
f 572/835/572 570/829/569 507/743/507
f 507/743/507 513/754/514 572/835/572
f 572/836/572 513/755/514 515/757/515
f 515/757/515 571/837/571 572/836/572
f 526/781/526 569/832/570 571/838/571
f 524/775/524 571/837/571 515/757/515
f 571/838/571 524/782/524 526/781/526
f 526/781/526 533/790/533 569/832/570
f 464/696/463 475/708/475 555/812/555
f 473/707/474 555/812/555 475/708/475
f 461/694/461 555/812/555 553/811/554
f 461/694/461 464/696/463 555/812/555
f 554/813/556 549/807/550 459/692/459
f 459/692/459 460/693/460 554/813/556
f 553/811/554 554/813/556 460/693/460
f 460/693/460 461/694/461 553/811/554
f 547/805/548 459/692/459 549/807/550
f 455/688/455 459/692/459 547/805/548
f 543/800/543 455/688/455 547/805/548
f 536/793/536 539/795/538 545/802/545
f 120/167/120 543/800/543 113/163/116
f 543/800/543 120/167/120 453/687/454
f 543/800/543 453/687/454 455/688/455
f 573/839/573 531/787/530 530/786/529
f 104/149/105 531/787/530 573/839/573
f 577/840/574 104/149/105 573/839/573
f 530/786/529 574/841/575 573/839/573
f 573/839/573 574/841/575 575/842/576
f 575/842/576 576/843/577 573/839/573
f 573/839/573 576/843/577 577/840/574
f 577/840/574 576/843/577 578/844/578
f 577/840/574 578/844/578 579/845/579
f 104/149/105 577/840/574 579/845/579
f 102/146/103 579/846/579 580/847/580
f 580/847/580 579/846/579 578/848/578
f 579/845/579 102/147/103 104/149/105
f 580/847/580 98/134/98 102/146/103
f 98/137/98 580/849/580 581/850/581
f 92/124/92 580/847/580 578/848/578
f 581/850/581 580/849/580 92/127/92
f 581/850/581 99/138/100 98/137/98
f 92/127/92 96/131/96 581/850/581
f 99/851/100 581/852/581 582/853/582
f 583/854/583 582/853/582 581/852/581
f 581/855/581 96/856/96 583/857/583
f 586/858/584 582/859/582 583/860/583
f 584/861/585 587/862/586 583/860/583
f 583/860/583 585/863/587 584/861/585
f 585/864/587 583/857/583 96/856/96
f 587/862/586 586/858/584 583/860/583
f 78/110/79 587/862/586 588/865/588
f 587/862/586 584/861/585 588/865/588
f 589/866/589 586/867/584 587/868/586
f 587/868/586 590/869/590 589/866/589
f 590/870/590 587/871/586 78/104/79
f 78/104/79 79/103/78 590/870/590
f 589/872/589 590/870/590 76/102/77
f 590/870/590 79/103/78 76/102/77
f 592/873/591 591/874/592 589/875/589
f 589/866/589 591/876/592 586/867/584
f 589/875/589 76/100/77 592/873/591
f 75/99/76 592/873/591 76/100/77
f 592/873/591 75/99/76 591/874/592
f 75/99/76 593/877/593 591/874/592
f 594/878/594 591/876/592 593/879/593
f 594/878/594 586/867/584 591/876/592
f 598/880/595 595/881/596 594/882/594
f 595/881/596 586/883/584 594/882/594
f 593/884/593 596/885/597 594/886/594
f 594/882/594 596/887/597 597/888/598
f 597/888/598 598/880/595 594/882/594
f 598/889/595 597/890/598 600/891/599
f 600/891/599 599/892/600 598/889/595
f 595/893/596 598/889/595 599/892/600
f 600/894/599 601/895/601 603/896/602
f 601/897/601 600/891/599 597/890/598
f 599/898/600 600/894/599 602/899/603
f 600/894/599 603/896/602 602/899/603
f 603/896/602 604/900/604 57/80/57
f 57/80/57 241/334/242 603/896/602
f 604/900/604 603/896/602 607/901/605
f 241/334/242 602/899/603 603/896/602
f 601/895/601 605/902/606 603/896/602
f 605/902/606 606/903/607 603/896/602
f 603/896/602 606/903/607 607/901/605
f 608/904/608 607/901/605 62/85/62
f 607/901/605 608/904/608 604/900/604
f 607/901/605 67/89/66 62/85/62
f 607/901/605 606/903/607 67/89/66
f 57/80/57 608/904/608 58/81/58
f 608/904/608 57/80/57 604/900/604
f 62/85/62 58/81/58 608/904/608
f 606/903/607 605/902/606 593/877/593
f 593/877/593 75/99/76 606/903/607
f 75/99/76 70/94/71 606/903/607
f 67/89/66 606/903/607 70/94/71
f 593/884/593 605/905/606 596/885/597
f 605/905/606 609/906/609 596/885/597
f 605/905/606 601/897/601 609/906/609
f 596/887/597 609/907/609 597/888/598
f 597/890/598 609/906/609 601/897/601
f 241/334/242 610/908/610 602/899/603
f 602/899/603 610/908/610 599/898/600
f 610/908/610 241/334/242 242/335/243
f 611/909/611 610/908/610 242/335/243
f 610/910/610 611/911/611 612/912/612
f 612/913/612 599/898/600 610/908/610
f 595/893/596 612/912/612 613/914/613
f 599/892/600 612/912/612 595/893/596
f 613/914/613 612/912/612 611/911/611
f 613/914/613 614/915/614 595/893/596
f 615/916/615 614/915/614 613/914/613
f 613/914/613 611/911/611 615/916/615
f 615/917/615 617/918/616 616/919/617
f 615/917/615 616/919/617 584/861/585
f 250/342/250 617/920/616 615/916/615
f 584/861/585 614/921/614 615/917/615
f 615/916/615 611/911/611 250/342/250
f 617/918/616 618/922/618 616/919/617
f 252/344/251 617/920/616 250/342/250
f 617/918/616 252/352/251 618/922/618
f 616/923/617 618/924/618 619/925/619
f 620/926/620 619/925/619 618/924/618
f 254/351/254 618/922/618 252/352/251
f 621/927/621 620/926/620 618/924/618
f 618/924/618 254/928/254 621/927/621
f 138/202/139 621/927/621 254/928/254
f 622/929/622 620/926/620 621/927/621
f 622/929/622 621/927/621 623/930/623
f 623/930/623 621/927/621 129/931/130
f 138/202/139 129/931/130 621/927/621
f 117/164/117 112/159/112 623/932/623
f 622/933/622 623/932/623 112/159/112
f 117/164/117 623/932/623 129/179/130
f 622/933/622 112/159/112 109/156/109
f 622/929/622 619/925/619 620/926/620
f 109/154/109 619/925/619 622/929/622
f 619/925/619 109/154/109 94/129/94
f 616/923/617 619/925/619 94/129/94
f 584/934/585 616/923/617 94/129/94
f 595/935/596 614/921/614 585/863/587
f 614/921/614 584/861/585 585/863/587
f 611/909/611 242/335/243 250/345/250
f 582/936/582 586/937/584 595/938/596
f 595/935/596 585/863/587 582/859/582
f 588/865/588 81/107/81 78/110/79
f 81/118/81 588/939/588 88/121/89
f 91/122/90 88/121/89 588/939/588
f 588/939/588 584/934/585 91/122/90
f 96/940/96 99/941/100 585/942/587
f 582/853/582 585/943/587 99/851/100
f 584/934/585 94/129/94 91/122/90
f 578/848/578 576/944/577 624/945/624
f 578/848/578 624/945/624 92/124/92
f 576/944/577 625/946/625 624/945/624
f 624/945/624 90/123/91 92/124/92
f 90/123/91 624/945/624 625/946/625
f 625/946/625 576/944/577 575/947/576
f 90/123/91 625/946/625 87/119/87
f 575/947/576 87/119/87 625/946/625
f 575/947/576 626/948/626 85/114/85
f 574/841/575 626/949/626 575/842/576
f 87/119/87 575/947/576 85/114/85
f 626/950/626 520/768/521 519/767/519
f 520/779/521 626/951/626 527/784/528
f 626/949/626 574/841/575 527/785/528
f 627/952/627 626/948/626 628/953/628
f 626/948/626 627/952/627 85/114/85
f 628/954/628 626/950/626 519/767/519
f 627/955/627 628/956/628 516/761/517
f 517/762/518 516/763/517 628/954/628
f 519/767/519 517/762/518 628/954/628
f 627/955/627 516/761/517 629/957/629
f 629/957/629 84/958/84 627/955/627
f 85/114/85 627/952/627 84/115/84
f 629/959/629 511/750/512 522/960/523
f 511/753/512 629/957/629 516/761/517
f 630/961/630 84/113/84 629/959/629
f 522/960/523 630/961/630 629/959/629
f 517/962/518 519/963/519 630/964/630
f 521/766/520 630/965/630 519/764/519
f 630/964/630 522/966/523 517/962/518
f 82/112/83 630/961/630 521/967/520
f 630/961/630 82/112/83 84/113/84
f 527/785/528 574/841/575 530/786/529
f 522/960/523 511/750/512 632/968/631
f 521/967/520 522/960/523 631/969/632
f 633/970/633 631/969/632 522/960/523
f 632/968/631 633/970/633 522/960/523
f 633/971/633 632/972/631 634/973/634
f 633/971/633 634/973/634 636/974/635
f 636/974/635 635/975/636 633/971/633
f 631/976/632 633/971/633 635/975/636
f 634/977/634 637/978/637 636/979/635
f 635/980/636 636/979/635 637/978/637
f 635/980/636 637/978/637 69/93/70
f 66/90/67 69/93/70 637/978/637
f 634/977/634 638/981/638 637/978/637
f 638/981/638 66/90/67 637/978/637
f 638/982/638 634/973/634 632/972/631
f 639/983/639 638/982/638 632/972/631
f 65/88/65 66/90/67 638/981/638
f 638/981/638 639/984/639 65/88/65
f 632/972/631 27/46/27 639/983/639
f 640/985/640 639/983/639 27/46/27
f 639/984/639 640/986/640 641/987/641
f 641/987/641 65/88/65 639/984/639
f 65/88/65 641/987/641 63/86/63
f 641/987/641 38/61/38 63/86/63
f 38/61/38 641/987/641 640/986/640
f 36/59/37 640/985/640 27/46/27
f 640/986/640 36/60/37 38/61/38
f 69/93/70 73/97/74 635/980/636
f 631/976/632 635/975/636 73/988/74
f 27/751/27 632/968/631 511/750/512
f 631/969/632 82/112/83 521/967/520
f 82/111/83 631/976/632 73/988/74
f 642/989/642 512/747/510 509/746/509
f 27/46/27 512/990/510 23/44/24
f 643/991/643 512/992/510 642/993/642
f 512/990/510 643/994/643 23/44/24
f 23/41/24 643/995/643 644/996/644
f 644/997/644 643/991/643 642/993/642
f 16/33/16 23/41/24 644/996/644
f 644/996/644 645/998/645 16/33/16
f 646/999/646 645/1000/645 644/997/644
f 642/993/642 646/999/646 644/997/644
f 9/12/7 646/1001/646 2/1/1
f 646/1001/646 647/1002/647 2/1/1
f 646/1001/646 642/989/642 647/1002/647
f 645/1000/645 646/999/646 9/1003/7
f 2/1004/1 647/1005/647 648/1006/648
f 649/1007/649 648/1006/648 647/1005/647
f 5/10/6 647/1002/647 509/746/509
f 647/1002/647 5/10/6 4/11/5
f 647/1005/647 4/1008/5 649/1007/649
f 509/746/509 647/1002/647 642/989/642
f 649/1009/649 3/1010/4 651/1011/650
f 3/9/4 649/1012/649 4/7/5
f 648/1013/648 649/1009/649 650/1014/651
f 649/1009/649 651/1011/650 650/1014/651
f 650/1015/651 651/1016/650 653/1017/652
f 651/1018/650 652/1019/653 655/1020/654
f 3/1010/4 652/1021/653 651/1011/650
f 651/1022/650 654/1023/655 653/1024/652
f 655/1025/654 654/1026/655 651/1027/650
f 657/1028/656 655/1029/654 656/1030/657
f 655/1031/654 652/1032/653 656/1033/657
f 654/1023/655 655/1029/654 657/1028/656
f 657/1028/656 658/1034/658 7/1035/9
f 7/1035/9 654/1023/655 657/1028/656
f 657/1028/656 659/1036/659 658/1034/658
f 657/1028/656 660/1037/660 659/1036/659
f 660/1037/660 657/1028/656 661/1038/661
f 657/1028/656 656/1030/657 661/1038/661
f 661/1038/661 662/1039/662 664/1040/663
f 486/719/486 662/1041/662 661/1042/661
f 661/1042/661 656/1033/657 486/719/486
f 663/1043/664 660/1037/660 661/1038/661
f 664/1040/663 663/1043/664 661/1038/661
f 665/1044/665 664/1045/663 662/1041/662
f 380/588/382 663/1043/664 664/1040/663
f 664/1040/663 665/1046/665 381/1047/379
f 380/588/382 664/1040/663 381/1047/379
f 665/1044/665 662/1041/662 487/721/488
f 487/721/488 666/1048/666 665/1044/665
f 665/1046/665 666/1049/666 381/1047/379
f 666/1048/666 487/721/488 484/718/485
f 666/1049/666 667/1050/667 668/1051/668
f 484/718/485 667/1052/667 666/1048/666
f 666/1049/666 668/1051/668 381/1047/379
f 378/574/378 668/1053/668 384/587/384
f 384/1054/384 668/1051/668 667/1050/667
f 381/576/379 668/1053/668 378/574/378
f 670/1055/669 667/1052/667 669/1056/670
f 669/1056/670 667/1052/667 484/718/485
f 667/1057/667 670/1058/669 384/583/384
f 390/597/391 670/1055/669 669/1056/670
f 390/597/391 383/1059/383 670/1055/669
f 670/1058/669 383/581/383 384/583/384
f 482/716/483 669/1056/670 484/718/485
f 395/604/396 669/1056/670 482/716/483
f 669/1056/670 395/604/396 390/597/391
f 380/588/382 659/1036/659 663/1043/664
f 660/1037/660 663/1043/664 659/1036/659
f 662/1041/662 486/719/486 487/721/488
f 386/589/386 658/1034/658 659/1036/659
f 386/589/386 659/1036/659 380/588/382
f 671/1060/671 7/1035/9 658/1034/658
f 671/1060/671 658/1034/658 386/589/386
f 386/589/386 387/590/387 671/1060/671
f 671/1061/671 387/1062/387 370/560/371
f 370/560/371 672/1063/672 671/1061/671
f 7/14/9 671/1061/671 672/1063/672
f 10/24/8 672/1064/672 12/22/12
f 672/1063/672 10/13/8 7/14/9
f 374/1065/370 673/1066/673 672/1064/672
f 672/1064/672 370/1067/371 374/1065/370
f 672/1064/672 673/1066/673 12/22/12
f 674/1068/674 14/26/13 673/1069/673
f 674/1070/674 673/1066/673 374/1065/370
f 12/25/12 673/1069/673 14/26/13
f 674/1068/674 675/1071/675 14/26/13
f 675/1071/675 674/1068/674 373/1072/376
f 374/1065/370 373/1073/376 674/1070/674
f 676/1074/676 675/1071/675 372/1075/375
f 373/1072/376 372/1075/375 675/1071/675
f 676/1074/676 17/35/18 675/1071/675
f 675/1071/675 17/35/18 14/26/13
f 372/1075/375 677/1076/677 676/1074/676
f 21/39/22 676/1074/676 677/1076/677
f 676/1074/676 21/39/22 17/35/18
f 375/1077/374 677/1078/677 372/1079/375
f 678/1080/678 679/1081/679 677/1078/677
f 375/1077/374 678/1080/678 677/1078/677
f 677/1076/677 679/1082/679 21/39/22
f 678/1080/678 681/1083/680 679/1081/679
f 679/1082/679 680/1084/681 21/39/22
f 681/1083/680 680/1085/681 679/1081/679
f 682/1086/682 681/1087/680 678/1088/678
f 680/1085/681 681/1083/680 682/1089/682
f 684/1090/683 682/1089/682 683/1091/684
f 683/1092/684 682/1086/682 678/1088/678
f 682/1089/682 684/1090/683 680/1085/681
f 360/537/361 684/1093/683 361/538/362
f 360/537/361 680/1084/681 684/1093/683
f 683/1091/684 361/540/362 684/1090/683
f 361/540/362 683/1091/684 363/541/363
f 363/555/363 683/1092/684 678/1088/678
f 360/537/361 21/39/22 680/1084/681
f 678/1088/678 375/566/374 363/555/363
f 489/722/489 486/719/486 656/1033/657
f 685/1094/685 489/722/489 656/1033/657
f 656/1033/657 652/1032/653 685/1094/685
f 687/1095/686 685/1096/685 686/1097/687
f 685/1096/685 652/1098/653 686/1097/687
f 685/1094/685 490/724/491 489/722/489
f 685/1094/685 687/1099/686 493/726/493
f 493/726/493 490/724/491 685/1094/685
f 688/1100/688 497/1101/497 687/1102/686
f 686/1097/687 688/1103/688 687/1095/686
f 493/726/493 687/1099/686 497/730/497
f 688/1100/688 510/1104/511 500/1105/501
f 510/1106/511 688/1107/688 648/1013/648
f 688/1107/688 686/1108/687 648/1013/648
f 498/1109/498 497/1101/497 688/1100/688
f 688/1100/688 500/1105/501 498/1109/498
f 686/1108/687 652/1021/653 3/1010/4
f 3/1010/4 648/1013/648 686/1108/687
f 7/1035/9 653/1024/652 654/1023/655
f 650/1015/651 653/1017/652 8/1110/10
f 653/1024/652 7/1035/9 8/1111/10
f 510/749/511 650/1015/651 509/748/509
f 650/1014/651 510/1106/511 648/1013/648
f 8/1110/10 509/748/509 650/1015/651
f 648/1112/648 3/6/4 2/5/1
f 9/1003/7 13/1113/15 645/1000/645
f 645/998/645 13/29/15 16/33/16
f 505/741/505 500/735/501 510/749/511
f 509/746/509 8/15/10 5/10/6
f 495/729/496 471/704/471 494/728/495
f 474/706/473 494/728/495 471/704/471
f 394/603/395 482/716/483 423/656/423
f 394/603/395 395/604/396 482/716/483
f 466/700/467 478/712/479 469/703/470
f 463/697/464 467/699/466 475/708/475
f 464/696/463 463/697/464 475/708/475
f 466/700/467 425/658/425 423/656/423
f 457/691/458 444/679/446 429/662/429
f 428/661/428 457/691/458 429/662/429
f 159/232/160 450/683/450 689/1114/689
f 123/169/122 689/1114/689 450/683/450
f 150/222/150 689/1114/689 122/171/124
f 689/1114/689 150/222/150 159/232/160
f 689/1114/689 123/169/122 122/171/124
f 429/662/429 445/678/445 430/663/430
f 445/678/445 429/662/429 444/679/446
f 445/678/445 441/675/442 430/663/430
f 443/676/443 162/235/163 164/236/164
f 430/663/430 441/675/442 432/665/432
f 436/669/436 432/665/432 441/675/442
f 185/258/186 317/466/315 438/673/440
f 438/673/440 187/259/187 185/258/186
f 316/469/318 438/673/440 317/466/315
f 418/651/418 321/472/321 322/474/323
f 690/1115/690 416/649/417 322/474/323
f 691/1116/691 416/650/417 690/1117/690
f 416/650/417 691/1116/691 414/646/415
f 341/645/341 691/1118/691 692/1119/692
f 692/1120/692 691/1121/691 690/1122/690
f 414/644/415 691/1118/691 341/645/341
f 692/1120/692 690/1122/690 693/1123/693
f 692/1119/692 333/635/333 337/1124/338
f 692/1119/692 337/1124/338 341/645/341
f 693/1123/693 333/1125/333 692/1120/692
f 329/484/330 333/490/333 693/1126/693
f 325/483/326 329/484/330 693/1126/693
f 325/477/326 693/1127/693 690/1115/690
f 322/474/323 325/477/326 690/1115/690
f 389/592/389 392/601/393 400/615/401
f 387/1062/387 388/631/388 371/561/372
f 388/631/388 365/547/366 367/546/367
f 367/546/367 371/561/372 388/631/388
f 370/560/371 387/1062/387 371/561/372
f 379/578/380 378/574/378 384/587/384
f 378/1128/378 379/1129/380 367/1130/367
f 371/568/372 367/1131/367 379/577/380
f 367/1130/367 368/1132/368 378/1128/378
f 694/1133/694 21/39/22 360/537/361
f 360/537/361 695/1134/695 694/1133/694
f 695/1134/695 360/537/361 359/536/360
f 695/1134/695 696/1135/696 694/1133/694
f 695/1134/695 359/536/360 696/1135/696
f 696/1135/696 359/536/360 699/1136/697
f 696/1135/696 698/1137/698 697/1138/699
f 697/1138/699 694/1133/694 696/1135/696
f 698/1137/698 696/1135/696 699/1136/697
f 700/1139/700 699/1136/697 703/1140/701
f 700/1139/700 698/1137/698 699/1136/697
f 701/1141/702 702/1142/703 699/1136/697
f 704/1143/704 701/1141/702 699/1136/697
f 703/1140/701 699/1136/697 702/1142/703
f 699/1136/697 359/536/360 704/1143/704
f 705/1144/705 704/1143/704 359/536/360
f 704/1143/704 705/1144/705 706/1145/706
f 704/1143/704 706/1145/706 708/1146/707
f 704/1143/704 707/1147/708 701/1141/702
f 707/1147/708 704/1143/704 709/1148/709
f 708/1146/707 709/1148/709 704/1143/704
f 709/1148/709 708/1146/707 710/1149/710
f 710/1149/710 711/1150/711 709/1148/709
f 709/1148/709 712/1151/712 707/1147/708
f 712/1151/712 709/1148/709 711/1150/711
f 713/1152/713 707/1147/708 712/1151/712
f 716/1153/714 713/1152/713 712/1151/712
f 714/1154/715 712/1151/712 715/1155/716
f 712/1151/712 714/1154/715 716/1153/714
f 711/1150/711 715/1155/716 712/1151/712
f 50/72/49 713/1152/713 716/1153/714
f 716/1153/714 717/1156/717 50/72/49
f 717/1156/717 716/1153/714 718/1157/718
f 718/1157/718 716/1153/714 714/1154/715
f 719/1158/719 717/1156/717 718/1157/718
f 718/1157/718 720/1159/720 719/1158/719
f 714/1154/715 219/312/220 718/1157/718
f 222/315/223 718/1157/718 219/312/220
f 720/1159/720 718/1157/718 222/315/223
f 720/1159/720 226/317/225 719/1158/719
f 226/317/225 720/1159/720 222/315/223
f 717/1156/717 719/1158/719 49/73/50
f 237/329/237 49/73/50 719/1158/719
f 237/329/237 719/1158/719 226/317/225
f 49/73/50 50/72/49 717/1156/717
f 715/1155/716 219/312/220 714/1154/715
f 721/1160/721 217/310/218 715/1155/716
f 715/1155/716 711/1150/711 721/1160/721
f 219/312/220 715/1155/716 217/310/218
f 210/301/210 213/304/212 721/1160/721
f 721/1160/721 722/1161/722 210/301/210
f 722/1161/722 721/1160/721 723/1162/723
f 723/1162/723 721/1160/721 711/1150/711
f 217/310/218 721/1160/721 213/304/212
f 723/1162/723 724/1163/724 722/1161/722
f 711/1150/711 710/1149/710 723/1162/723
f 724/1163/724 723/1162/723 710/1149/710
f 726/1164/725 724/1163/724 725/1165/726
f 710/1149/710 725/1165/726 724/1163/724
f 724/1163/724 726/1164/725 722/1161/722
f 726/1164/725 728/1166/727 727/1167/728
f 727/1167/728 722/1161/722 726/1164/725
f 728/1166/727 726/1164/725 725/1165/726
f 731/1168/729 727/1167/728 728/1166/727
f 725/1165/726 729/1169/730 728/1166/727
f 728/1166/727 729/1169/730 730/1170/731
f 730/1170/731 732/1171/732 728/1166/727
f 731/1168/729 728/1166/727 732/1171/732
f 733/1172/733 335/1173/336 732/1174/732
f 731/1175/729 732/1174/732 335/1173/336
f 732/1174/732 730/1176/731 733/1172/733
f 335/494/336 733/1177/733 339/502/337
f 733/1177/733 344/512/344 339/502/337
f 344/1178/344 733/1172/733 730/1176/731
f 335/1173/336 331/1179/331 731/1175/729
f 734/1180/734 731/1175/729 331/1179/331
f 727/1167/728 731/1168/729 734/1181/734
f 331/1179/331 737/1182/735 734/1180/734
f 735/1183/736 736/1184/737 734/1181/734
f 735/1185/736 734/1180/734 737/1182/735
f 734/1181/734 736/1184/737 727/1167/728
f 737/1186/735 331/487/331 328/486/328
f 737/1182/735 738/1187/738 735/1185/736
f 738/1188/738 737/1186/735 739/1189/739
f 328/486/328 739/1189/739 737/1186/735
f 741/1190/740 739/1189/739 309/1191/310
f 309/453/310 739/1192/739 308/452/309
f 739/1192/739 740/1193/741 308/452/309
f 741/1190/740 738/1188/738 739/1189/739
f 739/1192/739 328/481/328 327/479/327
f 739/1192/739 327/479/327 740/1193/741
f 200/285/200 741/1190/740 309/1191/310
f 738/1187/738 741/1194/740 742/1195/742
f 741/1196/740 200/297/200 206/296/208
f 206/296/208 742/1197/742 741/1196/740
f 735/1183/736 742/1198/742 206/1199/208
f 742/1195/742 735/1185/736 738/1187/738
f 740/1200/741 311/459/312 308/461/309
f 740/1200/741 743/1201/743 311/459/312
f 743/1202/743 740/1193/741 327/479/327
f 315/468/317 311/459/312 743/1201/743
f 743/1201/743 324/475/324 315/468/317
f 743/1202/743 327/479/327 324/478/324
f 744/1203/744 727/1167/728 736/1184/737
f 206/1199/208 736/1184/737 735/1183/736
f 206/1199/208 744/1203/744 736/1184/737
f 210/301/210 744/1203/744 207/299/207
f 744/1203/744 210/301/210 722/1161/722
f 206/1199/208 207/299/207 744/1203/744
f 727/1167/728 744/1203/744 722/1161/722
f 730/1176/731 729/1204/730 344/1178/344
f 729/1204/730 745/1205/745 344/1178/344
f 729/1204/730 746/1206/746 745/1205/745
f 725/1165/726 746/1207/746 729/1169/730
f 746/1206/746 747/1208/747 745/1205/745
f 747/1208/747 746/1206/746 748/1209/748
f 748/1210/748 746/1207/746 708/1146/707
f 725/1165/726 708/1146/707 746/1207/746
f 349/525/350 346/527/346 748/1210/748
f 345/515/345 748/1209/748 346/516/346
f 708/1146/707 349/525/350 748/1210/748
f 345/515/345 747/1208/747 748/1209/748
f 345/513/345 745/1211/745 747/1212/747
f 345/513/345 344/512/344 745/1211/745
f 725/1165/726 710/1149/710 708/1146/707
f 47/70/47 702/1142/703 713/1152/713
f 713/1152/713 50/72/49 47/70/47
f 707/1147/708 713/1152/713 702/1142/703
f 706/1145/706 349/525/350 708/1146/707
f 702/1142/703 701/1141/702 707/1147/708
f 349/525/350 706/1145/706 705/1144/705
f 359/536/360 353/529/353 705/1144/705
f 349/525/350 705/1144/705 353/529/353
f 750/1213/749 703/1140/701 749/1214/750
f 749/1214/750 703/1140/701 702/1142/703
f 751/1215/751 700/1139/700 703/1140/701
f 703/1140/701 750/1213/749 751/1215/751
f 751/1215/751 752/1216/752 700/1139/700
f 752/1216/752 751/1215/751 31/52/31
f 750/1213/749 31/52/31 751/1215/751
f 698/1137/698 700/1139/700 752/1216/752
f 698/1137/698 752/1216/752 697/1138/699
f 752/1216/752 20/38/21 697/1138/699
f 31/52/31 20/38/21 752/1216/752
f 753/1217/753 754/1218/754 750/1213/749
f 749/1214/750 753/1217/753 750/1213/749
f 32/53/32 31/52/31 750/1213/749
f 32/53/32 750/1213/749 754/1218/754
f 41/64/41 32/53/32 754/1218/754
f 41/64/41 754/1218/754 46/69/46
f 753/1217/753 46/69/46 754/1218/754
f 753/1217/753 749/1214/750 702/1142/703
f 702/1142/703 47/70/47 753/1217/753
f 46/69/46 753/1217/753 47/70/47
f 697/1138/699 20/38/21 694/1133/694
f 694/1133/694 20/38/21 21/39/22
f 359/536/360 354/530/354 353/529/353
f 341/509/341 337/1219/338 339/507/337
f 338/637/339 337/1124/338 333/635/333
f 192/267/192 313/1220/314 186/266/185
f 185/258/186 186/257/185 313/465/314
f 200/285/200 309/1191/310 198/283/199
f 199/286/198 198/283/199 309/1191/310
f 309/1191/310 303/440/303 199/286/198
f 303/440/303 201/287/201 199/286/198
f 302/439/302 201/287/201 303/440/303
f 201/1221/201 302/1222/302 755/1223/755
f 302/1222/302 300/1224/300 755/1223/755
f 755/1225/755 759/1226/756 756/1227/757
f 755/1223/755 756/1228/757 201/1221/201
f 758/1229/758 755/1225/755 757/1230/759
f 757/1231/759 755/1223/755 300/1224/300
f 755/1225/755 758/1229/758 759/1226/756
f 762/1232/760 756/1227/757 759/1226/756
f 759/1226/756 758/1229/758 760/1233/761
f 759/1226/756 760/1233/761 212/305/213
f 759/1226/756 212/305/213 761/1234/762
f 761/1234/762 762/1232/760 759/1226/756
f 756/1235/757 762/1236/760 202/1237/203
f 202/1237/203 762/1236/760 761/1238/762
f 761/1238/762 203/1239/204 202/1237/203
f 203/1239/204 761/1238/762 209/1240/209
f 209/302/209 761/1234/762 212/305/213
f 212/305/213 760/1233/761 215/307/215
f 763/1241/763 215/307/215 760/1233/761
f 760/1233/761 758/1229/758 763/1241/763
f 758/1229/758 764/1242/764 763/1241/763
f 765/1243/765 763/1241/763 764/1242/764
f 763/1241/763 765/1243/765 766/1244/766
f 766/1244/766 215/307/215 763/1241/763
f 221/313/221 216/308/216 766/1244/766
f 768/1245/767 221/313/221 766/1244/766
f 767/1246/768 766/1244/766 765/1243/765
f 766/1244/766 767/1246/768 768/1245/767
f 215/307/215 766/1244/766 216/308/216
f 230/323/231 225/319/227 768/1245/767
f 768/1245/767 769/1247/769 230/323/231
f 225/319/227 221/313/221 768/1245/767
f 767/1246/768 770/1248/770 768/1245/767
f 769/1247/769 768/1245/767 770/1248/770
f 770/1248/770 772/1249/771 771/1250/772
f 769/1247/769 770/1248/770 771/1250/772
f 770/1248/770 767/1246/768 765/1243/765
f 765/1243/765 772/1249/771 770/1248/770
f 773/1251/773 772/1249/771 765/1243/765
f 772/1249/771 773/1251/773 294/1252/294
f 295/1253/296 772/1249/771 294/1252/294
f 772/1249/771 295/1253/296 774/1254/774
f 772/1249/771 774/1254/774 771/1250/772
f 771/1255/772 774/1256/774 775/1257/775
f 291/1258/291 775/1257/775 774/1256/774
f 774/1256/774 295/1259/296 291/1258/291
f 776/1260/776 775/1261/775 290/419/292
f 290/419/292 775/1261/775 291/418/291
f 775/1257/775 776/1262/776 771/1255/772
f 290/419/292 282/409/284 776/1260/776
f 777/1263/777 776/1260/776 282/409/284
f 776/1262/776 777/1264/777 778/1265/778
f 778/1265/778 771/1255/772 776/1262/776
f 771/1250/772 778/1266/778 769/1247/769
f 778/1266/778 779/1267/779 769/1247/769
f 779/1268/779 778/1269/778 777/1270/777
f 780/1271/780 781/1272/781 779/1268/779
f 777/1270/777 780/1271/780 779/1268/779
f 229/322/230 769/1247/769 779/1267/779
f 229/322/230 779/1267/779 781/1273/781
f 783/1274/782 781/1273/781 782/1275/783
f 283/1276/285 782/1277/783 781/1272/781
f 783/1274/782 229/322/230 781/1273/781
f 781/1272/781 780/1271/780 283/1276/285
f 784/1278/784 783/1274/782 782/1275/783
f 783/1274/782 784/1278/784 785/1279/785
f 785/1279/785 229/322/230 783/1274/782
f 265/379/265 264/378/264 785/1279/785
f 265/379/265 785/1279/785 268/385/269
f 274/1280/275 785/1279/785 784/1278/784
f 229/322/230 785/1279/785 228/320/228
f 785/1279/785 274/1280/275 268/385/269
f 264/378/264 228/320/228 785/1279/785
f 786/1281/786 784/1278/784 782/1275/783
f 274/1280/275 784/1278/784 786/1281/786
f 278/1282/280 275/1283/276 786/1284/786
f 786/1284/786 787/1285/787 278/1282/280
f 782/1275/783 787/1286/787 786/1281/786
f 274/396/275 786/1287/786 275/397/276
f 787/1285/787 782/1277/783 283/1276/285
f 283/1276/285 278/1282/280 787/1285/787
f 283/410/285 780/1288/780 282/409/284
f 780/1288/780 777/1263/777 282/409/284
f 764/1242/764 773/1251/773 765/1243/765
f 788/1289/788 773/1251/773 764/1242/764
f 773/1251/773 788/1289/788 294/1252/294
f 294/422/294 788/1290/788 293/420/293
f 764/1242/764 757/1230/759 788/1289/788
f 788/1290/788 757/1231/759 300/1224/300
f 300/1224/300 293/420/293 788/1290/788
f 229/322/230 230/323/231 769/1247/769
f 757/1230/759 764/1242/764 758/1229/758
f 202/1237/203 201/1291/201 756/1235/757
f 178/250/178 175/247/175 298/1292/298
f 176/249/177 298/1292/298 175/247/175
f 298/1292/298 176/249/177 297/1293/297
f 176/249/177 288/1294/288 297/1293/297
f 297/428/297 288/414/288 289/415/289
f 790/1295/789 789/1296/790 290/1297/292
f 789/1298/790 791/1299/791 290/1300/292
f 290/1297/292 281/1301/283 790/1295/789
f 282/1302/284 290/1300/292 791/1299/791
f 792/1303/792 795/1304/793 791/1305/791
f 791/1305/791 793/1306/794 792/1303/792
f 794/1307/795 793/1306/794 791/1305/791
f 794/1307/795 791/1305/791 789/1308/790
f 790/1309/789 791/1305/791 795/1304/793
f 791/1310/791 790/1311/789 282/1312/284
f 795/1304/793 284/1313/281 790/1309/789
f 795/1314/793 796/1315/796 284/1316/281
f 797/1317/797 796/1315/796 795/1314/793
f 795/1314/793 792/1318/792 797/1317/797
f 796/1319/796 797/1320/797 798/1321/798
f 797/1320/797 156/228/156 798/1321/798
f 799/1322/799 797/1323/797 792/1324/792
f 797/1320/797 799/1325/799 800/1326/800
f 156/228/156 797/1320/797 800/1326/800
f 800/1326/800 799/1325/799 801/1327/801
f 156/228/156 800/1326/800 158/230/158
f 800/1326/800 801/1327/801 171/244/172
f 158/230/158 800/1326/800 171/244/172
f 799/1325/799 802/1328/802 801/1327/801
f 803/1329/803 801/1327/801 802/1328/802
f 801/1327/801 803/1329/803 173/245/173
f 171/244/172 801/1327/801 173/245/173
f 803/1329/803 802/1328/802 287/1330/287
f 287/1330/287 288/1294/288 803/1329/803
f 176/249/177 173/245/173 803/1329/803
f 288/1294/288 176/249/177 803/1329/803
f 793/1331/794 802/1332/802 799/1322/799
f 793/1331/794 794/1333/795 802/1332/802
f 287/1334/287 802/1332/802 794/1333/795
f 799/1322/799 792/1324/792 793/1331/794
f 154/226/154 798/1321/798 156/228/156
f 154/226/154 804/1335/804 798/1321/798
f 805/1336/805 798/1321/798 804/1335/804
f 798/1321/798 805/1336/805 796/1319/796
f 796/1319/796 805/1336/805 284/1337/281
f 284/1337/281 805/1336/805 279/1338/278
f 277/1339/277 805/1336/805 804/1335/804
f 279/402/278 805/1340/805 277/399/277
f 804/1335/804 154/226/154 153/225/153
f 153/225/153 806/1341/806 804/1335/804
f 277/399/277 804/1342/804 806/1343/806
f 147/214/147 807/1344/807 806/1341/806
f 806/1343/806 807/1345/807 272/400/271
f 272/400/271 277/399/277 806/1343/806
f 806/1341/806 153/225/153 147/214/147
f 807/1345/807 143/208/144 271/1346/272
f 807/1345/807 271/1346/272 272/400/271
f 147/1347/147 143/208/144 807/1345/807
f 789/1308/790 285/1348/286 794/1307/795
f 285/1348/286 287/1349/287 794/1307/795
f 789/1308/790 790/1309/789 285/1348/286
f 284/1313/281 285/1348/286 790/1309/789
f 281/1350/283 282/1312/284 790/1311/789
f 137/350/137 271/390/272 142/1351/141
f 271/390/272 137/350/137 267/392/267
f 143/208/144 142/204/141 271/1346/272
f 257/362/258 267/392/267 134/363/135
f 137/350/137 134/363/135 267/392/267
f 264/378/264 234/326/234 228/320/228
f 257/382/258 258/372/257 262/377/262
f 254/928/254 140/203/140 138/202/139
f 140/1352/140 254/351/254 137/350/137
f 250/345/250 242/335/243 243/336/244
f 240/332/240 235/327/235 234/326/234
f 226/317/225 232/324/232 237/329/237
f 49/73/50 237/329/237 54/78/55
f 232/324/232 226/317/225 224/316/224
f 209/1240/209 204/1353/205 203/1239/204
f 198/1354/199 199/1355/198 195/1356/196
f 195/1357/196 196/278/195 198/282/199
f 171/244/172 161/233/161 158/230/158
f 153/225/153 151/224/152 147/214/147
f 125/173/126 148/218/149 126/174/127
f 148/220/149 125/180/126 131/184/131
f 148/220/149 131/184/131 145/221/145
f 141/209/143 143/208/144 147/1347/147
f 133/186/133 145/211/145 131/181/131
f 142/1351/141 140/1352/140 137/350/137
f 129/1358/130 138/1359/139 128/1360/128
f 134/1361/135 137/1362/137 133/1363/133
f 113/163/116 115/162/115 120/167/120
f 107/151/107 106/152/108 114/160/113
f 82/111/83 73/988/74 72/106/72
f 39/62/39 63/86/63 38/61/38
f 63/86/63 39/62/39 60/84/61
f 808/1364/808 60/84/61 39/62/39
f 60/84/61 808/1364/808 55/77/54
f 39/62/39 42/66/43 808/1364/808
f 808/1364/808 42/66/43 51/75/52
f 808/1364/808 51/75/52 53/76/53
f 53/76/53 55/77/54 808/1364/808
f 42/66/43 44/67/44 51/75/52
f 20/38/21 31/52/31 19/37/20
f 19/37/20 31/52/31 25/43/26
f 809/1365/809 813/1366/810 810/1367/811
f 809/1365/809 810/1367/811 811/1368/812
f 809/1365/809 811/1368/812 812/1369/813
f 809/1365/809 812/1369/813 813/1366/810
f 810/1370/811 813/1371/810 815/1372/814
f 813/1373/810 812/1374/813 814/1375/815
f 814/1375/815 815/1376/814 813/1373/810
f 815/1377/814 814/1378/815 818/1379/816
f 815/1372/814 819/1380/817 810/1370/811
f 819/1381/817 815/1377/814 816/1382/818
f 817/1383/819 816/1382/818 815/1377/814
f 818/1379/816 817/1383/819 815/1377/814
f 819/1380/817 820/1384/820 810/1370/811
f 820/1385/820 819/1381/817 821/1386/821
f 816/1382/818 821/1386/821 819/1381/817
f 821/1386/821 827/1387/822 822/1388/823
f 822/1388/823 823/1389/824 821/1386/821
f 821/1386/821 823/1389/824 825/1390/825
f 825/1390/825 824/1391/826 821/1386/821
f 829/1392/827 821/1386/821 824/1391/826
f 826/1393/828 821/1386/821 816/1382/818
f 826/1393/828 827/1387/822 821/1386/821
f 830/1394/829 821/1386/821 828/1395/830
f 828/1395/830 821/1386/821 829/1392/827
f 821/1386/821 830/1394/829 820/1385/820
f 812/1396/813 811/1397/812 830/1398/829
f 820/1399/820 830/1398/829 811/1397/812
f 830/1400/829 814/1375/815 812/1374/813
f 814/1378/815 830/1394/829 831/1401/831
f 828/1395/830 831/1401/831 830/1394/829
f 831/1401/831 818/1379/816 814/1378/815
f 833/1402/832 831/1401/831 828/1395/830
f 818/1379/816 831/1401/831 834/1403/833
f 833/1404/832 832/1405/834 831/1406/831
f 834/1407/833 831/1406/831 832/1405/834
f 832/1405/834 835/1408/835 834/1407/833
f 834/1407/833 835/1408/835 837/1409/836
f 838/1410/837 834/1407/833 836/1411/838
f 837/1409/836 836/1411/838 834/1407/833
f 834/1407/833 838/1410/837 839/1412/839
f 818/1379/816 834/1403/833 839/1413/839
f 818/1379/816 839/1413/839 840/1414/840
f 838/1415/837 841/1416/841 839/1417/839
f 840/1418/840 839/1412/839 842/1419/842
f 839/1412/839 841/1420/841 842/1419/842
f 842/1419/842 845/1421/843 840/1418/840
f 842/1419/842 841/1420/841 843/1422/844
f 843/1422/844 844/1423/845 842/1419/842
f 842/1419/842 844/1423/845 845/1421/843
f 846/1424/846 840/1418/840 845/1421/843
f 845/1421/843 847/1425/847 846/1424/846
f 847/1425/847 845/1421/843 849/1426/848
f 849/1426/848 845/1421/843 848/1427/849
f 848/1427/849 845/1421/843 850/1428/850
f 845/1421/843 844/1423/845 850/1428/850
f 843/1422/844 850/1428/850 844/1423/845
f 850/1428/850 843/1422/844 851/1429/851
f 852/1430/852 850/1428/850 851/1429/851
f 850/1428/850 852/1430/852 853/1431/853
f 853/1431/853 848/1427/849 850/1428/850
f 854/1432/854 853/1431/853 852/1430/852
f 848/1427/849 853/1431/853 855/1433/855
f 855/1433/855 853/1431/853 854/1432/854
f 856/1434/856 857/1435/857 855/1433/855
f 854/1432/854 856/1434/856 855/1433/855
f 849/1426/848 855/1433/855 857/1435/857
f 855/1433/855 849/1426/848 848/1427/849
f 859/1436/858 857/1437/857 856/1438/856
f 858/1439/859 849/1426/848 857/1435/857
f 860/1440/860 858/1441/859 857/1437/857
f 859/1436/858 860/1440/860 857/1437/857
f 865/1442/861 858/1441/859 860/1440/860
f 863/1443/862 860/1444/860 859/1445/858
f 862/1446/863 861/1447/864 860/1448/860
f 864/1449/865 860/1440/860 861/1450/864
f 863/1451/862 862/1446/863 860/1448/860
f 864/1449/865 865/1442/861 860/1440/860
f 865/1452/861 864/1453/865 874/1454/866
f 865/1442/861 866/1455/867 870/1456/868
f 866/1457/867 865/1452/861 872/1458/869
f 865/1442/861 868/1459/870 858/1441/859
f 869/1460/871 867/1461/872 865/1442/861
f 867/1461/872 868/1459/870 865/1442/861
f 865/1442/861 871/1462/873 869/1460/871
f 870/1456/868 871/1462/873 865/1442/861
f 865/1463/861 873/1464/874 872/1465/869
f 874/1466/866 873/1464/874 865/1463/861
f 875/1467/875 874/1454/866 877/1468/876
f 875/1467/875 876/1469/877 874/1454/866
f 876/1469/877 873/1470/874 874/1454/866
f 864/1453/865 877/1468/876 874/1454/866
f 880/1471/878 877/1468/876 864/1453/865
f 877/1468/876 880/1471/878 878/1472/879
f 878/1472/879 879/1473/880 877/1468/876
f 879/1473/880 875/1467/875 877/1468/876
f 880/1471/878 883/1474/881 881/1475/882
f 881/1475/882 882/1476/883 880/1471/878
f 882/1476/883 878/1472/879 880/1471/878
f 883/1474/881 880/1471/878 864/1453/865
f 886/1477/884 881/1475/882 883/1474/881
f 883/1474/881 864/1453/865 884/1478/885
f 885/1479/886 883/1474/881 884/1478/885
f 883/1474/881 885/1479/886 886/1477/884
f 881/1480/882 886/1481/884 887/1482/887
f 889/1483/888 887/1482/887 886/1481/884
f 888/1484/889 886/1477/884 885/1479/886
f 886/1481/884 888/1485/889 889/1483/888
f 889/1486/888 890/1487/890 824/1488/826
f 824/1488/826 825/1489/825 889/1486/888
f 887/1490/887 889/1486/888 825/1489/825
f 890/1491/890 889/1483/888 888/1485/889
f 891/1492/891 824/1488/826 890/1487/890
f 890/1487/890 892/1493/892 891/1492/891
f 892/1494/892 890/1491/890 893/1495/893
f 888/1485/889 893/1495/893 890/1491/890
f 893/1495/893 894/1496/894 892/1494/892
f 894/1497/894 893/1498/893 895/1499/895
f 893/1498/893 888/1484/889 885/1479/886
f 885/1479/886 895/1499/895 893/1498/893
f 895/1499/895 896/1500/896 894/1497/894
f 895/1501/895 885/1502/886 884/1503/885
f 896/1500/896 895/1499/895 884/1478/885
f 897/1504/897 896/1505/896 898/1506/898
f 896/1500/896 897/1507/897 899/1508/899
f 896/1500/896 884/1478/885 898/1509/898
f 899/1508/899 894/1497/894 896/1500/896
f 894/1496/894 899/1510/899 900/1511/900
f 901/1512/901 900/1511/900 899/1510/899
f 899/1510/899 902/1513/902 901/1512/901
f 902/1514/902 899/1508/899 897/1507/897
f 903/1515/903 902/1514/902 897/1507/897
f 902/1513/902 903/1516/903 904/1517/904
f 904/1517/904 901/1512/901 902/1513/902
f 901/1518/901 904/1519/904 906/1520/905
f 905/1521/906 904/1517/904 903/1516/903
f 904/1519/904 905/1522/906 907/1523/907
f 907/1523/907 906/1520/905 904/1519/904
f 908/1524/908 907/1525/907 905/1526/906
f 907/1527/907 908/1528/908 909/1529/909
f 907/1527/907 909/1529/909 910/1530/910
f 910/1530/910 911/1531/911 907/1527/907
f 906/1532/905 907/1527/907 911/1531/911
f 910/1530/910 917/1533/912 911/1531/911
f 914/1534/913 912/1535/914 911/1531/911
f 911/1531/911 912/1535/914 906/1532/905
f 915/1536/915 911/1531/911 913/1537/916
f 911/1531/911 918/1538/821 913/1537/916
f 911/1531/911 916/1539/917 914/1534/913
f 915/1536/915 916/1539/917 911/1531/911
f 918/1538/821 911/1531/911 917/1533/912
f 918/1538/821 922/1540/918 919/1541/919
f 919/1541/919 920/1542/920 918/1538/821
f 918/1538/821 920/1542/920 913/1537/916
f 918/1538/821 921/1543/921 922/1540/918
f 921/1543/921 918/1538/821 917/1533/912
f 922/1544/918 921/1545/921 924/1546/922
f 924/1546/922 923/1547/923 922/1544/918
f 919/1548/919 922/1544/918 923/1547/923
f 925/1549/924 924/1546/922 921/1545/921
f 923/1550/923 924/1551/922 926/1552/925
f 924/1551/922 925/1553/924 927/1554/926
f 927/1554/926 926/1552/925 924/1551/922
f 928/1555/927 927/1554/926 925/1553/924
f 926/1556/925 927/1557/926 930/1558/928
f 927/1557/926 928/1559/927 929/1560/929
f 929/1560/929 930/1558/928 927/1557/926
f 930/1561/928 929/1562/929 932/1563/930
f 931/1564/931 930/1561/928 932/1563/930
f 930/1558/928 931/1565/931 933/1566/932
f 933/1566/932 926/1556/925 930/1558/928
f 934/1567/933 933/1566/932 931/1565/931
f 933/1568/932 934/1569/933 935/1570/934
f 926/1552/925 933/1568/932 923/1550/923
f 935/1570/934 923/1550/923 933/1568/932
f 936/1571/935 935/1570/934 934/1569/933
f 935/1572/934 936/1573/935 920/1574/920
f 923/1547/923 935/1572/934 919/1548/919
f 920/1574/920 919/1548/919 935/1572/934
f 937/1575/936 936/1571/935 938/1576/937
f 936/1573/935 937/1577/936 939/1578/938
f 934/1569/933 938/1576/937 936/1571/935
f 939/1578/938 920/1574/920 936/1573/935
f 940/1579/939 942/1580/940 939/1581/938
f 940/1579/939 939/1581/938 941/1582/941
f 942/1580/940 920/1542/920 939/1581/938
f 941/1583/941 939/1578/938 937/1577/936
f 943/1584/942 913/1537/916 942/1580/940
f 942/1580/940 913/1537/916 920/1542/920
f 942/1580/940 944/1585/943 943/1584/942
f 942/1580/940 945/1586/944 944/1585/943
f 945/1586/944 942/1580/940 940/1579/939
f 940/1579/939 946/1587/945 945/1586/944
f 944/1588/943 945/1589/944 947/1590/946
f 945/1589/944 946/1591/945 948/1592/947
f 948/1592/947 947/1590/946 945/1589/944
f 949/1593/948 948/1592/947 946/1591/945
f 947/1594/946 948/1595/947 950/1596/949
f 948/1595/947 949/1597/948 951/1598/950
f 951/1598/950 950/1596/949 948/1595/947
f 955/1599/951 951/1598/950 952/1600/952
f 949/1597/948 952/1600/952 951/1598/950
f 950/1596/949 951/1598/950 954/1601/953
f 953/1602/954 954/1601/953 951/1598/950
f 951/1598/950 955/1599/951 953/1602/954
f 952/1600/952 956/1603/955 955/1599/951
f 956/1603/955 957/1604/956 955/1599/951
f 959/1605/957 955/1599/951 957/1604/956
f 958/1606/958 953/1602/954 955/1599/951
f 955/1599/951 959/1605/957 958/1606/958
f 957/1604/956 960/1607/959 959/1605/957
f 960/1607/959 961/1608/960 959/1605/957
f 963/1609/961 959/1605/957 961/1608/960
f 962/1610/962 959/1605/957 963/1609/961
f 958/1606/958 959/1605/957 962/1610/962
f 963/1609/961 964/1611/963 962/1610/962
f 964/1611/963 963/1609/961 966/1612/964
f 961/1608/960 965/1613/965 963/1609/961
f 965/1613/965 966/1612/964 963/1609/961
f 967/1614/966 968/1615/967 966/1616/964
f 966/1616/964 965/1617/965 967/1614/966
f 969/1618/968 966/1616/964 968/1615/967
f 966/1616/964 969/1618/968 964/1619/963
f 968/1615/967 970/1620/969 969/1618/968
f 971/1621/970 969/1618/968 970/1620/969
f 969/1618/968 971/1621/970 972/1622/971
f 972/1622/971 964/1619/963 969/1618/968
f 971/1621/970 973/1623/972 972/1622/971
f 964/1611/963 972/1624/971 976/1625/973
f 974/1626/974 972/1622/971 973/1623/972
f 972/1624/971 974/1627/974 975/1628/975
f 975/1628/975 976/1625/973 972/1624/971
f 976/1625/973 979/1629/976 964/1611/963
f 978/1630/977 976/1631/973 975/1632/975
f 978/1630/977 977/1633/978 976/1631/973
f 979/1634/976 976/1635/973 977/1636/978
f 964/1611/963 979/1629/976 980/1637/979
f 981/1638/980 980/1639/979 979/1634/976
f 979/1634/976 977/1636/978 981/1638/980
f 982/1640/981 983/1641/982 981/1642/980
f 982/1640/981 981/1642/980 977/1643/978
f 980/1644/979 981/1645/980 983/1646/982
f 983/1646/982 984/1647/983 980/1644/979
f 983/1646/982 985/1648/984 984/1647/983
f 985/1649/984 983/1641/982 982/1640/981
f 985/1648/984 986/1650/985 984/1647/983
f 986/1650/985 985/1648/984 987/1651/986
f 982/1640/981 987/1652/986 985/1649/984
f 987/1653/986 975/1632/975 986/1654/985
f 987/1653/986 978/1630/977 975/1632/975
f 978/1655/977 987/1652/986 982/1640/981
f 984/1656/983 986/1657/985 962/1610/962
f 986/1657/985 975/1628/975 988/1658/987
f 988/1658/987 962/1610/962 986/1657/985
f 989/1659/988 988/1658/987 975/1628/975
f 991/1660/989 988/1658/987 989/1659/988
f 990/1661/990 962/1662/962 988/1663/987
f 991/1660/989 990/1664/990 988/1658/987
f 991/1665/989 994/1666/991 992/1667/992
f 990/1661/990 991/1665/989 992/1667/992
f 989/1659/988 993/1668/993 991/1660/989
f 994/1666/991 991/1665/989 993/1669/993
f 992/1670/992 994/1671/991 995/1672/994
f 997/1673/995 995/1672/994 994/1671/991
f 993/1669/993 996/1674/996 994/1666/991
f 994/1671/991 996/1675/996 997/1673/995
f 998/1676/997 999/1677/998 997/1678/995
f 997/1678/995 1000/1679/999 998/1676/997
f 995/1680/994 997/1678/995 999/1677/998
f 1000/1681/999 997/1673/995 996/1675/996
f 1002/1682/1000 998/1683/997 1000/1684/999
f 1001/1685/1001 1000/1681/999 1003/1686/1002
f 1000/1684/999 1001/1687/1001 1002/1682/1000
f 996/1675/996 1003/1686/1002 1000/1681/999
f 1005/1688/1003 1004/1689/1004 1003/1690/1002
f 1003/1686/1002 1004/1691/1004 1001/1685/1001
f 993/1669/993 1003/1692/1002 996/1674/996
f 993/1669/993 1005/1693/1003 1003/1692/1002
f 1005/1688/1003 1007/1694/1005 1004/1689/1004
f 1005/1695/1003 993/1668/993 989/1659/988
f 1005/1696/1003 989/1697/988 1006/1698/1006
f 1007/1699/1005 1005/1700/1003 1006/1701/1006
f 1006/1702/1006 1008/1703/1007 1007/1694/1005
f 1009/1704/1008 1007/1694/1005 1008/1703/1007
f 1007/1694/1005 1009/1704/1008 1004/1689/1004
f 1008/1703/1007 1010/1705/1009 1009/1704/1008
f 1009/1706/1008 1010/1707/1009 1011/1708/1010
f 1004/1691/1004 1009/1706/1008 1012/1709/1011
f 1011/1708/1010 1012/1709/1011 1009/1706/1008
f 1013/1710/1012 1014/1711/1013 1012/1712/1011
f 1012/1712/1011 1011/1713/1010 1013/1710/1012
f 1012/1709/1011 1001/1685/1001 1004/1691/1004
f 1001/1687/1001 1012/1712/1011 1014/1711/1013
f 1014/1714/1013 1013/1715/1012 1015/1716/821
f 1015/1716/821 1017/1717/1014 1014/1714/1013
f 1014/1714/1013 1017/1717/1014 1016/1718/1015
f 1016/1718/1015 1002/1719/1000 1014/1714/1013
f 1014/1711/1013 1002/1682/1000 1001/1687/1001
f 1021/1720/1016 1017/1717/1014 1018/1721/1017
f 1017/1717/1014 1022/1722/821 1018/1721/1017
f 1017/1717/1014 1020/1723/1018 1019/1724/1019
f 1019/1724/1019 1016/1718/1015 1017/1717/1014
f 1017/1717/1014 1021/1720/1016 1020/1723/1018
f 1017/1717/1014 1015/1716/821 1022/1722/821
f 1023/1725/1020 1024/1726/1021 1022/1722/821
f 1022/1722/821 1015/1716/821 1023/1725/1020
f 1022/1722/821 1024/1726/1021 1025/1727/1022
f 1022/1722/821 1025/1727/1022 1026/1728/1023
f 1026/1728/1023 1027/1729/1024 1022/1722/821
f 1022/1722/821 1027/1729/1024 1028/1730/1025
f 1028/1730/1025 1029/1731/1026 1022/1722/821
f 1022/1722/821 1029/1731/1026 1030/1732/1027
f 1033/1733/1028 1018/1721/1017 1022/1722/821
f 1030/1732/1027 1031/1734/1029 1022/1722/821
f 1022/1722/821 1031/1734/1029 1032/1735/1030
f 1022/1722/821 1032/1735/1030 1033/1733/1028
f 1037/1736/1031 1033/1733/1028 1034/1737/1032
f 1034/1737/1032 1033/1733/1028 1032/1735/1030
f 1035/1738/1033 1018/1721/1017 1033/1733/1028
f 1033/1733/1028 1036/1739/1034 1035/1738/1033
f 1033/1733/1028 1037/1736/1031 1036/1739/1034
f 1034/1737/1032 1038/1740/1035 1037/1736/1031
f 1036/1741/1034 1037/1742/1031 1039/1743/1036
f 1037/1742/1031 1038/1744/1035 1040/1745/1037
f 1040/1745/1037 1039/1743/1036 1037/1742/1031
f 1039/1743/1036 1040/1745/1037 1042/1746/1038
f 1040/1745/1037 1041/1747/1039 1042/1746/1038
f 1041/1747/1039 1040/1745/1037 1038/1744/1035
f 1042/1746/1038 1043/1748/1040 1039/1743/1036
f 1043/1749/1040 1042/1750/1038 1046/1751/1041
f 1042/1750/1038 1044/1752/1042 1045/1753/1043
f 1044/1754/1042 1042/1746/1038 1047/1755/1044
f 1045/1753/1043 1046/1751/1041 1042/1750/1038
f 1041/1747/1039 1047/1755/1044 1042/1746/1038
f 1048/1756/1045 1049/1757/1046 1047/1755/1044
f 1048/1756/1045 1047/1755/1044 1041/1747/1039
f 1049/1757/1046 1050/1758/1047 1047/1755/1044
f 1050/1758/1047 1051/1759/1048 1047/1755/1044
f 1044/1754/1042 1047/1755/1044 1051/1759/1048
f 1050/1758/1047 1052/1760/1049 1051/1759/1048
f 1052/1760/1049 1053/1761/1050 1051/1759/1048
f 1051/1759/1048 1053/1761/1050 1044/1754/1042
f 1052/1760/1049 1054/1762/1051 1053/1761/1050
f 1055/1763/1052 1053/1761/1050 1054/1762/1051
f 1053/1761/1050 1055/1763/1052 1056/1764/1053
f 1056/1764/1053 1044/1754/1042 1053/1761/1050
f 1055/1763/1052 1057/1765/1054 1056/1764/1053
f 1057/1765/1054 1059/1766/1055 1056/1764/1053
f 1044/1752/1042 1056/1767/1053 1058/1768/1056
f 1056/1767/1053 1059/1769/1055 1058/1768/1056
f 1060/1770/1057 1063/1771/1058 1059/1766/1055
f 1060/1770/1057 1059/1766/1055 1062/1772/1059
f 1059/1769/1055 1061/1773/1060 1065/1774/1061
f 1059/1769/1055 1066/1775/1062 1061/1773/1060
f 1062/1772/1059 1059/1766/1055 1057/1765/1054
f 1064/1776/1063 1059/1766/1055 1063/1771/1058
f 1066/1775/1062 1059/1769/1055 1064/1777/1063
f 1059/1769/1055 1065/1774/1061 1058/1768/1056
f 1066/1778/1062 1067/1779/1064 1072/1780/1065
f 1066/1781/1062 1069/1782/1066 1067/1783/1064
f 1061/1784/1060 1066/1785/1062 1068/1786/1067
f 1066/1785/1062 1070/1787/1068 1068/1786/1067
f 1066/1775/1062 1071/1788/1069 1069/1789/1066
f 1066/1785/1062 1072/1790/1065 1070/1787/1068
f 1071/1788/1069 1066/1775/1062 1064/1777/1063
f 1073/1791/1070 1072/1790/1065 1067/1792/1064
f 1073/1791/1070 1074/1793/1071 1072/1790/1065
f 1074/1793/1071 1070/1787/1068 1072/1790/1065
f 1074/1794/1071 1073/1795/1070 1076/1796/1072
f 1074/1793/1071 1075/1797/1073 1070/1787/1068
f 1075/1798/1073 1074/1794/1071 1077/1799/1074
f 1076/1796/1072 1077/1799/1074 1074/1794/1071
f 1080/1800/1075 1077/1801/1074 1078/1802/1076
f 1079/1803/1077 1078/1802/1076 1077/1801/1074
f 1077/1801/1074 1076/1804/1072 1079/1803/1077
f 1077/1799/1074 1080/1805/1075 1075/1798/1073
f 1078/1802/1076 1028/1806/1025 1080/1800/1075
f 1080/1805/1075 1081/1807/1078 1082/1808/1079
f 1081/1809/1078 1080/1800/1075 1028/1806/1025
f 1082/1808/1079 1075/1798/1073 1080/1805/1075
f 1075/1797/1073 1082/1810/1079 1068/1786/1067
f 1084/1811/1080 1082/1810/1079 1083/1812/1081
f 1083/1813/1081 1082/1808/1079 1081/1807/1078
f 1084/1811/1080 1068/1786/1067 1082/1810/1079
f 1084/1814/1080 1085/1815/1082 1061/1816/1060
f 1085/1817/1082 1084/1811/1080 1083/1812/1081
f 1068/1818/1067 1084/1814/1080 1061/1816/1060
f 1085/1817/1082 1088/1819/1083 1086/1820/1084
f 1086/1820/1084 1087/1821/1085 1085/1817/1082
f 1061/1816/1060 1085/1815/1082 1087/1822/1085
f 1085/1817/1082 1083/1812/1081 1088/1819/1083
f 1086/1823/1084 1088/1824/1083 1089/1825/1086
f 1090/1826/1087 1089/1825/1086 1088/1824/1083
f 1088/1824/1083 1083/1813/1081 1090/1826/1087
f 1089/1827/1086 1090/1828/1087 1026/1829/1023
f 1027/1830/1024 1026/1829/1023 1090/1828/1087
f 1090/1828/1087 1081/1809/1078 1027/1830/1024
f 1081/1807/1078 1090/1826/1087 1083/1813/1081
f 1089/1825/1086 1091/1831/1088 1086/1823/1084
f 1091/1832/1088 1089/1827/1086 1025/1833/1022
f 1026/1829/1023 1025/1833/1022 1089/1827/1086
f 1091/1831/1088 1092/1834/1089 1093/1835/1090
f 1092/1836/1089 1091/1832/1088 1024/1837/1021
f 1093/1835/1090 1086/1823/1084 1091/1831/1088
f 1025/1833/1022 1024/1837/1021 1091/1832/1088
f 1087/1821/1085 1086/1820/1084 1093/1838/1090
f 1087/1821/1085 1093/1838/1090 1010/1705/1009
f 1010/1707/1009 1093/1835/1090 1092/1834/1089
f 1011/1713/1010 1092/1836/1089 1023/1839/1020
f 1024/1837/1021 1023/1839/1020 1092/1836/1089
f 1092/1834/1089 1011/1708/1010 1010/1707/1009
f 1006/1702/1006 1087/1821/1085 1008/1703/1007
f 1010/1705/1009 1008/1703/1007 1087/1821/1085
f 1087/1821/1085 1006/1702/1006 1061/1784/1060
f 1028/1806/1025 1027/1830/1024 1081/1809/1078
f 1078/1840/1076 1079/1841/1077 1029/1731/1026
f 1094/1842/1091 1079/1803/1077 1076/1804/1072
f 1029/1731/1026 1079/1841/1077 1094/1843/1091
f 1095/1844/1092 1094/1842/1091 1096/1845/1093
f 1029/1731/1026 1094/1843/1091 1095/1846/1092
f 1076/1804/1072 1096/1845/1093 1094/1842/1091
f 1097/1847/1094 1096/1848/1093 1098/1849/1095
f 1096/1845/1093 1097/1850/1094 1095/1844/1092
f 1096/1848/1093 1076/1796/1072 1073/1795/1070
f 1073/1795/1070 1098/1849/1095 1096/1848/1093
f 1099/1851/1096 1098/1852/1095 1067/1792/1064
f 1098/1849/1095 1099/1853/1096 1097/1847/1094
f 1098/1852/1095 1073/1791/1070 1067/1792/1064
f 1067/1792/1064 1100/1854/1097 1099/1851/1096
f 1102/1855/1098 1099/1851/1096 1100/1854/1097
f 1101/1856/1099 1097/1847/1094 1099/1853/1096
f 1099/1853/1096 1102/1857/1098 1101/1856/1099
f 1104/1858/1100 1101/1856/1099 1102/1857/1098
f 1103/1859/1101 1102/1855/1098 1100/1854/1097
f 1102/1857/1098 1103/1860/1101 1104/1858/1100
f 1105/1861/1102 1107/1862/1103 1104/1863/1100
f 1104/1863/1100 1106/1864/1104 1105/1861/1102
f 1106/1865/1104 1104/1858/1100 1103/1860/1101
f 1101/1866/1099 1104/1863/1100 1107/1862/1103
f 1108/1867/1105 1109/1868/1106 1107/1869/1103
f 1107/1869/1103 1105/1870/1102 1108/1867/1105
f 1107/1862/1103 1109/1871/1106 1101/1866/1099
f 1109/1868/1106 1108/1867/1105 1029/1731/1026
f 1109/1871/1106 1095/1844/1092 1097/1850/1094
f 1095/1846/1092 1109/1868/1106 1029/1731/1026
f 1097/1850/1094 1101/1866/1099 1109/1871/1106
f 1110/1872/1107 1108/1867/1105 1113/1873/1108
f 1114/1874/1109 1108/1867/1105 1110/1872/1107
f 1108/1867/1105 1105/1870/1102 1113/1873/1108
f 1029/1875/1026 1108/1876/1105 1111/1877/1110
f 1112/1878/1111 1111/1877/1110 1108/1876/1105
f 1108/1876/1105 1114/1879/1109 1112/1878/1111
f 1115/1880/1112 1112/1878/1111 1114/1879/1109
f 1116/1881/1113 1115/1880/1112 1114/1879/1109
f 1117/1882/1114 1116/1881/1113 1114/1879/1109
f 1114/1879/1109 1118/1883/1115 1117/1882/1114
f 1110/1872/1107 1119/1884/1116 1114/1874/1109
f 1118/1885/1115 1114/1874/1109 1119/1884/1116
f 1120/1886/1117 1121/1887/1118 1119/1888/1116
f 1119/1889/1116 1110/1890/1107 1120/1891/1117
f 1122/1892/1119 1119/1888/1116 1121/1887/1118
f 1119/1884/1116 1122/1893/1119 1118/1885/1115
f 1124/1894/1120 1123/1895/1121 1122/1892/1119
f 1122/1893/1119 1123/1896/1121 1125/1897/1122
f 1125/1897/1122 1118/1885/1115 1122/1893/1119
f 1122/1892/1119 1121/1887/1118 1124/1894/1120
f 1126/1898/1123 1127/1899/1124 1125/1900/1122
f 1125/1900/1122 1131/1901/1125 1126/1898/1123
f 1128/1902/1122 1125/1900/1122 1127/1899/1124
f 1125/1897/1122 1128/1903/1122 1129/1904/821
f 1125/1897/1122 1129/1904/821 1133/1905/1126
f 1125/1897/1122 1113/1873/1108 1130/1906/1127
f 1130/1906/1127 1131/1907/1125 1125/1897/1122
f 1113/1873/1108 1125/1897/1122 1132/1908/1128
f 1125/1897/1122 1123/1896/1121 1132/1908/1128
f 1133/1905/1126 1118/1885/1115 1125/1897/1122
f 1129/1904/821 1134/1909/1129 1133/1905/1126
f 1133/1910/1126 1134/1911/1129 1137/1912/1130
f 1135/1913/1131 1133/1910/1126 1138/1914/1132
f 1135/1913/1131 1118/1883/1115 1133/1910/1126
f 1137/1912/1130 1136/1915/1133 1133/1910/1126
f 1138/1914/1132 1133/1910/1126 1136/1915/1133
f 1140/1916/1134 1138/1914/1132 1139/1917/1135
f 1136/1915/1133 1139/1917/1135 1138/1914/1132
f 1138/1914/1132 1140/1916/1134 1141/1918/1136
f 1141/1918/1136 1142/1919/1137 1138/1914/1132
f 1135/1913/1131 1138/1914/1132 1142/1919/1137
f 1141/1918/1136 1143/1920/1138 1142/1919/1137
f 1117/1882/1114 1142/1919/1137 1143/1920/1138
f 1117/1882/1114 1135/1913/1131 1142/1919/1137
f 1141/1918/1136 1144/1921/1139 1143/1920/1138
f 1116/1881/1113 1117/1882/1114 1143/1920/1138
f 1143/1920/1138 1144/1921/1139 1116/1881/1113
f 1146/1922/1140 1144/1921/1139 1141/1918/1136
f 1144/1921/1139 1145/1923/1141 1115/1880/1112
f 1115/1880/1112 1116/1881/1113 1144/1921/1139
f 1145/1923/1141 1144/1921/1139 1146/1922/1140
f 1141/1918/1136 1150/1924/1142 1146/1922/1140
f 1063/1771/1058 1147/1925/1143 1146/1922/1140
f 1146/1922/1140 1147/1925/1143 1145/1923/1141
f 1149/1926/1144 1063/1771/1058 1146/1922/1140
f 1146/1922/1140 1148/1927/1145 1149/1926/1144
f 1148/1928/1145 1146/1929/1140 1150/1930/1142
f 1150/1924/1142 1141/1918/1136 1151/1931/1146
f 1151/1931/1146 1152/1932/1147 1150/1924/1142
f 1153/1933/1148 1150/1930/1142 1152/1934/1147
f 1150/1930/1142 1153/1933/1148 1154/1935/1149
f 1154/1935/1149 1148/1928/1145 1150/1930/1142
f 1153/1933/1148 1157/1936/1150 1154/1935/1149
f 1154/1935/1149 1155/1937/1151 1148/1928/1145
f 1155/1937/1151 1154/1935/1149 1156/1938/1152
f 1154/1935/1149 1157/1936/1150 1156/1938/1152
f 1156/1938/1152 1157/1936/1150 1158/1939/1153
f 1157/1936/1150 1159/1940/1154 1158/1939/1153
f 1157/1936/1150 1160/1941/1155 1159/1940/1154
f 1157/1936/1150 1153/1933/1148 1160/1941/1155
f 1161/1942/1156 1159/1940/1154 1160/1941/1155
f 1160/1941/1155 1162/1943/1157 1161/1942/1156
f 1162/1943/1157 1160/1941/1155 1153/1933/1148
f 1164/1944/1158 1163/1945/1159 1162/1946/1157
f 1163/1947/1159 1161/1942/1156 1162/1943/1157
f 1162/1946/1157 1165/1948/1160 1164/1944/1158
f 1165/1948/1160 1162/1946/1157 1153/1949/1148
f 1166/1950/1161 1164/1944/1158 1165/1948/1160
f 1165/1948/1160 1167/1951/1162 1166/1950/1161
f 1167/1951/1162 1165/1948/1160 1152/1932/1147
f 1153/1933/1148 1152/1934/1147 1165/1952/1160
f 1168/1953/1163 1166/1950/1161 1167/1951/1162
f 1167/1951/1162 1140/1916/1134 1168/1953/1163
f 1140/1916/1134 1167/1951/1162 1151/1931/1146
f 1152/1932/1147 1151/1931/1146 1167/1951/1162
f 1166/1950/1161 1168/1953/1163 1169/1954/1164
f 1140/1916/1134 1139/1917/1135 1168/1953/1163
f 1168/1953/1163 1139/1917/1135 1169/1954/1164
f 1169/1954/1164 1172/1955/1165 1170/1956/1166
f 1170/1956/1166 1171/1957/1167 1169/1954/1164
f 1169/1954/1164 1139/1917/1135 1136/1915/1133
f 1169/1954/1164 1171/1957/1167 1166/1950/1161
f 1136/1915/1133 1172/1955/1165 1169/1954/1164
f 1173/1958/1168 1170/1956/1166 1172/1955/1165
f 1172/1955/1165 1137/1912/1130 1173/1958/1168
f 1172/1955/1165 1136/1915/1133 1137/1912/1130
f 1137/1912/1130 1174/1959/1169 1173/1958/1168
f 1175/1960/1170 1173/1958/1168 1174/1959/1169
f 1173/1958/1168 1175/1960/1170 1177/1961/1171
f 1170/1956/1166 1173/1958/1168 1176/1962/1172
f 1177/1961/1171 1176/1962/1172 1173/1958/1168
f 1176/1962/1172 1177/1961/1171 1179/1963/1173
f 1175/1960/1170 1178/1964/1174 1177/1961/1171
f 1178/1964/1174 1179/1963/1173 1177/1961/1171
f 1180/1965/1175 1179/1963/1173 1183/1966/1176
f 1181/1967/1177 1179/1963/1173 1180/1965/1175
f 1179/1963/1173 1181/1967/1177 1176/1962/1172
f 1179/1963/1173 1178/1964/1174 1182/1968/1178
f 1182/1968/1178 1183/1966/1176 1179/1963/1173
f 1183/1966/1176 1182/1968/1178 1185/1969/1179
f 1183/1966/1176 1186/1970/1180 1184/1971/1181
f 1183/1966/1176 1184/1971/1181 1180/1965/1175
f 1183/1966/1176 1185/1969/1179 1187/1972/1182
f 1187/1972/1182 1186/1970/1180 1183/1966/1176
f 1188/1973/1183 1187/1972/1182 1185/1969/1179
f 1189/1974/1184 1187/1972/1182 1188/1973/1183
f 1190/1975/1185 1186/1970/1180 1187/1972/1182
f 1189/1974/1184 1191/1976/1186 1187/1972/1182
f 1187/1972/1182 1191/1976/1186 1190/1975/1185
f 1193/1977/1187 1192/1978/1188 1191/1976/1186
f 1192/1978/1188 1190/1975/1185 1191/1976/1186
f 1189/1974/1184 1194/1979/1189 1191/1976/1186
f 1193/1977/1187 1191/1976/1186 1196/1980/1190
f 1191/1976/1186 1194/1979/1189 1195/1981/1191
f 1195/1981/1191 1196/1980/1190 1191/1976/1186
f 1196/1980/1190 1197/1982/1192 1193/1977/1187
f 1196/1980/1190 1195/1981/1191 1198/1983/1193
f 1197/1982/1192 1196/1980/1190 1198/1983/1193
f 1199/1984/1194 1198/1985/1193 1201/1986/1195
f 1198/1985/1193 1199/1984/1194 1197/1987/1192
f 1200/1988/1196 1198/1985/1193 1195/1989/1191
f 1198/1985/1193 1200/1988/1196 1202/1990/1197
f 1202/1990/1197 1201/1986/1195 1198/1985/1193
f 1201/1991/1195 1202/1992/1197 1208/1993/1198
f 1202/1992/1197 1203/1994/1199 1204/1995/1200
f 1203/1996/1199 1202/1990/1197 1209/1997/1201
f 1204/1995/1200 1205/1998/1202 1202/1992/1197
f 1205/1998/1202 1206/1999/1203 1202/1992/1197
f 1206/1999/1203 1207/2000/1204 1202/1992/1197
f 1207/2000/1204 1208/1993/1198 1202/1992/1197
f 1200/1988/1196 1209/1997/1201 1202/1990/1197
f 1210/2001/1205 1212/2002/1206 1209/1997/1201
f 1209/1997/1201 1200/1988/1196 1210/2001/1205
f 1209/1997/1201 1211/2003/1207 1203/1996/1199
f 1211/2003/1207 1209/1997/1201 1212/2002/1206
f 1212/2004/1206 1210/2005/1205 1213/2006/1208
f 1213/2006/1208 1214/2007/1209 1212/2004/1206
f 1215/2008/1210 1212/2004/1206 1214/2007/1209
f 1212/2002/1206 1215/2009/1210 1211/2003/1207
f 1215/2009/1210 1217/2010/1211 1211/2003/1207
f 1217/2011/1211 1215/2012/1210 1216/2013/1212
f 1214/2014/1209 1216/2013/1212 1215/2012/1210
f 1219/2015/1213 1217/2011/1211 1218/2016/1214
f 1216/2013/1212 1218/2016/1214 1217/2011/1211
f 1217/2010/1211 1219/2017/1213 1220/2018/1215
f 1220/2018/1215 1211/2003/1207 1217/2010/1211
f 1221/2019/1216 1220/2018/1215 1219/2017/1213
f 1211/2003/1207 1220/2018/1215 1222/2020/1217
f 1220/2018/1215 1221/2019/1216 1222/2020/1217
f 1223/2021/1218 1222/2020/1217 1221/2019/1216
f 1203/2022/1199 1222/2023/1217 1228/2024/1219
f 1222/2020/1217 1203/1996/1199 1211/2003/1207
f 1222/2023/1217 1223/2025/1218 1224/2026/1220
f 1224/2026/1220 1225/2027/1221 1222/2023/1217
f 1225/2027/1221 1226/2028/1222 1222/2023/1217
f 1226/2028/1222 1227/2029/1223 1222/2023/1217
f 1227/2029/1223 1228/2024/1219 1222/2023/1217
f 1228/2024/1219 1227/2029/1223 1230/2030/1224
f 1229/2031/1225 1228/2024/1219 1230/2030/1224
f 1228/2024/1219 1229/2031/1225 1203/2022/1199
f 1231/2032/1226 1230/2030/1224 1227/2029/1223
f 1230/2033/1224 1231/2034/1226 1232/2035/1227
f 1232/2035/1227 1233/2036/1228 1230/2033/1224
f 1234/2037/1229 1230/2033/1224 1233/2036/1228
f 1230/2030/1224 1234/2038/1229 1229/2031/1225
f 1235/2039/1230 1229/2031/1225 1234/2038/1229
f 1236/2040/1231 1235/2041/1230 1234/2042/1229
f 1234/2042/1229 1237/2043/1232 1236/2040/1231
f 1237/2044/1232 1234/2037/1229 1233/2036/1228
f 1204/1995/1200 1236/2040/1231 1237/2043/1232
f 1205/1998/1202 1204/1995/1200 1237/2043/1232
f 1238/2045/1233 1237/2044/1232 1239/2046/1234
f 1237/2043/1232 1238/2047/1233 1205/1998/1202
f 1233/2036/1228 1239/2046/1234 1237/2044/1232
f 1240/2048/1235 1239/2049/1234 1245/2050/1236
f 1239/2046/1234 1240/2051/1235 1246/2052/1237
f 1239/2049/1234 1233/2053/1228 1241/2054/1238
f 1239/2049/1234 1241/2054/1238 1242/2055/1239
f 1239/2049/1234 1242/2055/1239 1243/2056/1240
f 1239/2049/1234 1243/2056/1240 1244/2057/1241
f 1239/2049/1234 1244/2057/1241 1245/2050/1236
f 1246/2052/1237 1238/2045/1233 1239/2046/1234
f 1238/2047/1233 1246/2058/1237 1207/2000/1204
f 1208/1993/1198 1207/2000/1204 1246/2058/1237
f 1247/2059/1242 1208/1993/1198 1246/2058/1237
f 1246/2058/1237 1248/2060/1243 1247/2059/1242
f 1248/2061/1243 1246/2052/1237 1240/2051/1235
f 1250/2062/1244 1247/2059/1242 1248/2060/1243
f 1249/2063/1245 1248/2061/1243 1240/2051/1235
f 1248/2060/1243 1249/2064/1245 1251/2065/1246
f 1251/2065/1246 1250/2062/1244 1248/2060/1243
f 1251/2065/1246 1252/2066/1247 1201/1991/1195
f 1250/2062/1244 1251/2065/1246 1201/1991/1195
f 1252/2066/1247 1251/2065/1246 1249/2064/1245
f 1252/2066/1247 1254/2067/1248 1253/2068/1249
f 1253/2068/1249 1201/1991/1195 1252/2066/1247
f 1254/2067/1248 1252/2066/1247 1249/2064/1245
f 1254/2067/1248 1255/2069/1250 1253/2068/1249
f 1255/2069/1250 1254/2067/1248 1256/2070/1251
f 1249/2064/1245 1256/2070/1251 1254/2067/1248
f 1257/2071/1252 1255/2069/1250 1256/2070/1251
f 1256/2070/1251 1258/2072/1253 1257/2071/1252
f 1259/2073/1254 1256/2074/1251 1249/2063/1245
f 1258/2075/1253 1256/2074/1251 1259/2073/1254
f 1249/2063/1245 1240/2051/1235 1259/2073/1254
f 1263/2076/1255 1260/2077/1256 1259/2078/1254
f 1259/2073/1254 1260/2079/1256 1258/2075/1253
f 1261/2080/1257 1259/2078/1254 1240/2048/1235
f 1259/2078/1254 1261/2080/1257 1262/2081/1258
f 1259/2078/1254 1262/2081/1258 1264/2082/1259
f 1259/2078/1254 1264/2082/1259 1263/2076/1255
f 1264/2082/1259 1262/2081/1258 1265/2083/1260
f 1263/2076/1255 1264/2082/1259 1265/2083/1260
f 1265/2083/1260 1267/2084/1261 1266/2085/1262
f 1269/2086/1263 1265/2087/1260 1266/2088/1262
f 1267/2084/1261 1265/2083/1260 1262/2081/1258
f 1265/2083/1260 1268/2089/1264 1263/2076/1255
f 1268/2089/1264 1265/2083/1260 1269/2090/1263
f 1269/2090/1263 1272/2091/1265 1268/2089/1264
f 1273/2092/1266 1270/2093/1267 1269/2086/1263
f 1270/2094/1267 1271/2095/1268 1269/2090/1263
f 1271/2096/1268 1272/2097/1265 1269/2098/1263
f 1269/2086/1263 1266/2088/1262 1273/2092/1266
f 1266/2099/1262 1275/2100/1269 1273/2101/1266
f 1274/2102/1270 1273/2101/1266 1275/2100/1269
f 1273/2103/1266 1274/2104/1270 1270/2094/1267
f 1267/2105/1261 1276/2106/1271 1275/2100/1269
f 1275/2107/1269 1276/2108/1271 1277/2109/1272
f 1278/2110/1273 1275/2107/1269 1277/2109/1272
f 1274/2102/1270 1275/2100/1269 1278/2111/1273
f 1266/2099/1262 1267/2105/1261 1275/2100/1269
f 1277/2109/1272 1280/2112/1274 1278/2110/1273
f 1279/2113/1275 1274/2102/1270 1278/2111/1273
f 1278/2111/1273 1281/2114/1276 1279/2113/1275
f 1280/2112/1274 1281/2115/1276 1278/2110/1273
f 1280/2112/1274 1283/2116/1277 1281/2115/1276
f 1282/2117/1278 1279/2113/1275 1281/2114/1276
f 1281/2114/1276 1283/2118/1277 1282/2117/1278
f 1284/2119/1279 1286/2120/1280 1283/2121/1277
f 1284/2119/1279 1283/2121/1277 1285/2122/1281
f 1280/2112/1274 1287/2123/1282 1283/2116/1277
f 1287/2123/1282 1285/2124/1281 1283/2116/1277
f 1286/2125/1280 1282/2117/1278 1283/2118/1277
f 1287/2123/1282 1280/2112/1274 1288/2126/1283
f 1288/2126/1283 1291/2127/1284 1287/2123/1282
f 1181/1967/1177 1287/2123/1282 1289/2128/1285
f 1287/2123/1282 1181/1967/1177 1290/2129/1286
f 1289/2128/1285 1287/2123/1282 1291/2127/1284
f 1287/2123/1282 1290/2129/1286 1285/2124/1281
f 1291/2127/1284 1288/2126/1283 1293/2130/1287
f 1292/2131/1288 1289/2128/1285 1291/2127/1284
f 1291/2127/1284 1295/2132/1289 1292/2131/1288
f 1293/2130/1287 1294/2133/1290 1291/2127/1284
f 1295/2132/1289 1291/2127/1284 1294/2133/1290
f 1294/2133/1290 1297/2134/1291 1295/2132/1289
f 1295/2132/1289 1297/2134/1291 1296/2135/1292
f 1292/2131/1288 1295/2132/1289 1296/2135/1292
f 1298/2136/1293 1297/2134/1291 1294/2133/1290
f 1298/2137/1293 1300/2138/1294 1297/2139/1291
f 1299/2140/1295 1296/2135/1292 1297/2134/1291
f 1299/2141/1295 1297/2139/1291 1300/2138/1294
f 1302/2142/1296 1301/2143/1297 1300/2138/1294
f 1299/2141/1295 1300/2138/1294 1301/2143/1297
f 1300/2138/1294 1303/2144/1298 1302/2142/1296
f 1303/2144/1298 1300/2138/1294 1298/2137/1293
f 1303/2144/1298 1298/2137/1293 1304/2145/1299
f 1303/2144/1298 1304/2145/1299 1305/2146/1300
f 1305/2146/1300 1306/2147/1301 1303/2144/1298
f 1302/2142/1296 1303/2144/1298 1306/2147/1301
f 1305/2146/1300 1307/2148/1302 1306/2147/1301
f 1307/2148/1302 1309/2149/1303 1306/2147/1301
f 1302/2142/1296 1306/2147/1301 1308/2150/1304
f 1308/2150/1304 1306/2147/1301 1309/2149/1303
f 1309/2149/1303 1307/2148/1302 1310/2151/1305
f 1309/2149/1303 1310/2151/1305 1311/2152/1306
f 1311/2152/1306 1312/2153/1307 1309/2149/1303
f 1314/2154/1308 1309/2149/1303 1312/2153/1307
f 1309/2149/1303 1314/2154/1308 1313/2155/1309
f 1313/2155/1309 1308/2150/1304 1309/2149/1303
f 1316/2156/1310 1314/2154/1308 1315/2157/1311
f 1312/2153/1307 1315/2157/1311 1314/2154/1308
f 1314/2154/1308 1316/2156/1310 1318/2158/1312
f 1313/2155/1309 1314/2154/1308 1317/2159/1313
f 1318/2158/1312 1317/2159/1313 1314/2154/1308
f 1319/2160/1314 1320/2161/1315 1318/2158/1312
f 1318/2158/1312 1321/2162/1316 1319/2160/1314
f 1317/2159/1313 1318/2158/1312 1320/2161/1315
f 1321/2162/1316 1318/2158/1312 1316/2156/1310
f 1323/2163/1317 1321/2162/1316 1316/2156/1310
f 1322/2164/1318 1319/2160/1314 1321/2162/1316
f 1321/2162/1316 1323/2163/1317 1322/2164/1318
f 1323/2163/1317 1316/2156/1310 1324/2165/1319
f 1323/2163/1317 1326/2166/1320 1322/2164/1318
f 1324/2165/1319 1325/2167/1321 1323/2163/1317
f 1326/2166/1320 1323/2163/1317 1325/2167/1321
f 1329/2168/1322 1326/2166/1320 1325/2167/1321
f 1328/2169/1323 1322/2164/1318 1326/2166/1320
f 1330/2170/1324 1327/2171/1325 1326/2166/1320
f 1327/2171/1325 1328/2169/1323 1326/2166/1320
f 1326/2166/1320 1329/2168/1322 1330/2170/1324
f 1331/2172/1326 1334/2173/1327 1330/2170/1324
f 1331/2172/1326 1330/2170/1324 1333/2174/1328
f 1329/2168/1322 1332/2175/1329 1330/2170/1324
f 1332/2175/1329 1333/2174/1328 1330/2170/1324
f 1330/2170/1324 1334/2173/1327 1335/2176/1330
f 1335/2176/1330 1327/2171/1325 1330/2170/1324
f 1336/2177/1331 1335/2176/1330 1334/2173/1327
f 1339/2178/1332 1327/2171/1325 1335/2176/1330
f 1335/2176/1330 1336/2177/1331 1337/2179/1333
f 1337/2179/1333 1338/2180/1334 1335/2176/1330
f 1335/2176/1330 1338/2180/1334 1339/2178/1332
f 1328/2169/1323 1327/2171/1325 1339/2178/1332
f 1339/2178/1332 1340/2181/1335 1328/2169/1323
f 1342/2182/1336 1339/2178/1332 1338/2180/1334
f 1339/2178/1332 1341/2183/1337 1340/2181/1335
f 1339/2178/1332 1342/2182/1336 1341/2183/1337
f 1342/2182/1336 1345/2184/1338 1343/2185/1339
f 1341/2183/1337 1342/2182/1336 1343/2185/1339
f 1338/2180/1334 1344/2186/1340 1342/2182/1336
f 1345/2184/1338 1342/2182/1336 1344/2186/1340
f 1349/2187/1341 1343/2188/1339 1345/2189/1338
f 1345/2184/1338 1344/2186/1340 1346/2190/1342
f 1346/2190/1342 1347/2191/1343 1345/2184/1338
f 1348/2192/1344 1345/2189/1338 1347/2193/1343
f 1348/2192/1344 1349/2187/1341 1345/2189/1338
f 1350/2194/1345 1343/2188/1339 1349/2187/1341
f 1349/2187/1341 1351/2195/1346 1350/2194/1345
f 1349/2196/1341 1348/2197/1344 1353/2198/1347
f 1351/2195/1346 1349/2187/1341 1352/2199/1348
f 1353/2198/1347 1352/2200/1348 1349/2196/1341
f 1352/2201/1348 1353/2202/1347 1355/2203/1349
f 1354/2204/1350 1353/2198/1347 1348/2197/1344
f 1353/2202/1347 1354/2205/1350 1355/2203/1349
f 1352/2201/1348 1355/2203/1349 1361/2206/1351
f 1355/2203/1349 1356/2207/1352 1359/2208/1353
f 1356/2207/1352 1355/2203/1349 1354/2205/1350
f 1357/2209/1354 1355/2203/1349 1358/2210/1355
f 1355/2203/1349 1357/2209/1354 1361/2206/1351
f 1360/2211/1356 1358/2210/1355 1355/2203/1349
f 1360/2211/1356 1355/2203/1349 1359/2208/1353
f 1366/2212/1357 1362/2213/1358 1361/2214/1351
f 1363/2215/1359 1361/2214/1351 1362/2213/1358
f 1365/2216/1360 1352/2201/1348 1361/2206/1351
f 1361/2206/1351 1363/2217/1359 1365/2216/1360
f 1364/2218/1361 1361/2206/1351 1357/2209/1354
f 1361/2219/1351 1364/2220/1361 1367/2221/1362
f 1367/2221/1362 1366/2222/1357 1361/2219/1351
f 1367/2223/1362 1370/2224/1363 1368/2225/1364
f 1368/2225/1364 1369/2226/1365 1367/2223/1362
f 1369/2226/1365 1366/2227/1357 1367/2223/1362
f 1370/2224/1363 1367/2223/1362 1371/2228/1366
f 1364/2229/1361 1371/2228/1366 1367/2223/1362
f 1371/2230/1366 1363/2231/1359 1372/2232/1367
f 1372/2232/1367 1370/2233/1363 1371/2230/1366
f 1363/2217/1359 1371/2234/1366 1375/2235/1368
f 1371/2234/1366 1364/2218/1361 1357/2209/1354
f 1357/2209/1354 1373/2236/1369 1371/2234/1366
f 1371/2234/1366 1373/2236/1369 1374/2237/1370
f 1374/2237/1370 1375/2235/1368 1371/2234/1366
f 1375/2238/1368 1374/2239/1370 1376/2240/1371
f 1376/2240/1371 1377/2241/1372 1375/2238/1368
f 1375/2238/1368 1377/2241/1372 1365/2242/1360
f 1375/2235/1368 1365/2216/1360 1363/2217/1359
f 1377/2241/1372 1376/2240/1371 1379/2243/1373
f 1377/2241/1372 1378/2244/1374 1365/2242/1360
f 1378/2244/1374 1377/2241/1372 1380/2245/1375
f 1379/2243/1373 1380/2245/1375 1377/2241/1372
f 1384/2246/1376 1381/2247/1377 1380/2248/1375
f 1381/2247/1377 1383/2249/1378 1380/2248/1375
f 1382/2250/1379 1378/2244/1374 1380/2245/1375
f 1382/2251/1379 1380/2248/1375 1383/2249/1378
f 1380/2248/1375 1379/2252/1373 1384/2246/1376
f 1385/2253/1380 1387/2254/1381 1384/2255/1376
f 1386/2256/1382 1385/2253/1380 1384/2255/1376
f 1388/2257/1383 1386/2256/1382 1384/2255/1376
f 1381/2258/1377 1384/2255/1376 1387/2254/1381
f 1390/2259/1384 1388/2257/1383 1384/2255/1376
f 1379/2252/1373 1389/2260/1385 1384/2246/1376
f 1384/2255/1376 1389/2261/1385 1390/2259/1384
f 1391/2262/1386 1392/2263/1387 1390/2259/1384
f 1390/2259/1384 1393/2264/1388 1391/2262/1386
f 1388/2257/1383 1390/2259/1384 1392/2263/1387
f 1393/2264/1388 1390/2259/1384 1389/2261/1385
f 1394/2265/1389 1393/2264/1388 1389/2261/1385
f 1393/2264/1388 1394/2265/1389 1391/2262/1386
f 1395/2266/1390 1394/2265/1389 1389/2261/1385
f 1394/2265/1389 1395/2266/1390 1396/2267/1391
f 1396/2267/1391 1391/2262/1386 1394/2265/1389
f 1397/2268/1392 1396/2267/1391 1395/2266/1390
f 1396/2267/1391 1397/2268/1392 1398/2269/1393
f 1391/2262/1386 1396/2267/1391 1398/2269/1393
f 1398/2270/1393 1397/2271/1392 1399/2272/1394
f 1399/2272/1394 1400/2273/1395 1398/2270/1393
f 1398/2270/1393 1400/2273/1395 1401/2274/1396
f 1401/2275/1396 1402/2276/1397 1398/2269/1393
f 1398/2269/1393 1402/2276/1397 1391/2262/1386
f 1403/2277/1398 1404/2278/1399 1402/2276/1397
f 1402/2276/1397 1401/2275/1396 1403/2277/1398
f 1392/2263/1387 1391/2262/1386 1402/2276/1397
f 1404/2278/1399 1392/2263/1387 1402/2276/1397
f 1403/2277/1398 1408/2279/1400 1404/2278/1399
f 1405/2280/1401 1392/2263/1387 1404/2278/1399
f 1405/2280/1401 1404/2278/1399 1406/2281/1402
f 1407/2282/1403 1406/2281/1402 1404/2278/1399
f 1404/2278/1399 1410/2283/1404 1407/2282/1403
f 1409/2284/1405 1404/2278/1399 1408/2279/1400
f 1410/2283/1404 1404/2278/1399 1409/2284/1405
f 1410/2283/1404 1413/2285/1406 1411/2286/1407
f 1411/2286/1407 1407/2282/1403 1410/2283/1404
f 1412/2287/1408 1410/2283/1404 1409/2284/1405
f 1413/2285/1406 1410/2283/1404 1412/2287/1408
f 1414/2288/1409 1413/2285/1406 1417/2289/1410
f 1413/2285/1406 1414/2288/1409 1415/2290/1411
f 1415/2290/1411 1416/2291/1412 1413/2285/1406
f 1416/2291/1412 1411/2286/1407 1413/2285/1406
f 1412/2287/1408 1417/2289/1410 1413/2285/1406
f 1414/2288/1409 1417/2289/1410 1418/2292/1413
f 1417/2289/1410 1419/2293/1414 1418/2292/1413
f 1420/2294/1415 1417/2289/1410 1412/2287/1408
f 1420/2294/1415 1419/2293/1414 1417/2289/1410
f 1420/2295/1415 1412/2296/1408 1424/2297/1416
f 1420/2298/1415 1422/2299/1417 1421/2300/1418
f 1419/2301/1414 1420/2298/1415 1421/2300/1418
f 1422/2299/1417 1420/2298/1415 1423/2302/1419
f 1424/2303/1416 1423/2304/1419 1420/2305/1415
f 1424/2306/1416 1408/2307/1400 1425/2308/1420
f 1408/2307/1400 1424/2306/1416 1409/2309/1405
f 1426/2310/1421 1424/2306/1416 1425/2308/1420
f 1409/2284/1405 1424/2311/1416 1412/2287/1408
f 1426/2310/1421 1423/2312/1419 1424/2306/1416
f 1425/2308/1420 1427/2313/1422 1426/2310/1421
f 1427/2313/1422 1430/2314/1423 1426/2310/1421
f 1426/2310/1421 1429/2315/1424 1428/2316/1425
f 1426/2317/1421 1428/2318/1425 1431/2319/1426
f 1430/2314/1423 1429/2315/1424 1426/2310/1421
f 1431/2320/1426 1423/2312/1419 1426/2310/1421
f 1432/2321/1427 1431/2319/1426 1433/2322/1428
f 1431/2319/1426 1432/2321/1427 1422/2299/1417
f 1422/2299/1417 1423/2302/1419 1431/2319/1426
f 1431/2319/1426 1434/2323/1429 1433/2322/1428
f 1431/2319/1426 1428/2318/1425 1434/2323/1429
f 1433/2322/1428 1434/2323/1429 1435/2324/1430
f 1435/2325/1430 1434/2326/1429 1436/2327/1431
f 1436/2327/1431 1434/2326/1429 1428/2316/1425
f 1437/2328/1432 1436/2327/1431 1429/2315/1424
f 1436/2327/1431 1437/2328/1432 1435/2325/1430
f 1428/2316/1425 1429/2315/1424 1436/2327/1431
f 1429/2315/1424 1430/2314/1423 1437/2328/1432
f 1430/2314/1423 1438/2329/1433 1437/2328/1432
f 1435/2325/1430 1437/2328/1432 1438/2329/1433
f 1438/2329/1433 1439/2330/1434 1435/2325/1430
f 1439/2330/1434 1438/2329/1433 1440/2331/1435
f 1440/2331/1435 1438/2329/1433 1427/2313/1422
f 1430/2314/1423 1427/2313/1422 1438/2329/1433
f 1439/2330/1434 1440/2331/1435 1442/2332/1436
f 1440/2331/1435 1427/2313/1422 1441/2333/1437
f 1441/2333/1437 1442/2332/1436 1440/2331/1435
f 1443/2334/1438 1442/2332/1436 1444/2335/1439
f 1445/2336/1440 1442/2332/1436 1443/2334/1438
f 1445/2336/1440 1439/2330/1434 1442/2332/1436
f 1442/2332/1436 1441/2333/1437 1444/2335/1439
f 1445/2336/1440 1446/2337/1441 1449/2338/1442
f 1447/2339/1443 1446/2337/1441 1445/2336/1440
f 1445/2336/1440 1443/2334/1438 1447/2339/1443
f 1450/2340/1444 1445/2336/1440 1448/2341/1445
f 1448/2341/1445 1445/2336/1440 1449/2338/1442
f 1445/2336/1440 1450/2340/1444 1439/2330/1434
f 1452/2342/1446 1450/2343/1444 1451/2344/1447
f 1457/2345/1448 1451/2344/1447 1450/2343/1444
f 1452/2346/1446 1453/2347/1449 1450/2340/1444
f 1439/2330/1434 1450/2340/1444 1453/2347/1449
f 1450/2343/1444 1456/2348/1450 1454/2349/1451
f 1455/2350/1452 1450/2343/1444 1454/2349/1451
f 1450/2343/1444 1455/2350/1452 1457/2345/1448
f 1456/2348/1450 1450/2343/1444 1448/2351/1445
f 1458/2352/1453 1457/2345/1448 1455/2350/1452
f 1457/2345/1448 1458/2352/1453 1459/2353/1454
f 1451/2344/1447 1457/2345/1448 1460/2354/1455
f 1459/2353/1454 1460/2354/1455 1457/2345/1448
f 1460/2354/1455 1461/2355/1456 1462/2356/1457
f 1461/2355/1456 1460/2354/1455 1459/2353/1454
f 1460/2354/1455 1463/2357/1458 1451/2344/1447
f 1462/2356/1457 1463/2357/1458 1460/2354/1455
f 1464/2358/1459 1451/2344/1447 1463/2357/1458
f 1462/2356/1457 1466/2359/1460 1463/2357/1458
f 1465/2360/1461 1464/2358/1459 1463/2357/1458
f 1465/2360/1461 1463/2357/1458 1466/2359/1460
f 1466/2359/1460 1462/2356/1457 1467/2361/1462
f 1467/2361/1462 1468/2362/1463 1466/2359/1460
f 1469/2363/1464 1466/2359/1460 1468/2362/1463
f 1469/2363/1464 1465/2360/1461 1466/2359/1460
f 1469/2363/1464 1471/2364/1465 1470/2365/1466
f 1465/2360/1461 1469/2363/1464 1470/2365/1466
f 1468/2362/1463 1471/2364/1465 1469/2363/1464
f 1471/2366/1465 1472/2367/1467 1470/2368/1466
f 1468/2362/1463 1472/2369/1467 1471/2364/1465
f 1474/2370/1468 1472/2369/1467 1473/2371/1469
f 1472/2369/1467 1468/2362/1463 1473/2371/1469
f 1470/2365/1466 1472/2369/1467 1474/2370/1468
f 1474/2370/1468 1473/2371/1469 1475/2372/1470
f 1475/2372/1470 1476/2373/1471 1474/2370/1468
f 1477/2374/1472 1474/2370/1468 1476/2373/1471
f 1474/2370/1468 1477/2374/1472 1470/2365/1466
f 1478/2375/1473 1477/2374/1472 1480/2376/1474
f 1477/2374/1472 1478/2375/1473 1479/2377/1475
f 1477/2374/1472 1479/2377/1475 1470/2365/1466
f 1476/2373/1471 1480/2376/1474 1477/2374/1472
f 1480/2378/1474 1481/2379/1476 1482/2380/1477
f 1480/2378/1474 1476/2381/1471 1481/2379/1476
f 1480/2376/1474 1482/2382/1477 1478/2375/1473
f 1483/2383/1478 1482/2380/1477 1481/2379/1476
f 1482/2382/1477 1484/2384/1479 1478/2375/1473
f 1483/2383/1478 1485/2385/1480 1482/2380/1477
f 1485/2385/1480 1484/2386/1479 1482/2380/1477
f 1486/2387/1481 1485/2385/1480 1483/2383/1478
f 1484/2386/1479 1485/2385/1480 1486/2387/1481
f 1486/2387/1481 1491/2388/1482 1487/2389/1483
f 1487/2389/1483 1484/2386/1479 1486/2387/1481
f 1488/2390/1484 1491/2388/1482 1486/2387/1481
f 1490/2391/1485 1488/2390/1484 1486/2387/1481
f 1483/2383/1478 1489/2392/1486 1486/2387/1481
f 1486/2387/1481 1489/2392/1486 1490/2391/1485
f 1493/2393/1487 1491/2388/1482 1488/2390/1484
f 1492/2394/1488 1494/2395/1489 1491/2388/1482
f 1492/2394/1488 1491/2388/1482 1493/2393/1487
f 1494/2395/1489 1495/2396/1490 1491/2388/1482
f 1487/2389/1483 1491/2388/1482 1495/2396/1490
f 1495/2396/1490 1497/2397/1491 1496/2398/1492
f 1498/2399/1493 1495/2396/1490 1496/2398/1492
f 1494/2395/1489 1497/2397/1491 1495/2396/1490
f 1495/2396/1490 1498/2399/1493 1499/2400/1494
f 1487/2389/1483 1495/2396/1490 1499/2400/1494
f 1499/2400/1494 1498/2399/1493 1500/2401/1495
f 1500/2401/1495 1501/2402/1496 1499/2400/1494
f 1501/2402/1496 1502/2403/1497 1499/2400/1494
f 1503/2404/1498 1499/2400/1494 1502/2403/1497
f 1487/2389/1483 1499/2400/1494 1503/2404/1498
f 1504/2405/1499 1503/2404/1498 1506/2406/1500
f 1504/2407/1499 1507/2408/1501 1503/2409/1498
f 1433/2322/1428 1503/2404/1498 1505/2410/1502
f 1505/2410/1502 1503/2404/1498 1502/2403/1497
f 1503/2404/1498 1433/2322/1428 1506/2406/1500
f 1503/2404/1498 1507/2411/1501 1487/2389/1483
f 1508/2412/1503 1509/2413/1504 1507/2411/1501
f 1508/2412/1503 1507/2411/1501 1504/2405/1499
f 1510/2414/1505 1507/2415/1501 1509/2416/1504
f 1507/2415/1501 1510/2414/1505 1511/2417/1506
f 1507/2411/1501 1511/2418/1506 1487/2389/1483
f 1487/2389/1483 1511/2418/1506 1484/2386/1479
f 1512/2419/1507 1484/2386/1479 1511/2418/1506
f 1510/2414/1505 1512/2420/1507 1511/2417/1506
f 1512/2420/1507 1513/2421/1508 1478/2375/1473
f 1478/2375/1473 1484/2384/1479 1512/2420/1507
f 1514/2422/1509 1513/2421/1508 1512/2420/1507
f 1512/2420/1507 1510/2414/1505 1514/2422/1509
f 1514/2422/1509 1515/2423/1510 1516/2424/1511
f 1515/2423/1510 1514/2422/1509 1510/2414/1505
f 1514/2422/1509 1516/2424/1511 1513/2421/1508
f 1516/2424/1511 1470/2365/1466 1479/2377/1475
f 1465/2360/1461 1470/2365/1466 1516/2424/1511
f 1465/2360/1461 1516/2424/1511 1464/2358/1459
f 1452/2342/1446 1464/2358/1459 1516/2424/1511
f 1516/2424/1511 1515/2423/1510 1435/2425/1430
f 1516/2426/1511 1453/2347/1449 1452/2346/1446
f 1516/2426/1511 1435/2325/1430 1453/2347/1449
f 1479/2377/1475 1513/2421/1508 1516/2424/1511
f 1435/2425/1430 1515/2423/1510 1509/2416/1504
f 1509/2416/1504 1515/2423/1510 1510/2414/1505
f 1478/2375/1473 1513/2421/1508 1479/2377/1475
f 1509/2427/1504 1508/2428/1503 1435/2429/1430
f 1506/2406/1500 1508/2412/1503 1504/2405/1499
f 1506/2430/1500 1435/2429/1430 1508/2428/1503
f 1435/2324/1430 1506/2406/1500 1433/2322/1428
f 1502/2403/1497 1517/2431/1512 1505/2410/1502
f 1505/2410/1502 1432/2321/1427 1433/2322/1428
f 1432/2321/1427 1505/2410/1502 1517/2431/1512
f 1518/2432/1513 1517/2431/1512 1502/2403/1497
f 1432/2321/1427 1517/2431/1512 1422/2299/1417
f 1421/2300/1418 1422/2299/1417 1517/2431/1512
f 1517/2431/1512 1518/2432/1513 1421/2300/1418
f 1518/2432/1513 1519/2433/1514 1421/2300/1418
f 1521/2434/1515 1519/2433/1514 1518/2432/1513
f 1502/2403/1497 1520/2435/1516 1518/2432/1513
f 1518/2432/1513 1520/2435/1516 1521/2434/1515
f 1522/2436/1517 1521/2434/1515 1520/2435/1516
f 1521/2434/1515 1522/2436/1517 1523/2437/1518
f 1524/2438/1519 1521/2434/1515 1523/2437/1518
f 1519/2433/1514 1521/2434/1515 1524/2438/1519
f 1524/2438/1519 1523/2437/1518 1527/2439/1520
f 1524/2438/1519 1525/2440/1521 1519/2433/1514
f 1525/2441/1521 1524/2442/1519 1526/2443/1522
f 1526/2443/1522 1524/2442/1519 1527/2444/1520
f 1527/2444/1520 1383/2445/1378 1526/2443/1522
f 1383/2249/1378 1527/2446/1520 1529/2447/1523
f 1527/2446/1520 1528/2448/1524 1529/2447/1523
f 1528/2449/1524 1527/2439/1520 1523/2437/1518
f 1382/2251/1379 1529/2447/1523 1533/2450/1525
f 1529/2447/1523 1382/2251/1379 1383/2249/1378
f 1530/2451/1526 1531/2452/1527 1529/2447/1523
f 1530/2451/1526 1529/2447/1523 1528/2448/1524
f 1531/2453/1527 1532/2454/1528 1529/2455/1523
f 1532/2454/1528 1533/2456/1525 1529/2455/1523
f 1382/2250/1379 1533/2457/1525 1535/2458/1529
f 1533/2456/1525 1532/2454/1528 1534/2459/1530
f 1535/2458/1529 1533/2457/1525 1534/2460/1530
f 1535/2458/1529 1378/2244/1374 1382/2250/1379
f 1378/2244/1374 1535/2458/1529 1536/2461/1531
f 1534/2460/1530 1536/2461/1531 1535/2458/1529
f 1536/2461/1531 1365/2242/1360 1378/2244/1374
f 1365/2216/1360 1536/2462/1531 1352/2201/1348
f 1537/2463/1532 1352/2201/1348 1536/2462/1531
f 1536/2462/1531 1534/2464/1530 1537/2463/1532
f 1538/2465/1533 1537/2463/1532 1534/2464/1530
f 1352/2199/1348 1537/2466/1532 1351/2195/1346
f 1537/2467/1532 1538/2468/1533 1539/2469/1534
f 1539/2470/1534 1351/2195/1346 1537/2466/1532
f 1540/2471/1535 1539/2470/1534 1541/2472/1536
f 1540/2471/1535 1542/2473/1537 1539/2470/1534
f 1541/2474/1536 1539/2469/1534 1538/2468/1533
f 1351/2195/1346 1539/2470/1534 1542/2473/1537
f 1540/2475/1535 1543/2476/1538 1542/2477/1537
f 1542/2477/1537 1543/2476/1538 1544/2478/1539
f 1542/2473/1537 1350/2194/1345 1351/2195/1346
f 1544/2478/1539 1545/2479/1540 1542/2477/1537
f 1546/2480/1541 1542/2477/1537 1545/2479/1540
f 1350/2481/1345 1542/2477/1537 1546/2480/1541
f 1545/2479/1540 1547/2482/1542 1546/2480/1541
f 1547/2482/1542 1548/2483/1543 1546/2480/1541
f 1549/2484/1544 1546/2485/1541 1548/2486/1543
f 1546/2480/1541 1549/2487/1544 1350/2481/1345
f 1548/2483/1543 1550/2488/1545 1549/2487/1544
f 1549/2487/1544 1550/2488/1545 1554/2489/1546
f 1549/2487/1544 1554/2489/1546 1551/2490/1547
f 1549/2487/1544 1551/2490/1547 1552/2491/1548
f 1549/2487/1544 1552/2491/1548 1553/2492/1549
f 1553/2492/1549 1350/2481/1345 1549/2487/1544
f 1555/2493/1550 1556/2494/1551 1554/2489/1546
f 1554/2489/1546 1550/2488/1545 1555/2493/1550
f 1556/2494/1551 1551/2490/1547 1554/2489/1546
f 1560/2495/1552 1556/2494/1551 1555/2493/1550
f 1557/2496/1553 1551/2490/1547 1556/2494/1551
f 1557/2496/1553 1556/2494/1551 1558/2497/1554
f 1559/2498/1555 1558/2497/1554 1556/2494/1551
f 1559/2498/1555 1556/2494/1551 1560/2495/1552
f 1555/2493/1550 1561/2499/1556 1560/2495/1552
f 1560/2495/1552 1561/2499/1556 1563/2500/1557
f 1562/2501/1558 1559/2498/1555 1560/2495/1552
f 1563/2500/1557 1562/2501/1558 1560/2495/1552
f 1563/2500/1557 1565/2502/1559 1562/2501/1558
f 1564/2503/1560 1563/2500/1557 1561/2499/1556
f 1564/2503/1560 1566/2504/1561 1563/2500/1557
f 1563/2500/1557 1566/2504/1561 1565/2502/1559
f 1570/2505/1562 1566/2506/1561 1567/2507/1563
f 1569/2508/1564 1567/2509/1563 1566/2504/1561
f 1568/2510/1565 1565/2502/1559 1566/2504/1561
f 1568/2511/1565 1566/2506/1561 1570/2505/1562
f 1566/2504/1561 1564/2503/1560 1569/2508/1564
f 1572/2512/1566 1571/2513/1567 1570/2505/1562
f 1573/2514/1568 1570/2505/1562 1571/2513/1567
f 1572/2512/1566 1570/2505/1562 1567/2507/1563
f 1574/2515/1569 1568/2511/1565 1570/2505/1562
f 1570/2505/1562 1573/2514/1568 1574/2515/1569
f 1574/2515/1569 1573/2514/1568 1575/2516/1570
f 1575/2516/1570 1576/2517/1571 1574/2515/1569
f 1574/2515/1569 1576/2517/1571 1568/2511/1565
f 1576/2517/1571 1575/2516/1570 1578/2518/1572
f 1576/2517/1571 1577/2519/1573 1580/2520/1574
f 1578/2521/1572 1577/2522/1573 1576/2523/1571
f 1579/2524/1575 1568/2511/1565 1576/2517/1571
f 1576/2517/1571 1580/2520/1574 1579/2524/1575
f 1582/2525/1576 1581/2526/1577 1580/2520/1574
f 1581/2526/1577 1579/2524/1575 1580/2520/1574
f 1580/2527/1574 1577/2522/1573 1582/2528/1576
f 1582/2529/1576 1584/2530/1578 1583/2531/1579
f 1583/2531/1579 1581/2532/1577 1582/2529/1576
f 1584/2533/1578 1582/2528/1576 1586/2534/1580
f 1577/2522/1573 1585/2535/1581 1582/2528/1576
f 1585/2535/1581 1586/2534/1580 1582/2528/1576
f 1586/2534/1580 1589/2536/1582 1584/2533/1578
f 1588/2537/1583 1586/2534/1580 1585/2535/1581
f 1589/2536/1582 1586/2534/1580 1587/2538/1584
f 1587/2538/1584 1586/2534/1580 1588/2537/1583
f 1587/2538/1584 1590/2539/1585 1589/2536/1582
f 1592/2540/1586 1589/2536/1582 1590/2539/1585
f 1591/2541/1587 1584/2533/1578 1589/2536/1582
f 1589/2536/1582 1592/2540/1586 1591/2541/1587
f 1592/2540/1586 1590/2539/1585 1593/2542/1588
f 1593/2542/1588 1594/2543/1589 1592/2540/1586
f 1591/2541/1587 1592/2540/1586 1594/2543/1589
f 1595/2544/1590 1597/2545/1591 1594/2543/1589
f 1594/2543/1589 1593/2542/1588 1595/2544/1590
f 1594/2543/1589 1596/2546/1592 1591/2541/1587
f 1594/2547/1589 1597/2548/1591 1596/2549/1592
f 1597/2548/1591 1601/2550/1593 1598/2551/1594
f 1598/2551/1594 1599/2552/1595 1597/2548/1591
f 1600/2553/1596 1597/2548/1591 1599/2552/1595
f 1597/2548/1591 1600/2553/1596 1596/2549/1592
f 1601/2554/1593 1597/2545/1591 1595/2544/1590
f 1595/2544/1590 1602/2555/1597 1601/2554/1593
f 1163/1947/1159 1598/2556/1594 1601/2554/1593
f 1601/2554/1593 1161/1942/1156 1163/1947/1159
f 1159/1940/1154 1601/2554/1593 1602/2555/1597
f 1601/2554/1593 1159/1940/1154 1161/1942/1156
f 1602/2555/1597 1603/2557/1598 1158/1939/1153
f 1158/1939/1153 1159/1940/1154 1602/2555/1597
f 1602/2555/1597 1595/2544/1590 1593/2542/1588
f 1602/2555/1597 1593/2542/1588 1603/2557/1598
f 1603/2557/1598 1604/2558/1599 1158/1939/1153
f 1590/2539/1585 1603/2557/1598 1593/2542/1588
f 1603/2557/1598 1605/2559/1600 1604/2558/1599
f 1605/2559/1600 1603/2557/1598 1590/2539/1585
f 1590/2539/1585 1587/2538/1584 1605/2559/1600
f 1605/2559/1600 1606/2560/1601 1607/2561/1602
f 1606/2560/1601 1605/2559/1600 1587/2538/1584
f 1607/2561/1602 1604/2558/1599 1605/2559/1600
f 1608/2562/1603 1607/2561/1602 1606/2560/1601
f 1608/2562/1603 1609/2563/1604 1607/2561/1602
f 1610/2564/1605 1607/2561/1602 1609/2563/1604
f 1604/2558/1599 1607/2561/1602 1610/2564/1605
f 1610/2564/1605 1611/2565/1606 1155/1937/1151
f 1609/2563/1604 1611/2565/1606 1610/2564/1605
f 1610/2564/1605 1156/1938/1152 1604/2558/1599
f 1155/1937/1151 1156/1938/1152 1610/2564/1605
f 1155/1937/1151 1611/2565/1606 1612/2566/1607
f 1611/2565/1606 1609/2563/1604 1612/2566/1607
f 1613/2567/1608 1615/2568/1609 1612/2566/1607
f 1613/2567/1608 1612/2566/1607 1614/2569/1610
f 1612/2566/1607 1615/2568/1609 1155/1937/1151
f 1614/2569/1610 1612/2566/1607 1609/2563/1604
f 1615/2570/1609 1619/2571/1611 1148/2572/1145
f 1148/1928/1145 1155/1937/1151 1615/2568/1609
f 1615/2568/1609 1613/2567/1608 1616/2573/1612
f 1618/2574/1613 1615/2568/1609 1616/2573/1612
f 1619/2575/1611 1615/2568/1609 1617/2576/1614
f 1618/2574/1613 1617/2576/1614 1615/2568/1609
f 1620/2577/1615 1619/2575/1611 1617/2576/1614
f 1619/2575/1611 1149/2578/1144 1148/1928/1145
f 1620/2577/1615 1149/2578/1144 1619/2575/1611
f 1069/2579/1066 1620/2580/1615 1621/2581/1616
f 1622/2582/1617 1621/2583/1616 1620/2577/1615
f 1620/2577/1615 1623/2584/1618 1622/2582/1617
f 1631/2585/1619 1623/2584/1618 1620/2577/1615
f 1620/2586/1615 1624/2587/1620 1627/2588/1621
f 1624/2587/1620 1620/2586/1615 1625/2589/1622
f 1625/2589/1622 1620/2586/1615 1628/2590/1623
f 1620/2586/1615 1626/2591/1624 1629/2592/1625
f 1627/2588/1621 1626/2591/1624 1620/2586/1615
f 1629/2592/1625 1628/2590/1623 1620/2586/1615
f 1149/2578/1144 1620/2577/1615 1630/2593/1626
f 1630/2593/1626 1620/2577/1615 1069/1789/1066
f 1617/2576/1614 1631/2585/1619 1620/2577/1615
f 1631/2594/1619 1617/2595/1614 1633/2596/1627
f 1633/2597/1627 1632/2598/1628 1631/2599/1619
f 1634/2600/1629 1631/2599/1619 1632/2598/1628
f 1631/2585/1619 1634/2601/1629 1623/2584/1618
f 1635/2602/1630 1634/2603/1629 1636/2604/1631
f 1634/2601/1629 1635/2605/1630 1623/2584/1618
f 1632/2598/1628 1636/2606/1631 1634/2600/1629
f 1636/2604/1631 1637/2607/1632 1635/2602/1630
f 1637/2608/1632 1636/2609/1631 1638/2610/1633
f 1636/2609/1631 1632/2611/1628 1638/2610/1633
f 1640/2612/1634 1637/2608/1632 1638/2610/1633
f 1632/2611/1628 1633/2613/1627 1638/2610/1633
f 1633/2613/1627 1639/2614/1635 1638/2610/1633
f 1639/2614/1635 1640/2612/1634 1638/2610/1633
f 1637/2607/1632 1640/2615/1634 1641/2616/1636
f 1618/2617/1613 1641/2616/1636 1640/2615/1634
f 1640/2618/1634 1639/2619/1635 1618/2620/1613
f 1641/2616/1636 1635/2602/1630 1637/2607/1632
f 1635/2605/1630 1641/2621/1636 1616/2573/1612
f 1616/2573/1612 1641/2621/1636 1618/2574/1613
f 1617/2595/1614 1618/2620/1613 1639/2619/1635
f 1639/2619/1635 1633/2596/1627 1617/2595/1614
f 1616/2573/1612 1623/2584/1618 1635/2605/1630
f 1630/2593/1626 1645/2622/1637 1149/2578/1144
f 1644/2623/1638 1630/2624/1626 1642/2625/1639
f 1069/1789/1066 1642/2626/1639 1630/2593/1626
f 1644/2623/1638 1643/2627/1640 1630/2624/1626
f 1643/2628/1640 1645/2629/1637 1630/2630/1626
f 1064/1777/1063 1149/2578/1144 1645/2622/1637
f 1646/2631/1641 1071/2632/1069 1645/2629/1637
f 1064/1777/1063 1645/2622/1637 1071/1788/1069
f 1643/2628/1640 1646/2631/1641 1645/2629/1637
f 1648/2633/1642 1647/2634/1643 1646/2635/1641
f 1071/2632/1069 1646/2631/1641 1647/2636/1643
f 1646/2635/1641 1643/2637/1640 1648/2633/1642
f 1648/2633/1642 1644/2638/1638 1647/2634/1643
f 1643/2637/1640 1644/2638/1638 1648/2633/1642
f 1642/2639/1639 1647/2640/1643 1644/2641/1638
f 1647/2640/1643 1642/2639/1639 1071/2642/1069
f 1071/2643/1069 1642/2644/1639 1069/2645/1066
f 1629/2646/1625 1650/2647/1644 1649/2648/1645
f 1649/2648/1645 1628/2649/1623 1629/2646/1625
f 1629/2646/1625 1654/2650/1646 1650/2647/1644
f 1651/2651/1647 1629/2592/1625 1626/2591/1624
f 1651/2651/1647 1652/2652/1648 1629/2592/1625
f 1653/2653/1649 1629/2592/1625 1652/2652/1648
f 1654/2650/1646 1629/2646/1625 1653/2654/1649
f 1655/2655/1650 1656/2656/1651 1654/2657/1646
f 1655/2655/1650 1654/2657/1646 1657/2658/1652
f 1650/2659/1644 1654/2657/1646 1656/2656/1651
f 1653/2654/1649 1657/2660/1652 1654/2650/1646
f 1658/2661/1653 1657/2658/1652 1659/2662/1654
f 1657/2658/1652 1658/2661/1653 1655/2655/1650
f 1653/2654/1649 1659/2663/1654 1657/2660/1652
f 1659/2662/1654 1663/2664/1655 1660/2665/1656
f 1659/2662/1654 1660/2665/1656 1658/2661/1653
f 1661/2666/1657 1659/2663/1654 1662/2667/1658
f 1663/2664/1655 1659/2662/1654 1661/2668/1657
f 1659/2663/1654 1653/2654/1649 1662/2667/1658
f 1664/2669/1659 1660/2670/1656 1663/2671/1655
f 1663/2671/1655 1665/2672/1660 1664/2669/1659
f 1665/2672/1660 1663/2671/1655 1666/2673/1661
f 1661/2668/1657 1666/2674/1661 1663/2664/1655
f 1666/2673/1661 1667/2675/1662 1665/2672/1660
f 1667/2675/1662 1666/2673/1661 1668/2676/1663
f 1661/2668/1657 1668/2677/1663 1666/2674/1661
f 1668/2676/1663 1670/2678/1664 1667/2675/1662
f 1671/2679/1665 1669/2680/1666 1668/2677/1663
f 1670/2678/1664 1668/2676/1663 1669/2681/1666
f 1668/2677/1663 1661/2668/1657 1671/2679/1665
f 1673/2682/1667 1671/2683/1665 1661/2666/1657
f 1674/2684/1668 1672/2685/1669 1671/2683/1665
f 1671/2679/1665 1672/2686/1669 1675/2687/1670
f 1671/2683/1665 1673/2682/1667 1674/2684/1668
f 1675/2687/1670 1669/2680/1666 1671/2679/1665
f 1676/2688/1671 1675/2687/1670 1672/2686/1669
f 1678/2689/1672 1675/2690/1670 1676/2691/1671
f 1677/2692/1673 1669/2681/1666 1675/2690/1670
f 1675/2690/1670 1678/2689/1672 1677/2692/1673
f 1678/2693/1672 1681/2694/1674 1679/2695/1675
f 1679/2695/1675 1680/2696/1676 1678/2693/1672
f 1677/2697/1673 1678/2693/1672 1680/2696/1676
f 1676/2691/1671 1681/2698/1674 1678/2689/1672
f 1681/2694/1674 1682/2699/1677 1679/2695/1675
f 1683/2700/1678 1682/2701/1677 1681/2698/1674
f 1681/2698/1674 1676/2691/1671 1683/2700/1678
f 1684/2702/1679 1683/2703/1678 1685/2704/1680
f 1682/2701/1677 1683/2700/1678 1684/2705/1679
f 1683/2703/1678 1676/2688/1671 1685/2704/1680
f 1685/2704/1680 1686/2706/1681 1684/2702/1679
f 1672/2686/1669 1685/2704/1680 1676/2688/1671
f 1687/2707/1682 1685/2708/1680 1672/2685/1669
f 1688/2709/1683 1686/2710/1681 1685/2708/1680
f 1685/2708/1680 1687/2707/1682 1688/2709/1683
f 1688/2711/1683 1687/2712/1682 1690/2713/1684
f 1691/2714/1685 1688/2711/1683 1689/2715/1686
f 1689/2715/1686 1688/2711/1683 1690/2713/1684
f 1686/2710/1681 1688/2709/1683 1691/2716/1685
f 1692/2717/1687 1691/2714/1685 1693/2718/1688
f 1694/2719/1689 1691/2716/1685 1692/2720/1687
f 1691/2714/1685 1689/2715/1686 1693/2718/1688
f 1691/2716/1685 1694/2719/1689 1686/2710/1681
f 1694/2721/1689 1697/2722/1690 1695/2723/1691
f 1695/2723/1691 1696/2724/1692 1694/2721/1689
f 1686/2706/1681 1694/2721/1689 1696/2724/1692
f 1692/2720/1687 1697/2725/1690 1694/2719/1689
f 1697/2722/1690 1700/2726/1693 1698/2727/1694
f 1698/2727/1694 1699/2728/1695 1697/2722/1690
f 1699/2728/1695 1695/2723/1691 1697/2722/1690
f 1700/2729/1693 1697/2725/1690 1701/2730/1696
f 1697/2725/1690 1692/2720/1687 1701/2730/1696
f 1700/2729/1693 1701/2730/1696 1702/2731/1697
f 989/2732/988 1701/2733/1696 1692/2717/1687
f 1702/2734/1697 1701/2733/1696 989/2732/988
f 1702/2731/1697 1703/2735/1698 1700/2729/1693
f 1703/2735/1698 1702/2731/1697 1706/2736/1699
f 989/2732/988 1704/2737/1700 1702/2734/1697
f 1704/2737/1700 1705/2738/1701 1702/2734/1697
f 1706/2739/1699 1702/2734/1697 1705/2738/1701
f 1706/2739/1699 1705/2738/1701 1708/2740/1702
f 1709/2741/1703 1707/2742/1704 1706/2739/1699
f 1711/2743/1705 1706/2736/1699 1707/2744/1704
f 1708/2740/1702 1709/2741/1703 1706/2739/1699
f 1706/2736/1699 1710/2745/1706 1703/2735/1698
f 1706/2736/1699 1711/2743/1705 1710/2745/1706
f 1710/2746/1706 1711/2747/1705 1715/2748/1707
f 1712/2749/1708 1711/2743/1705 1707/2744/1704
f 1711/2747/1705 1712/2750/1708 1713/2751/1709
f 1713/2751/1709 1714/2752/1710 1711/2747/1705
f 1714/2752/1710 1715/2748/1707 1711/2747/1705
f 1718/2753/1711 1715/2754/1707 1714/2755/1710
f 1715/2748/1707 1716/2756/1712 1710/2746/1706
f 1717/2757/1713 1716/2758/1712 1715/2754/1707
f 1715/2754/1707 1718/2753/1711 1717/2757/1713
f 1721/2759/1714 1719/2760/1715 1718/2761/1711
f 1717/2762/1713 1718/2761/1711 1719/2760/1715
f 1714/2755/1710 1720/2763/1716 1718/2753/1711
f 1718/2761/1711 1720/2764/1716 1721/2759/1714
f 1719/2765/1715 1721/2766/1714 1722/2767/1717
f 1722/2767/1717 1721/2766/1714 1723/2768/1718
f 1721/2766/1714 1724/2769/1719 1723/2768/1718
f 1724/2769/1719 1721/2766/1714 1726/2770/1720
f 1720/2764/1716 1725/2771/1721 1721/2759/1714
f 1726/2772/1720 1721/2759/1714 1725/2771/1721
f 1727/2773/1722 1726/2772/1720 1729/2774/1723
f 1731/2775/1724 1726/2776/1720 1727/2777/1722
f 1725/2771/1721 1728/2778/1725 1726/2772/1720
f 1728/2778/1725 1729/2774/1723 1726/2772/1720
f 1726/2770/1720 1731/2779/1724 1730/2780/1726
f 1726/2770/1720 1730/2780/1726 1724/2769/1719
f 1733/2781/1727 1730/2782/1726 1731/2783/1724
f 1727/2777/1722 1732/2784/1728 1731/2775/1724
f 1734/2785/1729 1731/2783/1724 1732/2786/1728
f 1731/2783/1724 1734/2785/1729 1733/2781/1727
f 1736/2787/1730 1735/2788/1731 1734/2785/1729
f 1735/2788/1731 1733/2781/1727 1734/2785/1729
f 1736/2787/1730 1734/2785/1729 1737/2789/1732
f 1737/2789/1732 1734/2785/1729 1732/2786/1728
f 1742/2790/1733 1738/2791/1734 1737/2789/1732
f 1739/2792/1735 1737/2789/1732 1738/2791/1734
f 1739/2792/1735 1736/2787/1730 1737/2789/1732
f 1732/2786/1728 1740/2793/1736 1737/2789/1732
f 1740/2793/1736 1741/2794/1737 1737/2789/1732
f 1741/2794/1737 1742/2790/1733 1737/2789/1732
f 1743/2795/1738 1745/2796/1739 1742/2797/1733
f 1742/2797/1733 1744/2798/1740 1743/2795/1738
f 1744/2798/1740 1742/2797/1733 1741/2799/1737
f 1738/2791/1734 1742/2790/1733 1745/2800/1739
f 1743/2795/1738 1738/2801/1734 1745/2796/1739
f 1744/2802/1740 1746/2803/1741 1743/2804/1738
f 1748/2805/1742 1746/2806/1741 1744/2798/1740
f 1741/2799/1737 1747/2807/1743 1744/2798/1740
f 1747/2807/1743 1748/2805/1742 1744/2798/1740
f 1746/2806/1741 1748/2805/1742 1751/2808/1744
f 1748/2809/1742 1747/2810/1743 1749/2811/1745
f 1749/2811/1745 1750/2812/1746 1748/2809/1742
f 1750/2812/1746 1752/2813/1747 1748/2809/1742
f 1751/2814/1744 1748/2809/1742 1752/2813/1747
f 1755/2815/1748 1752/2816/1747 1750/2817/1746
f 1754/2818/1749 1753/2819/1750 1752/2816/1747
f 1752/2813/1747 1753/2820/1750 1751/2814/1744
f 1752/2816/1747 1755/2815/1748 1754/2818/1749
f 1750/2817/1746 1756/2821/1751 1755/2815/1748
f 1754/2822/1749 1755/2823/1748 1757/2824/1752
f 1755/2823/1748 1756/2825/1751 1757/2824/1752
f 1759/2826/1753 1758/2827/1754 1757/2828/1752
f 1757/2824/1752 1758/2829/1754 1754/2822/1749
f 1759/2826/1753 1757/2828/1752 1760/2830/1755
f 1760/2831/1755 1757/2824/1752 1756/2825/1751
f 1756/2825/1751 1761/2832/1756 1760/2831/1755
f 1761/2832/1756 1763/2833/1757 1760/2831/1755
f 1760/2830/1755 1762/2834/1758 1764/2835/1759
f 1762/2836/1758 1760/2831/1755 1763/2833/1757
f 1764/2835/1759 1765/2837/1760 1760/2830/1755
f 1760/2830/1755 1765/2837/1760 1759/2826/1753
f 1764/2838/1759 1766/2839/821 1765/2840/1760
f 1767/2841/1761 1765/2840/1760 1766/2839/821
f 1759/2842/1753 1765/2840/1760 1767/2841/1761
f 1766/2839/821 1768/2843/1762 1767/2841/1761
f 1772/2844/1763 1767/2841/1761 1768/2843/1762
f 1771/2845/1764 1769/2846/1765 1767/2847/1761
f 1770/2848/1766 1767/2847/1761 1769/2846/1765
f 1767/2841/1761 1770/2849/1766 1759/2842/1753
f 1773/2850/1767 1771/2851/1764 1767/2852/1761
f 1767/2852/1761 1772/2853/1763 1773/2850/1767
f 1771/2854/1764 1773/2855/1767 1774/2856/1768
f 1776/2857/1769 1774/2856/1768 1773/2855/1767
f 1775/2858/1770 1773/2850/1767 1772/2853/1763
f 1773/2855/1767 1775/2859/1770 1776/2857/1769
f 1768/2860/1762 1774/2861/1768 1776/2862/1769
f 1777/2863/1771 1776/2857/1769 1775/2859/1770
f 1778/2864/1772 1776/2862/1769 1777/2865/1771
f 1776/2862/1769 1778/2864/1772 1768/2860/1762
f 1768/2843/1762 1778/2866/1772 1780/2867/1773
f 1779/2868/1774 1778/2866/1772 1781/2869/1775
f 1778/2866/1772 1779/2868/1774 1780/2867/1773
f 1777/2865/1771 1781/2870/1775 1778/2864/1772
f 1779/2868/1774 1781/2869/1775 1783/2871/1776
f 1784/2872/1777 1782/2873/1778 1781/2870/1775
f 1781/2869/1775 1782/2874/1778 1783/2871/1776
f 1781/2870/1775 1777/2865/1771 1784/2872/1777
f 1791/2875/1779 1785/2876/1780 1784/2877/1777
f 1785/2876/1780 1788/2878/1781 1784/2877/1777
f 1782/2873/1778 1784/2872/1777 1786/2879/1782
f 1786/2880/1782 1784/2877/1777 1789/2881/1783
f 1790/2882/1784 1784/2877/1777 1787/2883/1785
f 1784/2877/1777 1788/2878/1781 1787/2883/1785
f 1790/2882/1784 1789/2881/1783 1784/2877/1777
f 1784/2877/1777 1777/2863/1771 1791/2875/1779
f 1780/2884/1773 1770/2885/1766 1791/2886/1779
f 1791/2886/1779 1775/2887/1770 1780/2884/1773
f 1769/2846/1765 1791/2888/1779 1770/2848/1766
f 1791/2875/1779 1769/2889/1765 1792/2890/1786
f 1775/2859/1770 1791/2875/1779 1777/2863/1771
f 1792/2890/1786 1785/2876/1780 1791/2875/1779
f 1795/2891/1787 1785/2892/1780 1792/2893/1786
f 1793/2894/1788 1792/2893/1786 1794/2895/1789
f 1792/2893/1786 1793/2894/1788 1795/2891/1787
f 1794/2896/1789 1792/2890/1786 1769/2889/1765
f 1785/2892/1780 1795/2891/1787 1796/2897/1790
f 1796/2898/1790 1795/2899/1787 1798/2900/1791
f 1795/2899/1787 1797/2901/1792 1798/2900/1791
f 1795/2899/1787 1793/2902/1788 1797/2901/1792
f 1802/2903/1793 1796/2898/1790 1798/2900/1791
f 1798/2904/1791 1799/2905/1794 1800/2906/1795
f 1798/2907/1791 1797/2908/1792 1799/2909/1794
f 1800/2906/1795 1803/2910/1796 1798/2904/1791
f 1798/2900/1791 1803/2911/1796 1801/2912/1797
f 1801/2912/1797 1802/2903/1793 1798/2900/1791
f 1803/2913/1796 1800/2914/1795 1808/2915/1798
f 1807/2916/1799 1804/2917/6 1803/2911/1796
f 1804/2917/6 1801/2912/1797 1803/2911/1796
f 1803/2911/1796 1806/2918/1800 1805/2919/1801
f 1805/2919/1801 1807/2916/1799 1803/2911/1796
f 1808/2915/1798 1806/2920/1800 1803/2913/1796
f 1797/2921/1792 1806/2922/1800 1808/2923/1798
f 1797/2921/1792 1808/2923/1798 1809/2924/1802
f 1808/2925/1798 1800/2926/1795 1809/2927/1802
f 1799/2928/1794 1797/2929/1792 1809/2927/1802
f 1809/2927/1802 1800/2926/1795 1799/2928/1794
f 1804/2917/6 1807/2916/1799 1810/2930/1803
f 1812/2931/1804 1807/2932/1799 1805/2933/1801
f 1807/2916/1799 1811/2934/1805 1810/2930/1803
f 1813/2935/1806 1811/2936/1805 1807/2932/1799
f 1807/2932/1799 1812/2931/1804 1813/2935/1806
f 1811/2936/1805 1813/2935/1806 1815/2937/1807
f 1771/2854/1764 1813/2938/1806 1812/2939/1804
f 1814/2940/1808 1813/2938/1806 1771/2854/1764
f 1813/2938/1806 1814/2940/1808 1815/2941/1807
f 1815/2941/1807 1814/2940/1808 1817/2942/1809
f 1817/2942/1809 1816/2943/1810 1815/2941/1807
f 1818/2944/1811 1815/2941/1807 1816/2943/1810
f 1811/2936/1805 1815/2937/1807 1818/2945/1811
f 1819/2946/1812 1818/2944/1811 1816/2943/1810
f 1821/2947/1813 1818/2948/1811 1819/2949/1812
f 1818/2945/1811 1820/2950/1814 1811/2936/1805
f 1818/2945/1811 1821/2951/1813 1820/2950/1814
f 1820/2952/1814 1821/2953/1813 1823/2954/1815
f 1822/2955/1816 1823/2954/1815 1821/2953/1813
f 1821/2953/1813 1824/2956/1817 1822/2955/1816
f 1819/2949/1812 1824/2957/1817 1821/2947/1813
f 1825/2958/1818 1826/2959/1819 1824/2957/1817
f 1824/2957/1817 1819/2949/1812 1825/2958/1818
f 1824/2956/1817 1826/2960/1819 1822/2955/1816
f 1826/2960/1819 1804/2917/6 1822/2955/1816
f 1804/2917/6 1826/2960/1819 1827/2961/1820
f 1826/2960/1819 1828/2962/1821 1827/2961/1820
f 1825/2958/1818 1828/2963/1821 1826/2959/1819
f 1831/2964/1822 1829/2965/1823 1828/2963/1821
f 1828/2962/1821 1829/2966/1823 1830/2967/1824
f 1830/2967/1824 1827/2961/1820 1828/2962/1821
f 1828/2963/1821 1825/2958/1818 1831/2964/1822
f 1832/2968/1825 1831/2964/1822 1835/2969/1826
f 1831/2964/1822 1832/2968/1825 1829/2965/1823
f 1831/2970/1822 1825/2971/1818 1833/2972/1827
f 1831/2970/1822 1833/2972/1827 1834/2973/1828
f 1835/2974/1826 1831/2970/1822 1834/2973/1828
f 1835/2969/1826 1836/2975/1829 1832/2968/1825
f 1836/2975/1829 1835/2969/1826 1838/2976/1830
f 1834/2973/1828 1837/2977/1831 1835/2974/1826
f 1837/2977/1831 1838/2978/1830 1835/2974/1826
f 1838/2976/1830 1839/2979/1832 1836/2975/1829
f 1839/2979/1832 1838/2976/1830 1840/2980/1833
f 1837/2977/1831 1840/2981/1833 1838/2978/1830
f 1840/2981/1833 1837/2977/1831 1841/2982/1834
f 1842/2983/1835 1840/2981/1833 1841/2982/1834
f 1840/2980/1833 1842/2984/1835 1843/2985/1836
f 1843/2985/1836 1839/2979/1832 1840/2980/1833
f 1842/2984/1835 1844/2986/1837 1843/2985/1836
f 1843/2987/1836 1844/2988/1837 1845/2989/1838
f 1839/2990/1832 1843/2987/1836 1845/2989/1838
f 1844/2988/1837 1846/2991/1839 1845/2989/1838
f 1847/2992/1840 1845/2993/1838 1846/2994/1839
f 1845/2995/1838 1847/2996/1840 1848/2997/1841
f 1848/2997/1841 1849/2998/1842 1845/2995/1838
f 1845/2989/1838 1849/2999/1842 1839/2990/1832
f 1852/3000/1843 1839/2990/1832 1849/2999/1842
f 1854/3001/1844 1850/3002/1845 1849/3003/1842
f 1849/2999/1842 1850/3004/1845 1851/3005/6
f 1851/3005/6 1852/3000/1843 1849/2999/1842
f 1849/2998/1842 1848/2997/1841 1853/3006/1846
f 1849/2998/1842 1853/3006/1846 1854/3007/1844
f 1853/3008/1846 1855/3009/1847 1854/3010/1844
f 1850/3002/1845 1854/3001/1844 1855/3011/1847
f 1853/3008/1846 1847/3012/1840 1855/3009/1847
f 1846/2994/1839 1855/3013/1847 1847/2992/1840
f 1855/3013/1847 1846/2994/1839 1850/3014/1845
f 1853/3008/1846 1848/3015/1841 1847/3012/1840
f 1860/3016/1848 1856/3017/1849 1852/3018/1843
f 1839/2990/1832 1852/3000/1843 1856/3019/1849
f 1857/3020/1850 1852/3000/1843 1851/3005/6
f 1858/3021/1851 1852/3018/1843 1857/3022/1850
f 1852/3018/1843 1858/3021/1851 1859/3023/1852
f 1852/3018/1843 1859/3023/1852 1860/3016/1848
f 1856/3017/1849 1860/3016/1848 1862/3024/1853
f 1859/3025/1852 1861/3026/6 1860/3027/1848
f 1860/3027/1848 1861/3026/6 1862/3028/1853
f 1862/3024/1853 1867/3029/1854 1856/3017/1849
f 1864/3030/6 1863/3031/1855 1862/3028/1853
f 1867/3032/1854 1862/3028/1853 1863/3031/1855
f 1865/3033/1856 1864/3030/6 1862/3028/1853
f 1862/3028/1853 1861/3026/6 1866/3034/1857
f 1862/3028/1853 1866/3034/1857 1865/3033/1856
f 1856/3019/1849 1867/3035/1854 1868/3036/1858
f 1827/2961/1820 1868/3036/1858 1867/3035/1854
f 1867/3035/1854 1869/3037/1859 1827/2961/1820
f 1863/3038/1855 1869/3039/1859 1867/3040/1854
f 1869/3037/1859 1801/2912/1797 1804/2917/6
f 1869/3037/1859 1804/2917/6 1827/2961/1820
f 1869/3041/1859 1863/3042/1855 1870/3043/1860
f 1870/3044/1860 1801/3045/1797 1869/3046/1859
f 1870/3047/1860 1863/3031/1855 1871/3048/1861
f 1872/3049/1862 1870/3047/1860 1871/3048/1861
f 1801/3050/1797 1870/3051/1860 1872/3052/1862
f 1802/3053/1793 1872/3052/1862 1874/3054/1863
f 1872/3052/1862 1802/3053/1793 1801/3050/1797
f 1873/3055/6 1872/3049/1862 1871/3048/1861
f 1873/3055/6 1874/3056/1863 1872/3049/1862
f 1802/3053/1793 1874/3054/1863 1875/3057/1864
f 1875/3058/1864 1874/3056/1863 1876/3059/1865
f 1877/3060/1866 1874/3056/1863 1873/3055/6
f 1877/3060/1866 1876/3059/1865 1874/3056/1863
f 1873/3055/6 1879/3061/1867 1877/3060/1866
f 1876/3062/1865 1877/3063/1866 1881/3064/1868
f 1880/3065/1869 1877/3066/1866 1878/3067/1870
f 1879/3061/1867 1878/3068/1870 1877/3060/1866
f 1877/3063/1866 1880/3069/1869 1881/3064/1868
f 1878/3070/1870 1881/3071/1868 1880/3072/1869
f 1881/3071/1868 1878/3070/1870 1876/3073/1865
f 1864/3030/6 1879/3061/1867 1873/3055/6
f 1864/3030/6 1882/3074/1871 1879/3061/1867
f 1884/3075/1872 1879/3076/1867 1882/3077/1871
f 1879/3061/1867 1885/3078/6 1878/3068/1870
f 1879/3079/1867 1884/3080/1872 1883/3081/1873
f 1883/3082/1873 1886/3083/1874 1879/3084/1867
f 1885/3078/6 1879/3061/1867 1886/3085/1874
f 1885/3078/6 1886/3085/1874 1887/3086/1875
f 1888/3087/1876 1887/3088/1875 1886/3083/1874
f 1886/3083/1874 1883/3082/1873 1888/3087/1876
f 1887/3088/1875 1888/3087/1876 1889/3089/1877
f 1889/3090/1877 1888/3091/1876 1891/3092/1878
f 1890/3093/1879 1888/3091/1876 1883/3081/1873
f 1890/3093/1879 1891/3092/1878 1888/3091/1876
f 1893/3094/1880 1892/3095/1881 1891/3096/1878
f 1891/3092/1878 1892/3097/1881 1889/3090/1877
f 1891/3096/1878 1894/3098/1882 1893/3094/1880
f 1894/3098/1882 1891/3096/1878 1890/3099/1879
f 1893/3100/1880 1894/3101/1882 1896/3102/1883
f 1896/3102/1883 1894/3101/1882 1895/3103/1884
f 1890/3099/1879 1895/3104/1884 1894/3098/1882
f 1896/3102/1883 1897/3105/1885 1893/3100/1880
f 1898/3106/1886 1896/3102/1883 1895/3103/1884
f 1897/3107/1885 1896/3108/1883 1899/3109/1887
f 1896/3110/1883 1898/3111/1886 1899/3112/1887
f 1902/3113/1888 1900/3114/1889 1899/3115/1887
f 1906/3116/1890 1899/3115/1887 1900/3114/1889
f 1899/3115/1887 1901/3117/1891 1905/3118/1892
f 1901/3119/1891 1899/3112/1887 1898/3111/1886
f 1903/3120/1893 1902/3113/1888 1899/3115/1887
f 1904/3121/1894 1903/3120/1893 1899/3115/1887
f 1905/3118/1892 1904/3121/1894 1899/3115/1887
f 1899/3109/1887 1906/3122/1890 1897/3107/1885
f 1907/3123/1895 1897/3107/1885 1906/3122/1890
f 1906/3122/1890 1908/3124/1896 1907/3123/1895
f 1908/3125/1896 1906/3116/1890 1910/3126/1897
f 1900/3114/1889 1909/3127/1898 1906/3116/1890
f 1909/3127/1898 1910/3126/1897 1906/3116/1890
f 1912/3128/1899 1911/3129/1900 1910/3130/1897
f 1910/3126/1897 1911/3131/1900 1908/3125/1896
f 1913/3132/1901 1910/3130/1897 1909/3133/1898
f 1910/3130/1897 1913/3132/1901 1912/3128/1899
f 1909/3133/1898 1914/3134/1902 1913/3132/1901
f 1912/3128/1899 1913/3132/1901 1915/3135/1903
f 1913/3136/1901 1914/3137/1902 1915/3138/1903
f 1915/3135/1903 1916/3139/1904 1912/3128/1899
f 1919/3140/1905 1915/3138/1903 1914/3137/1902
f 1916/3141/1904 1915/3138/1903 1917/3142/1906
f 1918/3143/1907 1917/3142/1906 1915/3138/1903
f 1915/3138/1903 1919/3140/1905 1918/3143/1907
f 1914/3137/1902 1923/3144/1908 1919/3140/1905
f 1921/3145/1909 1919/3140/1905 1920/3146/1910
f 1923/3144/1908 1920/3146/1910 1919/3140/1905
f 1919/3140/1905 1921/3145/1909 1922/3147/1911
f 1922/3147/1911 1918/3143/1907 1919/3140/1905
f 1909/3133/1898 1923/3148/1908 1914/3134/1902
f 1909/3133/1898 1900/3149/1889 1923/3148/1908
f 1920/3150/1910 1923/3148/1908 1900/3149/1889
f 1925/3151/1912 1922/3147/1911 1924/3152/1913
f 1924/3152/1913 1922/3147/1911 1921/3145/1909
f 1926/3153/1914 1918/3154/1907 1922/3155/1911
f 1922/3155/1911 1925/3156/1912 1926/3153/1914
f 1918/3154/1907 1926/3153/1914 1927/3157/1915
f 1927/3158/1915 1926/3159/1914 1928/3160/1916
f 1926/3159/1914 1925/3161/1912 1930/3162/1917
f 1929/3163/1918 1928/3160/1916 1926/3159/1914
f 1926/3159/1914 1930/3162/1917 1929/3163/1918
f 1932/3164/1919 1930/3162/1917 1931/3165/1920
f 1925/3161/1912 1931/3165/1920 1930/3162/1917
f 1929/3166/1918 1930/3167/1917 1933/3168/1921
f 1930/3169/1917 1932/3170/1919 1934/3171/1922
f 1934/3171/1922 1933/3172/1921 1930/3169/1917
f 1735/2788/1731 1934/3173/1922 1935/3174/1923
f 1935/3175/1923 1934/3176/1922 1932/3177/1919
f 1736/3178/1730 1933/3172/1921 1934/3171/1922
f 1934/3171/1922 1735/3179/1731 1736/3178/1730
f 1935/3175/1923 1937/3180/1924 1936/3181/1925
f 1936/3181/1925 1938/3182/1926 1935/3175/1923
f 1932/3177/1919 1937/3180/1924 1935/3175/1923
f 1939/3183/1927 1935/3174/1923 1938/3184/1926
f 1935/3174/1923 1939/3183/1927 1735/2788/1731
f 1733/2781/1727 1735/2788/1731 1939/3183/1927
f 1940/3185/1928 1733/2781/1727 1939/3183/1927
f 1939/3183/1927 1938/3184/1926 1940/3185/1928
f 1940/3186/1928 1936/3181/1925 1722/2767/1717
f 1722/2767/1717 1723/2768/1718 1940/3186/1928
f 1733/2781/1727 1940/3185/1928 1723/3187/1718
f 1936/3181/1925 1940/3186/1928 1938/3182/1926
f 1936/3188/1925 1937/3189/1924 1941/3190/1929
f 1941/3190/1929 1937/3189/1924 1932/3164/1919
f 1945/3191/1930 1942/3192/1931 1941/3193/1929
f 1941/3190/1929 1942/3194/1931 1936/3188/1925
f 1944/3195/1932 1941/3190/1929 1943/3196/1933
f 1932/3164/1919 1943/3196/1933 1941/3190/1929
f 1946/3197/1934 1941/3193/1929 1944/3198/1932
f 1941/3193/1929 1946/3197/1934 1945/3191/1930
f 1948/3199/1935 1945/3200/1930 1946/3201/1934
f 1946/3201/1934 1947/3202/1936 1949/3203/1937
f 1944/3198/1932 1947/3204/1936 1946/3197/1934
f 1946/3201/1934 1950/3205/1938 1948/3199/1935
f 1949/3203/1937 1950/3205/1938 1946/3201/1934
f 1698/3206/1694 1948/3207/1935 1950/3208/1938
f 1699/3209/1695 1950/3208/1938 1949/3210/1937
f 1950/3208/1938 1699/3209/1695 1698/3206/1694
f 1951/3211/1939 1949/3203/1937 1947/3202/1936
f 1695/3212/1691 1949/3210/1937 1951/3213/1939
f 1949/3210/1937 1695/3212/1691 1699/3209/1695
f 1696/3214/1692 1951/3213/1939 1952/3215/1940
f 1952/3216/1940 1951/3211/1939 1947/3202/1936
f 1951/3213/1939 1696/3214/1692 1695/3212/1691
f 1954/3217/1941 1952/3215/1940 1953/3218/1942
f 1953/3219/1942 1952/3216/1940 1955/3220/1943
f 1952/3215/1940 1954/3217/1941 1696/3214/1692
f 1947/3202/1936 1955/3220/1943 1952/3216/1940
f 1956/3221/1944 1955/3222/1943 1947/3204/1936
f 1955/3220/1943 1679/2695/1675 1682/2699/1677
f 1957/3223/1945 1679/3224/1675 1955/3222/1943
f 1955/3222/1943 1956/3221/1944 1957/3223/1945
f 1682/2699/1677 1953/3219/1942 1955/3220/1943
f 1958/3225/1946 1957/3226/1945 1956/3227/1944
f 1959/3228/1947 1957/3226/1945 1958/3225/1946
f 1679/3224/1675 1957/3223/1945 1959/3229/1947
f 1960/3230/1948 1959/3228/1947 1958/3225/1946
f 1680/3231/1676 1959/3229/1947 1960/3232/1948
f 1959/3229/1947 1680/3231/1676 1679/3224/1675
f 1960/3230/1948 1958/3225/1946 1961/3233/1949
f 1961/3233/1949 1962/3234/1950 1960/3230/1948
f 1963/3235/1951 1960/3232/1948 1962/3236/1950
f 1960/3232/1948 1964/3237/1952 1680/3231/1676
f 1960/3232/1948 1963/3235/1951 1964/3237/1952
f 1680/2696/1676 1964/3238/1952 1670/3239/1664
f 1964/3238/1952 1963/3240/1951 1667/3241/1662
f 1667/3241/1662 1670/3239/1664 1964/3238/1952
f 1962/3236/1950 1965/3242/1953 1963/3235/1951
f 1664/3243/1659 1665/3244/1660 1963/3240/1951
f 1963/3240/1951 1965/3245/1953 1664/3243/1659
f 1665/3244/1660 1667/3241/1662 1963/3240/1951
f 1965/3242/1953 1962/3236/1950 1969/3246/1954
f 1965/3245/1953 1966/3247/1955 1967/3248/1956
f 1969/3246/1954 1966/3249/1955 1965/3242/1953
f 1967/3248/1956 1968/3250/1957 1965/3245/1953
f 1968/3250/1957 1664/3243/1659 1965/3245/1953
f 1961/3233/1949 1969/3251/1954 1962/3234/1950
f 1961/3233/1949 1971/3252/1958 1969/3251/1954
f 1966/3249/1955 1969/3246/1954 1970/3253/1959
f 1970/3254/1959 1969/3251/1954 1971/3252/1958
f 1972/3255/1960 1974/3256/1961 1971/3257/1958
f 1971/3257/1958 1973/3258/1962 1972/3255/1960
f 1973/3259/1962 1971/3260/1958 1961/3261/1949
f 1970/3254/1959 1971/3252/1958 1974/3262/1961
f 1979/3263/1963 1974/3262/1961 1975/3264/1964
f 1976/3265/1965 1975/3266/1964 1974/3256/1961
f 1974/3256/1961 1972/3255/1960 1976/3265/1965
f 1974/3262/1961 1978/3267/1966 1970/3254/1959
f 1974/3262/1961 1980/3268/1967 1977/3269/1968
f 1977/3269/1968 1978/3267/1966 1974/3262/1961
f 1979/3263/1963 1980/3268/1967 1974/3262/1961
f 1982/3270/1969 1980/3271/1967 1979/3272/1963
f 1980/3271/1967 1982/3270/1969 1981/3273/1970
f 1981/3273/1970 1977/3274/1968 1980/3271/1967
f 1979/3272/1963 1983/3275/1971 1982/3270/1969
f 1981/3276/1970 1982/3277/1969 1986/3278/1972
f 1982/3277/1969 1983/3279/1971 1984/3280/1973
f 1984/3280/1973 1985/3281/1974 1982/3277/1969
f 1985/3281/1974 1986/3278/1972 1982/3277/1969
f 1989/3282/1975 1986/3283/1972 1985/3284/1974
f 1988/3285/1976 1987/3286/1977 1986/3283/1972
f 1986/3278/1972 1987/3287/1977 1981/3276/1970
f 1986/3283/1972 1989/3282/1975 1988/3285/1976
f 1988/3288/1976 1989/3289/1975 1992/3290/1978
f 1985/3284/1974 1990/3291/1979 1989/3282/1975
f 1989/3289/1975 1990/3292/1979 1991/3293/1980
f 1991/3293/1980 1992/3290/1978 1989/3289/1975
f 1992/3290/1978 1993/3294/1981 1988/3288/1976
f 1994/3295/1982 1992/3296/1978 1991/3297/1980
f 1994/3295/1982 1993/3298/1981 1992/3296/1978
f 1995/3299/1983 1998/3300/821 1994/3301/1982
f 1991/3297/1980 1995/3302/1983 1994/3295/1982
f 1996/3303/1984 1994/3301/1982 1997/3304/1985
f 1993/3298/1981 1994/3295/1982 1996/3305/1984
f 1997/3304/1985 1994/3301/1982 1998/3300/821
f 1999/3306/1986 2000/3307/821 1998/3300/821
f 1995/3299/1983 1999/3306/1986 1998/3300/821
f 1998/3300/821 2000/3307/821 2001/3308/1987
f 2001/3308/1987 2003/3309/1988 1998/3300/821
f 1998/3300/821 2002/3310/1989 2004/3311/1990
f 2002/3310/1989 1998/3300/821 2003/3309/1988
f 1998/3300/821 2004/3311/1990 1997/3304/1985
f 2004/3311/1990 2006/3312/1991 2005/3313/1992
f 2004/3311/1990 2005/3313/1992 1997/3304/1985
f 2007/3314/1993 2006/3315/1991 2004/3316/1990
f 2008/3317/1994 2004/3316/1990 2002/3318/1989
f 2004/3316/1990 2008/3317/1994 2007/3314/1993
f 2008/3319/1994 2010/3320/1995 2009/3321/6
f 2009/3321/6 2007/3322/1993 2008/3319/1994
f 2002/3318/1989 2010/3323/1995 2008/3317/1994
f 2009/3321/6 2010/3320/1995 2011/3324/1996
f 2011/3324/1996 2010/3320/1995 2013/3325/1997
f 2010/3323/1995 2002/3318/1989 2012/3326/1998
f 2012/3326/1998 2013/3327/1997 2010/3323/1995
f 2013/3325/1997 2015/3328/1999 2011/3324/1996
f 2013/3327/1997 2012/3326/1998 2014/3329/2000
f 2014/3329/2000 2015/3330/1999 2013/3327/1997
f 2018/3331/2001 2016/3332/2002 2015/3330/1999
f 2015/3328/1999 2016/3333/2002 2017/3334/2003
f 2017/3334/2003 2011/3324/1996 2015/3328/1999
f 2015/3330/1999 2014/3329/2000 2018/3331/2001
f 2018/3335/2001 2014/3336/2000 2019/3337/2004
f 2019/3337/2004 2020/3338/2005 2018/3335/2001
f 2021/3339/2006 2018/3335/2001 2020/3338/2005
f 2016/3332/2002 2018/3331/2001 2021/3340/2006
f 2023/3341/2007 2021/3339/2006 2000/3307/821
f 2000/3307/821 2021/3339/2006 2022/3342/2008
f 2020/3338/2005 2022/3342/2008 2021/3339/2006
f 2024/3343/2009 2021/3340/2006 2023/3344/2007
f 2021/3340/2006 2024/3343/2009 2016/3332/2002
f 2024/3345/2009 2027/3346/6 2025/3347/2010
f 2016/3333/2002 2024/3345/2009 2025/3347/2010
f 2023/3344/2007 2026/3348/2011 2024/3343/2009
f 2027/3346/6 2024/3345/2009 2026/3349/2011
f 2028/3350/2012 2027/3346/6 2032/3351/2013
f 2028/3350/2012 2029/3352/2014 2027/3346/6
f 2027/3346/6 2029/3352/2014 2030/3353/2015
f 2030/3353/2015 2009/3321/6 2027/3346/6
f 2035/3354/2016 2031/3355/2017 2027/3346/6
f 2031/3355/2017 2032/3351/2013 2027/3346/6
f 2027/3346/6 2026/3349/2011 2033/3356/2018
f 2036/3357/2019 2027/3346/6 2009/3321/6
f 2027/3346/6 2033/3356/2018 2034/3358/2020
f 2034/3358/2020 2035/3354/2016 2027/3346/6
f 2036/3357/2019 2025/3347/2010 2027/3346/6
f 2011/3324/1996 2036/3357/2019 2009/3321/6
f 2025/3359/2010 2036/3360/2019 2022/3361/2008
f 2001/3362/1987 2022/3361/2008 2036/3360/2019
f 2003/3363/1988 2001/3362/1987 2036/3360/2019
f 2036/3364/2019 2011/3365/1996 2003/3366/1988
f 2035/3367/2016 2034/3368/2020 2039/3369/2021
f 2037/3370/2022 2035/3354/2016 2038/3371/2023
f 2037/3370/2022 2031/3355/2017 2035/3354/2016
f 2038/3372/2023 2035/3367/2016 2040/3373/2024
f 2039/3369/2021 2040/3373/2024 2035/3367/2016
f 2040/3374/2024 2039/3375/2021 2042/3376/2025
f 2042/3376/2025 2041/3377/2026 2040/3374/2024
f 2043/3378/2027 2040/3374/2024 2041/3377/2026
f 2040/3379/2024 2043/3380/2027 2038/3381/2023
f 2043/3380/2027 2045/3382/2028 2044/3383/2029
f 2044/3383/2029 2038/3381/2023 2043/3380/2027
f 2045/3384/2028 2043/3378/2027 2041/3377/2026
f 2046/3385/2030 2044/3386/2029 2045/3387/2028
f 2045/3387/2028 2048/3388/2031 2046/3385/2030
f 2041/3377/2026 2047/3389/2032 2045/3384/2028
f 2045/3384/2028 2047/3389/2032 2049/3390/2033
f 2048/3391/2031 2045/3384/2028 2049/3390/2033
f 2055/3392/2034 2049/3393/2033 2050/3394/2035
f 2051/3395/2036 2050/3396/2035 2049/3397/2033
f 2052/3398/2037 2051/3395/2036 2049/3397/2033
f 2049/3399/2033 866/1457/867 2052/3400/2037
f 866/1455/867 2049/3401/2033 2061/3402/2038
f 2049/3401/2033 2054/3403/2039 2053/3404/2040
f 2061/3402/2038 2049/3401/2033 2053/3404/2040
f 2054/3403/2039 2049/3401/2033 2062/3405/2041
f 2049/3401/2033 2055/3406/2034 2063/3407/2042
f 2049/3390/2033 2056/3408/2043 2058/3409/2044
f 2056/3408/2043 2049/3390/2033 2057/3410/2045
f 2057/3410/2045 2049/3390/2033 2060/3411/2046
f 2049/3390/2033 2058/3409/2044 2048/3391/2031
f 2047/3389/2032 2059/3412/2047 2049/3390/2033
f 2049/3390/2033 2059/3412/2047 2060/3411/2046
f 2063/3407/2042 2062/3405/2041 2049/3401/2033
f 2055/3406/2034 2064/3413/2048 2063/3407/2042
f 2062/3414/2041 2063/3415/2042 2065/3416/2049
f 2063/3415/2042 2064/3417/2048 2066/3418/2050
f 2066/3418/2050 2065/3416/2049 2063/3415/2042
f 2066/3419/2050 2067/3420/2051 2068/3421/2052
f 2067/3422/2051 2066/3423/2050 2064/3424/2048
f 2065/3425/2049 2066/3419/2050 2068/3421/2052
f 2067/3420/2051 2069/3426/2053 2068/3421/2052
f 2069/3426/2053 2070/3427/2054 2068/3421/2052
f 2070/3427/2054 2071/3428/2055 2068/3421/2052
f 2071/3428/2055 2065/3425/2049 2068/3421/2052
f 2065/3429/2049 2071/3430/2055 2062/3431/2041
f 2072/3432/2056 2062/3431/2041 2071/3430/2055
f 2071/3430/2055 2070/3433/2054 2072/3432/2056
f 2062/3405/2041 2072/3434/2056 2054/3403/2039
f 2072/3434/2056 2073/3435/2057 2054/3403/2039
f 2073/3436/2057 2072/3432/2056 2070/3433/2054
f 2074/3437/2058 2073/3438/2057 2069/3439/2053
f 2073/3435/2057 2074/3440/2058 2075/3441/2059
f 2070/3433/2054 2069/3442/2053 2073/3436/2057
f 2073/3435/2057 2075/3441/2059 2054/3403/2039
f 2055/3406/2034 2075/3441/2059 2064/3413/2048
f 2075/3443/2059 2055/3444/2034 2081/3445/2060
f 2054/3403/2039 2075/3441/2059 2076/3446/6
f 2075/3441/2059 1613/2567/1608 2076/3446/6
f 2074/3440/2058 2064/3413/2048 2075/3441/2059
f 1613/2567/1608 2075/3441/2059 2077/3447/2061
f 2075/3448/2059 2078/3449/2062 2077/3450/2061
f 2075/3451/2059 2079/3452/2063 2078/3453/2062
f 2080/3454/2064 2079/3455/2063 2075/3443/2059
f 2075/3443/2059 2081/3445/2060 2080/3454/2064
f 2082/3456/2065 2081/3445/2060 2084/3457/2066
f 2082/3456/2065 2083/3458/2067 2081/3445/2060
f 2083/3458/2067 2080/3454/2064 2081/3445/2060
f 2055/3459/2034 2084/3460/2066 2081/3461/2060
f 2086/3462/2068 2082/3456/2065 2084/3457/2066
f 2084/3457/2066 2050/3463/2035 2085/3464/2069
f 2085/3464/2069 2086/3462/2068 2084/3457/2066
f 2050/3465/2035 2084/3460/2066 2055/3459/2034
f 2082/3466/2065 2086/3467/2068 2087/3468/2070
f 2088/3469/2071 2087/3468/2070 2086/3467/2068
f 2086/3467/2068 2085/3470/2069 2088/3469/2071
f 2088/3471/2071 2090/3472/2072 2089/3473/2073
f 2087/3474/2070 2088/3471/2071 2089/3473/2073
f 2090/3475/2072 2088/3469/2071 2085/3470/2069
f 2090/3472/2072 2091/3476/2074 2089/3473/2073
f 2090/3472/2072 2092/3477/2075 2091/3476/2074
f 2092/3478/2075 2090/3475/2072 2093/3479/2076
f 2085/3470/2069 2093/3479/2076 2090/3475/2072
f 2094/3480/2077 2093/3481/2076 2051/3482/2036
f 2093/3479/2076 2094/3483/2077 2092/3478/2075
f 2093/3481/2076 2085/3464/2069 2050/3463/2035
f 2050/3463/2035 2051/3482/2036 2093/3481/2076
f 2095/3484/2078 2092/3478/2075 2094/3483/2077
f 2094/3483/2077 2096/3485/2079 2095/3484/2078
f 2096/3486/2079 2094/3480/2077 2051/3482/2036
f 2097/3487/2080 2095/3484/2078 2096/3485/2079
f 2096/3485/2079 2098/3488/2081 2097/3487/2080
f 2098/3489/2081 2096/3486/2079 2052/3400/2037
f 2096/3486/2079 2051/3482/2036 2052/3400/2037
f 2099/3490/2082 2098/3489/2081 2052/3400/2037
f 2098/3488/2081 2099/3491/2082 2100/3492/2083
f 2100/3492/2083 2097/3487/2080 2098/3488/2081
f 2097/3493/2080 2100/3494/2083 2101/3495/2084
f 2103/3496/2085 2101/3495/2084 2100/3494/2083
f 2102/3497/2086 2100/3492/2083 2099/3491/2082
f 2100/3494/2083 2102/3498/2086 2103/3496/2085
f 2101/3499/2084 2103/3500/2085 816/1382/818
f 2104/3501/2087 2103/3496/2085 2102/3498/2086
f 2103/3500/2085 2104/3502/2087 816/1382/818
f 2105/3503/2088 2104/3501/2087 2106/3504/2089
f 2104/3502/2087 2105/3505/2088 816/1382/818
f 2102/3498/2086 2106/3504/2089 2104/3501/2087
f 2106/3504/2089 2107/3506/2090 2105/3503/2088
f 2106/3507/2089 2102/3497/2086 2109/3508/2091
f 2107/3509/2090 2106/3507/2089 2108/3510/2092
f 2109/3508/2091 2108/3510/2092 2106/3507/2089
f 2109/3511/2091 2099/3490/2082 2110/3512/2093
f 2099/3491/2082 2109/3508/2091 2102/3497/2086
f 2110/3512/2093 2111/3513/2094 2109/3511/2091
f 2108/3514/2092 2109/3511/2091 2111/3513/2094
f 2111/3513/2094 2110/3512/2093 866/1457/867
f 872/1458/869 2111/3513/2094 866/1457/867
f 2111/3513/2094 872/1458/869 2108/3514/2092
f 2052/3400/2037 2110/3512/2093 2099/3490/2082
f 2110/3512/2093 2052/3400/2037 866/1457/867
f 2112/3515/2095 2108/3514/2092 872/1458/869
f 2108/3510/2092 2112/3516/2095 2107/3509/2090
f 876/1469/877 2112/3515/2095 873/1470/874
f 2112/3516/2095 876/3517/877 2113/3518/2096
f 2113/3518/2096 2107/3509/2090 2112/3516/2095
f 2112/3515/2095 872/1458/869 873/1470/874
f 2115/3519/2097 2114/3520/2098 2113/3521/2096
f 2107/3506/2090 2113/3521/2096 2114/3520/2098
f 2113/3521/2096 2116/3522/2099 2115/3519/2097
f 2116/3523/2099 2113/3518/2096 876/3517/877
f 2117/3524/2100 2116/3523/2099 875/3525/875
f 2116/3522/2099 2117/3526/2100 2118/3527/2101
f 876/3517/877 875/3525/875 2116/3523/2099
f 2118/3527/2101 2115/3519/2097 2116/3522/2099
f 826/3528/828 2118/3527/2101 2117/3526/2100
f 816/1382/818 2118/3529/2101 826/1393/828
f 816/1382/818 2115/3530/2097 2118/3529/2101
f 2119/3531/2102 2117/3524/2100 879/3532/880
f 2117/3526/2100 2119/3533/2102 826/3528/828
f 875/3525/875 879/3532/880 2117/3524/2100
f 827/3534/822 826/3528/828 2119/3533/2102
f 2120/3535/2103 2119/3531/2102 878/3536/879
f 2119/3533/2102 2120/3537/2103 827/3534/822
f 879/3532/880 878/3536/879 2119/3531/2102
f 2120/3537/2103 2121/3538/2104 822/3539/823
f 822/3539/823 827/3534/822 2120/3537/2103
f 2121/3540/2104 2120/3535/2103 882/3541/883
f 878/3536/879 882/3541/883 2120/3535/2103
f 823/3542/824 822/3539/823 2121/3538/2104
f 2121/3538/2104 887/1490/887 823/3542/824
f 887/1482/887 2121/3540/2104 881/1480/882
f 882/3541/883 881/1480/882 2121/3540/2104
f 2114/3543/2098 2115/3530/2097 816/1382/818
f 2114/3520/2098 2105/3503/2088 2107/3506/2090
f 816/1382/818 2105/3505/2088 2114/3543/2098
f 2101/3495/2084 2122/3544/2105 2097/3493/2080
f 2122/3545/2105 2101/3499/2084 816/1382/818
f 2122/3545/2105 816/1382/818 2123/3546/2106
f 2123/3546/2106 2125/3547/2107 2122/3545/2105
f 2095/3548/2078 2097/3493/2080 2122/3544/2105
f 2122/3544/2105 2124/3549/2108 2095/3548/2078
f 2124/3550/2108 2122/3545/2105 2125/3547/2107
f 2124/3550/2108 2125/3547/2107 2128/3551/2109
f 2127/3552/2110 2126/3553/2111 2125/3554/2107
f 2128/3555/2109 2125/3554/2107 2126/3553/2111
f 2125/3554/2107 2123/3556/2106 2127/3552/2110
f 2129/3557/821 2124/3550/2108 2128/3551/2109
f 2128/3551/2109 2130/3558/2112 2129/3557/821
f 2130/3559/2112 2128/3560/2109 2131/3561/2113
f 2126/3562/2111 2131/3561/2113 2128/3560/2109
f 2133/3563/2114 2132/3564/2115 2131/3565/2113
f 2131/3566/2113 2132/3567/2115 2130/3568/2112
f 2133/3563/2114 2131/3565/2113 2126/3569/2111
f 2133/3563/2114 2127/3570/2110 2132/3564/2115
f 2133/3563/2114 2126/3569/2111 2127/3570/2110
f 2132/3567/2115 2127/3571/2110 2134/3572/2116
f 2134/3572/2116 2130/3568/2112 2132/3567/2115
f 2123/3573/2106 2134/3572/2116 2127/3571/2110
f 2134/3574/2116 2123/3546/2106 2135/3575/2117
f 2135/3575/2117 2136/3576/2118 2134/3574/2116
f 2130/3558/2112 2134/3574/2116 2136/3576/2118
f 2137/3577/821 2129/3557/821 2136/3576/2118
f 2136/3576/2118 2129/3557/821 2130/3558/2112
f 2137/3577/821 2136/3576/2118 2142/3578/2119
f 2136/3579/2118 2135/3580/2117 2141/3581/2120
f 2136/3579/2118 2140/3582/2121 2138/3583/2122
f 2138/3583/2122 2142/3584/2119 2136/3579/2118
f 2141/3581/2120 2139/3585/2123 2136/3579/2118
f 2139/3585/2123 2140/3582/2121 2136/3579/2118
f 2143/3586/2124 2142/3584/2119 2138/3583/2122
f 2142/3584/2119 2143/3586/2124 2144/3587/2125
f 2144/3587/2125 2145/3588/2126 2142/3584/2119
f 2146/3589/2127 2142/3584/2119 2145/3588/2126
f 2142/3578/2119 2146/3590/2127 2137/3577/821
f 2146/3590/2127 2148/3591/2128 2147/3592/2129
f 2147/3592/2129 2137/3577/821 2146/3590/2127
f 2148/3593/2128 2146/3589/2127 2145/3588/2126
f 2147/3592/2129 2148/3591/2128 2149/3594/2130
f 2145/3588/2126 2150/3595/2131 2148/3593/2128
f 2149/3596/2130 2148/3593/2128 2150/3595/2131
f 2150/3595/2131 2151/3597/2132 2149/3596/2130
f 2151/3597/2132 2150/3595/2131 2152/3598/2133
f 2152/3598/2133 2150/3595/2131 2153/3599/2134
f 2150/3595/2131 2145/3588/2126 2153/3599/2134
f 2156/3600/2135 2153/3599/2134 2144/3587/2125
f 2145/3588/2126 2144/3587/2125 2153/3599/2134
f 2154/3601/2136 2153/3599/2134 2155/3602/2137
f 2153/3603/2134 2154/3604/2136 2152/3605/2133
f 2155/3602/2137 2153/3599/2134 2156/3600/2135
f 2144/3587/2125 2157/3606/2138 2156/3600/2135
f 2156/3600/2135 2157/3606/2138 2160/3607/2139
f 2156/3600/2135 2158/3608/2140 2159/3609/2141
f 2161/3610/2142 2158/3608/2140 2156/3600/2135
f 2159/3609/2141 2155/3602/2137 2156/3600/2135
f 2156/3600/2135 2160/3607/2139 2161/3610/2142
f 2161/3610/2142 2160/3607/2139 2164/3611/2143
f 2163/3612/2144 2161/3610/2142 2162/3613/2145
f 2164/3611/2143 2162/3613/2145 2161/3610/2142
f 2161/3610/2142 2163/3612/2144 2158/3608/2140
f 2140/3582/2121 2139/3585/2123 2164/3611/2143
f 2165/3614/2146 2164/3611/2143 2139/3585/2123
f 2164/3611/2143 2166/3615/2147 2140/3582/2121
f 2165/3614/2146 2167/3616/2148 2164/3611/2143
f 2166/3615/2147 2164/3611/2143 2160/3607/2139
f 2162/3613/2145 2164/3611/2143 2167/3616/2148
f 2169/3617/2149 2162/3613/2145 2167/3616/2148
f 2168/3618/2150 2169/3617/2149 2167/3616/2148
f 2170/3619/2151 2168/3618/2150 2167/3616/2148
f 2170/3619/2151 2167/3616/2148 2165/3614/2146
f 2170/3619/2151 2165/3614/2146 2141/3581/2120
f 2141/3581/2120 2172/3620/2152 2170/3619/2151
f 2171/3621/2153 2168/3618/2150 2170/3619/2151
f 2172/3620/2152 2171/3621/2153 2170/3619/2151
f 2135/3622/2117 2173/3623/2154 2172/3624/2152
f 2173/3625/2154 2174/3626/2155 2172/3627/2152
f 2172/3628/2152 2141/3629/2120 2135/3630/2117
f 2172/3620/2152 2174/3631/2155 2171/3621/2153
f 2176/3632/2156 2174/3626/2155 2173/3625/2154
f 2175/3633/2157 2171/3621/2153 2174/3631/2155
f 2174/3631/2155 2176/3634/2156 2175/3633/2157
f 2176/3632/2156 2173/3625/2154 816/1382/818
f 817/1383/819 2178/3635/2158 2176/3632/2156
f 2176/3632/2156 816/1382/818 817/1383/819
f 2176/3634/2156 2177/3636/2159 2175/3633/2157
f 2176/3634/2156 2178/3637/2158 2177/3636/2159
f 817/1383/819 2179/3638/2160 2178/3635/2158
f 868/3639/870 2178/3637/2158 2179/3640/2160
f 2178/3637/2158 868/3639/870 2177/3636/2159
f 2179/3640/2160 2181/3641/2161 868/3639/870
f 817/1383/819 2180/3642/2162 2179/3638/2160
f 2179/3640/2160 2180/3643/2162 2182/3644/2163
f 2182/3644/2163 2181/3641/2161 2179/3640/2160
f 2182/3644/2163 847/1425/847 849/1426/848
f 846/1424/846 847/1425/847 2182/3644/2163
f 849/1426/848 858/1439/859 2182/3644/2163
f 2181/3641/2161 2182/3644/2163 858/1439/859
f 2182/3644/2163 2180/3643/2162 846/1424/846
f 868/3639/870 2181/3641/2161 858/1439/859
f 817/1383/819 846/3645/846 2180/3642/2162
f 868/3639/870 867/3646/872 2177/3636/2159
f 2183/3647/2164 2175/3633/2157 2177/3636/2159
f 2183/3647/2164 2177/3636/2159 867/3646/872
f 2175/3633/2157 2183/3647/2164 2168/3618/2150
f 2184/3648/2165 2169/3617/2149 2183/3647/2164
f 2184/3648/2165 2183/3647/2164 867/3646/872
f 2168/3618/2150 2183/3647/2164 2169/3617/2149
f 2184/3649/2165 867/1461/872 2053/3404/2040
f 2186/3650/2166 2184/3649/2165 2053/3404/2040
f 2169/3651/2149 2184/3649/2165 2185/3652/2167
f 2184/3649/2165 2186/3650/2166 2185/3652/2167
f 2186/3650/2166 2188/3653/2168 2187/3654/2169
f 2187/3654/2169 2189/3655/2170 2186/3650/2166
f 2188/3653/2168 2186/3650/2166 2054/3403/2039
f 2053/3656/2040 2054/3657/2039 2186/3658/2166
f 2189/3655/2170 2185/3652/2167 2186/3650/2166
f 2185/3652/2167 2189/3655/2170 2190/3659/2171
f 2189/3655/2170 2187/3654/2169 2191/3660/2172
f 2190/3659/2171 2189/3655/2170 2192/3661/2173
f 2191/3660/2172 2192/3661/2173 2189/3655/2170
f 2192/3661/2173 2194/3662/2174 2190/3659/2171
f 2193/3663/2175 2192/3661/2173 2191/3660/2172
f 2193/3663/2175 2194/3662/2174 2192/3661/2173
f 2196/3664/2176 2195/3665/2177 2194/3662/2174
f 2194/3662/2174 2195/3665/2177 2197/3666/2178
f 2194/3662/2174 2193/3663/2175 2196/3664/2176
f 2197/3666/2178 2190/3659/2171 2194/3662/2174
f 2199/3667/2179 2190/3659/2171 2197/3666/2178
f 2198/3668/2180 2197/3666/2178 2195/3665/2177
f 2197/3666/2178 2198/3668/2180 2199/3667/2179
f 2190/3659/2171 2199/3667/2179 2185/3652/2167
f 2199/3669/2179 2163/3670/2144 2201/3671/2181
f 2163/3612/2144 2199/3672/2179 2200/3673/2182
f 2198/3668/2180 2200/3674/2182 2199/3667/2179
f 2201/3675/2181 2169/3617/2149 2199/3672/2179
f 2185/3652/2167 2199/3667/2179 2169/3651/2149
f 2169/3617/2149 2201/3675/2181 2162/3613/2145
f 2162/3613/2145 2201/3675/2181 2163/3612/2144
f 2202/3676/2183 2200/3674/2182 2198/3668/2180
f 2202/3676/2183 2203/3677/2184 2200/3674/2182
f 2163/3612/2144 2200/3673/2182 2203/3678/2184
f 2158/3608/2140 2203/3678/2184 2204/3679/2185
f 2203/3678/2184 2158/3608/2140 2163/3612/2144
f 2202/3680/2183 2204/3679/2185 2203/3678/2184
f 2159/3609/2141 2158/3608/2140 2204/3679/2185
f 2202/3676/2183 2196/3664/2176 2204/3681/2185
f 2205/3682/2186 2204/3679/2185 2196/3683/2176
f 2205/3682/2186 2159/3609/2141 2204/3679/2185
f 2209/3684/2187 2205/3682/2186 2206/3685/2188
f 2206/3685/2188 2205/3682/2186 2196/3683/2176
f 2207/3686/2189 2208/3687/2190 2205/3682/2186
f 2207/3686/2189 2205/3682/2186 2209/3684/2187
f 2208/3687/2190 2159/3609/2141 2205/3682/2186
f 2211/3688/2191 2209/3684/2187 2210/3689/2192
f 2209/3684/2187 2206/3685/2188 2210/3689/2192
f 2211/3688/2191 2207/3686/2189 2209/3684/2187
f 2212/3690/2193 2213/3691/2194 2211/3688/2191
f 2211/3688/2191 1571/2513/1567 2212/3690/2193
f 2207/3686/2189 2211/3688/2191 2213/3691/2194
f 2210/3689/2192 2214/3692/2195 2211/3688/2191
f 1571/2513/1567 2211/3688/2191 2214/3692/2195
f 2214/3692/2195 2210/3689/2192 2215/3693/2196
f 2214/3692/2195 2215/3693/2196 1571/2513/1567
f 2216/3694/2197 2215/3693/2196 2210/3689/2192
f 1575/2516/1570 2215/3693/2196 2216/3694/2197
f 2215/3693/2196 1575/2516/1570 1573/2514/1568
f 1573/2514/1568 1571/2513/1567 2215/3693/2196
f 1575/2516/1570 2216/3694/2197 2218/3695/2198
f 2216/3694/2197 2210/3689/2192 2217/3696/2199
f 2217/3696/2199 2218/3695/2198 2216/3694/2197
f 2218/3695/2198 1578/2518/1572 1575/2516/1570
f 2219/3697/2200 1578/2521/1572 2218/3698/2198
f 2217/3699/2199 2220/3700/2201 2218/3698/2198
f 2219/3697/2200 2218/3698/2198 2220/3700/2201
f 2219/3697/2200 2220/3700/2201 2221/3701/2202
f 2221/3701/2202 2220/3700/2201 2206/3702/2188
f 2220/3700/2201 2217/3699/2199 2206/3702/2188
f 2222/3703/2203 2219/3697/2200 2221/3701/2202
f 2221/3701/2202 2193/3663/2175 2222/3703/2203
f 2193/3663/2175 2221/3701/2202 2196/3664/2176
f 2206/3702/2188 2196/3664/2176 2221/3701/2202
f 2191/3660/2172 2222/3703/2203 2193/3663/2175
f 2223/3704/2204 2222/3703/2203 2191/3660/2172
f 2222/3703/2203 2223/3704/2204 2224/3705/2205
f 2222/3703/2203 2224/3705/2205 2219/3697/2200
f 1585/2535/1581 2224/3705/2205 2223/3704/2204
f 2224/3705/2205 1578/2521/1572 2219/3697/2200
f 1585/2535/1581 1578/2521/1572 2224/3705/2205
f 2223/3704/2204 1588/2537/1583 1585/2535/1581
f 1588/2537/1583 2223/3704/2204 2225/3706/2206
f 2225/3706/2206 2223/3704/2204 2191/3660/2172
f 2225/3706/2206 2191/3660/2172 2187/3654/2169
f 2225/3706/2206 2187/3654/2169 2226/3707/2207
f 2226/3707/2207 1608/2562/1603 2225/3706/2206
f 2225/3706/2206 1608/2562/1603 1606/2560/1601
f 1606/2560/1601 1588/2537/1583 2225/3706/2206
f 2188/3653/2168 2226/3707/2207 2187/3654/2169
f 2226/3707/2207 2188/3653/2168 2227/3708/2208
f 1608/3709/1603 2226/3710/2207 2228/3711/2209
f 2227/3708/2208 2228/3712/2209 2226/3707/2207
f 2228/3712/2209 2227/3708/2208 2076/3446/6
f 2229/3713/2210 2230/3714/2211 2228/3712/2209
f 2228/3712/2209 2076/3446/6 2229/3713/2210
f 1614/2569/1610 2228/3712/2209 2230/3714/2211
f 2228/3712/2209 1614/2569/1610 1608/2562/1603
f 2233/3715/2212 2230/3716/2211 2229/3717/2210
f 2232/3718/2213 2231/3719/2214 2230/3720/2211
f 2230/3714/2211 2231/3721/2214 1614/2569/1610
f 2230/3716/2211 2233/3715/2212 2232/3722/2213
f 2233/3723/2212 2234/3724/2215 2235/3725/2216
f 2234/3726/2215 2233/3715/2212 2229/3717/2210
f 2235/3725/2216 2232/3727/2213 2233/3723/2212
f 2234/3724/2215 2236/3728/2217 2235/3725/2216
f 2235/3725/2216 2236/3728/2217 2237/3729/2218
f 2237/3729/2218 2232/3727/2213 2235/3725/2216
f 2238/3730/2219 2237/3731/2218 2236/3732/2217
f 2237/3731/2218 2238/3730/2219 2231/3719/2214
f 2232/3718/2213 2237/3731/2218 2231/3719/2214
f 2238/3733/2219 1613/2567/1608 1614/2569/1610
f 1613/2567/1608 2238/3733/2219 2239/3734/2220
f 1614/2569/1610 2231/3721/2214 2238/3733/2219
f 2239/3735/2220 2238/3736/2219 2236/3737/2217
f 2234/3726/2215 2229/3717/2210 2239/3738/2220
f 2076/3446/6 2239/3734/2220 2229/3713/2210
f 2239/3734/2220 2076/3446/6 1613/2567/1608
f 2236/3737/2217 2234/3739/2215 2239/3735/2220
f 2054/3403/2039 2227/3708/2208 2188/3653/2168
f 2227/3708/2208 2054/3403/2039 2076/3446/6
f 2210/3689/2192 2206/3685/2188 2217/3696/2199
f 2207/3686/2189 2213/3691/2194 2240/3740/2221
f 2212/3690/2193 2240/3740/2221 2213/3691/2194
f 2240/3741/2221 2243/3742/2222 2241/3743/2223
f 2241/3744/2223 2244/3745/2224 2240/3740/2221
f 2243/3746/2222 2240/3740/2221 2242/3747/2225
f 2212/3690/2193 2242/3747/2225 2240/3740/2221
f 2240/3740/2221 2244/3745/2224 2207/3686/2189
f 2245/3748/2226 2244/3745/2224 2241/3744/2223
f 2245/3748/2226 2247/3749/2227 2244/3745/2224
f 2244/3745/2224 2247/3749/2227 2246/3750/2228
f 2244/3745/2224 2246/3750/2228 2208/3687/2190
f 2244/3745/2224 2208/3687/2190 2207/3686/2189
f 2248/3751/2229 2246/3750/2228 2247/3749/2227
f 2249/3752/2230 2248/3751/2229 2247/3749/2227
f 2247/3749/2227 2245/3748/2226 2250/3753/2231
f 2247/3749/2227 2250/3753/2231 2249/3752/2230
f 2249/3752/2230 2250/3753/2231 2251/3754/2232
f 2255/3755/2233 2250/3753/2231 2245/3748/2226
f 2250/3753/2231 2252/3756/2234 2251/3754/2232
f 2253/3757/2235 2252/3756/2234 2250/3753/2231
f 2253/3757/2235 2250/3753/2231 2254/3758/2236
f 2250/3753/2231 2255/3755/2233 2254/3758/2236
f 2256/3759/2237 2254/3758/2236 2255/3755/2233
f 2255/3755/2233 2245/3748/2226 2256/3759/2237
f 2245/3748/2226 2241/3744/2223 2256/3759/2237
f 2241/3743/2223 2259/3760/2238 2256/3761/2237
f 2257/3762/2239 2256/3759/2237 2259/3763/2238
f 2257/3762/2239 2258/3764/2240 2256/3759/2237
f 2254/3758/2236 2256/3759/2237 2258/3764/2240
f 2259/3763/2238 1540/2471/1535 2262/3765/2241
f 2259/3763/2238 2261/3766/2242 1540/2471/1535
f 2259/3760/2238 2243/3742/2222 2260/3767/2243
f 2261/3766/2242 2259/3763/2238 2260/3768/2243
f 2241/3743/2223 2243/3742/2222 2259/3760/2238
f 2262/3765/2241 2257/3762/2239 2259/3763/2238
f 2263/3769/2244 2262/3765/2241 1540/2471/1535
f 2262/3765/2241 2263/3769/2244 2265/3770/2245
f 2265/3770/2245 2264/3771/2246 2262/3765/2241
f 2257/3772/2239 2262/3773/2241 2264/3774/2246
f 2265/3775/2245 1534/2464/1530 2266/3776/2247
f 1534/2464/1530 2265/3775/2245 2267/3777/2248
f 2264/3778/2246 2265/3775/2245 2266/3776/2247
f 2267/3779/2248 2265/3780/2245 2263/3781/2244
f 2270/3782/2249 2268/3783/2250 2267/3779/2248
f 2269/3784/2251 2267/3779/2248 2268/3783/2250
f 1356/2207/1352 1534/2464/1530 2267/3777/2248
f 2267/3777/2248 2269/3785/2251 2271/3786/2252
f 2263/3781/2244 2270/3782/2249 2267/3779/2248
f 2271/3786/2252 1356/2207/1352 2267/3777/2248
f 2273/3787/2253 2271/3786/2252 2272/3788/2254
f 2269/3785/2251 2272/3788/2254 2271/3786/2252
f 2271/3786/2252 2273/3787/2253 2277/3789/2255
f 1356/2207/1352 2271/3786/2252 2274/3790/2256
f 2274/3790/2256 2271/3786/2252 2275/3791/2257
f 2276/3792/2258 2275/3791/2257 2271/3786/2252
f 2278/3793/2259 2276/3792/2258 2271/3786/2252
f 2277/3789/2255 2278/3793/2259 2271/3786/2252
f 2278/3794/2259 2277/3795/2255 2279/3796/2260
f 2280/3797/2261 2278/3794/2259 2279/3796/2260
f 2276/3798/2258 2278/3794/2259 2280/3797/2261
f 2281/3799/2262 2280/3800/2261 2283/3801/2263
f 2281/3802/2262 2284/3803/2264 2280/3797/2261
f 2279/3796/2260 2282/3804/2265 2280/3797/2261
f 2282/3804/2265 2283/3805/2263 2280/3797/2261
f 2280/3797/2261 2284/3803/2264 2276/3798/2258
f 2284/3803/2264 2285/3806/2266 2275/3807/2257
f 2284/3803/2264 2286/3808/2267 2285/3806/2266
f 2284/3803/2264 2287/3809/2268 2286/3808/2267
f 2287/3810/2268 2284/3811/2264 2281/3812/2262
f 2275/3807/2257 2276/3798/2258 2284/3803/2264
f 2281/3802/2262 2289/3813/2269 2287/3809/2268
f 2288/3814/2270 2286/3808/2267 2287/3809/2268
f 2287/3809/2268 2289/3813/2269 2288/3814/2270
f 2292/3815/2271 2288/3814/2270 2289/3813/2269
f 2290/3816/2272 2289/3813/2269 2281/3802/2262
f 2291/3817/2273 2289/3813/2269 2290/3816/2272
f 2292/3815/2271 2289/3813/2269 2291/3817/2273
f 2292/3818/2271 2295/3819/2274 2293/3820/2275
f 2293/3820/2275 2297/3821/2276 2292/3818/2271
f 2288/3814/2270 2292/3815/2271 2294/3822/2277
f 2297/3821/2276 2294/3823/2277 2292/3818/2271
f 2295/3824/2274 2292/3815/2271 2296/3825/2278
f 2292/3815/2271 2291/3817/2273 2296/3825/2278
f 2294/3823/2277 2297/3821/2276 2298/3826/2279
f 2298/3827/2279 2297/3828/2276 2299/3829/2280
f 2300/3830/2281 2299/3831/2280 2297/3832/2276
f 2297/3832/2276 2293/3833/2275 2300/3830/2281
f 2299/3829/2280 2300/3834/2281 2303/3835/2282
f 2300/3830/2281 2301/3836/2283 2302/3837/2284
f 2293/3833/2275 2301/3836/2283 2300/3830/2281
f 2300/3838/2281 2302/3839/2284 2303/3840/2282
f 2303/3835/2282 2304/3841/2285 2299/3829/2280
f 2303/3842/2282 2296/3825/2278 2291/3817/2273
f 2296/3825/2278 2303/3842/2282 2302/3843/2284
f 2291/3817/2273 2304/3844/2285 2303/3842/2282
f 2299/3829/2280 2304/3841/2285 2305/3845/2286
f 2306/3846/2287 2305/3845/2286 2304/3841/2285
f 2304/3841/2285 2307/3847/2288 2306/3846/2287
f 2307/3848/2288 2304/3844/2285 2290/3816/2272
f 2291/3817/2273 2290/3816/2272 2304/3844/2285
f 2282/3849/2265 2306/3846/2287 2307/3847/2288
f 2283/3801/2263 2307/3850/2288 2281/3799/2262
f 2307/3850/2288 2290/3851/2272 2281/3799/2262
f 2307/3847/2288 2283/3852/2263 2282/3849/2265
f 2310/3853/2289 2305/3854/2286 2306/3855/2287
f 2306/3855/2287 2308/3856/2290 2310/3853/2289
f 2308/3856/2290 2306/3855/2287 2309/3857/2291
f 2309/3858/2291 2306/3846/2287 2279/3859/2260
f 2306/3846/2287 2282/3849/2265 2279/3859/2260
f 2310/3853/2289 2314/3860/2292 2311/3861/2293
f 2312/3862/2294 2310/3863/2289 2311/3864/2293
f 2305/3854/2286 2310/3853/2289 2312/3865/2294
f 2313/3866/2295 2310/3853/2289 2308/3856/2290
f 2310/3853/2289 2313/3866/2295 2314/3860/2292
f 2314/3860/2292 2313/3866/2295 2315/3867/2296
f 2316/3868/2297 2314/3860/2292 2315/3867/2296
f 2314/3860/2292 2316/3868/2297 2311/3861/2293
f 2316/3868/2297 2315/3867/2296 2317/3869/2298
f 2317/3869/2298 2318/3870/2299 2316/3868/2297
f 2319/3871/2300 2316/3868/2297 2318/3870/2299
f 2311/3861/2293 2316/3868/2297 2319/3871/2300
f 2321/3872/2301 2319/3871/2300 2318/3870/2299
f 2312/3862/2294 2311/3864/2293 2319/3873/2300
f 2312/3865/2294 2319/3871/2300 2320/3874/2302
f 2319/3871/2300 2323/3875/2303 2320/3874/2302
f 2319/3871/2300 2321/3872/2301 2322/3876/2304
f 2319/3871/2300 2322/3876/2304 2323/3875/2303
f 2323/3877/2303 2324/3878/2305 2328/3879/2306
f 2324/3880/2305 2323/3875/2303 2325/3881/2307
f 2322/3876/2304 2325/3881/2307 2323/3875/2303
f 2323/3882/2303 2327/3883/2308 2326/3884/2309
f 2326/3884/2309 2320/3885/2302 2323/3882/2303
f 2328/3879/2306 2327/3886/2308 2323/3877/2303
f 2329/3887/2310 2301/3888/2283 2328/3879/2306
f 2328/3879/2306 2324/3878/2305 2329/3887/2310
f 2327/3889/2308 2328/3890/2306 2330/3891/2311
f 2330/3892/2311 2328/3893/2306 2293/3820/2275
f 2301/3888/2283 2293/3894/2275 2328/3879/2306
f 2330/3891/2311 2331/3895/2312 2327/3889/2308
f 2332/3896/2313 2331/3895/2312 2330/3891/2311
f 2333/3897/2314 2332/3896/2313 2330/3891/2311
f 2333/3897/2314 2330/3891/2311 2334/3898/2315
f 2293/3820/2275 2295/3819/2274 2330/3892/2311
f 2334/3899/2315 2330/3892/2311 2295/3819/2274
f 2335/3900/2316 2334/3899/2315 2295/3819/2274
f 2337/3901/2317 2334/3898/2315 2335/3902/2316
f 2336/3903/2318 2333/3897/2314 2334/3898/2315
f 2337/3901/2317 2336/3903/2318 2334/3898/2315
f 2337/3901/2317 2340/3904/2319 2338/3905/2320
f 2338/3905/2320 2339/3906/2321 2337/3901/2317
f 2336/3903/2318 2337/3901/2317 2339/3906/2321
f 2340/3904/2319 2337/3901/2317 2335/3902/2316
f 2342/3907/2322 2341/3908/2323 2340/3904/2319
f 2340/3904/2319 2341/3908/2323 2338/3905/2320
f 2340/3904/2319 2335/3902/2316 2342/3907/2322
f 2342/3907/2322 2344/3909/2324 2341/3908/2323
f 2346/3910/2325 2343/3911/2326 2342/3912/2322
f 2344/3909/2324 2342/3907/2322 2343/3913/2326
f 2342/3912/2322 2335/3900/2316 2345/3914/2327
f 2345/3914/2327 2346/3910/2325 2342/3912/2322
f 2347/3915/2328 2343/3911/2326 2346/3910/2325
f 2346/3910/2325 2348/3916/2329 2347/3915/2328
f 2346/3917/2325 2345/3918/2327 2349/3919/2330
f 2348/3920/2329 2346/3921/2325 2353/3922/2331
f 2346/3917/2325 2349/3919/2330 2350/3923/2332
f 2346/3917/2325 2350/3923/2332 2351/3924/2333
f 2346/3917/2325 2351/3924/2333 2352/3925/2334
f 2346/3921/2325 2352/3926/2334 2353/3922/2331
f 2348/3920/2329 2353/3922/2331 2354/3927/2335
f 2353/3922/2331 2352/3926/2334 2355/3928/2336
f 2356/3929/2337 2354/3927/2335 2353/3922/2331
f 2353/3922/2331 2355/3928/2336 2356/3929/2337
f 2357/3930/2338 2358/3931/2339 2356/3929/2337
f 2359/3932/2340 2357/3933/2338 2356/3934/2337
f 2356/3929/2337 2358/3931/2339 2360/3935/2341
f 2356/3929/2337 2355/3928/2336 2359/3936/2340
f 2360/3935/2341 2354/3927/2335 2356/3929/2337
f 2348/3920/2329 2360/3935/2341 2361/3937/2342
f 2348/3920/2329 2354/3927/2335 2360/3935/2341
f 2361/3937/2342 2360/3935/2341 2358/3931/2339
f 2348/3920/2329 2361/3937/2342 2362/3938/2343
f 2362/3938/2343 2361/3937/2342 2363/3939/2344
f 2358/3931/2339 2363/3939/2344 2361/3937/2342
f 2363/3940/2344 2358/3941/2339 2357/3933/2338
f 2357/3933/2338 2364/3942/2345 2363/3940/2344
f 2364/3942/2345 2365/3943/2346 2363/3940/2344
f 2363/3939/2344 2365/3944/2346 2362/3938/2343
f 2365/3944/2346 2366/3945/2347 2367/3946/2348
f 2366/3947/2347 2365/3943/2346 2364/3942/2345
f 2367/3946/2348 2362/3938/2343 2365/3944/2346
f 2368/3948/2349 2367/3946/2348 2369/3949/2350
f 2368/3948/2349 2362/3938/2343 2367/3946/2348
f 2369/3949/2350 2367/3946/2348 2366/3945/2347
f 2368/3948/2349 2369/3949/2350 2370/3950/2351
f 2370/3950/2351 2369/3949/2350 2366/3945/2347
f 2368/3948/2349 2370/3950/2351 2372/3951/2352
f 2366/3945/2347 2371/3952/2353 2370/3950/2351
f 2371/3952/2353 2372/3951/2352 2370/3950/2351
f 2375/3953/2354 2368/3948/2349 2372/3951/2352
f 2371/3952/2353 2373/3954/2355 2372/3951/2352
f 2374/3955/2356 2372/3951/2352 2373/3954/2355
f 2375/3953/2354 2372/3951/2352 2374/3955/2356
f 2376/3956/2357 2377/3957/2358 2375/3958/2354
f 2375/3958/2354 1232/2035/1227 2376/3956/2357
f 2368/3959/2349 2375/3958/2354 2377/3957/2358
f 1232/3960/1227 2375/3953/2354 2378/3961/2359
f 2375/3953/2354 2374/3955/2356 2378/3961/2359
f 2379/3962/2360 2378/3961/2359 2374/3955/2356
f 2379/3962/2360 2380/3963/2361 2378/3961/2359
f 2381/3964/2362 2378/3961/2359 2380/3963/2361
f 1232/3960/1227 2378/3961/2359 2381/3964/2362
f 2380/3963/2361 2382/3965/2363 2381/3964/2362
f 2383/3966/2364 2381/3964/2362 2382/3965/2363
f 1232/3960/1227 2381/3964/2362 2383/3966/2364
f 2385/3967/2365 2384/3968/2366 2383/3966/2364
f 1232/3960/1227 2383/3966/2364 2384/3968/2366
f 2382/3965/2363 2385/3967/2365 2383/3966/2364
f 2386/3969/2367 2387/3970/2368 2385/3971/2365
f 2385/3971/2365 2382/3972/2363 2386/3969/2367
f 2385/3967/2365 2387/3973/2368 2384/3968/2366
f 2389/3974/2369 2387/3970/2368 2386/3969/2367
f 2388/3975/2370 2384/3968/2366 2387/3973/2368
f 2388/3975/2370 2387/3973/2368 2389/3976/2369
f 2386/3969/2367 2391/3977/2371 2389/3974/2369
f 2389/3976/2369 2390/3978/2372 2388/3975/2370
f 2389/3976/2369 2392/3979/2373 2390/3978/2372
f 2392/3980/2373 2389/3974/2369 2391/3977/2371
f 2393/3981/2374 2390/3978/2372 2392/3979/2373
f 2393/3981/2374 2392/3979/2373 2394/3982/2375
f 2394/3983/2375 2392/3980/2373 2391/3977/2371
f 2394/3982/2375 2395/3984/2376 2393/3981/2374
f 2391/3977/2371 2396/3985/2377 2394/3983/2375
f 2394/3982/2375 2396/3986/2377 2395/3984/2376
f 2396/3985/2377 2391/3977/2371 2397/3987/2378
f 2397/3987/2378 2399/3988/2379 2396/3985/2377
f 2398/3989/2380 2395/3990/2376 2396/3991/2377
f 2396/3991/2377 2399/3992/2379 2398/3989/2380
f 2399/3992/2379 2400/3993/2381 1241/2054/1238
f 2400/3993/2381 2399/3992/2379 2397/3994/2378
f 1241/2054/1238 2398/3989/2380 2399/3992/2379
f 2400/3993/2381 2402/3995/2382 2401/3996/2383
f 2401/3996/2383 1243/2056/1240 2400/3993/2381
f 2400/3997/2381 2397/3987/2378 2402/3998/2382
f 2400/3993/2381 1242/2055/1239 1241/2054/1238
f 1243/2056/1240 1242/2055/1239 2400/3993/2381
f 2402/3998/2382 2397/3987/2378 2403/3999/2384
f 2403/3999/2384 2404/4000/2385 2402/3998/2382
f 2405/4001/2386 2402/3998/2382 2404/4000/2385
f 2405/4001/2386 2406/4002/2387 2402/3998/2382
f 2402/3995/2382 2406/4003/2387 2407/4004/2388
f 2407/4004/2388 2401/3996/2383 2402/3995/2382
f 2407/4004/2388 2406/4003/2387 2410/4005/2389
f 2411/4006/2390 2407/4007/2388 2408/4008/2391
f 2409/4009/2392 2408/4010/2391 2407/4004/2388
f 2410/4005/2389 2409/4009/2392 2407/4004/2388
f 2411/4006/2390 2401/4011/2383 2407/4007/2388
f 2415/4012/2393 2412/4013/2394 2411/4014/2390
f 2412/4013/2394 2413/4015/2395 2411/4014/2390
f 2413/4016/2395 2401/4011/2383 2411/4006/2390
f 2408/4008/2391 2414/4017/2396 2411/4006/2390
f 2415/4018/2393 2411/4006/2390 2414/4017/2396
f 2412/4013/2394 2415/4012/2393 2416/4019/2397
f 2416/4019/2397 2415/4012/2393 2417/4020/2398
f 2414/4021/2396 2417/4020/2398 2415/4012/2393
f 2418/4022/2399 2420/4023/2400 2417/4024/2398
f 2417/4024/2398 2419/4025/2401 2418/4022/2399
f 2421/4026/2402 2419/4025/2401 2417/4024/2398
f 1261/2080/1257 2416/4019/2397 2417/4020/2398
f 2417/4020/2398 2420/4027/2400 1261/2080/1257
f 2417/4024/2398 2414/4028/2396 2421/4026/2402
f 1184/1971/1181 2419/4029/2401 2421/4030/2402
f 2409/4031/2392 2422/4032/2403 2421/4026/2402
f 1184/1971/1181 2421/4030/2402 2422/4033/2403
f 2409/4031/2392 2421/4026/2402 2414/4028/2396
f 2422/4032/2403 2409/4031/2392 2410/4034/2389
f 2410/4034/2389 2423/4035/2404 2422/4032/2403
f 2422/4033/2403 2423/4036/2404 2424/4037/2405
f 2424/4037/2405 1184/1971/1181 2422/4033/2403
f 1184/1971/1181 2424/4037/2405 1180/1965/1175
f 1181/1967/1177 1180/1965/1175 2424/4037/2405
f 2425/4038/2406 1181/1967/1177 2424/4037/2405
f 2423/4036/2404 2425/4038/2406 2424/4037/2405
f 1290/4039/1286 2425/4040/2406 2426/4041/2407
f 2425/4038/2406 1290/2129/1286 1181/1967/1177
f 2425/4040/2406 2405/4001/2386 2427/4042/2408
f 2405/4001/2386 2425/4040/2406 2423/4043/2404
f 2426/4041/2407 2425/4040/2406 2427/4042/2408
f 2426/4041/2407 2427/4042/2408 2428/4044/2409
f 2427/4042/2408 2404/4000/2385 2429/4045/2410
f 2404/4000/2385 2427/4042/2408 2405/4001/2386
f 2427/4042/2408 2429/4045/2410 2428/4044/2409
f 2430/4046/2411 2428/4047/2409 2429/4048/2410
f 2431/4049/2412 2430/4046/2411 2429/4048/2410
f 2429/4048/2410 2432/4050/2413 2431/4049/2412
f 2432/4051/2413 2429/4045/2410 2404/4000/2385
f 2433/4052/2414 2432/4051/2413 2435/4053/2415
f 2432/4054/2413 2433/4055/2414 2436/4056/2416
f 2434/4057/2417 2431/4049/2412 2432/4050/2413
f 2437/4058/2418 2434/4057/2417 2432/4050/2413
f 2432/4051/2413 2404/4000/2385 2403/3999/2384
f 2435/4053/2415 2432/4051/2413 2403/3999/2384
f 2436/4056/2416 2437/4059/2418 2432/4054/2413
f 2434/4057/2417 2437/4058/2418 2438/4060/2419
f 2438/4061/2419 2437/4059/2418 2436/4056/2416
f 2439/4062/2420 2442/4063/2421 2438/4064/2419
f 2438/4064/2419 2441/4065/2422 2439/4062/2420
f 2438/4061/2419 2436/4056/2416 2440/4066/2423
f 2440/4067/2423 2441/4065/2422 2438/4064/2419
f 2438/4060/2419 2442/4068/2421 2434/4057/2417
f 2443/4069/2424 2442/4063/2421 2439/4062/2420
f 2443/4069/2424 2444/4070/2425 2442/4063/2421
f 2444/4070/2425 2445/4071/2426 2442/4063/2421
f 2442/4068/2421 2445/4072/2426 2431/4049/2412
f 2442/4068/2421 2431/4049/2412 2434/4057/2417
f 2445/4071/2426 2444/4070/2425 2447/4073/2427
f 2445/4071/2426 2446/4074/2428 2448/4075/2429
f 2446/4074/2428 2445/4071/2426 2447/4073/2427
f 2448/4076/2429 2430/4046/2411 2445/4072/2426
f 2430/4046/2411 2431/4049/2412 2445/4072/2426
f 2430/4046/2411 2448/4076/2429 2428/4047/2409
f 2449/4077/2430 2448/4075/2429 2446/4074/2428
f 2426/4078/2407 2448/4076/2429 2449/4079/2430
f 2428/4047/2409 2448/4076/2429 2426/4078/2407
f 2450/4080/2431 2449/4077/2430 2446/4074/2428
f 2449/4079/2430 2450/4081/2431 1284/4082/1279
f 1284/4082/1279 2426/4078/2407 2449/4079/2430
f 2446/4074/2428 2453/4083/2432 2450/4080/2431
f 2452/4084/2433 2450/4081/2431 2451/4085/2434
f 2451/4085/2434 2450/4081/2431 2453/4086/2432
f 2450/4081/2431 2452/4084/2433 1284/4082/1279
f 2454/4087/2435 2453/4083/2432 2446/4074/2428
f 2454/4087/2435 2455/4088/2436 2453/4083/2432
f 2456/4089/2437 2453/4083/2432 2455/4088/2436
f 2453/4083/2432 2456/4089/2437 2457/4090/2438
f 2453/4086/2432 2457/4091/2438 2458/4092/2439
f 2458/4092/2439 2451/4085/2434 2453/4086/2432
f 2451/4085/2434 2458/4092/2439 2452/4084/2433
f 2459/4093/2440 2458/4092/2439 2457/4091/2438
f 2458/4092/2439 2459/4093/2440 2460/4094/2441
f 2460/4094/2441 2452/4084/2433 2458/4092/2439
f 2452/4095/2433 2460/4096/2441 2461/4097/2442
f 2462/4098/2443 2461/4097/2442 2460/4096/2441
f 2463/4099/2444 2462/4098/2443 2460/4096/2441
f 2460/4096/2441 2464/4100/2445 2463/4099/2444
f 2464/4101/2445 2460/4094/2441 2465/4102/2446
f 2459/4093/2440 2465/4102/2446 2460/4094/2441
f 2465/4102/2446 2459/4093/2440 2466/4103/2447
f 2466/4104/2447 2456/4105/2437 2465/4106/2446
f 2465/4106/2446 2467/4107/2448 2464/4108/2445
f 2467/4107/2448 2465/4106/2446 2456/4105/2437
f 2468/4109/2449 2469/4110/2450 2467/4107/2448
f 2456/4105/2437 2468/4109/2449 2467/4107/2448
f 2467/4107/2448 2469/4110/2450 1374/2239/1370
f 1374/2239/1370 2464/4108/2445 2467/4107/2448
f 2469/4110/2450 1376/2240/1371 1374/2239/1370
f 1376/2240/1371 2469/4110/2450 1379/2243/1373
f 2468/4109/2449 1379/2243/1373 2469/4110/2450
f 2456/4089/2437 1379/2252/1373 2468/4111/2449
f 2459/4093/2440 2457/4091/2438 2466/4103/2447
f 2466/4112/2447 2457/4090/2438 2456/4089/2437
f 2472/4113/2451 2464/4100/2445 1374/2237/1370
f 2470/4114/2452 2473/4115/2453 2464/4100/2445
f 2464/4100/2445 2471/4116/2454 2470/4114/2452
f 2472/4113/2451 2471/4116/2454 2464/4100/2445
f 2464/4100/2445 2473/4115/2453 2463/4099/2444
f 2473/4115/2453 2475/4117/2455 2474/4118/2456
f 2474/4118/2456 2463/4099/2444 2473/4115/2453
f 1286/2120/1280 2473/4115/2453 2476/4119/2457
f 2473/4115/2453 1286/2120/1280 2475/4117/2455
f 2478/4120/2458 2473/4115/2453 2470/4114/2452
f 2477/4121/2459 2476/4119/2457 2473/4115/2453
f 2473/4115/2453 2478/4120/2458 2477/4121/2459
f 2480/4122/2460 2479/4123/2461 2478/4120/2458
f 1373/2236/1369 2478/4120/2458 2479/4123/2461
f 2478/4120/2458 1373/2236/1369 2481/4124/2462
f 2470/4114/2452 2480/4122/2460 2478/4120/2458
f 2478/4120/2458 2481/4124/2462 2484/4125/2463
f 2477/4121/2459 2478/4120/2458 2483/4126/2464
f 2478/4120/2458 2484/4125/2463 2482/4127/2465
f 2482/4127/2465 2483/4126/2464 2478/4120/2458
f 2485/4128/2466 2487/4129/2467 2484/4130/2463
f 2484/4130/2463 2486/4131/2468 2485/4128/2466
f 2482/4132/2465 2484/4130/2463 2487/4129/2467
f 2486/4131/2468 2484/4130/2463 2481/4133/2462
f 2488/4134/2469 2487/4129/2467 2485/4128/2466
f 2488/4134/2469 2489/4135/2470 2487/4129/2467
f 2487/4129/2467 2489/4135/2470 2482/4132/2465
f 2488/4134/2469 2490/4136/2471 2489/4135/2470
f 2489/4135/2470 2490/4136/2471 2483/4137/2464
f 2483/4137/2464 2482/4132/2465 2489/4135/2470
f 2490/4138/2471 2488/4139/2469 2491/4140/2472
f 2491/4140/2472 2493/4141/2473 2490/4138/2471
f 2492/4142/2474 2483/4143/2464 2490/4138/2471
f 2490/4138/2471 2493/4141/2473 2492/4142/2474
f 2491/4140/2472 2494/4144/2475 2493/4141/2473
f 2492/4142/2474 2493/4141/2473 2494/4144/2475
f 2491/4140/2472 2495/4145/2476 2494/4144/2475
f 2494/4144/2475 2495/4145/2476 2496/4146/2477
f 2494/4144/2475 2496/4146/2477 2492/4142/2474
f 2496/4146/2477 2495/4145/2476 1271/2095/1268
f 1271/2095/1268 2497/4147/2478 2496/4146/2477
f 2496/4148/2477 2497/4149/2478 2476/4119/2457
f 2476/4119/2457 2477/4121/2459 2496/4148/2477
f 2492/4142/2474 2496/4146/2477 2477/4150/2459
f 1271/2095/1268 1270/2094/1267 2497/4147/2478
f 1270/2094/1267 2498/4151/2479 2497/4147/2478
f 2497/4149/2478 2498/4152/2479 2476/4119/2457
f 1279/4153/1275 2498/4151/2479 1270/2094/1267
f 2498/4151/2479 1279/4153/1275 1282/4154/1278
f 1282/4155/1278 2476/4119/2457 2498/4152/2479
f 1271/2095/1268 2495/4145/2476 2499/4156/2480
f 2491/4140/2472 2499/4156/2480 2495/4145/2476
f 2499/4156/2480 1268/2089/1264 1272/2091/1265
f 1260/2077/1256 1268/2089/1264 2499/4156/2480
f 2499/4156/2480 1272/2091/1265 1271/2095/1268
f 2499/4156/2480 2491/4140/2472 1260/2077/1256
f 2477/4121/2459 2483/4126/2464 2492/4157/2474
f 2491/4158/2472 2488/4159/2469 2500/4160/2481
f 1260/2079/1256 2491/4158/2472 2502/4161/2482
f 2500/4160/2481 2501/4162/2483 2491/4158/2472
f 2501/4162/2483 2502/4161/2482 2491/4158/2472
f 1258/2072/1253 2502/4163/2482 2503/4164/2484
f 2504/4165/2485 2503/4164/2484 2502/4163/2482
f 2502/4163/2482 2501/4166/2483 2505/4167/2486
f 2505/4167/2486 2504/4165/2485 2502/4163/2482
f 2502/4161/2482 1258/2075/1253 1260/2079/1256
f 2505/4167/2486 2507/4168/2487 2506/4169/2488
f 2504/4165/2485 2505/4167/2486 2506/4169/2488
f 2507/4168/2487 2505/4167/2486 2501/4166/2483
f 2508/4170/2489 2506/4169/2488 2507/4168/2487
f 2507/4168/2487 2509/4171/2490 2508/4170/2489
f 2509/4171/2490 2507/4168/2487 2501/4166/2483
f 2509/4171/2490 2510/4172/2491 2508/4170/2489
f 2510/4172/2491 2509/4171/2490 2500/4173/2481
f 2501/4166/2483 2500/4173/2481 2509/4171/2490
f 2510/4174/2491 2511/4175/2492 2508/4176/2489
f 2511/4175/2492 2510/4174/2491 2500/4177/2481
f 2512/4178/2493 2511/4175/2492 2513/4179/2494
f 2511/4175/2492 2512/4178/2493 2508/4176/2489
f 2500/4177/2481 2513/4179/2494 2511/4175/2492
f 2514/4180/2495 2513/4181/2494 2488/4159/2469
f 2513/4179/2494 2514/4182/2495 2515/4183/2496
f 2513/4181/2494 2500/4160/2481 2488/4159/2469
f 2515/4183/2496 2512/4178/2493 2513/4179/2494
f 2512/4178/2493 2515/4183/2496 2517/4184/2497
f 2516/4185/2498 2515/4183/2496 2514/4182/2495
f 2515/4183/2496 2516/4185/2498 2517/4184/2497
f 2517/4186/2497 2521/4187/2499 2518/4188/2500
f 2518/4188/2500 2519/4189/2501 2517/4186/2497
f 2519/4189/2501 2520/4190/2502 2517/4186/2497
f 2517/4184/2497 2508/4176/2489 2512/4178/2493
f 2508/4191/2489 2517/4186/2497 2520/4190/2502
f 2521/4192/2499 2517/4184/2497 2523/4193/2503
f 2516/4185/2498 2522/4194/2504 2517/4184/2497
f 2522/4194/2504 2523/4193/2503 2517/4184/2497
f 2523/4193/2503 2522/4194/2504 2524/4195/2505
f 2525/4196/2506 2523/4193/2503 2524/4195/2505
f 2523/4193/2503 2525/4196/2506 2521/4192/2499
f 2525/4197/2506 2526/4198/2507 2521/4199/2499
f 2526/4200/2507 2525/4196/2506 2527/4201/2508
f 2524/4195/2505 2527/4201/2508 2525/4196/2506
f 2528/4202/2509 2526/4200/2507 2527/4201/2508
f 2527/4201/2508 2529/4203/2510 2528/4202/2509
f 2529/4204/2510 2527/4205/2508 2530/4206/2511
f 2530/4206/2511 2527/4205/2508 2524/4207/2505
f 2488/4159/2469 2530/4206/2511 2514/4180/2495
f 2524/4207/2505 2514/4180/2495 2530/4206/2511
f 2530/4206/2511 2531/4208/2512 2529/4204/2510
f 2532/4209/2513 2530/4210/2511 2488/4134/2469
f 2536/4211/2514 2531/4212/2512 2530/4210/2511
f 2530/4210/2511 2532/4209/2513 2533/4213/2515
f 2530/4210/2511 2533/4213/2515 2534/4214/2516
f 2530/4210/2511 2534/4214/2516 2535/4215/2517
f 2535/4215/2517 2536/4211/2514 2530/4210/2511
f 2536/4216/2514 2538/4217/2518 2531/4218/2512
f 2536/4211/2514 2535/4215/2517 2537/4219/2519
f 2538/4220/2518 2536/4211/2514 2537/4219/2519
f 2531/4212/2512 2538/4220/2518 2541/4221/2520
f 2537/4219/2519 2539/4222/2521 2538/4220/2518
f 2539/4222/2521 2540/4223/2522 2538/4220/2518
f 2540/4223/2522 2541/4221/2520 2538/4220/2518
f 2541/4221/2520 2542/4224/2523 2531/4212/2512
f 2542/4224/2523 2541/4221/2520 2544/4225/2524
f 2540/4223/2522 2543/4226/2525 2541/4221/2520
f 2544/4225/2524 2541/4221/2520 2543/4226/2525
f 2546/4227/2526 2545/4228/2527 2544/4225/2524
f 2542/4224/2523 2544/4225/2524 2545/4228/2527
f 2544/4225/2524 2543/4226/2525 2546/4227/2526
f 2546/4227/2526 2547/4229/2528 2545/4228/2527
f 2547/4229/2528 2546/4227/2526 1360/4230/1356
f 1358/2210/1355 1360/2211/1356 2546/4231/2526
f 2546/4227/2526 2543/4226/2525 1358/4232/1355
f 2549/4233/2529 2547/4229/2528 2548/4234/2530
f 2548/4234/2530 2547/4229/2528 1360/4230/1356
f 2549/4233/2529 2545/4228/2527 2547/4229/2528
f 2542/4224/2523 2545/4228/2527 2549/4233/2529
f 2548/4234/2530 2550/4235/2531 2549/4233/2529
f 2542/4224/2523 2549/4233/2529 2550/4235/2531
f 2551/4236/2532 2550/4235/2531 2548/4234/2530
f 2552/4237/2533 2550/4235/2531 2551/4236/2532
f 2550/4235/2531 2552/4237/2533 2542/4224/2523
f 2553/4238/2534 2559/4239/2535 2552/4240/2533
f 2552/4240/2533 2555/4241/2536 2553/4238/2534
f 2542/4242/2523 2552/4240/2533 2554/4243/2537
f 2559/4239/2535 2554/4243/2537 2552/4240/2533
f 2557/4244/2538 2555/4245/2536 2552/4237/2533
f 2552/4237/2533 2551/4236/2532 2556/4246/2539
f 2552/4237/2533 2556/4246/2539 2558/4247/2540
f 2552/4237/2533 2558/4247/2540 2557/4244/2538
f 2560/4248/2541 2559/4249/2535 2562/4250/2542
f 2560/4248/2541 2561/4251/2543 2559/4249/2535
f 2561/4251/2543 2554/4252/2537 2559/4249/2535
f 2562/4250/2542 2559/4249/2535 2553/4253/2534
f 2563/4254/2544 2562/4250/2542 2553/4253/2534
f 2562/4250/2542 2563/4254/2544 2564/4255/2545
f 2564/4255/2545 2560/4248/2541 2562/4250/2542
f 2565/4256/2546 2566/4257/2547 2564/4258/2545
f 2564/4258/2545 2568/4259/2548 2565/4256/2546
f 2566/4257/2547 2567/4260/2549 2564/4258/2545
f 2560/4261/2541 2564/4258/2545 2567/4260/2549
f 2568/4262/2548 2564/4263/2545 2571/4264/2550
f 2563/4265/2544 2569/4266/2551 2564/4263/2545
f 2569/4266/2551 2570/4267/2552 2564/4263/2545
f 2570/4267/2552 2571/4264/2550 2564/4263/2545
f 2571/4264/2550 2570/4267/2552 2574/4268/2553
f 2572/4269/2554 2571/4264/2550 2573/4270/2555
f 2571/4264/2550 2572/4269/2554 2568/4262/2548
f 2571/4264/2550 2574/4268/2553 2573/4270/2555
f 2574/4271/2553 2553/4238/2534 2555/4241/2536
f 2569/4266/2551 2553/4272/2534 2574/4268/2553
f 2294/3823/2277 2573/4273/2555 2574/4271/2553
f 2555/4241/2536 2294/3823/2277 2574/4271/2553
f 2570/4267/2552 2569/4266/2551 2574/4268/2553
f 2575/4274/2556 2572/4269/2554 2573/4270/2555
f 2575/4274/2556 2573/4270/2555 2576/4275/2557
f 2576/4276/2557 2573/4273/2555 2294/3823/2277
f 2577/4277/2558 2579/4278/2559 2576/4275/2557
f 2577/4277/2558 2576/4275/2557 2578/4279/2560
f 2578/4280/2560 2576/4276/2557 2294/3823/2277
f 2579/4278/2559 2575/4274/2556 2576/4275/2557
f 2575/4274/2556 2579/4278/2559 2568/4262/2548
f 2579/4278/2559 2577/4277/2558 2568/4262/2548
f 2294/3823/2277 2580/4281/2561 2578/4280/2560
f 2581/4282/2562 2578/4279/2560 2580/4283/2561
f 2581/4282/2562 2577/4277/2558 2578/4279/2560
f 2577/4277/2558 2581/4282/2562 2583/4284/2563
f 2582/4285/2564 2581/4282/2562 2580/4283/2561
f 2581/4282/2562 2582/4285/2564 2583/4284/2563
f 2568/4259/2548 2583/4286/2563 2584/4287/2565
f 2585/4288/2566 2584/4287/2565 2583/4286/2563
f 2339/3906/2321 2583/4284/2563 2331/3895/2312
f 2583/4286/2563 2339/4289/2321 2585/4288/2566
f 2583/4284/2563 2568/4262/2548 2577/4277/2558
f 2582/4285/2564 2331/3895/2312 2583/4284/2563
f 2586/4290/2567 2322/4291/2304 2585/4288/2566
f 2585/4288/2566 2587/4292/2568 2586/4290/2567
f 2584/4287/2565 2585/4288/2566 2321/4293/2301
f 2322/4291/2304 2321/4293/2301 2585/4288/2566
f 2587/4292/2568 2585/4288/2566 2339/4289/2321
f 2588/4294/2569 2587/4292/2568 2339/4289/2321
f 2587/4292/2568 2588/4294/2569 2589/4295/2570
f 2589/4295/2570 2586/4290/2567 2587/4292/2568
f 2590/4296/2571 2589/4295/2570 2588/4294/2569
f 2589/4297/2570 2590/4298/2571 2591/4299/2572
f 2586/4300/2567 2589/4297/2570 2592/4301/2573
f 2589/4297/2570 2591/4299/2572 2592/4301/2573
f 2592/4301/2573 2593/4302/2574 2586/4300/2567
f 2592/4301/2573 2595/4303/2575 2593/4302/2574
f 2591/4299/2572 2594/4304/2576 2592/4301/2573
f 2595/4303/2575 2592/4301/2573 2594/4304/2576
f 2593/4302/2574 2595/4303/2575 2596/4305/2577
f 2594/4304/2576 2596/4305/2577 2595/4303/2575
f 2597/4306/2578 2599/4307/2579 2596/4305/2577
f 2596/4305/2577 2594/4304/2576 2597/4306/2578
f 2598/4308/2580 2593/4302/2574 2596/4305/2577
f 2596/4305/2577 2599/4307/2579 2598/4308/2580
f 2597/4306/2578 2601/4309/2581 2599/4307/2579
f 2599/4307/2579 2600/4310/2582 2602/4311/2583
f 2600/4310/2582 2599/4307/2579 2601/4309/2581
f 2602/4311/2583 2603/4312/2584 2599/4307/2579
f 2603/4312/2584 2604/4313/2585 2599/4307/2579
f 2604/4313/2585 2598/4308/2580 2599/4307/2579
f 2604/4314/2585 2603/4315/2584 2302/4316/2284
f 2604/4314/2585 2302/4316/2284 2301/3888/2283
f 2301/3888/2283 2329/3887/2310 2604/4314/2585
f 2605/4317/2586 2598/4308/2580 2604/4313/2585
f 2605/4317/2586 2604/4313/2585 2329/4318/2310
f 2605/4319/2586 2325/4320/2307 2598/4321/2580
f 2329/4318/2310 2324/3880/2305 2605/4317/2586
f 2324/3880/2305 2325/3881/2307 2605/4317/2586
f 2606/4322/2587 2302/4316/2284 2603/4315/2584
f 2606/4322/2587 2603/4315/2584 2607/4323/2588
f 2608/4324/2589 2607/4323/2588 2603/4315/2584
f 2608/4324/2589 2603/4315/2584 2602/4325/2583
f 2607/4326/2588 2608/4327/2589 2611/4328/2590
f 2610/4329/2591 2608/4324/2589 2609/4330/2592
f 2602/4325/2583 2609/4330/2592 2608/4324/2589
f 2612/4331/2593 2608/4327/2589 2610/4332/2591
f 2608/4327/2589 2612/4331/2593 2611/4328/2590
f 2614/4333/2594 2612/4331/2593 2613/4334/2595
f 2610/4332/2591 2613/4334/2595 2612/4331/2593
f 2611/4328/2590 2612/4331/2593 2614/4333/2594
f 2615/4335/2596 2611/4336/2590 2614/4337/2594
f 2614/4338/2594 2616/4339/2597 2615/4340/2596
f 2613/4341/2595 2617/4342/2598 2614/4343/2594
f 2616/4339/2597 2614/4338/2594 2618/4344/2599
f 2618/4344/2599 2614/4338/2594 2617/4345/2598
f 2618/4344/2599 2619/4346/2600 2350/3923/2332
f 2617/4345/2598 2619/4346/2600 2618/4344/2599
f 2618/4344/2599 2349/3919/2330 2616/4339/2597
f 2350/3923/2332 2349/3919/2330 2618/4344/2599
f 2351/3924/2333 2350/3923/2332 2619/4346/2600
f 2619/4346/2600 2620/4347/2601 2351/3924/2333
f 2620/4348/2601 2619/4349/2600 2617/4350/2598
f 2352/3926/2334 2351/4351/2333 2620/4352/2601
f 2355/4353/2336 2620/4348/2601 2359/4354/2340
f 2617/4350/2598 2359/4354/2340 2620/4348/2601
f 2620/4352/2601 2355/3928/2336 2352/3926/2334
f 2617/4342/2598 2613/4341/2595 2621/4355/2602
f 2621/4355/2602 2622/4356/2603 2617/4342/2598
f 2359/4357/2340 2617/4358/2598 2622/4359/2603
f 2622/4356/2603 2621/4355/2602 2623/4360/2604
f 2623/4360/2604 2624/4361/2605 2622/4356/2603
f 2625/4362/2606 2622/4356/2603 2624/4361/2605
f 2357/3933/2338 2622/4356/2603 2625/4362/2606
f 2622/4356/2603 2357/3933/2338 2359/3932/2340
f 2625/4362/2606 2628/4363/2607 2357/3933/2338
f 2624/4361/2605 2626/4364/2608 2625/4362/2606
f 2627/4365/2609 2625/4362/2606 2626/4364/2608
f 2625/4366/2606 2627/4367/2609 2629/4368/2610
f 2628/4369/2607 2625/4370/2606 2630/4371/2611
f 2629/4368/2610 2631/4372/2612 2625/4366/2606
f 2631/4373/2612 2630/4371/2611 2625/4370/2606
f 2630/4374/2611 2631/4375/2612 2632/4376/2613
f 2632/4376/2613 2631/4375/2612 2629/4377/2610
f 2633/4378/2614 2635/4379/2615 2632/4380/2613
f 2632/4380/2613 2634/4381/2616 2633/4378/2614
f 2634/4382/2616 2632/4383/2613 2637/4384/2617
f 2630/4374/2611 2632/4376/2613 2635/4385/2615
f 2636/4386/2618 2632/4376/2613 2629/4377/2610
f 2632/4383/2613 2636/4387/2618 2637/4384/2617
f 2637/4388/2617 2636/4389/2618 2640/4390/2619
f 2642/4391/2620 2637/4392/2617 2638/4393/2621
f 2637/4388/2617 2639/4394/2622 2638/4395/2621
f 2641/4396/2623 2639/4394/2622 2637/4388/2617
f 2640/4390/2619 2641/4396/2623 2637/4388/2617
f 2637/4384/2617 2642/4397/2620 2634/4382/2616
f 2642/4397/2620 2643/4398/2624 2644/4399/2625
f 2642/4397/2620 2645/4400/2626 2643/4398/2624
f 2642/4397/2620 2644/4399/2625 2634/4382/2616
f 2645/4401/2626 2642/4391/2620 2646/4402/2627
f 2642/4391/2620 2638/4393/2621 2646/4402/2627
f 2647/4403/2628 2645/4401/2626 2646/4402/2627
f 1494/2395/1489 2646/4402/2627 1497/2397/1491
f 2647/4403/2628 2646/4402/2627 1494/2395/1489
f 2638/4393/2621 1497/2397/1491 2646/4402/2627
f 2647/4404/2628 2650/4405/2629 2648/4406/2630
f 2647/4404/2628 2648/4406/2630 2649/4407/2631
f 2645/4401/2626 2647/4403/2628 2649/4408/2631
f 1494/2395/1489 2650/4409/2629 2647/4403/2628
f 2650/4409/2629 1494/2395/1489 1492/2394/1488
f 2651/4410/2632 2650/4409/2629 1492/2394/1488
f 2648/4406/2630 2650/4405/2629 2651/4411/2632
f 2652/4412/2633 2651/4410/2632 1492/2394/1488
f 2648/4406/2630 2651/4411/2632 2652/4413/2633
f 2654/4414/2634 2653/4415/2635 2652/4412/2633
f 2652/4413/2633 2653/4416/2635 2655/4417/821
f 2655/4417/821 2648/4406/2630 2652/4413/2633
f 2652/4412/2633 1493/2393/1487 2654/4414/2634
f 1492/2394/1488 1493/2393/1487 2652/4412/2633
f 2658/4418/2636 2129/3557/821 2655/4417/821
f 2129/3557/821 2137/3577/821 2655/4417/821
f 2655/4417/821 2137/3577/821 2659/4419/2637
f 2653/4416/2635 2656/4420/2638 2655/4417/821
f 2657/4421/821 2655/4417/821 2656/4420/2638
f 2655/4417/821 2657/4421/821 2658/4418/2636
f 2660/4422/2639 2648/4406/2630 2655/4417/821
f 2659/4419/2637 2660/4422/2639 2655/4417/821
f 2662/4423/2640 2661/4424/2641 2660/4425/2639
f 2648/4406/2630 2660/4422/2639 2661/4426/2641
f 2663/4427/2642 2660/4428/2639 2659/4429/2637
f 2660/4425/2639 2663/4430/2642 2662/4423/2640
f 2664/4431/2643 2665/4432/2644 2663/4427/2642
f 2663/4427/2642 2659/4429/2637 2664/4431/2643
f 2666/4433/2645 2662/4434/2640 2663/4435/2642
f 2666/4433/2645 2663/4435/2642 2665/4436/2644
f 2666/4433/2645 2665/4436/2644 2667/4437/2646
f 2666/4433/2645 2667/4437/2646 2668/4438/2647
f 2666/4433/2645 2668/4438/2647 2662/4434/2640
f 2661/4424/2641 2662/4423/2640 2668/4439/2647
f 2668/4439/2647 2669/4440/2648 2661/4424/2641
f 2669/4441/2648 2668/4442/2647 2667/4443/2646
f 2669/4444/2648 2147/3592/2129 2670/4445/2649
f 2661/4426/2641 2669/4444/2648 2670/4445/2649
f 2667/4443/2646 2671/4446/2650 2669/4441/2648
f 2147/3592/2129 2669/4444/2648 2671/4447/2650
f 2137/3577/821 2147/3592/2129 2671/4447/2650
f 2671/4447/2650 2664/4448/2643 2137/3577/821
f 2671/4446/2650 2667/4443/2646 2665/4449/2644
f 2665/4449/2644 2664/4450/2643 2671/4446/2650
f 2670/4445/2649 2648/4406/2630 2661/4426/2641
f 2672/4451/2651 2670/4452/2649 2147/4453/2129
f 2673/4454/2652 2670/4452/2649 2672/4451/2651
f 2648/4455/2630 2670/4452/2649 2673/4454/2652
f 2674/4456/2653 2673/4457/2652 2676/4458/2654
f 2673/4454/2652 2674/4459/2653 2648/4455/2630
f 2675/4460/2655 2673/4454/2652 2672/4451/2651
f 2676/4458/2654 2673/4457/2652 2675/4461/2655
f 2676/4458/2654 2677/4462/2656 2674/4456/2653
f 2677/4462/2656 2676/4458/2654 2679/4463/2657
f 2675/4461/2655 2678/4464/2658 2676/4458/2654
f 2676/4458/2654 2678/4464/2658 2680/4465/2659
f 2680/4465/2659 2679/4463/2657 2676/4458/2654
f 2683/4466/2660 2679/4463/2657 2680/4465/2659
f 2680/4467/2659 2681/4468/2661 2682/4469/2662
f 2678/4470/2658 2681/4468/2661 2680/4467/2659
f 2680/4467/2659 2682/4469/2662 2683/4471/2660
f 2683/4471/2660 2684/4472/2663 2687/4473/2664
f 2684/4472/2663 2683/4471/2660 2682/4469/2662
f 2685/4474/2665 2683/4471/2660 2687/4473/2664
f 2683/4466/2660 2685/4475/2665 2686/4476/2666
f 2683/4466/2660 2686/4476/2666 2679/4463/2657
f 2685/4474/2665 2687/4473/2664 2690/4477/2667
f 2689/4478/2668 2687/4473/2664 2688/4479/2669
f 2691/4480/2670 2688/4479/2669 2687/4473/2664
f 2689/4478/2668 2690/4477/2667 2687/4473/2664
f 2687/4473/2664 2684/4472/2663 2691/4480/2670
f 2597/4306/2578 2691/4480/2670 2692/4481/2671
f 2691/4480/2670 2597/4306/2578 2594/4304/2576
f 2691/4480/2670 2684/4472/2663 2692/4481/2671
f 2591/4299/2572 2688/4479/2669 2691/4480/2670
f 2691/4480/2670 2594/4304/2576 2591/4299/2572
f 2597/4306/2578 2692/4481/2671 2693/4482/2672
f 2684/4472/2663 2682/4469/2662 2692/4481/2671
f 2682/4469/2662 2693/4482/2672 2692/4481/2671
f 2693/4482/2672 2682/4469/2662 2694/4483/2673
f 2696/4484/2674 2693/4482/2672 2694/4483/2673
f 2597/4306/2578 2693/4482/2672 2695/4485/2675
f 2693/4482/2672 2696/4484/2674 2695/4485/2675
f 2696/4484/2674 2694/4483/2673 2697/4486/2676
f 2697/4486/2676 2151/3597/2132 2696/4484/2674
f 2696/4484/2674 2698/4487/2677 2695/4485/2675
f 2696/4484/2674 2152/3598/2133 2698/4487/2677
f 2151/3597/2132 2152/3598/2133 2696/4484/2674
f 2600/4310/2582 2698/4487/2677 2699/4488/2678
f 2601/4309/2581 2698/4487/2677 2600/4310/2582
f 2698/4487/2677 2601/4309/2581 2695/4485/2675
f 2698/4487/2677 2152/3598/2133 2248/3751/2229
f 2700/4489/2679 2699/4488/2678 2698/4487/2677
f 2248/3751/2229 2700/4489/2679 2698/4487/2677
f 2700/4489/2679 2248/3751/2229 2249/3752/2230
f 2249/3752/2230 2701/4490/2680 2700/4489/2679
f 2702/4491/2681 2700/4489/2679 2701/4490/2680
f 2702/4491/2681 2699/4488/2678 2700/4489/2679
f 2703/4492/2682 2704/4493/2683 2702/4494/2681
f 2702/4494/2681 2705/4495/2684 2703/4492/2682
f 2706/4496/2685 2702/4494/2681 2704/4493/2683
f 2705/4497/2684 2702/4491/2681 2701/4490/2680
f 2699/4488/2678 2702/4491/2681 2706/4498/2685
f 2609/4330/2592 2706/4499/2685 2610/4329/2591
f 2699/4488/2678 2706/4498/2685 2609/4500/2592
f 2707/4501/2686 2706/4496/2685 2704/4493/2683
f 2707/4502/2686 2610/4329/2591 2706/4499/2685
f 2621/4355/2602 2707/4501/2686 2708/4503/2687
f 2704/4493/2683 2708/4503/2687 2707/4501/2686
f 2613/4334/2595 2610/4332/2591 2707/4504/2686
f 2707/4501/2686 2621/4355/2602 2613/4341/2595
f 2708/4503/2687 2710/4505/2688 2621/4355/2602
f 2708/4506/2687 2709/4507/2689 2711/4508/2690
f 2708/4506/2687 2704/4509/2683 2709/4507/2689
f 2711/4508/2690 2710/4510/2688 2708/4506/2687
f 2711/4508/2690 2709/4507/2689 2714/4511/2691
f 2713/4512/2692 2711/4508/2690 2712/4513/2693
f 2712/4513/2693 2711/4508/2690 2715/4514/2694
f 2711/4508/2690 2713/4512/2692 2623/4515/2604
f 2623/4515/2604 2710/4510/2688 2711/4508/2690
f 2711/4508/2690 2714/4511/2691 2715/4514/2694
f 2712/4516/2693 2715/4517/2694 2716/4518/2695
f 2718/4519/2696 2716/4518/2695 2715/4517/2694
f 2717/4520/2697 2715/4517/2694 2714/4521/2691
f 2717/4520/2697 2718/4519/2696 2715/4517/2694
f 2719/4522/2698 2721/4523/2699 2718/4524/2696
f 2720/4525/2700 2719/4522/2698 2718/4524/2696
f 2718/4524/2696 2717/4526/2697 2720/4525/2700
f 2721/4527/2699 2723/4528/2701 2718/4529/2696
f 2716/4518/2695 2718/4519/2696 2722/4530/2702
f 2722/4531/2702 2718/4529/2696 2723/4528/2701
f 2721/4532/2699 2724/4533/2703 2723/4534/2701
f 2725/4535/2704 2723/4528/2701 2724/4536/2703
f 2723/4528/2701 2725/4535/2704 2722/4531/2702
f 2724/4536/2703 2641/4396/2623 2725/4535/2704
f 2726/4537/2705 2725/4535/2704 2641/4396/2623
f 2725/4538/2704 2726/4539/2705 2722/4540/2702
f 2727/4541/2706 2726/4537/2705 2640/4390/2619
f 2641/4396/2623 2640/4390/2619 2726/4537/2705
f 2726/4537/2705 2727/4541/2706 2728/4542/2707
f 2728/4542/2707 2722/4531/2702 2726/4537/2705
f 2728/4543/2707 2439/4062/2420 2729/4544/2708
f 2728/4543/2707 2731/4545/2709 2439/4062/2420
f 2722/4530/2702 2728/4543/2707 2729/4544/2708
f 2731/4546/2709 2728/4542/2707 2730/4547/2710
f 2727/4541/2706 2730/4547/2710 2728/4542/2707
f 2443/4548/2424 2731/4546/2709 2732/4549/2711
f 2733/4550/2712 2732/4549/2711 2731/4546/2709
f 2730/4547/2710 2733/4550/2712 2731/4546/2709
f 2731/4545/2709 2443/4069/2424 2439/4062/2420
f 2636/4389/2618 2733/4550/2712 2640/4390/2619
f 2636/4389/2618 2734/4551/2713 2733/4550/2712
f 2640/4390/2619 2733/4550/2712 2730/4547/2710
f 2732/4549/2711 2733/4550/2712 2734/4551/2713
f 2734/4551/2713 2636/4389/2618 2736/4552/2714
f 2734/4551/2713 2735/4553/2715 2732/4549/2711
f 2736/4552/2714 2735/4553/2715 2734/4551/2713
f 2735/4553/2715 2736/4552/2714 2737/4554/2716
f 2737/4555/2716 2736/4556/2714 2738/4557/2717
f 2738/4558/2717 2736/4559/2714 2740/4560/2718
f 2741/4561/2719 2739/4562/2720 2736/4559/2714
f 2739/4562/2720 2740/4560/2718 2736/4559/2714
f 2736/4559/2714 2636/4386/2618 2741/4561/2719
f 2629/4377/2610 2741/4561/2719 2636/4386/2618
f 2741/4561/2719 2629/4377/2610 2750/4563/2721
f 2741/4561/2719 2751/4564/2722 2742/4565/2723
f 2742/4565/2723 2743/4566/2724 2741/4561/2719
f 2741/4561/2719 2743/4566/2724 2748/4567/2725
f 2741/4561/2719 2744/4568/2726 2745/4569/2727
f 2741/4561/2719 2749/4570/2728 2744/4568/2726
f 2746/4571/2729 2741/4561/2719 2745/4569/2727
f 2746/4571/2729 2747/4572/2730 2741/4561/2719
f 2747/4572/2730 2739/4562/2720 2741/4561/2719
f 2749/4570/2728 2741/4561/2719 2748/4567/2725
f 2750/4563/2721 2751/4564/2722 2741/4561/2719
f 2755/4573/2731 2751/4574/2722 2752/4575/2732
f 2753/4576/2733 2752/4575/2732 2751/4574/2722
f 2751/4564/2722 2750/4563/2721 2753/4577/2733
f 2751/4564/2722 2755/4578/2731 2635/4385/2615
f 2754/4579/2734 2751/4564/2722 2635/4385/2615
f 2754/4579/2734 2742/4565/2723 2751/4564/2722
f 2752/4575/2732 2628/4580/2607 2755/4573/2731
f 2755/4578/2731 2630/4374/2611 2635/4385/2615
f 2630/4371/2611 2755/4581/2731 2628/4369/2607
f 2635/4385/2615 2757/4582/2735 2754/4579/2734
f 2756/4583/2736 2758/4584/2737 2754/4585/2734
f 2754/4585/2734 2757/4586/2735 2756/4583/2736
f 2742/4587/2723 2754/4585/2734 2758/4584/2737
f 2758/4588/2737 2753/4589/2733 2761/4590/2738
f 2758/4588/2737 2756/4591/2736 2753/4589/2733
f 2758/4592/2737 2759/4593/2739 2742/4594/2723
f 2759/4595/2739 2758/4588/2737 2760/4596/2740
f 2758/4588/2737 2761/4590/2738 2760/4596/2740
f 2761/4597/2738 2753/4577/2733 2750/4563/2721
f 2760/4596/2740 2761/4590/2738 2627/4365/2609
f 2627/4367/2609 2761/4598/2738 2629/4368/2610
f 2750/4563/2721 2629/4377/2610 2761/4597/2738
f 2626/4364/2608 2760/4596/2740 2627/4365/2609
f 2760/4599/2740 2626/4600/2608 2764/4601/2741
f 2763/4602/2742 2760/4599/2740 2762/4603/2743
f 2764/4601/2741 2762/4603/2743 2760/4599/2740
f 2760/4596/2740 2763/4604/2742 2759/4595/2739
f 2765/4605/2744 2764/4601/2741 2626/4600/2608
f 2764/4601/2741 2765/4605/2744 2766/4606/2745
f 2767/4607/2746 2764/4601/2741 2766/4606/2745
f 2762/4603/2743 2764/4601/2741 2767/4607/2746
f 2768/4608/2747 2769/4609/2748 2767/4607/2746
f 2766/4610/2745 2768/4611/2747 2767/4612/2746
f 2767/4607/2746 2769/4609/2748 2770/4613/2749
f 2767/4607/2746 2770/4613/2749 2762/4603/2743
f 2770/4613/2749 2769/4609/2748 2763/4602/2742
f 2762/4603/2743 2770/4613/2749 2763/4602/2742
f 2768/4608/2747 2772/4614/2750 2769/4609/2748
f 2771/4615/2751 2763/4602/2742 2769/4609/2748
f 2769/4609/2748 2772/4614/2750 2771/4615/2751
f 2772/4614/2750 2768/4608/2747 2439/4616/2420
f 2441/4617/2422 2772/4614/2750 2439/4616/2420
f 2773/4618/2752 2772/4614/2750 2441/4617/2422
f 2772/4614/2750 2773/4618/2752 2771/4615/2751
f 2441/4617/2422 2774/4619/2753 2773/4618/2752
f 2774/4619/2753 2771/4615/2751 2773/4618/2752
f 2440/4066/2423 2774/4619/2753 2441/4617/2422
f 2440/4066/2423 2436/4056/2416 2774/4619/2753
f 2774/4619/2753 2436/4056/2416 2433/4055/2414
f 2771/4620/2751 2774/4621/2753 2775/4622/2754
f 2774/4621/2753 2433/4052/2414 2776/4623/2755
f 2776/4623/2755 2775/4622/2754 2774/4621/2753
f 2435/4053/2415 2776/4623/2755 2433/4052/2414
f 2776/4624/2755 2435/4625/2415 2777/4626/2756
f 2775/4627/2754 2776/4624/2755 2740/4628/2718
f 2777/4626/2756 2740/4628/2718 2776/4624/2755
f 2778/4629/2757 2777/4630/2756 2435/4631/2415
f 2738/4558/2717 2777/4630/2756 2778/4629/2757
f 2740/4560/2718 2777/4630/2756 2738/4558/2717
f 2780/4632/2758 2778/4633/2757 2779/4634/2759
f 2435/4631/2415 2779/4635/2759 2778/4629/2757
f 2781/4636/2760 2778/4629/2757 2780/4637/2758
f 2778/4629/2757 2781/4636/2760 2738/4558/2717
f 2782/4638/2761 2781/4639/2760 2789/4640/2762
f 2783/4641/2763 2781/4639/2760 2782/4638/2761
f 2781/4636/2760 2783/4642/2763 2738/4558/2717
f 2749/4570/2728 2781/4636/2760 2785/4643/2764
f 2781/4639/2760 2749/4644/2728 2788/4645/2765
f 2788/4645/2765 2784/4646/2766 2781/4639/2760
f 2784/4646/2766 2789/4640/2762 2781/4639/2760
f 2785/4643/2764 2781/4636/2760 2786/4647/2767
f 2781/4636/2760 2787/4648/2768 2786/4647/2767
f 2787/4648/2768 2781/4636/2760 2780/4637/2758
f 2790/4649/2769 2789/4640/2762 2791/4650/2770
f 2789/4640/2762 2790/4649/2769 2782/4638/2761
f 2792/4651/2771 2789/4640/2762 2784/4646/2766
f 2792/4651/2771 2791/4650/2770 2789/4640/2762
f 2784/4646/2766 2793/4652/2772 2792/4651/2771
f 2793/4652/2772 2794/4653/2773 2792/4651/2771
f 2794/4653/2773 2796/4654/2774 2792/4651/2771
f 2792/4651/2771 2795/4655/2775 2791/4650/2770
f 2792/4651/2771 2796/4654/2774 2795/4655/2775
f 2796/4654/2774 2798/4656/2776 2797/4657/2777
f 2796/4654/2774 2797/4657/2777 2799/4658/2778
f 2801/4659/2779 2798/4656/2776 2796/4654/2774
f 2799/4658/2778 2800/4660/2780 2796/4654/2774
f 2795/4655/2775 2796/4654/2774 2800/4660/2780
f 2794/4653/2773 2801/4659/2779 2796/4654/2774
f 2798/4656/2776 2801/4659/2779 2802/4661/2781
f 2803/4662/2782 2802/4661/2781 2801/4659/2779
f 2801/4659/2779 2794/4653/2773 2803/4662/2782
f 2788/4663/2765 2804/4664/2783 2803/4665/2782
f 2803/4662/2782 2804/4666/2783 2805/4667/2784
f 2788/4663/2765 2803/4665/2782 2793/4668/2772
f 2802/4661/2781 2803/4662/2782 2805/4667/2784
f 2794/4653/2773 2793/4652/2772 2803/4662/2782
f 2806/4669/2785 2805/4667/2784 2807/4670/2786
f 2805/4667/2784 2806/4669/2785 2802/4661/2781
f 2807/4670/2786 2805/4667/2784 2804/4666/2783
f 2635/4671/2615 2633/4672/2614 2807/4670/2786
f 2648/4406/2630 2807/4670/2786 2633/4672/2614
f 2635/4671/2615 2807/4670/2786 2804/4666/2783
f 2677/4462/2656 2807/4670/2786 2674/4456/2653
f 2807/4670/2786 2677/4462/2656 2808/4673/2787
f 2807/4670/2786 2808/4673/2787 2806/4669/2785
f 2674/4674/2653 2807/4675/2786 2648/4676/2630
f 2677/4462/2656 2809/4677/2788 2808/4673/2787
f 2811/4678/2789 2808/4673/2787 2809/4677/2788
f 2810/4679/2790 2806/4669/2785 2808/4673/2787
f 2808/4673/2787 2811/4678/2789 2810/4679/2790
f 2813/4680/2791 2812/4681/2792 2811/4678/2789
f 2810/4679/2790 2811/4678/2789 2812/4681/2792
f 2809/4677/2788 2813/4680/2791 2811/4678/2789
f 2816/4682/2793 2812/4681/2792 2813/4680/2791
f 2814/4683/2794 2813/4680/2791 2815/4684/2795
f 2813/4680/2791 2814/4683/2794 2816/4682/2793
f 2809/4677/2788 2815/4684/2795 2813/4680/2791
f 2797/4657/2777 2816/4682/2793 2814/4683/2794
f 2816/4682/2793 2797/4657/2777 2798/4656/2776
f 2812/4681/2792 2816/4682/2793 2798/4656/2776
f 2815/4684/2795 2817/4685/2796 2818/4686/2797
f 2819/4687/2798 2817/4685/2796 2815/4684/2795
f 2820/4688/2799 2815/4684/2795 2818/4686/2797
f 2815/4684/2795 2820/4688/2799 2814/4683/2794
f 2815/4684/2795 2809/4677/2788 2819/4687/2798
f 2822/4689/2800 2814/4683/2794 2820/4688/2799
f 2821/4690/2801 2820/4688/2799 2823/4691/2802
f 2820/4688/2799 2821/4690/2801 2822/4689/2800
f 2820/4688/2799 2818/4686/2797 2823/4691/2802
f 2825/4692/2803 2823/4691/2802 2818/4686/2797
f 2824/4693/2804 2823/4691/2802 2827/4694/2805
f 2824/4693/2804 2821/4690/2801 2823/4691/2802
f 2825/4692/2803 2826/4695/2806 2823/4691/2802
f 2826/4695/2806 2827/4694/2805 2823/4691/2802
f 2827/4696/2805 2826/4697/2806 2830/4698/2807
f 2828/4699/2808 2827/4694/2805 2829/4700/2809
f 2827/4694/2805 2828/4699/2808 2824/4693/2804
f 2830/4698/2807 2829/4701/2809 2827/4696/2805
f 2826/4697/2806 2825/4702/2803 2830/4698/2807
f 2829/4701/2809 2830/4698/2807 2832/4703/2810
f 2830/4698/2807 2831/4704/2811 2833/4705/2812
f 2831/4704/2811 2830/4698/2807 2825/4702/2803
f 2833/4705/2812 2832/4703/2810 2830/4698/2807
f 2833/4706/2812 2834/4707/2813 2835/4708/2814
f 2834/4709/2813 2833/4705/2812 2831/4704/2811
f 2835/4708/2814 2836/4710/2815 2833/4706/2812
f 2836/4711/2815 2837/4712/2816 2833/4713/2812
f 2832/4714/2810 2833/4706/2812 2837/4715/2816
f 2837/4715/2816 2836/4710/2815 2839/4716/2817
f 2838/4717/2818 2837/4715/2816 2839/4716/2817
f 2837/4715/2816 2838/4717/2818 2832/4714/2810
f 2841/4718/2819 2839/4716/2817 2836/4710/2815
f 2839/4716/2817 2840/4719/2820 2838/4717/2818
f 2840/4720/2820 2839/4721/2817 2368/3959/2349
f 2839/4721/2817 2841/4722/2819 2348/3916/2329
f 2348/3916/2329 2368/3959/2349 2839/4721/2817
f 2836/4710/2815 2835/4708/2814 2841/4718/2819
f 2347/4723/2328 2841/4718/2819 2842/4724/2821
f 2835/4708/2814 2842/4724/2821 2841/4718/2819
f 2841/4722/2819 2347/3915/2328 2348/3916/2329
f 2842/4724/2821 2835/4708/2814 2834/4707/2813
f 2843/4725/2822 2842/4724/2821 2834/4707/2813
f 2842/4724/2821 2843/4725/2822 2347/4723/2328
f 2844/4726/2823 2843/4725/2822 2834/4707/2813
f 2843/4725/2822 2844/4726/2823 2347/4723/2328
f 2845/4727/2824 2844/4726/2823 2834/4707/2813
f 2844/4726/2823 2845/4727/2824 2343/4728/2326
f 2343/4728/2326 2347/4723/2328 2844/4726/2823
f 2834/4707/2813 2846/4729/2825 2845/4727/2824
f 2344/4730/2324 2845/4731/2824 2846/4732/2825
f 2845/4733/2824 2344/3909/2324 2343/3913/2326
f 2846/4734/2825 2834/4709/2813 2847/4735/2826
f 2846/4736/2825 2338/3905/2320 2344/3909/2324
f 2338/4737/2320 2846/4734/2825 2848/4738/2827
f 2846/4734/2825 2847/4735/2826 2848/4738/2827
f 2588/4294/2569 2848/4738/2827 2689/4739/2668
f 2690/4740/2667 2689/4739/2668 2848/4738/2827
f 2848/4738/2827 2847/4735/2826 2690/4740/2667
f 2848/4738/2827 2588/4294/2569 2338/4737/2320
f 2849/4741/2828 2690/4740/2667 2847/4735/2826
f 2847/4735/2826 2850/4742/2829 2849/4741/2828
f 2850/4742/2829 2847/4735/2826 2834/4709/2813
f 2851/4743/2830 2849/4741/2828 2850/4742/2829
f 2831/4704/2811 2850/4742/2829 2834/4709/2813
f 2850/4742/2829 2831/4704/2811 2851/4743/2830
f 2852/4744/2831 2853/4745/2832 2851/4746/2830
f 2851/4746/2830 2854/4747/2833 2852/4744/2831
f 2849/4748/2828 2851/4746/2830 2853/4745/2832
f 2854/4749/2833 2851/4743/2830 2831/4704/2811
f 2855/4750/2834 2852/4744/2831 2854/4747/2833
f 2854/4747/2833 2825/4692/2803 2855/4750/2834
f 2825/4702/2803 2854/4749/2833 2831/4704/2811
f 2852/4744/2831 2855/4750/2834 2817/4685/2796
f 2818/4686/2797 2817/4685/2796 2855/4750/2834
f 2818/4686/2797 2855/4750/2834 2825/4692/2803
f 2853/4745/2832 2852/4744/2831 2817/4685/2796
f 2817/4685/2796 2686/4476/2666 2853/4745/2832
f 2853/4745/2832 2686/4476/2666 2685/4475/2665
f 2849/4748/2828 2853/4745/2832 2685/4475/2665
f 2690/4751/2667 2849/4748/2828 2685/4475/2665
f 2856/4752/2835 2838/4717/2818 2840/4719/2820
f 2857/4753/2836 2856/4752/2835 2840/4719/2820
f 2840/4719/2820 2377/4754/2358 2857/4753/2836
f 2377/3957/2358 2840/4720/2820 2368/3959/2349
f 2856/4752/2835 2857/4753/2836 2832/4714/2810
f 2858/4755/2837 2857/4753/2836 2377/4754/2358
f 2857/4753/2836 2858/4755/2837 2832/4714/2810
f 2859/4756/2838 2858/4755/2837 2377/4754/2358
f 2858/4755/2837 2859/4756/2838 1223/2025/1218
f 1223/2025/1218 2832/4714/2810 2858/4755/2837
f 2860/4757/2839 2859/4756/2838 2376/4758/2357
f 2859/4756/2838 2860/4757/2839 1223/2025/1218
f 2377/4754/2358 2376/4758/2357 2859/4756/2838
f 2861/4759/2840 2860/4757/2839 2376/4758/2357
f 2860/4757/2839 2861/4759/2840 1223/2025/1218
f 1224/2026/1220 2861/4759/2840 2862/4760/2841
f 2861/4759/2840 1224/2026/1220 1223/2025/1218
f 2376/4758/2357 2862/4760/2841 2861/4759/2840
f 1232/2035/1227 1231/2034/1226 2862/4761/2841
f 2862/4760/2841 1231/2032/1226 1225/2027/1221
f 2862/4761/2841 2376/3956/2357 1232/2035/1227
f 1225/2027/1221 1224/2026/1220 2862/4760/2841
f 2838/4717/2818 2856/4752/2835 2832/4714/2810
f 2832/4703/2810 1223/2021/1218 2829/4701/2809
f 2863/4762/2842 2829/4701/2809 1223/2021/1218
f 2829/4701/2809 2863/4762/2842 2828/4763/2808
f 1221/2019/1216 2863/4762/2842 1223/2021/1218
f 2863/4762/2842 1221/2019/1216 2864/4764/2843
f 2865/4765/2844 2828/4699/2808 2863/4766/2842
f 2864/4764/2843 2865/4767/2844 2863/4762/2842
f 2828/4699/2808 2865/4765/2844 2866/4768/2845
f 2865/4765/2844 2864/4769/2843 2867/4770/2846
f 2867/4770/2846 2866/4768/2845 2865/4765/2844
f 2869/4771/2847 2868/4772/2848 2867/4770/2846
f 2866/4768/2845 2867/4770/2846 2868/4772/2848
f 2869/4771/2847 2867/4770/2846 2864/4769/2843
f 2871/4773/2849 2869/4771/2847 2864/4769/2843
f 2869/4771/2847 2870/4774/2850 2868/4772/2848
f 2870/4774/2850 2869/4771/2847 2872/4775/2851
f 2871/4773/2849 2872/4775/2851 2869/4771/2847
f 2872/4775/2851 2873/4776/2852 2870/4774/2850
f 2873/4776/2852 2872/4775/2851 2874/4777/2853
f 2874/4777/2853 2872/4775/2851 2875/4778/2854
f 1218/2016/1214 2875/4778/2854 2872/4775/2851
f 2871/4773/2849 1218/2016/1214 2872/4775/2851
f 2874/4777/2853 2875/4778/2854 2876/4779/2855
f 2876/4779/2855 2875/4778/2854 2877/4780/2856
f 2875/4778/2854 1218/2016/1214 1216/2013/1212
f 1216/2013/1212 2878/4781/2857 2875/4778/2854
f 2877/4780/2856 2875/4778/2854 2878/4781/2857
f 2879/4782/2858 2877/4783/2856 2878/4784/2857
f 2879/4782/2858 2878/4784/2857 1214/2007/1209
f 2878/4781/2857 1216/2013/1212 1214/2014/1209
f 2881/4785/2859 2877/4783/2856 2879/4782/2858
f 2879/4782/2858 1213/2006/1208 2880/4786/2860
f 2880/4786/2860 1188/1973/1183 2879/4782/2858
f 2879/4782/2858 1188/1973/1183 2881/4785/2859
f 1213/2006/1208 2879/4782/2858 1214/2007/1209
f 2881/4785/2859 2882/4787/2861 2877/4783/2856
f 1178/1964/1174 2882/4787/2861 2881/4785/2859
f 2881/4785/2859 1182/1968/1178 1178/1964/1174
f 2881/4785/2859 1188/1973/1183 1182/1968/1178
f 2882/4787/2861 2883/4788/2862 2877/4783/2856
f 2884/4789/2863 2883/4788/2862 2882/4787/2861
f 2882/4787/2861 1178/1964/1174 2884/4789/2863
f 2883/4790/2862 2884/4791/2863 2885/4792/2864
f 2885/4793/2864 2884/4794/2863 2886/4795/2865
f 2887/4796/2866 2886/4797/2865 2884/4789/2863
f 2887/4796/2866 2884/4789/2863 1175/1960/1170
f 2884/4789/2863 1178/1964/1174 1175/1960/1170
f 1175/1960/1170 2888/4798/2867 2887/4796/2866
f 2887/4796/2866 2888/4798/2867 2889/4799/2868
f 2889/4799/2868 2890/4800/2869 2887/4796/2866
f 2890/4801/2869 2886/4795/2865 2887/4802/2866
f 2890/4801/2869 2891/4803/2870 2886/4795/2865
f 2891/4804/2870 2890/4805/2869 2892/4806/2871
f 2890/4805/2869 2893/4807/2872 2892/4806/2871
f 1129/1904/821 2890/4805/2869 2895/4808/2873
f 2890/4805/2869 1129/1904/821 2893/4807/2872
f 2890/4805/2869 2889/4809/2868 2894/4810/2874
f 2894/4810/2874 2895/4808/2873 2890/4805/2869
f 2895/4808/2873 1134/1909/1129 1129/1904/821
f 2895/4811/2873 2894/4812/2874 1174/1959/1169
f 1134/1911/1129 2895/4811/2873 1137/1912/1130
f 1174/1959/1169 1137/1912/1130 2895/4811/2873
f 2894/4812/2874 2889/4799/2868 2888/4798/2867
f 2894/4812/2874 2888/4798/2867 1174/1959/1169
f 1129/1904/821 2896/4813/2875 2893/4807/2872
f 2892/4814/2871 2893/4815/2872 2897/4816/2876
f 2893/4817/2872 2896/4818/2875 2897/4819/2876
f 2897/4820/2876 2898/4821/2877 2900/4822/2878
f 2898/4823/2877 2897/4819/2876 2896/4818/2875
f 2900/4822/2878 2899/4824/2879 2897/4820/2876
f 2892/4814/2871 2897/4816/2876 2899/4825/2879
f 2898/4821/2877 2902/4826/2880 2900/4822/2878
f 2901/4827/2881 2899/4824/2879 2900/4822/2878
f 2902/4826/2880 2901/4827/2881 2900/4822/2878
f 2902/4828/2880 2898/4829/2877 2904/4830/2882
f 2904/4830/2882 2903/4831/2883 2902/4828/2880
f 2901/4832/2881 2902/4828/2880 2903/4831/2883
f 2904/4833/2882 2906/4834/2884 2782/4638/2761
f 2782/4638/2761 2903/4835/2883 2904/4833/2882
f 2896/4818/2875 2904/4836/2882 2898/4823/2877
f 2904/4833/2882 2896/4813/2875 2905/4837/2885
f 2904/4833/2882 2905/4837/2885 2906/4834/2884
f 2906/4838/2884 2905/4839/2885 2908/4840/2886
f 2906/4834/2884 2783/4641/2763 2782/4638/2761
f 2908/4840/2886 2907/4841/2887 2906/4838/2884
f 2783/4642/2763 2906/4838/2884 2907/4841/2887
f 2909/4842/2888 2908/4840/2886 2905/4839/2885
f 2910/4843/2889 2908/4844/2886 2909/4845/2888
f 2910/4843/2889 2907/4846/2887 2908/4844/2886
f 2909/4845/2888 2911/4847/2890 2910/4843/2889
f 2910/4848/2889 2911/4849/2890 2912/4850/2891
f 2910/4843/2889 2737/4555/2716 2738/4557/2717
f 2910/4843/2889 2738/4557/2717 2907/4846/2887
f 2910/4848/2889 2912/4850/2891 2913/4851/2892
f 2737/4852/2716 2910/4848/2889 2913/4851/2892
f 2916/4853/2893 2914/4854/2894 2913/4855/2892
f 2913/4851/2892 2914/4856/2894 2737/4852/2716
f 2913/4851/2892 2912/4850/2891 2915/4857/2895
f 2913/4851/2892 2915/4857/2895 2916/4858/2893
f 2914/4856/2894 2916/4858/2893 2919/4859/2896
f 2915/4857/2895 2917/4860/2897 2916/4858/2893
f 2916/4858/2893 2917/4860/2897 2918/4861/2898
f 2916/4862/2893 2918/4863/2898 2919/4864/2896
f 2735/4553/2715 2919/4864/2896 2921/4865/2899
f 2737/4554/2716 2919/4864/2896 2735/4553/2715
f 2919/4864/2896 2918/4863/2898 2920/4866/2900
f 2920/4866/2900 2921/4865/2899 2919/4864/2896
f 2914/4856/2894 2919/4859/2896 2737/4852/2716
f 2921/4867/2899 2920/4868/2900 2443/4869/2424
f 2921/4865/2899 2732/4549/2711 2735/4553/2715
f 2732/4549/2711 2921/4865/2899 2443/4548/2424
f 2444/4870/2425 2443/4871/2424 2920/4872/2900
f 2920/4872/2900 2918/4861/2898 2444/4870/2425
f 2922/4873/2901 2918/4861/2898 2917/4860/2897
f 2918/4861/2898 2922/4873/2901 2444/4870/2425
f 2922/4873/2901 2923/4874/2902 2447/4875/2427
f 2917/4860/2897 2923/4874/2902 2922/4873/2901
f 2447/4875/2427 2444/4870/2425 2922/4873/2901
f 2923/4874/2902 2924/4876/2903 2925/4877/2904
f 2924/4876/2903 2923/4874/2902 2915/4857/2895
f 2923/4874/2902 2917/4860/2897 2915/4857/2895
f 2923/4874/2902 2925/4877/2904 2447/4875/2427
f 2924/4876/2903 2926/4878/2905 2925/4877/2904
f 2925/4879/2904 2926/4880/2905 2927/4881/2906
f 2927/4882/2906 2447/4875/2427 2925/4877/2904
f 2447/4073/2427 2927/4883/2906 2446/4074/2428
f 2927/4883/2906 2454/4087/2435 2446/4074/2428
f 2454/4884/2435 2927/4885/2906 2928/4886/2907
f 2926/4880/2905 2928/4887/2907 2927/4881/2906
f 2931/4888/2908 2928/4889/2907 2929/4890/2909
f 2930/4891/2910 2929/4890/2909 2928/4889/2907
f 2928/4889/2907 2926/4878/2905 2930/4891/2910
f 2928/4892/2907 2931/4893/2908 2454/4894/2435
f 2929/4890/2909 2932/4895/2911 2931/4888/2908
f 2933/4896/2912 2931/4888/2908 2932/4895/2911
f 2931/4888/2908 2933/4896/2912 2455/4897/2436
f 2455/4897/2436 2454/4898/2435 2931/4888/2908
f 2935/4899/2913 2933/4896/2912 2934/4900/2914
f 2932/4895/2911 2934/4900/2914 2933/4896/2912
f 2933/4901/2912 2935/4902/2913 2455/4903/2436
f 2936/4904/2915 2935/4899/2913 1399/2272/1394
f 2934/4900/2914 1399/2272/1394 2935/4899/2913
f 2935/4899/2913 2936/4904/2915 2455/4897/2436
f 1399/2272/1394 1397/2271/1392 2936/4904/2915
f 2936/4905/2915 1395/2266/1390 1389/2261/1385
f 1395/2266/1390 2936/4905/2915 1397/2268/1392
f 1389/2261/1385 2455/4906/2436 2936/4905/2915
f 1399/2272/1394 2934/4900/2914 2937/4907/2916
f 2932/4895/2911 2937/4907/2916 2934/4900/2914
f 2938/4908/2917 1400/2273/1395 2937/4907/2916
f 2938/4908/2917 2937/4907/2916 2939/4909/2918
f 1400/2273/1395 1399/2272/1394 2937/4907/2916
f 2932/4895/2911 2939/4909/2918 2937/4907/2916
f 2939/4909/2918 2930/4891/2910 2940/4910/2919
f 2939/4909/2918 2940/4910/2919 2941/4911/2920
f 2941/4911/2920 2942/4912/2921 2939/4909/2918
f 2938/4908/2917 2939/4909/2918 2942/4912/2921
f 2939/4909/2918 2932/4895/2911 2929/4890/2909
f 2939/4909/2918 2929/4890/2909 2930/4891/2910
f 2943/4913/2922 2942/4914/2921 1447/2339/1443
f 2942/4914/2921 2941/4915/2920 1447/2339/1443
f 2942/4914/2921 2943/4913/2922 2938/4916/2917
f 2946/4917/2923 2943/4913/2922 1447/2339/1443
f 2944/4918/2924 2943/4913/2922 2946/4917/2923
f 2944/4918/2924 2945/4919/2925 2943/4913/2922
f 2945/4919/2925 2938/4916/2917 2943/4913/2922
f 1447/2339/1443 1443/2334/1438 2946/4917/2923
f 2946/4917/2923 2947/4920/2926 2944/4918/2924
f 2947/4920/2926 2946/4917/2923 1443/2334/1438
f 1408/2307/1400 1403/4921/1398 2947/4920/2926
f 2944/4918/2924 2947/4920/2926 1403/4921/1398
f 1425/2308/1420 1408/2307/1400 2947/4920/2926
f 1441/2333/1437 1425/2308/1420 2947/4920/2926
f 2947/4922/2926 1443/4923/1438 1444/4924/1439
f 2947/4920/2926 1444/2335/1439 1441/2333/1437
f 1400/2273/1395 2945/4925/2925 2944/4926/2924
f 2945/4925/2925 1400/2273/1395 2938/4908/2917
f 2944/4926/2924 1401/2274/1396 1400/2273/1395
f 2944/4918/2924 1403/4921/1398 1401/4927/1396
f 2948/4928/2927 2941/4911/2920 2940/4910/2919
f 1446/2337/1441 2941/4915/2920 2948/4929/2927
f 2941/4915/2920 1446/2337/1441 1447/2339/1443
f 1446/2337/1441 2948/4929/2927 2949/4930/2928
f 2940/4910/2919 2949/4931/2928 2948/4928/2927
f 1449/2338/1442 2949/4930/2928 2950/4932/2929
f 2950/4933/2929 2949/4931/2928 2951/4934/2930
f 2940/4910/2919 2951/4934/2930 2949/4931/2928
f 2949/4930/2928 1449/2338/1442 1446/2337/1441
f 2953/4935/2931 2951/4934/2930 2952/4936/2932
f 2951/4934/2930 2954/4937/2933 2952/4936/2932
f 2951/4934/2930 2953/4935/2931 2950/4933/2929
f 2940/4910/2919 2954/4937/2933 2951/4934/2930
f 2954/4937/2933 2940/4910/2919 2924/4876/2903
f 2954/4937/2933 2924/4876/2903 2957/4938/2934
f 2955/4939/2935 2956/4940/2936 2954/4937/2933
f 2957/4938/2934 2955/4939/2935 2954/4937/2933
f 2958/4941/2937 2954/4937/2933 2956/4940/2936
f 2952/4936/2932 2954/4937/2933 2958/4941/2937
f 2959/4942/2938 2952/4936/2932 2958/4941/2937
f 2960/4943/2939 2959/4942/2938 2958/4941/2937
f 2960/4943/2939 2958/4941/2937 2961/4944/2940
f 2961/4944/2940 2958/4941/2937 2956/4940/2936
f 2961/4944/2940 2962/4945/2941 2960/4943/2939
f 2964/4946/2942 2962/4945/2941 2961/4944/2940
f 2963/4947/2943 2961/4944/2940 2956/4940/2936
f 2961/4944/2940 2963/4947/2943 2964/4946/2942
f 2965/4948/2944 2962/4945/2941 2964/4946/2942
f 2963/4947/2943 2966/4949/2945 2964/4946/2942
f 2965/4948/2944 2964/4946/2942 2966/4949/2945
f 2967/4950/2946 2966/4949/2945 1126/1898/1123
f 2966/4949/2945 2967/4950/2946 2968/4951/2947
f 2963/4947/2943 1127/1899/1124 2966/4949/2945
f 2968/4951/2947 2965/4948/2944 2966/4949/2945
f 1126/1898/1123 2966/4949/2945 1127/1899/1124
f 2970/4952/2948 2968/4953/2947 2967/4954/2946
f 2969/4955/2949 2965/4956/2944 2968/4957/2947
f 2968/4957/2947 2970/4958/2948 2969/4955/2949
f 2971/4959/2950 2972/4960/2951 2970/4952/2948
f 2967/4954/2946 2971/4959/2950 2970/4952/2948
f 2970/4958/2948 2972/4961/2951 2969/4955/2949
f 2971/4959/2950 2974/4962/2952 2972/4960/2951
f 2972/4960/2951 1459/2353/1454 2973/4963/2953
f 2969/4964/2949 2972/4960/2951 2973/4963/2953
f 2974/4962/2952 2975/4965/2954 2972/4960/2951
f 1459/2353/1454 2972/4960/2951 1461/2355/1456
f 2972/4960/2951 2975/4965/2954 1461/2355/1456
f 2976/4966/2955 2977/4967/2956 2975/4965/2954
f 2975/4965/2954 2974/4962/2952 2976/4966/2955
f 2978/4968/2957 2975/4965/2954 2977/4967/2956
f 2975/4965/2954 2978/4968/2957 1461/2355/1456
f 2977/4967/2956 2979/4969/2958 2978/4968/2957
f 1462/2356/1457 1461/2355/1456 2978/4968/2957
f 1467/2361/1462 1462/2356/1457 2978/4968/2957
f 1467/2361/1462 2978/4968/2957 2979/4969/2958
f 2979/4969/2958 2980/4970/2959 1467/2361/1462
f 2979/4971/2958 2977/4972/2956 2981/4973/2960
f 2980/4974/2959 2979/4971/2958 2982/4975/2961
f 2981/4973/2960 2983/4976/2962 2979/4971/2958
f 2983/4976/2962 2982/4975/2961 2979/4971/2958
f 2982/4975/2961 2983/4976/2962 2985/4977/2963
f 2984/4978/2964 2985/4977/2963 2983/4976/2962
f 2983/4976/2962 2981/4973/2960 2984/4978/2964
f 2985/4977/2963 2077/4979/2061 2982/4975/2961
f 2985/4977/2963 2984/4978/2964 1616/4980/1612
f 2077/3447/2061 2985/4981/2963 1613/2567/1608
f 1616/2573/1612 1613/2567/1608 2985/4981/2963
f 2984/4982/2964 2986/4983/2965 1616/4984/1612
f 2986/4985/2965 2984/4978/2964 2981/4973/2960
f 1616/4984/1612 2986/4983/2965 2988/4986/2966
f 2981/4973/2960 2987/4987/2967 2986/4985/2965
f 2987/4987/2967 2988/4988/2966 2986/4985/2965
f 2987/4987/2967 2989/4989/2968 2988/4988/2966
f 2989/4989/2968 2990/4990/2969 2988/4988/2966
f 1616/4991/1612 2988/4992/2966 2990/4993/2969
f 2989/4989/2968 2991/4994/2970 2990/4990/2969
f 2991/4994/2970 2992/4995/2971 2990/4990/2969
f 1623/2584/1618 2990/4996/2969 2992/4997/2971
f 1623/4998/1618 1616/4999/1612 2990/5000/2969
f 2991/4994/2970 2993/5001/2972 2992/4995/2971
f 1622/5002/1617 2992/4995/2971 2993/5001/2972
f 2992/4997/2971 1622/2582/1617 1623/2584/1618
f 2994/5003/2973 2996/5004/2974 2993/5005/2972
f 2993/5005/2972 2991/5006/2970 2994/5003/2973
f 2993/5001/2972 2995/5007/2975 1622/5002/1617
f 2995/5008/2975 2993/5005/2972 2996/5004/2974
f 2997/5009/2976 2998/5010/2977 2996/5011/2974
f 2996/5011/2974 2994/5012/2973 2997/5009/2976
f 2999/5013/2978 2996/5011/2974 2998/5010/2977
f 2996/5004/2974 2999/5014/2978 2995/5008/2975
f 2998/5010/2977 3000/5015/2979 2999/5013/2978
f 3000/5015/2979 3001/5016/2980 2999/5013/2978
f 2999/5014/2978 3001/5017/2980 3002/5018/2981
f 3002/5018/2981 2995/5008/2975 2999/5014/2978
f 3003/5019/2982 3002/5018/2981 3001/5017/2980
f 2995/5007/2975 3002/5020/2981 1622/5002/1617
f 3002/5020/2981 1621/2581/1616 1622/5002/1617
f 3002/5020/2981 3003/5021/2982 1621/2581/1616
f 3001/5017/2980 3005/5022/2983 3003/5019/2982
f 3003/5021/2982 3004/5023/2984 1621/2581/1616
f 3004/5024/2984 3003/5019/2982 3005/5022/2983
f 3005/5025/2983 3001/5016/2980 1130/5026/1127
f 1130/5026/1127 1113/5027/1108 3005/5025/2983
f 3005/5022/2983 1106/1865/1104 3004/5024/2984
f 1106/1864/1104 3005/5025/2983 1113/5027/1108
f 3006/5028/2985 1621/2581/1616 3004/5023/2984
f 3004/5023/2984 1103/1859/1101 3006/5028/2985
f 1103/1860/1101 3004/5024/2984 1106/1865/1104
f 3006/5028/2985 1100/1854/1097 1069/2579/1066
f 1100/1854/1097 3006/5028/2985 1103/1859/1101
f 1621/2581/1616 3006/5028/2985 1069/2579/1066
f 1130/5026/1127 3001/5016/2980 3000/5015/2979
f 3000/5015/2979 1131/1901/1125 1130/5026/1127
f 1131/1901/1125 3000/5015/2979 1126/1898/1123
f 2967/4950/2946 1126/1898/1123 3000/5015/2979
f 2967/4950/2946 3000/5015/2979 2998/5010/2977
f 2998/5010/2977 2997/5009/2976 2971/5029/2950
f 2971/5029/2950 2967/4950/2946 2998/5010/2977
f 2997/5009/2976 2976/5030/2955 2971/5029/2950
f 2976/5030/2955 2997/5009/2976 2994/5012/2973
f 3007/5031/2986 2994/5003/2973 2991/5006/2970
f 2994/5012/2973 3007/5032/2986 2976/5030/2955
f 2987/5033/2967 3007/5031/2986 2989/5034/2968
f 3007/5032/2986 2987/4987/2967 2976/5030/2955
f 2991/5006/2970 2989/5034/2968 3007/5031/2986
f 2977/4972/2956 2976/5030/2955 2987/4987/2967
f 2987/4987/2967 2981/4973/2960 2977/4972/2956
f 3008/5035/2987 2982/4975/2961 2077/4979/2061
f 2982/4975/2961 3008/5035/2987 2980/4974/2959
f 3009/5036/2988 2980/5037/2959 3008/5038/2987
f 3008/5038/2987 2079/3455/2063 3009/5036/2988
f 3008/5038/2987 2078/5039/2062 2079/3455/2063
f 3008/5038/2987 2077/5040/2061 2078/5039/2062
f 1467/2361/1462 2980/4970/2959 3009/5041/2988
f 3010/5042/2989 3009/5036/2988 2079/3455/2063
f 3009/5041/2988 3010/5043/2989 1467/2361/1462
f 3010/5043/2989 3012/5044/2990 3011/5045/2991
f 3010/5043/2989 3011/5045/2991 1467/2361/1462
f 3010/5043/2989 3013/5046/2992 3012/5044/2990
f 3014/5047/2993 3013/5048/2992 3010/5042/2989
f 2079/3455/2063 2083/3458/2067 3010/5042/2989
f 2083/3458/2067 3014/5047/2993 3010/5042/2989
f 2087/3468/2070 3014/5049/2993 2082/3466/2065
f 3014/5047/2993 2087/3474/2070 3013/5048/2992
f 2083/5050/2067 2082/3466/2065 3014/5049/2993
f 3012/5051/2990 3013/5048/2992 2089/3473/2073
f 2087/3474/2070 2089/3473/2073 3013/5048/2992
f 3011/5045/2991 3012/5044/2990 3015/5052/2994
f 3012/5044/2990 3016/5053/2995 3015/5052/2994
f 2089/3473/2073 3016/5054/2995 3012/5051/2990
f 3016/5053/2995 3018/5055/2996 3015/5052/2994
f 2089/3473/2073 2091/3476/2074 3016/5054/2995
f 3017/5056/2997 3016/5057/2995 2091/5058/2074
f 3016/5054/2995 3017/5059/2997 3018/5060/2996
f 3018/5060/2996 3017/5059/2997 3019/5061/2998
f 1473/5062/1469 3015/5063/2994 3018/5064/2996
f 3019/5061/2998 1475/5065/1470 3018/5060/2996
f 1473/5062/1469 3018/5064/2996 1475/5066/1470
f 3020/5067/2999 1475/5065/1470 3019/5061/2998
f 3020/5067/2999 3019/5061/2998 3022/5068/3000
f 3021/5069/3001 3019/5061/2998 3017/5059/2997
f 3022/5068/3000 3019/5061/2998 3021/5069/3001
f 3027/5070/3002 3023/5071/3003 3022/5068/3000
f 3023/5071/3003 3025/5072/3004 3022/5068/3000
f 3024/5073/3005 3022/5068/3000 3021/5069/3001
f 3027/5070/3002 3022/5068/3000 3024/5073/3005
f 3022/5068/3000 3025/5072/3004 3026/5074/3006
f 3022/5068/3000 3026/5074/3006 3020/5067/2999
f 3023/5075/3003 3027/5076/3002 3028/5077/3007
f 3027/5070/3002 3024/5073/3005 2658/5078/2636
f 3029/5079/3008 3028/5077/3007 3027/5076/3002
f 3027/5070/3002 2658/5078/2636 3030/5080/3009
f 3029/5081/3008 3027/5070/3002 3030/5080/3009
f 3030/5082/3009 2658/4418/2636 3031/5083/3010
f 3032/5084/3011 3030/5082/3009 3031/5083/3010
f 3030/5080/3009 3032/5085/3011 3029/5081/3008
f 3033/5086/3012 3029/5081/3008 3032/5085/3011
f 3033/5086/3012 3032/5085/3011 3034/5087/3013
f 3031/5083/3010 3034/5088/3013 3032/5084/3011
f 2657/4421/821 3034/5088/3013 3037/5089/3014
f 3034/5088/3013 2657/4421/821 3035/5090/3015
f 3036/5091/3016 3034/5088/3013 3035/5090/3015
f 3034/5087/3013 3036/5092/3016 3038/5093/3017
f 3031/5083/3010 3037/5089/3014 3034/5088/3013
f 3034/5087/3013 3038/5093/3017 3033/5086/3012
f 3039/5094/3018 3038/5093/3017 3036/5092/3016
f 3040/5095/3019 3038/5093/3017 3039/5094/3018
f 3028/5096/3007 3038/5093/3017 3040/5095/3019
f 3038/5093/3017 3028/5096/3007 3033/5086/3012
f 3040/5097/3019 3039/5098/3018 3042/5099/3020
f 3028/5077/3007 3040/5097/3019 3041/5100/3021
f 3040/5097/3019 3043/5101/3022 3041/5100/3021
f 3042/5099/3020 3043/5101/3022 3040/5097/3019
f 3035/5102/3015 3045/5103/3023 3043/5104/3022
f 3044/5105/3024 3035/5106/3015 3043/5107/3022
f 3044/5105/3024 3043/5107/3022 3046/5108/3025
f 3046/5109/3025 3043/5101/3022 3042/5099/3020
f 3043/5101/3022 3045/5110/3023 3041/5100/3021
f 3046/5111/3025 3048/5112/3026 3044/5113/3024
f 3046/5109/3025 3042/5099/3020 3047/5114/3027
f 3048/5115/3026 3046/5109/3025 3047/5114/3027
f 3045/5110/3023 3048/5115/3026 3049/5116/3028
f 3048/5112/3026 3045/5117/3023 3051/5118/3029
f 3048/5112/3026 3051/5118/3029 3044/5113/3024
f 3048/5115/3026 3050/5119/3030 3049/5116/3028
f 3048/5115/3026 3047/5114/3027 3050/5119/3030
f 3051/5120/3029 2657/4421/821 2656/4420/2638
f 2656/4420/2638 3044/5121/3024 3051/5120/3029
f 3035/5102/3015 3051/5122/3029 3045/5103/3023
f 2657/4421/821 3051/5120/3029 3035/5090/3015
f 3053/5123/3031 3050/5124/3030 3052/5125/3032
f 3023/5075/3003 3052/5126/3032 3050/5119/3030
f 3023/5075/3003 3050/5119/3030 3047/5114/3027
f 3053/5127/3031 3037/5128/3014 3050/5129/3030
f 3049/5130/3028 3050/5129/3030 3037/5128/3014
f 2658/4418/2636 2657/4421/821 3053/5131/3031
f 2658/4418/2636 3053/5131/3031 3031/5083/3010
f 3031/5132/3010 3053/5123/3031 3052/5125/3032
f 2657/4421/821 3037/5089/3014 3053/5131/3031
f 3052/5126/3032 3023/5075/3003 3028/5077/3007
f 3028/5077/3007 3041/5100/3021 3052/5126/3032
f 3031/5132/3010 3052/5125/3032 3041/5133/3021
f 3045/5110/3023 3049/5116/3028 3041/5100/3021
f 3041/5134/3021 3049/5135/3028 3037/5136/3014
f 3047/5137/3027 3042/5138/3020 3055/5139/3033
f 3047/5140/3027 3054/5141/3034 1488/2390/1484
f 3047/5142/3027 3055/5143/3033 3054/5144/3034
f 1488/5145/1484 3056/5146/3035 3047/5147/3027
f 3056/5148/3035 3023/5071/3003 3047/5140/3027
f 3025/5072/3004 3023/5071/3003 3056/5148/3035
f 3056/5148/3035 1488/2390/1484 1490/2391/1485
f 3056/5148/3035 1490/2391/1485 3025/5072/3004
f 3057/5149/3036 3055/5139/3033 3058/5150/3037
f 3055/5139/3033 3057/5149/3036 2656/5151/2638
f 3054/5141/3034 3055/5152/3033 2656/5153/2638
f 3042/5138/3020 3058/5150/3037 3055/5139/3033
f 3039/5094/3018 3058/5154/3037 3042/5155/3020
f 3036/5092/3016 3058/5154/3037 3039/5094/3018
f 3058/5154/3037 3036/5092/3016 3057/5156/3036
f 3057/5157/3036 3036/5091/3016 3044/5121/3024
f 3044/5121/3024 2656/4420/2638 3057/5157/3036
f 2653/4415/2635 2654/4414/2634 3054/5141/3034
f 2656/5153/2638 2653/4415/2635 3054/5141/3034
f 2654/4414/2634 1488/2390/1484 3054/5141/3034
f 3035/5090/3015 3044/5121/3024 3036/5091/3016
f 3037/5136/3014 3031/5158/3010 3041/5134/3021
f 3029/5081/3008 3033/5086/3012 3028/5096/3007
f 3020/5067/2999 3026/5074/3006 1481/2379/1476
f 3026/5074/3006 1483/2383/1478 1481/2379/1476
f 3026/5074/3006 1489/2392/1486 1483/2383/1478
f 1489/2392/1486 3026/5074/3006 3025/5072/3004
f 3025/5072/3004 1490/2391/1485 1489/2392/1486
f 3059/5159/3038 2129/3557/821 3024/5160/3005
f 3024/5160/3005 3060/5161/3039 3059/5159/3038
f 3060/5162/3039 3024/5073/3005 3021/5069/3001
f 2129/3557/821 2658/4418/2636 3024/5160/3005
f 3059/5163/3038 3060/5162/3039 3061/5164/3040
f 3021/5069/3001 3061/5164/3040 3060/5162/3039
f 3061/5164/3040 2092/3477/2075 3059/5163/3038
f 3062/5165/3041 3061/5164/3040 3021/5069/3001
f 3061/5164/3040 3062/5165/3041 2092/3477/2075
f 2091/3476/2074 3062/5165/3041 3017/5059/2997
f 2092/3477/2075 3062/5165/3041 2091/3476/2074
f 3062/5165/3041 3021/5069/3001 3017/5059/2997
f 2124/3549/2108 3059/5163/3038 2092/3477/2075
f 2129/3557/821 3059/5159/3038 2124/3550/2108
f 3063/5166/3042 1475/5065/1470 3020/5067/2999
f 3020/5067/2999 1481/2379/1476 3063/5166/3042
f 1475/5065/1470 3063/5166/3042 1476/2381/1471
f 3063/5166/3042 1481/2379/1476 1476/2381/1471
f 1468/2362/1463 3011/5045/2991 3015/5052/2994
f 1473/2371/1469 1468/2362/1463 3015/5052/2994
f 3011/5045/2991 1468/2362/1463 1467/2361/1462
f 2976/5030/2955 2974/5167/2952 2971/5029/2950
f 2969/4964/2949 2973/4963/2953 3064/5168/3043
f 1458/2352/1453 2973/4963/2953 1459/2353/1454
f 1458/2352/1453 3064/5168/3043 2973/4963/2953
f 3065/5169/3044 3066/5170/3045 3064/5168/3043
f 3064/5168/3043 1455/2350/1452 3065/5169/3044
f 1455/2350/1452 3064/5168/3043 1458/2352/1453
f 2969/4964/2949 3064/5168/3043 3066/5170/3045
f 2962/4945/2941 3066/5171/3045 3067/5172/3046
f 3065/5169/3044 3067/5173/3046 3066/5170/3045
f 3066/5170/3045 2965/5174/2944 2969/4964/2949
f 2965/4948/2944 3066/5171/3045 2962/4945/2941
f 3067/5172/3046 2959/4942/2938 2960/4943/2939
f 2962/4945/2941 3067/5172/3046 2960/4943/2939
f 3065/5169/3044 3068/5175/3047 3067/5173/3046
f 2959/4942/2938 3067/5172/3046 3068/5176/3047
f 3065/5169/3044 3069/5177/3048 3068/5175/3047
f 3069/5177/3048 3070/5178/3049 3068/5175/3047
f 2959/4942/2938 3068/5176/3047 3071/5179/3050
f 3071/5180/3050 3068/5175/3047 3070/5178/3049
f 3071/5179/3050 2952/4936/2932 2959/4942/2938
f 2952/4936/2932 3071/5179/3050 2953/4935/2931
f 3070/5178/3049 3072/5181/3051 3071/5180/3050
f 2953/5182/2931 3071/5180/3050 3072/5181/3051
f 3072/5181/3051 3070/5178/3049 1454/2349/1451
f 3072/5181/3051 2950/5183/2929 2953/5182/2931
f 2950/5183/2929 3072/5181/3051 1456/2348/1450
f 1454/2349/1451 1456/2348/1450 3072/5181/3051
f 1454/2349/1451 3070/5178/3049 3069/5177/3048
f 3065/5169/3044 1455/2350/1452 3069/5177/3048
f 1454/2349/1451 3069/5177/3048 1455/2350/1452
f 2956/4940/2936 3073/5184/3052 2963/4947/2943
f 1127/1899/1124 2963/4947/2943 3073/5184/3052
f 3073/5184/3052 1128/1902/1122 1127/1899/1124
f 1129/1904/821 1128/1903/1122 3073/5185/3052
f 3073/5185/3052 2896/4813/2875 1129/1904/821
f 3073/5185/3052 3074/5186/3053 2896/4813/2875
f 3074/5187/3053 3073/5184/3052 2955/4939/2935
f 3073/5184/3052 2956/4940/2936 2955/4939/2935
f 2896/4813/2875 3074/5186/3053 3075/5188/3054
f 3076/5189/3055 3075/5190/3054 3074/5187/3053
f 3074/5187/3053 2955/4939/2935 3076/5189/3055
f 2955/4939/2935 2957/4938/2934 3076/5189/3055
f 2911/4849/2890 3076/5189/3055 2912/4850/2891
f 3075/5190/3054 3076/5189/3055 2911/4849/2890
f 2912/4850/2891 3076/5189/3055 2957/4938/2934
f 3075/5188/3054 2905/4837/2885 2896/4813/2875
f 2909/4842/2888 2905/4839/2885 3075/5190/3054
f 3075/5190/3054 2911/4849/2890 2909/4842/2888
f 2915/4857/2895 2957/4938/2934 2924/4876/2903
f 2915/4857/2895 2912/4850/2891 2957/4938/2934
f 1456/2348/1450 1448/2351/1445 2950/5183/2929
f 1448/2341/1445 1449/2338/1442 2950/4932/2929
f 2940/4910/2919 2930/4891/2910 2924/4876/2903
f 2926/4878/2905 2924/4876/2903 2930/4891/2910
f 2907/4841/2887 2738/4558/2717 2783/4642/2763
f 2903/4831/2883 2892/5191/2871 2901/4832/2881
f 2892/4806/2871 2903/4835/2883 2782/4638/2761
f 2899/4825/2879 2901/5192/2881 2892/4814/2871
f 2782/4638/2761 2891/4804/2870 2892/4806/2871
f 2782/5193/2761 2885/4793/2864 2891/4803/2870
f 2886/4795/2865 2891/4803/2870 2885/4793/2864
f 1174/1959/1169 2888/4798/2867 1175/1960/1170
f 2885/4792/2864 2782/4638/2761 3077/5194/3056
f 3077/5194/3056 2883/4790/2862 2885/4792/2864
f 2876/4779/2855 2883/4790/2862 3077/5194/3056
f 2782/4638/2761 3078/5195/3057 3077/5194/3056
f 2876/4779/2855 3077/5194/3056 3078/5195/3057
f 2790/4649/2769 3079/5196/3058 3078/5195/3057
f 2790/4649/2769 3078/5195/3057 2782/4638/2761
f 2874/4777/2853 2876/4779/2855 3078/5195/3057
f 3079/5196/3058 2874/4777/2853 3078/5195/3057
f 2790/4649/2769 3082/5197/3059 3079/5196/3058
f 3079/5196/3058 3080/5198/3060 3081/5199/3061
f 3080/5198/3060 3079/5196/3058 3082/5197/3059
f 3081/5199/3061 2873/4776/2852 3079/5196/3058
f 2874/4777/2853 3079/5196/3058 2873/4776/2852
f 3082/5197/3059 2790/4649/2769 2791/4650/2770
f 2800/4660/2780 3080/5198/3060 3082/5197/3059
f 2795/4655/2775 2800/4660/2780 3082/5197/3059
f 2791/4650/2770 2795/4655/2775 3082/5197/3059
f 3083/5200/3062 2868/4772/2848 3081/5199/3061
f 3081/5199/3061 3084/5201/3063 3083/5200/3062
f 2868/4772/2848 2870/4774/2850 3081/5199/3061
f 2873/4776/2852 3081/5199/3061 2870/4774/2850
f 3084/5201/3063 3081/5199/3061 3080/5198/3060
f 3080/5198/3060 3086/5202/3064 3084/5201/3063
f 3086/5202/3064 3085/5203/3065 3084/5201/3063
f 3084/5201/3063 3085/5203/3065 2822/4689/2800
f 2821/4690/2801 2824/4693/2804 3084/5201/3063
f 3084/5201/3063 2822/4689/2800 2821/4690/2801
f 3083/5200/3062 3084/5201/3063 2824/4693/2804
f 3086/5202/3064 3080/5198/3060 2799/4658/2778
f 3085/5203/3065 3086/5202/3064 2799/4658/2778
f 2814/4683/2794 3085/5203/3065 2797/4657/2777
f 2797/4657/2777 3085/5203/3065 2799/4658/2778
f 3085/5203/3065 2814/4683/2794 2822/4689/2800
f 3083/5200/3062 2866/4768/2845 2868/4772/2848
f 2866/4768/2845 3083/5200/3062 2824/4693/2804
f 2799/4658/2778 3080/5198/3060 2800/4660/2780
f 2876/4779/2855 2877/4780/2856 2883/4790/2862
f 2880/4786/2860 1213/2006/1208 1194/1979/1189
f 1194/1979/1189 1189/1974/1184 2880/4786/2860
f 1188/1973/1183 2880/4786/2860 1189/1974/1184
f 1218/2016/1214 2871/4773/2849 1219/2015/1213
f 2864/4769/2843 1219/2015/1213 2871/4773/2849
f 2866/4768/2845 2824/4693/2804 2828/4699/2808
f 1219/2017/1213 2864/4764/2843 1221/2019/1216
f 2679/4463/2657 2819/4687/2798 2809/4677/2788
f 2679/4463/2657 2686/4476/2666 2819/4687/2798
f 2819/4687/2798 2686/4476/2666 2817/4685/2796
f 2798/4656/2776 2810/4679/2790 2812/4681/2792
f 2810/4679/2790 2802/4661/2781 2806/4669/2785
f 2802/4661/2781 2810/4679/2790 2798/4656/2776
f 2809/4677/2788 2677/4462/2656 2679/4463/2657
f 2749/4644/2728 2635/4671/2615 2804/4666/2783
f 2804/4666/2783 2788/4645/2765 2749/4644/2728
f 2793/4668/2772 2784/5204/2766 2788/4663/2765
f 3087/5205/3066 3089/5206/3067 2787/4648/2768
f 2787/4648/2768 3088/5207/3068 3087/5205/3066
f 3088/5207/3068 2787/4648/2768 2780/4637/2758
f 2786/5208/2767 2787/5209/2768 3089/5210/3067
f 3089/5211/3067 3087/5212/3066 2386/3969/2367
f 2386/3969/2367 3090/5213/3069 3089/5211/3067
f 3091/5214/3070 3089/5211/3067 3090/5213/3069
f 3089/5210/3067 3091/5215/3070 2786/5208/2767
f 3092/5216/3071 3091/5214/3070 3090/5213/3069
f 3091/5217/3070 3092/5218/3071 3093/5219/3072
f 3093/5220/3072 2786/5208/2767 3091/5215/3070
f 2746/5221/2729 3093/5219/3072 3092/5218/3071
f 2745/4569/2727 3094/5222/3073 3093/5223/3072
f 3094/5222/3073 2786/4647/2767 3093/5223/3072
f 2745/4569/2727 3093/5223/3072 2746/4571/2729
f 3095/5224/3074 3096/5225/3075 3094/5222/3073
f 3094/5226/3073 2745/5227/2727 3095/5228/3074
f 2786/4647/2767 3094/5222/3073 2785/4643/2764
f 2785/4643/2764 3094/5222/3073 3096/5225/3075
f 2771/4620/2751 3090/5213/3069 3096/5229/3075
f 3097/5230/3076 3096/5229/3075 3090/5213/3069
f 3096/5231/3075 3097/5232/3076 3098/5233/3077
f 3098/5234/3077 2785/5235/2764 3096/5236/3075
f 2771/4620/2751 3096/5229/3075 3095/5237/3074
f 2744/5238/2726 3098/5239/3077 3099/5240/3078
f 3098/5241/3077 2744/4568/2726 2749/4570/2728
f 2785/4643/2764 3098/5241/3077 2749/4570/2728
f 3097/5242/3076 3099/5243/3078 3098/5244/3077
f 3099/5245/3078 2364/3942/2345 3100/5246/3079
f 3100/5246/3079 3101/5247/3080 3099/5245/3078
f 2364/3942/2345 3099/5245/3078 3097/5230/3076
f 3099/5240/3078 3101/5248/3080 2744/5238/2726
f 3103/5249/3081 2763/4604/2742 3101/5247/3080
f 3095/5237/3074 3101/5247/3080 2763/4604/2742
f 3101/5247/3080 3100/5246/3079 3102/5250/3082
f 3101/5251/3080 3095/5228/3074 2745/5227/2727
f 3101/5247/3080 3102/5250/3082 3103/5249/3081
f 2745/5227/2727 2744/5252/2726 3101/5251/3080
f 3103/5253/3081 3102/5254/3082 2748/4567/2725
f 2759/4593/2739 3103/5255/3081 2743/5256/2724
f 3103/5249/3081 2759/4595/2739 2763/4604/2742
f 2748/4567/2725 2743/4566/2724 3103/5253/3081
f 3102/5254/3082 3100/5257/3079 3104/5258/3083
f 3104/5258/3083 2748/4567/2725 3102/5254/3082
f 3105/5259/3084 3104/5260/3083 3100/5261/3079
f 2748/4567/2725 3104/5258/3083 2749/4570/2728
f 3104/5258/3083 3105/5262/3084 2749/4570/2728
f 3100/5261/3079 2756/5263/2736 3105/5259/3084
f 2757/5264/2735 3105/5259/3084 2756/5263/2736
f 2635/4385/2615 3105/5262/3084 2757/4582/2735
f 2635/4385/2615 2749/4570/2728 3105/5262/3084
f 2756/4591/2736 3100/5246/3079 2364/3942/2345
f 3090/5213/3069 2364/3942/2345 3097/5230/3076
f 2763/4604/2742 2771/4620/2751 3095/5237/3074
f 3090/5265/3069 2771/5266/2751 3092/5267/3071
f 3092/5218/3071 3106/5268/3085 2746/5221/2729
f 3106/5269/3085 3092/5216/3071 2771/4620/2751
f 3106/5270/3085 3107/5271/3086 3108/5272/3087
f 3107/5273/3086 3106/5269/3085 2771/4620/2751
f 3108/5272/3087 2747/5274/2730 3106/5270/3085
f 2747/5274/2730 2746/5275/2729 3106/5270/3085
f 3109/5276/3088 2739/4562/2720 3108/5277/3087
f 2747/4572/2730 3108/5277/3087 2739/4562/2720
f 3088/5207/3068 3108/5277/3087 3107/5278/3086
f 3108/5277/3087 3088/5207/3068 3109/5276/3088
f 3110/5279/3089 3111/5280/3090 3109/5281/3088
f 3109/5282/3088 2780/4632/2758 3110/5283/3089
f 2739/5284/2720 3109/5281/3088 3111/5280/3090
f 3088/5207/3068 2780/4637/2758 3109/5276/3088
f 3111/5285/3090 3107/5273/3086 2771/4620/2751
f 3111/5285/3090 3110/5286/3089 3107/5273/3086
f 3111/5280/3090 2775/5287/2754 2739/5284/2720
f 2775/4622/2754 3111/5285/3090 2771/4620/2751
f 3110/5286/3089 2386/3969/2367 3107/5273/3086
f 2386/3969/2367 3110/5286/3089 2779/5288/2759
f 2779/4634/2759 3110/5283/3089 2780/4632/2758
f 3087/5212/3066 3107/5273/3086 2386/3969/2367
f 3107/5278/3086 3087/5205/3066 3088/5207/3068
f 2386/3969/2367 3112/5289/3091 3090/5213/3069
f 3112/5289/3091 3113/5290/3092 3090/5213/3069
f 2364/3942/2345 3090/5213/3069 3113/5290/3092
f 3113/5290/3092 3112/5289/3091 2373/5291/2355
f 2371/3952/2353 2366/3945/2347 3113/5292/3092
f 2364/3942/2345 3113/5290/3092 2366/3947/2347
f 2373/3954/2355 2371/3952/2353 3113/5292/3092
f 2380/5293/2361 3112/5289/3091 2386/3969/2367
f 3112/5294/3091 2380/3963/2361 2379/3962/2360
f 2379/3962/2360 2373/3954/2355 3112/5294/3091
f 2403/3999/2384 2386/3969/2367 2779/5288/2759
f 2779/5288/2759 2435/4053/2415 2403/3999/2384
f 2740/5295/2718 2739/5284/2720 2775/5287/2754
f 2729/4544/2708 2439/4062/2420 2768/5296/2747
f 2768/5297/2747 2766/5298/2745 2729/5299/2708
f 2716/4518/2695 2729/4544/2708 2766/5300/2745
f 2765/4605/2744 2716/5301/2695 2766/4606/2745
f 2765/4605/2744 3114/5302/3093 2716/5301/2695
f 3114/5302/3093 2765/4605/2744 2624/5303/2605
f 2626/4600/2608 2624/5303/2605 2765/4605/2744
f 2713/4512/2692 3114/5304/3093 2623/4515/2604
f 3114/5304/3093 2713/4512/2692 2716/5305/2695
f 2624/5306/2605 2623/4515/2604 3114/5304/3093
f 2743/5256/2724 2742/4594/2723 2759/4593/2739
f 2364/3942/2345 2753/4589/2733 2756/4591/2736
f 2752/5307/2732 2753/4589/2733 2364/3942/2345
f 2364/3942/2345 2357/3933/2338 2752/5307/2732
f 2628/4363/2607 2752/5307/2732 2357/3933/2338
f 2730/4547/2710 2727/4541/2706 2640/4390/2619
f 2729/4544/2708 2716/4518/2695 2722/4530/2702
f 2724/5308/2703 3115/5309/3094 2639/5310/2622
f 2721/5311/2699 3115/5312/3094 2724/5313/2703
f 2639/4394/2622 2641/4396/2623 2724/4536/2703
f 3115/5314/3094 2721/4523/2699 1496/2398/1492
f 3115/5314/3094 1496/2398/1492 1497/2397/1491
f 2638/4393/2621 3115/5314/3094 1497/2397/1491
f 2638/4395/2621 2639/4394/2622 3115/5315/3094
f 2719/4522/2698 1496/2398/1492 2721/4523/2699
f 2719/4522/2698 2720/4525/2700 1496/2398/1492
f 1498/2399/1493 1496/2398/1492 2720/4525/2700
f 3116/5316/3095 2720/4525/2700 2717/4526/2697
f 2720/4525/2700 3116/5316/3095 1498/2399/1493
f 1500/2401/1495 3116/5316/3095 2717/4526/2697
f 3116/5316/3095 1500/2401/1495 1498/2399/1493
f 3117/5317/3096 2717/4520/2697 2714/4521/2691
f 2717/4526/2697 3117/5318/3096 1500/2401/1495
f 1501/2402/1496 1500/2401/1495 3117/5318/3096
f 3118/5319/3097 1501/2402/1496 3117/5318/3096
f 3117/5318/3096 1528/2449/1524 3118/5319/3097
f 1528/2448/1524 3117/5317/3096 1530/2451/1526
f 2714/4521/2691 1530/2451/1526 3117/5317/3096
f 3118/5319/3097 1520/2435/1516 1501/2402/1496
f 1520/2435/1516 3118/5319/3097 1528/2449/1524
f 2716/5305/2695 2713/4512/2692 2712/4513/2693
f 2714/4521/2691 3119/5320/3098 1530/2451/1526
f 2709/4507/2689 3119/5321/3098 2714/4511/2691
f 3120/5322/3099 3119/5321/3098 2703/5323/2682
f 3120/5322/3099 1530/5324/1526 3119/5321/3098
f 3119/5321/3098 2709/4507/2689 2704/4509/2683
f 2704/4509/2683 2703/5323/2682 3119/5321/3098
f 3120/5322/3099 3121/5325/3100 1530/5324/1526
f 3122/5326/3101 3121/5325/3100 3120/5322/3099
f 3120/5322/3099 2703/5323/2682 3122/5326/3101
f 2273/3787/2253 3122/5327/3101 2703/4492/2682
f 3123/5328/3102 3122/5327/3101 2273/3787/2253
f 3122/5326/3101 3123/5329/3102 3121/5325/3100
f 2266/3776/2247 3123/5328/3102 2264/3778/2246
f 3123/5329/3102 2266/5330/2247 3124/5331/3103
f 2272/3788/2254 2264/3778/2246 3123/5328/3102
f 2272/3788/2254 3123/5328/3102 2273/3787/2253
f 3123/5329/3102 3124/5331/3103 3121/5325/3100
f 3121/5325/3100 3124/5331/3103 1531/2453/1527
f 1531/2453/1527 3124/5331/3103 1532/2454/1528
f 2266/5330/2247 1532/2454/1528 3124/5331/3103
f 1531/2453/1527 1530/5324/1526 3121/5325/3100
f 2710/4505/2688 2623/4360/2604 2621/4355/2602
f 2703/4492/2682 2705/4495/2684 2273/3787/2253
f 2309/3857/2291 2705/4497/2684 3125/5332/3104
f 2705/4497/2684 2701/4490/2680 3125/5332/3104
f 2277/5333/2255 2705/5334/2684 2309/5335/2291
f 2705/5336/2684 2277/5337/2255 2273/5338/2253
f 3126/5339/3105 2308/3856/2290 3125/5332/3104
f 3125/5332/3104 2308/3856/2290 2309/3857/2291
f 3125/5332/3104 2251/3754/2232 3126/5339/3105
f 2251/3754/2232 3125/5332/3104 2701/4490/2680
f 3127/5340/3106 3128/5341/3107 3126/5339/3105
f 2252/3756/2234 3127/5340/3106 3126/5339/3105
f 2252/3756/2234 3126/5339/3105 2251/3754/2232
f 2308/3856/2290 3126/5339/3105 3128/5341/3107
f 3128/5341/3107 2313/3866/2295 2308/3856/2290
f 2313/3866/2295 3128/5341/3107 3130/5342/3108
f 3128/5341/3107 3127/5340/3106 3129/5343/3109
f 3129/5343/3109 3130/5342/3108 3128/5341/3107
f 3130/5342/3108 3129/5343/3109 3131/5344/3110
f 3131/5344/3110 3132/5345/3111 3130/5342/3108
f 3132/5345/3111 2315/3867/2296 3130/5342/3108
f 2315/3867/2296 2313/3866/2295 3130/5342/3108
f 3134/5346/3112 3132/5345/3111 3131/5344/3110
f 2317/3869/2298 2315/3867/2296 3132/5345/3111
f 3132/5345/3111 3133/5347/3113 2317/3869/2298
f 3132/5345/3111 3134/5346/3112 3133/5347/3113
f 3131/5344/3110 3135/5348/3114 3134/5346/3112
f 3133/5347/3113 3134/5346/3112 3137/5349/3115
f 3134/5346/3112 3135/5348/3114 3136/5350/3116
f 3136/5350/3116 3137/5349/3115 3134/5346/3112
f 3137/5349/3115 3138/5351/3117 3133/5347/3113
f 2565/4256/2546 3137/5352/3115 3136/5353/3116
f 3139/5354/3118 3138/5355/3117 3137/5352/3115
f 2565/4256/2546 3139/5354/3118 3137/5352/3115
f 2584/4287/2565 3139/5354/3118 2568/4259/2548
f 3139/5354/3118 2584/4287/2565 3140/5356/3119
f 3139/5354/3118 2565/4256/2546 2568/4259/2548
f 3140/5356/3119 3138/5355/3117 3139/5354/3118
f 3138/5351/3117 3140/5357/3119 2317/3869/2298
f 2318/3870/2299 2317/3869/2298 3140/5357/3119
f 3140/5357/3119 2321/3872/2301 2318/3870/2299
f 2321/4293/2301 3140/5356/3119 2584/4287/2565
f 2317/3869/2298 3133/5347/3113 3138/5351/3117
f 2566/4257/2547 3136/5353/3116 3141/5358/3120
f 3135/5348/3114 3141/5359/3120 3136/5350/3116
f 2566/4257/2547 2565/4256/2546 3136/5353/3116
f 3143/5360/3121 3141/5361/3120 3142/5362/3122
f 3135/5348/3114 3142/5363/3122 3141/5359/3120
f 2567/4260/2549 3141/5358/3120 3143/5364/3121
f 2567/4260/2549 2566/4257/2547 3141/5358/3120
f 3142/5362/3122 3147/5365/3123 3143/5360/3121
f 3145/5366/3124 3143/5364/3121 3144/5367/3125
f 3144/5368/3125 3143/5360/3121 3146/5369/3126
f 3145/5366/3124 2567/4260/2549 3143/5364/3121
f 3147/5365/3123 3146/5369/3126 3143/5360/3121
f 3147/5365/3123 3148/5370/3127 3149/5371/3128
f 3148/5370/3127 3147/5365/3123 3142/5362/3122
f 3147/5365/3123 3149/5371/3128 3146/5369/3126
f 1331/2172/1326 3149/5371/3128 3148/5370/3127
f 1333/2174/1328 3149/5371/3128 1331/2172/1326
f 1333/2174/1328 3150/5372/3129 3149/5371/3128
f 3149/5371/3128 3150/5372/3129 3146/5369/3126
f 3150/5372/3129 1333/2174/1328 1332/2175/1329
f 3152/5373/3130 3150/5372/3129 1332/2175/1329
f 3144/5368/3125 3146/5369/3126 3150/5372/3129
f 3150/5372/3129 3152/5373/3130 3151/5374/3131
f 3151/5374/3131 3144/5368/3125 3150/5372/3129
f 1332/2175/1329 3153/5375/3132 3152/5373/3130
f 3152/5373/3130 3153/5375/3132 3154/5376/3133
f 3152/5373/3130 3154/5376/3133 3151/5374/3131
f 3157/5377/3134 3154/5378/3133 3155/5379/3135
f 3155/5380/3135 3154/5376/3133 3153/5375/3132
f 3156/5381/3136 3151/5382/3131 3154/5378/3133
f 3157/5377/3134 3156/5381/3136 3154/5378/3133
f 3159/5383/3137 3157/5377/3134 3158/5384/3138
f 3157/5377/3134 3155/5379/3135 3158/5384/3138
f 3156/5381/3136 3157/5377/3134 3161/5385/3139
f 3157/5377/3134 3159/5383/3137 3160/5386/3140
f 3160/5386/3140 3161/5385/3139 3157/5377/3134
f 2561/4251/2543 2560/4248/2541 3161/5387/3139
f 3161/5385/3139 2560/4261/2541 3145/5366/3124
f 3161/5387/3139 3162/5388/3141 3163/5389/3142
f 3162/5388/3141 3161/5387/3139 3160/5390/3140
f 3161/5387/3139 3163/5389/3142 3164/5391/3143
f 3161/5387/3139 3164/5391/3143 3165/5392/3144
f 3161/5387/3139 3165/5392/3144 2561/4251/2543
f 3145/5366/3124 3156/5381/3136 3161/5385/3139
f 2554/4252/2537 3165/5392/3144 3164/5391/3143
f 2554/4252/2537 2561/4251/2543 3165/5392/3144
f 3166/5393/3145 3164/5391/3143 3163/5389/3142
f 3164/5391/3143 3166/5393/3145 2554/4252/2537
f 2554/4243/2537 3166/5394/3145 2542/4242/2523
f 3162/5388/3141 3167/5395/3146 3166/5393/3145
f 3166/5393/3145 3163/5389/3142 3162/5388/3141
f 3166/5394/3145 3167/5396/3146 2542/4242/2523
f 3168/5397/3147 2529/4203/2510 3167/5395/3146
f 3167/5395/3146 3162/5388/3141 3168/5397/3147
f 3167/5396/3146 2529/4204/2510 2531/4208/2512
f 2531/4208/2512 2542/4242/2523 3167/5396/3146
f 2529/4203/2510 3168/5397/3147 2528/4202/2509
f 2528/4202/2509 3168/5397/3147 3160/5390/3140
f 3160/5390/3140 3168/5397/3147 3162/5388/3141
f 3159/5383/3137 3169/5398/3148 3160/5386/3140
f 2521/4187/2499 3160/5386/3140 3169/5398/3148
f 3160/5390/3140 2521/4192/2499 2526/4200/2507
f 2526/4200/2507 2528/4202/2509 3160/5390/3140
f 3169/5398/3148 3159/5383/3137 3171/5399/3149
f 3169/5398/3148 2518/4188/2500 2521/4187/2499
f 2518/4188/2500 3169/5398/3148 3170/5400/3150
f 3169/5401/3148 3171/5402/3149 3170/5403/3150
f 3172/5404/3151 3173/5405/3152 3171/5402/3149
f 3172/5404/3151 3171/5402/3149 3158/5406/3138
f 3170/5403/3150 3171/5402/3149 3173/5405/3152
f 3159/5407/3137 3158/5406/3138 3171/5402/3149
f 1315/2157/1311 3174/5408/3153 3173/5405/3152
f 1315/2157/1311 3173/5405/3152 1316/2156/1310
f 1316/2156/1310 3173/5405/3152 1324/2165/1319
f 3172/5404/3151 1324/2165/1319 3173/5405/3152
f 3173/5405/3152 3174/5408/3153 3170/5403/3150
f 3174/5408/3153 1315/2157/1311 1312/2153/1307
f 3175/5409/3154 3174/5408/3153 3176/5410/3155
f 3175/5409/3154 3170/5403/3150 3174/5408/3153
f 1312/2153/1307 3176/5410/3155 3174/5408/3153
f 3176/5410/3155 3177/5411/3156 3178/5412/3157
f 3177/5411/3156 3176/5410/3155 1312/2153/1307
f 3176/5410/3155 3178/5412/3157 3175/5409/3154
f 2520/4190/2502 3178/5413/3157 3179/5414/3158
f 3179/5415/3158 3178/5412/3157 3177/5411/3156
f 2519/5416/2501 3175/5409/3154 3178/5412/3157
f 2520/4190/2502 2519/4189/2501 3178/5413/3157
f 2520/4190/2502 3179/5414/3158 3181/5417/3159
f 3181/5418/3159 3179/5415/3158 3180/5419/3160
f 3177/5411/3156 3180/5419/3160 3179/5415/3158
f 3181/5418/3159 3180/5419/3160 3182/5420/3161
f 3182/5420/3161 3183/5421/3162 3181/5418/3159
f 3184/5422/3163 3181/5417/3159 3183/5423/3162
f 3184/5422/3163 2520/4190/2502 3181/5417/3159
f 2520/4190/2502 3184/5422/3163 2508/4191/2489
f 3184/5422/3163 3185/5424/3164 2506/5425/2488
f 3185/5424/3164 3184/5422/3163 3186/5426/3165
f 2506/5425/2488 2508/4191/2489 3184/5422/3163
f 3183/5423/3162 3186/5426/3165 3184/5422/3163
f 3186/5427/3165 3183/5428/3162 3187/5429/3166
f 3187/5429/3166 3188/5430/3167 3186/5427/3165
f 3189/5431/3168 3186/5427/3165 3188/5430/3167
f 3185/5432/3164 3186/5427/3165 3189/5431/3168
f 3189/5431/3168 3188/5430/3167 3190/5433/3169
f 3190/5433/3169 3191/5434/3170 3189/5431/3168
f 3192/5435/3171 3189/5431/3168 3191/5434/3170
f 3192/5436/3171 3185/5424/3164 3189/5437/3168
f 3193/5438/3172 3192/5436/3171 3191/5439/3170
f 3185/5424/3164 3192/5436/3171 2506/5425/2488
f 3192/5436/3171 3193/5438/3172 1253/5440/1249
f 1253/5440/1249 2506/5425/2488 3192/5436/3171
f 3193/5438/3172 3194/5441/3173 1253/5440/1249
f 3194/5442/3173 3193/5443/3172 3196/5444/3174
f 3193/5443/3172 3195/5445/3175 3196/5444/3174
f 3193/5443/3172 3191/5434/3170 3195/5445/3175
f 3199/5446/3176 3196/5444/3174 3197/5447/3177
f 3198/5448/3178 3197/5447/3177 3196/5444/3174
f 3196/5444/3174 3195/5445/3175 3198/5448/3178
f 3196/5444/3174 3199/5446/3176 3194/5442/3173
f 3197/5447/3177 3200/5449/3179 3199/5446/3176
f 1197/1982/1192 3199/5446/3176 3200/5449/3179
f 3199/5446/3176 1197/1982/1192 1199/5450/1194
f 1199/5450/1194 3194/5442/3173 3199/5446/3176
f 1192/1978/1188 3200/5449/3179 3197/5447/3177
f 1192/1978/1188 1193/1977/1187 3200/5449/3179
f 1197/1982/1192 3200/5449/3179 1193/1977/1187
f 3203/5451/3180 3198/5448/3178 3201/5452/3181
f 3198/5448/3178 3190/5433/3169 3201/5452/3181
f 3202/5453/3182 3197/5447/3177 3198/5448/3178
f 3190/5433/3169 3198/5448/3178 3191/5434/3170
f 3198/5448/3178 3195/5445/3175 3191/5434/3170
f 3202/5453/3182 3198/5448/3178 3203/5451/3180
f 3201/5452/3181 3204/5454/3183 3203/5451/3180
f 3202/5453/3182 3203/5451/3180 3204/5454/3183
f 3205/5455/3184 3204/5454/3183 1277/2109/1272
f 3204/5454/3183 3205/5455/3184 3202/5453/3182
f 3204/5454/3183 3201/5452/3181 3206/5456/3185
f 1277/2109/1272 3204/5454/3183 3206/5456/3185
f 3207/5457/3186 3206/5456/3185 3201/5452/3181
f 3206/5456/3185 1293/2130/1287 1288/2126/1283
f 1288/2126/1283 1277/2109/1272 3206/5456/3185
f 3206/5456/3185 3207/5457/3186 1293/2130/1287
f 3208/5458/3187 3207/5457/3186 3201/5452/3181
f 3208/5458/3187 3209/5459/3188 3207/5457/3186
f 3211/5460/3189 3207/5457/3186 3209/5459/3188
f 3207/5457/3186 3210/5461/3190 1293/2130/1287
f 3210/5461/3190 3207/5457/3186 3211/5460/3189
f 3212/5462/3191 3211/5460/3189 3213/5463/3192
f 3212/5462/3191 3210/5461/3190 3211/5460/3189
f 3209/5459/3188 3213/5463/3192 3211/5460/3189
f 3213/5463/3192 3214/5464/3193 3187/5429/3166
f 3214/5464/3193 3213/5463/3192 3209/5459/3188
f 3216/5465/3194 3212/5466/3191 3213/5467/3192
f 3187/5429/3166 3215/5468/3195 3213/5463/3192
f 3215/5468/3195 3216/5469/3194 3213/5463/3192
f 3215/5470/3195 1310/2151/1305 3216/5465/3194
f 1310/2151/1305 3212/5466/3191 3216/5465/3194
f 3182/5471/3161 3215/5468/3195 3187/5429/3166
f 3215/5470/3195 3182/5420/3161 3180/5419/3160
f 1311/2152/1306 3215/5470/3195 3180/5419/3160
f 3215/5470/3195 1311/2152/1306 1310/2151/1305
f 3208/5458/3187 3214/5464/3193 3209/5459/3188
f 3214/5464/3193 3208/5458/3187 3188/5430/3167
f 3187/5429/3166 3214/5464/3193 3188/5430/3167
f 1305/2146/1300 1304/2145/1299 3212/5466/3191
f 1305/2146/1300 3212/5466/3191 1310/2151/1305
f 3212/5462/3191 1304/5472/1299 3210/5461/3190
f 3210/5461/3190 1294/2133/1290 1293/2130/1287
f 3210/5461/3190 1298/2136/1293 1294/2133/1290
f 1298/2136/1293 3210/5461/3190 1304/5472/1299
f 3208/5458/3187 3201/5452/3181 3190/5433/3169
f 3208/5458/3187 3190/5433/3169 3188/5430/3167
f 1192/1978/1188 3197/5447/3177 3205/5455/3184
f 3205/5455/3184 1186/1970/1180 1192/1978/1188
f 3205/5455/3184 3197/5447/3177 3202/5453/3182
f 2418/5473/2399 3205/5455/3184 1277/2109/1272
f 1186/1970/1180 3205/5455/3184 2418/5473/2399
f 3194/5441/3173 1199/1984/1194 1201/1986/1195
f 1201/1986/1195 1253/5440/1249 3194/5441/3173
f 3182/5471/3161 3187/5429/3166 3183/5428/3162
f 3177/5411/3156 1311/2152/1306 3180/5419/3160
f 1312/2153/1307 1311/2152/1306 3177/5411/3156
f 2518/5474/2500 3170/5403/3150 3175/5409/3154
f 2519/4189/2501 2518/4188/2500 3175/5475/3154
f 3217/5476/3196 3172/5404/3151 3158/5406/3138
f 1324/2165/1319 3172/5404/3151 3217/5476/3196
f 3158/5406/3138 3155/5380/3135 3217/5476/3196
f 3153/5375/3132 3217/5476/3196 3155/5380/3135
f 3217/5476/3196 1325/2167/1321 1324/2165/1319
f 1325/2167/1321 3217/5476/3196 3153/5375/3132
f 3156/5381/3136 3145/5366/3124 3151/5382/3131
f 1329/2168/1322 3153/5375/3132 1332/2175/1329
f 3153/5375/3132 1329/2168/1322 1325/2167/1321
f 3145/5366/3124 3144/5367/3125 3151/5382/3131
f 3148/5370/3127 3220/5477/3197 3218/5478/3198
f 3148/5370/3127 3218/5478/3198 1331/2172/1326
f 3142/5362/3122 3219/5479/3199 3148/5370/3127
f 3148/5370/3127 3219/5479/3199 3220/5477/3197
f 3220/5480/3197 3221/5481/3200 3223/5482/3201
f 3219/5483/3199 3221/5481/3200 3220/5480/3197
f 3218/5478/3198 3220/5477/3197 3222/5484/3202
f 3223/5482/3201 3222/5485/3202 3220/5480/3197
f 3129/5343/3109 3223/5482/3201 3221/5481/3200
f 3223/5482/3201 3129/5343/3109 3127/5340/3106
f 3222/5485/3202 3223/5482/3201 3224/5486/3203
f 3223/5482/3201 3127/5340/3106 3224/5486/3203
f 3224/5486/3203 3226/5487/3204 3222/5485/3202
f 3224/5486/3203 3127/5340/3106 2252/3756/2234
f 2252/3756/2234 3225/5488/3205 3224/5486/3203
f 3226/5487/3204 3224/5486/3203 3225/5488/3205
f 3226/5489/3204 3225/5490/3205 3228/5491/3206
f 3227/5492/3207 3222/5484/3202 3226/5489/3204
f 3227/5492/3207 3226/5489/3204 3228/5491/3206
f 3228/5491/3206 1337/2179/1333 3229/5493/3208
f 3228/5491/3206 3229/5493/3208 3227/5492/3207
f 1346/2190/1342 3228/5491/3206 3225/5490/3205
f 1346/2190/1342 1337/2179/1333 3228/5491/3206
f 1336/2177/1331 3229/5493/3208 1337/2179/1333
f 1336/2177/1331 3230/5494/3209 3229/5493/3208
f 3227/5492/3207 3229/5493/3208 3230/5494/3209
f 3222/5484/3202 3230/5494/3209 3218/5478/3198
f 1331/2172/1326 3218/5478/3198 3230/5494/3209
f 3230/5494/3209 1336/2177/1331 1331/2172/1326
f 3230/5494/3209 3222/5484/3202 3227/5492/3207
f 3231/5495/3210 3225/5488/3205 2253/3757/2235
f 3225/5488/3205 2252/3756/2234 2253/3757/2235
f 3231/5496/3210 1346/2190/1342 3225/5490/3205
f 3231/5495/3210 2253/3757/2235 3232/5497/3211
f 3231/5495/3210 3232/5497/3211 1347/2193/1343
f 1347/2191/1343 1346/2190/1342 3231/5496/3210
f 2254/3758/2236 3232/5497/3211 2253/3757/2235
f 3232/5497/3211 2254/3758/2236 1541/2472/1536
f 1347/2193/1343 3232/5497/3211 1541/2472/1536
f 3131/5344/3110 3129/5343/3109 3221/5481/3200
f 3219/5483/3199 3131/5344/3110 3221/5481/3200
f 3219/5483/3199 3142/5363/3122 3135/5348/3114
f 3135/5348/3114 3131/5344/3110 3219/5483/3199
f 2567/4260/2549 3145/5366/3124 2560/4261/2541
f 2251/3754/2232 2701/4490/2680 2249/3752/2230
f 2600/4310/2582 2699/4488/2678 2609/4500/2592
f 2697/4486/2676 2672/5498/2651 3233/5499/3212
f 2672/5498/2651 2697/4486/2676 2675/5500/2655
f 2675/5501/2655 2697/5502/2676 2681/5503/2661
f 2697/4486/2676 3233/5499/3212 2151/3597/2132
f 2681/4468/2661 2697/4486/2676 2694/4483/2673
f 3235/5504/3213 3233/5505/3212 2672/4451/2651
f 2151/3597/2132 3233/5499/3212 3234/5506/3214
f 3234/5507/3214 3233/5505/3212 3235/5504/3213
f 3235/5504/3213 2672/4451/2651 2147/4453/2129
f 3235/5504/3213 2147/4453/2129 3234/5507/3214
f 2149/3594/2130 3234/5508/3214 2147/3592/2129
f 3234/5506/3214 2149/3596/2130 2151/3597/2132
f 2601/4309/2581 2597/4306/2578 2695/4485/2675
f 2681/5509/2661 2694/5510/2673 2682/5511/2662
f 2689/4739/2668 2590/4296/2571 2588/4294/2569
f 2590/4298/2571 2689/4478/2668 2688/4479/2669
f 2688/4479/2669 2591/4299/2572 2590/4298/2571
f 2681/4468/2661 2678/4470/2658 2675/5500/2655
f 2664/4448/2643 2659/4419/2637 2137/3577/821
f 1493/2393/1487 1488/2390/1484 2654/4414/2634
f 3236/5512/3215 2649/4407/2631 2648/4406/2630
f 2649/4408/2631 3236/5513/3215 2643/5514/2624
f 2649/4408/2631 2643/5514/2624 2645/4401/2626
f 2633/4672/2614 3236/5512/3215 2648/4406/2630
f 3236/5513/3215 2633/4378/2614 2644/5515/2625
f 2644/5515/2625 2643/5514/2624 3236/5513/3215
f 2634/4381/2616 2644/5515/2625 2633/4378/2614
f 3238/5516/3216 2616/4339/2597 3237/5517/3217
f 2345/3918/2327 3237/5517/3217 2616/4339/2597
f 2345/3918/2327 2616/4339/2597 2349/3919/2330
f 2615/4340/2596 2616/4339/2597 3238/5516/3216
f 3240/5518/3218 2615/5519/2596 3238/5520/3216
f 3238/5516/3216 3237/5517/3217 3239/5521/3219
f 3238/5516/3216 3239/5521/3219 3240/5522/3218
f 2607/5523/2588 2611/5524/2590 3240/5518/3218
f 3240/5518/3218 2606/5525/2587 2607/5523/2588
f 3239/5521/3219 3241/5526/3220 3240/5522/3218
f 2606/5527/2587 3240/5522/3218 3241/5526/3220
f 2615/5519/2596 3240/5518/3218 2611/5524/2590
f 3241/5526/3220 2296/3825/2278 2302/3843/2284
f 2296/3825/2278 3241/5526/3220 2295/3824/2274
f 3241/5526/3220 2302/3843/2284 2606/5527/2587
f 2295/3824/2274 3241/5526/3220 3239/5521/3219
f 2295/3824/2274 3239/5521/3219 3237/5517/3217
f 2345/3918/2327 2295/3824/2274 3237/5517/3217
f 2609/4500/2592 2602/4311/2583 2600/4310/2582
f 2593/4302/2574 2598/4308/2580 2325/3881/2307
f 2593/4302/2574 3242/5528/3221 2586/4300/2567
f 3242/5528/3221 2593/4302/2574 2325/3881/2307
f 2322/3876/2304 3242/5528/3221 2325/3881/2307
f 2322/3876/2304 2586/4300/2567 3242/5528/3221
f 2339/4289/2321 2338/4737/2320 2588/4294/2569
f 2582/4285/2564 2580/4283/2561 2326/5529/2309
f 2326/5529/2309 2327/3889/2308 2582/4285/2564
f 2331/3895/2312 2582/4285/2564 2327/3889/2308
f 2298/3826/2279 2580/4281/2561 2294/3823/2277
f 2580/4283/2561 2298/5530/2279 2326/5529/2309
f 2572/4269/2554 2575/4274/2556 2568/4262/2548
f 2569/4266/2551 2563/4265/2544 2553/4272/2534
f 2558/4247/2540 2556/4246/2539 3243/5531/3222
f 2557/4244/2538 2558/4247/2540 3243/5531/3222
f 3243/5531/3222 3244/5532/3223 1359/5533/1353
f 1359/2208/1353 2274/3790/2256 3243/5534/3222
f 3244/5532/3223 3243/5531/3222 2556/4246/2539
f 3243/5531/3222 3245/5535/3224 2557/4244/2538
f 3245/5536/3224 3243/5534/3222 2274/3790/2256
f 3245/5537/3224 3247/5538/3225 3246/5539/3226
f 3245/5537/3224 3246/5539/3226 2557/5540/2538
f 3247/5541/3225 3245/5536/3224 2274/3790/2256
f 3248/5542/3227 3247/5538/3225 2275/3807/2257
f 3248/5542/3227 3246/5539/3226 3247/5538/3225
f 2275/3791/2257 3247/5541/3225 2274/3790/2256
f 2555/5543/2536 3246/5539/3226 3248/5542/3227
f 2275/3807/2257 2285/3806/2266 3248/5542/3227
f 2294/3822/2277 3248/5542/3227 2285/3806/2266
f 3248/5542/3227 2294/3822/2277 2555/5543/2536
f 2555/5544/2536 2557/5545/2538 3246/5546/3226
f 1359/5533/1353 3244/5532/3223 2548/4234/2530
f 2548/4234/2530 3244/5532/3223 2551/4236/2532
f 2556/4246/2539 2551/4236/2532 3244/5532/3223
f 2548/5547/2530 1360/2211/1356 1359/2208/1353
f 2543/4226/2525 2540/4223/2522 1358/4232/1355
f 2540/5548/2522 2539/5549/2521 1357/2209/1354
f 1357/2209/1354 1358/2210/1355 2540/5548/2522
f 1357/5550/1354 2539/4222/2521 2537/4219/2519
f 3249/5551/3228 2537/4219/2519 2535/4215/2517
f 2537/4219/2519 3249/5551/3228 3250/5552/3229
f 3250/5553/3229 1357/2209/1354 2537/5554/2519
f 1373/2236/1369 1357/2209/1354 3250/5553/3229
f 3250/5553/3229 2481/4124/2462 1373/2236/1369
f 2481/4124/2462 3250/5553/3229 3251/5555/3230
f 3249/5551/3228 3251/5556/3230 3250/5552/3229
f 2533/4213/2515 3252/5557/3231 3251/5556/3230
f 3251/5555/3230 3252/5558/3231 2481/4124/2462
f 3251/5556/3230 3249/5551/3228 2534/4214/2516
f 3251/5556/3230 2534/4214/2516 2533/4213/2515
f 2486/4131/2468 3252/5557/3231 2532/4209/2513
f 3252/5557/3231 2486/4131/2468 2481/4133/2462
f 2533/4213/2515 2532/4209/2513 3252/5557/3231
f 2535/4215/2517 2534/4214/2516 3249/5551/3228
f 2486/4131/2468 2532/4209/2513 2485/4128/2466
f 2488/4134/2469 2485/4128/2466 2532/4209/2513
f 2514/4182/2495 2524/4195/2505 2522/4194/2504
f 2522/4194/2504 2516/4185/2498 2514/4182/2495
f 2506/4169/2488 1253/2068/1249 3253/5559/3232
f 3253/5559/3232 2503/4164/2484 2506/4169/2488
f 2503/4164/2484 2504/4165/2485 2506/4169/2488
f 3253/5559/3232 1257/2071/1252 1258/2072/1253
f 1257/2071/1252 3253/5559/3232 1253/2068/1249
f 2503/4164/2484 3253/5559/3232 1258/2072/1253
f 3255/5560/3233 3254/5561/3234 2480/5562/2460
f 2479/5563/2461 2480/5564/2460 3254/5565/3234
f 2480/5562/2460 2470/5566/2452 3255/5560/3233
f 3256/5567/3235 3255/5568/3233 2470/5569/2452
f 3255/5560/3233 3256/5570/3235 3257/5571/3236
f 3254/5561/3234 3255/5560/3233 1299/5572/1295
f 1296/5573/1292 1299/5572/1295 3255/5560/3233
f 3257/5571/3236 1296/5573/1292 3255/5560/3233
f 3258/5574/3237 3257/5571/3236 3256/5570/3235
f 3257/5575/3236 3258/5576/3237 3261/5577/3238
f 3260/5578/3239 3257/5579/3236 3259/5580/3240
f 3259/5581/3240 3257/5582/3236 3262/5583/3241
f 3257/5571/3236 3260/5584/3239 3263/5585/3242
f 3261/5577/3238 3262/5586/3241 3257/5575/3236
f 1296/5573/1292 3257/5571/3236 3264/5587/3243
f 3257/5571/3236 3263/5585/3242 3264/5587/3243
f 3264/5588/3243 3263/5589/3242 2463/5590/2444
f 3265/5591/3244 3264/5592/3243 2474/5593/2456
f 3264/5587/3243 3265/5594/3244 1296/5573/1292
f 2463/5595/2444 2474/5593/2456 3264/5592/3243
f 3266/5596/3245 3265/5594/3244 3267/5597/3246
f 3266/5596/3245 1296/5573/1292 3265/5594/3244
f 3267/5597/3246 3265/5594/3244 2474/5598/2456
f 3268/5599/3247 3266/5596/3245 3267/5597/3246
f 3260/5584/3239 3268/5599/3247 3267/5597/3246
f 3267/5597/3246 3269/5600/3248 3260/5584/3239
f 3269/5601/3248 3267/5602/3246 2475/5603/2455
f 2474/5598/2456 2475/5604/2455 3267/5597/3246
f 3263/5589/3242 3269/5605/3248 2461/5606/2442
f 3269/5600/3248 3263/5585/3242 3260/5584/3239
f 2475/5603/2455 3270/5607/3249 3269/5601/3248
f 3270/5607/3249 2461/5608/2442 3269/5601/3248
f 2461/4097/2442 3270/5609/3249 2452/4095/2433
f 2452/4095/2433 3270/5609/3249 2475/4117/2455
f 3266/5610/3245 3268/5611/3247 3271/5612/3250
f 3268/5613/3247 3272/5614/3251 3271/5615/3250
f 3268/5616/3247 3260/5578/3239 3272/5617/3251
f 3273/5618/3252 3271/5619/3250 3272/5620/3251
f 3274/5621/3253 3273/5622/3252 3272/5623/3251
f 3259/5580/3240 3272/5617/3251 3260/5578/3239
f 3275/5624/3254 3274/5625/3253 3272/5617/3251
f 3272/5617/3251 3259/5580/3240 3275/5624/3254
f 3275/5624/3254 3276/5626/3255 3274/5625/3253
f 3277/5627/3256 3276/5628/3255 3275/5629/3254
f 3277/5627/3256 3275/5629/3254 3259/5581/3240
f 3278/5630/3257 3276/5628/3255 3277/5627/3256
f 3277/5627/3256 3279/5631/3258 3278/5630/3257
f 3277/5627/3256 3262/5583/3241 3279/5631/3258
f 3262/5583/3241 3277/5627/3256 3259/5581/3240
f 3280/5632/3259 3278/5630/3257 3279/5631/3258
f 3279/5633/3258 3281/5634/3260 3280/5635/3259
f 3281/5634/3260 3279/5633/3258 3261/5577/3238
f 3262/5586/3241 3261/5577/3238 3279/5633/3258
f 3282/5636/3261 3281/5634/3260 3283/5637/3262
f 3282/5636/3261 3280/5635/3259 3281/5634/3260
f 3258/5576/3237 3281/5634/3260 3261/5577/3238
f 3283/5637/3262 3281/5634/3260 3258/5576/3237
f 3283/5637/3262 3284/5638/3263 3286/5639/3264
f 3258/5576/3237 3284/5638/3263 3283/5637/3262
f 3283/5637/3262 3286/5639/3264 3285/5640/3265
f 3283/5637/3262 3285/5640/3265 3282/5636/3261
f 3284/5638/3263 3287/5641/3266 3286/5639/3264
f 3287/5641/3266 1557/2496/1553 3286/5639/3264
f 3285/5640/3265 3286/5639/3264 1557/2496/1553
f 3287/5641/3266 1552/2491/1548 1557/2496/1553
f 3284/5638/3263 1552/2491/1548 3287/5641/3266
f 3282/5636/3261 3285/5640/3265 3288/5642/3267
f 3288/5642/3267 3285/5640/3265 1559/2498/1555
f 1557/2496/1553 1558/2497/1554 3285/5640/3265
f 1558/2497/1554 1559/2498/1555 3285/5640/3265
f 3289/5643/3268 3288/5642/3267 3290/5644/3269
f 3291/5645/3270 3288/5642/3267 3289/5643/3268
f 3288/5642/3267 1559/2498/1555 3290/5644/3269
f 3288/5642/3267 3291/5645/3270 3282/5636/3261
f 3293/5646/3271 3292/5647/3272 3291/5648/3270
f 3282/5636/3261 3291/5645/3270 3292/5649/3272
f 3291/5648/3270 3294/5650/3273 3293/5646/3271
f 3294/5650/3273 3291/5648/3270 3289/5651/3268
f 3294/5650/3273 3297/5652/3274 3295/5653/3275
f 3295/5653/3275 3293/5646/3271 3294/5650/3273
f 3289/5651/3268 3296/5654/3276 3294/5650/3273
f 3297/5652/3274 3294/5650/3273 3296/5654/3276
f 3297/5652/3274 3299/5655/3277 3298/5656/3278
f 3298/5656/3278 3300/5657/3279 3297/5652/3274
f 3300/5657/3279 3295/5653/3275 3297/5652/3274
f 3296/5654/3276 3299/5655/3277 3297/5652/3274
f 3303/5658/3280 3301/5659/3281 3300/5657/3279
f 3301/5659/3281 3302/5660/3282 3300/5657/3279
f 3300/5657/3279 3302/5660/3282 3295/5653/3275
f 3300/5657/3279 1591/5661/1587 3303/5658/3280
f 1584/2530/1578 1591/5661/1587 3300/5657/3279
f 3300/5657/3279 3298/5656/3278 1584/2530/1578
f 3301/5659/3281 3303/5658/3280 1596/2549/1592
f 1591/5661/1587 1596/2549/1592 3303/5658/3280
f 3302/5660/3282 3301/5659/3281 3306/5662/3283
f 3304/5663/3284 3305/5664/3285 3302/5660/3282
f 3302/5660/3282 3306/5662/3283 3304/5663/3284
f 3305/5664/3285 3295/5653/3275 3302/5660/3282
f 1600/2553/1596 3306/5662/3283 3301/5659/3281
f 3306/5662/3283 3307/5665/3286 3304/5663/3284
f 3306/5662/3283 1600/2553/1596 3307/5665/3286
f 3307/5665/3286 1600/2553/1596 1599/2552/1595
f 3307/5665/3286 1599/2552/1595 3308/5666/3287
f 3307/5665/3286 3273/5622/3252 3304/5663/3284
f 3308/5666/3287 3273/5622/3252 3307/5665/3286
f 1171/1957/1167 3308/5666/3287 1598/2551/1594
f 3308/5666/3287 1171/1957/1167 3309/5667/3288
f 3273/5622/3252 3308/5666/3287 3309/5667/3288
f 1598/2551/1594 3308/5666/3287 1599/2552/1595
f 3309/5667/3288 3310/5668/3289 3271/5612/3250
f 3310/5668/3289 3309/5667/3288 3311/5669/3290
f 3309/5667/3288 1171/1957/1167 3311/5669/3290
f 3309/5667/3288 3271/5612/3250 3273/5622/3252
f 3311/5669/3290 1171/1957/1167 1170/1956/1166
f 3311/5669/3290 1170/1956/1166 1176/1962/1172
f 1176/1962/1172 3312/5670/3291 3311/5669/3290
f 3311/5669/3290 3312/5670/3291 3310/5668/3289
f 1176/1962/1172 1181/1967/1177 3312/5670/3291
f 3312/5670/3291 1181/1967/1177 1289/2128/1285
f 3310/5668/3289 3312/5670/3291 1289/2128/1285
f 1289/2128/1285 1292/2131/1288 3310/5668/3289
f 3271/5612/3250 3310/5668/3289 1292/2131/1288
f 3305/5664/3285 3276/5628/3255 3278/5630/3257
f 3305/5664/3285 3304/5663/3284 3276/5628/3255
f 3278/5630/3257 3292/5647/3272 3305/5664/3285
f 3305/5664/3285 3292/5647/3272 3293/5646/3271
f 3293/5646/3271 3295/5653/3275 3305/5664/3285
f 3273/5622/3252 3274/5621/3253 3304/5663/3284
f 3274/5621/3253 3276/5628/3255 3304/5663/3284
f 1600/2553/1596 3301/5659/3281 1596/2549/1592
f 1583/2531/1579 3298/5656/3278 3299/5655/3277
f 3299/5655/3277 3296/5654/3276 3313/5671/3292
f 3313/5671/3292 1583/2531/1579 3299/5655/3277
f 3289/5651/3268 3313/5671/3292 3296/5654/3276
f 1581/2532/1577 1583/2531/1579 3313/5671/3292
f 3313/5672/3292 3289/5643/3268 3314/5673/3293
f 3314/5673/3293 3315/5674/3294 3313/5672/3292
f 3313/5671/3292 3315/5675/3294 1581/2532/1577
f 1565/2502/1559 1568/2510/1565 3315/5674/3294
f 3314/5673/3293 1565/2502/1559 3315/5674/3294
f 3315/5676/3294 1568/2511/1565 1579/2524/1575
f 3315/5676/3294 1579/2524/1575 1581/2526/1577
f 3289/5643/3268 3290/5644/3269 3314/5673/3293
f 3314/5673/3293 3290/5644/3269 1562/2501/1558
f 3314/5673/3293 1562/2501/1558 1565/2502/1559
f 3298/5656/3278 1583/2531/1579 1584/2530/1578
f 3278/5630/3257 3280/5632/3259 3292/5647/3272
f 3292/5649/3272 3280/5635/3259 3282/5636/3261
f 1562/2501/1558 3290/5644/3269 1559/2498/1555
f 1552/2491/1548 3284/5638/3263 1553/2492/1549
f 3284/5677/3263 3258/5678/3237 1553/5679/1549
f 3271/5612/3250 1292/2131/1288 3266/5610/3245
f 1296/2135/1292 3266/5610/3245 1292/2131/1288
f 2461/5606/2442 2462/5680/2443 3263/5589/3242
f 2462/5680/2443 2463/5590/2444 3263/5589/3242
f 3256/5570/3235 3316/5681/3295 3258/5574/3237
f 3316/5681/3295 3317/5682/3296 3258/5574/3237
f 1553/5683/1549 3258/5574/3237 3317/5682/3296
f 2472/5684/2451 3318/5685/3297 3317/5686/3296
f 3317/5686/3296 3316/5687/3295 2472/5684/2451
f 3319/5688/3298 3317/5689/3296 3318/5690/3297
f 3317/5682/3296 3319/5691/3298 1553/5683/1549
f 1553/5683/1549 3319/5691/3298 1370/2224/1363
f 3319/5691/3298 3320/5692/3299 1370/2224/1363
f 3320/5693/3299 3319/5688/3298 3321/5694/3300
f 3318/5690/3297 3321/5694/3300 3319/5688/3298
f 3321/5695/3300 3318/5696/3297 1374/2237/1370
f 1374/2237/1370 1373/2236/1369 3321/5695/3300
f 2479/4123/2461 3321/5695/3300 1373/2236/1369
f 3321/5697/3300 2479/5563/2461 3320/5698/3299
f 3320/5692/3299 3322/5699/3301 1370/2224/1363
f 3320/5692/3299 3254/5561/3234 3322/5699/3301
f 3254/5565/3234 3320/5698/3299 2479/5563/2461
f 3322/5700/3301 1301/2143/1297 3323/5701/3302
f 1301/2143/1297 3322/5700/3301 1299/2141/1295
f 3323/5701/3302 1368/5702/1364 3322/5700/3301
f 1370/2224/1363 3322/5699/3301 1368/2225/1364
f 1299/5572/1295 3322/5699/3301 3254/5561/3234
f 3325/5703/3303 3323/5701/3302 1301/2143/1297
f 3323/5701/3302 3325/5703/3303 3324/5704/3304
f 3323/5701/3302 3324/5704/3304 3326/5705/3305
f 1368/5702/1364 3323/5701/3302 3326/5705/3305
f 3326/5705/3305 1320/2161/1315 3327/5706/3306
f 1320/2161/1315 3326/5705/3305 3324/5704/3304
f 3327/5706/3306 1341/2183/1337 3326/5705/3305
f 3326/5705/3305 1369/5707/1365 1368/5702/1364
f 1369/5707/1365 3326/5705/3305 1341/2183/1337
f 1341/2183/1337 3327/5706/3306 1340/2181/1335
f 1322/2164/1318 1340/2181/1335 3327/5706/3306
f 1319/2160/1314 3327/5706/3306 1320/2161/1315
f 1319/2160/1314 1322/2164/1318 3327/5706/3306
f 1317/2159/1313 3324/5704/3304 3325/5703/3303
f 1301/2143/1297 1302/2142/1296 3325/5703/3303
f 3325/5703/3303 1302/2142/1296 1308/2150/1304
f 1317/2159/1313 3325/5703/3303 1313/2155/1309
f 1308/2150/1304 1313/2155/1309 3325/5703/3303
f 3324/5704/3304 1317/2159/1313 1320/2161/1315
f 1374/2237/1370 3318/5696/3297 2472/4113/2451
f 3316/5687/3295 3256/5567/3235 2471/5708/2454
f 2471/5708/2454 2472/5684/2451 3316/5687/3295
f 2470/5569/2452 2471/5708/2454 3256/5567/3235
f 2476/4119/2457 1282/4155/1278 1286/2120/1280
f 2475/4117/2455 1286/2120/1280 2452/4095/2433
f 2455/4088/2436 1389/2260/1385 2456/4089/2437
f 1379/2252/1373 2456/4089/2437 1389/2260/1385
f 1286/2120/1280 1284/2119/1279 2452/4095/2433
f 2426/4041/2407 1284/2119/1279 1290/4039/1286
f 2410/4034/2389 2405/5709/2386 2423/4035/2404
f 1267/2105/1261 2420/5710/2400 2418/5711/2399
f 1262/2081/1258 2420/4027/2400 1267/2084/1261
f 1262/2081/1258 1261/2080/1257 2420/4027/2400
f 2418/5473/2399 2419/4029/2401 1186/1970/1180
f 1184/1971/1181 1186/1970/1180 2419/4029/2401
f 2418/5711/2399 1276/2106/1271 1267/2105/1261
f 1276/2108/1271 2418/5473/2399 1277/2109/1272
f 1240/2048/1235 2416/4019/2397 1261/2080/1257
f 1240/2048/1235 2412/4013/2394 2416/4019/2397
f 2414/4028/2396 2408/5712/2391 2409/4031/2392
f 1245/2050/1236 1244/2057/1241 2413/4015/2395
f 2401/3996/2383 2413/4015/2395 1244/2057/1241
f 1245/2050/1236 2413/4015/2395 2412/4013/2394
f 1240/2048/1235 1245/2050/1236 2412/4013/2394
f 2406/4003/2387 2405/5713/2386 2410/4005/2389
f 2397/3987/2378 2391/3977/2371 2403/3999/2384
f 2386/3969/2367 2403/3999/2384 2391/3977/2371
f 2401/3996/2383 1244/2057/1241 1243/2056/1240
f 1233/5714/1228 2395/3984/2376 2398/5715/2380
f 1233/2053/1228 2398/3989/2380 1241/2054/1238
f 1233/5714/1228 2393/3981/2374 2395/3984/2376
f 1233/5714/1228 2390/3978/2372 2393/3981/2374
f 1232/3960/1227 2388/3975/2370 2390/3978/2372
f 1233/5714/1228 1232/3960/1227 2390/3978/2372
f 1232/3960/1227 2384/3968/2366 2388/3975/2370
f 2386/3969/2367 2382/3972/2363 2380/5293/2361
f 2374/3955/2356 2373/3954/2355 2379/3962/2360
f 2368/3948/2349 2348/3920/2329 2362/3938/2343
f 2295/3819/2274 2345/3914/2327 2335/3900/2316
f 2341/3908/2323 2344/3909/2324 2338/3905/2320
f 2333/3897/2314 2336/3903/2318 2339/3906/2321
f 2332/3896/2313 2333/3897/2314 2339/3906/2321
f 2331/3895/2312 2332/3896/2313 2339/3906/2321
f 2326/3884/2309 2298/3827/2279 2320/3885/2302
f 2312/3865/2294 2320/3874/2302 3328/5716/3307
f 3328/5717/3307 2320/3885/2302 2298/3827/2279
f 2298/3827/2279 2299/3829/2280 3328/5717/3307
f 2305/3845/2286 3328/5717/3307 2299/3829/2280
f 3328/5716/3307 2305/3854/2286 2312/3865/2294
f 2279/3859/2260 2277/5718/2255 2309/3858/2291
f 2294/3822/2277 2285/3806/2266 2286/3808/2267
f 2294/3822/2277 2286/3808/2267 2288/3814/2270
f 2274/3790/2256 1359/2208/1353 1356/2207/1352
f 2272/5719/2254 2269/5720/2251 2258/5721/2240
f 2258/5721/2240 2257/5722/2239 2272/5719/2254
f 2264/3774/2246 2272/5723/2254 2257/3772/2239
f 2270/5724/2249 2263/3769/2244 1540/2471/1535
f 1540/2471/1535 2254/3758/2236 2270/5724/2249
f 2254/3758/2236 2268/5725/2250 2270/5724/2249
f 2268/5726/2250 2258/5721/2240 2269/5720/2251
f 2258/3764/2240 2268/5725/2250 2254/3758/2236
f 2266/5330/2247 1534/2459/1530 1532/2454/1528
f 2261/3766/2242 1543/5727/1538 1540/2471/1535
f 1543/5727/1538 2261/3766/2242 3329/5728/3308
f 2260/3768/2243 3329/5728/3308 2261/3766/2242
f 3329/5728/3308 1544/5729/1539 1543/5727/1538
f 3331/5730/3309 1544/5729/1539 3329/5728/3308
f 3329/5728/3308 2260/3768/2243 2242/3747/2225
f 3329/5728/3308 2242/3747/2225 3330/5731/3310
f 3329/5728/3308 3330/5731/3310 3331/5730/3309
f 3331/5732/3309 3332/5733/3311 1544/2478/1539
f 3331/5730/3309 3330/5731/3310 3333/5734/3312
f 3334/5735/3313 3332/5736/3311 3331/5730/3309
f 3331/5730/3309 3333/5734/3312 3334/5735/3313
f 1572/2512/1566 1567/2507/1563 3334/5735/3313
f 1567/2507/1563 1569/5737/1564 3334/5735/3313
f 3332/5733/3311 3334/5738/3313 1569/2508/1564
f 1572/2512/1566 3334/5735/3313 3333/5734/3312
f 2212/3690/2193 3333/5734/3312 3330/5731/3310
f 1571/2513/1567 3333/5734/3312 2212/3690/2193
f 1572/2512/1566 3333/5734/3312 1571/2513/1567
f 1545/2479/1540 1544/2478/1539 3332/5733/3311
f 1545/2479/1540 3332/5733/3311 3335/5739/3314
f 1569/2508/1564 3335/5739/3314 3332/5733/3311
f 3335/5739/3314 1547/2482/1542 1545/2479/1540
f 1550/2488/1545 1547/2482/1542 3335/5739/3314
f 3335/5739/3314 1555/2493/1550 1550/2488/1545
f 1561/2499/1556 1555/2493/1550 3335/5739/3314
f 1569/2508/1564 1561/2499/1556 3335/5739/3314
f 2212/3690/2193 3330/5731/3310 2242/3747/2225
f 2243/3742/2222 2242/5740/2225 2260/3767/2243
f 2254/3758/2236 1540/2471/1535 1541/2472/1536
f 2246/3750/2228 2248/3751/2229 2152/3598/2133
f 2246/3750/2228 2154/3601/2136 2155/3602/2137
f 2154/3601/2136 2246/3750/2228 2152/3598/2133
f 2208/3687/2190 2246/3750/2228 2155/3602/2137
f 2155/3602/2137 2159/3609/2141 2208/3687/2190
f 2195/3665/2177 2202/3676/2183 2198/3668/2180
f 2202/3676/2183 2195/3665/2177 2196/3664/2176
f 2175/3633/2157 2168/3618/2150 2171/3621/2153
f 2123/3546/2106 2173/3625/2154 2135/3575/2117
f 2123/3546/2106 816/1382/818 2173/3625/2154
f 2160/3607/2139 2143/3586/2124 2166/3615/2147
f 2166/3615/2147 2143/3586/2124 2138/3583/2122
f 2166/3615/2147 2138/3583/2122 2140/3582/2121
f 2165/3614/2146 2139/3585/2123 2141/3581/2120
f 2144/3587/2125 2143/3586/2124 2160/3607/2139
f 2157/3606/2138 2144/3587/2125 2160/3607/2139
f 2092/3477/2075 2095/3548/2078 2124/3549/2108
f 2083/3458/2067 2079/3455/2063 2080/3454/2064
f 2067/3422/2051 2064/3424/2048 2074/3437/2058
f 2069/3439/2053 2067/3422/2051 2074/3437/2058
f 2053/3404/2040 3336/5741/1613 2061/3402/2038
f 2061/5742/2038 3336/5743/1613 3338/5744/3315
f 2061/3402/2038 870/1456/868 866/1455/867
f 870/5745/868 2061/5742/2038 3337/5746/3316
f 3338/5744/3315 3337/5746/3316 2061/5742/2038
f 3337/5747/3316 3338/5748/3315 3340/5749/3317
f 3338/5748/3315 3339/5750/1634 3340/5749/3317
f 3339/5751/1634 3338/5744/3315 3336/5743/1613
f 3341/5752/3318 3337/5747/3316 3340/5749/3317
f 3343/5753/3319 3341/5752/3318 3340/5749/3317
f 3339/5750/1634 3342/5754/1632 3340/5749/3317
f 3342/5754/1632 3343/5753/3319 3340/5749/3317
f 3341/5755/3318 3343/5756/3319 871/5757/873
f 869/5758/871 871/5759/873 3343/5760/3319
f 3343/5760/3319 3342/5761/1632 869/5758/871
f 3344/5762/1636 869/5758/871 3342/5761/1632
f 3342/5761/1632 3339/5763/1634 3344/5762/1636
f 3336/5764/1613 3344/5762/1636 3339/5763/1634
f 3344/5765/1636 3336/5741/1613 867/1461/872
f 867/1461/872 869/1460/871 3344/5765/1636
f 3337/5766/3316 3341/5755/3318 870/5767/868
f 871/5757/873 870/5767/868 3341/5755/3318
f 2053/3404/2040 867/1461/872 3336/5741/1613
f 2060/3411/2046 3345/5768/3320 2057/3410/2045
f 2060/3411/2046 3348/5769/3321 3345/5768/3320
f 3347/5770/3322 2060/5771/2046 2059/5772/2047
f 2060/5773/2046 3347/5774/3322 3346/5775/3323
f 3346/5775/3323 3348/5776/3321 2060/5773/2046
f 3348/5776/3321 3346/5775/3323 3349/5777/3324
f 3349/5777/3324 3350/5778/3325 3348/5776/3321
f 3348/5769/3321 3350/5779/3325 3351/5780/3326
f 3351/5780/3326 3345/5768/3320 3348/5769/3321
f 3351/5781/3326 3353/5782/3327 3352/5783/3328
f 3352/5783/3328 3354/5784/3329 3351/5781/3326
f 3345/5785/3320 3351/5786/3326 3354/5787/3329
f 3353/5788/3327 3351/5780/3326 3350/5779/3325
f 3356/5789/3330 3355/5790/3331 3354/5791/3329
f 3358/5792/3332 3354/5791/3329 3355/5790/3331
f 3354/5791/3329 3352/5793/3328 3357/5794/3333
f 3357/5794/3333 3356/5789/3330 3354/5791/3329
f 3354/5787/3329 3358/5795/3332 3345/5785/3320
f 3358/5792/3332 3355/5790/3331 3360/5796/6
f 3360/5796/6 3359/5797/3334 3358/5792/3332
f 3361/5798/3335 3358/5792/3332 3359/5797/3334
f 3358/5799/3332 3361/5800/3335 2057/5801/2045
f 2057/5802/2045 3345/5785/3320 3358/5795/3332
f 3359/5797/3334 3363/5803/3336 3361/5798/3335
f 3361/5800/3335 3362/5804/3337 3364/5805/3338
f 3363/5803/3336 3362/5806/3337 3361/5798/3335
f 3364/5805/3338 2057/5801/2045 3361/5800/3335
f 3364/5807/3338 3353/5788/3327 3365/5808/821
f 3365/5808/821 3367/5809/3339 3364/5807/3338
f 3353/5810/3327 3364/5805/3338 3362/5804/3337
f 3367/5809/3339 3366/5811/3340 3364/5807/3338
f 2057/3410/2045 3364/5807/3338 3366/5811/3340
f 3365/5808/821 3369/5812/3341 3367/5809/3339
f 3367/5813/3339 3368/5814/3342 3363/5815/3336
f 3368/5814/3342 3367/5813/3339 3369/5816/3341
f 3363/5815/3336 3366/5817/3340 3367/5813/3339
f 3369/5812/3341 3365/5808/821 3371/5818/3343
f 3369/5816/3341 3372/5819/3344 3368/5814/3342
f 3372/5819/3344 3369/5816/3341 3370/5820/3345
f 3370/5821/3345 3369/5812/3341 3371/5818/3343
f 3370/5820/3345 3373/5822/3346 3372/5819/3344
f 3372/5823/3344 3373/5824/3346 3375/5825/3347
f 3368/5826/3342 3372/5823/3344 3374/5827/6
f 3374/5827/6 3372/5823/3344 3375/5825/3347
f 3376/5828/3348 3375/5829/3347 3371/5830/3343
f 3374/5827/6 3375/5825/3347 3376/5831/3348
f 3377/5832/3349 3375/5825/3347 3373/5824/3346
f 3375/5833/3347 3377/5834/3349 3378/5835/3350
f 3378/5835/3350 3371/5836/3343 3375/5833/3347
f 3381/5837/3351 3378/5835/3350 3377/5834/3349
f 3371/5818/3343 3378/5838/3350 3379/5839/3352
f 3380/5840/3353 3379/5839/3352 3378/5838/3350
f 3378/5838/3350 3381/5841/3351 3380/5840/3353
f 3377/5834/3349 3382/5842/3354 3381/5837/3351
f 3384/5843/3355 3381/5844/3351 3382/5845/3354
f 3383/5846/3356 3380/5840/3353 3381/5841/3351
f 3381/5841/3351 3384/5847/3355 3383/5846/3356
f 3384/5847/3355 3387/5848/3357 3385/5849/821
f 3384/5847/3355 3385/5849/821 3383/5846/3356
f 3382/5845/3354 3386/5850/3358 3384/5843/3355
f 3387/5851/3357 3384/5843/3355 3386/5850/3358
f 3365/5808/821 3387/5848/3357 3371/5818/3343
f 3365/5808/821 3385/5849/821 3387/5848/3357
f 3386/5852/3358 3376/5828/3348 3387/5853/3357
f 3371/5830/3343 3387/5853/3357 3376/5828/3348
f 3388/5854/6 3386/5855/3358 3382/5856/3354
f 3376/5831/3348 3386/5855/3358 3388/5854/6
f 3389/5857/3359 3396/5858/3360 3388/5854/6
f 3390/5859/3361 3389/5857/3359 3388/5854/6
f 3388/5854/6 1786/2880/1782 3390/5859/3361
f 3388/5854/6 3391/5860/3362 1786/2880/1782
f 3388/5854/6 3393/5861/3363 3391/5860/3362
f 3376/5831/3348 3388/5854/6 3374/5827/6
f 3392/5862/3364 3388/5854/6 3382/5856/3354
f 3392/5862/3364 3393/5861/3363 3388/5854/6
f 3388/5854/6 3394/5863/3365 3397/5864/3366
f 3395/5865/3367 3394/5863/3365 3388/5854/6
f 3395/5865/3367 3388/5854/6 3396/5858/3360
f 3397/5864/3366 3374/5827/6 3388/5854/6
f 3398/5866/3368 3397/5867/3366 3394/5868/3365
f 3397/5867/3366 3398/5866/3368 3400/5869/3369
f 3397/5864/3366 3399/5870/3370 3374/5827/6
f 3400/5869/3369 3399/5871/3370 3397/5867/3366
f 3402/5872/3371 3400/5873/3369 3401/5874/3372
f 3401/5874/3372 3400/5873/3369 3398/5875/3368
f 3399/5871/3370 3400/5869/3369 3402/5876/3371
f 3405/5877/6 3402/5872/3371 3401/5874/3372
f 3402/5876/3371 3403/5878/3373 3404/5879/3374
f 3403/5878/3373 3402/5876/3371 3406/5880/3375
f 3402/5876/3371 3404/5879/3374 3399/5871/3370
f 3402/5872/3371 3405/5877/6 3406/5881/3375
f 3406/5881/3375 3405/5877/6 3407/5882/3376
f 3408/5883/3377 3406/5881/3375 3407/5882/3376
f 3357/5884/3333 3406/5880/3375 3408/5885/3377
f 3406/5880/3375 3357/5884/3333 3403/5878/3373
f 3407/5882/3376 3410/5886/3378 3408/5883/3377
f 3356/5887/3330 3408/5885/3377 3409/5888/3379
f 3409/5889/3379 3408/5883/3377 3410/5886/3378
f 3408/5885/3377 3356/5887/3330 3357/5884/3333
f 3413/5890/3380 3409/5889/3379 3410/5886/3378
f 3410/5891/3378 3412/5892/3381 3411/5893/3382
f 3411/5894/3382 3414/5895/3383 3410/5896/3378
f 3412/5892/3381 3410/5891/3378 3407/5897/3376
f 3410/5886/3378 3414/5898/3383 3413/5890/3380
f 3415/5899/3384 3418/5900/3385 3414/5898/3383
f 3415/5899/3384 3414/5898/3383 3416/5901/3386
f 3417/5902/3387 3416/5903/3386 3414/5904/3383
f 3414/5895/3383 3411/5894/3382 3417/5905/3387
f 3418/5900/3385 3413/5890/3380 3414/5898/3383
f 3419/5906/3388 3418/5907/3385 3415/5908/3384
f 3355/5909/3331 3413/5910/3380 3418/5911/3385
f 3419/5912/3388 3355/5909/3331 3418/5911/3385
f 3415/5908/3384 3420/5913/3389 3419/5906/3388
f 3360/5796/6 3419/5914/3388 3420/5915/3389
f 3355/5790/3331 3419/5914/3388 3360/5796/6
f 3420/5913/3389 3415/5908/3384 3422/5916/3390
f 3420/5915/3389 3421/5917/3391 2044/5918/2029
f 3422/5916/3390 3421/5919/3391 3420/5913/3389
f 2046/5920/2030 3360/5796/6 3420/5915/3389
f 3420/5915/3389 2044/5918/2029 2046/5920/2030
f 3422/5921/3390 3415/5899/3384 3423/5922/3392
f 3423/5923/3392 3425/5924/3393 3422/5925/3390
f 2037/5926/2022 3422/5916/3390 3424/5927/3394
f 3424/5927/3394 3422/5916/3390 3425/5928/3393
f 3422/5916/3390 2037/5926/2022 3421/5919/3391
f 3423/5923/3392 3427/5929/3395 3425/5924/3393
f 3425/5930/3393 3428/5931/3396 3424/5932/3394
f 3426/5933/3397 3425/5934/3393 3427/5935/3395
f 3428/5936/3396 3425/5937/3393 3426/5938/3397
f 3429/5939/3398 3433/5940/6 3428/5931/3396
f 3428/5931/3396 3430/5941/3399 3429/5939/3398
f 3430/5942/3399 3428/5943/3396 3431/5944/3400
f 3426/5945/3397 3431/5944/3400 3428/5943/3396
f 3434/5946/6 3432/5947/3401 3428/5931/3396
f 3432/5947/3401 3424/5932/3394 3428/5931/3396
f 3433/5940/6 3434/5946/6 3428/5931/3396
f 3434/5946/6 3436/5948/3402 3432/5947/3401
f 3434/5946/6 3433/5940/6 3435/5949/3403
f 3436/5948/3402 3434/5946/6 3435/5949/3403
f 2028/5950/2012 3436/5951/3402 3437/5952/3404
f 3437/5953/3404 3436/5948/3402 3435/5949/3403
f 3436/5951/3402 2032/5954/2013 2031/5955/2017
f 2031/5955/2017 3432/5956/3401 3436/5951/3402
f 3436/5951/3402 2028/5950/2012 2032/5954/2013
f 2030/5957/2015 2029/5958/2014 3437/5952/3404
f 3437/5952/3404 2029/5958/2014 2028/5950/2012
f 3439/5959/3405 3437/5952/3404 3438/5960/3406
f 3438/5961/3406 3437/5953/3404 3441/5962/3407
f 3439/5959/3405 2030/5957/2015 3437/5952/3404
f 3440/5963/3408 3441/5964/3407 3437/5965/3404
f 3435/5949/3403 3440/5966/3408 3437/5953/3404
f 3442/5967/3409 3443/5968/3410 3441/5969/3407
f 3440/5970/3408 3442/5967/3409 3441/5969/3407
f 3441/5962/3407 3443/5971/3410 3444/5972/6
f 3444/5972/6 3445/5973/3411 3441/5962/3407
f 3445/5973/3411 3438/5961/3406 3441/5962/3407
f 3444/5972/6 3446/5974/3412 3445/5973/3411
f 3447/5975/3413 3445/5976/3411 3446/5977/3412
f 3449/5978/3414 3438/5960/3406 3445/5976/3411
f 3445/5976/3411 3447/5975/3413 3448/5979/3415
f 3445/5976/3411 3448/5979/3415 3449/5978/3414
f 3448/5980/3415 2009/3321/6 3449/5981/3414
f 2009/3321/6 3439/5982/3405 3449/5981/3414
f 3438/5960/3406 3449/5978/3414 3439/5959/3405
f 2009/3321/6 3448/5980/3415 3447/5983/3413
f 3447/5975/3413 3446/5977/3412 3450/5984/3416
f 3450/5984/3416 3451/5985/3417 3447/5975/3413
f 3447/5983/3413 3451/5986/3417 3452/5987/3418
f 3452/5987/3418 2009/3321/6 3447/5983/3413
f 3453/5988/3419 3452/5989/3418 1997/5990/1985
f 3455/5991/3420 1997/5990/1985 3452/5989/3418
f 2009/3321/6 3452/5987/3418 3453/5992/3419
f 3452/5989/3418 3454/5993/3421 3455/5991/3420
f 3454/5994/3421 3452/5987/3418 3451/5986/3417
f 3454/5995/3421 3456/5996/3422 3455/5997/3420
f 1997/3304/1985 3455/5998/3420 1996/3303/1984
f 1628/2590/1623 1996/3303/1984 3455/5998/3420
f 3455/5998/3420 1625/2589/1622 1628/2590/1623
f 1625/5999/1622 3455/5997/3420 3456/5996/3422
f 3456/6000/3422 3454/5994/3421 3460/6001/3423
f 3456/6002/3422 3457/6003/3424 1625/6004/1622
f 3457/6005/3424 3456/6000/3422 3459/6006/3425
f 3460/6001/3423 3458/6007/3426 3456/6000/3422
f 3456/6000/3422 3458/6007/3426 3459/6006/3425
f 3462/6008/3427 3458/6009/3426 3460/6010/3423
f 3451/5986/3417 3460/6001/3423 3454/5994/3421
f 3461/6011/3428 3460/6010/3423 3451/5985/3417
f 3460/6010/3423 3461/6011/3428 3462/6008/3427
f 3464/6012/3429 3463/6013/3430 3462/6014/3427
f 3465/6015/3431 3462/6014/3427 3463/6013/3430
f 3462/6014/3427 3461/6016/3428 3464/6012/3429
f 3458/6009/3426 3462/6008/3427 3465/6017/3431
f 3466/6018/3432 3465/6015/3431 3463/6013/3430
f 3458/6019/3426 3465/6020/3431 3466/6021/3432
f 3472/6022/3433 3466/6021/3432 3467/6023/3434
f 3467/6024/3434 3466/6018/3432 3468/6025/3435
f 3466/6018/3432 3469/6026/3436 3468/6025/3435
f 3466/6018/3432 3471/6027/3437 3469/6026/3436
f 3463/6013/3430 3470/6028/3438 3466/6018/3432
f 3471/6027/3437 3466/6018/3432 3470/6028/3438
f 3466/6021/3432 3472/6022/3433 3458/6019/3426
f 3467/6023/3434 3473/6029/3439 3472/6022/3433
f 3472/6030/3433 3473/6031/3439 3475/6032/3440
f 3459/6006/3425 3472/6030/3433 3474/6033/3441
f 3472/6030/3433 3459/6006/3425 3458/6007/3426
f 3475/6032/3440 3474/6033/3441 3472/6030/3433
f 3474/6034/3441 3475/6035/3440 1651/6036/1647
f 3476/6037/3442 3475/6032/3440 3473/6031/3439
f 3475/6038/3440 3476/6039/3442 1652/6040/1648
f 1652/6041/1648 1651/6036/1647 3475/6035/3440
f 3476/6037/3442 3477/6042/3443 3478/6043/3444
f 3473/6031/3439 3477/6042/3443 3476/6037/3442
f 3478/6043/3444 3479/6044/3445 3476/6037/3442
f 3476/6039/3442 3479/6045/3445 3480/6046/3446
f 3480/6046/3446 1652/6040/1648 3476/6039/3442
f 3480/6047/3446 3482/6048/3447 3481/6049/3448
f 3480/6047/3446 3481/6049/3448 1653/2653/1649
f 3482/6050/3447 3480/6051/3446 3479/6052/3445
f 1652/2652/1648 3480/6047/3446 1653/2653/1649
f 3483/6053/3449 3482/6048/3447 3485/6054/3450
f 3483/6053/3449 3481/6049/3448 3482/6048/3447
f 3479/6052/3445 3484/6055/3451 3482/6050/3447
f 3485/6056/3450 3482/6050/3447 3484/6055/3451
f 3484/6055/3451 3474/6057/3441 3485/6056/3450
f 1651/6036/1647 3485/6058/3450 3474/6034/3441
f 1626/2591/1624 3483/6053/3449 3485/6054/3450
f 1626/2591/1624 3485/6054/3450 1651/2651/1647
f 3474/6033/3441 3484/6059/3451 3486/6060/3452
f 3478/6043/3444 3486/6060/3452 3484/6059/3451
f 3484/6059/3451 3479/6044/3445 3478/6043/3444
f 1626/6061/1624 3487/6062/3453 3486/6063/3452
f 3486/6060/3452 3487/6064/3453 3474/6033/3441
f 3483/6065/3449 3486/6063/3452 3478/6066/3444
f 3486/6063/3452 3483/6065/3449 1626/6061/1624
f 3487/6067/3453 1627/6068/1621 1624/6069/1620
f 1624/6070/1620 3459/6071/3425 3487/6072/3453
f 3487/6062/3453 1626/6061/1624 1627/6073/1621
f 3474/6033/3441 3487/6064/3453 3459/6006/3425
f 3478/6066/3444 3481/6074/3448 3483/6065/3449
f 3481/6074/3448 3478/6066/3444 3489/6075/3454
f 3489/6075/3454 3488/6076/3455 3481/6074/3448
f 1662/6077/1658 3481/6049/3448 3488/6078/3455
f 3481/6049/3448 1662/6077/1658 1653/2653/1649
f 3489/6079/3454 3478/6043/3444 3490/6080/3456
f 3492/6081/3457 3489/6079/3454 3490/6080/3456
f 3488/6076/3455 3489/6075/3454 3491/6082/3458
f 3491/6083/3458 3489/6079/3454 3492/6081/3457
f 3490/6080/3456 3498/6084/3459 3492/6081/3457
f 3495/6085/3460 3492/6086/3457 3493/6087/3461
f 3497/6088/3462 3493/6089/3461 3492/6090/3457
f 3492/6090/3457 3494/6091/3463 3497/6088/3462
f 3494/6092/3463 3492/6081/3457 3498/6084/3459
f 3492/6081/3457 3495/6093/3460 3496/6094/3464
f 3496/6094/3464 3491/6083/3458 3492/6081/3457
f 3498/6095/3459 3500/6096/3465 3499/6097/3466
f 3499/6097/3466 3501/6098/3467 3498/6095/3459
f 3500/6096/3465 3498/6095/3459 3490/6099/3456
f 3498/6084/3459 3501/6100/3467 3494/6092/3463
f 3501/6098/3467 3499/6097/3466 3504/6101/3468
f 3501/6100/3467 3502/6102/3469 3505/6103/3470
f 3503/6104/3471 3502/6105/3469 3501/6098/3467
f 3501/6098/3467 3504/6101/3468 3503/6104/3471
f 3505/6103/3470 3494/6092/3463 3501/6100/3467
f 3505/6106/3470 3506/6107/3472 3509/6108/3473
f 3506/6109/3472 3505/6103/3470 3507/6110/3474
f 3508/6111/3475 3507/6110/3474 3505/6103/3470
f 3502/6102/3469 3508/6111/3475 3505/6103/3470
f 3509/6108/3473 3510/6112/3476 3505/6106/3470
f 3494/6113/3463 3505/6106/3470 3510/6112/3476
f 3511/6114/3477 3512/6115/3478 3510/6116/3476
f 3513/6117/3479 3511/6114/3477 3510/6116/3476
f 3510/6116/3476 3512/6115/3478 1674/6118/1668
f 3497/6119/3462 3510/6116/3476 1674/6118/1668
f 3510/6116/3476 3509/6120/3473 3513/6117/3479
f 3510/6121/3476 3497/6088/3462 3494/6091/3463
f 3496/6122/3464 3513/6123/3479 3514/6124/3480
f 3514/6125/3480 3513/6117/3479 3515/6126/3481
f 3513/6123/3479 3496/6122/3464 3507/6127/3474
f 3509/6120/3473 3515/6126/3481 3513/6117/3479
f 3507/6127/3474 3511/6128/3477 3513/6123/3479
f 3506/6129/3472 3495/6085/3460 3515/6130/3481
f 3493/6087/3461 3515/6130/3481 3495/6085/3460
f 3515/6126/3481 3493/6131/3461 3514/6125/3480
f 3515/6130/3481 3509/6132/3473 3506/6129/3472
f 3491/6082/3458 3514/6124/3480 3488/6076/3455
f 3488/6078/3455 3514/6125/3480 3493/6131/3461
f 3514/6124/3480 3491/6082/3458 3496/6122/3464
f 3508/6133/3475 3512/6134/3478 3511/6128/3477
f 3516/6135/3482 1690/6136/1684 3512/6134/3478
f 3512/6134/3478 3508/6133/3475 3516/6135/3482
f 3512/6115/3478 1687/2712/1682 1674/6118/1668
f 3512/6115/3478 1690/2713/1684 1687/2712/1682
f 3517/6137/3483 3519/6138/3484 3516/6139/3482
f 3517/6137/3483 3516/6139/3482 3520/6140/3485
f 1690/6136/1684 3516/6135/3482 3518/6141/3486
f 3518/6142/3486 3516/6139/3482 3519/6138/3484
f 3502/6102/3469 3516/6139/3482 3508/6111/3475
f 3516/6139/3482 3502/6102/3469 3520/6140/3485
f 3520/6143/3485 3523/6144/3487 3521/6145/3488
f 3521/6145/3488 3522/6146/3489 3520/6143/3485
f 3520/6140/3485 3522/6147/3489 3517/6137/3483
f 3523/6144/3487 3520/6143/3485 3502/6105/3469
f 3502/6105/3469 3503/6104/3471 3523/6144/3487
f 3523/6148/3487 3503/6149/3471 1850/3004/1845
f 3521/6150/3488 3523/6148/3487 1850/3004/1845
f 3522/6146/3489 3521/6145/3488 3524/6151/3490
f 3522/6146/3489 3524/6151/3490 1844/2986/1837
f 1844/2986/1837 1842/2984/1835 3522/6146/3489
f 3522/6147/3489 1842/2983/1835 3525/6152/3491
f 3525/6152/3491 3517/6137/3483 3522/6147/3489
f 1841/2982/1834 3525/6152/3491 1842/2983/1835
f 3517/6153/3483 3525/6154/3491 1693/6155/1688
f 3525/6154/3491 1841/6156/1834 1693/6155/1688
f 3524/6157/3490 3521/6150/3488 1846/2991/1839
f 1844/2988/1837 3524/6157/3490 1846/2991/1839
f 3521/6150/3488 1850/3004/1845 1846/2991/1839
f 3519/6158/3484 3517/6159/3483 3527/6160/3492
f 3526/6161/3493 3519/6162/3484 3528/6163/3494
f 3518/6142/3486 3519/6138/3484 3526/6164/3493
f 3527/6160/3492 3528/6165/3494 3519/6158/3484
f 3530/6166/3495 3528/6167/3494 3529/6168/3496
f 3531/6169/3497 3529/6168/3496 3528/6167/3494
f 3528/6163/3494 3530/6170/3495 3526/6161/3493
f 1690/2713/1684 3528/6167/3494 3527/6171/3492
f 1690/2713/1684 3531/6169/3497 3528/6167/3494
f 3531/6172/3497 3518/6141/3486 1837/6173/1831
f 3518/6141/3486 3531/6172/3497 1690/6136/1684
f 1837/6173/1831 3529/6174/3496 3531/6172/3497
f 3530/6175/3495 1693/6155/1688 1841/6156/1834
f 1692/2717/1687 1693/2718/1688 3530/6166/3495
f 3529/6168/3496 989/2732/988 3530/6166/3495
f 3530/6166/3495 989/2732/988 1692/2717/1687
f 1841/6176/1834 3526/6161/3493 3530/6170/3495
f 3532/6177/3498 3533/6178/3499 3529/6174/3496
f 3529/6174/3496 1837/6173/1831 3532/6177/3498
f 989/2732/988 3529/6168/3496 3533/6179/3499
f 3532/6177/3498 3534/6180/3500 3533/6178/3499
f 3533/6179/3499 3534/6181/3500 989/2732/988
f 3535/6182/3501 3536/6183/3502 3534/6180/3500
f 3534/6180/3500 3532/6177/3498 3535/6182/3501
f 989/2732/988 3534/6181/3500 1704/2737/1700
f 3534/6181/3500 3536/6184/3502 1704/2737/1700
f 3536/6183/3502 3535/6182/3501 3537/6185/3503
f 3538/6186/3504 1704/2737/1700 3536/6184/3502
f 3537/6185/3503 1709/6187/1703 3536/6183/3502
f 3536/6184/3502 1709/2741/1703 3538/6186/3504
f 1708/2740/1702 3538/6186/3504 1709/2741/1703
f 3540/6188/3505 3539/6189/3506 3538/6190/3504
f 1704/6191/1700 3538/6190/3504 3539/6189/3506
f 3538/6192/3504 1708/6193/1702 3540/6194/3505
f 3539/6195/3506 3540/6196/3505 3537/6197/3503
f 3541/6198/3507 3537/6197/3503 3540/6196/3505
f 1833/6199/1827 3540/6194/3505 1708/6193/1702
f 3541/6198/3507 3540/6196/3505 1833/2972/1827
f 3541/6198/3507 1819/2946/1812 3543/6200/1996
f 1819/2946/1812 3541/6198/3507 1825/2971/1818
f 1833/2972/1827 1825/2971/1818 3541/6198/3507
f 3541/6201/3507 3542/6202/3508 1709/6187/1703
f 1709/6187/1703 3537/6185/3503 3541/6201/3507
f 3541/6201/3507 3544/6203/3509 3542/6202/3508
f 3545/6204/3510 3541/6198/3507 3543/6200/1996
f 3544/6203/3509 3541/6201/3507 3545/6205/3510
f 3544/6203/3509 3545/6205/3510 3546/6206/3511
f 3546/6207/3511 3545/6204/3510 3543/6200/1996
f 3549/6208/3512 3546/6209/3511 3547/6210/3513
f 3547/6211/3513 3546/6207/3511 3548/6212/3514
f 3546/6206/3511 3549/6213/3512 3544/6203/3509
f 3543/6200/1996 3548/6212/3514 3546/6207/3511
f 3547/6210/3513 3552/6214/3515 3549/6208/3512
f 3551/6215/3516 3550/6216/3517 3549/6217/3512
f 3544/6218/3509 3549/6217/3512 3550/6216/3517
f 3549/6217/3512 3552/6219/3515 3551/6215/3516
f 3552/6214/3515 3547/6210/3513 1814/6220/1808
f 1814/6220/1808 3554/6221/3518 3552/6214/3515
f 3553/6222/3519 3551/6215/3516 3552/6219/3515
f 3552/6219/3515 3554/6223/3518 3553/6222/3519
f 3554/6223/3518 1766/2839/821 3553/6222/3519
f 1766/2839/821 3554/6223/3518 3555/6224/3520
f 1774/2861/1768 3555/6225/3520 3554/6221/3518
f 3554/6221/3518 1814/6220/1808 1774/2861/1768
f 1774/2861/1768 1768/2860/1762 3555/6225/3520
f 3555/6224/3520 1768/2843/1762 1766/2839/821
f 3553/6226/3519 3556/6227/3521 1816/6228/1810
f 3556/6229/3521 3553/6222/3519 1764/2838/1759
f 3553/6222/3519 1766/2839/821 1764/2838/1759
f 1816/6228/1810 1817/6230/1809 3553/6226/3519
f 3551/6231/3516 3553/6226/3519 1817/6230/1809
f 3557/6232/3522 1707/2742/1704 3556/6229/3521
f 3550/6216/3517 3556/6229/3521 1707/2742/1704
f 3556/6233/3521 3550/6234/3517 3543/6235/1996
f 1764/2838/1759 3557/6232/3522 3556/6229/3521
f 3543/6235/1996 1816/6236/1810 3556/6233/3521
f 3558/6237/3523 1707/6238/1704 3557/6239/3522
f 1762/2834/1758 3557/6240/3522 1764/2835/1759
f 3557/6240/3522 1762/2834/1758 3558/6241/3523
f 3558/6242/3523 1762/2836/1758 3559/6243/3524
f 3559/6243/3524 3560/6244/3525 3558/6242/3523
f 3560/6244/3525 3561/6245/3526 3558/6242/3523
f 1712/2750/1708 3558/6242/3523 3561/6245/3526
f 1707/2744/1704 3558/6246/3523 1712/2749/1708
f 1725/6247/1721 1713/6248/1709 3561/6249/3526
f 3561/6249/3526 1728/6250/1725 1725/6247/1721
f 1728/6250/1725 3561/6249/3526 3560/6251/3525
f 3561/6245/3526 1713/2751/1709 1712/2750/1708
f 1729/6252/1723 3560/6253/3525 3559/6254/3524
f 3560/6251/3525 1729/6255/1723 1728/6250/1725
f 3562/6256/3527 3559/6243/3524 1762/2836/1758
f 3563/6257/3528 3559/6254/3524 3562/6258/3527
f 3559/6254/3524 3563/6257/3528 1729/6252/1723
f 3563/6259/3528 3564/6260/3529 1727/2773/1722
f 1729/2774/1723 3563/6259/3528 1727/2773/1722
f 3562/6258/3527 3564/6261/3529 3563/6257/3528
f 1747/2810/1743 1727/2773/1722 3564/6260/3529
f 3564/6261/3529 3562/6258/3527 1763/6262/1757
f 1763/6262/1757 3565/6263/3530 3564/6261/3529
f 3564/6260/3529 3565/6264/3530 1747/2810/1743
f 3565/6264/3530 1749/2811/1745 1747/2810/1743
f 3565/6263/3530 1763/6262/1757 1761/6265/1756
f 1761/6265/1756 1749/6266/1745 3565/6263/3530
f 1763/2833/1757 3562/6256/3527 1762/2836/1758
f 1817/6267/1809 3548/6268/3514 3551/6269/3516
f 3550/6270/3517 3551/6269/3516 3548/6268/3514
f 3550/6216/3517 1707/2742/1704 3542/6271/3508
f 3548/6272/3514 3543/6235/1996 3550/6234/3517
f 3550/6216/3517 3542/6271/3508 3544/6218/3509
f 3548/6212/3514 1817/2942/1809 3547/6211/3513
f 1814/2940/1808 3547/6211/3513 1817/2942/1809
f 1816/2943/1810 3543/6200/1996 1819/2946/1812
f 1707/2742/1704 1709/2741/1703 3542/6271/3508
f 3539/6273/3506 1834/6274/1828 1704/6275/1700
f 1834/2973/1828 3539/6195/3506 3532/6276/3498
f 3537/6197/3503 3535/6277/3501 3539/6195/3506
f 3535/6277/3501 3532/6276/3498 3539/6195/3506
f 3532/6276/3498 1837/2977/1831 1834/2973/1828
f 1689/6278/1686 3527/6160/3492 3517/6159/3483
f 3527/6171/3492 1689/2715/1686 1690/2713/1684
f 1837/2977/1831 3518/6142/3486 3526/6164/3493
f 3526/6164/3493 1841/2982/1834 1837/2977/1831
f 1693/6155/1688 1689/6279/1686 3517/6153/3483
f 3511/6128/3477 3507/6127/3474 3508/6133/3475
f 3507/6110/3474 3496/6094/3464 3506/6109/3472
f 3495/6093/3460 3506/6109/3472 3496/6094/3464
f 3567/6280/3531 3566/6281/3532 3504/6282/3468
f 3503/6149/3471 3504/6282/3468 3566/6281/3532
f 3504/6282/3468 3499/6283/3466 3567/6280/3531
f 3569/6284/3533 3566/6285/3532 3567/6286/3531
f 3570/6287/3534 3567/6286/3531 3568/6288/3535
f 3500/6289/3465 3568/6290/3535 3567/6280/3531
f 3499/6283/3466 3500/6289/3465 3567/6280/3531
f 3570/6287/3534 3569/6284/3533 3567/6286/3531
f 3568/6291/3535 3571/6292/3536 3570/6293/3534
f 3569/6294/3533 3570/6295/3534 3571/6296/3536
f 3572/6297/3537 3573/6298/3538 3571/6299/3536
f 3571/6292/3536 3568/6291/3535 3572/6300/3537
f 3573/6301/3538 3569/6294/3533 3571/6296/3536
f 3566/6285/3532 3569/6284/3533 3573/6302/3538
f 3573/6298/3538 3572/6297/3537 3566/6303/3532
f 3572/6304/3537 3568/6290/3535 3574/6305/6
f 3574/6305/6 1851/3005/6 3572/6304/3537
f 1851/3005/6 3566/6281/3532 3572/6304/3537
f 1851/3005/6 3574/6305/6 1857/3020/1850
f 3574/6305/6 3578/6306/3539 1857/3020/1850
f 3575/6307/3540 3574/6305/6 3568/6290/3535
f 3574/6305/6 3575/6307/3540 3576/6308/3541
f 3577/6309/3542 3574/6305/6 3576/6308/3541
f 3574/6305/6 3577/6309/3542 3578/6306/3539
f 3580/6310/3543 1857/3022/1850 3578/6311/3539
f 3579/6312/3544 3578/6311/3539 3577/6313/3542
f 3578/6311/3539 3579/6312/3544 3580/6310/3543
f 1857/3022/1850 3580/6310/3543 1858/3021/1851
f 3580/6314/3543 3579/6315/3544 3582/6316/3545
f 1858/6317/1851 3580/6314/3543 3581/6318/3546
f 3582/6316/3545 3581/6318/3546 3580/6314/3543
f 3583/6319/3547 3582/6316/3545 3579/6315/3544
f 3581/6320/3546 3582/6321/3545 3584/6322/3548
f 3585/6323/3549 3582/6324/3545 3583/6325/3547
f 3582/6324/3545 3585/6323/3549 3584/6326/3548
f 3584/6327/3548 3585/6328/3549 3583/6329/3547
f 3584/6327/3548 3583/6329/3547 3581/6330/3546
f 3579/6315/3544 3586/6331/6 3583/6319/3547
f 3581/6318/3546 3583/6319/3547 3586/6331/6
f 3586/6331/6 3591/6332/3550 3587/6333/3551
f 3587/6333/3551 3588/6334/3552 3586/6331/6
f 3592/6335/3553 3586/6331/6 3588/6334/3552
f 3586/6331/6 1858/6317/1851 3581/6318/3546
f 3586/6331/6 3589/6336/3554 3590/6337/3555
f 3586/6331/6 1861/3026/6 3589/6336/3554
f 3590/6337/3555 1859/3025/1852 3586/6331/6
f 3579/6315/3544 3591/6332/3550 3586/6331/6
f 1861/3026/6 3586/6331/6 3593/6338/3556
f 1859/3025/1852 1858/6317/1851 3586/6331/6
f 3592/6335/3553 3593/6338/3556 3586/6331/6
f 3593/6338/3556 3594/6339/3557 1861/3026/6
f 3596/6340/3558 3593/6341/3556 3592/6342/3553
f 3595/6343/3559 3594/6344/3557 3593/6341/3556
f 3593/6341/3556 3596/6340/3558 3595/6343/3559
f 3595/6345/3559 3596/6346/3558 3600/6347/3560
f 3596/6348/3558 3592/6335/3553 3597/6349/3561
f 3597/6350/3561 3598/6351/3562 3596/6352/3558
f 3599/6353/3563 3596/6346/3558 3598/6354/3562
f 3599/6353/3563 3601/6355/3564 3596/6346/3558
f 3601/6355/3564 3600/6347/3560 3596/6346/3558
f 3601/6356/3564 3603/6357/3565 3602/6358/3566
f 3602/6358/3566 3600/6359/3560 3601/6356/3564
f 3603/6357/3565 3601/6356/3564 3599/6360/3563
f 3604/6361/3567 3605/6362/3568 3603/6357/3565
f 3603/6357/3565 3599/6360/3563 3604/6361/3567
f 3602/6363/3566 3603/6364/3565 3607/6365/3569
f 3603/6364/3565 3605/6366/3568 3606/6367/3570
f 3606/6367/3570 3607/6365/3569 3603/6364/3565
f 3608/6368/3571 3602/6363/3566 3607/6365/3569
f 3607/6365/3569 3609/6369/3572 3608/6368/3571
f 3607/6370/3569 3606/6371/3570 3612/6372/3573
f 3609/6373/3572 3607/6370/3569 3610/6374/3574
f 3611/6375/3575 3610/6374/3574 3607/6370/3569
f 3612/6372/3573 3611/6375/3575 3607/6370/3569
f 3615/6376/3576 3611/6377/3575 3612/6378/3573
f 3613/6379/3577 3612/6372/3573 3606/6371/3570
f 3612/6378/3573 3613/6380/3577 3617/6381/3578
f 3616/6382/3579 3614/6383/3580 3612/6378/3573
f 3612/6378/3573 3614/6383/3580 3615/6376/3576
f 3617/6381/3578 3616/6382/3579 3612/6378/3573
f 3616/6384/3579 3617/6385/3578 3619/6386/3581
f 3620/6387/3582 3617/6385/3578 3618/6388/3583
f 3618/6389/3583 3617/6381/3578 3613/6380/3577
f 3620/6387/3582 3619/6386/3581 3617/6385/3578
f 3619/6390/3581 3620/6391/3582 3622/6392/3584
f 3618/6388/3583 3623/6393/3585 3620/6387/3582
f 3620/6391/3582 3623/6394/3585 3621/6395/3586
f 3621/6395/3586 3622/6392/3584 3620/6391/3582
f 3623/6394/3585 3625/6396/3587 3621/6395/3586
f 3623/6393/3585 3618/6388/3583 3624/6397/3588
f 3624/6397/3588 3625/6398/3587 3623/6393/3585
f 3624/6397/3588 3626/6399/3589 3625/6398/3587
f 3625/6396/3587 3626/6400/3589 3621/6395/3586
f 3626/6400/3589 3627/6401/3590 3628/6402/3591
f 3627/6403/3590 3626/6399/3589 3629/6404/3592
f 3628/6402/3591 3621/6395/3586 3626/6400/3589
f 3624/6397/3588 3629/6404/3592 3626/6399/3589
f 3629/6405/3592 3613/6380/3577 3630/6406/3593
f 3630/6406/3593 3631/6407/3594 3629/6405/3592
f 3629/6404/3592 3631/6408/3594 3627/6403/3590
f 3629/6405/3592 3624/6409/3588 3613/6380/3577
f 3632/6410/3595 3631/6407/3594 3630/6406/3593
f 3631/6411/3594 3632/6412/3595 3633/6413/3596
f 3633/6413/3596 3627/6414/3590 3631/6411/3594
f 3627/6401/3590 3633/6415/3596 3628/6402/3591
f 3633/6415/3596 3634/6416/3597 3628/6402/3591
f 3632/6412/3595 3634/6417/3597 3633/6413/3596
f 3634/6416/3597 3635/6418/3598 3636/6419/3599
f 3637/6420/3600 3635/6421/3598 3634/6417/3597
f 3636/6419/3599 3628/6402/3591 3634/6416/3597
f 3634/6417/3597 3632/6412/3595 3637/6420/3600
f 3630/6406/3593 3638/6422/3601 3637/6423/3600
f 3637/6423/3600 3632/6410/3595 3630/6406/3593
f 3639/6424/3602 3637/6423/3600 3638/6422/3601
f 3635/6421/3598 3637/6420/3600 3639/6425/3602
f 3639/6425/3602 3640/6426/3603 3642/6427/3604
f 3640/6428/3603 3639/6424/3602 3638/6422/3601
f 3639/6425/3602 3642/6427/3604 3641/6429/3605
f 3639/6425/3602 3641/6429/3605 3635/6421/3598
f 3642/6430/3604 3644/6431/3606 3643/6432/3607
f 3641/6433/3605 3642/6430/3604 3643/6432/3607
f 3644/6434/3606 3642/6427/3604 3640/6426/3603
f 3640/6426/3603 3645/6435/3608 3644/6434/3606
f 3646/6436/3609 3644/6434/3606 3645/6435/3608
f 3644/6431/3606 3646/6437/3609 3647/6438/3610
f 3647/6438/3610 3643/6432/3607 3644/6431/3606
f 3643/6432/3607 3647/6438/3610 3650/6439/3611
f 3646/6437/3609 3651/6440/3612 3647/6438/3610
f 3647/6438/3610 3648/6441/3613 3649/6442/3614
f 3648/6441/3613 3647/6438/3610 3651/6440/3612
f 3649/6442/3614 3650/6439/3611 3647/6438/3610
f 3653/6443/3615 3651/6444/3612 3646/6436/3609
f 3651/6440/3612 3652/6445/3616 3648/6441/3613
f 3654/6446/3617 3652/6447/3616 3651/6444/3612
f 3651/6444/3612 3653/6443/3615 3654/6446/3617
f 3654/6448/3617 3653/6449/3615 3657/6450/3618
f 3655/6451/3619 3652/6447/3616 3654/6446/3617
f 3654/6446/3617 3656/6452/3620 3655/6451/3619
f 3656/6453/3620 3654/6448/3617 3657/6450/3618
f 3658/6454/3621 1907/3123/1895 3657/6455/3618
f 3657/6455/3618 3659/6456/3622 3658/6454/3621
f 3659/6457/3622 3657/6450/3618 3653/6449/3615
f 1908/3124/1896 3657/6455/3618 1907/3123/1895
f 3660/6458/3623 3656/6453/3620 3657/6450/3618
f 3657/6450/3618 1908/3125/1896 3660/6458/3623
f 3656/6452/3620 3660/6459/3623 3661/6460/3624
f 3662/6461/3625 3661/6460/3624 3660/6459/3623
f 3660/6459/3623 1911/3129/1900 3662/6461/3625
f 1911/3131/1900 3660/6458/3623 1908/3125/1896
f 3661/6460/3624 3662/6461/3625 1916/3139/1904
f 3662/6461/3625 1912/3128/1899 1916/3139/1904
f 1912/3128/1899 3662/6461/3625 1911/3129/1900
f 3661/6460/3624 3655/6451/3619 3656/6452/3620
f 3655/6451/3619 3661/6460/3624 1916/3139/1904
f 3663/6462/3626 3658/6454/3621 3659/6456/3622
f 3638/6422/3601 3659/6457/3622 3640/6428/3603
f 3659/6456/3622 3638/6463/3601 3663/6462/3626
f 3645/6464/3608 3640/6428/3603 3659/6457/3622
f 3659/6457/3622 3653/6449/3615 3645/6464/3608
f 3658/6465/3621 3663/6466/3626 3666/6467/3627
f 3664/6468/3628 3663/6462/3626 3638/6463/3601
f 3663/6466/3626 3664/6469/3628 3665/6470/3629
f 3665/6470/3629 3666/6467/3627 3663/6466/3626
f 3666/6471/3627 3667/6472/3630 3668/6473/3631
f 3667/6472/3630 3666/6471/3627 3665/6474/3629
f 3668/6473/3631 3669/6475/3632 3666/6471/3627
f 3666/6467/3627 3669/6476/3632 3658/6465/3621
f 3669/6477/3632 3668/6478/3631 3670/6479/3633
f 3670/6479/3633 3671/6480/3634 3669/6477/3632
f 3669/6476/3632 3671/6481/3634 3658/6465/3621
f 3671/6480/3634 3670/6479/3633 3672/6482/3635
f 3672/6482/3635 3673/6483/3636 3671/6480/3634
f 3671/6481/3634 3673/6484/3636 1907/6485/1895
f 1907/6485/1895 3658/6465/3621 3671/6481/3634
f 3673/6484/3636 3674/6486/3637 1907/6485/1895
f 3675/6487/3638 3674/6488/3637 3673/6483/3636
f 3673/6483/3636 3672/6482/3635 3675/6487/3638
f 1892/3097/1881 3675/6489/3638 3676/6490/3639
f 3677/6491/3640 3676/6490/3639 3675/6489/3638
f 3675/6489/3638 3672/6492/3635 3677/6491/3640
f 3674/6488/3637 3675/6487/3638 1892/3095/1881
f 3677/6493/3640 3678/6494/3641 3679/6495/3642
f 3678/6494/3641 3677/6493/3640 3680/6496/3643
f 3679/6495/3642 3676/6497/3639 3677/6493/3640
f 3670/6498/3633 3680/6499/3643 3677/6491/3640
f 3672/6492/3635 3670/6498/3633 3677/6491/3640
f 3680/6500/3643 3681/6501/3644 3678/6502/3641
f 3681/6503/3644 3680/6504/3643 3682/6505/3645
f 3682/6506/3645 3680/6499/3643 3668/6507/3631
f 3670/6498/3633 3668/6507/3631 3680/6499/3643
f 3682/6505/3645 3683/6508/3646 3681/6503/3644
f 3683/6508/3646 3682/6505/3645 3684/6509/3647
f 3685/6510/3648 3684/6511/3647 3682/6506/3645
f 3668/6507/3631 3667/6512/3630 3682/6506/3645
f 3667/6512/3630 3685/6510/3648 3682/6506/3645
f 3685/6510/3648 3686/6513/3649 3684/6511/3647
f 3687/6514/3650 3686/6515/3649 3685/6516/3648
f 3665/6474/3629 3685/6516/3648 3667/6472/3630
f 3685/6516/3648 3665/6474/3629 3687/6514/3650
f 3687/6517/3650 3665/6470/3629 3664/6469/3628
f 3688/6518/3651 3687/6517/3650 3664/6469/3628
f 3686/6515/3649 3687/6514/3650 3688/6519/3651
f 3664/6469/3628 3689/6520/3652 3688/6518/3651
f 3691/6521/3653 3688/6518/3651 3689/6520/3652
f 3688/6519/3651 3690/6522/3654 3686/6515/3649
f 3690/6522/3654 3688/6519/3651 3691/6523/3653
f 3691/6523/3653 3692/6524/3655 3690/6522/3654
f 3692/6524/3655 3691/6523/3653 3693/6525/3656
f 3693/6526/3656 3691/6521/3653 3689/6520/3652
f 3693/6527/3656 3694/6528/3657 3692/6529/3655
f 3694/6528/3657 3693/6527/3656 3605/6362/3568
f 3605/6366/3568 3693/6526/3656 3606/6367/3570
f 3689/6520/3652 3606/6367/3570 3693/6526/3656
f 3598/6354/3562 3695/6530/3658 3694/6531/3657
f 3694/6531/3657 3604/6532/3567 3598/6354/3562
f 3692/6533/3655 3694/6531/3657 3695/6530/3658
f 3605/6362/3568 3604/6361/3567 3694/6528/3657
f 3698/6534/3659 3695/6530/3658 3598/6354/3562
f 3695/6530/3658 3696/6535/3660 3690/6536/3654
f 3697/6537/3661 3696/6538/3660 3695/6539/3658
f 3690/6536/3654 3692/6533/3655 3695/6530/3658
f 3695/6539/3658 3698/6540/3659 3697/6537/3661
f 3698/6541/3659 3597/6349/3561 3699/6542/6
f 3697/6543/3661 3698/6541/3659 3699/6542/6
f 3598/6351/3562 3597/6350/3561 3698/6544/3659
f 3699/6542/6 3700/6545/3662 3705/6546/3663
f 3701/6547/3664 3700/6545/3662 3699/6542/6
f 3699/6542/6 3702/6548/3665 3701/6547/3664
f 3592/6335/3553 3699/6542/6 3597/6349/3561
f 3703/6549/3666 3702/6548/3665 3699/6542/6
f 3699/6542/6 3592/6335/3553 3703/6549/3666
f 3706/6550/3667 3704/6551/3668 3699/6542/6
f 3699/6542/6 3704/6551/3668 3697/6543/3661
f 3699/6542/6 3705/6546/3663 3706/6550/3667
f 3706/6552/3667 3705/6553/3663 3707/6554/3669
f 3708/6555/3670 3706/6556/3667 3707/6557/3669
f 3704/6551/3668 3706/6550/3667 3708/6558/3670
f 3710/6559/6 3704/6551/3668 3708/6558/3670
f 3709/6560/3671 3708/6555/3670 3707/6557/3669
f 3708/6558/3670 3709/6561/3671 3710/6559/6
f 3700/6545/3662 3710/6559/6 3709/6561/3671
f 3700/6545/3662 3712/6562/3672 3710/6559/6
f 3710/6559/6 3713/6563/6 3704/6551/3668
f 3710/6559/6 3711/6564/3673 3714/6565/3674
f 3711/6564/3673 3710/6559/6 3712/6562/3672
f 3713/6563/6 3710/6559/6 3715/6566/3675
f 3714/6565/3674 3715/6566/3675 3710/6559/6
f 3717/6567/3676 3716/6568/3677 3715/6569/3675
f 3715/6566/3675 3716/6570/3677 3713/6563/6
f 3715/6571/3675 3714/6572/3674 3717/6573/3676
f 3716/6574/3677 3717/6575/3676 3718/6576/3678
f 3718/6577/3678 3717/6573/3676 3714/6572/3674
f 3714/6578/3674 3716/6574/3677 3718/6576/3678
f 3716/6570/3677 3714/6565/3674 3719/6579/3679
f 3719/6579/3679 3713/6563/6 3716/6570/3677
f 3719/6579/3679 3720/6580/3680 3713/6563/6
f 3429/6581/3398 3720/6582/3680 3719/6583/3679
f 3719/6583/3679 3722/6584/3681 3429/6581/3398
f 3721/6585/3682 3719/6579/3679 3711/6564/3673
f 3722/6584/3681 3719/6583/3679 3721/6586/3682
f 3711/6564/3673 3719/6579/3679 3714/6565/3674
f 3722/6587/3681 3723/6588/3683 3444/5972/6
f 3722/6587/3681 3444/5972/6 3433/5940/6
f 3433/5940/6 3429/5939/3398 3722/6587/3681
f 3722/6584/3681 3721/6586/3682 3711/6589/3673
f 3711/6589/3673 3723/6590/3683 3722/6584/3681
f 3444/5972/6 3723/6588/3683 3724/6591/3684
f 3724/6591/3684 3723/6588/3683 3471/6027/3437
f 3712/6592/3672 3471/6593/3437 3723/6590/3683
f 3723/6590/3683 3711/6589/3673 3712/6592/3672
f 3727/6594/3685 3724/6595/3684 3470/6596/3438
f 3470/6028/3438 3724/6591/3684 3471/6027/3437
f 3446/5974/3412 3444/5972/6 3724/6591/3684
f 3724/6591/3684 3725/6597/3686 3446/5974/3412
f 3726/6598/3687 3725/6599/3686 3724/6600/3684
f 3724/6595/3684 3727/6594/3685 3726/6601/3687
f 3728/6602/3688 3727/6603/3685 3729/6604/3689
f 3728/6602/3688 3726/6605/3687 3727/6603/3685
f 3470/6596/3438 3729/6606/3689 3727/6594/3685
f 3463/6607/3430 3728/6608/3688 3729/6609/3689
f 3729/6609/3689 3470/6610/3438 3463/6607/3430
f 3463/6607/3430 3464/6611/3429 3728/6608/3688
f 3464/6611/3429 3730/6612/3690 3728/6608/3688
f 3728/6602/3688 3730/6613/3690 3726/6605/3687
f 3730/6614/3690 3464/6615/3429 3725/6599/3686
f 3725/6599/3686 3726/6598/3687 3730/6614/3690
f 3461/6016/3428 3450/6616/3416 3725/6597/3686
f 3450/6616/3416 3446/5974/3412 3725/6597/3686
f 3725/6597/3686 3464/6012/3429 3461/6016/3428
f 3720/6580/3680 3731/6617/3691 3733/6618/3692
f 3731/6619/3691 3720/6582/3680 3734/6620/3693
f 3732/6621/3694 3713/6563/6 3720/6580/3680
f 3733/6618/3692 3732/6621/3694 3720/6580/3680
f 3720/6582/3680 3429/6581/3398 3734/6620/3693
f 3415/5899/3384 3735/6622/3695 3734/6623/3693
f 3415/5899/3384 3734/6623/3693 3423/5922/3392
f 3734/6623/3693 3430/5941/3399 3423/5922/3392
f 3734/6620/3693 3735/6624/3695 3731/6619/3691
f 3734/6623/3693 3429/5939/3398 3430/5941/3399
f 3735/6622/3695 3415/5899/3384 3416/5901/3386
f 3736/6625/3696 3735/6622/3695 3416/5901/3386
f 3737/6626/3697 3735/6627/3695 3736/6628/3696
f 3735/6627/3695 3737/6626/3697 3731/6629/3691
f 3737/6630/3697 3738/6631/3698 3740/6632/6
f 3736/6628/3696 3738/6633/3698 3737/6626/3697
f 3731/6617/3691 3737/6630/3697 3739/6634/3699
f 3737/6630/3697 3741/6635/3700 3739/6634/3699
f 3741/6635/3700 3737/6630/3697 3740/6632/6
f 3740/6632/6 3679/6636/3642 3741/6635/3700
f 3741/6637/3700 3742/6638/3701 3743/6639/3702
f 3741/6637/3700 3744/6640/3703 3742/6638/3701
f 3743/6641/3702 3739/6642/3699 3741/6643/3700
f 3744/6644/3703 3741/6635/3700 3679/6636/3642
f 3679/6636/3642 3731/6617/3691 3744/6644/3703
f 3731/6617/3691 3739/6634/3699 3744/6644/3703
f 3742/6645/3701 3744/6646/3703 3739/6647/3699
f 3739/6642/3699 3743/6641/3702 3742/6648/3701
f 3747/6649/6 3740/6632/6 3745/6650/3704
f 3740/6632/6 3746/6651/3705 3745/6650/3704
f 3748/6652/6 3740/6632/6 3738/6631/3698
f 3740/6632/6 3748/6652/6 3746/6651/3705
f 3679/6636/3642 3740/6632/6 3747/6649/6
f 3738/6631/3698 3750/6653/3706 3748/6652/6
f 3748/6652/6 3747/6649/6 3749/6654/3707
f 3747/6649/6 3748/6652/6 3750/6653/3706
f 3748/6652/6 3749/6654/3707 3746/6651/3705
f 3750/6655/3706 3752/6656/3708 3751/6657/3709
f 3751/6657/3709 3754/6658/3710 3750/6655/3706
f 3750/6655/3706 3753/6659/3711 3752/6656/3708
f 3753/6659/3711 3750/6655/3706 3738/6633/3698
f 3750/6653/3706 3754/6660/3710 3747/6649/6
f 3754/6658/3710 3751/6657/3709 3757/6661/3712
f 3754/6660/3710 1875/3058/1864 1885/3078/6
f 3757/6661/3712 1875/3057/1864 3754/6658/3710
f 3747/6649/6 3754/6660/3710 3755/6662/3713
f 3754/6660/3710 1885/3078/6 3756/6663/3714
f 3756/6663/3714 3755/6662/3713 3754/6660/3710
f 1796/2898/1790 3757/6664/3712 3758/6665/3715
f 1796/2898/1790 1802/2903/1793 3757/6664/3712
f 3759/6666/3716 3758/6665/3715 3757/6664/3712
f 3757/6664/3712 3751/6667/3709 3759/6666/3716
f 1875/3057/1864 3757/6661/3712 1802/3053/1793
f 3751/6667/3709 3763/6668/6 3759/6666/3716
f 3761/6669/3717 3759/6670/3716 3760/6671/3718
f 3763/6668/6 3760/6672/3718 3759/6666/3716
f 3761/6673/3717 3762/6674/3719 3759/6675/3716
f 3758/6676/3715 3759/6675/3716 3762/6674/3719
f 3764/6677/3720 3766/6678/3721 3763/6668/6
f 3764/6677/3720 3763/6668/6 3405/5877/6
f 3405/5877/6 3763/6668/6 3753/6679/3711
f 3763/6668/6 3765/6680/6 3760/6672/3718
f 3765/6680/6 3763/6668/6 3766/6678/3721
f 3751/6667/3709 3752/6681/3708 3763/6668/6
f 3763/6668/6 3752/6681/3708 3753/6679/3711
f 3770/6682/3722 3766/6683/3721 3764/6684/3720
f 3768/6685/3723 3765/6680/6 3766/6678/3721
f 3767/6686/3724 3768/6685/3723 3766/6678/3721
f 3766/6678/3721 3769/6687/3725 3767/6686/3724
f 3771/6688/3726 3769/6689/3725 3766/6690/3721
f 3766/6690/3721 3770/6691/3722 3771/6688/3726
f 3772/6692/3727 3771/6693/3726 3770/6694/3722
f 3769/6689/3725 3771/6688/3726 3772/6695/3727
f 3401/6696/3372 3772/6695/3727 3773/6697/3728
f 3772/6695/3727 3401/6696/3372 3769/6689/3725
f 3772/6692/3727 3774/6698/3729 3773/6699/3728
f 3772/6692/3727 3770/6694/3722 3774/6698/3729
f 3764/6684/3720 3774/6700/3729 3770/6682/3722
f 3774/6700/3729 3764/6684/3720 3775/6701/3730
f 3775/6702/3730 3773/6703/3728 3774/6704/3729
f 3773/6703/3728 3775/6702/3730 3401/6705/3372
f 3401/5874/3372 3775/6706/3730 3405/5877/6
f 3405/5877/6 3775/6706/3730 3764/6677/3720
f 3398/5875/3368 3769/6687/3725 3401/5874/3372
f 3398/5875/3368 3767/6686/3724 3769/6687/3725
f 3396/6707/3360 3776/6708/3731 3768/6709/3723
f 3776/6710/3731 3765/6680/6 3768/6685/3723
f 3395/6711/3367 3768/6709/3723 3767/6712/3724
f 3768/6709/3723 3395/6711/3367 3396/6707/3360
f 3765/6680/6 3776/6710/3731 3760/6672/3718
f 3779/6713/3732 3777/6714/3733 3776/6708/3731
f 3776/6708/3731 3777/6714/3733 3778/6715/3734
f 3776/6710/3731 3778/6716/3734 3760/6672/3718
f 3776/6708/3731 3396/6707/3360 3779/6713/3732
f 3777/6714/3733 3779/6713/3732 1787/6717/1785
f 3779/6718/3732 3396/5858/3360 3389/5857/3359
f 1787/2883/1785 3779/6718/3732 3780/6719/3735
f 3389/5857/3359 3780/6719/3735 3779/6718/3732
f 3780/6720/3735 3389/6721/3359 3781/6722/3736
f 3781/6722/3736 3782/6723/3737 3780/6720/3735
f 1790/6724/1784 3780/6720/3735 3782/6723/3737
f 3780/6719/3735 1790/2882/1784 1787/2883/1785
f 3783/6725/3738 3782/6726/3737 3781/6727/3736
f 3783/6725/3738 3784/6728/3739 3782/6726/3737
f 1779/2868/1774 1783/2871/1776 3782/6726/3737
f 3782/6726/3737 3784/6728/3739 1779/2868/1774
f 3782/6729/3737 1783/6730/1776 1790/6731/1784
f 3786/6732/3740 1779/2868/1774 3784/6728/3739
f 3785/6733/3741 3784/6734/3739 3783/6735/3738
f 3786/6736/3740 3784/6734/3739 3785/6733/3741
f 1780/2867/1773 1779/2868/1774 3786/6732/3740
f 3786/6736/3740 3787/6737/3742 1758/2827/1754
f 1758/2827/1754 1759/2826/1753 3786/6736/3740
f 3785/6733/3741 3787/6737/3742 3786/6736/3740
f 3786/6732/3740 1759/2842/1753 1770/2849/1766
f 3786/6732/3740 1770/2849/1766 1780/2867/1773
f 3787/6738/3742 3785/6739/3741 3788/6740/3743
f 3788/6740/3743 3789/6741/3744 3787/6738/3742
f 3789/6741/3744 3790/6742/3745 3787/6738/3742
f 1758/2829/1754 3787/6738/3742 3790/6742/3745
f 3791/6743/3746 3790/6744/3745 3789/6745/3744
f 1753/2819/1750 1754/2818/1749 3790/6744/3745
f 3790/6744/3745 3791/6743/3746 1753/2819/1750
f 3790/6742/3745 1754/2822/1749 1758/2829/1754
f 3791/6746/3746 3793/6747/3747 3792/6748/3748
f 3792/6748/3748 1751/2814/1744 3791/6746/3746
f 1753/2820/1750 3791/6746/3746 1751/2814/1744
f 3789/6745/3744 3793/6749/3747 3791/6743/3746
f 3792/6748/3748 3793/6747/3747 3794/6750/3749
f 3793/6749/3747 3789/6745/3744 3788/6751/3743
f 3788/6751/3743 3794/6752/3749 3793/6749/3747
f 3794/6750/3749 3795/6753/3750 3792/6748/3748
f 3796/6754/3751 3795/6755/3750 3794/6752/3749
f 3794/6752/3749 3788/6751/3743 3796/6754/3751
f 3795/6755/3750 3796/6754/3751 3797/6756/3752
f 3797/6757/3752 3796/6758/3751 3785/6739/3741
f 3796/6758/3751 3788/6740/3743 3785/6739/3741
f 3797/6756/3752 3798/6759/3753 3795/6755/3750
f 3798/6759/3753 3797/6756/3752 3799/6760/3754
f 3799/6761/3754 3797/6757/3752 3800/6762/3755
f 3785/6739/3741 3800/6762/3755 3797/6757/3752
f 3783/6735/3738 3800/6763/3755 3785/6733/3741
f 3783/6735/3738 3801/6764/3756 3800/6763/3755
f 3800/6762/3755 3801/6765/3756 3802/6766/3757
f 3802/6766/3757 3799/6761/3754 3800/6762/3755
f 3803/6767/3758 3802/6766/3757 3801/6765/3756
f 3805/6768/3759 3802/6769/3757 3803/6770/3758
f 3804/6771/3760 3799/6760/3754 3802/6769/3757
f 3802/6769/3757 3805/6768/3759 3804/6771/3760
f 3805/6772/3759 3807/6773/3761 3806/6774/3762
f 3804/6775/3760 3805/6772/3759 3806/6774/3762
f 3803/6770/3758 3807/6776/3761 3805/6768/3759
f 3808/6777/3763 3806/6774/3762 3807/6773/3761
f 3807/6773/3761 3810/6778/3764 3808/6777/3763
f 3807/6776/3761 3803/6770/3758 3809/6779/3765
f 3809/6779/3765 3810/6780/3764 3807/6776/3761
f 3810/6780/3764 3809/6779/3765 3811/6781/3766
f 3811/6781/3766 3812/6782/3767 3810/6780/3764
f 3810/6778/3764 3812/6783/3767 3808/6777/3763
f 3814/6784/3768 3813/6785/3769 3812/6782/3767
f 3812/6783/3767 3813/6786/3769 3815/6787/3770
f 3812/6782/3767 3811/6781/3766 3814/6784/3768
f 3815/6787/3770 3808/6777/3763 3812/6783/3767
f 3816/6788/3771 3808/6789/3763 3815/6790/3770
f 3815/6790/3770 3819/6791/3772 3816/6788/3771
f 3817/6792/3773 3815/6787/3770 3818/6793/3774
f 3819/6791/3772 3815/6790/3770 3817/6794/3773
f 3813/6786/3769 3818/6793/3774 3815/6787/3770
f 3820/6795/3775 3819/6796/3772 3821/6797/3776
f 3816/6798/3771 3819/6796/3772 3820/6795/3775
f 3817/6794/3773 3821/6799/3776 3819/6791/3772
f 3821/6797/3776 3823/6800/3777 3822/6801/3778
f 3822/6801/3778 3820/6795/3775 3821/6797/3776
f 3824/6802/3779 3823/6803/3777 3821/6799/3776
f 3821/6799/3776 3817/6794/3773 3824/6802/3779
f 3823/6803/3777 3824/6802/3779 3825/6804/3780
f 3824/6805/3779 3817/6792/3773 3827/6806/3781
f 3825/6807/3780 3824/6805/3779 3826/6808/3782
f 3828/6809/3783 3826/6808/3782 3824/6805/3779
f 3827/6806/3781 3828/6809/3783 3824/6805/3779
f 3830/6810/3784 3828/6811/3783 3827/6812/3781
f 3828/6811/3783 3830/6810/3784 3829/6813/3785
f 3829/6813/3785 3826/6814/3782 3828/6811/3783
f 3829/6815/3785 3830/6816/3784 3833/6817/3786
f 3830/6816/3784 3831/6818/3787 3832/6819/3788
f 3827/6812/3781 3831/6820/3787 3830/6810/3784
f 3832/6819/3788 3833/6817/3786 3830/6816/3784
f 3834/6821/3789 3833/6822/3786 3832/6823/3788
f 3833/6822/3786 3834/6821/3789 3350/5778/3325
f 3350/5778/3325 3349/5777/3324 3833/6822/3786
f 3833/6817/3786 3349/6824/3324 3835/6825/3790
f 3835/6825/3790 3829/6815/3785 3833/6817/3786
f 3835/6826/3790 3836/6827/3791 3826/6814/3782
f 3836/6827/3791 3835/6826/3790 3837/6828/3792
f 3837/6829/3792 3835/6825/3790 3349/6824/3324
f 3826/6814/3782 3829/6813/3785 3835/6826/3790
f 3837/6828/3792 3839/6830/3793 3836/6827/3791
f 3838/6831/3794 3837/6829/3792 3349/6824/3324
f 3839/6830/3793 3837/6828/3792 3838/6832/3794
f 3836/6833/3791 3839/6834/3793 3825/6807/3780
f 3839/6834/3793 3841/6835/3795 3840/6836/3796
f 3840/6836/3796 3825/6807/3780 3839/6834/3793
f 3838/6832/3794 3841/6837/3795 3839/6830/3793
f 3841/6835/3795 3842/6838/3797 3840/6836/3796
f 3843/6839/3798 3842/6840/3797 3841/6837/3795
f 3841/6837/3795 3838/6832/3794 3843/6839/3798
f 3842/6841/3797 3843/6842/3798 3844/6843/3799
f 3844/6844/3799 3843/6845/3798 3347/6846/3322
f 3843/6845/3798 3838/6831/3794 3346/6847/3323
f 3346/6847/3323 3347/6846/3322 3843/6845/3798
f 3844/6843/3799 3846/6848/3800 3842/6841/3797
f 3845/6849/3801 3844/6844/3799 3347/6846/3322
f 3846/6848/3800 3844/6843/3799 3845/6850/3801
f 3840/6836/3796 3842/6838/3797 3846/6851/3800
f 3846/6851/3800 3847/6852/3802 3840/6836/3796
f 3846/6851/3800 3848/6853/3803 3847/6852/3802
f 3845/6850/3801 3848/6854/3803 3846/6848/3800
f 3848/6853/3803 3850/6855/3804 3847/6852/3802
f 3848/6854/3803 3845/6850/3801 3849/6856/3805
f 3849/6856/3805 3850/6857/3804 3848/6854/3803
f 3852/6858/3806 3851/6859/3807 3850/6857/3804
f 3850/6855/3804 3851/6860/3807 3853/6861/3808
f 3850/6857/3804 3849/6856/3805 3852/6858/3806
f 3853/6861/3808 3847/6852/3802 3850/6855/3804
f 3855/6862/3809 3847/6863/3802 3853/6864/3808
f 3854/6865/3810 3853/6861/3808 3851/6860/3807
f 3855/6862/3809 3853/6864/3808 3854/6866/3810
f 3854/6866/3810 3856/6867/3811 3855/6862/3809
f 3857/6868/3812 3855/6869/3809 3856/6870/3811
f 3858/6871/3813 3855/6869/3809 3857/6868/3812
f 3847/6863/3802 3855/6862/3809 3858/6872/3813
f 3847/6863/3802 3858/6872/3813 3859/6873/3814
f 3857/6868/3812 3859/6874/3814 3858/6871/3813
f 3840/6875/3796 3859/6876/3814 3860/6877/3815
f 3860/6878/3815 3859/6874/3814 3822/6801/3778
f 3859/6873/3814 3840/6879/3796 3847/6863/3802
f 3857/6868/3812 3822/6801/3778 3859/6874/3814
f 3825/6804/3780 3860/6877/3815 3823/6803/3777
f 3822/6801/3778 3823/6800/3777 3860/6878/3815
f 3860/6877/3815 3825/6804/3780 3840/6875/3796
f 3857/6880/3812 3861/6881/3816 3650/6882/3611
f 3861/6881/3816 3857/6880/3812 1975/3266/1964
f 3856/6870/3811 1975/3264/1964 3857/6868/3812
f 3650/6883/3611 3822/6884/3778 3857/6885/3812
f 1975/3266/1964 1976/3265/1965 3861/6881/3816
f 3628/6402/3591 3861/6886/3816 1976/6887/1965
f 3628/6402/3591 3636/6419/3599 3861/6886/3816
f 3650/6439/3611 3861/6886/3816 3636/6419/3599
f 3856/6870/3811 3862/6888/3817 1975/3264/1964
f 3863/6889/3818 3862/6890/3817 3856/6867/3811
f 3856/6867/3811 3854/6866/3810 3863/6889/3818
f 3862/6890/3817 3863/6889/3818 3865/6891/3819
f 3863/6892/3818 3854/6865/3810 3866/6893/3820
f 3865/6894/3819 3863/6892/3818 3864/6895/3821
f 3867/6896/3822 3864/6895/3821 3863/6892/3818
f 3866/6893/3820 3867/6896/3822 3863/6892/3818
f 3869/6897/3823 3867/6898/3822 3866/6899/3820
f 3867/6898/3822 3869/6897/3823 3868/6900/3824
f 3868/6900/3824 3864/6901/3821 3867/6898/3822
f 3869/6902/3823 3870/6903/3825 3871/6904/3826
f 3866/6899/3820 3870/6905/3825 3869/6897/3823
f 3871/6904/3826 3872/6906/3827 3869/6902/3823
f 3868/6907/3824 3869/6902/3823 3872/6906/3827
f 2042/6908/2025 3872/6909/3827 3871/6910/3826
f 3874/6911/3828 3873/6912/3829 3872/6909/3827
f 3872/6906/3827 3873/6913/3829 3875/6914/3830
f 3872/6909/3827 2042/6908/2025 3874/6911/3828
f 3875/6914/3830 3868/6907/3824 3872/6906/3827
f 3864/6901/3821 3868/6900/3824 3875/6915/3830
f 3875/6915/3830 3877/6916/3831 3864/6901/3821
f 3876/6917/3832 3875/6914/3830 3873/6913/3829
f 3877/6916/3831 3875/6915/3830 3876/6918/3832
f 3877/6919/3831 3878/6920/3833 3865/6894/3819
f 3864/6895/3821 3877/6919/3831 3865/6894/3819
f 3876/6918/3832 3878/6921/3833 3877/6916/3831
f 1983/3279/1971 3865/6894/3819 3878/6920/3833
f 3878/6920/3833 3880/6922/3834 1983/3279/1971
f 3876/6918/3832 3879/6923/3835 3878/6921/3833
f 3880/6924/3834 3878/6921/3833 3879/6923/3835
f 3881/6925/3836 1984/6926/1973 3880/6924/3834
f 3880/6922/3834 1984/3280/1973 1983/3279/1971
f 3880/6924/3834 3879/6923/3835 3881/6925/3836
f 1984/6926/1973 3881/6925/3836 1990/3291/1979
f 3881/6927/3836 3879/6928/3835 3882/6929/3837
f 1990/3292/1979 3881/6927/3836 1991/3293/1980
f 3882/6929/3837 1991/3293/1980 3881/6927/3836
f 3882/6930/3837 3873/6912/3829 3883/6931/3838
f 3873/6913/3829 3882/6929/3837 3879/6928/3835
f 1995/3302/1983 1991/3297/1980 3882/6930/3837
f 3883/6931/3838 1999/6932/1986 3882/6930/3837
f 3882/6930/3837 1999/6932/1986 1995/3302/1983
f 3873/6912/3829 3874/6911/3828 3883/6931/3838
f 2000/3307/821 3883/6933/3838 3874/6934/3828
f 1999/3306/1986 3883/6933/3838 2000/3307/821
f 3879/6928/3835 3876/6917/3832 3873/6913/3829
f 2000/3307/821 3874/6934/3828 2042/3376/2025
f 3871/6910/3826 2041/6935/2026 2042/6908/2025
f 2041/6935/2026 3871/6910/3826 3885/6936/3839
f 3870/6903/3825 3884/6937/3840 3871/6904/3826
f 3885/6938/3839 3871/6904/3826 3884/6937/3840
f 3884/6937/3840 3852/6939/3806 3885/6938/3839
f 3852/6939/3806 3849/6940/3805 3885/6938/3839
f 3886/6941/3841 3885/6938/3839 3849/6940/3805
f 2047/6942/2032 3885/6936/3839 3886/6943/3841
f 3885/6936/3839 2047/6942/2032 2041/6935/2026
f 3849/6940/3805 3845/6849/3801 3886/6941/3841
f 2059/5772/2047 3886/6943/3841 3347/5770/3322
f 3347/6846/3322 3886/6941/3841 3845/6849/3801
f 3886/6943/3841 2059/5772/2047 2047/6942/2032
f 3851/6859/3807 3852/6858/3806 3884/6944/3840
f 3884/6944/3840 3887/6945/3842 3851/6859/3807
f 3887/6945/3842 3884/6944/3840 3870/6905/3825
f 3851/6860/3807 3887/6946/3842 3854/6865/3810
f 3870/6905/3825 3866/6899/3820 3887/6945/3842
f 3887/6946/3842 3866/6893/3820 3854/6865/3810
f 3888/6947/3843 3865/6891/3819 1983/3275/1971
f 3865/6891/3819 3888/6947/3843 3862/6890/3817
f 1979/3272/1963 3888/6947/3843 1983/3275/1971
f 3888/6948/3843 1979/3263/1963 1975/3264/1964
f 1975/3264/1964 3862/6888/3817 3888/6948/3843
f 3349/6824/3324 3346/6847/3323 3838/6831/3794
f 3826/6808/3782 3836/6833/3791 3825/6807/3780
f 3832/6823/3788 3889/6949/3844 3834/6821/3789
f 3834/6950/3789 3889/6951/3844 3365/5808/821
f 3350/5779/3325 3834/6950/3789 3365/5808/821
f 3889/6949/3844 3832/6823/3788 3890/6952/3845
f 3890/6952/3845 3891/6953/3846 3889/6949/3844
f 3365/5808/821 3889/6951/3844 3891/6954/3846
f 3890/6952/3845 3892/6955/3847 3891/6953/3846
f 3891/6954/3846 3892/6956/3847 3385/5849/821
f 3891/6957/3846 3385/6958/821 3365/6959/821
f 3892/6955/3847 3890/6952/3845 3894/6960/3848
f 3385/5849/821 3892/6956/3847 3893/6961/3849
f 3894/6960/3848 3893/6962/3849 3892/6955/3847
f 3894/6963/3848 3890/6964/3845 3814/6965/3768
f 3814/6965/3768 3811/6966/3766 3894/6963/3848
f 3895/6967/3850 3894/6963/3848 3811/6966/3766
f 3893/6962/3849 3894/6960/3848 3895/6968/3850
f 3811/6966/3766 3809/6969/3765 3895/6967/3850
f 3809/6969/3765 3803/6767/3758 3895/6967/3850
f 3801/6765/3756 3895/6967/3850 3803/6767/3758
f 3893/6962/3849 3895/6968/3850 3801/6764/3756
f 3893/6961/3849 3783/6725/3738 3781/6727/3736
f 3801/6764/3756 3783/6735/3738 3893/6962/3849
f 3893/6961/3849 3781/6727/3736 3896/6970/3851
f 3896/6970/3851 3385/5849/821 3893/6961/3849
f 3897/6971/3852 3385/5849/821 3896/6970/3851
f 3897/6971/3852 3896/6970/3851 3898/6972/3853
f 3898/6973/3853 3896/6974/3851 3390/6975/3361
f 3389/6976/3359 3390/6975/3361 3896/6974/3851
f 3896/6977/3851 3781/6722/3736 3389/6721/3359
f 3390/6975/3361 1789/6978/1783 3898/6973/3853
f 1782/2874/1778 3897/6971/3852 3898/6972/3853
f 1782/2874/1778 3898/6972/3853 1783/2871/1776
f 1783/6730/1776 3898/6979/3853 1789/6980/1783
f 3391/6981/3362 3899/6982/3854 3897/6983/3852
f 1786/2879/1782 3391/6981/3362 3897/6983/3852
f 3385/5849/821 3897/6971/3852 3899/6984/3854
f 3897/6983/3852 1782/2873/1778 1786/2879/1782
f 3392/6985/3364 3383/6986/3356 3899/6982/3854
f 3899/6982/3854 3393/6987/3363 3392/6985/3364
f 3899/6982/3854 3391/6981/3362 3393/6987/3363
f 3385/5849/821 3899/6984/3854 3383/5846/3356
f 3890/6964/3845 3832/6819/3788 3900/6988/3855
f 3901/6989/3856 3814/6965/3768 3890/6964/3845
f 3900/6988/3855 3901/6989/3856 3890/6964/3845
f 3813/6785/3769 3814/6784/3768 3901/6990/3856
f 3901/6990/3856 3818/6991/3774 3813/6785/3769
f 3818/6991/3774 3901/6990/3856 3900/6992/3855
f 3900/6992/3855 3902/6993/3857 3818/6991/3774
f 3902/6993/3857 3900/6992/3855 3831/6820/3787
f 3831/6818/3787 3900/6988/3855 3832/6819/3788
f 3818/6793/3774 3902/6994/3857 3817/6792/3773
f 3831/6820/3787 3827/6812/3781 3902/6993/3857
f 3902/6994/3857 3827/6806/3781 3817/6792/3773
f 3649/6995/3614 3820/6996/3775 3822/6884/3778
f 3822/6884/3778 3650/6883/3611 3649/6995/3614
f 3816/6798/3771 3820/6795/3775 1927/3158/1915
f 1917/6997/1906 1927/3157/1915 3820/6996/3775
f 3820/6996/3775 3649/6995/3614 1917/6997/1906
f 3808/6789/3763 3816/6788/3771 3903/6998/3858
f 1927/3158/1915 3903/6999/3858 3816/6798/3771
f 3903/6998/3858 3806/7000/3762 3808/6789/3763
f 3806/7000/3762 3903/6998/3858 3904/7001/3859
f 3904/7002/3859 3903/6999/3858 1927/3158/1915
f 3905/7003/3860 3904/7001/3859 1928/7004/1916
f 1928/3160/1916 3904/7002/3859 1927/3158/1915
f 3904/7001/3859 3905/7003/3860 3806/7000/3762
f 3905/7005/3860 3792/6748/3748 3795/6753/3750
f 1928/7004/1916 3792/7006/3748 3905/7003/3860
f 3806/6774/3762 3905/7005/3860 3804/6775/3760
f 3795/6753/3750 3798/7007/3753 3905/7005/3860
f 3798/7007/3753 3804/6775/3760 3905/7005/3860
f 3799/6760/3754 3804/6771/3760 3798/6759/3753
f 3792/7006/3748 1928/7004/1916 3906/7008/3861
f 3906/7008/3861 1751/2808/1744 3792/7006/3748
f 3906/7009/3861 1928/3160/1916 1929/3163/1918
f 1929/3163/1918 1743/2804/1738 3906/7009/3861
f 1746/2803/1741 3906/7009/3861 1743/2804/1738
f 1751/2808/1744 3906/7008/3861 1746/2806/1741
f 3777/6714/3733 3908/7010/3862 3778/6715/3734
f 3907/7011/3863 3778/6716/3734 3762/7012/3719
f 3907/7013/3863 3760/7014/3718 3778/7015/3734
f 3758/6665/3715 3762/7012/3719 3778/6716/3734
f 3778/6716/3734 3908/7016/3862 3758/6665/3715
f 3758/6665/3715 3908/7016/3862 3909/7017/3864
f 3908/7016/3862 3777/7018/3733 3909/7017/3864
f 1787/6717/1785 3910/7019/3865 3909/7020/3864
f 3909/7017/3864 3910/7021/3865 3758/6665/3715
f 1787/6717/1785 3909/7020/3864 3777/6714/3733
f 1788/7022/1781 1796/2897/1790 3910/7019/3865
f 3910/7021/3865 1796/2898/1790 3758/6665/3715
f 3910/7019/3865 1787/6717/1785 1788/7022/1781
f 3907/7011/3863 3762/7012/3719 3761/7023/3717
f 3760/6671/3718 3907/7024/3863 3761/6669/3717
f 3394/5868/3365 3767/6712/3724 3398/5866/3368
f 3767/6712/3724 3394/5868/3365 3395/6711/3367
f 3913/7025/3866 3756/6663/3714 1885/3078/6
f 3755/7026/3713 3756/7027/3714 3911/7028/3867
f 3912/7029/3868 3911/7030/3867 3756/7031/3714
f 3756/7031/3714 3913/7032/3866 3912/7029/3868
f 3913/7033/3866 3755/7034/3713 3912/7035/3868
f 3913/7025/3866 1885/3078/6 3679/6636/3642
f 3679/6636/3642 3755/6662/3713 3913/7025/3866
f 3911/7028/3867 3912/7036/3868 3755/7026/3713
f 3679/6636/3642 3747/6649/6 3755/6662/3713
f 3405/5877/6 3753/6679/3711 3736/6625/3696
f 3738/6633/3698 3736/6628/3696 3753/6659/3711
f 3746/7037/3705 3749/7038/3707 3915/7039/3869
f 3749/7040/3707 3745/7041/3704 3914/7042/3870
f 3745/6650/3704 3749/6654/3707 3747/6649/6
f 3749/7043/3707 3914/7044/3870 3915/7045/3869
f 3915/7046/3869 3745/7041/3704 3746/7047/3705
f 3915/7046/3869 3914/7042/3870 3745/7041/3704
f 3416/5901/3386 3407/5882/3376 3736/6625/3696
f 3407/5882/3376 3405/5877/6 3736/6625/3696
f 3733/7048/3692 3918/7049/3871 3916/7050/3872
f 3733/7048/3692 3916/7050/3872 3917/7051/3873
f 3917/7051/3873 3732/7052/3694 3733/7048/3692
f 3731/6617/3691 3918/7053/3871 3733/6618/3692
f 3731/6617/3691 3704/6551/3668 3918/7053/3871
f 3704/6551/3668 3919/7054/3874 3918/7053/3871
f 3918/7055/3871 3919/7056/3874 3916/7057/3872
f 3704/6551/3668 3713/6563/6 3919/7054/3874
f 3713/6563/6 3732/6621/3694 3919/7054/3874
f 3917/7058/3873 3919/7059/3874 3732/7060/3694
f 3919/7059/3874 3917/7058/3873 3916/7061/3872
f 3731/6617/3691 3679/6636/3642 3678/7062/3641
f 3678/7062/3641 3681/7063/3644 3731/6617/3691
f 3681/7063/3644 3683/7064/3646 3731/6617/3691
f 3704/6551/3668 3731/6617/3691 3683/7064/3646
f 3471/6593/3437 3712/6592/3672 3700/7065/3662
f 3705/7066/3663 3709/7067/3671 3920/7068/3875
f 3709/6561/3671 3705/6546/3663 3700/6545/3662
f 3707/6557/3669 3920/7069/3875 3709/6560/3671
f 3920/7070/3875 3707/7071/3669 3705/7072/3663
f 3696/6538/3660 3697/6537/3661 3704/7073/3668
f 3704/7073/3668 3684/6509/3647 3696/6538/3660
f 3684/6509/3647 3704/7073/3668 3683/6508/3646
f 3921/7074/3876 3702/7075/3665 3703/7076/3666
f 3922/7077/3877 3703/7076/3666 3588/7078/3552
f 3588/6334/3552 3703/6549/3666 3592/6335/3553
f 3922/7077/3877 3921/7074/3876 3703/7076/3666
f 3921/7079/3876 3922/7080/3877 3587/7081/3551
f 3588/7082/3552 3587/7083/3551 3922/7084/3877
f 3921/7079/3876 3587/7081/3551 3702/7085/3665
f 3591/6332/3550 3702/6548/3665 3587/6333/3551
f 3591/6332/3550 3701/6547/3664 3702/6548/3665
f 3469/7086/3436 3700/7065/3662 3701/7087/3664
f 3469/7088/3436 3701/7089/3664 3591/7090/3550
f 3700/7065/3662 3469/7086/3436 3471/6593/3437
f 3686/6513/3649 3690/6536/3654 3696/6535/3660
f 3696/6535/3660 3684/6511/3647 3686/6513/3649
f 3689/7091/3652 3664/7092/3628 3630/7093/3593
f 3630/7094/3593 3613/6379/3577 3689/7095/3652
f 3606/6371/3570 3689/7095/3652 3613/6379/3577
f 3679/6636/3642 1885/3078/6 3923/7096/3878
f 3676/6497/3639 3679/6495/3642 3923/7097/3878
f 1889/3089/1877 3923/7097/3878 1887/3088/1875
f 1887/3086/1875 3923/7096/3878 1885/3078/6
f 3923/7097/3878 1889/3089/1877 3676/6497/3639
f 3676/6490/3639 1889/3090/1877 1892/3097/1881
f 1892/3095/1881 1893/3094/1880 3674/6488/3637
f 3674/6486/3637 1893/3100/1880 1897/3105/1885
f 1897/3105/1885 1907/6485/1895 3674/6486/3637
f 3638/6463/3601 3630/7098/3593 3664/6468/3628
f 3652/6445/3616 3655/7099/3619 3648/6441/3613
f 1916/3139/1904 3648/7100/3613 3655/6451/3619
f 3645/6435/3608 3653/6443/3615 3646/6436/3609
f 3636/6419/3599 3643/6432/3607 3650/6439/3611
f 3648/6441/3613 1916/3141/1904 3649/6442/3614
f 1917/3142/1906 3649/6442/3614 1916/3141/1904
f 3643/6432/3607 3636/6419/3599 3641/6433/3605
f 3635/6418/3598 3641/6433/3605 3636/6419/3599
f 3621/6395/3586 3628/6402/3591 1976/6887/1965
f 3624/6409/3588 3618/6389/3583 3613/6380/3577
f 3622/6392/3584 3621/6395/3586 1972/7101/1960
f 3925/7102/3879 3622/6392/3584 1972/7101/1960
f 3924/7103/3880 3619/6390/3581 3622/6392/3584
f 3622/6392/3584 3925/7102/3879 3924/7103/3880
f 3926/7104/3881 3927/7105/3882 3925/7102/3879
f 3925/7102/3879 3928/7106/3883 3926/7104/3881
f 3927/7105/3882 3924/7103/3880 3925/7102/3879
f 3928/7106/3883 3925/7102/3879 1973/7107/1962
f 1972/7101/1960 1973/7107/1962 3925/7102/3879
f 3929/7108/3884 3930/7109/3885 3928/7110/3883
f 3934/7111/3886 3929/7108/3884 3928/7110/3883
f 3930/7112/3885 3926/7104/3881 3928/7106/3883
f 3931/7113/3887 3928/7106/3883 3933/7114/3888
f 3928/7110/3883 3931/7115/3887 3934/7111/3886
f 1973/7107/1962 3932/7116/3889 3928/7106/3883
f 3932/7116/3889 3933/7114/3888 3928/7106/3883
f 3935/7117/3890 3936/7118/3891 3934/7111/3886
f 3934/7111/3886 3937/7119/3892 3935/7117/3890
f 3929/7108/3884 3934/7111/3886 3936/7118/3891
f 3937/7120/3892 3934/7121/3886 3931/7113/3887
f 3938/7122/3893 3935/7117/3890 3937/7119/3892
f 3938/7122/3893 3937/7119/3892 3939/7123/3894
f 3939/7124/3894 3937/7120/3892 3931/7113/3887
f 3938/7122/3893 3939/7123/3894 3940/7125/3895
f 3940/7126/3895 3939/7124/3894 3941/7127/3896
f 3931/7113/3887 3941/7127/3896 3939/7124/3894
f 3942/7128/3897 3941/7127/3896 3944/7129/3898
f 3941/7127/3896 3942/7128/3897 3943/7130/3899
f 3943/7130/3899 3940/7126/3895 3941/7127/3896
f 3941/7127/3896 3931/7113/3887 3933/7114/3888
f 3933/7114/3888 3944/7129/3898 3941/7127/3896
f 1958/7131/1946 3944/7132/3898 3933/7133/3888
f 3944/7132/3898 1958/7131/1946 3945/7134/3900
f 3945/7134/3900 3946/7135/3901 3944/7132/3898
f 3944/7129/3898 3946/7136/3901 3942/7128/3897
f 3946/7136/3901 3949/7137/3902 3947/7138/3903
f 3947/7138/3903 3948/7139/3904 3946/7136/3901
f 3948/7139/3904 3942/7128/3897 3946/7136/3901
f 1943/7140/1933 3949/7141/3902 3946/7135/3901
f 3946/7135/3901 3945/7134/3900 1943/7140/1933
f 3949/7137/3902 1924/3152/1913 3950/7142/3905
f 3950/7142/3905 3947/7138/3903 3949/7137/3902
f 1931/7143/1920 1924/3152/1913 3949/7137/3902
f 3949/7144/3902 1943/7145/1933 1931/7146/1920
f 3947/7147/3903 3950/7148/3905 3954/7149/3906
f 3955/7150/3907 3950/7142/3905 1924/3152/1913
f 3951/7151/3908 3953/7152/3909 3950/7148/3905
f 3950/7148/3905 3955/7153/3907 3951/7151/3908
f 3952/7154/3910 3954/7149/3906 3950/7148/3905
f 3953/7152/3909 3952/7154/3910 3950/7148/3905
f 3956/7155/3911 3957/7156/3912 3955/7150/3907
f 3955/7150/3907 1921/3145/1909 3956/7155/3911
f 3957/7156/3912 3951/7157/3908 3955/7150/3907
f 1921/3145/1909 3955/7150/3907 1924/3152/1913
f 1904/7158/1894 3957/7159/3912 3956/7160/3911
f 3957/7159/3912 1904/7158/1894 1905/7161/1892
f 1905/7161/1892 3951/7151/3908 3957/7159/3912
f 3958/7162/3913 3956/7155/3911 1921/3145/1909
f 1903/7163/1893 3956/7160/3911 3958/7164/3913
f 3956/7160/3911 1903/7163/1893 1904/7158/1894
f 3958/7164/3913 1920/7165/1910 1902/7166/1888
f 1902/7166/1888 1903/7163/1893 3958/7164/3913
f 1920/3146/1910 3958/7162/3913 1921/3145/1909
f 3954/7149/3906 3952/7154/3910 3959/7167/3914
f 3954/7149/3906 3959/7167/3914 3961/7168/3915
f 3954/7149/3906 3960/7169/3916 3947/7147/3903
f 3961/7168/3915 3960/7169/3916 3954/7149/3906
f 3963/7170/3917 3961/7171/3915 3962/7172/3918
f 3961/7171/3915 3959/7173/3914 3962/7172/3918
f 3960/7169/3916 3961/7168/3915 3963/7174/3917
f 3964/7175/3919 3963/7170/3917 3962/7172/3918
f 3963/7174/3917 3964/7176/3919 3966/7177/3920
f 3966/7177/3920 3965/7178/3921 3963/7174/3917
f 3963/7174/3917 3965/7178/3921 3960/7169/3916
f 3966/7179/3920 3967/7180/3922 3948/7139/3904
f 3967/7181/3922 3966/7177/3920 3964/7176/3919
f 3965/7182/3921 3966/7179/3920 3948/7139/3904
f 3969/7183/3923 3967/7184/3922 3968/7185/3924
f 3964/7176/3919 3968/7186/3924 3967/7181/3922
f 3967/7180/3922 3969/7187/3923 3942/7128/3897
f 3942/7128/3897 3948/7139/3904 3967/7180/3922
f 3968/7185/3924 3970/7188/3925 3969/7183/3923
f 3943/7189/3899 3969/7183/3923 3970/7188/3925
f 3969/7187/3923 3943/7130/3899 3942/7128/3897
f 3970/7190/3925 3968/7191/3924 3972/7192/3926
f 3943/7189/3899 3970/7188/3925 3971/7193/3927
f 3971/7194/3927 3970/7190/3925 3972/7192/3926
f 3962/7172/3918 3972/7192/3926 3968/7191/3924
f 3972/7195/3926 3962/7196/3918 3973/7197/3928
f 3972/7192/3926 3610/7198/3574 3971/7194/3927
f 3610/6374/3574 3972/7199/3926 3609/6373/3572
f 3973/7200/3928 3609/6373/3572 3972/7199/3926
f 3974/7201/3929 3975/7202/3930 3973/7203/3928
f 3977/7204/3931 3974/7201/3929 3973/7203/3928
f 3609/6369/3572 3973/7203/3928 3975/7202/3930
f 3976/7205/3932 3973/7197/3928 3962/7196/3918
f 3973/7203/3928 3976/7206/3932 3977/7204/3931
f 3978/7207/3933 3974/7208/3929 3977/7209/3931
f 3977/7209/3931 3979/7210/3934 3978/7207/3933
f 3979/7210/3934 3977/7209/3931 3980/7211/3935
f 3980/7212/3935 3977/7204/3931 3976/7206/3932
f 3980/7211/3935 3981/7213/3936 3979/7210/3934
f 3981/7214/3936 3980/7215/3935 3982/7216/3937
f 3982/7217/3937 3980/7212/3935 3976/7206/3932
f 3982/7218/3937 3983/7219/3938 3981/7220/3936
f 3982/7221/3937 3984/7222/3939 3983/7223/3938
f 1895/3103/1884 3982/7217/3937 1898/3106/1886
f 3984/7222/3939 3982/7221/3937 1895/3104/1884
f 3976/7206/3932 1898/3106/1886 3982/7217/3937
f 3983/7224/3938 3984/7225/3939 1883/3081/1873
f 1883/3081/1873 3984/7225/3939 1890/3093/1879
f 1895/3104/1884 1890/3099/1879 3984/7222/3939
f 3981/7226/3936 3983/7224/3938 1884/3080/1872
f 1883/3081/1873 1884/3080/1872 3983/7224/3938
f 3979/7227/3934 3981/7226/3936 1884/3080/1872
f 3978/7228/3933 3979/7227/3934 3985/7229/3940
f 1884/3080/1872 3985/7229/3940 3979/7227/3934
f 3594/6344/3557 3595/6343/3559 3985/7230/3940
f 3985/7230/3940 1882/7231/1871 3594/6344/3557
f 1882/7232/1871 3985/7229/3940 1884/3080/1872
f 3985/7229/3940 3595/6345/3559 3986/7233/3941
f 3986/7233/3941 3978/7228/3933 3985/7229/3940
f 3974/7208/3929 3978/7207/3933 3986/7234/3941
f 3986/7234/3941 3975/7235/3930 3974/7208/3929
f 3975/7235/3930 3986/7234/3941 3987/7236/3942
f 3987/7237/3942 3986/7233/3941 3595/6345/3559
f 3600/6347/3560 3987/7237/3942 3595/6345/3559
f 3608/7238/3571 3987/7236/3942 3600/6359/3560
f 3987/7236/3942 3608/7238/3571 3975/7235/3930
f 1898/3111/1886 3976/7205/3932 1901/3119/1891
f 3962/7196/3918 1901/3119/1891 3976/7205/3932
f 3975/7202/3930 3608/6368/3571 3609/6369/3572
f 3938/7239/3893 3971/7194/3927 3610/7198/3574
f 3940/7125/3895 3971/7193/3927 3938/7122/3893
f 3971/7193/3927 3940/7125/3895 3943/7189/3899
f 3968/7191/3924 3964/7175/3919 3962/7172/3918
f 3960/7169/3916 3965/7178/3921 3948/7240/3904
f 1901/3117/1891 3962/7172/3918 3959/7173/3914
f 3948/7139/3904 3947/7138/3903 3960/7241/3916
f 3959/7173/3914 3988/7242/3943 1901/3117/1891
f 3988/7243/3943 3959/7167/3914 3952/7154/3910
f 3988/7242/3943 1905/3118/1892 1901/3117/1891
f 3952/7154/3910 3953/7152/3909 3988/7243/3943
f 1905/7161/1892 3988/7243/3943 3953/7152/3909
f 1905/7161/1892 3953/7152/3909 3951/7151/3908
f 1943/3196/1933 3945/7244/3900 1944/3195/1932
f 1956/3227/1944 3945/7244/3900 1958/3225/1946
f 1956/3227/1944 1944/3195/1932 3945/7244/3900
f 3935/7245/3890 3938/7239/3893 3610/7198/3574
f 3936/7246/3891 3935/7245/3890 3611/6377/3575
f 3936/7118/3891 3989/7247/3944 3929/7108/3884
f 3989/7248/3944 3936/7246/3891 3611/6377/3575
f 3930/7109/3885 3989/7247/3944 3615/7249/3576
f 3615/6376/3576 3989/7248/3944 3611/6377/3575
f 3989/7247/3944 3930/7109/3885 3929/7108/3884
f 3610/7198/3574 3611/6377/3575 3935/7245/3890
f 1958/7131/1946 3933/7133/3888 3932/7250/3889
f 1961/3261/1949 3932/7250/3889 1973/3259/1962
f 3932/7250/3889 1961/3261/1949 1958/7131/1946
f 3615/7249/3576 3926/7251/3881 3930/7109/3885
f 3924/7252/3880 3927/7253/3882 3614/7254/3580
f 3614/7254/3580 3927/7253/3882 3926/7251/3881
f 3926/7251/3881 3615/7249/3576 3614/7254/3580
f 3614/7254/3580 3616/6384/3579 3924/7252/3880
f 3619/6386/3581 3924/7252/3880 3616/6384/3579
f 1976/6887/1965 1972/7101/1960 3621/6395/3586
f 3600/6359/3560 3602/6358/3566 3608/7238/3571
f 3598/6354/3562 3604/6532/3567 3599/6353/3563
f 3594/6339/3557 1882/3074/1871 1861/3026/6
f 3577/6313/3542 3591/7090/3550 3579/6312/3544
f 3591/7090/3550 3577/6313/3542 3469/7088/3436
f 3590/7255/3555 3589/7256/3554 3991/7257/3945
f 3990/7258/3946 3590/7259/3555 3992/7260/3947
f 1859/3025/1852 3590/6337/3555 3990/7261/3946
f 3991/7262/3945 3992/7260/3947 3590/7259/3555
f 3992/7263/3947 3991/7264/3945 3990/7265/3946
f 3589/7256/3554 3990/7266/3946 3991/7257/3945
f 3990/7261/3946 3589/6336/3554 1861/3026/6
f 1861/3026/6 1859/3025/1852 3990/7261/3946
f 3469/6026/3436 3577/6309/3542 3993/7267/3948
f 3576/6308/3541 3993/7267/3948 3577/6309/3542
f 3993/7267/3948 3468/6025/3435 3469/6026/3436
f 3994/7268/3949 3468/7269/3435 3993/7270/3948
f 3993/7270/3948 3995/7271/3950 3994/7268/3949
f 3995/7271/3950 3993/7270/3948 3576/7272/3541
f 3996/7273/3951 3994/7274/3949 3995/7275/3950
f 3995/7276/3950 3576/7277/3541 3997/7278/3952
f 3996/7273/3951 3995/7275/3950 3998/7279/3953
f 3997/7278/3952 3998/7280/3953 3995/7276/3950
f 3468/7281/3435 3996/7282/3951 3998/7283/3953
f 3468/6025/3435 3998/7284/3953 3467/6024/3434
f 3999/7285/3954 3467/6023/3434 3998/7280/3953
f 3999/7285/3954 3998/7280/3953 3997/7278/3952
f 3473/6029/3439 3467/6023/3434 3999/7285/3954
f 3473/6029/3439 3999/7285/3954 4000/7286/3955
f 4000/7287/3955 3999/7288/3954 3997/7289/3952
f 3477/7290/3443 4000/7286/3955 3575/7291/3540
f 3576/6308/3541 3575/6307/3540 4000/7287/3955
f 3997/7289/3952 3576/6308/3541 4000/7287/3955
f 4000/7286/3955 3477/7290/3443 3473/6029/3439
f 3468/7281/3435 3994/7292/3949 3996/7282/3951
f 3500/6289/3465 3575/6307/3540 3568/6290/3535
f 3490/6099/3456 3575/7291/3540 3500/6096/3465
f 3575/7291/3540 3490/6099/3456 3477/7290/3443
f 1851/3005/6 3503/6149/3471 3566/6281/3532
f 3503/6149/3471 1851/3005/6 1850/3004/1845
f 1674/6118/1668 1673/7293/1667 3497/6119/3462
f 3493/6131/3461 3497/6119/3462 1673/7293/1667
f 1673/7293/1667 1662/6077/1658 3493/6131/3461
f 3493/6131/3461 1662/6077/1658 3488/6078/3455
f 3477/6042/3443 3490/6080/3456 3478/6043/3444
f 3451/5985/3417 3450/5984/3416 3461/6011/3428
f 3459/6006/3425 2007/3322/1993 3457/6005/3424
f 2006/3315/1991 2007/3314/1993 3459/7294/3425
f 3459/7294/3425 1624/7295/1620 2006/3315/1991
f 3457/6003/3424 3453/7296/3419 2005/7297/1992
f 3453/5992/3419 3457/6005/3424 2007/3322/1993
f 2005/7297/1992 1625/6004/1622 3457/6003/3424
f 2007/3322/1993 2009/3321/6 3453/5992/3419
f 1997/5990/1985 2005/7298/1992 3453/5988/3419
f 3444/5972/6 3443/5971/3410 4001/7299/3956
f 3433/5940/6 3444/5972/6 4001/7299/3956
f 3442/5967/3409 4001/7300/3956 3443/5968/3410
f 4001/7299/3956 3435/5949/3403 3433/5940/6
f 4002/7301/3957 3435/7302/3403 4001/7303/3956
f 4001/7303/3956 3442/7304/3409 4002/7301/3957
f 3435/7302/3403 4002/7301/3957 4003/7305/3958
f 4003/7306/3958 4002/7307/3957 3442/7308/3409
f 4003/7306/3958 3442/7308/3409 3440/7309/3408
f 4003/7310/3958 3440/7311/3408 3435/7312/3403
f 2030/3353/2015 3439/5982/3405 2009/3321/6
f 2037/5926/2022 3424/5927/3394 3432/5956/3401
f 3432/5956/3401 2031/5955/2017 2037/5926/2022
f 3427/5935/3395 3431/7313/3400 3426/5933/3397
f 3431/5944/3400 3427/7314/3395 3430/5942/3399
f 3427/7315/3395 3423/7316/3392 3430/7317/3399
f 2038/3371/2023 2044/5918/2029 3421/5917/3391
f 3421/5917/3391 2037/3370/2022 2038/3371/2023
f 3417/5902/3387 4004/7318/3959 3416/5903/3386
f 3411/7319/3382 4004/7320/3959 3417/7321/3387
f 4004/7318/3959 3407/7322/3376 3416/5903/3386
f 3411/7319/3382 3412/7323/3381 4004/7320/3959
f 3407/7324/3376 4004/7320/3959 3412/7323/3381
f 3356/5887/3330 3409/5888/3379 3413/5910/3380
f 3413/5910/3380 3355/5909/3331 3356/5887/3330
f 3403/7325/3373 3374/5827/6 3404/7326/3374
f 3374/5827/6 3399/5870/3370 3404/7326/3374
f 3352/5793/3328 3403/7325/3373 3357/5794/3333
f 3374/5827/6 3403/7325/3373 3352/5793/3328
f 4005/7327/3960 3392/5862/3364 3382/5856/3354
f 3383/6986/3356 3392/6985/3364 4005/7328/3960
f 3379/7329/3352 4005/7328/3960 3373/5822/3346
f 3373/5824/3346 4005/7327/3960 3377/5832/3349
f 3382/5856/3354 3377/5832/3349 4005/7327/3960
f 4005/7328/3960 3379/7329/3352 3380/7330/3353
f 4005/7328/3960 3380/7330/3353 3383/6986/3356
f 1786/2880/1782 1789/2881/1783 3390/5859/3361
f 3373/5822/3346 3370/5820/3345 3379/7329/3352
f 3379/5839/3352 3370/5821/3345 3371/5818/3343
f 3352/5793/3328 3362/5806/3337 3374/5827/6
f 3362/5806/3337 3363/5803/3336 3374/5827/6
f 3374/5827/6 3363/5803/3336 3368/5826/3342
f 3366/5817/3340 3363/5815/3336 3359/7331/3334
f 3359/7331/3334 2056/7332/2043 3366/5817/3340
f 3366/5811/3340 2056/3408/2043 2057/3410/2045
f 3353/5788/3327 3350/5779/3325 3365/5808/821
f 3362/5804/3337 3352/7333/3328 3353/5810/3327
f 3360/5796/6 4007/7334/3961 4006/7335/3962
f 4006/7335/3962 3359/5797/3334 3360/5796/6
f 4007/7334/3961 3360/5796/6 2046/5920/2030
f 2033/3356/2018 4007/7334/3961 2046/5920/2030
f 2058/7336/2044 4006/7337/3962 4007/7338/3961
f 4008/7339/3963 4007/7338/3961 2033/7340/2018
f 4007/7338/3961 4008/7339/3963 2058/7336/2044
f 2023/3344/2007 4008/7339/3963 2033/7340/2018
f 4008/7341/3963 2023/3341/2007 2039/3375/2021
f 2039/3375/2021 2048/3391/2031 4008/7341/3963
f 2058/3409/2044 4008/7341/3963 2048/3391/2031
f 4006/7337/3962 2058/7336/2044 2056/7342/2043
f 2056/7342/2043 3359/7343/3334 4006/7337/3962
f 4009/7344/3964 2046/3385/2030 2048/3388/2031
f 2034/7345/2020 4009/7344/3964 2048/3388/2031
f 2048/3388/2031 2039/7346/2021 2034/7345/2020
f 2046/5920/2030 4009/7347/3964 2033/3356/2018
f 4009/7347/3964 2034/3358/2020 2033/3356/2018
f 2039/3375/2021 2000/3307/821 2042/3376/2025
f 2023/3341/2007 2000/3307/821 2039/3375/2021
f 2033/7340/2018 2026/3348/2011 2023/3344/2007
f 2017/7348/2003 2025/7349/2010 2020/7350/2005
f 2025/3347/2010 2017/3334/2003 2016/3333/2002
f 2022/7351/2008 2020/7350/2005 2025/7349/2010
f 2022/3342/2008 2001/3308/1987 2000/3307/821
f 2020/7350/2005 2019/7352/2004 2017/7348/2003
f 2011/3365/1996 2017/7353/2003 2019/7354/2004
f 2019/7354/2004 2003/3366/1988 2011/3365/1996
f 2003/3309/1988 2019/3337/2004 2014/3336/2000
f 2014/3336/2000 2012/7355/1998 2003/3309/1988
f 2012/7355/1998 2002/3310/1989 2003/3309/1988
f 2006/3312/1991 1625/2589/1622 2005/3313/1992
f 2006/3312/1991 1624/2587/1620 1625/2589/1622
f 4010/7356/3965 1996/3305/1984 1628/7357/1623
f 1996/3305/1984 4010/7356/3965 1993/3298/1981
f 4013/7358/3966 4011/7359/3967 4010/7360/3965
f 1993/3294/1981 4010/7360/3965 4011/7359/3967
f 4010/7360/3965 1649/7361/1645 4012/7362/3968
f 4012/7362/3968 4013/7358/3966 4010/7360/3965
f 1628/7357/1623 1649/7363/1645 4010/7356/3965
f 4014/7364/3969 4011/7365/3967 4013/7366/3966
f 4013/7366/3966 4015/7367/3970 4014/7364/3969
f 4015/7367/3970 4013/7366/3966 4012/7368/3968
f 4015/7369/3970 4018/7370/3971 4016/7371/3972
f 4016/7371/3972 4017/7372/3973 4015/7369/3970
f 4014/7373/3969 4015/7369/3970 4017/7372/3973
f 4012/7368/3968 4018/7374/3971 4015/7367/3970
f 4018/7375/3971 4012/7376/3968 4019/7377/3974
f 4019/7377/3974 4020/7378/3975 4018/7375/3971
f 4016/7371/3972 4018/7370/3971 4020/7379/3975
f 4020/7379/3975 4022/7380/3976 4016/7371/3972
f 4020/7378/3975 4019/7377/3974 4021/7381/3977
f 4021/7381/3977 4022/7382/3976 4020/7378/3975
f 4022/7380/3976 4023/7383/3978 1966/3247/1955
f 1966/3247/1955 4016/7371/3972 4022/7380/3976
f 4022/7382/3976 4021/7381/3977 1656/7384/1651
f 1656/7384/1651 4023/7385/3978 4022/7382/3976
f 4023/7383/3978 1967/3248/1956 1966/3247/1955
f 4023/7385/3978 1656/7384/1651 1655/7386/1650
f 1655/7386/1650 1967/7387/1956 4023/7385/3978
f 1656/2656/1651 4021/7388/3977 1650/2659/1644
f 4021/7388/3977 4019/7389/3974 1649/7361/1645
f 1649/7361/1645 1650/2659/1644 4021/7388/3977
f 4019/7389/3974 4012/7362/3968 1649/7361/1645
f 4017/7390/3973 1978/7391/1966 1977/3274/1968
f 1978/7391/1966 4017/7390/3973 4016/7392/3972
f 4017/7372/3973 1981/3276/1970 4024/7393/3979
f 1977/3274/1968 1981/3273/1970 4017/7390/3973
f 4024/7393/3979 4014/7373/3969 4017/7372/3973
f 4025/7394/3980 4024/7395/3979 1987/3286/1977
f 1987/3287/1977 4024/7393/3979 1981/3276/1970
f 4024/7395/3979 4025/7394/3980 4011/7365/3967
f 4011/7365/3967 4014/7364/3969 4024/7395/3979
f 4011/7359/3967 4025/7396/3980 1993/3294/1981
f 4025/7396/3980 1988/3288/1976 1993/3294/1981
f 1987/3286/1977 1988/3285/1976 4025/7394/3980
f 4016/7392/3972 1970/7397/1959 1978/7391/1966
f 1970/3253/1959 4016/7398/3972 1966/3249/1955
f 1990/3291/1979 1985/3284/1974 1984/6926/1973
f 1660/2670/1656 1664/2669/1659 1968/7399/1957
f 1968/7399/1957 1658/7400/1653 1660/2670/1656
f 1658/7400/1653 1968/7399/1957 1967/7387/1956
f 1967/7387/1956 1655/7386/1650 1658/7400/1653
f 1947/3204/1936 1944/3198/1932 1956/3221/1944
f 1953/3218/1942 1684/2705/1679 1954/3217/1941
f 1696/2724/1692 1954/7401/1941 1686/2706/1681
f 1954/7401/1941 1684/2702/1679 1686/2706/1681
f 1684/2705/1679 1953/3218/1942 1682/2701/1677
f 1948/3199/1935 4027/7402/3981 1945/3200/1930
f 1948/3207/1935 1698/3206/1694 4026/7403/3982
f 4026/7403/3982 4027/7404/3981 1948/3207/1935
f 4027/7402/3981 4028/7405/3983 1945/3200/1930
f 4029/7406/3984 4028/7407/3983 4027/7404/3981
f 4027/7404/3981 4026/7403/3982 4029/7406/3984
f 4030/7408/3985 4029/7409/3984 1703/7410/1698
f 4028/7407/3983 4029/7406/3984 4030/7411/3985
f 4029/7409/3984 4026/7412/3982 1703/7410/1698
f 1703/7410/1698 1710/2746/1706 4030/7408/3985
f 1716/2756/1712 4030/7408/3985 1710/2746/1706
f 4030/7411/3985 4031/7413/3986 4028/7407/3983
f 4031/7413/3986 4030/7411/3985 1716/2758/1712
f 4028/7405/3983 4031/7414/3986 4032/7415/3987
f 1716/2758/1712 1717/2757/1713 4031/7413/3986
f 4031/7414/3986 1717/2762/1713 4032/7415/3987
f 1942/3192/1931 1945/3191/1930 4032/7416/3987
f 4032/7416/3987 1722/2767/1717 1942/3192/1931
f 1722/2767/1717 4032/7416/3987 1719/2765/1715
f 1719/2760/1715 4032/7415/3987 1717/2762/1713
f 4032/7415/3987 1945/3200/1930 4028/7405/3983
f 4026/7412/3982 1698/2727/1694 1700/2726/1693
f 1700/2726/1693 1703/7410/1698 4026/7412/3982
f 1931/3165/1920 1943/3196/1933 1932/3164/1919
f 1942/3194/1931 1722/7417/1717 1936/3188/1925
f 1739/2792/1735 4033/7418/3988 1933/7419/1921
f 1933/3168/1921 4033/7420/3988 1929/3166/1918
f 1933/7419/1921 1736/2787/1730 1739/2792/1735
f 4033/7420/3988 1739/7421/1735 1738/2801/1734
f 1929/3166/1918 4033/7420/3988 1738/2801/1734
f 1924/7422/1913 1931/7423/1920 1925/7424/1912
f 1738/2801/1734 1743/2795/1738 1929/3166/1918
f 1927/3157/1915 1917/6997/1906 1918/3154/1907
f 1900/3149/1889 1902/7425/1888 1920/3150/1910
f 1876/3059/1865 1885/3078/6 1875/3058/1864
f 1876/3059/1865 1878/3068/1870 1885/3078/6
f 1864/3030/6 1861/3026/6 1882/3074/1871
f 1864/3030/6 1873/3055/6 4034/7426/3989
f 1871/3048/1861 4034/7426/3989 1873/3055/6
f 4035/7427/3990 4034/7428/3989 4037/7429/3991
f 4034/7426/3989 4035/7430/3990 1864/3030/6
f 4034/7431/3989 4036/7432/3992 4038/7433/3993
f 4036/7432/3992 4034/7431/3989 1871/7434/1861
f 4038/7435/3993 4037/7429/3991 4034/7428/3989
f 4036/7436/3992 4037/7437/3991 4038/7438/3993
f 4037/7439/3991 4036/7440/3992 4035/7441/3990
f 4036/7440/3992 1871/7442/1861 4035/7441/3990
f 4035/7430/3990 1871/3048/1861 1863/3031/1855
f 1863/3031/1855 1864/3030/6 4035/7430/3990
f 1856/3019/1849 1868/3036/1858 4041/7443/3994
f 1868/7444/1858 4039/7445/3995 4040/7446/3996
f 4039/7447/3995 1868/7448/1858 1827/7449/1820
f 4040/7446/3996 4041/7450/3994 1868/7444/1858
f 1839/2990/1832 1856/3019/1849 4041/7443/3994
f 1836/7451/1829 4041/7443/3994 4043/7452/3997
f 1836/7451/1829 1839/2990/1832 4041/7443/3994
f 4040/7453/3996 4042/7454/3998 4041/7455/3994
f 4042/7454/3998 4043/7456/3997 4041/7455/3994
f 4043/7452/3997 1829/2966/1823 1832/7457/1825
f 4043/7452/3997 1832/7457/1825 1836/7451/1829
f 1829/2966/1823 4043/7452/3997 1830/2967/1824
f 4044/7458/3999 1830/7459/1824 4043/7456/3997
f 4043/7456/3997 4042/7454/3998 4044/7458/3999
f 4042/7460/3998 4039/7461/3995 4044/7462/3999
f 4044/7463/3999 1827/7449/1820 1830/7464/1824
f 1827/7449/1820 4044/7463/3999 4039/7447/3995
f 4040/7465/3996 4039/7461/3995 4042/7460/3998
f 1865/7466/1856 1866/7467/1857 4046/7468/4000
f 4045/7469/4001 1866/3034/1857 1861/3026/6
f 1866/7470/1857 4045/7471/4001 4047/7472/4002
f 4047/7472/4002 4046/7473/4000 1866/7470/1857
f 4046/7474/4000 4047/7475/4002 4045/7476/4001
f 4045/7476/4001 1865/7477/1856 4046/7474/4000
f 1861/3026/6 1864/3030/6 4045/7469/4001
f 1865/3033/1856 4045/7469/4001 1864/3030/6
f 1834/7478/1828 1833/6199/1827 1705/7479/1701
f 1705/7480/1701 1704/6275/1700 1834/6274/1828
f 1708/6193/1702 1705/7479/1701 1833/6199/1827
f 4049/7481/4003 4048/7482/4004 1823/7483/1815
f 4050/7484/4005 1823/7485/1815 4048/7486/4004
f 4049/7487/4003 1823/7488/1815 1822/7489/1816
f 1823/2954/1815 4050/7490/4005 1820/2952/1814
f 4048/7486/4004 1810/7491/1803 4050/7484/4005
f 4050/7490/4005 1810/2930/1803 1811/2934/1805
f 1811/2934/1805 1820/2952/1814 4050/7490/4005
f 4049/7481/4003 4051/7492/4006 4048/7482/4004
f 4049/7481/4003 4052/7493/4007 4051/7492/4006
f 4052/7494/4007 4049/7487/4003 1822/7489/1816
f 4052/7494/4007 1822/7489/1816 4053/7495/4008
f 4053/7496/4008 4051/7497/4006 4052/7498/4007
f 4051/7497/4006 4053/7496/4008 1810/7499/1803
f 1804/2917/6 1810/2930/1803 4053/7500/4008
f 1804/2917/6 4053/7500/4008 1822/2955/1816
f 1810/7491/1803 4048/7486/4004 4051/7501/4006
f 1774/2856/1768 1814/2940/1808 1771/2854/1764
f 1805/2933/1801 1794/2895/1789 1812/2931/1804
f 1771/2854/1764 1812/2939/1804 1794/2896/1789
f 1806/2918/1800 1797/2901/1792 1793/2902/1788
f 1793/2902/1788 1805/2919/1801 1806/2918/1800
f 1794/2895/1789 1805/2933/1801 1793/2894/1788
f 1796/2897/1790 1788/7022/1781 1785/2892/1780
f 1769/2889/1765 1771/2854/1764 1794/2896/1789
f 1789/6980/1783 1790/6731/1784 1783/6730/1776
f 1780/2867/1773 1772/2844/1763 1768/2843/1762
f 1772/7502/1763 1780/2884/1773 1775/2887/1770
f 932/7503/930 1779/7504/1774 4058/7505/4009
f 1779/7506/1774 932/7507/930 929/7508/929
f 1779/7504/1774 898/1506/898 4057/7509/4010
f 897/1504/897 898/1506/898 1779/7504/1774
f 4056/7510/4011 4054/7511/4012 1779/7504/1774
f 4055/7512/4013 1779/7504/1774 4054/7511/4012
f 1779/7504/1774 4055/7512/4013 4058/7505/4009
f 1779/7504/1774 4057/7509/4010 4056/7510/4011
f 4059/7513/4014 897/1504/897 1779/7504/1774
f 929/7514/929 4059/7513/4014 1779/7504/1774
f 4059/7515/4014 929/7516/929 928/7517/927
f 928/7517/927 903/1515/903 4059/7515/4014
f 897/1507/897 4059/7515/4014 903/1515/903
f 4058/7505/4009 4060/7518/4015 932/7503/930
f 4061/7519/4016 4058/7505/4009 4055/7512/4013
f 4062/7520/4017 4060/7521/4015 4058/7522/4009
f 4063/7523/4018 4058/7522/4009 4061/7524/4016
f 4063/7523/4018 4062/7520/4017 4058/7522/4009
f 4065/7525/4019 4063/7526/4018 4064/7527/4020
f 4061/7524/4016 4064/7528/4020 4063/7523/4018
f 4062/7529/4017 4063/7526/4018 4065/7525/4019
f 4065/7525/4019 4064/7527/4020 4066/7530/4021
f 4066/7530/4021 4067/7531/4022 4065/7525/4019
f 4067/7531/4022 4068/7532/4023 4065/7525/4019
f 4068/7532/4023 4062/7529/4017 4065/7525/4019
f 4068/7533/4023 4069/7534/4024 4060/7535/4015
f 4068/7533/4023 4067/7536/4022 4069/7534/4024
f 4062/7537/4017 4068/7533/4023 4060/7535/4015
f 4071/7538/4025 932/7503/930 4069/7539/4024
f 4060/7518/4015 4069/7539/4024 932/7503/930
f 4070/7540/4026 4069/7534/4024 4067/7536/4022
f 4069/7539/4024 4070/7541/4026 4071/7538/4025
f 931/7542/931 932/7543/930 4071/7544/4025
f 4072/7545/4027 931/7546/931 4071/7547/4025
f 4074/7548/4028 4072/7545/4027 4071/7547/4025
f 4073/7549/4029 4071/7538/4025 4075/7550/4030
f 4074/7551/4028 4071/7552/4025 4073/7553/4029
f 4076/7554/4031 4071/7538/4025 4070/7541/4026
f 4071/7538/4025 950/1596/949 954/1601/953
f 954/1601/953 4075/7550/4030 4071/7538/4025
f 4076/7554/4031 950/1596/949 4071/7538/4025
f 4077/7555/4032 4078/7556/4033 4076/7557/4031
f 4076/7557/4031 4079/7558/4034 4077/7555/4032
f 4078/7556/4033 4081/7559/4035 4076/7557/4031
f 4079/7560/4034 4076/7554/4031 4080/7561/4036
f 4070/7541/4026 4080/7561/4036 4076/7554/4031
f 4081/7559/4035 4082/7562/4037 4076/7557/4031
f 950/1596/949 4076/7554/4031 4082/7563/4037
f 947/1590/946 4082/7562/4037 944/1588/943
f 943/7564/942 944/1588/943 4082/7562/4037
f 4082/7562/4037 4081/7559/4035 943/7564/942
f 4082/7563/4037 947/1594/946 950/1596/949
f 4081/7559/4035 4078/7556/4033 4083/7565/4038
f 4083/7565/4038 943/7564/942 4081/7559/4035
f 913/1537/916 943/1584/942 4083/7566/4038
f 913/1537/916 4083/7566/4038 915/1536/915
f 915/7567/915 4083/7565/4038 4078/7556/4033
f 4080/7561/4036 4061/7519/4016 4079/7560/4034
f 4080/7568/4036 4070/7569/4026 4066/7570/4021
f 4061/7571/4016 4080/7568/4036 4064/7572/4020
f 4080/7568/4036 4066/7570/4021 4064/7572/4020
f 4084/7573/4039 4077/7555/4032 4079/7558/4034
f 4079/7558/4034 4055/7574/4013 4084/7573/4039
f 4055/7512/4013 4079/7560/4034 4061/7519/4016
f 4077/7555/4032 4084/7573/4039 916/7575/917
f 4085/7576/4040 4084/7573/4039 4055/7574/4013
f 914/7577/913 916/7575/917 4084/7573/4039
f 4084/7573/4039 4085/7576/4040 914/7577/913
f 4086/7578/4041 914/7577/913 4085/7576/4040
f 4085/7576/4040 4087/7579/4042 4086/7578/4041
f 4087/7579/4042 4085/7576/4040 4055/7574/4013
f 4088/7580/4043 4086/7578/4041 4087/7579/4042
f 4087/7579/4042 4089/7581/4044 4088/7580/4043
f 4089/7581/4044 4087/7579/4042 4054/7582/4012
f 4055/7574/4013 4054/7582/4012 4087/7579/4042
f 4090/7583/4045 4088/7580/4043 4089/7581/4044
f 4089/7581/4044 4091/7584/4046 4090/7583/4045
f 4091/7584/4046 4089/7581/4044 4054/7582/4012
f 4093/7585/4047 4090/7583/4045 4091/7584/4046
f 4092/7586/4048 4091/7584/4046 4054/7582/4012
f 4091/7584/4046 4092/7586/4048 4093/7585/4047
f 829/1392/827 4090/7587/4045 4093/7588/4047
f 829/1392/827 4093/7588/4047 4094/7589/4049
f 4094/7590/4049 4093/7585/4047 4092/7586/4048
f 4094/7589/4049 4095/7591/4050 828/1395/830
f 828/1395/830 829/1392/827 4094/7589/4049
f 4095/7592/4050 4094/7590/4049 4096/7593/4051
f 4092/7586/4048 4096/7593/4051 4094/7590/4049
f 4097/7594/4052 4096/7593/4051 4098/7595/4053
f 4096/7593/4051 4097/7594/4052 4095/7592/4050
f 4096/7593/4051 4092/7586/4048 4099/7596/4054
f 4099/7596/4054 4098/7595/4053 4096/7593/4051
f 4100/7597/4055 884/7598/885 4099/7599/4054
f 4098/7600/4053 4099/7599/4054 884/7598/885
f 4054/7582/4012 4099/7596/4054 4092/7586/4048
f 4099/7599/4054 4054/7511/4012 4056/7510/4011
f 4056/7510/4011 4100/7597/4055 4099/7599/4054
f 4100/7597/4055 4101/7601/4056 884/7598/885
f 4102/7602/4057 4101/7603/4056 4100/7604/4055
f 4100/7604/4055 4056/7605/4011 4103/7606/4058
f 4100/7604/4055 4103/7606/4058 4102/7602/4057
f 4056/7607/4011 4104/7608/4059 4103/7609/4058
f 4105/7610/4060 4103/7611/4058 4104/7612/4059
f 4105/7610/4060 4102/7613/4057 4103/7611/4058
f 4104/7612/4059 4106/7614/4061 4105/7610/4060
f 4106/7614/4061 4107/7615/4062 4105/7610/4060
f 4105/7610/4060 4107/7615/4062 4102/7613/4057
f 4101/7603/4056 4102/7602/4057 4107/7616/4062
f 4107/7617/4062 4108/7618/4063 4101/7619/4056
f 4107/7617/4062 4106/7620/4061 4108/7618/4063
f 4101/7601/4056 4108/7621/4063 884/7598/885
f 4106/7620/4061 4057/7622/4010 4108/7618/4063
f 898/1506/898 4108/7621/4063 4057/7509/4010
f 898/1506/898 884/7598/885 4108/7621/4063
f 4106/7620/4061 4104/7623/4059 4057/7622/4010
f 4056/7607/4011 4057/7624/4010 4104/7608/4059
f 4109/7625/4064 4097/7594/4052 4098/7595/4053
f 4098/7595/4053 4110/7626/4065 4109/7625/4064
f 884/7598/885 4110/7627/4065 4098/7600/4053
f 4113/7628/4066 4109/7625/4064 4110/7626/4065
f 4110/7627/4065 884/7598/885 864/1449/865
f 4111/7629/4067 4110/7627/4065 864/1449/865
f 856/1438/856 4110/7627/4065 4111/7629/4067
f 4110/7626/4065 856/1434/856 4112/7630/4068
f 4112/7630/4068 4113/7628/4066 4110/7626/4065
f 833/1404/832 4114/7631/4069 4113/7628/4066
f 4113/7628/4066 4112/7630/4068 833/1404/832
f 4109/7625/4064 4113/7628/4066 4114/7631/4069
f 828/1395/830 4114/7632/4069 833/1402/832
f 4114/7631/4069 4115/7633/4070 4109/7625/4064
f 828/1395/830 4115/7634/4070 4114/7632/4069
f 4115/7633/4070 4095/7592/4050 4097/7594/4052
f 828/1395/830 4095/7591/4050 4115/7634/4070
f 4097/7594/4052 4109/7625/4064 4115/7633/4070
f 4112/7630/4068 852/1430/852 4116/7635/4071
f 852/1430/852 4112/7630/4068 854/1432/854
f 833/1404/832 4112/7630/4068 4116/7635/4071
f 856/1434/856 854/1432/854 4112/7630/4068
f 4116/7635/4071 852/1430/852 4117/7636/4072
f 4116/7635/4071 4118/7637/4073 833/1404/832
f 4117/7636/4072 4118/7637/4073 4116/7635/4071
f 832/1405/834 833/1404/832 4118/7637/4073
f 832/1405/834 4118/7637/4073 4117/7636/4072
f 835/1408/835 832/1405/834 4117/7636/4072
f 852/1430/852 851/1429/851 4117/7636/4072
f 4117/7636/4072 4119/7638/4074 835/1408/835
f 4117/7639/4072 851/7640/851 4119/7641/4074
f 4121/7642/4075 4119/7638/4074 4120/7643/4076
f 851/1429/851 4120/7643/4076 4119/7638/4074
f 835/1408/835 4119/7638/4074 4122/7644/4077
f 4119/7638/4074 4121/7642/4075 4122/7644/4077
f 4122/7645/4077 4121/7646/4075 4123/7647/4078
f 4125/7648/4079 837/7649/836 4122/7650/4077
f 4122/7644/4077 837/1409/836 835/1408/835
f 4123/7647/4078 4124/7651/4080 4122/7645/4077
f 4122/7650/4077 4124/7652/4080 4125/7648/4079
f 836/7653/838 837/7654/836 4125/7655/4079
f 4125/7655/4079 4128/7656/4081 836/7653/838
f 4125/7657/4079 4126/7658/4082 4128/7659/4081
f 4127/7660/4083 4126/7658/4082 4125/7657/4079
f 4125/7657/4079 4124/7661/4080 4127/7660/4083
f 4129/7662/4084 836/7653/838 4128/7656/4081
f 4128/7656/4081 4126/7663/4082 4129/7662/4084
f 4130/7664/4085 838/1410/837 4129/7665/4084
f 4129/7665/4084 4131/7666/4086 4130/7664/4085
f 4127/7660/4083 4131/7666/4086 4129/7665/4084
f 836/1411/838 4129/7665/4084 838/1410/837
f 4129/7665/4084 4126/7658/4082 4127/7660/4083
f 4120/7643/4076 4130/7664/4085 4131/7666/4086
f 4131/7666/4086 4121/7642/4075 4120/7643/4076
f 4121/7646/4075 4131/7667/4086 4127/7668/4083
f 843/7669/844 841/1416/841 4130/7670/4085
f 841/1416/841 838/1415/837 4130/7670/4085
f 4130/7664/4085 4120/7643/4076 843/1422/844
f 4127/7660/4083 4124/7661/4080 4123/7671/4078
f 4127/7668/4083 4123/7647/4078 4121/7646/4075
f 843/7672/844 4120/7673/4076 851/7674/851
f 864/7675/865 861/7676/864 4111/7677/4067
f 859/1445/858 4111/7678/4067 4133/7679/4087
f 4111/7629/4067 859/1436/858 856/1438/856
f 4111/7680/4067 861/7681/864 4132/7682/4088
f 4111/7680/4067 4132/7682/4088 4134/7683/4089
f 4111/7678/4067 4134/7684/4089 4133/7679/4087
f 4135/7685/4090 4134/7686/4089 4132/7687/4088
f 4135/7685/4090 4133/7688/4087 4134/7686/4089
f 4135/7685/4090 4132/7687/4088 862/7689/863
f 862/7689/863 863/7690/862 4135/7685/4090
f 863/7690/862 4133/7688/4087 4135/7685/4090
f 4133/7679/4087 863/1443/862 859/1445/858
f 861/1447/864 862/1446/863 4132/7691/4088
f 829/1392/827 4088/7692/4043 4090/7587/4045
f 912/1535/914 4086/7693/4041 4088/7692/4043
f 4088/7692/4043 829/1392/827 912/1535/914
f 912/1535/914 914/1534/913 4086/7693/4041
f 4078/7556/4033 4077/7555/4032 915/7567/915
f 916/7575/917 915/7567/915 4077/7555/4032
f 4138/7694/4091 4075/7695/4030 954/7696/953
f 4137/7697/4092 4136/7698/4093 4075/7695/4030
f 4075/7550/4030 4136/7699/4093 4073/7549/4029
f 4075/7695/4030 4138/7694/4091 4137/7697/4092
f 4140/7700/4094 4137/7701/4092 4138/7702/4091
f 4140/7700/4094 4138/7702/4091 4139/7703/4095
f 954/7696/953 4139/7704/4095 4138/7694/4091
f 4142/7705/4096 4137/7701/4092 4140/7700/4094
f 4140/7700/4094 4139/7703/4095 4141/7706/4097
f 4140/7700/4094 4141/7706/4097 4142/7705/4096
f 4137/7707/4092 4142/7708/4096 4143/7709/4098
f 4142/7708/4096 958/7710/958 4143/7709/4098
f 958/7710/958 4142/7708/4096 4141/7711/4097
f 4137/7707/4092 4143/7709/4098 4136/7712/4093
f 4073/7549/4029 4136/7699/4093 4143/7713/4098
f 962/1610/962 4143/7713/4098 958/1606/958
f 4143/7713/4098 962/1610/962 4073/7549/4029
f 953/7714/954 4141/7715/4097 4139/7716/4095
f 953/7714/954 958/7717/958 4141/7715/4097
f 4139/7716/4095 954/7718/953 953/7714/954
f 4074/7551/4028 4147/7719/4099 4144/7720/4100
f 4144/7720/4100 4145/7721/4101 4074/7551/4028
f 4145/7721/4101 4146/7722/4102 4074/7551/4028
f 4072/7723/4027 4074/7551/4028 4146/7722/4102
f 4147/7719/4099 4074/7551/4028 4073/7553/4029
f 4149/7724/4103 4144/7720/4100 4147/7719/4099
f 4148/7725/4104 4147/7719/4099 4073/7553/4029
f 4147/7719/4099 4148/7725/4104 4149/7724/4103
f 4144/7726/4100 4149/7727/4103 4150/7728/4105
f 4152/7729/4106 4150/7728/4105 4149/7727/4103
f 4151/7730/4107 4149/7724/4103 4148/7725/4104
f 4149/7727/4103 4151/7731/4107 4152/7729/4106
f 4150/7732/4105 4152/7733/4106 4153/7734/4108
f 4154/7735/4109 4153/7734/4108 4152/7733/4106
f 4152/7733/4106 4155/7736/4110 4154/7735/4109
f 4155/7737/4110 4152/7729/4106 4151/7731/4107
f 4156/7738/4111 4155/7737/4110 4157/7739/4112
f 4155/7736/4110 4156/7740/4111 4158/7741/4113
f 4158/7741/4113 4154/7735/4109 4155/7736/4110
f 4151/7731/4107 4157/7739/4112 4155/7737/4110
f 4158/7742/4113 4159/7743/4114 4162/7744/4115
f 4159/7743/4114 4158/7742/4113 4160/7745/4116
f 4160/7745/4116 4158/7742/4113 4161/7746/4117
f 4161/7747/4117 4158/7741/4113 4156/7740/4111
f 4154/7748/4109 4158/7742/4113 4162/7744/4115
f 967/7749/966 4162/7744/4115 4159/7743/4114
f 4162/7744/4115 4164/7750/4118 4163/7751/4119
f 4163/7751/4119 4165/7752/4120 4162/7744/4115
f 4162/7744/4115 967/7749/966 4164/7750/4118
f 4162/7744/4115 4165/7752/4120 4154/7748/4109
f 4166/7753/4121 940/1579/939 4165/7752/4120
f 4153/7754/4108 4165/7752/4120 940/1579/939
f 4153/7754/4108 4154/7748/4109 4165/7752/4120
f 4165/7752/4120 4167/7755/4122 4166/7753/4121
f 4165/7752/4120 4163/7751/4119 4167/7755/4122
f 4166/7756/4121 4167/7757/4122 957/7758/956
f 4167/7757/4122 4163/7759/4119 960/7760/959
f 960/7760/959 957/7758/956 4167/7757/4122
f 940/1579/939 4166/7753/4121 4168/7761/4123
f 4168/7762/4123 4166/7763/4121 956/7764/955
f 957/7758/956 956/7765/955 4166/7756/4121
f 940/1579/939 4168/7761/4123 4169/7766/4124
f 4169/7767/4124 4168/7762/4123 952/7768/952
f 956/7764/955 952/7768/952 4168/7762/4123
f 940/1579/939 4169/7766/4124 946/1587/945
f 946/1591/945 4169/7767/4124 949/1593/948
f 952/7768/952 949/1593/948 4169/7767/4124
f 4164/7769/4118 967/1614/966 965/1617/965
f 965/1617/965 961/7770/960 4164/7769/4118
f 4163/7759/4119 4164/7769/4118 961/7770/960
f 961/7770/960 960/7760/959 4163/7759/4119
f 4170/7771/4125 4161/7747/4117 4171/7772/4126
f 4161/7746/4117 4170/7773/4125 4160/7745/4116
f 4156/7740/4111 4171/7772/4126 4161/7747/4117
f 4172/7774/4127 4171/7775/4126 4173/7776/4128
f 4171/7772/4126 4172/7777/4127 4170/7771/4125
f 4171/7775/4126 4156/7738/4111 4174/7778/4129
f 4174/7778/4129 4173/7776/4128 4171/7775/4126
f 4173/7779/4128 4174/7780/4129 4175/7781/4130
f 4174/7780/4129 4157/7782/4112 4175/7781/4130
f 4157/7739/4112 4174/7778/4129 4156/7738/4111
f 4175/7781/4130 4148/7725/4104 4073/7553/4029
f 4148/7725/4104 4175/7781/4130 4157/7782/4112
f 4176/7783/4131 4175/7781/4130 962/1662/962
f 4175/7781/4130 4176/7783/4131 4173/7779/4128
f 4175/7781/4130 4073/7553/4029 962/1662/962
f 4177/7784/4132 4176/7783/4131 990/1661/990
f 4177/7784/4132 4173/7779/4128 4176/7783/4131
f 962/1662/962 990/1661/990 4176/7783/4131
f 990/1661/990 4178/7785/4133 4177/7784/4132
f 4177/7786/4132 4178/7787/4133 4179/7788/4134
f 4179/7788/4134 4172/7774/4127 4177/7786/4132
f 4173/7776/4128 4177/7786/4132 4172/7774/4127
f 4180/7789/4135 4182/7790/4136 4179/7791/4134
f 4179/7791/4134 4181/7792/4137 4180/7789/4135
f 4181/7793/4137 4179/7788/4134 4178/7787/4133
f 4172/7777/4127 4179/7791/4134 4182/7790/4136
f 4182/7794/4136 4180/7795/4135 4183/7796/4138
f 4170/7773/4125 4182/7794/4136 4183/7796/4138
f 4182/7790/4136 4170/7771/4125 4172/7777/4127
f 4184/7797/4139 4183/7796/4138 4180/7795/4135
f 4183/7798/4138 4184/7799/4139 4186/7800/4140
f 4185/7801/4141 4160/7802/4116 4183/7798/4138
f 4183/7796/4138 4160/7745/4116 4170/7773/4125
f 4183/7798/4138 4186/7800/4140 4185/7801/4141
f 4188/7803/4142 4185/7804/4141 4186/7805/4140
f 4184/7806/4139 4187/7807/4143 4186/7808/4140
f 4188/7803/4142 4186/7805/4140 4187/7809/4143
f 4189/7810/4144 4185/7804/4141 4188/7803/4142
f 4187/7809/4143 4189/7810/4144 4188/7803/4142
f 4185/7811/4141 4189/7812/4144 4160/7813/4116
f 4189/7814/4144 4187/7807/4143 4190/7815/4145
f 4189/7812/4144 4190/7816/4145 4160/7813/4116
f 4160/7745/4116 4190/7817/4145 4159/7743/4114
f 4192/7818/4146 4190/7815/4145 4187/7807/4143
f 4191/7819/4147 4159/7743/4114 4190/7817/4145
f 4190/7817/4145 4192/7820/4146 4191/7819/4147
f 1016/1718/1015 4191/7819/4147 4192/7820/4146
f 4193/7821/4148 999/7822/998 4192/7820/4146
f 4192/7820/4146 4184/7797/4139 4193/7821/4148
f 999/7822/998 998/7823/997 4192/7820/4146
f 998/7823/997 1002/1719/1000 4192/7820/4146
f 4184/7806/4139 4192/7818/4146 4187/7807/4143
f 1002/1719/1000 1016/1718/1015 4192/7820/4146
f 4193/7824/4148 4180/7789/4135 4181/7792/4137
f 4180/7795/4135 4193/7821/4148 4184/7797/4139
f 999/1677/998 4193/7824/4148 995/1680/994
f 4181/7792/4137 995/1680/994 4193/7824/4148
f 4194/7825/4149 4159/7743/4114 4191/7819/4147
f 4191/7819/4147 4195/7826/4150 4194/7825/4149
f 4191/7819/4147 4196/7827/4151 4195/7826/4150
f 4196/7827/4151 4191/7819/4147 1016/1718/1015
f 1016/1718/1015 4197/7828/4152 4196/7827/4151
f 4195/7829/4150 4196/7830/4151 4198/7831/4153
f 4196/7830/4151 4197/7832/4152 4199/7833/4154
f 4199/7833/4154 4198/7831/4153 4196/7830/4151
f 4198/7831/4153 4199/7833/4154 974/1626/974
f 4199/7833/4154 4200/7834/4155 4201/7835/4156
f 4200/7834/4155 4199/7833/4154 4197/7832/4152
f 4201/7835/4156 974/1626/974 4199/7833/4154
f 4205/7836/4157 1006/7837/1006 4201/7838/4156
f 1006/7837/1006 989/1659/988 4201/7838/4156
f 974/1627/974 4201/7838/4156 989/1659/988
f 4200/7834/4155 4206/7839/4158 4201/7835/4156
f 4201/7838/4156 4202/7840/4159 4203/7841/4160
f 4202/7842/4159 4201/7835/4156 4206/7839/4158
f 4203/7841/4160 4204/7843/4161 4201/7838/4156
f 4201/7838/4156 4204/7843/4161 4205/7836/4157
f 1019/7844/1019 1020/7845/1018 4206/7839/4158
f 4206/7839/4158 4200/7834/4155 1019/7844/1019
f 4207/7846/4162 4206/7839/4158 1020/7845/1018
f 4206/7839/4158 4207/7846/4162 4202/7842/4159
f 1020/7845/1018 1021/7847/1016 4207/7846/4162
f 4208/7848/4163 4207/7846/4162 1021/7847/1016
f 4207/7846/4162 4208/7848/4163 4202/7842/4159
f 1021/7847/1016 4209/7849/4164 4208/7848/4163
f 4210/7850/4165 4208/7848/4163 4209/7849/4164
f 4208/7848/4163 4210/7850/4165 4202/7842/4159
f 4210/7850/4165 4211/7851/4166 1043/1748/1040
f 4211/7851/4166 4210/7850/4165 1035/7852/1033
f 1043/1748/1040 4202/7842/4159 4210/7850/4165
f 4209/7849/4164 1035/7852/1033 4210/7850/4165
f 4211/7851/4166 1039/1743/1036 1043/1748/1040
f 1039/1743/1036 4211/7851/4166 1036/1741/1034
f 1035/7852/1033 1036/1741/1034 4211/7851/4166
f 1018/1721/1017 4209/7853/4164 1021/1720/1016
f 1018/1721/1017 1035/1738/1033 4209/7853/4164
f 4213/7854/4167 4212/7855/4168 4205/7856/4157
f 4205/7836/4157 4212/7857/4168 1006/7837/1006
f 4213/7858/4167 4205/7859/4157 4204/7860/4161
f 4213/7854/4167 4214/7861/4169 4212/7855/4168
f 4214/7862/4169 4213/7863/4167 4215/7864/4170
f 4215/7864/4170 4213/7863/4167 4216/7865/4171
f 4204/7860/4161 4216/7866/4171 4213/7858/4167
f 4204/7860/4161 4203/7867/4160 4216/7866/4171
f 4216/7865/4171 4217/7868/4172 4215/7864/4170
f 4217/7869/4172 4216/7866/4171 4203/7867/4160
f 4215/7864/4170 4217/7868/4172 4218/7870/4173
f 4219/7871/4174 4218/7872/4173 4217/7873/4172
f 4203/7874/4160 4219/7871/4174 4217/7873/4172
f 4202/7840/4159 1061/1773/1060 4219/7875/4174
f 1061/1773/1060 4220/7876/4175 4219/7875/4174
f 4219/7875/4174 4203/7841/4160 4202/7840/4159
f 4219/7871/4174 4220/7877/4175 4218/7872/4173
f 4214/7861/4169 4220/7878/4175 4212/7855/4168
f 4212/7857/4168 4220/7876/4175 1006/7837/1006
f 4214/7879/4169 4218/7872/4173 4220/7877/4175
f 1006/7837/1006 4220/7876/4175 1061/1773/1060
f 4218/7870/4173 4214/7862/4169 4215/7864/4170
f 4202/7840/4159 1043/1749/1040 1061/1773/1060
f 4197/7832/4152 1019/7844/1019 4200/7834/4155
f 973/1623/972 4198/7831/4153 974/1626/974
f 4198/7831/4153 973/1623/972 4195/7829/4150
f 1016/1718/1015 1019/1724/1019 4197/7828/4152
f 4194/7880/4149 4195/7829/4150 973/1623/972
f 4159/7743/4114 4194/7825/4149 970/7881/969
f 970/1620/969 4194/7880/4149 971/1621/970
f 973/1623/972 971/1621/970 4194/7880/4149
f 995/1672/994 4181/7793/4137 992/1670/992
f 4178/7787/4133 992/1670/992 4181/7793/4137
f 990/1661/990 992/1667/992 4178/7785/4133
f 4159/7743/4114 968/7882/967 967/7749/966
f 4159/7743/4114 970/7881/969 968/7882/967
f 4157/7782/4112 4151/7730/4107 4148/7725/4104
f 940/1579/939 4221/7883/4176 4153/7754/4108
f 4153/7734/4108 4221/7884/4176 4150/7732/4105
f 4222/7885/4177 4221/7883/4176 940/1579/939
f 4221/7884/4176 4222/7886/4177 4223/7887/4178
f 4223/7887/4178 4150/7732/4105 4221/7884/4176
f 4150/7728/4105 4223/7888/4178 4144/7726/4100
f 4223/7888/4178 4224/7889/4179 4145/7890/4101
f 4224/7891/4179 4223/7887/4178 4222/7886/4177
f 4145/7890/4101 4144/7726/4100 4223/7888/4178
f 937/1577/936 4224/7891/4179 941/1583/941
f 4222/7886/4177 941/1583/941 4224/7891/4179
f 4224/7889/4179 937/1575/936 4146/7892/4102
f 4146/7892/4102 4145/7890/4101 4224/7889/4179
f 941/1582/941 4222/7885/4177 940/1579/939
f 4146/7722/4102 938/7893/937 4072/7723/4027
f 938/1576/937 4146/7892/4102 937/1575/936
f 938/7893/937 934/1567/933 4072/7723/4027
f 931/1565/931 4072/7723/4027 934/1567/933
f 4067/7894/4022 4066/7570/4021 4070/7569/4026
f 1749/6266/1745 1761/6265/1756 1756/2821/1751
f 1756/2821/1751 1750/2817/1746 1749/6266/1745
f 1741/2799/1737 1740/7895/1736 1747/2807/1743
f 1727/2777/1722 1747/2807/1743 1740/7895/1736
f 1740/7895/1736 1732/2784/1728 1727/2777/1722
f 1723/3187/1718 1724/7896/1719 1733/2781/1727
f 1724/7896/1719 1730/2782/1726 1733/2781/1727
f 1713/6248/1709 1725/6247/1721 1720/2763/1716
f 1720/2763/1716 1714/2755/1710 1713/6248/1709
f 1672/2685/1669 1674/2684/1668 1687/2707/1682
f 1670/3239/1664 1677/2697/1673 1680/2696/1676
f 1669/2681/1666 1677/2692/1673 1670/2678/1664
f 1661/2666/1657 1662/2667/1658 1673/2682/1667
f 1609/2563/1604 1608/2562/1603 1614/2569/1610
f 1587/2538/1584 1588/2537/1583 1606/2560/1601
f 1156/1938/1152 1158/1939/1153 1604/2558/1599
f 1163/1945/1159 1164/1944/1158 1598/2551/1594
f 1166/1950/1161 1598/2551/1594 1164/1944/1158
f 1598/2551/1594 1166/1950/1161 1171/1957/1167
f 1578/2521/1572 1585/2535/1581 1577/2522/1573
f 1564/2503/1560 1561/2499/1556 1569/2508/1564
f 1551/2490/1547 1557/2496/1553 1552/2491/1548
f 1350/2194/1345 1553/5683/1549 1372/7897/1367
f 1370/2224/1363 1372/7897/1367 1553/5683/1549
f 1547/2482/1542 1550/2488/1545 1548/2483/1543
f 1348/7898/1344 1541/7899/1536 4225/7900/4180
f 1541/2472/1536 1348/2192/1344 1347/2193/1343
f 1538/7901/1533 4225/7900/4180 1541/7899/1536
f 4225/7900/4180 1354/7902/1350 1348/7898/1344
f 4225/7903/4180 1538/2465/1533 1356/2207/1352
f 1354/2205/1350 4225/7903/4180 1356/2207/1352
f 1534/2464/1530 1356/2207/1352 1538/2465/1533
f 1522/2436/1517 1520/2435/1516 1528/2449/1524
f 1523/2437/1518 1522/2436/1517 1528/2449/1524
f 4226/7904/4181 1526/2443/1522 1383/2445/1378
f 1526/2443/1522 4226/7904/4181 1525/2441/1521
f 4226/7904/4181 4227/7905/4182 1418/2292/1413
f 4226/7904/4181 1418/2292/1413 1525/2441/1521
f 4227/7905/4182 4226/7904/4181 1383/2445/1378
f 1414/2288/1409 1418/2292/1413 4227/7905/4182
f 4227/7905/4182 1415/2290/1411 1414/2288/1409
f 1415/2290/1411 4227/7905/4182 1383/2445/1378
f 1525/2441/1521 1418/2292/1413 1419/2293/1414
f 1419/2301/1414 1519/2433/1514 1525/2440/1521
f 1502/2403/1497 1501/2402/1496 1520/2435/1516
f 1421/2300/1418 1519/2433/1514 1419/2301/1414
f 1464/2358/1459 1452/2342/1446 1451/2344/1447
f 1439/2330/1434 1453/2347/1449 1435/2325/1430
f 1441/2333/1437 1427/2313/1422 1425/2308/1420
f 1416/7906/1412 1415/7907/1411 1381/7908/1377
f 1416/2291/1412 1387/2254/1381 1411/2286/1407
f 1387/2254/1381 1416/2291/1412 1381/2258/1377
f 1383/2445/1378 1381/2258/1377 1415/2290/1411
f 1407/2282/1403 1411/2286/1407 1387/2254/1381
f 1387/2254/1381 1385/2253/1380 1407/2282/1403
f 1406/2281/1402 1407/2282/1403 1385/2253/1380
f 1385/2253/1380 1386/2256/1382 1406/2281/1402
f 1406/2281/1402 1386/2256/1382 1405/2280/1401
f 1388/2257/1383 1392/2263/1387 1405/2280/1401
f 1386/2256/1382 1388/2257/1383 1405/2280/1401
f 1362/7909/1358 1372/2232/1367 1363/2231/1359
f 1372/7897/1367 1362/7910/1358 1350/2194/1345
f 1369/2226/1365 1343/2188/1339 1366/2227/1357
f 1341/2183/1337 1343/2185/1339 1369/5707/1365
f 1362/7910/1358 1366/2227/1357 1343/2188/1339
f 1343/2188/1339 1350/2194/1345 1362/7910/1358
f 1337/2179/1333 1346/2190/1342 1344/2186/1340
f 1337/2179/1333 1344/2186/1340 1338/2180/1334
f 1340/2181/1335 1322/2164/1318 1328/2169/1323
f 1334/2173/1327 1331/2172/1326 1336/2177/1331
f 1307/2148/1302 1305/2146/1300 1310/2151/1305
f 1284/2119/1279 1285/2122/1281 1290/4039/1286
f 1280/2112/1274 1277/2109/1272 1288/2126/1283
f 1270/2094/1267 1274/2104/1270 1279/4153/1275
f 1260/2077/1256 1263/2076/1255 1268/2089/1264
f 1255/2069/1250 1257/2071/1252 1253/2068/1249
f 1247/2059/1242 1250/2062/1244 1201/1991/1195
f 1208/1993/1198 1247/2059/1242 1201/1991/1195
f 1207/2000/1204 1206/1999/1203 1238/2047/1233
f 1206/1999/1203 1205/1998/1202 1238/2047/1233
f 1235/2039/1230 1236/7911/1231 1203/2022/1199
f 1236/2040/1231 1204/1995/1200 1203/1994/1199
f 1229/2031/1225 1235/2039/1230 1203/2022/1199
f 1227/2029/1223 1226/2028/1222 1231/2032/1226
f 1226/2028/1222 1225/2027/1221 1231/2032/1226
f 1194/1979/1189 1213/2006/1208 1210/2005/1205
f 1195/1981/1191 1210/2005/1205 1200/7912/1196
f 1210/2005/1205 1195/1981/1191 1194/1979/1189
f 1190/1975/1185 1192/1978/1188 1186/1970/1180
f 1185/1969/1179 1182/1968/1178 1188/1973/1183
f 1151/1931/1146 1141/1918/1136 1140/1916/1134
f 1063/1771/1058 1149/1926/1144 1064/1776/1063
f 1063/1771/1058 4228/7913/4183 1147/1925/1143
f 1147/1925/1143 4228/7913/4183 1111/1877/1110
f 1111/1877/1110 1112/1878/1111 1147/1925/1143
f 1145/1923/1141 1147/1925/1143 1112/1878/1111
f 4228/7913/4183 1063/1771/1058 1060/1770/1057
f 4228/7913/4183 1060/1770/1057 4229/7914/4184
f 4229/7914/4184 1111/1877/1110 4228/7913/4183
f 1062/1772/1059 4229/7914/4184 1060/1770/1057
f 4229/7915/4184 1062/7916/1059 4230/7917/4185
f 1111/7918/1110 4229/7915/4184 1029/1731/1026
f 4230/7917/4185 1029/1731/1026 4229/7915/4184
f 4230/7917/4185 4233/7919/4186 4231/7920/4187
f 4231/7920/4187 1029/1731/1026 4230/7917/4185
f 4230/7917/4185 1054/7921/1051 1052/7922/1049
f 1052/7922/1049 4233/7919/4186 4230/7917/4185
f 4230/7917/4185 4232/7923/4188 1054/7921/1051
f 4230/7917/4185 1062/7916/1059 4232/7923/4188
f 1048/7924/1045 1034/1737/1032 4233/7919/4186
f 4233/7919/4186 1034/1737/1032 4234/7925/4189
f 4233/7919/4186 4234/7925/4189 4231/7920/4187
f 1049/7926/1046 1048/7924/1045 4233/7919/4186
f 4233/7919/4186 1050/7927/1047 1049/7926/1046
f 4233/7919/4186 1052/7922/1049 1050/7927/1047
f 1034/1737/1032 1032/1735/1030 4234/7925/4189
f 4235/7928/4190 4236/7929/4191 4234/7930/4189
f 4235/7928/4190 4234/7930/4189 1032/7931/1030
f 4236/7929/4191 4231/7932/4187 4234/7930/4189
f 4236/7933/4191 4235/7934/4190 4237/7935/4192
f 4238/7936/4193 4236/7933/4191 4237/7935/4192
f 1030/7937/1027 4231/7938/4187 4236/7939/4191
f 4236/7939/4191 4238/7940/4193 1030/7937/1027
f 4237/7935/4192 4239/7941/4194 4238/7936/4193
f 1031/7942/1029 4238/7940/4193 4239/7943/4194
f 4238/7940/4193 1031/7942/1029 1030/7937/1027
f 4237/7935/4192 4235/7934/4190 4239/7941/4194
f 1032/7944/1030 4239/7945/4194 4235/7946/4190
f 4239/7945/4194 1032/7944/1030 1031/7947/1029
f 4232/7948/4188 1062/1772/1059 1057/1765/1054
f 1054/1762/1051 4232/7948/4188 1055/1763/1052
f 4232/7948/4188 1057/1765/1054 1055/1763/1052
f 4231/7920/4187 1030/1732/1027 1029/1731/1026
f 1112/1878/1111 1115/1880/1112 1145/1923/1141
f 1135/1913/1131 1117/1882/1114 1118/1883/1115
f 4241/7949/4195 1110/7950/1107 1132/7951/1128
f 1113/1873/1108 1132/1908/1128 1110/1872/1107
f 1132/7951/1128 1123/7952/1121 4240/7953/4196
f 1132/7951/1128 4240/7953/4196 4241/7949/4195
f 4241/7954/4195 1120/1891/1117 1110/1890/1107
f 4242/7955/4197 4241/7956/4195 4240/7957/4196
f 1120/7958/1117 4241/7956/4195 4242/7955/4197
f 4242/7955/4197 4240/7957/4196 1124/7959/1120
f 1121/7960/1118 1120/7958/1117 4242/7955/4197
f 4242/7955/4197 1124/7959/1120 1121/7960/1118
f 1123/7952/1121 1124/7961/1120 4240/7953/4196
f 1113/5027/1108 1105/1861/1102 1106/1864/1104
f 1100/7962/1097 1067/7963/1064 1069/7964/1066
f 1029/1731/1026 1028/1730/1025 1078/1840/1076
f 1075/1797/1073 1068/1786/1067 1070/1787/1068
f 4243/7965/4198 1065/1774/1061 1061/1773/1060
f 4245/7966/4199 1065/7967/1061 4243/7968/4198
f 4244/7969/4200 1058/7970/1056 1065/7967/1061
f 1065/7967/1061 4245/7966/4199 4244/7969/4200
f 4246/7971/4201 4244/7972/4200 4245/7973/4199
f 4246/7971/4201 4245/7973/4199 4247/7974/4202
f 4243/7975/4198 4247/7976/4202 4245/7977/4199
f 4248/7978/4203 4247/7976/4202 1046/7979/1041
f 4243/7975/4198 1046/7979/1041 4247/7976/4202
f 4247/7974/4202 4248/7980/4203 4246/7971/4201
f 4248/7981/4203 1046/7982/1041 1045/7983/1043
f 4248/7980/4203 4249/7984/4204 4246/7971/4201
f 4249/7985/4204 4248/7981/4203 1045/7983/1043
f 4249/7984/4204 4244/7972/4200 4246/7971/4201
f 4244/7986/4200 4249/7985/4204 1058/7987/1056
f 1045/7983/1043 1058/7987/1056 4249/7985/4204
f 1061/1773/1060 1043/1749/1040 4243/7965/4198
f 1046/1751/1041 4243/7965/4198 1043/1749/1040
f 1058/1768/1056 1045/1753/1043 1044/1752/1042
f 1038/1744/1035 1048/1756/1045 1041/1747/1039
f 1034/7988/1032 1048/1756/1045 1038/1744/1035
f 1023/1725/1020 1015/1716/821 1013/1715/1012
f 1023/1839/1020 1013/1710/1012 1011/1713/1010
f 975/1628/975 974/1627/974 989/1659/988
f 962/1610/962 980/1637/979 984/1656/983
f 977/1643/978 978/1655/977 982/1640/981
f 962/1610/962 964/1611/963 980/1637/979
f 903/1516/903 928/1555/927 905/1521/906
f 925/1553/924 905/1521/906 928/1555/927
f 905/1526/906 925/1549/924 908/1524/908
f 921/1545/921 908/1524/908 925/1549/924
f 917/1533/912 4250/7989/4205 921/1543/921
f 908/1528/908 921/1543/921 4250/7989/4205
f 4250/7990/4205 917/7991/912 4251/7992/4206
f 4250/7989/4205 909/1529/909 908/1528/908
f 909/7993/909 4250/7990/4205 4252/7994/4207
f 4251/7992/4206 4252/7994/4207 4250/7990/4205
f 4254/7995/4208 4252/7994/4207 4251/7992/4206
f 4254/7996/4208 4253/7997/4209 4252/7998/4207
f 4252/7999/4207 4253/8000/4209 909/8001/909
f 4254/7996/4208 4251/8002/4206 4255/8003/4210
f 4254/7996/4208 4255/8003/4210 4253/7997/4209
f 4255/8004/4210 4251/8005/4206 917/8006/912
f 4253/8000/4209 4255/8007/4210 910/8008/910
f 917/8006/912 910/8009/910 4255/8004/4210
f 910/8008/910 909/8001/909 4253/8000/4209
f 4256/8010/4211 912/1535/914 829/1392/827
f 912/1535/914 4256/8010/4211 906/1532/905
f 906/1520/905 4256/8011/4211 901/1518/901
f 4257/8012/4212 4256/8010/4211 829/1392/827
f 4256/8011/4211 4257/8013/4212 900/8014/900
f 900/8014/900 901/1518/901 4256/8011/4211
f 891/8015/891 4257/8012/4212 829/1392/827
f 892/1493/892 900/8014/900 4257/8013/4212
f 4257/8013/4212 891/1492/891 892/1493/892
f 900/1511/900 892/1494/892 894/1496/894
f 824/1391/826 891/8015/891 829/1392/827
f 825/1489/825 823/3542/824 887/1490/887
f 818/1379/816 840/1414/840 846/3645/846
f 846/3645/846 817/1383/819 818/1379/816
f 811/8016/812 810/1370/811 820/1384/820
