# Blender v2.82 (sub 7) OBJ File: 'motoman.blend'
# www.blender.org
mtllib arm_right_link_2_l.mtl
o arm_right_link_2_l.projected_link_b1.008
v 0.085949 -0.469099 0.016071
v 0.077785 -0.469099 0.019105
v 0.080816 -0.469099 0.009006
v 0.093511 -0.469099 0.020437
v 0.094965 -0.469099 0.029024
v 0.085500 -0.469099 0.025579
v 0.093511 -0.481099 0.020437
v 0.085949 -0.481099 0.016071
v 0.102195 -0.481099 0.021350
v 0.080816 -0.481099 0.009006
v 0.079000 -0.481099 0.000465
v 0.121000 -0.481099 0.000465
v 0.116990 -0.481099 0.012808
v 0.079000 -0.469099 0.000465
v 0.080816 -0.469099 -0.008077
v 0.120541 -0.481099 0.004831
v 0.080816 -0.481099 -0.008077
v 0.102195 -0.481099 -0.020420
v 0.110500 -0.481099 -0.017722
v 0.116990 -0.481099 -0.011879
v 0.120541 -0.481099 -0.003901
v 0.120541 -0.469099 -0.003901
v 0.116990 -0.469099 -0.011879
v 0.122216 -0.469099 -0.018176
v 0.127251 -0.469099 -0.009454
v 0.121000 -0.469099 0.000465
v 0.129000 -0.469099 0.000465
v 0.120541 -0.469099 0.004831
v 0.127251 -0.469099 0.010383
v 0.116990 -0.469099 0.012808
v 0.122216 -0.469099 0.019105
v 0.110500 -0.469099 0.018651
v 0.110500 -0.481099 0.018651
v 0.114500 -0.469099 0.025579
v 0.102195 -0.469099 0.021350
v 0.105036 -0.469099 0.029024
v 0.094965 -0.467999 0.029024
v 0.105036 -0.467999 0.029024
v 0.114500 -0.467999 0.025579
v 0.121000 -0.467999 0.036838
v 0.109346 -0.467999 0.041412
v 0.096862 -0.467999 0.042347
v 0.109346 -0.465999 0.041412
v 0.096862 -0.465999 0.042347
v 0.114235 -0.465999 0.053591
v 0.100000 -0.465999 0.055465
v 0.084656 -0.465999 0.039561
v 0.085765 -0.465999 0.053590
v 0.073814 -0.465999 0.033302
v 0.084656 -0.467999 0.039561
v 0.085500 -0.467999 0.025579
v 0.073814 -0.467999 0.033302
v 0.077785 -0.467999 0.019105
v 0.065298 -0.467999 0.024124
v 0.065298 -0.465999 0.024124
v 0.061109 -0.465999 0.039355
v 0.052369 -0.465999 0.027965
v 0.059866 -0.465999 0.012844
v 0.059866 -0.467999 0.012844
v 0.046874 -0.465999 0.014700
v 0.058000 -0.465999 0.000465
v 0.045000 -0.465999 0.000465
v 0.059866 -0.465999 -0.011915
v 0.058000 -0.467999 0.000465
v 0.071000 -0.467999 0.000465
v 0.072749 -0.467999 -0.009454
v 0.059866 -0.467999 -0.011915
v 0.077785 -0.467999 -0.018176
v 0.065298 -0.467999 -0.023195
v 0.065298 -0.465999 -0.023195
v 0.073814 -0.465999 -0.032372
v 0.046875 -0.465999 -0.013771
v 0.052369 -0.465999 -0.027035
v 0.061110 -0.465999 -0.038426
v 0.052369 -0.445999 -0.027035
v 0.061110 -0.445999 -0.038426
v 0.043774 -0.445999 -0.029045
v 0.052470 -0.445999 -0.041644
v 0.072500 -0.445999 -0.047167
v 0.072500 -0.465999 -0.047167
v 0.063928 -0.445999 -0.051795
v 0.085765 -0.445999 -0.052661
v 0.085765 -0.465999 -0.052661
v 0.077483 -0.445999 -0.058909
v 0.100000 -0.445999 -0.054535
v 0.092346 -0.445999 -0.062572
v 0.107655 -0.445999 -0.062572
v 0.114235 -0.445999 -0.052661
v 0.100000 -0.465999 -0.054535
v 0.096862 -0.465999 -0.041418
v 0.109346 -0.465999 -0.040482
v 0.114235 -0.465999 -0.052661
v 0.121000 -0.465999 -0.035908
v 0.127500 -0.465999 -0.047167
v 0.127500 -0.445999 -0.047167
v 0.122518 -0.445999 -0.058909
v 0.136073 -0.445999 -0.051795
v 0.138891 -0.445999 -0.038426
v 0.138891 -0.465999 -0.038426
v 0.147531 -0.445999 -0.041643
v 0.147632 -0.445999 -0.027035
v 0.156227 -0.445999 -0.029045
v 0.153126 -0.445999 -0.013770
v 0.147632 -0.465999 -0.027035
v 0.137841 -0.465999 -0.017758
v 0.141531 -0.465999 -0.005795
v 0.153126 -0.465999 -0.013770
v 0.142000 -0.465999 0.000465
v 0.155000 -0.465999 0.000465
v 0.155000 -0.445999 0.000465
v 0.161655 -0.445999 -0.014732
v 0.163500 -0.445999 0.000465
v 0.153126 -0.445999 0.014700
v 0.153126 -0.465999 0.014700
v 0.161655 -0.445999 0.015661
v 0.147632 -0.445999 0.027965
v 0.156227 -0.445999 0.029975
v 0.138891 -0.445999 0.039356
v 0.147632 -0.465999 0.027965
v 0.137841 -0.465999 0.018688
v 0.130788 -0.465999 0.029032
v 0.138891 -0.465999 0.039356
v 0.121000 -0.465999 0.036838
v 0.127500 -0.465999 0.048096
v 0.127500 -0.445999 0.048096
v 0.147531 -0.445999 0.042573
v 0.136072 -0.445999 0.052724
v 0.114235 -0.445999 0.053591
v 0.100000 -0.445999 0.055465
v 0.122518 -0.445999 0.059838
v 0.107654 -0.445999 0.063502
v 0.122437 -0.434099 0.059637
v 0.128588 -0.434099 0.057165
v 0.118595 -0.434099 0.061181
v 0.108066 -0.434099 0.063450
v 0.108068 -0.434049 0.063464
v 0.118598 -0.434049 0.061194
v 0.107653 -0.434099 0.063468
v 0.097305 -0.434099 0.063907
v 0.097305 -0.434049 0.063921
v 0.097303 -0.434013 0.063957
v 0.092375 -0.434099 0.063276
v 0.086619 -0.434049 0.062552
v 0.108072 -0.434013 0.063500
v 0.118624 -0.433999 0.061277
v 0.118609 -0.434013 0.061229
v 0.108079 -0.433999 0.063550
v 0.118729 -0.433999 0.061620
v 0.108124 -0.433999 0.063905
v 0.097301 -0.433999 0.064007
v 0.097286 -0.433999 0.064366
v 0.086601 -0.433999 0.062637
v 0.086612 -0.434013 0.062588
v 0.076319 -0.434049 0.059398
v 0.076305 -0.434013 0.059432
v 0.066681 -0.434013 0.054579
v 0.076287 -0.433999 0.059478
v 0.066700 -0.434049 0.054548
v 0.066707 -0.434099 0.054537
v 0.058039 -0.434049 0.048142
v 0.064044 -0.434099 0.052567
v 0.063928 -0.445999 0.052724
v 0.058048 -0.434099 0.048132
v 0.052600 -0.434099 0.042448
v 0.052470 -0.445999 0.042573
v 0.061109 -0.445999 0.039355
v 0.050595 -0.434099 0.040357
v 0.044564 -0.434099 0.031433
v 0.052369 -0.445999 0.027965
v 0.043774 -0.445999 0.029975
v 0.046874 -0.445999 0.014700
v 0.038346 -0.445999 0.015661
v 0.043882 -0.434099 0.029925
v 0.040128 -0.434099 0.021619
v 0.040115 -0.434049 0.021623
v 0.038562 -0.434099 0.015605
v 0.037414 -0.434099 0.011196
v 0.037401 -0.434049 0.011198
v 0.036487 -0.434049 0.000465
v 0.037365 -0.434013 0.011205
v 0.036500 -0.434099 0.000465
v 0.040081 -0.434013 0.021636
v 0.044477 -0.433999 0.031482
v 0.040033 -0.433999 0.021652
v 0.044520 -0.434013 0.031458
v 0.050517 -0.433999 0.040419
v 0.050556 -0.434013 0.040388
v 0.044552 -0.434049 0.031440
v 0.050585 -0.434049 0.040365
v 0.058014 -0.434013 0.048170
v 0.066654 -0.433999 0.054622
v 0.057981 -0.433999 0.048207
v 0.066466 -0.433999 0.054927
v 0.057745 -0.433999 0.048477
v 0.050238 -0.433999 0.040645
v 0.057719 -0.433992 0.048505
v 0.066446 -0.433992 0.054960
v 0.061902 -0.433970 0.051639
v 0.074692 -0.433970 0.059153
v 0.076139 -0.433992 0.059847
v 0.066429 -0.433970 0.054987
v 0.073859 -0.431999 0.061067
v 0.067223 -0.431999 0.057236
v 0.067009 -0.413808 0.057608
v 0.062002 -0.415644 0.054429
v 0.063412 -0.415127 0.055324
v 0.067324 -0.413692 0.057808
v 0.060588 -0.431999 0.053405
v 0.059544 -0.416322 0.052521
v 0.058868 -0.412932 0.052478
v 0.057163 -0.416979 0.050673
v 0.054764 -0.417429 0.048413
v 0.055015 -0.431999 0.048147
v 0.057698 -0.433970 0.048530
v 0.051675 -0.417966 0.045416
v 0.051017 -0.433970 0.041559
v 0.049441 -0.431999 0.042889
v 0.052411 -0.417870 0.046195
v 0.051548 -0.416257 0.045387
v 0.051272 -0.414749 0.045514
v 0.051788 -0.414448 0.046441
v 0.051781 -0.414413 0.046443
v 0.050812 -0.412236 0.045724
v 0.051233 -0.414537 0.045531
v 0.057805 -0.409418 0.052893
v 0.051139 -0.410891 0.046696
v 0.051107 -0.410824 0.046720
v 0.050452 -0.411207 0.045971
v 0.050406 -0.411076 0.046002
v 0.048024 -0.414339 0.041884
v 0.048662 -0.417891 0.041960
v 0.045466 -0.417448 0.037835
v 0.047831 -0.418838 0.040835
v 0.049462 -0.408378 0.046647
v 0.044579 -0.413950 0.037782
v 0.049187 -0.407878 0.046860
v 0.042977 -0.420328 0.033699
v 0.045389 -0.407928 0.043009
v 0.044177 -0.409555 0.040208
v 0.043264 -0.410779 0.038099
v 0.042925 -0.411233 0.037316
v 0.042600 -0.411671 0.036563
v 0.042396 -0.416776 0.033428
v 0.049156 -0.407822 0.046884
v 0.048122 -0.404675 0.048952
v 0.047589 -0.404975 0.048095
v 0.046548 -0.406372 0.045689
v 0.049584 -0.407686 0.047859
v 0.049589 -0.407696 0.047856
v 0.056382 -0.406142 0.053838
v 0.063447 -0.403704 0.059002
v 0.063723 -0.404157 0.058772
v 0.064998 -0.406890 0.058069
v 0.056575 -0.402786 0.056714
v 0.061744 -0.400910 0.060422
v 0.063438 -0.403689 0.059010
v 0.054779 -0.403250 0.055172
v 0.054755 -0.403256 0.055151
v 0.051572 -0.404079 0.052418
v 0.048198 -0.404618 0.049076
v 0.052148 -0.401661 0.055544
v 0.052196 -0.401625 0.055608
v 0.053095 -0.400961 0.056822
v 0.052569 -0.397467 0.060769
v 0.052787 -0.397537 0.060787
v 0.056355 -0.397458 0.063223
v 0.056241 -0.398638 0.061071
v 0.052986 -0.396030 0.063726
v 0.056397 -0.397030 0.064005
v 0.056396 -0.397041 0.063984
v 0.053922 -0.395823 0.066977
v 0.052082 -0.397312 0.060729
v 0.049605 -0.394428 0.063341
v 0.049900 -0.394145 0.066183
v 0.052858 -0.395379 0.066767
v 0.054904 -0.396113 0.069465
v 0.054911 -0.396084 0.067092
v 0.049578 -0.395763 0.069465
v 0.056314 -0.396455 0.067255
v 0.059784 -0.396940 0.068006
v 0.059954 -0.396951 0.068059
v 0.047125 -0.392453 0.069465
v 0.056500 -0.396999 0.069465
v 0.061500 -0.396999 0.069465
v 0.056500 -0.396999 0.073224
v 0.061500 -0.396999 0.068536
v 0.064021 -0.396999 0.069072
v 0.065803 -0.396999 0.069465
v 0.060703 -0.396987 0.068290
v 0.061500 -0.396999 0.068290
v 0.060974 -0.396994 0.068290
v 0.061147 -0.397321 0.066184
v 0.060390 -0.397429 0.065989
v 0.061563 -0.398069 0.064149
v 0.061303 -0.397439 0.065446
v 0.061172 -0.397340 0.066070
v 0.060788 -0.397866 0.064098
v 0.060793 -0.397886 0.064071
v 0.060821 -0.398008 0.063910
v 0.061134 -0.399338 0.062152
v 0.061809 -0.398663 0.062926
v 0.061618 -0.398201 0.063877
v 0.062615 -0.398559 0.063566
v 0.062497 -0.398097 0.064091
v 0.062065 -0.397621 0.066019
v 0.064589 -0.397492 0.066320
v 0.064983 -0.398202 0.064416
v 0.065063 -0.398498 0.064027
v 0.065133 -0.398757 0.063688
v 0.067053 -0.398799 0.064118
v 0.067236 -0.399226 0.063338
v 0.066508 -0.397518 0.066452
v 0.071195 -0.397850 0.066575
v 0.072074 -0.399780 0.063911
v 0.075779 -0.398335 0.066833
v 0.067519 -0.400875 0.062129
v 0.076808 -0.400598 0.064542
v 0.076163 -0.398944 0.065912
v 0.072745 -0.402538 0.062032
v 0.077000 -0.401089 0.064135
v 0.077606 -0.403555 0.063099
v 0.082093 -0.399842 0.066158
v 0.081176 -0.397559 0.068514
v 0.082866 -0.402828 0.064714
v 0.088445 -0.401981 0.065947
v 0.087814 -0.398993 0.067455
v 0.086984 -0.396999 0.069465
v 0.080636 -0.396999 0.069465
v 0.090054 -0.396999 0.069465
v 0.093557 -0.396999 0.069465
v 0.093861 -0.398295 0.068275
v 0.100000 -0.398131 0.068705
v 0.100000 -0.396999 0.069465
v 0.106507 -0.396999 0.069465
v 0.106250 -0.398304 0.068265
v 0.111623 -0.401990 0.065936
v 0.105884 -0.401306 0.066698
v 0.112257 -0.399003 0.067443
v 0.112901 -0.396999 0.069465
v 0.114950 -0.396999 0.069465
v 0.117941 -0.399846 0.066150
v 0.123366 -0.400031 0.064877
v 0.118858 -0.397564 0.068505
v 0.117167 -0.402832 0.064705
v 0.123196 -0.400588 0.064549
v 0.122625 -0.402454 0.063450
v 0.127285 -0.402532 0.062026
v 0.122415 -0.403571 0.063163
v 0.126968 -0.404994 0.061279
v 0.122130 -0.405082 0.062774
v 0.121954 -0.406636 0.062706
v 0.116649 -0.405893 0.064284
v 0.115622 -0.405750 0.064589
v 0.111384 -0.431999 0.065022
v 0.103838 -0.431999 0.066353
v 0.103714 -0.433970 0.064163
v 0.122658 -0.407160 0.062454
v 0.108133 -0.433970 0.063975
v 0.111445 -0.405138 0.065375
v 0.118929 -0.431999 0.063692
v 0.126107 -0.409622 0.060985
v 0.118750 -0.433970 0.061687
v 0.125965 -0.431999 0.060657
v 0.118357 -0.433970 0.061772
v 0.118740 -0.433992 0.061656
v 0.108129 -0.433992 0.063943
v 0.097284 -0.433992 0.064404
v 0.097283 -0.433970 0.064436
v 0.086526 -0.433999 0.062988
v 0.086517 -0.433992 0.063025
v 0.088902 -0.433970 0.063363
v 0.086511 -0.433970 0.063057
v 0.088540 -0.431999 0.065462
v 0.096189 -0.431999 0.065907
v 0.096166 -0.404338 0.066284
v 0.100000 -0.404141 0.066465
v 0.093805 -0.404460 0.066173
v 0.094500 -0.404424 0.066206
v 0.094221 -0.401298 0.066707
v 0.100000 -0.400366 0.067205
v 0.100000 -0.401060 0.067068
v 0.088913 -0.405085 0.065477
v 0.087626 -0.405249 0.065294
v 0.083395 -0.405889 0.064240
v 0.081078 -0.406239 0.063663
v 0.081199 -0.431999 0.063264
v 0.071790 -0.411146 0.060132
v 0.071017 -0.411676 0.059760
v 0.076127 -0.433970 0.059877
v 0.080522 -0.406323 0.063525
v 0.077647 -0.403719 0.063030
v 0.078046 -0.406636 0.062706
v 0.073064 -0.405006 0.061285
v 0.072694 -0.404884 0.061179
v 0.069908 -0.409237 0.059421
v 0.071829 -0.404562 0.061056
v 0.068626 -0.406854 0.059497
v 0.069498 -0.408475 0.059445
v 0.065449 -0.407856 0.057821
v 0.066303 -0.410307 0.057698
v 0.066322 -0.410363 0.057696
v 0.066797 -0.411725 0.057628
v 0.062594 -0.411752 0.055224
v 0.067547 -0.413598 0.057935
v 0.065014 -0.406924 0.058060
v 0.068010 -0.405710 0.059534
v 0.067705 -0.405240 0.059656
v 0.067900 -0.403099 0.060498
v 0.065809 -0.402322 0.060416
v 0.065661 -0.402254 0.060428
v 0.065576 -0.400758 0.061544
v 0.067670 -0.401760 0.061480
v 0.063075 -0.400362 0.061518
v 0.065496 -0.400226 0.061927
v 0.063276 -0.401150 0.060622
v 0.062213 -0.400659 0.060762
v 0.062204 -0.400596 0.060813
v 0.061992 -0.399561 0.061944
v 0.061373 -0.400357 0.060806
v 0.060279 -0.400057 0.060772
v 0.062897 -0.399664 0.062311
v 0.061924 -0.399229 0.062307
v 0.065455 -0.399947 0.062129
v 0.102132 -0.404181 0.066430
v 0.105591 -0.404475 0.066144
v 0.108733 -0.404742 0.065884
v 0.111145 -0.405095 0.065431
v 0.076153 -0.433999 0.059811
v 0.128826 -0.433970 0.057638
v 0.128812 -0.433992 0.057609
v 0.128795 -0.433999 0.057575
v 0.131907 -0.433970 0.055741
v 0.138055 -0.433992 0.051918
v 0.146203 -0.433992 0.044747
v 0.138074 -0.433970 0.051944
v 0.138032 -0.433999 0.051887
v 0.143813 -0.433970 0.046894
v 0.146227 -0.433970 0.044769
v 0.145292 -0.431999 0.048471
v 0.150217 -0.431999 0.042602
v 0.148457 -0.417983 0.045275
v 0.139146 -0.431999 0.053047
v 0.147590 -0.417870 0.046195
v 0.148326 -0.417966 0.045416
v 0.147764 -0.415880 0.046157
v 0.148712 -0.414738 0.045496
v 0.148737 -0.414524 0.045501
v 0.148065 -0.414377 0.046291
v 0.148058 -0.414412 0.046288
v 0.141133 -0.412932 0.052477
v 0.142196 -0.409418 0.052893
v 0.143619 -0.406142 0.053838
v 0.136571 -0.403722 0.059042
v 0.148567 -0.411874 0.046514
v 0.135415 -0.405878 0.058225
v 0.138588 -0.408274 0.055618
v 0.148933 -0.410873 0.046763
v 0.149559 -0.411204 0.045979
v 0.148941 -0.410851 0.046768
v 0.149597 -0.411069 0.046003
v 0.149930 -0.409879 0.046210
v 0.149970 -0.408041 0.047466
v 0.150245 -0.407556 0.047680
v 0.150847 -0.407899 0.046891
v 0.150250 -0.407547 0.047684
v 0.150874 -0.407840 0.046912
v 0.155422 -0.413951 0.037782
v 0.154535 -0.417449 0.037835
v 0.151977 -0.414340 0.041883
v 0.157053 -0.411210 0.037278
v 0.156727 -0.410749 0.038077
v 0.156431 -0.410331 0.038801
v 0.154596 -0.407886 0.043045
v 0.158358 -0.413051 0.034086
v 0.157605 -0.416776 0.033427
v 0.159653 -0.419291 0.028968
v 0.157024 -0.420328 0.033699
v 0.159685 -0.414926 0.030837
v 0.160372 -0.415838 0.028954
v 0.159908 -0.415241 0.030290
v 0.157309 -0.420642 0.033077
v 0.158581 -0.431999 0.029885
v 0.155142 -0.431999 0.036732
v 0.158967 -0.421243 0.030078
v 0.156966 -0.420517 0.033697
v 0.156273 -0.420265 0.034953
v 0.154182 -0.419526 0.037983
v 0.152219 -0.418833 0.040828
v 0.152156 -0.418818 0.040903
v 0.151234 -0.418610 0.041992
v 0.151339 -0.417892 0.041960
v 0.148817 -0.413853 0.045518
v 0.150511 -0.418447 0.042847
v 0.159139 -0.421306 0.029766
v 0.159453 -0.421359 0.029076
v 0.160572 -0.421548 0.026618
v 0.160938 -0.421610 0.025815
v 0.160640 -0.420316 0.026623
v 0.162020 -0.431999 0.023038
v 0.163787 -0.431999 0.015582
v 0.159953 -0.433970 0.022288
v 0.158346 -0.433970 0.026839
v 0.161604 -0.421373 0.024087
v 0.162182 -0.421167 0.022587
v 0.161619 -0.421007 0.024128
v 0.162181 -0.417734 0.023531
v 0.161854 -0.417503 0.024569
v 0.162250 -0.421069 0.022385
v 0.162536 -0.420656 0.021532
v 0.162478 -0.417601 0.022561
v 0.162684 -0.417510 0.021888
v 0.162853 -0.414205 0.023089
v 0.163414 -0.412476 0.020209
v 0.163227 -0.415350 0.020320
v 0.163407 -0.412809 0.020160
v 0.161442 -0.417213 0.025874
v 0.163142 -0.415832 0.020545
v 0.163260 -0.414881 0.020291
v 0.161033 -0.416687 0.027051
v 0.162970 -0.416802 0.020996
v 0.162288 -0.412072 0.026611
v 0.163478 -0.408762 0.021410
v 0.161545 -0.410082 0.030139
v 0.163415 -0.412457 0.020212
v 0.163890 -0.410172 0.017098
v 0.163483 -0.409202 0.020698
v 0.163934 -0.413288 0.016854
v 0.163956 -0.413311 0.016762
v 0.163906 -0.414079 0.016956
v 0.163781 -0.415983 0.017436
v 0.163735 -0.416315 0.017604
v 0.163453 -0.418332 0.018624
v 0.163275 -0.418940 0.019216
v 0.162946 -0.420063 0.020309
v 0.162955 -0.416889 0.021037
v 0.163985 -0.412863 0.016649
v 0.164032 -0.410234 0.016461
v 0.164082 -0.407461 0.016263
v 0.163893 -0.407461 0.017607
v 0.163514 -0.407461 0.020320
v 0.163497 -0.408536 0.020797
v 0.163669 -0.403525 0.019663
v 0.164082 -0.403525 0.016263
v 0.164087 -0.403230 0.016223
v 0.163554 -0.402352 0.019465
v 0.164198 -0.403525 0.015681
v 0.165232 -0.403525 0.010508
v 0.165232 -0.418999 0.010508
v 0.164132 -0.402637 0.015891
v 0.164301 -0.401675 0.014557
v 0.164144 -0.402567 0.015794
v 0.163568 -0.401230 0.018921
v 0.163500 -0.402077 0.020839
v 0.163624 -0.399501 0.017149
v 0.163500 -0.400604 0.020379
v 0.163500 -0.400118 0.020227
v 0.163500 -0.399638 0.026383
v 0.163500 -0.395536 0.029792
v 0.163500 -0.398613 0.027235
v 0.163500 -0.399348 0.026624
v 0.163500 -0.393247 0.031694
v 0.163500 -0.398079 0.018786
v 0.163500 -0.397706 0.018522
v 0.163500 -0.371999 0.054231
v 0.163500 -0.380874 0.044752
v 0.163500 -0.389717 0.035243
v 0.163705 -0.398357 0.014966
v 0.163500 -0.392485 0.032460
v 0.163500 -0.396563 0.017304
v 0.163500 -0.396120 0.016629
v 0.163500 -0.394577 0.014275
v 0.163792 -0.397586 0.012704
v 0.163794 -0.397604 0.012695
v 0.164180 -0.398543 0.010636
v 0.163864 -0.396411 0.010766
v 0.163527 -0.394143 0.010906
v 0.163774 -0.394131 0.009999
v 0.163784 -0.394130 0.009960
v 0.164844 -0.400064 0.009965
v 0.165090 -0.399986 0.009296
v 0.164768 -0.400543 0.010525
v 0.163911 -0.394124 0.009495
v 0.164638 -0.400129 0.010524
v 0.164667 -0.400543 0.011160
v 0.164809 -0.400674 0.010524
v 0.164475 -0.401137 0.012943
v 0.165178 -0.400413 0.009365
v 0.165231 -0.400396 0.009308
v 0.165694 -0.403525 0.009368
v 0.166000 -0.403525 0.008921
v 0.166000 -0.401167 0.008675
v 0.165499 -0.403525 0.009652
v 0.165499 -0.418999 0.009652
v 0.165430 -0.418999 0.009875
v 0.166000 -0.419413 0.008910
v 0.165499 -0.421767 0.009289
v 0.166000 -0.421414 0.008475
v 0.166000 -0.421762 0.008399
v 0.166000 -0.425434 -0.004466
v 0.166000 -0.423611 0.007288
v 0.165732 -0.424026 0.007700
v 0.166000 -0.425386 0.005393
v 0.166000 -0.423983 0.007064
v 0.166000 -0.425455 0.005310
v 0.165990 -0.425447 0.005435
v 0.166000 -0.425470 -0.004387
v 0.166000 -0.426397 -0.002320
v 0.165957 -0.426999 -0.001927
v 0.165860 -0.426746 -0.003838
v 0.165992 -0.425459 -0.004476
v 0.165732 -0.424026 -0.006771
v 0.166000 -0.425417 -0.004504
v 0.165780 -0.426301 -0.004802
v 0.165671 -0.425694 -0.006115
v 0.163787 -0.431999 -0.014653
v 0.165537 -0.424563 -0.007292
v 0.165461 -0.423924 -0.007957
v 0.165322 -0.421981 -0.008966
v 0.165497 -0.421736 -0.008373
v 0.165429 -0.418999 -0.008945
v 0.166000 -0.421406 -0.007598
v 0.165497 -0.418999 -0.008728
v 0.166000 -0.421394 -0.007601
v 0.165294 -0.421604 -0.009162
v 0.165232 -0.418999 -0.009579
v 0.165232 -0.403525 -0.009579
v 0.165231 -0.403391 -0.009579
v 0.164056 -0.403525 -0.014718
v 0.165497 -0.403525 -0.008727
v 0.165695 -0.403525 -0.008438
v 0.165071 -0.400447 -0.008727
v 0.166000 -0.402490 -0.007939
v 0.166000 -0.403525 -0.007992
v 0.165164 -0.400418 -0.008460
v 0.166000 -0.418999 -0.007992
v 0.165183 -0.400412 -0.008439
v 0.164479 -0.396641 -0.007959
v 0.165616 -0.400275 -0.007966
v 0.163945 -0.396810 -0.008643
v 0.163414 -0.394467 -0.008657
v 0.163599 -0.394433 -0.008218
v 0.163401 -0.394469 -0.008688
v 0.163892 -0.396827 -0.008711
v 0.163869 -0.396834 -0.008741
v 0.163031 -0.394538 -0.009571
v 0.163621 -0.396913 -0.009588
v 0.164768 -0.400543 -0.009596
v 0.162831 -0.396913 -0.012897
v 0.163956 -0.400543 -0.013138
v 0.161301 -0.396913 -0.019307
v 0.160652 -0.393964 -0.019098
v 0.162862 -0.392712 -0.009342
v 0.162978 -0.393961 -0.009499
v 0.160435 -0.390947 -0.019028
v 0.156599 -0.393964 -0.028826
v 0.151543 -0.396912 -0.038162
v 0.156396 -0.390947 -0.028721
v 0.150815 -0.390947 -0.037616
v 0.150998 -0.393964 -0.037754
v 0.158047 -0.396913 -0.027117
v 0.157204 -0.396913 -0.029140
v 0.154492 -0.390947 -0.031755
v 0.154657 -0.388141 -0.031859
v 0.154707 -0.388158 -0.031776
v 0.155177 -0.388311 -0.030964
v 0.156551 -0.388547 -0.028351
v 0.153461 -0.387690 -0.033801
v 0.154643 -0.388135 -0.031884
v 0.154788 -0.384810 -0.030946
v 0.154814 -0.384207 -0.030776
v 0.156495 -0.385627 -0.028027
v 0.153488 -0.384629 -0.032685
v 0.148160 -0.382320 -0.040527
v 0.153506 -0.382548 -0.031927
v 0.152230 -0.387204 -0.035650
v 0.147811 -0.385456 -0.041325
v 0.145705 -0.390947 -0.043373
v 0.147577 -0.385363 -0.041564
v 0.145762 -0.384645 -0.043418
v 0.142787 -0.383468 -0.046456
v 0.141561 -0.379667 -0.047208
v 0.134139 -0.376689 -0.052779
v 0.142050 -0.376634 -0.045698
v 0.148310 -0.379221 -0.039079
v 0.140663 -0.382629 -0.048183
v 0.135674 -0.390947 -0.052068
v 0.137212 -0.381263 -0.050990
v 0.143844 -0.390947 -0.045470
v 0.144002 -0.393964 -0.045636
v 0.135803 -0.393964 -0.052257
v 0.134538 -0.390947 -0.052708
v 0.126624 -0.393964 -0.057436
v 0.136185 -0.396912 -0.052821
v 0.144472 -0.396912 -0.046129
v 0.126909 -0.396912 -0.058056
v 0.139339 -0.396912 -0.050274
v 0.146262 -0.400543 -0.045968
v 0.140061 -0.400543 -0.051210
v 0.138089 -0.400543 -0.052877
v 0.146583 -0.403525 -0.046290
v 0.139352 -0.403525 -0.052403
v 0.145292 -0.431999 -0.047542
v 0.139146 -0.431999 -0.052117
v 0.138353 -0.403525 -0.053248
v 0.133000 -0.431999 -0.056693
v 0.129101 -0.403525 -0.058773
v 0.125965 -0.431999 -0.059728
v 0.128900 -0.400542 -0.058365
v 0.126074 -0.403525 -0.059965
v 0.127018 -0.400542 -0.059106
v 0.126589 -0.396912 -0.058172
v 0.116896 -0.396912 -0.061690
v 0.118941 -0.400542 -0.062284
v 0.112240 -0.396912 -0.062550
v 0.112452 -0.400542 -0.063676
v 0.119073 -0.403525 -0.062719
v 0.111424 -0.403525 -0.064361
v 0.118929 -0.431999 -0.062763
v 0.111384 -0.431999 -0.064093
v 0.118357 -0.433970 -0.060842
v 0.118750 -0.433970 -0.060758
v 0.128827 -0.433970 -0.056709
v 0.128812 -0.433991 -0.056680
v 0.131908 -0.433970 -0.054812
v 0.138074 -0.433970 -0.051015
v 0.138055 -0.433992 -0.050989
v 0.138032 -0.433999 -0.050958
v 0.143813 -0.433970 -0.045964
v 0.146176 -0.433999 -0.043791
v 0.146203 -0.433992 -0.043817
v 0.146227 -0.433970 -0.043840
v 0.153022 -0.433992 -0.035372
v 0.152991 -0.433999 -0.035350
v 0.152694 -0.433999 -0.035150
v 0.157954 -0.433999 -0.025732
v 0.158281 -0.433999 -0.025880
v 0.161548 -0.433999 -0.015561
v 0.161895 -0.433999 -0.015651
v 0.158316 -0.433992 -0.025896
v 0.159953 -0.433970 -0.021359
v 0.153441 -0.433970 -0.034689
v 0.158346 -0.433970 -0.025909
v 0.161932 -0.433992 -0.015661
v 0.161964 -0.433970 -0.015669
v 0.163729 -0.433999 -0.004959
v 0.163459 -0.433970 -0.006945
v 0.163767 -0.433992 -0.004963
v 0.163767 -0.433992 0.005892
v 0.163728 -0.433999 0.005889
v 0.163799 -0.433970 -0.004965
v 0.165554 -0.431999 -0.007197
v 0.163799 -0.433970 0.005895
v 0.163459 -0.433970 0.007875
v 0.166000 -0.431999 0.000465
v 0.165554 -0.431999 0.008127
v 0.165822 -0.426577 0.005310
v 0.165780 -0.426317 0.005774
v 0.165957 -0.426999 0.002856
v 0.161964 -0.433970 0.016599
v 0.161932 -0.433992 0.016591
v 0.158281 -0.433999 0.026809
v 0.158316 -0.433992 0.026825
v 0.161895 -0.433999 0.016581
v 0.161548 -0.433999 0.016491
v 0.157954 -0.433999 0.026662
v 0.157909 -0.434013 0.026641
v 0.152652 -0.434013 0.036051
v 0.152693 -0.433999 0.036079
v 0.145881 -0.434013 0.044437
v 0.152991 -0.433999 0.036280
v 0.145917 -0.433999 0.044472
v 0.137789 -0.434013 0.051559
v 0.146176 -0.433999 0.044720
v 0.137819 -0.433999 0.051599
v 0.128611 -0.434013 0.057210
v 0.128633 -0.433999 0.057255
v 0.128594 -0.434049 0.057177
v 0.135998 -0.434099 0.052603
v 0.137767 -0.434049 0.051529
v 0.137759 -0.434099 0.051518
v 0.145854 -0.434049 0.044412
v 0.147404 -0.434099 0.042471
v 0.152622 -0.434049 0.036031
v 0.145844 -0.434099 0.044403
v 0.152611 -0.434099 0.036023
v 0.157876 -0.434049 0.026626
v 0.156046 -0.434099 0.029874
v 0.157863 -0.434099 0.026620
v 0.161451 -0.434099 0.016465
v 0.161464 -0.434049 0.016469
v 0.163285 -0.434049 0.005851
v 0.161500 -0.434013 0.016478
v 0.163321 -0.434013 0.005854
v 0.161591 -0.434099 0.015650
v 0.163272 -0.434099 0.005850
v 0.163272 -0.434099 0.000465
v 0.163285 -0.434049 -0.004922
v 0.163272 -0.434099 -0.004920
v 0.161591 -0.434099 -0.014721
v 0.161451 -0.434099 -0.015536
v 0.161464 -0.434049 -0.015539
v 0.157909 -0.434013 -0.025711
v 0.161500 -0.434013 -0.015548
v 0.157876 -0.434049 -0.025696
v 0.156046 -0.434099 -0.028944
v 0.157863 -0.434099 -0.025691
v 0.152622 -0.434049 -0.035101
v 0.152652 -0.434013 -0.035122
v 0.145917 -0.433999 -0.043542
v 0.145881 -0.434013 -0.043508
v 0.137819 -0.433999 -0.050669
v 0.137789 -0.434013 -0.050629
v 0.145854 -0.434049 -0.043483
v 0.137768 -0.434049 -0.050600
v 0.147404 -0.434099 -0.041541
v 0.145845 -0.434099 -0.043473
v 0.137760 -0.434099 -0.050589
v 0.135998 -0.434099 -0.051674
v 0.128594 -0.434049 -0.056248
v 0.128588 -0.434099 -0.056236
v 0.122437 -0.434099 -0.058708
v 0.118595 -0.434099 -0.060252
v 0.118599 -0.434049 -0.060265
v 0.118609 -0.434012 -0.060300
v 0.108068 -0.434049 -0.062534
v 0.108072 -0.434012 -0.062571
v 0.097301 -0.433999 -0.063078
v 0.108079 -0.433999 -0.062620
v 0.097303 -0.434012 -0.063028
v 0.097305 -0.434049 -0.062991
v 0.086612 -0.434012 -0.061659
v 0.086601 -0.433999 -0.061708
v 0.076287 -0.433999 -0.058549
v 0.076153 -0.433999 -0.058882
v 0.086526 -0.433999 -0.062058
v 0.076139 -0.433991 -0.058917
v 0.086518 -0.433991 -0.062096
v 0.097286 -0.433999 -0.063436
v 0.108124 -0.433999 -0.062976
v 0.097284 -0.433991 -0.063474
v 0.097283 -0.433970 -0.063507
v 0.103714 -0.433970 -0.063234
v 0.088902 -0.433970 -0.062434
v 0.108129 -0.433991 -0.063014
v 0.108133 -0.433970 -0.063046
v 0.118729 -0.433999 -0.060690
v 0.118740 -0.433991 -0.060727
v 0.128795 -0.433999 -0.056645
v 0.128633 -0.433999 -0.056325
v 0.118624 -0.433999 -0.060347
v 0.128611 -0.434013 -0.056281
v 0.103838 -0.431999 -0.065424
v 0.096189 -0.431999 -0.064978
v 0.097772 -0.403525 -0.065498
v 0.108536 -0.403525 -0.064981
v 0.108477 -0.400542 -0.064529
v 0.106422 -0.396912 -0.063625
v 0.097787 -0.400542 -0.065043
v 0.097290 -0.396912 -0.063781
v 0.097249 -0.400542 -0.064980
v 0.095772 -0.396912 -0.063807
v 0.085237 -0.396912 -0.062231
v 0.087156 -0.400542 -0.063809
v 0.096176 -0.403525 -0.065312
v 0.087067 -0.403525 -0.064256
v 0.082203 -0.400542 -0.062390
v 0.088540 -0.431999 -0.064533
v 0.081131 -0.403525 -0.062555
v 0.076868 -0.400542 -0.060862
v 0.076707 -0.403525 -0.061288
v 0.081199 -0.431999 -0.062335
v 0.073859 -0.431999 -0.060138
v 0.086511 -0.433970 -0.062127
v 0.076127 -0.433970 -0.058947
v 0.074692 -0.433970 -0.058224
v 0.067224 -0.431999 -0.056307
v 0.066446 -0.433991 -0.054030
v 0.066429 -0.433970 -0.054058
v 0.061902 -0.433970 -0.050710
v 0.060588 -0.431999 -0.052475
v 0.055015 -0.431999 -0.047217
v 0.054858 -0.403525 -0.047388
v 0.058110 -0.403525 -0.050537
v 0.066968 -0.403525 -0.056674
v 0.067002 -0.403525 -0.056690
v 0.067196 -0.400542 -0.056280
v 0.068043 -0.400542 -0.056682
v 0.057146 -0.396912 -0.047621
v 0.065657 -0.396912 -0.054026
v 0.058399 -0.400542 -0.050185
v 0.055763 -0.400542 -0.047633
v 0.056449 -0.396912 -0.046887
v 0.049807 -0.396912 -0.039900
v 0.050710 -0.400542 -0.042740
v 0.046778 -0.396912 -0.035420
v 0.045778 -0.400542 -0.036086
v 0.050368 -0.403525 -0.043040
v 0.044952 -0.403525 -0.035734
v 0.049442 -0.431999 -0.041959
v 0.057698 -0.433970 -0.047600
v 0.051017 -0.433970 -0.040630
v 0.050183 -0.433970 -0.039760
v 0.045231 -0.431999 -0.035558
v 0.044102 -0.433970 -0.030762
v 0.041021 -0.431999 -0.029156
v 0.043950 -0.403525 -0.034383
v 0.039026 -0.403525 -0.024797
v 0.044337 -0.400542 -0.034142
v 0.043841 -0.396912 -0.031076
v 0.039763 -0.396912 -0.022159
v 0.039447 -0.400542 -0.024622
v 0.038778 -0.400542 -0.022541
v 0.036171 -0.400543 -0.014434
v 0.036638 -0.396912 -0.011106
v 0.039411 -0.396912 -0.021390
v 0.038145 -0.403525 -0.022056
v 0.038400 -0.431999 -0.021956
v 0.035728 -0.403525 -0.014537
v 0.035779 -0.431999 -0.014756
v 0.034633 -0.403525 -0.007170
v 0.035172 -0.400543 -0.007708
v 0.035597 -0.396912 -0.000505
v 0.036291 -0.396912 -0.007577
v 0.034598 -0.400543 -0.003848
v 0.034768 -0.400543 0.006853
v 0.035573 -0.397156 0.003206
v 0.035590 -0.396912 0.000465
v 0.034315 -0.403525 0.006898
v 0.034143 -0.403525 -0.003878
v 0.034890 -0.431999 -0.007146
v 0.034000 -0.431999 0.000465
v 0.036892 -0.433970 -0.010356
v 0.035971 -0.433970 0.000465
v 0.034890 -0.431999 0.008075
v 0.036892 -0.433970 0.011286
v 0.035779 -0.431999 0.015685
v 0.034523 -0.403525 0.008114
v 0.036716 -0.418963 0.019188
v 0.036613 -0.418649 0.018852
v 0.036256 -0.416332 0.017571
v 0.036253 -0.416316 0.017562
v 0.036096 -0.414084 0.016959
v 0.036042 -0.413313 0.016750
v 0.036024 -0.413060 0.016682
v 0.036067 -0.413287 0.016854
v 0.035964 -0.410234 0.016440
v 0.036111 -0.410171 0.017098
v 0.035921 -0.408224 0.016269
v 0.036071 -0.407460 0.016928
v 0.035919 -0.407460 0.016263
v 0.035919 -0.403525 0.016263
v 0.036447 -0.402352 0.019465
v 0.036332 -0.403525 0.019663
v 0.035902 -0.403001 0.016135
v 0.036141 -0.407460 0.017600
v 0.036526 -0.409178 0.020745
v 0.036515 -0.408428 0.020878
v 0.036500 -0.407460 0.021050
v 0.036500 -0.403525 0.021050
v 0.036523 -0.408761 0.021409
v 0.036700 -0.406614 0.025102
v 0.036500 -0.405026 0.022712
v 0.036500 -0.401801 0.024914
v 0.036567 -0.402754 0.026247
v 0.037224 -0.399221 0.034019
v 0.038288 -0.401334 0.036369
v 0.036500 -0.399521 0.026470
v 0.037054 -0.404641 0.028846
v 0.039800 -0.403349 0.038554
v 0.036897 -0.410434 0.024069
v 0.038002 -0.406495 0.031340
v 0.039374 -0.408258 0.033651
v 0.037713 -0.412071 0.026610
v 0.040461 -0.406624 0.037119
v 0.041108 -0.409881 0.035717
v 0.040319 -0.414903 0.030745
v 0.038924 -0.413626 0.028960
v 0.038147 -0.417493 0.024572
v 0.039625 -0.415886 0.028975
v 0.037524 -0.417627 0.022567
v 0.037521 -0.417624 0.022556
v 0.037227 -0.417363 0.021600
v 0.039521 -0.416033 0.028710
v 0.038406 -0.417364 0.025400
v 0.039361 -0.420316 0.026623
v 0.038382 -0.421007 0.024128
v 0.038395 -0.421380 0.024087
v 0.037755 -0.421074 0.022399
v 0.037826 -0.421169 0.022609
v 0.037990 -0.421230 0.023034
v 0.038400 -0.431999 0.022885
v 0.041021 -0.431999 0.030085
v 0.037905 -0.433970 0.015176
v 0.039005 -0.421607 0.025674
v 0.039629 -0.433970 0.021795
v 0.039433 -0.421536 0.026616
v 0.040551 -0.421351 0.029075
v 0.040348 -0.419291 0.028968
v 0.040905 -0.421292 0.029855
v 0.042695 -0.420638 0.033060
v 0.045231 -0.431999 0.036487
v 0.043046 -0.420510 0.033689
v 0.043969 -0.420172 0.035342
v 0.044917 -0.419845 0.036691
v 0.045823 -0.419532 0.037980
v 0.044102 -0.433970 0.031691
v 0.050183 -0.433970 0.040689
v 0.044130 -0.433992 0.031676
v 0.042943 -0.433970 0.029128
v 0.039659 -0.433992 0.021784
v 0.036924 -0.433992 0.011280
v 0.039695 -0.433999 0.021772
v 0.036962 -0.433999 0.011274
v 0.037315 -0.433999 0.011213
v 0.036400 -0.433999 0.000465
v 0.036042 -0.433999 0.000465
v 0.037315 -0.433999 -0.010284
v 0.036962 -0.433999 -0.010344
v 0.036004 -0.433992 0.000465
v 0.036924 -0.433992 -0.010351
v 0.039695 -0.433999 -0.020843
v 0.037905 -0.433970 -0.014247
v 0.039659 -0.433991 -0.020855
v 0.039629 -0.433970 -0.020866
v 0.044164 -0.433999 -0.030728
v 0.044130 -0.433991 -0.030746
v 0.042943 -0.433970 -0.028199
v 0.050209 -0.433991 -0.039739
v 0.050238 -0.433999 -0.039715
v 0.050517 -0.433999 -0.039490
v 0.057982 -0.433999 -0.047278
v 0.057745 -0.433999 -0.047547
v 0.057719 -0.433991 -0.047576
v 0.066655 -0.433999 -0.053693
v 0.066467 -0.433999 -0.053998
v 0.076305 -0.434012 -0.058503
v 0.066681 -0.434012 -0.053650
v 0.076319 -0.434049 -0.058469
v 0.066700 -0.434049 -0.053619
v 0.058015 -0.434012 -0.047241
v 0.050556 -0.434013 -0.039459
v 0.058039 -0.434049 -0.047213
v 0.058048 -0.434099 -0.047203
v 0.064044 -0.434099 -0.051638
v 0.050585 -0.434049 -0.039436
v 0.052600 -0.434099 -0.041519
v 0.050595 -0.434099 -0.039427
v 0.044564 -0.434099 -0.030504
v 0.044552 -0.434049 -0.030511
v 0.044520 -0.434013 -0.030528
v 0.040115 -0.434049 -0.020694
v 0.043883 -0.434099 -0.028996
v 0.040081 -0.434013 -0.020706
v 0.040033 -0.433999 -0.020723
v 0.037365 -0.434013 -0.010275
v 0.037401 -0.434049 -0.010269
v 0.036450 -0.434013 0.000465
v 0.037414 -0.434099 -0.010267
v 0.038562 -0.434099 -0.014676
v 0.040128 -0.434099 -0.020690
v 0.038346 -0.445999 -0.014732
v 0.036500 -0.445999 0.000465
v 0.046875 -0.445999 -0.013770
v 0.045000 -0.445999 0.000465
v 0.044477 -0.433999 -0.030553
v 0.066707 -0.434099 -0.053607
v 0.076324 -0.434099 -0.058456
v 0.077510 -0.434099 -0.058820
v 0.086620 -0.434049 -0.061623
v 0.086622 -0.434099 -0.061610
v 0.092375 -0.434099 -0.062347
v 0.097305 -0.434099 -0.062978
v 0.107653 -0.434099 -0.062539
v 0.108066 -0.434099 -0.062521
v 0.044164 -0.433999 0.031657
v 0.050209 -0.433992 0.040669
v 0.037653 -0.417742 0.022988
v 0.037458 -0.420676 0.021520
v 0.037134 -0.420242 0.020560
v 0.037036 -0.416767 0.021018
v 0.036950 -0.416498 0.020756
v 0.036857 -0.415837 0.020537
v 0.036733 -0.414954 0.020244
v 0.036729 -0.414885 0.020242
v 0.036605 -0.412813 0.020205
v 0.036583 -0.412452 0.020198
v 0.036572 -0.412273 0.020195
v 0.041705 -0.405205 0.040507
v 0.043090 -0.404027 0.043774
v 0.042203 -0.401223 0.045202
v 0.041889 -0.400909 0.044946
v 0.042887 -0.401908 0.045760
v 0.044595 -0.392227 0.059466
v 0.043719 -0.389758 0.062223
v 0.046496 -0.392318 0.062839
v 0.045269 -0.392782 0.059604
v 0.043577 -0.391038 0.059169
v 0.044587 -0.403093 0.046674
v 0.044836 -0.403266 0.046808
v 0.046226 -0.404235 0.047554
v 0.048172 -0.395176 0.060197
v 0.046319 -0.393649 0.059818
v 0.048789 -0.395514 0.060281
v 0.049396 -0.395845 0.060364
v 0.042152 -0.389375 0.058753
v 0.041940 -0.389127 0.058691
v 0.040121 -0.399138 0.043503
v 0.041319 -0.386814 0.061503
v 0.039666 -0.385342 0.057733
v 0.043062 -0.388882 0.063504
v 0.039488 -0.383642 0.060704
v 0.041278 -0.388026 0.058412
v 0.040386 -0.385386 0.061650
v 0.041107 -0.386328 0.062150
v 0.041278 -0.386551 0.062268
v 0.041047 -0.386374 0.069465
v 0.042358 -0.391141 0.069465
v 0.043562 -0.389341 0.063741
v 0.037386 -0.378596 0.069465
v 0.037737 -0.383922 0.069465
v 0.036500 -0.376999 0.069465
v 0.038177 -0.385015 0.076372
v 0.037816 -0.383896 0.076592
v 0.036949 -0.381213 0.077119
v 0.040203 -0.388592 0.075585
v 0.040154 -0.388505 0.075604
v 0.038662 -0.385439 0.078365
v 0.040609 -0.388835 0.077264
v 0.043701 -0.391627 0.077017
v 0.044275 -0.391670 0.078397
v 0.040146 -0.385661 0.080892
v 0.042030 -0.388846 0.079836
v 0.043298 -0.391596 0.076049
v 0.042787 -0.391558 0.074821
v 0.042396 -0.391109 0.074936
v 0.045744 -0.393780 0.074180
v 0.045012 -0.393371 0.074300
v 0.048556 -0.395354 0.073718
v 0.046239 -0.393907 0.075999
v 0.049361 -0.395527 0.075152
v 0.050100 -0.394865 0.077528
v 0.047288 -0.393385 0.078292
v 0.046348 -0.390586 0.080757
v 0.044514 -0.391545 0.078668
v 0.044933 -0.391326 0.079146
v 0.048621 -0.392211 0.080158
v 0.049889 -0.390507 0.081404
v 0.050034 -0.390592 0.081363
v 0.046538 -0.390486 0.080973
v 0.051040 -0.393505 0.079504
v 0.051576 -0.391488 0.080924
v 0.055932 -0.389669 0.081808
v 0.052055 -0.391619 0.080858
v 0.055500 -0.391999 0.080670
v 0.054267 -0.392224 0.080556
v 0.055500 -0.393013 0.080141
v 0.055500 -0.394503 0.078888
v 0.053703 -0.394319 0.079084
v 0.055500 -0.392561 0.080388
v 0.055500 -0.391999 0.073465
v 0.056144 -0.389179 0.073465
v 0.055500 -0.396782 0.074406
v 0.056500 -0.396996 0.073465
v 0.055500 -0.396443 0.076099
v 0.055500 -0.396971 0.073465
v 0.055500 -0.396009 0.076830
v 0.055500 -0.395072 0.078410
v 0.053216 -0.395802 0.077034
v 0.052833 -0.396557 0.074603
v 0.052471 -0.396589 0.073349
v 0.052696 -0.396612 0.073342
v 0.049603 -0.395684 0.073619
v 0.049065 -0.395514 0.073670
v 0.068500 -0.396996 0.073465
v 0.068500 -0.391999 0.073465
v 0.067857 -0.389179 0.073465
v 0.066053 -0.386917 0.073465
v 0.060554 -0.385662 0.073465
v 0.063447 -0.385662 0.073465
v 0.063438 -0.385687 0.083639
v 0.065117 -0.386295 0.083369
v 0.061212 -0.385547 0.083701
v 0.063257 -0.385622 0.083668
v 0.054551 -0.378065 0.086458
v 0.059116 -0.386175 0.083423
v 0.060576 -0.385737 0.083617
v 0.145522 -0.378164 0.086706
v 0.143030 -0.373778 0.088287
v 0.138402 -0.365683 0.090518
v 0.143239 -0.374144 0.088186
v 0.056996 -0.373744 0.088174
v 0.047871 -0.378246 0.086376
v 0.052421 -0.370201 0.089180
v 0.133034 -0.387806 0.082683
v 0.133225 -0.387590 0.082782
v 0.052529 -0.381637 0.085039
v 0.135115 -0.386175 0.083423
v 0.134787 -0.386420 0.083312
v 0.131932 -0.389669 0.081808
v 0.058011 -0.387001 0.083048
v 0.132449 -0.388795 0.082218
v 0.132371 -0.388749 0.073465
v 0.134750 -0.386370 0.073465
v 0.143500 -0.396996 0.073465
v 0.131500 -0.391999 0.073465
v 0.131500 -0.391999 0.080670
v 0.131500 -0.392605 0.080366
v 0.131500 -0.394931 0.078592
v 0.131500 -0.396464 0.076100
v 0.131500 -0.396996 0.073465
v 0.068500 -0.396464 0.076100
v 0.143500 -0.396999 0.073224
v 0.143500 -0.396999 0.069465
v 0.146493 -0.396774 0.073293
v 0.144500 -0.396971 0.073465
v 0.138500 -0.396999 0.069465
v 0.134198 -0.396999 0.069465
v 0.135978 -0.396999 0.069072
v 0.138500 -0.396999 0.068536
v 0.139298 -0.396987 0.068290
v 0.145097 -0.396113 0.069465
v 0.152875 -0.392453 0.069465
v 0.150423 -0.395763 0.069465
v 0.143393 -0.396516 0.067285
v 0.143687 -0.396455 0.067255
v 0.145072 -0.396033 0.067064
v 0.140046 -0.396951 0.068059
v 0.140040 -0.396952 0.068030
v 0.139290 -0.396987 0.068255
v 0.139603 -0.397290 0.065995
v 0.138829 -0.397336 0.066069
v 0.143644 -0.397446 0.063246
v 0.139442 -0.397415 0.065243
v 0.138861 -0.397312 0.066222
v 0.138015 -0.397534 0.066373
v 0.139029 -0.396994 0.068290
v 0.138755 -0.396999 0.068290
v 0.138500 -0.396999 0.068290
v 0.135454 -0.397386 0.066535
v 0.138702 -0.397432 0.065466
v 0.137946 -0.397610 0.066065
v 0.135414 -0.397415 0.066344
v 0.135388 -0.397434 0.066216
v 0.138443 -0.398061 0.064175
v 0.137503 -0.398097 0.064091
v 0.134939 -0.398485 0.064044
v 0.138383 -0.398205 0.063879
v 0.138186 -0.398684 0.062896
v 0.137391 -0.398538 0.063590
v 0.138078 -0.399219 0.062317
v 0.137104 -0.399664 0.062311
v 0.134861 -0.398667 0.063666
v 0.134855 -0.398682 0.063635
v 0.134506 -0.400238 0.061947
v 0.132956 -0.398797 0.064155
v 0.132762 -0.399237 0.063326
v 0.132810 -0.399128 0.063531
v 0.127956 -0.399775 0.063909
v 0.124216 -0.398275 0.066801
v 0.128834 -0.397848 0.066574
v 0.132330 -0.401759 0.061480
v 0.132484 -0.400860 0.062138
v 0.134419 -0.400627 0.061525
v 0.134410 -0.400690 0.061484
v 0.136725 -0.401150 0.060622
v 0.134340 -0.402253 0.060428
v 0.134190 -0.402323 0.060416
v 0.132101 -0.403099 0.060498
v 0.132295 -0.405240 0.059656
v 0.135006 -0.406882 0.058071
v 0.134992 -0.406918 0.058065
v 0.131993 -0.405703 0.059535
v 0.131374 -0.406855 0.059499
v 0.128171 -0.404563 0.061054
v 0.127353 -0.404867 0.061169
v 0.130503 -0.408475 0.059448
v 0.133663 -0.410350 0.057662
v 0.133849 -0.409720 0.057634
v 0.130080 -0.409261 0.059423
v 0.133680 -0.410293 0.057659
v 0.137406 -0.411752 0.055224
v 0.137911 -0.415616 0.054490
v 0.136590 -0.415131 0.055327
v 0.132677 -0.413692 0.057808
v 0.133000 -0.431999 0.057622
v 0.139376 -0.416022 0.053357
v 0.140457 -0.416322 0.052520
v 0.142789 -0.416968 0.050715
v 0.129232 -0.411843 0.059638
v 0.128984 -0.411676 0.059760
v 0.136579 -0.403706 0.059048
v 0.137253 -0.402449 0.059525
v 0.141850 -0.402274 0.057916
v 0.145225 -0.403248 0.055170
v 0.147764 -0.401596 0.055591
v 0.143760 -0.398638 0.061071
v 0.142825 -0.399006 0.060932
v 0.146883 -0.400945 0.056797
v 0.145250 -0.403255 0.055150
v 0.147003 -0.403762 0.053724
v 0.151755 -0.404583 0.049156
v 0.148425 -0.402084 0.054686
v 0.151878 -0.404675 0.048952
v 0.152412 -0.404975 0.048095
v 0.152817 -0.404728 0.047909
v 0.151913 -0.394988 0.060151
v 0.151572 -0.406332 0.047431
v 0.153580 -0.393874 0.059875
v 0.151141 -0.395504 0.060279
v 0.155128 -0.403315 0.046848
v 0.151720 -0.393607 0.063166
v 0.152825 -0.392386 0.065303
v 0.155207 -0.390833 0.062504
v 0.155333 -0.390483 0.064337
v 0.147815 -0.395702 0.063667
v 0.149756 -0.396429 0.060508
v 0.147986 -0.395116 0.066648
v 0.151762 -0.393192 0.065712
v 0.147850 -0.395185 0.066682
v 0.143604 -0.397031 0.064003
v 0.148002 -0.397161 0.060692
v 0.147384 -0.397419 0.060758
v 0.145629 -0.398151 0.060942
v 0.155411 -0.390398 0.064292
v 0.158954 -0.386374 0.069465
v 0.157642 -0.391141 0.069465
v 0.162614 -0.378596 0.069465
v 0.158896 -0.386338 0.062155
v 0.158316 -0.387224 0.062630
v 0.158399 -0.387134 0.062583
v 0.162264 -0.383922 0.069465
v 0.163500 -0.376999 0.069465
v 0.161918 -0.384796 0.076417
v 0.159881 -0.388474 0.075613
v 0.159852 -0.388507 0.075605
v 0.163068 -0.381085 0.077143
v 0.162196 -0.383900 0.076592
v 0.162582 -0.381699 0.079413
v 0.161339 -0.385439 0.078365
v 0.159855 -0.385661 0.080892
v 0.159392 -0.388835 0.077264
v 0.156422 -0.391774 0.077054
v 0.157603 -0.391107 0.074936
v 0.155407 -0.391435 0.078613
v 0.156784 -0.391702 0.076089
v 0.156495 -0.391799 0.076941
v 0.157970 -0.388846 0.079836
v 0.155043 -0.391313 0.079173
v 0.155919 -0.388189 0.081839
v 0.154457 -0.391116 0.080073
v 0.152713 -0.393385 0.078292
v 0.151380 -0.392211 0.080158
v 0.153652 -0.390538 0.080657
v 0.153436 -0.390383 0.080814
v 0.153667 -0.387042 0.082954
v 0.152553 -0.388353 0.082416
v 0.151728 -0.389156 0.082052
v 0.147520 -0.381697 0.085266
v 0.142693 -0.387502 0.082823
v 0.141237 -0.386387 0.083327
v 0.143580 -0.388783 0.082225
v 0.146274 -0.379490 0.086217
v 0.152129 -0.378246 0.086376
v 0.153741 -0.386955 0.082989
v 0.155187 -0.384637 0.083823
v 0.155364 -0.384000 0.084020
v 0.157647 -0.385359 0.082811
v 0.158792 -0.382269 0.083739
v 0.161081 -0.382167 0.081896
v 0.160278 -0.378865 0.084038
v 0.159216 -0.378993 0.084461
v 0.159153 -0.379001 0.084486
v 0.155939 -0.381943 0.084654
v 0.156677 -0.379300 0.085470
v 0.156889 -0.376168 0.086323
v 0.156692 -0.374538 0.086775
v 0.156965 -0.375030 0.086556
v 0.157018 -0.374239 0.086719
v 0.157280 -0.370307 0.087524
v 0.152095 -0.366420 0.089389
v 0.147428 -0.358236 0.091516
v 0.157366 -0.369017 0.087788
v 0.156483 -0.362516 0.088926
v 0.142954 -0.362070 0.091506
v 0.147580 -0.370201 0.089180
v 0.138266 -0.353873 0.093359
v 0.134974 -0.359689 0.092170
v 0.065003 -0.359721 0.092287
v 0.066210 -0.357612 0.092861
v 0.133774 -0.357591 0.092748
v 0.132522 -0.355402 0.093351
v 0.126257 -0.344511 0.095190
v 0.128766 -0.337353 0.095660
v 0.124329 -0.341168 0.095409
v 0.066380 -0.357315 0.092942
v 0.074651 -0.342935 0.095389
v 0.124080 -0.340737 0.095437
v 0.075916 -0.340744 0.095548
v 0.075668 -0.341173 0.095517
v 0.071235 -0.337353 0.095660
v 0.073939 -0.332665 0.095900
v 0.071460 -0.334384 0.095729
v 0.069893 -0.335472 0.095493
v 0.069449 -0.335780 0.095426
v 0.061734 -0.353873 0.093359
v 0.061578 -0.365710 0.090657
v 0.057292 -0.350006 0.093163
v 0.062860 -0.340355 0.094433
v 0.057047 -0.362070 0.091506
v 0.058341 -0.371369 0.089117
v 0.052572 -0.358236 0.091516
v 0.048223 -0.354318 0.090847
v 0.047906 -0.366420 0.089389
v 0.051870 -0.348005 0.091970
v 0.051739 -0.348097 0.091939
v 0.053692 -0.346736 0.092401
v 0.068645 -0.313571 0.095390
v 0.066638 -0.313175 0.095051
v 0.059679 -0.311799 0.093873
v 0.069889 -0.313893 0.095511
v 0.075900 -0.315445 0.096097
v 0.067402 -0.307575 0.095543
v 0.077008 -0.309895 0.096532
v 0.061311 -0.341431 0.094199
v 0.079852 -0.305611 0.097508
v 0.081261 -0.305988 0.097543
v 0.085000 -0.318489 0.096465
v 0.077115 -0.315759 0.096216
v 0.086519 -0.313074 0.096784
v 0.087476 -0.307651 0.097701
v 0.086510 -0.313106 0.096778
v 0.074581 -0.304374 0.097058
v 0.077920 -0.305157 0.097343
v 0.075977 -0.302380 0.097717
v 0.069955 -0.303288 0.096663
v 0.070902 -0.298581 0.097717
v 0.086585 -0.294375 0.099776
v 0.082541 -0.292167 0.099776
v 0.081542 -0.305418 0.097717
v 0.087482 -0.307634 0.097717
v 0.090902 -0.295985 0.099776
v 0.097154 -0.284796 0.100465
v 0.094366 -0.284189 0.100465
v 0.095404 -0.296965 0.099776
v 0.093677 -0.308966 0.097715
v 0.100000 -0.284999 0.100465
v 0.100000 -0.297294 0.099776
v 0.104596 -0.296965 0.099776
v 0.102847 -0.284796 0.100465
v 0.100000 -0.309438 0.097716
v 0.100000 -0.314962 0.096778
v 0.106323 -0.308966 0.097715
v 0.106658 -0.308940 0.097715
v 0.112000 -0.307791 0.097715
v 0.112519 -0.307634 0.097717
v 0.109099 -0.295985 0.099776
v 0.107485 -0.314398 0.096778
v 0.115000 -0.318489 0.096465
v 0.108322 -0.319923 0.096465
v 0.108283 -0.319931 0.096465
v 0.101378 -0.320535 0.096465
v 0.113491 -0.313106 0.096778
v 0.122999 -0.309927 0.096528
v 0.118790 -0.306007 0.097483
v 0.112526 -0.307653 0.097697
v 0.116956 -0.317744 0.096450
v 0.124097 -0.315418 0.096123
v 0.115000 -0.324999 0.096465
v 0.123888 -0.331158 0.096148
v 0.126058 -0.332663 0.095915
v 0.130108 -0.335472 0.095479
v 0.130553 -0.335781 0.095431
v 0.124447 -0.315304 0.096107
v 0.132449 -0.313333 0.095241
v 0.130110 -0.313909 0.095494
v 0.132603 -0.307608 0.095538
v 0.132735 -0.302729 0.096289
v 0.132026 -0.302888 0.096365
v 0.133326 -0.302597 0.096226
v 0.133363 -0.313157 0.095077
v 0.142103 -0.305829 0.093814
v 0.142684 -0.311382 0.093317
v 0.151056 -0.299262 0.092314
v 0.141589 -0.311573 0.093604
v 0.141696 -0.300977 0.094689
v 0.142758 -0.300771 0.094494
v 0.141630 -0.300989 0.094701
v 0.151395 -0.304219 0.091379
v 0.143480 -0.300640 0.094305
v 0.147336 -0.295420 0.094314
v 0.151800 -0.299126 0.092118
v 0.152874 -0.298925 0.091751
v 0.137381 -0.289022 0.097717
v 0.151184 -0.288374 0.094314
v 0.140419 -0.283458 0.097717
v 0.142635 -0.277518 0.097717
v 0.130986 -0.274098 0.099776
v 0.129376 -0.278415 0.099776
v 0.118193 -0.273308 0.100465
v 0.127168 -0.282459 0.099776
v 0.119190 -0.270634 0.100465
v 0.119797 -0.262153 0.100465
v 0.119797 -0.267846 0.100465
v 0.119190 -0.259365 0.100465
v 0.118193 -0.256691 0.100465
v 0.110813 -0.281825 0.100465
v 0.113098 -0.280114 0.100465
v 0.115115 -0.278097 0.100465
v 0.129376 -0.251584 0.099776
v 0.130986 -0.255901 0.099776
v 0.116825 -0.275812 0.100465
v 0.116825 -0.254187 0.100465
v 0.127168 -0.247540 0.099776
v 0.115115 -0.251902 0.100465
v 0.124407 -0.243851 0.099776
v 0.113098 -0.249884 0.100465
v 0.121148 -0.240593 0.099776
v 0.110813 -0.248174 0.100465
v 0.108309 -0.246807 0.100465
v 0.117460 -0.237832 0.099776
v 0.124023 -0.227619 0.097717
v 0.113416 -0.235624 0.099776
v 0.129099 -0.231418 0.097717
v 0.136848 -0.222475 0.094314
v 0.142525 -0.228152 0.094314
v 0.133582 -0.235901 0.097717
v 0.137381 -0.240976 0.097717
v 0.147336 -0.234579 0.094314
v 0.151184 -0.241625 0.094314
v 0.161535 -0.236898 0.089610
v 0.156909 -0.228426 0.089610
v 0.171343 -0.232418 0.083663
v 0.165980 -0.222597 0.083663
v 0.151125 -0.220700 0.089610
v 0.159274 -0.213639 0.083663
v 0.144300 -0.213875 0.089610
v 0.151361 -0.205726 0.083663
v 0.130421 -0.217664 0.094314
v 0.136573 -0.208091 0.089610
v 0.134751 -0.199939 0.086429
v 0.128102 -0.203465 0.089610
v 0.140250 -0.198878 0.084295
v 0.138482 -0.199849 0.085339
v 0.142403 -0.199020 0.083663
v 0.140333 -0.198832 0.084246
v 0.137924 -0.200018 0.085590
v 0.137619 -0.200046 0.085690
v 0.135908 -0.200206 0.086254
v 0.123375 -0.213816 0.094314
v 0.112519 -0.222365 0.097717
v 0.118459 -0.224581 0.097717
v 0.115853 -0.211011 0.094314
v 0.108008 -0.209304 0.094314
v 0.119059 -0.200092 0.089610
v 0.106324 -0.221017 0.097717
v 0.100000 -0.220565 0.097717
v 0.100000 -0.232705 0.099776
v 0.104596 -0.233034 0.099776
v 0.109099 -0.234013 0.099776
v 0.100000 -0.244999 0.100465
v 0.102847 -0.245203 0.100465
v 0.105635 -0.245810 0.100465
v 0.097154 -0.245203 0.100465
v 0.094366 -0.245810 0.100465
v 0.095404 -0.233034 0.099776
v 0.090902 -0.234013 0.099776
v 0.093677 -0.221017 0.097717
v 0.100000 -0.208731 0.094314
v 0.091993 -0.209304 0.094314
v 0.087482 -0.222365 0.097717
v 0.086585 -0.235624 0.099776
v 0.084148 -0.211011 0.094314
v 0.081542 -0.224581 0.097717
v 0.075977 -0.227619 0.097717
v 0.082541 -0.237832 0.099776
v 0.076626 -0.213816 0.094314
v 0.069579 -0.217664 0.094314
v 0.080942 -0.200092 0.089610
v 0.071898 -0.203465 0.089610
v 0.069069 -0.197221 0.086009
v 0.069059 -0.197238 0.086015
v 0.068688 -0.197865 0.086254
v 0.067091 -0.199253 0.086565
v 0.066610 -0.199458 0.086544
v 0.063427 -0.208091 0.089610
v 0.057598 -0.199020 0.083663
v 0.065313 -0.200011 0.086485
v 0.063490 -0.200216 0.086093
v 0.063344 -0.200191 0.086038
v 0.061654 -0.199895 0.085403
v 0.060160 -0.199134 0.084555
v 0.063152 -0.222475 0.094314
v 0.055701 -0.213875 0.089610
v 0.057476 -0.228152 0.094314
v 0.048640 -0.205726 0.083663
v 0.048876 -0.220700 0.089610
v 0.040727 -0.213639 0.083663
v 0.052664 -0.234579 0.094314
v 0.043091 -0.228426 0.089610
v 0.038466 -0.236898 0.089610
v 0.034021 -0.222597 0.083663
v 0.048817 -0.241625 0.094314
v 0.057366 -0.252481 0.097717
v 0.059581 -0.246541 0.097717
v 0.046011 -0.249147 0.094314
v 0.044305 -0.256992 0.094314
v 0.056018 -0.258676 0.097717
v 0.035093 -0.245941 0.089610
v 0.033041 -0.255372 0.089609
v 0.024677 -0.247153 0.084294
v 0.026147 -0.248533 0.085339
v 0.024747 -0.242903 0.083663
v 0.026480 -0.249012 0.085590
v 0.026601 -0.249293 0.085690
v 0.027282 -0.250871 0.086254
v 0.028658 -0.232418 0.083663
v 0.027386 -0.252055 0.086429
v 0.027471 -0.252047 0.073465
v 0.027467 -0.252979 0.086565
v 0.027113 -0.254520 0.086500
v 0.027018 -0.254905 0.073465
v 0.026130 -0.256458 0.086092
v 0.027035 -0.254863 0.086485
v 0.025371 -0.257282 0.073465
v 0.027013 -0.254902 0.086476
v 0.032353 -0.264999 0.089609
v 0.025326 -0.257236 0.085679
v 0.024790 -0.257755 0.085403
v 0.044305 -0.273007 0.094314
v 0.033041 -0.274627 0.089609
v 0.043732 -0.264999 0.094314
v 0.021570 -0.264999 0.083663
v 0.011616 -0.265002 0.076549
v 0.019969 -0.258905 0.082488
v 0.022369 -0.276161 0.083663
v 0.011550 -0.267299 0.076549
v 0.020845 -0.258983 0.083058
v 0.023016 -0.258659 0.084396
v 0.022850 -0.258684 0.084294
v 0.021817 -0.258838 0.083657
v 0.022855 -0.258710 0.073465
v 0.019969 -0.258905 0.073465
v 0.009641 -0.257269 0.073755
v 0.011829 -0.257615 0.076549
v 0.009490 -0.257245 0.073465
v 0.010056 -0.257335 0.074549
v 0.009736 -0.254769 0.073465
v 0.011384 -0.242210 0.070288
v 0.011523 -0.244405 0.073465
v 0.009083 -0.254695 0.070288
v 0.022002 -0.246065 0.073465
v 0.024687 -0.247142 0.073465
v 0.013862 -0.244775 0.076549
v 0.011699 -0.244433 0.073737
v 0.023748 -0.246654 0.083660
v 0.012974 -0.244635 0.075715
v 0.022002 -0.246065 0.082488
v 0.014308 -0.242962 0.076549
v 0.012153 -0.242408 0.073763
v 0.015253 -0.240121 0.076549
v 0.018183 -0.231314 0.076549
v 0.016125 -0.230467 0.073763
v 0.019667 -0.228318 0.076549
v 0.018001 -0.224897 0.070288
v 0.015391 -0.230165 0.070288
v 0.011391 -0.242188 0.070288
v 0.021026 -0.218789 0.070288
v 0.021712 -0.219191 0.073763
v 0.027642 -0.209096 0.070288
v 0.025714 -0.217264 0.076549
v 0.028806 -0.208796 0.073763
v 0.023633 -0.220314 0.076549
v 0.028182 -0.208304 0.070288
v 0.033271 -0.207184 0.076549
v 0.030552 -0.210175 0.076549
v 0.037270 -0.199483 0.073763
v 0.036720 -0.198909 0.070288
v 0.040482 -0.195778 0.070288
v 0.040398 -0.195684 0.038084
v 0.039538 -0.196323 0.037978
v 0.038625 -0.197184 0.037834
v 0.039024 -0.197290 0.035937
v 0.034936 -0.200665 0.037254
v 0.031758 -0.204468 0.036620
v 0.027784 -0.209222 0.035827
v 0.031992 -0.204357 0.034751
v 0.025781 -0.212139 0.033446
v 0.039991 -0.198052 0.034202
v 0.033052 -0.204991 0.033019
v 0.026916 -0.212637 0.031717
v 0.034513 -0.206098 0.031945
v 0.041312 -0.199322 0.033126
v 0.039503 -0.202306 0.032507
v 0.048813 -0.193322 0.034173
v 0.045846 -0.196681 0.033499
v 0.042024 -0.200071 0.032901
v 0.043607 -0.202395 0.032492
v 0.041460 -0.204063 0.032197
v 0.050833 -0.196276 0.047865
v 0.043562 -0.202328 0.047865
v 0.055426 -0.193212 0.034111
v 0.057855 -0.192037 0.034318
v 0.057855 -0.191991 0.047865
v 0.052474 -0.191858 0.034350
v 0.049400 -0.194095 0.033955
v 0.056932 -0.188170 0.035072
v 0.057402 -0.188959 0.034861
v 0.059917 -0.187479 0.035122
v 0.065571 -0.183930 0.035813
v 0.071345 -0.185507 0.035469
v 0.065923 -0.184711 0.035610
v 0.067759 -0.183865 0.035759
v 0.074869 -0.181413 0.036191
v 0.074627 -0.180656 0.036385
v 0.073946 -0.184867 0.035582
v 0.075915 -0.181052 0.036255
v 0.088520 -0.181283 0.036214
v 0.084652 -0.181905 0.047865
v 0.073909 -0.184714 0.047865
v 0.072782 -0.185216 0.048615
v 0.084689 -0.182103 0.048615
v 0.072717 -0.185025 0.047865
v 0.061363 -0.189850 0.047865
v 0.061455 -0.190029 0.048615
v 0.050950 -0.196440 0.048615
v 0.072959 -0.185735 0.049164
v 0.061706 -0.190517 0.049164
v 0.051270 -0.196886 0.049164
v 0.062049 -0.191184 0.049365
v 0.073201 -0.186445 0.049365
v 0.074469 -0.197678 0.049365
v 0.084925 -0.183380 0.049365
v 0.085599 -0.194455 0.049365
v 0.085713 -0.195017 0.049251
v 0.097124 -0.193631 0.049251
v 0.097101 -0.193058 0.049365
v 0.096969 -0.182055 0.049365
v 0.108679 -0.193524 0.049365
v 0.108610 -0.194094 0.049251
v 0.108551 -0.194577 0.048926
v 0.119737 -0.196861 0.048926
v 0.119872 -0.196394 0.049251
v 0.130412 -0.200909 0.048926
v 0.130620 -0.200470 0.049251
v 0.120032 -0.195842 0.049365
v 0.109078 -0.182497 0.049365
v 0.120994 -0.184698 0.049365
v 0.130866 -0.199951 0.049365
v 0.140575 -0.206217 0.049251
v 0.132462 -0.188611 0.049365
v 0.140901 -0.205745 0.049365
v 0.143238 -0.194151 0.049365
v 0.149877 -0.213073 0.049365
v 0.149479 -0.213487 0.049251
v 0.156712 -0.222383 0.048926
v 0.157101 -0.222091 0.049251
v 0.149142 -0.213838 0.048926
v 0.140299 -0.206618 0.048926
v 0.148917 -0.214072 0.048439
v 0.156452 -0.222579 0.048439
v 0.162425 -0.232236 0.047865
v 0.162526 -0.232183 0.048439
v 0.155019 -0.221132 0.047865
v 0.156361 -0.222647 0.047865
v 0.163519 -0.234411 0.046365
v 0.155119 -0.221043 0.046365
v 0.148837 -0.214155 0.047865
v 0.143956 -0.209880 0.046365
v 0.154729 -0.221355 0.045865
v 0.163068 -0.234628 0.045865
v 0.168245 -0.249423 0.045865
v 0.130372 -0.328067 0.045865
v 0.143956 -0.320118 0.046365
v 0.130589 -0.328518 0.046365
v 0.100000 -0.194999 0.045865
v 0.115577 -0.333244 0.045865
v 0.115577 -0.196755 0.045865
v 0.130372 -0.201932 0.045865
v 0.143645 -0.210271 0.045865
v 0.168245 -0.280576 0.045865
v 0.170000 -0.264999 0.045865
v 0.143645 -0.319728 0.045865
v 0.155119 -0.308955 0.046365
v 0.154729 -0.308644 0.045865
v 0.163068 -0.295371 0.045865
v 0.163519 -0.295588 0.046365
v 0.162425 -0.297762 0.047865
v 0.168733 -0.280687 0.046365
v 0.166872 -0.287324 0.047865
v 0.163377 -0.295528 0.047865
v 0.166980 -0.287361 0.048439
v 0.162526 -0.297815 0.048439
v 0.167289 -0.287464 0.048926
v 0.162814 -0.297967 0.048926
v 0.156452 -0.307420 0.048439
v 0.156361 -0.307352 0.047865
v 0.155019 -0.308866 0.047865
v 0.148837 -0.315844 0.047865
v 0.148916 -0.315926 0.048439
v 0.143815 -0.319945 0.047865
v 0.149142 -0.316161 0.048925
v 0.140114 -0.323114 0.048439
v 0.156712 -0.307616 0.048926
v 0.163245 -0.298193 0.049251
v 0.157101 -0.307908 0.049251
v 0.149479 -0.316512 0.049251
v 0.163753 -0.298459 0.049365
v 0.157560 -0.308253 0.049365
v 0.161816 -0.320387 0.049365
v 0.149876 -0.316926 0.049365
v 0.175152 -0.300229 0.049365
v 0.169222 -0.310796 0.049365
v 0.169848 -0.311210 0.049164
v 0.175832 -0.300548 0.049164
v 0.180725 -0.289286 0.048615
v 0.176329 -0.300781 0.048615
v 0.180199 -0.289128 0.049164
v 0.183401 -0.277273 0.048615
v 0.182858 -0.277194 0.049164
v 0.179481 -0.288912 0.049365
v 0.182116 -0.277084 0.049365
v 0.168295 -0.287800 0.049365
v 0.171068 -0.276549 0.049365
v 0.167750 -0.287618 0.049251
v 0.170501 -0.276457 0.049251
v 0.172000 -0.264999 0.049365
v 0.171426 -0.264999 0.049251
v 0.170021 -0.276379 0.048926
v 0.170940 -0.264999 0.048926
v 0.169700 -0.276327 0.048439
v 0.169587 -0.276308 0.047865
v 0.168521 -0.280635 0.047865
v 0.170614 -0.264999 0.048439
v 0.170021 -0.253620 0.048926
v 0.170500 -0.264999 0.047865
v 0.169700 -0.253672 0.048439
v 0.168521 -0.249364 0.047865
v 0.166980 -0.242638 0.048439
v 0.167289 -0.242535 0.048926
v 0.169587 -0.253690 0.047865
v 0.170500 -0.264999 0.046365
v 0.168733 -0.249312 0.046365
v 0.166872 -0.242674 0.047865
v 0.163377 -0.234471 0.047865
v 0.167750 -0.242381 0.049251
v 0.163245 -0.231806 0.049251
v 0.162814 -0.232032 0.048926
v 0.157560 -0.221746 0.049365
v 0.163753 -0.231539 0.049365
v 0.169222 -0.219203 0.049365
v 0.168295 -0.242199 0.049365
v 0.175153 -0.229770 0.049365
v 0.169848 -0.218789 0.049164
v 0.175832 -0.229451 0.049164
v 0.179481 -0.241087 0.049365
v 0.180199 -0.240871 0.049164
v 0.171068 -0.253450 0.049365
v 0.182116 -0.252915 0.049365
v 0.182858 -0.252805 0.049164
v 0.183000 -0.264999 0.049365
v 0.183750 -0.264999 0.049164
v 0.183401 -0.252725 0.048615
v 0.184299 -0.264999 0.048615
v 0.184500 -0.264999 0.047865
v 0.183600 -0.252696 0.047865
v 0.184470 -0.262741 0.041037
v 0.184473 -0.262855 0.041200
v 0.182438 -0.247479 0.047865
v 0.184482 -0.263223 0.041724
v 0.184491 -0.263763 0.042111
v 0.191500 -0.263749 0.042130
v 0.184493 -0.263905 0.042213
v 0.184500 -0.264710 0.042448
v 0.184499 -0.264999 0.042433
v 0.191500 -0.264999 0.042465
v 0.191500 -0.266249 0.042130
v 0.191500 -0.264999 0.046465
v 0.184491 -0.266244 0.042118
v 0.184499 -0.265549 0.042404
v 0.191500 -0.260999 0.047537
v 0.191500 -0.260731 0.047699
v 0.189000 -0.260999 0.047537
v 0.189000 -0.264999 0.046465
v 0.189000 -0.258071 0.050465
v 0.189000 -0.268999 0.047537
v 0.189000 -0.272999 0.054465
v 0.189000 -0.271928 0.058465
v 0.189000 -0.264999 0.062465
v 0.189000 -0.268999 0.061393
v 0.191188 -0.272550 0.057107
v 0.191243 -0.271830 0.058411
v 0.191286 -0.271255 0.059452
v 0.191401 -0.269254 0.061240
v 0.191410 -0.268982 0.061352
v 0.190356 -0.279013 0.070288
v 0.190227 -0.278986 0.024198
v 0.190934 -0.275166 0.042465
v 0.190979 -0.274749 0.044684
v 0.189476 -0.279884 0.073764
v 0.190983 -0.274714 0.044743
v 0.191083 -0.273729 0.046415
v 0.191108 -0.273442 0.046653
v 0.191222 -0.272134 0.047732
v 0.191162 -0.272862 0.052988
v 0.191150 -0.272999 0.054465
v 0.191469 -0.267377 0.070288
v 0.190260 -0.280014 0.070288
v 0.190675 -0.267357 0.073764
v 0.189061 -0.257475 0.075715
v 0.191171 -0.260520 0.070288
v 0.190335 -0.257273 0.073737
v 0.188451 -0.267299 0.076549
v 0.188385 -0.265002 0.076549
v 0.188172 -0.257615 0.076549
v 0.178430 -0.264999 0.083663
v 0.177632 -0.276161 0.083663
v 0.178189 -0.258883 0.083660
v 0.177850 -0.258879 0.083876
v 0.177237 -0.258737 0.084246
v 0.177152 -0.258697 0.084294
v 0.167648 -0.264999 0.089610
v 0.180032 -0.258905 0.082488
v 0.180032 -0.258905 0.073465
v 0.177146 -0.258710 0.073465
v 0.190265 -0.254769 0.073465
v 0.190511 -0.257245 0.073465
v 0.188477 -0.244405 0.073465
v 0.174630 -0.257282 0.073465
v 0.190918 -0.254695 0.070288
v 0.191384 -0.260511 0.060951
v 0.188617 -0.242210 0.070288
v 0.191325 -0.259336 0.060115
v 0.189000 -0.260999 0.061393
v 0.191240 -0.258136 0.058419
v 0.189000 -0.258071 0.058465
v 0.191215 -0.257784 0.057921
v 0.191154 -0.257047 0.055335
v 0.189000 -0.256999 0.054465
v 0.191150 -0.256999 0.054465
v 0.191188 -0.257448 0.051823
v 0.191243 -0.258169 0.050519
v 0.191211 -0.257728 0.047653
v 0.191286 -0.258744 0.049478
v 0.191260 -0.258440 0.047912
v 0.191108 -0.256554 0.046657
v 0.191415 -0.258730 0.047200
v 0.191254 -0.257049 0.046158
v 0.188609 -0.242188 0.070288
v 0.188391 -0.242254 0.030321
v 0.186445 -0.235863 0.031387
v 0.187848 -0.242408 0.073764
v 0.185012 -0.231158 0.032171
v 0.184610 -0.230165 0.070288
v 0.191083 -0.256269 0.046415
v 0.190984 -0.255299 0.044735
v 0.190975 -0.255209 0.044579
v 0.183875 -0.230467 0.073764
v 0.181818 -0.231314 0.076549
v 0.180333 -0.228318 0.076549
v 0.176368 -0.220315 0.076549
v 0.182000 -0.224897 0.070288
v 0.178289 -0.219191 0.073764
v 0.172359 -0.209096 0.070288
v 0.174287 -0.217264 0.076549
v 0.171195 -0.208796 0.073764
v 0.169448 -0.210175 0.076549
v 0.178974 -0.218790 0.070288
v 0.178240 -0.217558 0.034438
v 0.172446 -0.209579 0.035768
v 0.172217 -0.209434 0.033899
v 0.172187 -0.209223 0.035827
v 0.177844 -0.217638 0.032523
v 0.182539 -0.226397 0.031055
v 0.181321 -0.226657 0.029330
v 0.176670 -0.218043 0.030796
v 0.179591 -0.227271 0.028260
v 0.171105 -0.209979 0.032170
v 0.175022 -0.218849 0.029725
v 0.169562 -0.210970 0.031097
v 0.172423 -0.216832 0.029946
v 0.173960 -0.219447 0.029485
v 0.176549 -0.223851 0.028708
v 0.176126 -0.228324 0.027920
v 0.178387 -0.227786 0.028014
v 0.176980 -0.230707 0.027499
v 0.180029 -0.231304 0.027394
v 0.181906 -0.236536 0.026472
v 0.183218 -0.236136 0.026720
v 0.182648 -0.238607 0.026107
v 0.185007 -0.235722 0.027788
v 0.184465 -0.245606 0.024872
v 0.185860 -0.245343 0.025122
v 0.184629 -0.246236 0.024761
v 0.187487 -0.254785 0.023484
v 0.185916 -0.254092 0.023376
v 0.187685 -0.245131 0.026189
v 0.186249 -0.235607 0.029511
v 0.189324 -0.254776 0.024551
v 0.188934 -0.245161 0.027911
v 0.189350 -0.245404 0.029796
v 0.189445 -0.245714 0.029745
v 0.190888 -0.255120 0.027478
v 0.190564 -0.254947 0.026272
v 0.190862 -0.255285 0.027043
v 0.190667 -0.256204 0.026064
v 0.190803 -0.255563 0.026747
v 0.191191 -0.255541 0.028253
v 0.190911 -0.255818 0.026828
v 0.191499 -0.256280 0.028284
v 0.191289 -0.256487 0.027066
v 0.191500 -0.256767 0.027154
v 0.190601 -0.256511 0.025737
v 0.191500 -0.256438 0.027644
v 0.190778 -0.257239 0.025723
v 0.190891 -0.259040 0.025120
v 0.190354 -0.258789 0.024627
v 0.191321 -0.257723 0.026063
v 0.191500 -0.256930 0.026912
v 0.190549 -0.256940 0.025517
v 0.190346 -0.258599 0.024664
v 0.191500 -0.257486 0.026471
v 0.191500 -0.262499 0.039965
v 0.191500 -0.256280 0.028406
v 0.191500 -0.262834 0.041215
v 0.184463 -0.262499 0.039965
v 0.191500 -0.256287 0.042747
v 0.191500 -0.257869 0.026167
v 0.191500 -0.256279 0.042465
v 0.191500 -0.258154 0.025941
v 0.191500 -0.260724 0.025140
v 0.191500 -0.259237 0.025500
v 0.191500 -0.262499 0.024986
v 0.191106 -0.262499 0.024686
v 0.191500 -0.256279 0.028465
v 0.191500 -0.259720 0.025303
v 0.191122 -0.255593 0.028465
v 0.191122 -0.255595 0.042465
v 0.191085 -0.255444 0.042465
v 0.191500 -0.256613 0.044185
v 0.190934 -0.254833 0.042465
v 0.190934 -0.254833 0.028465
v 0.191121 -0.255873 0.044496
v 0.191500 -0.257464 0.045739
v 0.191500 -0.256682 0.044490
v 0.191500 -0.258832 0.046966
v 0.191500 -0.257625 0.045995
v 0.191500 -0.258991 0.047094
v 0.191500 -0.259857 0.047404
v 0.191500 -0.260637 0.047682
v 0.191352 -0.259784 0.048399
v 0.191481 -0.260638 0.047758
v 0.190951 -0.254965 0.028229
v 0.190934 -0.254837 0.028224
v 0.190914 -0.260823 0.024743
v 0.190457 -0.260900 0.024238
v 0.190613 -0.262499 0.024117
v 0.190437 -0.260903 0.024216
v 0.189829 -0.262499 0.023283
v 0.189463 -0.262499 0.022895
v 0.188040 -0.262499 0.022159
v 0.187972 -0.262499 0.022123
v 0.186485 -0.262499 0.021894
v 0.185970 -0.254902 0.023233
v 0.184463 -0.262499 0.021894
v 0.182429 -0.247461 0.024545
v 0.182093 -0.244973 0.024984
v 0.180918 -0.240655 0.047865
v 0.180725 -0.240713 0.048615
v 0.177098 -0.230667 0.047865
v 0.176329 -0.229218 0.048615
v 0.176511 -0.229133 0.047865
v 0.170473 -0.218375 0.047865
v 0.168212 -0.215447 0.047865
v 0.170306 -0.218486 0.048615
v 0.168167 -0.215452 0.030189
v 0.166825 -0.213281 0.030572
v 0.168652 -0.211623 0.030865
v 0.167562 -0.210116 0.031130
v 0.162526 -0.204400 0.032138
v 0.163274 -0.203726 0.032359
v 0.156228 -0.197204 0.033496
v 0.162098 -0.203914 0.032224
v 0.164690 -0.202562 0.033433
v 0.157497 -0.195882 0.034573
v 0.158428 -0.195079 0.036308
v 0.149610 -0.190020 0.035572
v 0.150426 -0.189105 0.037311
v 0.150096 -0.188431 0.039293
v 0.144301 -0.185292 0.039817
v 0.150752 -0.188943 0.039208
v 0.141806 -0.184037 0.038162
v 0.132672 -0.179939 0.038850
v 0.141974 -0.184031 0.040027
v 0.136780 -0.181217 0.040496
v 0.141122 -0.185049 0.036421
v 0.140203 -0.186632 0.035341
v 0.148508 -0.191482 0.034494
v 0.132132 -0.181032 0.037107
v 0.131411 -0.182713 0.036026
v 0.123135 -0.176866 0.039366
v 0.122750 -0.178020 0.037621
v 0.113311 -0.174858 0.039703
v 0.122237 -0.179775 0.036539
v 0.113089 -0.176052 0.037957
v 0.103266 -0.175154 0.038111
v 0.103322 -0.173941 0.039857
v 0.112793 -0.177856 0.036874
v 0.103193 -0.176980 0.037027
v 0.109461 -0.178150 0.036767
v 0.112666 -0.178666 0.036676
v 0.118016 -0.179528 0.036524
v 0.123603 -0.183863 0.035759
v 0.122014 -0.180587 0.036337
v 0.126215 -0.181699 0.036141
v 0.131089 -0.183514 0.035821
v 0.126024 -0.184852 0.035585
v 0.133049 -0.187230 0.047865
v 0.126042 -0.184840 0.047865
v 0.139975 -0.190553 0.034580
v 0.134082 -0.184629 0.035624
v 0.139783 -0.187408 0.035134
v 0.141636 -0.188311 0.034975
v 0.147989 -0.192226 0.034285
v 0.142120 -0.192013 0.034322
v 0.149018 -0.192861 0.034173
v 0.144020 -0.192871 0.047865
v 0.142193 -0.191932 0.047865
v 0.154595 -0.200504 0.032825
v 0.155605 -0.197910 0.033283
v 0.156375 -0.202364 0.032497
v 0.156420 -0.202331 0.047865
v 0.154053 -0.200049 0.047865
v 0.156088 -0.198280 0.033217
v 0.153924 -0.200203 0.048615
v 0.143915 -0.193042 0.048615
v 0.162375 -0.209112 0.049164
v 0.153573 -0.200625 0.049164
v 0.162784 -0.208745 0.048615
v 0.162934 -0.208611 0.047865
v 0.143629 -0.193511 0.049164
v 0.153093 -0.201202 0.049365
v 0.161816 -0.209612 0.049365
v 0.132755 -0.187920 0.049164
v 0.132970 -0.187415 0.048615
v 0.121322 -0.183442 0.048615
v 0.109220 -0.181206 0.048615
v 0.121184 -0.183973 0.049164
v 0.121373 -0.183247 0.047865
v 0.109242 -0.181006 0.047865
v 0.108791 -0.181194 0.036230
v 0.108832 -0.180991 0.047865
v 0.106197 -0.180727 0.036312
v 0.096922 -0.180757 0.048615
v 0.096914 -0.180556 0.047865
v 0.091192 -0.181185 0.047865
v 0.091175 -0.181199 0.036229
v 0.092470 -0.177960 0.036800
v 0.093610 -0.177916 0.036808
v 0.084047 -0.179115 0.036597
v 0.083993 -0.178389 0.036781
v 0.083623 -0.176599 0.037864
v 0.074043 -0.178923 0.037467
v 0.093553 -0.177159 0.036996
v 0.093404 -0.175337 0.038079
v 0.100969 -0.177637 0.036857
v 0.103160 -0.177769 0.036834
v 0.093292 -0.174128 0.039826
v 0.083345 -0.175416 0.039610
v 0.083241 -0.175227 0.041494
v 0.073604 -0.177788 0.039211
v 0.079832 -0.175750 0.041407
v 0.073496 -0.177748 0.041074
v 0.081081 -0.175477 0.070288
v 0.072632 -0.177885 0.070288
v 0.072676 -0.178006 0.041031
v 0.068872 -0.178957 0.070288
v 0.065330 -0.180322 0.040645
v 0.063972 -0.181016 0.040529
v 0.064191 -0.181212 0.038636
v 0.055219 -0.185644 0.037892
v 0.064781 -0.182280 0.036894
v 0.055671 -0.185252 0.039823
v 0.057263 -0.184094 0.070288
v 0.055613 -0.185118 0.070288
v 0.054993 -0.185598 0.039765
v 0.046477 -0.190787 0.070288
v 0.051767 -0.187245 0.039491
v 0.046602 -0.191079 0.038852
v 0.046796 -0.191026 0.036988
v 0.055949 -0.186626 0.036152
v 0.047653 -0.191905 0.035251
v 0.053073 -0.187217 0.073465
v 0.046941 -0.191432 0.073763
v 0.053143 -0.187353 0.073755
v 0.052199 -0.190617 0.076549
v 0.048243 -0.193236 0.076549
v 0.057890 -0.196670 0.073465
v 0.053333 -0.187728 0.074550
v 0.054148 -0.189327 0.076549
v 0.057890 -0.196670 0.082488
v 0.060141 -0.199170 0.073465
v 0.058341 -0.197425 0.083059
v 0.059030 -0.198126 0.083657
v 0.059879 -0.198991 0.084396
v 0.063341 -0.200210 0.073465
v 0.066632 -0.199510 0.073465
v 0.069133 -0.197259 0.073465
v 0.057570 -0.184675 0.073465
v 0.064656 -0.181315 0.073465
v 0.069473 -0.190768 0.073465
v 0.070172 -0.194059 0.073465
v 0.070022 -0.192527 0.083660
v 0.070123 -0.192851 0.083876
v 0.070177 -0.193478 0.084246
v 0.070104 -0.194051 0.084545
v 0.069911 -0.195572 0.085339
v 0.069720 -0.196123 0.085590
v 0.077904 -0.189746 0.083663
v 0.075130 -0.180306 0.076549
v 0.088839 -0.187368 0.083663
v 0.081705 -0.178431 0.076549
v 0.069900 -0.181797 0.076549
v 0.069473 -0.190768 0.082488
v 0.065731 -0.183425 0.076549
v 0.065323 -0.182623 0.075715
v 0.064737 -0.181473 0.073737
v 0.069142 -0.179704 0.073764
v 0.081245 -0.176254 0.073764
v 0.087438 -0.177630 0.076549
v 0.093708 -0.174512 0.073764
v 0.090755 -0.174125 0.070288
v 0.093624 -0.173722 0.054806
v 0.092954 -0.173771 0.054051
v 0.094021 -0.173696 0.055026
v 0.093653 -0.173720 0.070288
v 0.095500 -0.173610 0.055465
v 0.094506 -0.173665 0.055295
v 0.092500 -0.173807 0.052465
v 0.090750 -0.174076 0.041686
v 0.092916 -0.173774 0.053959
v 0.092572 -0.173801 0.053118
v 0.092902 -0.173499 0.053965
v 0.092500 -0.173499 0.052465
v 0.095500 -0.173499 0.055465
v 0.094000 -0.173499 0.055063
v 0.092500 -0.173499 0.043465
v 0.092500 -0.173807 0.043465
v 0.092902 -0.173499 0.041965
v 0.095500 -0.173499 0.040465
v 0.092669 -0.173794 0.042474
v 0.092500 -0.173807 0.041731
v 0.092774 -0.173785 0.041735
v 0.092925 -0.173774 0.041976
v 0.093047 -0.173764 0.041738
v 0.093240 -0.173764 0.041543
v 0.093747 -0.173765 0.041031
v 0.094016 -0.173774 0.040898
v 0.094000 -0.173499 0.040867
v 0.095500 -0.173782 0.040465
v 0.094638 -0.173794 0.040591
v 0.103334 -0.173782 0.040465
v 0.104500 -0.173499 0.040465
v 0.104500 -0.173782 0.040465
v 0.105482 -0.173792 0.040630
v 0.106000 -0.173499 0.040867
v 0.105981 -0.173775 0.040902
v 0.106354 -0.173761 0.041106
v 0.106954 -0.173764 0.041738
v 0.107500 -0.173807 0.041731
v 0.107069 -0.173773 0.041979
v 0.107386 -0.173798 0.042645
v 0.109246 -0.174098 0.041682
v 0.109245 -0.174125 0.070288
v 0.107500 -0.173807 0.043465
v 0.113365 -0.174784 0.041568
v 0.107500 -0.173807 0.052465
v 0.107332 -0.173794 0.053456
v 0.107500 -0.173499 0.052465
v 0.107500 -0.173499 0.043465
v 0.104500 -0.173499 0.055465
v 0.107098 -0.173499 0.053965
v 0.107062 -0.173773 0.053945
v 0.106846 -0.173756 0.054335
v 0.106097 -0.173703 0.055005
v 0.106000 -0.173499 0.055063
v 0.105994 -0.173696 0.055047
v 0.105165 -0.173645 0.055390
v 0.106348 -0.173720 0.070288
v 0.104500 -0.173610 0.055465
v 0.100000 -0.173499 0.055465
v 0.106293 -0.174512 0.073764
v 0.118756 -0.176254 0.073764
v 0.106138 -0.176732 0.076549
v 0.100000 -0.176732 0.076549
v 0.118920 -0.175477 0.070288
v 0.122453 -0.176297 0.041316
v 0.127368 -0.177885 0.070288
v 0.130858 -0.179704 0.073764
v 0.123292 -0.176585 0.041268
v 0.131129 -0.178957 0.070288
v 0.132839 -0.179864 0.040721
v 0.127328 -0.177971 0.041037
v 0.135345 -0.181315 0.073465
v 0.135275 -0.181452 0.073755
v 0.142738 -0.184094 0.070288
v 0.144388 -0.185118 0.070288
v 0.142430 -0.184675 0.073465
v 0.142111 -0.196670 0.073465
v 0.134731 -0.200022 0.073465
v 0.153524 -0.190787 0.070288
v 0.146928 -0.187217 0.073465
v 0.146847 -0.187375 0.073737
v 0.153059 -0.191432 0.073764
v 0.151758 -0.193236 0.076549
v 0.147802 -0.190617 0.076549
v 0.159519 -0.195778 0.070288
v 0.162731 -0.199483 0.073764
v 0.171819 -0.208304 0.070288
v 0.161192 -0.201091 0.076549
v 0.163280 -0.198909 0.070288
v 0.157817 -0.198281 0.076549
v 0.166055 -0.201897 0.037049
v 0.162042 -0.197746 0.037741
v 0.165720 -0.201884 0.035166
v 0.159524 -0.195782 0.038068
v 0.158680 -0.195124 0.038178
v 0.169321 -0.205276 0.036485
v 0.166730 -0.207184 0.076549
v 0.146261 -0.188525 0.075715
v 0.145853 -0.189327 0.076549
v 0.142111 -0.196670 0.082488
v 0.141011 -0.198148 0.083660
v 0.140808 -0.198421 0.083876
v 0.140257 -0.198891 0.073465
v 0.137623 -0.200087 0.073465
v 0.133847 -0.199730 0.086565
v 0.132154 -0.198709 0.073465
v 0.132189 -0.198737 0.086485
v 0.132158 -0.198704 0.086476
v 0.130528 -0.190768 0.073465
v 0.134270 -0.183425 0.076549
v 0.130528 -0.190768 0.082488
v 0.135084 -0.181826 0.074550
v 0.130401 -0.196407 0.073465
v 0.129821 -0.193573 0.073465
v 0.130020 -0.192547 0.083657
v 0.130182 -0.191578 0.083059
v 0.129847 -0.193577 0.084294
v 0.122097 -0.189746 0.083663
v 0.129820 -0.193742 0.084396
v 0.130132 -0.195709 0.085403
v 0.130459 -0.196379 0.085679
v 0.130914 -0.197307 0.086061
v 0.130951 -0.197384 0.086093
v 0.111162 -0.187368 0.083663
v 0.124870 -0.180306 0.076549
v 0.130101 -0.181797 0.076549
v 0.109628 -0.198040 0.089610
v 0.118296 -0.178431 0.076549
v 0.112563 -0.177630 0.076549
v 0.100000 -0.197352 0.089610
v 0.090373 -0.198040 0.089610
v 0.100000 -0.186569 0.083663
v 0.093863 -0.176732 0.076549
v 0.107098 -0.173499 0.041965
v 0.042183 -0.198281 0.076549
v 0.038809 -0.201091 0.076549
v 0.109160 -0.181752 0.049164
v 0.096942 -0.181305 0.049164
v 0.084788 -0.182643 0.049164
v 0.182759 -0.226633 0.032925
v 0.181916 -0.224939 0.033208
v 0.175253 -0.242903 0.083663
v 0.184747 -0.240121 0.076549
v 0.185692 -0.242962 0.076549
v 0.177999 -0.246065 0.082488
v 0.187911 -0.244495 0.074550
v 0.186138 -0.244776 0.076549
v 0.177999 -0.246065 0.073465
v 0.188326 -0.244429 0.073755
v 0.175314 -0.247142 0.073465
v 0.175326 -0.247165 0.084294
v 0.173362 -0.249277 0.073465
v 0.176261 -0.246699 0.083657
v 0.177141 -0.246261 0.083059
v 0.172895 -0.250296 0.086093
v 0.172983 -0.254905 0.073465
v 0.173419 -0.249307 0.085679
v 0.172530 -0.252047 0.073465
v 0.173768 -0.248649 0.085403
v 0.175176 -0.247240 0.084396
v 0.164908 -0.245941 0.089610
v 0.172699 -0.254017 0.086565
v 0.172527 -0.252092 0.086485
v 0.172536 -0.252049 0.086476
v 0.153989 -0.249147 0.094314
v 0.166959 -0.255372 0.089610
v 0.173061 -0.254871 0.086429
v 0.172911 -0.254518 0.086485
v 0.155696 -0.256992 0.094314
v 0.156269 -0.264999 0.094314
v 0.142635 -0.252481 0.097717
v 0.143982 -0.258676 0.097717
v 0.131966 -0.260404 0.099776
v 0.144435 -0.264999 0.097717
v 0.132294 -0.264999 0.099776
v 0.155696 -0.273007 0.094314
v 0.143982 -0.271323 0.097717
v 0.131966 -0.269595 0.099776
v 0.153989 -0.280852 0.094314
v 0.161535 -0.293101 0.089610
v 0.164908 -0.284058 0.089610
v 0.175253 -0.287096 0.083663
v 0.168355 -0.295852 0.085730
v 0.168743 -0.295756 0.085528
v 0.167848 -0.295957 0.085946
v 0.166959 -0.274627 0.089610
v 0.160084 -0.297569 0.089256
v 0.169112 -0.300516 0.084497
v 0.160418 -0.302507 0.088261
v 0.161000 -0.308038 0.087669
v 0.159719 -0.297644 0.089411
v 0.161534 -0.307936 0.087481
v 0.165648 -0.306978 0.085639
v 0.159163 -0.297748 0.089601
v 0.169775 -0.306017 0.083793
v 0.165688 -0.318499 0.085727
v 0.165000 -0.318499 0.086029
v 0.164269 -0.318541 0.086346
v 0.161750 -0.319370 0.073465
v 0.162187 -0.319140 0.087216
v 0.161785 -0.319420 0.087377
v 0.151777 -0.309798 0.090932
v 0.160482 -0.320327 0.087897
v 0.159397 -0.321768 0.088314
v 0.159371 -0.321749 0.073465
v 0.165000 -0.331499 0.073465
v 0.158500 -0.324999 0.073465
v 0.159260 -0.321950 0.088367
v 0.158599 -0.323873 0.088615
v 0.148240 -0.310414 0.091860
v 0.148238 -0.348083 0.091855
v 0.158584 -0.325000 0.088620
v 0.158571 -0.325959 0.088625
v 0.159254 -0.328038 0.088369
v 0.159402 -0.328226 0.088312
v 0.159371 -0.328249 0.073465
v 0.161750 -0.330629 0.073465
v 0.160682 -0.329858 0.087818
v 0.161806 -0.330536 0.087366
v 0.153235 -0.351570 0.090474
v 0.162720 -0.331086 0.086998
v 0.165000 -0.331499 0.086029
v 0.154075 -0.352159 0.090182
v 0.160958 -0.346953 0.087710
v 0.165688 -0.331499 0.085727
v 0.165673 -0.335435 0.085694
v 0.162744 -0.347821 0.086498
v 0.159585 -0.351096 0.088242
v 0.159390 -0.351682 0.088317
v 0.161505 -0.351694 0.087148
v 0.160532 -0.355689 0.087296
v 0.161814 -0.355911 0.086410
v 0.164222 -0.348654 0.084740
v 0.163439 -0.348159 0.086027
v 0.162755 -0.347827 0.086491
v 0.163156 -0.352296 0.085345
v 0.162136 -0.355987 0.085796
v 0.160277 -0.355645 0.087472
v 0.159146 -0.361080 0.087925
v 0.158650 -0.355363 0.088596
v 0.159982 -0.361044 0.087455
v 0.159232 -0.370181 0.086861
v 0.160805 -0.361008 0.086992
v 0.161414 -0.360945 0.086168
v 0.161536 -0.369839 0.085068
v 0.162796 -0.360802 0.084295
v 0.163025 -0.369364 0.082578
v 0.162550 -0.378099 0.081517
v 0.161437 -0.378474 0.082752
v 0.161782 -0.360907 0.085668
v 0.161391 -0.378490 0.082804
v 0.162239 -0.356012 0.085600
v 0.163340 -0.356271 0.083502
v 0.162922 -0.360757 0.083707
v 0.162981 -0.360735 0.083432
v 0.163571 -0.358494 0.081144
v 0.163781 -0.356455 0.081100
v 0.163535 -0.356317 0.083128
v 0.163400 -0.356285 0.083386
v 0.163500 -0.368855 0.079910
v 0.163500 -0.360551 0.081021
v 0.163500 -0.360551 0.069465
v 0.164335 -0.355154 0.069465
v 0.163500 -0.364251 0.069465
v 0.164001 -0.355092 0.069465
v 0.164048 -0.355101 0.080972
v 0.165487 -0.349816 0.069465
v 0.164446 -0.353076 0.080782
v 0.165487 -0.349816 0.080270
v 0.164168 -0.352778 0.083091
v 0.165160 -0.349347 0.082540
v 0.165154 -0.349338 0.082583
v 0.165036 -0.349168 0.083404
v 0.172032 -0.331499 0.079915
v 0.172123 -0.331499 0.079646
v 0.164237 -0.348664 0.084716
v 0.170894 -0.331499 0.081973
v 0.169022 -0.331499 0.083873
v 0.170714 -0.331499 0.082298
v 0.168602 -0.331499 0.084264
v 0.167284 -0.331499 0.085005
v 0.172505 -0.331499 0.077226
v 0.166811 -0.346360 0.079737
v 0.166149 -0.348088 0.080006
v 0.166811 -0.346360 0.069465
v 0.166811 -0.346360 0.012499
v 0.172505 -0.331499 0.073465
v 0.165977 -0.348710 0.012043
v 0.165261 -0.351098 0.011580
v 0.166553 -0.345928 0.010613
v 0.164971 -0.350689 0.009712
v 0.166543 -0.345912 0.010541
v 0.185184 -0.297309 0.019186
v 0.185174 -0.297292 0.019114
v 0.164968 -0.350685 0.009695
v 0.164960 -0.350674 0.009642
v 0.163642 -0.356101 0.007778
v 0.163701 -0.356221 0.008086
v 0.164355 -0.355157 0.010468
v 0.164558 -0.354024 0.010861
v 0.163350 -0.359847 0.006528
v 0.163718 -0.356255 0.008175
v 0.164042 -0.356910 0.009860
v 0.163632 -0.360632 0.008165
v 0.163630 -0.360654 0.008155
v 0.163500 -0.364251 0.006099
v 0.163146 -0.363482 0.004756
v 0.163350 -0.367998 0.002244
v 0.163091 -0.363361 0.004545
v 0.163500 -0.368679 0.003229
v 0.163349 -0.370643 0.000465
v 0.163500 -0.385999 0.002965
v 0.163500 -0.370825 0.001839
v 0.163500 -0.373105 0.000465
v 0.163432 -0.371368 0.000465
v 0.154841 -0.361813 0.000465
v 0.133258 -0.352096 0.000465
v 0.135307 -0.349006 0.003070
v 0.161382 -0.365567 0.000465
v 0.162070 -0.366716 0.000465
v 0.156576 -0.359242 0.002485
v 0.162545 -0.367508 0.000465
v 0.154877 -0.361828 0.000465
v 0.163500 -0.379100 0.000465
v 0.162627 -0.367815 0.000465
v 0.163322 -0.370408 0.000465
v 0.162643 -0.367070 0.000950
v 0.162338 -0.362751 0.003480
v 0.162023 -0.362552 0.003132
v 0.162336 -0.359067 0.005016
v 0.161673 -0.362331 0.002746
v 0.161100 -0.362189 0.002498
v 0.162205 -0.355266 0.006050
v 0.162584 -0.355486 0.006506
v 0.161205 -0.354975 0.005654
v 0.163877 -0.350086 0.007982
v 0.163909 -0.350098 0.008003
v 0.165532 -0.345233 0.008891
v 0.163999 -0.344464 0.007858
v 0.162336 -0.349486 0.006964
v 0.160892 -0.354883 0.005530
v 0.162222 -0.349452 0.006946
v 0.162162 -0.349434 0.006936
v 0.160058 -0.354641 0.005200
v 0.162142 -0.343703 0.007575
v 0.163886 -0.344418 0.007841
v 0.160438 -0.348914 0.006656
v 0.139782 -0.341977 0.007167
v 0.142046 -0.338296 0.008528
v 0.142236 -0.338159 0.008553
v 0.160209 -0.349986 0.006448
v 0.159556 -0.354550 0.005154
v 0.137435 -0.345795 0.005756
v 0.137407 -0.345839 0.005739
v 0.137399 -0.345783 0.005691
v 0.137854 -0.345081 0.006161
v 0.138429 -0.344155 0.006551
v 0.136445 -0.342419 0.007442
v 0.134813 -0.345405 0.005855
v 0.133152 -0.348158 0.003856
v 0.136624 -0.346979 0.004889
v 0.135454 -0.341673 0.007933
v 0.131612 -0.343313 0.007644
v 0.131076 -0.343543 0.007603
v 0.126042 -0.345159 0.047865
v 0.129839 -0.346080 0.005890
v 0.130160 -0.343934 0.007534
v 0.127192 -0.344927 0.007359
v 0.126090 -0.345296 0.007294
v 0.128346 -0.348684 0.003584
v 0.123793 -0.346065 0.007158
v 0.121373 -0.346752 0.047865
v 0.123449 -0.346181 0.007138
v 0.121822 -0.346568 0.007070
v 0.119823 -0.347045 0.006986
v 0.121322 -0.346557 0.048615
v 0.109220 -0.348793 0.048615
v 0.109242 -0.348992 0.047865
v 0.108832 -0.349007 0.047865
v 0.108828 -0.348959 0.006648
v 0.110298 -0.348869 0.006664
v 0.115685 -0.348031 0.006812
v 0.115598 -0.348344 0.006373
v 0.119159 -0.348721 0.005212
v 0.117684 -0.351879 0.000465
v 0.122242 -0.349318 0.003779
v 0.114943 -0.350714 0.003055
v 0.107680 -0.350738 0.004214
v 0.114883 -0.350931 0.002751
v 0.114432 -0.352153 0.000465
v 0.109663 -0.352519 0.000465
v 0.112118 -0.354199 0.000465
v 0.107274 -0.352593 0.000465
v 0.100001 -0.352820 0.000465
v 0.100001 -0.352054 0.002202
v 0.100000 -0.350647 0.004598
v 0.092729 -0.352593 0.000465
v 0.095219 -0.352746 0.000465
v 0.087655 -0.354199 0.000465
v 0.082295 -0.351897 0.000465
v 0.112118 -0.354599 0.000358
v 0.087655 -0.354599 0.000358
v 0.085569 -0.352153 0.000465
v 0.082284 -0.354671 0.000465
v 0.077077 -0.356073 0.000465
v 0.079086 -0.351646 0.000465
v 0.082353 -0.355065 0.000358
v 0.082404 -0.355353 0.000065
v 0.077214 -0.356448 0.000358
v 0.087655 -0.354892 0.000065
v 0.112118 -0.354892 0.000065
v 0.112118 -0.354999 -0.000335
v 0.087655 -0.354999 -0.000335
v 0.087655 -0.354999 -0.011806
v 0.087201 -0.355003 -0.011676
v 0.088039 -0.354999 -0.012048
v 0.082423 -0.355459 -0.000335
v 0.084114 -0.355246 -0.012524
v 0.085120 -0.355107 -0.012052
v 0.079842 -0.356154 -0.000335
v 0.077315 -0.356723 0.000065
v 0.077352 -0.356824 -0.000335
v 0.079833 -0.356121 -0.014722
v 0.080198 -0.356022 -0.014519
v 0.081965 -0.355544 -0.013536
v 0.083944 -0.355280 -0.014466
v 0.084638 -0.355221 -0.014026
v 0.086960 -0.355019 -0.041254
v 0.084130 -0.355350 -0.040955
v 0.088039 -0.354999 -0.041358
v 0.087059 -0.355015 -0.012492
v 0.087083 -0.355365 -0.044701
v 0.093368 -0.354999 -0.042497
v 0.092727 -0.355436 -0.046635
v 0.093821 -0.354999 -0.042594
v 0.111962 -0.354999 -0.012048
v 0.106014 -0.354999 -0.042617
v 0.106631 -0.354999 -0.042487
v 0.099886 -0.354999 -0.043035
v 0.112118 -0.354999 -0.011946
v 0.115281 -0.355183 -0.013917
v 0.111962 -0.354999 -0.041358
v 0.115363 -0.355199 -0.013978
v 0.115875 -0.355336 -0.040956
v 0.107274 -0.355436 -0.046635
v 0.112918 -0.355365 -0.044701
v 0.113105 -0.355436 -0.045356
v 0.116663 -0.355543 -0.043533
v 0.120255 -0.356244 -0.042201
v 0.117682 -0.356582 -0.047139
v 0.117088 -0.355440 -0.040832
v 0.118979 -0.355893 -0.016653
v 0.119697 -0.356131 -0.040524
v 0.122130 -0.356775 -0.040236
v 0.122860 -0.357085 -0.019251
v 0.119724 -0.356036 -0.017204
v 0.119918 -0.356074 -0.017348
v 0.123482 -0.357299 -0.019654
v 0.126373 -0.358687 -0.020863
v 0.124262 -0.357567 -0.017988
v 0.123324 -0.357221 -0.017483
v 0.127118 -0.359018 -0.000335
v 0.122379 -0.356808 -0.000335
v 0.120681 -0.356247 -0.016060
v 0.119872 -0.356073 -0.015560
v 0.119853 -0.356132 -0.000335
v 0.115679 -0.355230 -0.013055
v 0.122416 -0.356708 0.000065
v 0.116157 -0.355272 -0.013266
v 0.117346 -0.355349 0.000065
v 0.117328 -0.355455 -0.000335
v 0.119460 -0.355984 -0.015306
v 0.113314 -0.355023 -0.012009
v 0.112261 -0.355000 -0.011895
v 0.117397 -0.355061 0.000358
v 0.117467 -0.354667 0.000465
v 0.122516 -0.356433 0.000358
v 0.127371 -0.358582 0.000386
v 0.122653 -0.356057 0.000465
v 0.127246 -0.358797 0.000214
v 0.127318 -0.358672 0.000358
v 0.163500 -0.379683 0.000285
v 0.163500 -0.379446 0.000404
v 0.163500 -0.385999 0.000465
v 0.163500 -0.379428 0.000413
v 0.127518 -0.358326 0.000465
v 0.130993 -0.351495 0.000465
v 0.130856 -0.351487 0.000465
v 0.127574 -0.351289 0.000465
v 0.126532 -0.351328 0.000465
v 0.127525 -0.351286 0.000465
v 0.132064 -0.351696 0.000465
v 0.133218 -0.352077 0.000465
v 0.133226 -0.352065 0.000477
v 0.131503 -0.350607 0.001488
v 0.134879 -0.349634 0.002859
v 0.135188 -0.349180 0.003304
v 0.135432 -0.348820 0.003656
v 0.126829 -0.350921 0.000978
v 0.121905 -0.351522 0.000465
v 0.120859 -0.351611 0.000465
v 0.163455 -0.385999 -0.001922
v 0.163727 -0.387074 -0.001933
v 0.163309 -0.379913 -0.004185
v 0.163498 -0.379944 -0.000031
v 0.163499 -0.379866 0.000112
v 0.163500 -0.379743 0.000228
v 0.163802 -0.387310 0.000465
v 0.163495 -0.380021 -0.000335
v 0.163498 -0.379981 -0.000098
v 0.127159 -0.358948 -0.000032
v 0.127172 -0.358926 0.000065
v 0.163785 -0.387303 -0.001935
v 0.163816 -0.387425 -0.001936
v 0.163792 -0.387289 0.002965
v 0.163832 -0.387344 0.000465
v 0.164397 -0.388063 -0.001958
v 0.164733 -0.388403 0.002965
v 0.163836 -0.387341 0.002965
v 0.164742 -0.388395 0.000465
v 0.164777 -0.388479 -0.001972
v 0.164818 -0.388483 0.000465
v 0.166000 -0.388957 0.000465
v 0.164777 -0.388455 0.002965
v 0.164793 -0.388497 -0.001973
v 0.165389 -0.388728 -0.001995
v 0.166000 -0.388965 -0.002018
v 0.166000 -0.389202 -0.003490
v 0.165235 -0.389002 -0.003495
v 0.165045 -0.389639 -0.004879
v 0.166000 -0.389206 -0.003517
v 0.164207 -0.388338 -0.003625
v 0.163348 -0.388146 -0.005713
v 0.164019 -0.389031 -0.005183
v 0.163535 -0.387339 -0.003883
v 0.163316 -0.386421 -0.004370
v 0.163327 -0.386389 -0.004186
v 0.163328 -0.386386 -0.004166
v 0.163275 -0.379894 -0.004875
v 0.163218 -0.380505 -0.005521
v 0.163146 -0.387434 -0.006181
v 0.162844 -0.379645 -0.007441
v 0.162769 -0.383342 -0.009144
v 0.161973 -0.381643 -0.011886
v 0.163108 -0.387658 -0.006580
v 0.162535 -0.384034 -0.010390
v 0.161980 -0.385677 -0.013348
v 0.162955 -0.389034 -0.007802
v 0.163140 -0.389480 -0.007267
v 0.162893 -0.389591 -0.008298
v 0.160991 -0.387073 -0.017119
v 0.162793 -0.390947 -0.008984
v 0.162774 -0.391761 -0.009222
v 0.160555 -0.390947 -0.018515
v 0.163054 -0.391207 -0.008394
v 0.163098 -0.392863 -0.008559
v 0.163172 -0.391325 -0.008125
v 0.163342 -0.391494 -0.007741
v 0.163686 -0.391627 -0.007471
v 0.163811 -0.390171 -0.006500
v 0.163780 -0.392995 -0.007694
v 0.163832 -0.391683 -0.007356
v 0.164342 -0.391880 -0.006956
v 0.164838 -0.390660 -0.006029
v 0.164549 -0.394257 -0.007393
v 0.164687 -0.391931 -0.006884
v 0.164957 -0.394182 -0.007289
v 0.164065 -0.394347 -0.007813
v 0.165529 -0.396309 -0.007283
v 0.164727 -0.396563 -0.007641
v 0.165212 -0.396409 -0.007424
v 0.166000 -0.399024 -0.007352
v 0.166000 -0.398908 -0.007332
v 0.166000 -0.396160 -0.007072
v 0.166000 -0.399326 0.008349
v 0.166000 -0.397023 0.008097
v 0.165089 -0.394068 0.008369
v 0.166000 -0.394024 0.008011
v 0.166000 -0.394280 -0.007035
v 0.166000 -0.388957 0.002965
v 0.166000 -0.393387 0.007969
v 0.165083 -0.393339 0.008363
v 0.164777 -0.391632 0.007979
v 0.166000 -0.391847 0.007524
v 0.164787 -0.393323 0.008490
v 0.164689 -0.393318 0.008532
v 0.164899 -0.394077 0.008443
v 0.164308 -0.394105 0.009073
v 0.165331 -0.399910 0.009056
v 0.166000 -0.399926 0.008432
v 0.166000 -0.399698 0.008389
v 0.166000 -0.400153 -0.007547
v 0.164613 -0.396599 -0.007786
v 0.164042 -0.394351 -0.007833
v 0.166000 -0.400153 0.008476
v 0.164265 -0.393257 0.009030
v 0.164295 -0.394106 0.009086
v 0.163840 -0.393196 0.009528
v 0.163792 -0.391135 0.009033
v 0.163738 -0.393146 0.009942
v 0.163500 -0.390584 0.010199
v 0.163792 -0.388994 0.007434
v 0.163815 -0.393184 0.009631
v 0.163792 -0.387647 0.005127
v 0.163500 -0.388032 0.008293
v 0.164777 -0.389864 0.006657
v 0.166000 -0.390238 0.006323
v 0.164777 -0.388751 0.004751
v 0.166000 -0.389226 0.004589
v 0.163500 -0.386426 0.005542
v 0.163500 -0.393028 0.010906
v 0.165946 -0.393999 -0.007035
v 0.166000 -0.393999 -0.007035
v 0.166000 -0.389879 -0.004822
v 0.164983 -0.394177 -0.007282
v 0.164756 -0.391942 -0.006869
v 0.165743 -0.392307 -0.006740
v 0.165760 -0.392092 -0.006657
v 0.166000 -0.392069 -0.006647
v 0.165763 -0.392071 -0.006643
v 0.165934 -0.390904 -0.005862
v 0.166000 -0.390454 -0.005561
v 0.166000 -0.389972 -0.005001
v 0.159786 -0.387972 -0.020786
v 0.160574 -0.387495 -0.018517
v 0.160781 -0.387369 -0.017919
v 0.160445 -0.384184 -0.018034
v 0.159365 -0.385035 -0.021316
v 0.157414 -0.382770 -0.024467
v 0.158692 -0.379806 -0.018541
v 0.156353 -0.375897 -0.017224
v 0.160429 -0.378474 -0.013098
v 0.159302 -0.377600 -0.014367
v 0.156781 -0.376144 -0.016919
v 0.156436 -0.380060 -0.023953
v 0.155152 -0.377558 -0.023146
v 0.156045 -0.375919 -0.017929
v 0.153615 -0.375354 -0.022083
v 0.153916 -0.374490 -0.018966
v 0.155696 -0.375518 -0.017693
v 0.151251 -0.372952 -0.020263
v 0.150475 -0.372504 -0.020640
v 0.150165 -0.372324 -0.020747
v 0.151102 -0.374117 -0.025471
v 0.150559 -0.373537 -0.024971
v 0.151529 -0.374574 -0.025865
v 0.149842 -0.373407 -0.026196
v 0.151443 -0.375172 -0.027875
v 0.145871 -0.371076 -0.032769
v 0.147161 -0.373454 -0.035122
v 0.151577 -0.375551 -0.028101
v 0.152612 -0.376402 -0.027068
v 0.153166 -0.377338 -0.027685
v 0.153918 -0.377108 -0.025303
v 0.153310 -0.377752 -0.027897
v 0.155155 -0.379749 -0.026474
v 0.153749 -0.379013 -0.028546
v 0.154294 -0.380580 -0.029351
v 0.156023 -0.382627 -0.027392
v 0.154629 -0.382915 -0.030268
v 0.154476 -0.381851 -0.029850
v 0.153516 -0.381421 -0.031516
v 0.153519 -0.381002 -0.031363
v 0.147984 -0.376215 -0.037257
v 0.152623 -0.378487 -0.029858
v 0.152295 -0.377566 -0.029307
v 0.142120 -0.373691 -0.043748
v 0.134952 -0.373714 -0.051294
v 0.141737 -0.370989 -0.041422
v 0.135412 -0.370827 -0.049314
v 0.135471 -0.368176 -0.046900
v 0.127371 -0.369828 -0.055298
v 0.127847 -0.367805 -0.053663
v 0.128101 -0.366724 -0.052790
v 0.128475 -0.365135 -0.051505
v 0.122672 -0.364668 -0.055367
v 0.122470 -0.368158 -0.057433
v 0.119243 -0.360983 -0.053825
v 0.122532 -0.361559 -0.052629
v 0.116795 -0.365456 -0.058257
v 0.115851 -0.360857 -0.054955
v 0.116516 -0.364097 -0.057281
v 0.109321 -0.365456 -0.059896
v 0.117019 -0.367662 -0.059040
v 0.100000 -0.365456 -0.060612
v 0.100000 -0.360857 -0.057177
v 0.109625 -0.370841 -0.061859
v 0.108797 -0.360857 -0.056502
v 0.115829 -0.360798 -0.054879
v 0.114917 -0.358321 -0.051689
v 0.108096 -0.357423 -0.051957
v 0.100000 -0.357423 -0.052578
v 0.100000 -0.355436 -0.047193
v 0.091905 -0.357423 -0.051957
v 0.084172 -0.360798 -0.054879
v 0.091204 -0.360857 -0.056502
v 0.086071 -0.356543 -0.048240
v 0.085415 -0.357423 -0.050534
v 0.085084 -0.358321 -0.051689
v 0.080758 -0.360983 -0.053825
v 0.081436 -0.358408 -0.050649
v 0.077951 -0.359044 -0.049372
v 0.082319 -0.356582 -0.047139
v 0.077469 -0.361559 -0.052629
v 0.071549 -0.365308 -0.051687
v 0.071552 -0.365115 -0.051416
v 0.074342 -0.362499 -0.051326
v 0.077329 -0.364668 -0.055367
v 0.083485 -0.364097 -0.057281
v 0.077531 -0.368158 -0.057433
v 0.083206 -0.365456 -0.058257
v 0.071884 -0.366711 -0.052809
v 0.072143 -0.367796 -0.053676
v 0.064589 -0.370827 -0.049314
v 0.065049 -0.373714 -0.051294
v 0.072628 -0.369827 -0.055300
v 0.072705 -0.370150 -0.055558
v 0.072865 -0.370540 -0.055713
v 0.073937 -0.373156 -0.056749
v 0.065862 -0.376689 -0.052779
v 0.074081 -0.373508 -0.056888
v 0.078032 -0.371789 -0.058760
v 0.082645 -0.371342 -0.060218
v 0.082660 -0.370841 -0.060167
v 0.078773 -0.375365 -0.059373
v 0.078496 -0.375441 -0.059266
v 0.082539 -0.374999 -0.060587
v 0.079049 -0.375289 -0.059479
v 0.085446 -0.390947 -0.061345
v 0.092729 -0.390947 -0.062434
v 0.085394 -0.393964 -0.061568
v 0.078548 -0.390947 -0.059104
v 0.095817 -0.393964 -0.063127
v 0.095832 -0.390947 -0.062898
v 0.106354 -0.393964 -0.062947
v 0.106331 -0.390947 -0.062719
v 0.107286 -0.390947 -0.062542
v 0.107288 -0.374999 -0.062476
v 0.100000 -0.374999 -0.063035
v 0.092713 -0.374999 -0.062476
v 0.100000 -0.370841 -0.062598
v 0.090376 -0.370841 -0.061859
v 0.090679 -0.365456 -0.059896
v 0.082982 -0.367662 -0.059040
v 0.090310 -0.374999 -0.062291
v 0.109691 -0.374999 -0.062291
v 0.116658 -0.390947 -0.060811
v 0.117462 -0.374999 -0.060587
v 0.117356 -0.371342 -0.060218
v 0.117341 -0.370841 -0.060167
v 0.121969 -0.371789 -0.058760
v 0.121232 -0.375367 -0.059370
v 0.125920 -0.373508 -0.056888
v 0.121538 -0.375397 -0.059271
v 0.127136 -0.370540 -0.055713
v 0.126064 -0.373156 -0.056749
v 0.121510 -0.375394 -0.059280
v 0.121436 -0.390947 -0.059077
v 0.126529 -0.390947 -0.057228
v 0.116718 -0.393964 -0.061032
v 0.124760 -0.376339 -0.058009
v 0.131202 -0.378887 -0.054841
v 0.133006 -0.379600 -0.053685
v 0.134531 -0.380203 -0.052707
v 0.127295 -0.370151 -0.055559
v 0.067242 -0.379502 -0.053933
v 0.075241 -0.376339 -0.058009
v 0.073285 -0.377112 -0.057142
v 0.075370 -0.393964 -0.058312
v 0.075459 -0.390947 -0.058101
v 0.066964 -0.379612 -0.053743
v 0.066020 -0.393964 -0.053449
v 0.066142 -0.390947 -0.053256
v 0.065455 -0.390947 -0.052739
v 0.065466 -0.380205 -0.052718
v 0.058440 -0.379667 -0.047209
v 0.061172 -0.381903 -0.049781
v 0.059338 -0.382628 -0.048187
v 0.055667 -0.384080 -0.044997
v 0.057752 -0.390947 -0.046941
v 0.057599 -0.393964 -0.047112
v 0.054326 -0.390947 -0.043337
v 0.054232 -0.384648 -0.043428
v 0.052476 -0.385342 -0.041509
v 0.051841 -0.382320 -0.040527
v 0.051690 -0.379221 -0.039079
v 0.046513 -0.384629 -0.032685
v 0.046495 -0.382548 -0.031927
v 0.057951 -0.376634 -0.045698
v 0.050774 -0.386016 -0.039648
v 0.046539 -0.387690 -0.033801
v 0.050517 -0.390947 -0.039330
v 0.045427 -0.390947 -0.031803
v 0.050338 -0.393964 -0.039473
v 0.044435 -0.393964 -0.030743
v 0.044635 -0.390947 -0.030631
v 0.040052 -0.393964 -0.021159
v 0.039566 -0.390947 -0.018481
v 0.040267 -0.390947 -0.021081
v 0.037533 -0.390947 -0.010942
v 0.037308 -0.393964 -0.010983
v 0.036868 -0.390947 -0.004167
v 0.036279 -0.393964 -0.000494
v 0.036272 -0.393964 0.000465
v 0.036304 -0.393543 0.000465
v 0.036508 -0.390947 -0.000491
v 0.036500 -0.390947 0.000465
v 0.036506 -0.379999 -0.000335
v 0.072596 -0.359053 -0.000335
v 0.036688 -0.379894 -0.004185
v 0.036502 -0.379928 -0.000030
v 0.036502 -0.379925 -0.000018
v 0.072555 -0.358983 -0.000034
v 0.072542 -0.358960 0.000065
v 0.036501 -0.379771 0.000193
v 0.072468 -0.358833 0.000211
v 0.036501 -0.379725 0.000224
v 0.072395 -0.358707 0.000358
v 0.036501 -0.379477 0.000386
v 0.072345 -0.358621 0.000384
v 0.072194 -0.358361 0.000465
v 0.036500 -0.379077 0.000465
v 0.036501 -0.379429 0.000395
v 0.036500 -0.376060 0.037899
v 0.036500 -0.391374 0.005185
v 0.036500 -0.374348 0.037475
v 0.036500 -0.373225 0.000465
v 0.036500 -0.391268 0.004012
v 0.036323 -0.393820 0.003660
v 0.035573 -0.397158 0.003226
v 0.036300 -0.394640 0.006842
v 0.036500 -0.392026 0.007552
v 0.036500 -0.392752 0.010187
v 0.036262 -0.395927 0.009865
v 0.035515 -0.397972 0.005933
v 0.035490 -0.398323 0.007103
v 0.034860 -0.400543 0.007554
v 0.035475 -0.398535 0.007489
v 0.035434 -0.399125 0.008569
v 0.035334 -0.400543 0.011160
v 0.036207 -0.397604 0.012694
v 0.035518 -0.401047 0.012974
v 0.036296 -0.398357 0.014965
v 0.035536 -0.401095 0.013147
v 0.035705 -0.401798 0.014557
v 0.036377 -0.399501 0.017149
v 0.035819 -0.402274 0.015513
v 0.036432 -0.401230 0.018921
v 0.036500 -0.396650 0.017408
v 0.036500 -0.398114 0.018759
v 0.036500 -0.398946 0.019528
v 0.036500 -0.394302 0.030776
v 0.036500 -0.400629 0.020358
v 0.036500 -0.389717 0.035243
v 0.036500 -0.393739 0.031241
v 0.036500 -0.395519 0.029773
v 0.036500 -0.399342 0.026618
v 0.036500 -0.378311 0.039292
v 0.036500 -0.376485 0.038004
v 0.036239 -0.377376 0.040088
v 0.036500 -0.379553 0.041194
v 0.036239 -0.378479 0.041812
v 0.036500 -0.379593 0.041395
v 0.036500 -0.379999 0.043465
v 0.036239 -0.378775 0.043465
v 0.035813 -0.378191 0.045683
v 0.036367 -0.379376 0.045683
v 0.036500 -0.379999 0.045683
v 0.035500 -0.377531 0.042162
v 0.036208 -0.378732 0.045683
v 0.035500 -0.377763 0.043465
v 0.036239 -0.378775 0.045683
v 0.036634 -0.379035 0.052152
v 0.036413 -0.378410 0.052178
v 0.036284 -0.378278 0.052192
v 0.036530 -0.378061 0.053744
v 0.037027 -0.379144 0.054088
v 0.036603 -0.377737 0.054498
v 0.037014 -0.379283 0.053848
v 0.036607 -0.377291 0.055180
v 0.037122 -0.378119 0.055864
v 0.037672 -0.380348 0.056447
v 0.037472 -0.378570 0.057924
v 0.038007 -0.380319 0.058891
v 0.037892 -0.380920 0.056595
v 0.037996 -0.381191 0.056665
v 0.037814 -0.395356 0.040273
v 0.038062 -0.396007 0.040844
v 0.036845 -0.379635 0.052129
v 0.037448 -0.394399 0.039433
v 0.039359 -0.384744 0.057581
v 0.039452 -0.384985 0.057643
v 0.036633 -0.397079 0.031580
v 0.036854 -0.392431 0.037691
v 0.036935 -0.393058 0.038257
v 0.036795 -0.391982 0.037286
v 0.036825 -0.379656 0.051763
v 0.039427 -0.383524 0.060641
v 0.038580 -0.396795 0.041513
v 0.039522 -0.398227 0.042729
v 0.038343 -0.381420 0.059500
v 0.037036 -0.377146 0.057137
v 0.036784 -0.375755 0.058044
v 0.036661 -0.375383 0.057518
v 0.036898 -0.376936 0.056839
v 0.036764 -0.375574 0.058083
v 0.036500 -0.371999 0.069465
v 0.036564 -0.373785 0.058465
v 0.036397 -0.373797 0.057704
v 0.036283 -0.373805 0.057197
v 0.036223 -0.374483 0.056907
v 0.036500 -0.371999 0.058465
v 0.036500 -0.364999 0.058465
v 0.036237 -0.364999 0.057237
v 0.036228 -0.371999 0.057242
v 0.036217 -0.371999 0.057193
v 0.035500 -0.371999 0.056229
v 0.036099 -0.373818 0.056956
v 0.035596 -0.373854 0.056296
v 0.035500 -0.374417 0.056064
v 0.035705 -0.374428 0.056260
v 0.035500 -0.373861 0.056171
v 0.035500 -0.364999 0.039701
v 0.035500 -0.377160 0.053495
v 0.035500 -0.364999 0.056229
v 0.035500 -0.364530 0.056199
v 0.035500 -0.377763 0.045683
v 0.035500 -0.376845 0.054040
v 0.035500 -0.374938 0.055825
v 0.035500 -0.374604 0.056029
v 0.036239 -0.364999 0.038689
v 0.035500 -0.377477 0.052281
v 0.035503 -0.375927 0.055224
v 0.036239 -0.364404 0.038727
v 0.035500 -0.376540 0.054568
v 0.035500 -0.364530 0.039730
v 0.035500 -0.363161 0.055782
v 0.035500 -0.373999 0.039701
v 0.035500 -0.377250 0.053340
v 0.035749 -0.377731 0.052253
v 0.036008 -0.377518 0.053590
v 0.035944 -0.377931 0.052231
v 0.035500 -0.375302 0.039933
v 0.036239 -0.373999 0.038689
v 0.036239 -0.375652 0.038985
v 0.036500 -0.373999 0.037465
v 0.036500 -0.364999 0.037465
v 0.036274 -0.364384 0.038566
v 0.036500 -0.364251 0.006099
v 0.036500 -0.364251 0.037511
v 0.036372 -0.360676 0.008143
v 0.036452 -0.362118 0.038157
v 0.035959 -0.356910 0.009859
v 0.036371 -0.360654 0.008155
v 0.035966 -0.356702 0.009283
v 0.036333 -0.356258 0.008202
v 0.036655 -0.359890 0.006506
v 0.034788 -0.350915 0.010621
v 0.035646 -0.355157 0.010467
v 0.036450 -0.361997 0.038194
v 0.036335 -0.360190 0.039571
v 0.036233 -0.359090 0.041309
v 0.036233 -0.359083 0.041343
v 0.036187 -0.358664 0.043465
v 0.035666 -0.355154 0.069465
v 0.035443 -0.354024 0.010861
v 0.034739 -0.351098 0.011580
v 0.034024 -0.348710 0.012043
v 0.033448 -0.345928 0.010613
v 0.014559 -0.297741 0.021072
v 0.014817 -0.297309 0.019186
v 0.033190 -0.346360 0.012499
v 0.035139 -0.350669 0.009766
v 0.033458 -0.345912 0.010540
v 0.035145 -0.350664 0.009749
v 0.036662 -0.355859 0.007232
v 0.035654 -0.350306 0.008507
v 0.036164 -0.350094 0.008093
v 0.034450 -0.345243 0.008904
v 0.037272 -0.355570 0.006679
v 0.037669 -0.359109 0.004994
v 0.037429 -0.355496 0.006538
v 0.038335 -0.355065 0.005717
v 0.036194 -0.350082 0.008068
v 0.034469 -0.345233 0.008891
v 0.037431 -0.349567 0.007063
v 0.036002 -0.344464 0.007858
v 0.037790 -0.349457 0.006994
v 0.038760 -0.354961 0.005603
v 0.039087 -0.354881 0.005516
v 0.039587 -0.362017 0.002199
v 0.040444 -0.354550 0.005154
v 0.037850 -0.349439 0.006983
v 0.039563 -0.348914 0.006656
v 0.040352 -0.353615 0.005472
v 0.060239 -0.342060 0.007436
v 0.062582 -0.345808 0.005681
v 0.062555 -0.345767 0.005708
v 0.062119 -0.345091 0.006161
v 0.059618 -0.341059 0.007858
v 0.057954 -0.338296 0.008528
v 0.057996 -0.338320 0.008524
v 0.060289 -0.342098 0.007462
v 0.060553 -0.342533 0.007339
v 0.062877 -0.340836 0.008080
v 0.061566 -0.344140 0.006525
v 0.064537 -0.341692 0.007930
v 0.063556 -0.342419 0.007442
v 0.061363 -0.340149 0.047865
v 0.072717 -0.344973 0.047865
v 0.057855 -0.338007 0.047865
v 0.061455 -0.339970 0.048615
v 0.072782 -0.344783 0.048615
v 0.050950 -0.333559 0.048615
v 0.051270 -0.333112 0.049164
v 0.061706 -0.339482 0.049164
v 0.072959 -0.344264 0.049164
v 0.062049 -0.338815 0.049365
v 0.051706 -0.332502 0.049365
v 0.054464 -0.320771 0.049365
v 0.046108 -0.312744 0.049365
v 0.042392 -0.324751 0.049365
v 0.034306 -0.315727 0.049365
v 0.041872 -0.325291 0.049164
v 0.041491 -0.325686 0.048615
v 0.033713 -0.316185 0.049164
v 0.033278 -0.316521 0.048615
v 0.026966 -0.305988 0.049164
v 0.027620 -0.305621 0.049365
v 0.039147 -0.303481 0.049365
v 0.033762 -0.293221 0.049365
v 0.022477 -0.294649 0.049365
v 0.018986 -0.283046 0.049365
v 0.021777 -0.294917 0.049164
v 0.030093 -0.282230 0.049365
v 0.030650 -0.282093 0.049251
v 0.028806 -0.270747 0.049251
v 0.028234 -0.270793 0.049365
v 0.017222 -0.271058 0.049365
v 0.028234 -0.259206 0.049365
v 0.028806 -0.259252 0.049251
v 0.029291 -0.259291 0.048925
v 0.031122 -0.248022 0.048925
v 0.030650 -0.247906 0.049251
v 0.030093 -0.247769 0.049365
v 0.034738 -0.237194 0.048925
v 0.034290 -0.237003 0.049251
v 0.033762 -0.236778 0.049365
v 0.039632 -0.226825 0.049251
v 0.040043 -0.227085 0.048925
v 0.040318 -0.227259 0.048439
v 0.046902 -0.217958 0.048925
v 0.047145 -0.218174 0.048439
v 0.045041 -0.221163 0.047865
v 0.047230 -0.218249 0.047865
v 0.055413 -0.210390 0.047865
v 0.055341 -0.210301 0.048439
v 0.064693 -0.203846 0.048439
v 0.055135 -0.210049 0.048926
v 0.064750 -0.203945 0.047865
v 0.056079 -0.209930 0.047865
v 0.056044 -0.209880 0.046365
v 0.069412 -0.201481 0.046365
v 0.044881 -0.221043 0.046365
v 0.069629 -0.201932 0.045865
v 0.056356 -0.210271 0.045865
v 0.045272 -0.221355 0.045865
v 0.036933 -0.234628 0.045865
v 0.084424 -0.196755 0.045865
v 0.036482 -0.234411 0.046365
v 0.040415 -0.227320 0.047865
v 0.036647 -0.234497 0.047865
v 0.031549 -0.248128 0.047865
v 0.035142 -0.237366 0.047865
v 0.031268 -0.249312 0.046365
v 0.029729 -0.259326 0.047865
v 0.031354 -0.249326 0.047865
v 0.031755 -0.249423 0.045865
v 0.029500 -0.264999 0.046365
v 0.029729 -0.264999 0.047865
v 0.030000 -0.264999 0.045865
v 0.029729 -0.270672 0.047865
v 0.031268 -0.280687 0.046365
v 0.031755 -0.280576 0.045865
v 0.031354 -0.280673 0.047865
v 0.036482 -0.295588 0.046365
v 0.035142 -0.292633 0.047865
v 0.031549 -0.281871 0.047865
v 0.035037 -0.292678 0.048439
v 0.031438 -0.281898 0.048439
v 0.034738 -0.292805 0.048925
v 0.029615 -0.270681 0.048439
v 0.031122 -0.281976 0.048925
v 0.029291 -0.270708 0.048925
v 0.034290 -0.292996 0.049251
v 0.039632 -0.303174 0.049251
v 0.046537 -0.312364 0.049251
v 0.040043 -0.302914 0.048925
v 0.046902 -0.312041 0.048925
v 0.040318 -0.302740 0.048439
v 0.045041 -0.308836 0.047865
v 0.047145 -0.311825 0.048439
v 0.036647 -0.295501 0.047865
v 0.040415 -0.302679 0.047865
v 0.044881 -0.308955 0.046365
v 0.056044 -0.320118 0.046365
v 0.055413 -0.319609 0.047865
v 0.047230 -0.311749 0.047865
v 0.045272 -0.308644 0.045865
v 0.036933 -0.295371 0.045865
v 0.056356 -0.319728 0.045865
v 0.069629 -0.328067 0.045865
v 0.069412 -0.328518 0.046365
v 0.064750 -0.326054 0.047865
v 0.069509 -0.328312 0.047865
v 0.075001 -0.330918 0.047865
v 0.084313 -0.333732 0.046365
v 0.084344 -0.333624 0.047865
v 0.100000 -0.335499 0.046365
v 0.097162 -0.335442 0.047865
v 0.085899 -0.334075 0.047865
v 0.084424 -0.333244 0.045865
v 0.100000 -0.334999 0.045865
v 0.115688 -0.333732 0.046365
v 0.108498 -0.334985 0.047865
v 0.115646 -0.333526 0.047865
v 0.130223 -0.328693 0.047865
v 0.119615 -0.332716 0.047865
v 0.130272 -0.328796 0.048439
v 0.119646 -0.332826 0.048439
v 0.119737 -0.333138 0.048925
v 0.108512 -0.335099 0.048439
v 0.130411 -0.329090 0.048925
v 0.130620 -0.329529 0.049251
v 0.140575 -0.323782 0.049251
v 0.140298 -0.323381 0.048925
v 0.140901 -0.324254 0.049365
v 0.153093 -0.328797 0.049365
v 0.143238 -0.335848 0.049365
v 0.130866 -0.330048 0.049365
v 0.132462 -0.341388 0.049365
v 0.120032 -0.334157 0.049365
v 0.119872 -0.333605 0.049251
v 0.108551 -0.335421 0.048925
v 0.108610 -0.335905 0.049251
v 0.097144 -0.335881 0.048925
v 0.097124 -0.336367 0.049251
v 0.108679 -0.336474 0.049365
v 0.120994 -0.345300 0.049365
v 0.109078 -0.347501 0.049365
v 0.097101 -0.336941 0.049365
v 0.096969 -0.347944 0.049365
v 0.085599 -0.335544 0.049365
v 0.085713 -0.334982 0.049251
v 0.085811 -0.334505 0.048925
v 0.074845 -0.331329 0.048925
v 0.074672 -0.331784 0.049251
v 0.074469 -0.332320 0.049365
v 0.064531 -0.326435 0.048925
v 0.064287 -0.326856 0.049251
v 0.064000 -0.327353 0.049365
v 0.055135 -0.319949 0.048925
v 0.054827 -0.320326 0.049251
v 0.055341 -0.319697 0.048439
v 0.064693 -0.326153 0.048439
v 0.056079 -0.320069 0.047865
v 0.074960 -0.331025 0.048439
v 0.085876 -0.334186 0.048439
v 0.097157 -0.335556 0.048439
v 0.099993 -0.335328 0.047865
v 0.073201 -0.343554 0.049365
v 0.084788 -0.347356 0.049164
v 0.084925 -0.346619 0.049365
v 0.096942 -0.348693 0.049164
v 0.096922 -0.349242 0.048615
v 0.109160 -0.348247 0.049164
v 0.121183 -0.346026 0.049164
v 0.132970 -0.342584 0.048615
v 0.132755 -0.342078 0.049164
v 0.143915 -0.336956 0.048615
v 0.143629 -0.336488 0.049164
v 0.153573 -0.329374 0.049164
v 0.153924 -0.329796 0.048615
v 0.154053 -0.329950 0.047865
v 0.156419 -0.327668 0.047865
v 0.162784 -0.321254 0.048615
v 0.170306 -0.311513 0.048615
v 0.168212 -0.314552 0.047865
v 0.162934 -0.321388 0.047865
v 0.162375 -0.320887 0.049164
v 0.168248 -0.314824 0.012667
v 0.168345 -0.314657 0.012697
v 0.177124 -0.299526 0.015365
v 0.170473 -0.311624 0.047865
v 0.180773 -0.295083 0.016148
v 0.182517 -0.295798 0.016414
v 0.177178 -0.299363 0.015393
v 0.183065 -0.288182 0.017365
v 0.184823 -0.288735 0.017610
v 0.182622 -0.282716 0.018329
v 0.183246 -0.287637 0.017461
v 0.184777 -0.281121 0.018610
v 0.186519 -0.281515 0.018857
v 0.184998 -0.280182 0.018776
v 0.187601 -0.274188 0.020124
v 0.188275 -0.282055 0.019925
v 0.190567 -0.275018 0.022912
v 0.186528 -0.289417 0.018678
v 0.187613 -0.290035 0.020400
v 0.189407 -0.282586 0.021646
v 0.189396 -0.274581 0.021191
v 0.190962 -0.270120 0.023733
v 0.188045 -0.267499 0.021288
v 0.189540 -0.267499 0.022102
v 0.189814 -0.267499 0.022441
v 0.188080 -0.267499 0.021294
v 0.184463 -0.267499 0.039965
v 0.184467 -0.267359 0.040792
v 0.182438 -0.282520 0.047865
v 0.191500 -0.267499 0.039965
v 0.191157 -0.267499 0.024201
v 0.191500 -0.267499 0.024603
v 0.186435 -0.267499 0.021012
v 0.182640 -0.282566 0.018355
v 0.190921 -0.267499 0.023807
v 0.184463 -0.267499 0.021012
v 0.185888 -0.273946 0.019875
v 0.186097 -0.272480 0.020134
v 0.190945 -0.269565 0.023681
v 0.191187 -0.269559 0.024123
v 0.191181 -0.271899 0.024319
v 0.191500 -0.270630 0.024573
v 0.191500 -0.271595 0.024876
v 0.191500 -0.269552 0.024519
v 0.191500 -0.272245 0.025081
v 0.191500 -0.273010 0.025816
v 0.191313 -0.273328 0.025579
v 0.191138 -0.274186 0.026875
v 0.191236 -0.273457 0.025483
v 0.191500 -0.273364 0.027138
v 0.191500 -0.273719 0.028465
v 0.191122 -0.274405 0.028465
v 0.191500 -0.273719 0.042465
v 0.191122 -0.274405 0.042465
v 0.191500 -0.273425 0.044193
v 0.191500 -0.273421 0.044218
v 0.191121 -0.274125 0.044496
v 0.191085 -0.274554 0.042465
v 0.191254 -0.272950 0.046158
v 0.191415 -0.271269 0.047200
v 0.191500 -0.272560 0.045775
v 0.191500 -0.271227 0.046965
v 0.191500 -0.267164 0.041215
v 0.191500 -0.270136 0.047384
v 0.184478 -0.266952 0.041526
v 0.184473 -0.267134 0.041198
v 0.191500 -0.271184 0.046981
v 0.183600 -0.277303 0.047865
v 0.184490 -0.266325 0.042085
v 0.191490 -0.269361 0.047720
v 0.191500 -0.269361 0.047682
v 0.191260 -0.271566 0.047929
v 0.191352 -0.270215 0.048399
v 0.191238 -0.271928 0.050466
v 0.189000 -0.271928 0.050465
v 0.191481 -0.269361 0.047758
v 0.191500 -0.269268 0.047699
v 0.191500 -0.268999 0.047537
v 0.191111 -0.274449 0.028465
v 0.190934 -0.275166 0.028465
v 0.190951 -0.275009 0.027087
v 0.190833 -0.275377 0.024800
v 0.190970 -0.274829 0.026672
v 0.191046 -0.274107 0.025012
v 0.191189 -0.273537 0.025424
v 0.191064 -0.273853 0.024789
v 0.191024 -0.272108 0.023940
v 0.191023 -0.272061 0.023917
v 0.180918 -0.289344 0.047865
v 0.177098 -0.299331 0.047865
v 0.176511 -0.300866 0.047865
v 0.189561 -0.282955 0.023537
v 0.189033 -0.286106 0.023012
v 0.187313 -0.292362 0.070288
v 0.187858 -0.290440 0.022289
v 0.187503 -0.291748 0.022071
v 0.185716 -0.296943 0.021205
v 0.185719 -0.296944 0.070548
v 0.185442 -0.297741 0.070593
v 0.185442 -0.297741 0.021072
v 0.182175 -0.306266 0.072085
v 0.177487 -0.318499 0.073465
v 0.182266 -0.306030 0.072032
v 0.185229 -0.297523 0.071714
v 0.181859 -0.305702 0.074031
v 0.177469 -0.318499 0.075249
v 0.181842 -0.305672 0.074134
v 0.177487 -0.318499 0.074723
v 0.165000 -0.318499 0.073465
v 0.174529 -0.318499 0.081025
v 0.176829 -0.318499 0.077897
v 0.177065 -0.318499 0.076920
v 0.175106 -0.318499 0.080516
v 0.174779 -0.318499 0.080846
v 0.176093 -0.318499 0.079114
v 0.176596 -0.318499 0.078398
v 0.172607 -0.318499 0.082400
v 0.178787 -0.303403 0.078965
v 0.178191 -0.303579 0.079288
v 0.170495 -0.305850 0.083471
v 0.177410 -0.298115 0.080137
v 0.180644 -0.299631 0.077950
v 0.176900 -0.293747 0.081261
v 0.182216 -0.296411 0.077246
v 0.177002 -0.293716 0.081197
v 0.184432 -0.291459 0.076549
v 0.184803 -0.289905 0.076549
v 0.182504 -0.295822 0.077117
v 0.183508 -0.293657 0.076765
v 0.184746 -0.297030 0.074251
v 0.184742 -0.297026 0.074273
v 0.183738 -0.296486 0.075549
v 0.186555 -0.292125 0.073764
v 0.186613 -0.292143 0.073497
v 0.181313 -0.304990 0.076244
v 0.180924 -0.304679 0.076952
v 0.180196 -0.304245 0.077638
v 0.179958 -0.304102 0.077862
v 0.181419 -0.305073 0.076053
v 0.184827 -0.297112 0.073828
v 0.181577 -0.305199 0.075766
v 0.187281 -0.279519 0.076549
v 0.187467 -0.277581 0.076549
v 0.172410 -0.294853 0.083610
v 0.184182 -0.296624 0.017477
v 0.182630 -0.295845 0.016431
v 0.165551 -0.345243 0.008904
v 0.156525 -0.327780 0.010383
v 0.156382 -0.327938 0.010355
v 0.144020 -0.337128 0.047865
v 0.142193 -0.338067 0.047865
v 0.133049 -0.342769 0.047865
v 0.142005 -0.338320 0.008524
v 0.140357 -0.341052 0.007858
v 0.137172 -0.340844 0.008079
v 0.136176 -0.341364 0.007987
v 0.139718 -0.342081 0.007425
v 0.091192 -0.348813 0.047865
v 0.096914 -0.349443 0.047865
v 0.084689 -0.347896 0.048615
v 0.084652 -0.348094 0.047865
v 0.073909 -0.345285 0.047865
v 0.081905 -0.347539 0.006899
v 0.084316 -0.348031 0.006812
v 0.080212 -0.347083 0.006979
v 0.078229 -0.346549 0.007073
v 0.077759 -0.349318 0.003779
v 0.076570 -0.346906 0.006400
v 0.080842 -0.348721 0.005212
v 0.076163 -0.345993 0.007171
v 0.074208 -0.345467 0.007264
v 0.071655 -0.348684 0.003584
v 0.073890 -0.345360 0.007283
v 0.072734 -0.344972 0.007351
v 0.072040 -0.344739 0.007392
v 0.070162 -0.346080 0.005890
v 0.068928 -0.343480 0.007614
v 0.068498 -0.350607 0.001488
v 0.066849 -0.348158 0.003856
v 0.065385 -0.350042 0.002591
v 0.065188 -0.345405 0.005855
v 0.064807 -0.349164 0.003270
v 0.066775 -0.352065 0.000477
v 0.065133 -0.349659 0.002887
v 0.064763 -0.349171 0.003326
v 0.066743 -0.352096 0.000465
v 0.066770 -0.352083 0.000465
v 0.066702 -0.352114 0.000465
v 0.045124 -0.361828 0.000465
v 0.043023 -0.362783 0.000465
v 0.040485 -0.359553 0.003059
v 0.043412 -0.359209 0.002427
v 0.064535 -0.348834 0.003656
v 0.063385 -0.347004 0.004941
v 0.063058 -0.346507 0.005325
v 0.062605 -0.345789 0.005689
v 0.040484 -0.359508 0.003078
v 0.042323 -0.357543 0.003676
v 0.040322 -0.361836 0.001882
v 0.040207 -0.363052 0.001193
v 0.038899 -0.362187 0.002495
v 0.039356 -0.364749 0.000465
v 0.040098 -0.364242 0.000465
v 0.038628 -0.365594 0.000465
v 0.038348 -0.362322 0.002731
v 0.038205 -0.366087 0.000465
v 0.037667 -0.362753 0.003483
v 0.037363 -0.367098 0.000931
v 0.037891 -0.366753 0.000465
v 0.037982 -0.362554 0.003135
v 0.037384 -0.367831 0.000465
v 0.036653 -0.368025 0.002233
v 0.037198 -0.368225 0.000465
v 0.036760 -0.369968 0.000465
v 0.036703 -0.370680 0.000465
v 0.036500 -0.368752 0.003300
v 0.036850 -0.363481 0.004754
v 0.036500 -0.365918 0.005097
v 0.036905 -0.363361 0.004544
v 0.036986 -0.363183 0.004234
v 0.066783 -0.352077 0.000465
v 0.069052 -0.351489 0.000465
v 0.069137 -0.351479 0.000465
v 0.069585 -0.351423 0.000465
v 0.072293 -0.351365 0.000465
v 0.073172 -0.350921 0.000978
v 0.073484 -0.351339 0.000465
v 0.074403 -0.351319 0.000465
v 0.075486 -0.351364 0.000465
v 0.068418 -0.343274 0.007651
v 0.064647 -0.341748 0.007920
v 0.084402 -0.348345 0.006373
v 0.085057 -0.350716 0.003057
v 0.091185 -0.348898 0.006659
v 0.092321 -0.350738 0.004214
v 0.092036 -0.349006 0.006640
v 0.094550 -0.349323 0.006584
v 0.100000 -0.349499 0.006553
v 0.107966 -0.349012 0.006639
v 0.085111 -0.350911 0.002785
v 0.130573 -0.328490 0.047865
v 0.140049 -0.323020 0.047865
v 0.029615 -0.259317 0.048439
v 0.031438 -0.248100 0.048439
v 0.035037 -0.237321 0.048439
v 0.084313 -0.196267 0.046365
v 0.100000 -0.194499 0.046365
v 0.084344 -0.196375 0.047865
v 0.085899 -0.195924 0.047865
v 0.075001 -0.199081 0.047865
v 0.074960 -0.198974 0.048439
v 0.069509 -0.201687 0.047865
v 0.074845 -0.198670 0.048926
v 0.085876 -0.195812 0.048439
v 0.064531 -0.203564 0.048926
v 0.054827 -0.209673 0.049251
v 0.064287 -0.203143 0.049251
v 0.054464 -0.209228 0.049365
v 0.064000 -0.202646 0.049365
v 0.074672 -0.198215 0.049251
v 0.085811 -0.195494 0.048926
v 0.097157 -0.194443 0.048439
v 0.097144 -0.194118 0.048926
v 0.108512 -0.194900 0.048439
v 0.115646 -0.196473 0.047865
v 0.119646 -0.197173 0.048439
v 0.108498 -0.195013 0.047865
v 0.099994 -0.194671 0.047865
v 0.097162 -0.194557 0.047865
v 0.115688 -0.196267 0.046365
v 0.130589 -0.201481 0.046365
v 0.119615 -0.197283 0.047865
v 0.130223 -0.201306 0.047865
v 0.130272 -0.201203 0.048439
v 0.130573 -0.201508 0.047865
v 0.140049 -0.206979 0.047865
v 0.143815 -0.210054 0.047865
v 0.140114 -0.206885 0.048439
v 0.051706 -0.197496 0.049365
v 0.042392 -0.205247 0.049365
v 0.041872 -0.204708 0.049164
v 0.033278 -0.213478 0.048615
v 0.041491 -0.204312 0.048615
v 0.033713 -0.213814 0.049164
v 0.026488 -0.223742 0.048615
v 0.026966 -0.224011 0.049164
v 0.034306 -0.214272 0.049365
v 0.027620 -0.224378 0.049365
v 0.046108 -0.217255 0.049365
v 0.046537 -0.217635 0.049251
v 0.039147 -0.226518 0.049365
v 0.022477 -0.235349 0.049365
v 0.018986 -0.246953 0.049365
v 0.021777 -0.235081 0.049164
v 0.018254 -0.246790 0.049164
v 0.016474 -0.258886 0.049164
v 0.017718 -0.246670 0.048615
v 0.015926 -0.258846 0.048615
v 0.015726 -0.264999 0.047865
v 0.015926 -0.271153 0.048615
v 0.015726 -0.258831 0.047865
v 0.015748 -0.265017 0.021449
v 0.016812 -0.250172 0.024067
v 0.017402 -0.247439 0.047865
v 0.017522 -0.246627 0.047865
v 0.017584 -0.247499 0.024538
v 0.021720 -0.233181 0.027063
v 0.015489 -0.245690 0.024857
v 0.014971 -0.248739 0.024320
v 0.013476 -0.248513 0.024571
v 0.014141 -0.253621 0.023459
v 0.012197 -0.258011 0.022925
v 0.013775 -0.257240 0.022821
v 0.013740 -0.257701 0.022740
v 0.013735 -0.257763 0.022728
v 0.013728 -0.257867 0.022710
v 0.013684 -0.258501 0.022598
v 0.013518 -0.265842 0.021304
v 0.011958 -0.267598 0.021264
v 0.013633 -0.267487 0.021014
v 0.010139 -0.267857 0.022331
v 0.012764 -0.277166 0.019609
v 0.010983 -0.277619 0.020676
v 0.009827 -0.278095 0.022397
v 0.012888 -0.287242 0.019046
v 0.011789 -0.287834 0.020768
v 0.010968 -0.286106 0.023011
v 0.011617 -0.288208 0.022661
v 0.014311 -0.296936 0.021206
v 0.014827 -0.297292 0.019113
v 0.015819 -0.296624 0.017477
v 0.017371 -0.295845 0.016431
v 0.014610 -0.286602 0.017978
v 0.017484 -0.295798 0.016414
v 0.036115 -0.344418 0.007841
v 0.037859 -0.343702 0.007575
v 0.033369 -0.316965 0.012290
v 0.043642 -0.327619 0.010411
v 0.045645 -0.329697 0.010045
v 0.024011 -0.301957 0.014936
v 0.031853 -0.314534 0.012718
v 0.019228 -0.295083 0.016148
v 0.017732 -0.290855 0.016894
v 0.017983 -0.285330 0.017868
v 0.023042 -0.299283 0.015407
v 0.021076 -0.295185 0.047865
v 0.022995 -0.299280 0.047865
v 0.026312 -0.306355 0.047865
v 0.026488 -0.306257 0.048615
v 0.021264 -0.295114 0.048615
v 0.017718 -0.283329 0.048615
v 0.018254 -0.283209 0.049164
v 0.016474 -0.271113 0.049164
v 0.017222 -0.258941 0.049365
v 0.017402 -0.282560 0.047865
v 0.017522 -0.283372 0.047865
v 0.017594 -0.282533 0.018361
v 0.014525 -0.276858 0.019362
v 0.015525 -0.282737 0.018325
v 0.015547 -0.267813 0.020956
v 0.015726 -0.271167 0.047865
v 0.014126 -0.274511 0.019776
v 0.016434 -0.286079 0.017736
v 0.031759 -0.314588 0.047865
v 0.033119 -0.316644 0.047865
v 0.041351 -0.325831 0.047865
v 0.043562 -0.327671 0.047865
v 0.050833 -0.333722 0.047865
v 0.057762 -0.338162 0.008552
v 0.012688 -0.292362 0.070288
v 0.014282 -0.296944 0.070548
v 0.014774 -0.297522 0.071713
v 0.014559 -0.297741 0.070593
v 0.014618 -0.297894 0.070611
v 0.017826 -0.306265 0.072085
v 0.018141 -0.305702 0.074031
v 0.022514 -0.318499 0.074723
v 0.022868 -0.318499 0.076974
v 0.018165 -0.305661 0.074173
v 0.018422 -0.305201 0.075762
v 0.015179 -0.297110 0.073827
v 0.013387 -0.292143 0.073497
v 0.015260 -0.297028 0.074250
v 0.018584 -0.305073 0.076052
v 0.018702 -0.304979 0.076265
v 0.022896 -0.318499 0.077156
v 0.015269 -0.297019 0.074297
v 0.016493 -0.293657 0.076765
v 0.016260 -0.296487 0.075551
v 0.017764 -0.296369 0.077237
v 0.019356 -0.299631 0.077950
v 0.017497 -0.295822 0.077117
v 0.019115 -0.304652 0.077007
v 0.019798 -0.304246 0.077644
v 0.024325 -0.318499 0.079852
v 0.020046 -0.304098 0.077876
v 0.025540 -0.318499 0.080985
v 0.021213 -0.303403 0.078965
v 0.027394 -0.318499 0.082399
v 0.021797 -0.303592 0.079304
v 0.026466 -0.318499 0.081848
v 0.035000 -0.318499 0.073465
v 0.022514 -0.318499 0.073465
v 0.035000 -0.318499 0.086029
v 0.037281 -0.318913 0.086998
v 0.038250 -0.319370 0.073465
v 0.040630 -0.321749 0.073465
v 0.035000 -0.331499 0.073465
v 0.022993 -0.318499 0.077441
v 0.023934 -0.318499 0.079145
v 0.034313 -0.318499 0.085727
v 0.027495 -0.331499 0.073465
v 0.033190 -0.346360 0.069465
v 0.027495 -0.331499 0.077226
v 0.033190 -0.346360 0.079737
v 0.027522 -0.331499 0.077865
v 0.027580 -0.331499 0.078371
v 0.027969 -0.331499 0.079625
v 0.028314 -0.331499 0.080737
v 0.034847 -0.349338 0.082583
v 0.034514 -0.349816 0.080270
v 0.035844 -0.352770 0.083133
v 0.034965 -0.349168 0.083404
v 0.035778 -0.348654 0.084740
v 0.028562 -0.331499 0.081212
v 0.029132 -0.331499 0.081946
v 0.030147 -0.331499 0.083253
v 0.036561 -0.348159 0.086027
v 0.030481 -0.331499 0.083559
v 0.037257 -0.347821 0.086498
v 0.030962 -0.331499 0.083871
v 0.034327 -0.335434 0.085694
v 0.039043 -0.346953 0.087710
v 0.032716 -0.331499 0.085005
v 0.034313 -0.331499 0.085727
v 0.035000 -0.331499 0.086029
v 0.038250 -0.330629 0.073465
v 0.035732 -0.331458 0.086345
v 0.045946 -0.352148 0.090093
v 0.037814 -0.330859 0.087216
v 0.038216 -0.330579 0.087377
v 0.051293 -0.348407 0.091834
v 0.039519 -0.329672 0.087897
v 0.040604 -0.328230 0.088314
v 0.040630 -0.328249 0.073465
v 0.041500 -0.324999 0.073465
v 0.040741 -0.328049 0.088367
v 0.041402 -0.326126 0.088615
v 0.041417 -0.324998 0.088620
v 0.051755 -0.310416 0.091876
v 0.041429 -0.324040 0.088625
v 0.040746 -0.321961 0.088369
v 0.049290 -0.309986 0.091255
v 0.040599 -0.321773 0.088312
v 0.039318 -0.320141 0.087818
v 0.048072 -0.309758 0.090837
v 0.038194 -0.319463 0.087366
v 0.039694 -0.308188 0.087965
v 0.039005 -0.308033 0.087667
v 0.039585 -0.302474 0.088266
v 0.048608 -0.304185 0.091383
v 0.041490 -0.297877 0.089864
v 0.057901 -0.305796 0.093819
v 0.046986 -0.298892 0.091631
v 0.048963 -0.299257 0.092267
v 0.051244 -0.299678 0.093000
v 0.052664 -0.295420 0.094314
v 0.056778 -0.300699 0.094280
v 0.066419 -0.294098 0.097717
v 0.062620 -0.289022 0.097717
v 0.058272 -0.300974 0.094626
v 0.058318 -0.300983 0.094636
v 0.061362 -0.301544 0.095340
v 0.067191 -0.302727 0.096237
v 0.067979 -0.302887 0.096359
v 0.075594 -0.286148 0.099776
v 0.048817 -0.288374 0.094314
v 0.072833 -0.282459 0.099776
v 0.059581 -0.283458 0.097717
v 0.070625 -0.278415 0.099776
v 0.057366 -0.277518 0.097717
v 0.046011 -0.280852 0.094314
v 0.035093 -0.284058 0.089609
v 0.038466 -0.293101 0.089609
v 0.027592 -0.294854 0.083609
v 0.024747 -0.287096 0.083663
v 0.031269 -0.295748 0.085509
v 0.030892 -0.300483 0.084502
v 0.032179 -0.295970 0.085979
v 0.032227 -0.295981 0.086003
v 0.039936 -0.297559 0.089216
v 0.040847 -0.297746 0.089596
v 0.031017 -0.306236 0.084207
v 0.030228 -0.306014 0.083794
v 0.023055 -0.304000 0.080036
v 0.022594 -0.298082 0.080144
v 0.023013 -0.293705 0.081181
v 0.023606 -0.293884 0.081550
v 0.015569 -0.291459 0.076549
v 0.015198 -0.289905 0.076549
v 0.013446 -0.292125 0.073763
v 0.010524 -0.279884 0.073763
v 0.009325 -0.267357 0.073763
v 0.009741 -0.280014 0.070288
v 0.009645 -0.279012 0.070288
v 0.012534 -0.277581 0.076549
v 0.012719 -0.279519 0.076549
v 0.008531 -0.267377 0.070288
v 0.008604 -0.269356 0.043465
v 0.008731 -0.271487 0.043044
v 0.008738 -0.271580 0.042983
v 0.008882 -0.273348 0.041824
v 0.009008 -0.274620 0.039993
v 0.009014 -0.274681 0.039739
v 0.009618 -0.279014 0.024194
v 0.009066 -0.275159 0.037758
v 0.009067 -0.275166 0.037465
v 0.008884 -0.274136 0.039501
v 0.008919 -0.274567 0.037465
v 0.008878 -0.274404 0.037465
v 0.008879 -0.274405 0.028465
v 0.008890 -0.274448 0.028465
v 0.009067 -0.275166 0.028465
v 0.008862 -0.274186 0.026875
v 0.008501 -0.273487 0.027113
v 0.008688 -0.273328 0.025579
v 0.009030 -0.274826 0.026656
v 0.008765 -0.273457 0.025483
v 0.008811 -0.273535 0.025425
v 0.009021 -0.274746 0.026228
v 0.008501 -0.273632 0.027510
v 0.008501 -0.273719 0.028465
v 0.008500 -0.273719 0.037465
v 0.008500 -0.273425 0.039192
v 0.008501 -0.256281 0.028284
v 0.008501 -0.256279 0.028465
v 0.008501 -0.256772 0.027147
v 0.008501 -0.256934 0.026906
v 0.008501 -0.257490 0.026467
v 0.008501 -0.257884 0.026156
v 0.008501 -0.258165 0.025934
v 0.008500 -0.273421 0.039218
v 0.008501 -0.259263 0.025491
v 0.008501 -0.259738 0.025299
v 0.008501 -0.260724 0.025140
v 0.008501 -0.265159 0.024776
v 0.008501 -0.266637 0.024655
v 0.008501 -0.270630 0.024573
v 0.008501 -0.269552 0.024519
v 0.008500 -0.256279 0.037465
v 0.008501 -0.271584 0.024873
v 0.008501 -0.256280 0.028406
v 0.009067 -0.254837 0.028224
v 0.008879 -0.255593 0.028465
v 0.008807 -0.255545 0.028253
v 0.008574 -0.256177 0.028280
v 0.009091 -0.255822 0.026819
v 0.008713 -0.256491 0.027058
v 0.009229 -0.257253 0.025708
v 0.009399 -0.256511 0.025737
v 0.009334 -0.256204 0.026063
v 0.008501 -0.256439 0.027640
v 0.009200 -0.255570 0.026739
v 0.010397 -0.248448 0.027360
v 0.011645 -0.248370 0.025639
v 0.009457 -0.256960 0.025499
v 0.009614 -0.258169 0.024856
v 0.010361 -0.258070 0.023992
v 0.013974 -0.238869 0.027253
v 0.015778 -0.239215 0.026185
v 0.017150 -0.239576 0.025935
v 0.019076 -0.230223 0.027747
v 0.020275 -0.230681 0.027504
v 0.017774 -0.237281 0.026340
v 0.020631 -0.229741 0.027669
v 0.023022 -0.230745 0.027492
v 0.024396 -0.222190 0.029001
v 0.023890 -0.223028 0.028853
v 0.030058 -0.217583 0.029813
v 0.026312 -0.223644 0.047865
v 0.022995 -0.230719 0.047865
v 0.021076 -0.234813 0.047865
v 0.021264 -0.234885 0.048615
v 0.031759 -0.215411 0.047865
v 0.033119 -0.213355 0.047865
v 0.031825 -0.215488 0.030183
v 0.028216 -0.215869 0.030116
v 0.033510 -0.208802 0.031362
v 0.029460 -0.214209 0.030408
v 0.028497 -0.213567 0.030644
v 0.023332 -0.221640 0.029239
v 0.021654 -0.220898 0.030310
v 0.017323 -0.229676 0.028816
v 0.016096 -0.229465 0.030541
v 0.020463 -0.220542 0.032036
v 0.020245 -0.220758 0.033904
v 0.017863 -0.224834 0.033225
v 0.017431 -0.225572 0.033102
v 0.025143 -0.212382 0.035301
v 0.025332 -0.212156 0.035338
v 0.015872 -0.229691 0.032415
v 0.012338 -0.239025 0.030859
v 0.012728 -0.238803 0.028976
v 0.012021 -0.239863 0.030720
v 0.011556 -0.242220 0.030327
v 0.009067 -0.254833 0.037465
v 0.010266 -0.248760 0.029237
v 0.009067 -0.254833 0.028465
v 0.009139 -0.255285 0.027043
v 0.008919 -0.255432 0.037465
v 0.009022 -0.255248 0.039675
v 0.008500 -0.256287 0.037746
v 0.008879 -0.255593 0.037465
v 0.008884 -0.255862 0.039501
v 0.008751 -0.257040 0.041167
v 0.008500 -0.256682 0.039490
v 0.008500 -0.256613 0.039185
v 0.009017 -0.255289 0.039741
v 0.008901 -0.256443 0.041610
v 0.008753 -0.258209 0.042909
v 0.008740 -0.258417 0.042963
v 0.008590 -0.258726 0.042211
v 0.008500 -0.259914 0.042424
v 0.008500 -0.258990 0.042094
v 0.008500 -0.257625 0.040995
v 0.008500 -0.258831 0.041966
v 0.008500 -0.257464 0.040738
v 0.008500 -0.260637 0.042682
v 0.008579 -0.260641 0.043072
v 0.008604 -0.260642 0.043465
v 0.008500 -0.264999 0.043465
v 0.008619 -0.260342 0.043457
v 0.008611 -0.260511 0.043461
v 0.008829 -0.260520 0.070288
v 0.008500 -0.269361 0.042682
v 0.008500 -0.269579 0.042639
v 0.008500 -0.270086 0.042431
v 0.008500 -0.271184 0.041982
v 0.008590 -0.271273 0.042211
v 0.008500 -0.271227 0.041965
v 0.008751 -0.272958 0.041167
v 0.008500 -0.272560 0.040775
v 0.035353 -0.206804 0.031714
v 0.041351 -0.204168 0.047865
v 0.009564 -0.260903 0.024215
v 0.009643 -0.258400 0.024734
v 0.009630 -0.258825 0.024646
v 0.009543 -0.260900 0.024239
v 0.009085 -0.260823 0.024744
v 0.008684 -0.257736 0.026050
v 0.009112 -0.259070 0.025109
v 0.008749 -0.265187 0.024526
v 0.009406 -0.262317 0.024127
v 0.009266 -0.265231 0.023948
v 0.008812 -0.269559 0.024126
v 0.009125 -0.268154 0.023767
v 0.009056 -0.269565 0.023681
v 0.008821 -0.271888 0.024312
v 0.009053 -0.270101 0.023664
v 0.009045 -0.270323 0.023698
v 0.008973 -0.272095 0.023974
v 0.008961 -0.272415 0.024024
v 0.008955 -0.274107 0.025011
v 0.009544 -0.278470 0.024284
v 0.008501 -0.273010 0.025816
v 0.008501 -0.272245 0.025081
v 0.008681 -0.269556 0.024292
v 0.009802 -0.280379 0.023966
v 0.034347 -0.306985 0.085649
v 0.069014 -0.274098 0.099776
v 0.056018 -0.271323 0.097717
v 0.068035 -0.269595 0.099776
v 0.055566 -0.264999 0.097717
v 0.067706 -0.264999 0.099776
v 0.080000 -0.264999 0.100465
v 0.068035 -0.260404 0.099776
v 0.080204 -0.267846 0.100465
v 0.080810 -0.270634 0.100465
v 0.081808 -0.273308 0.100465
v 0.083175 -0.275812 0.100465
v 0.080204 -0.262153 0.100465
v 0.080810 -0.259365 0.100465
v 0.084885 -0.278097 0.100465
v 0.086903 -0.280114 0.100465
v 0.089188 -0.281824 0.100465
v 0.078852 -0.289406 0.099776
v 0.091692 -0.283192 0.100465
v 0.083175 -0.254187 0.100465
v 0.084885 -0.251902 0.100465
v 0.086903 -0.249884 0.100465
v 0.081808 -0.256691 0.100465
v 0.089188 -0.248174 0.100465
v 0.091692 -0.246807 0.100465
v 0.108309 -0.283192 0.100465
v 0.105635 -0.284189 0.100465
v 0.113416 -0.294375 0.099776
v 0.117460 -0.292167 0.099776
v 0.118459 -0.305418 0.097717
v 0.124023 -0.302380 0.097717
v 0.129099 -0.298581 0.097717
v 0.125399 -0.304369 0.097073
v 0.122082 -0.305142 0.097370
v 0.122864 -0.304936 0.097343
v 0.121148 -0.289406 0.099776
v 0.124407 -0.286148 0.099776
v 0.133581 -0.294098 0.097717
v 0.070625 -0.251584 0.099776
v 0.072833 -0.247540 0.099776
v 0.062620 -0.240976 0.097717
v 0.066419 -0.235901 0.097717
v 0.075594 -0.243851 0.099776
v 0.070902 -0.231418 0.097717
v 0.078852 -0.240593 0.099776
v 0.069014 -0.255901 0.099776
v 0.057325 -0.311388 0.093280
v 0.040699 -0.352034 0.088351
v 0.040395 -0.351103 0.088233
v 0.041351 -0.355363 0.088596
v 0.041498 -0.356124 0.088646
v 0.040854 -0.361080 0.087925
v 0.040019 -0.361044 0.087455
v 0.039671 -0.355649 0.087538
v 0.039421 -0.355691 0.087381
v 0.038507 -0.351690 0.087157
v 0.038650 -0.355823 0.086896
v 0.037878 -0.355987 0.085768
v 0.036860 -0.352289 0.085370
v 0.037769 -0.356010 0.085609
v 0.036841 -0.356207 0.084254
v 0.037205 -0.360802 0.084295
v 0.036697 -0.356265 0.083520
v 0.037078 -0.360756 0.083707
v 0.036975 -0.369364 0.082578
v 0.037019 -0.360735 0.083432
v 0.036500 -0.362403 0.080855
v 0.036500 -0.364251 0.080643
v 0.036500 -0.368854 0.079904
v 0.036500 -0.369045 0.079874
v 0.036500 -0.376999 0.077899
v 0.037154 -0.377755 0.080386
v 0.036936 -0.381086 0.077143
v 0.037170 -0.377775 0.080450
v 0.037419 -0.381699 0.079413
v 0.038919 -0.382167 0.081896
v 0.037451 -0.378099 0.081517
v 0.038563 -0.378474 0.082752
v 0.038465 -0.369839 0.085068
v 0.039195 -0.361008 0.086991
v 0.038610 -0.378490 0.082804
v 0.038587 -0.360945 0.086167
v 0.040768 -0.370181 0.086861
v 0.038219 -0.360907 0.085668
v 0.039723 -0.378865 0.084038
v 0.040785 -0.378993 0.084460
v 0.041209 -0.382269 0.083739
v 0.040848 -0.379001 0.084486
v 0.042354 -0.385359 0.082811
v 0.044635 -0.384000 0.084014
v 0.043861 -0.382006 0.084658
v 0.043990 -0.382656 0.084463
v 0.043323 -0.379300 0.085470
v 0.043037 -0.375033 0.086482
v 0.042982 -0.374218 0.086675
v 0.043309 -0.374538 0.086775
v 0.042753 -0.370803 0.087485
v 0.042720 -0.370313 0.087550
v 0.042344 -0.364583 0.088309
v 0.043518 -0.362516 0.088926
v 0.042254 -0.363205 0.088492
v 0.042126 -0.361226 0.088630
v 0.042120 -0.361134 0.088636
v 0.044916 -0.384586 0.083819
v 0.045598 -0.386007 0.083344
v 0.046397 -0.386989 0.082950
v 0.044081 -0.388189 0.081839
v 0.047778 -0.388689 0.082267
v 0.048272 -0.389156 0.082052
v 0.046635 -0.390436 0.081083
v 0.048865 -0.389708 0.081789
v 0.056202 -0.389213 0.082022
v 0.057034 -0.387806 0.082683
v 0.057225 -0.387590 0.082782
v 0.057948 -0.386917 0.073465
v 0.036500 -0.360550 0.081021
v 0.036500 -0.364251 0.069465
v 0.036500 -0.360550 0.069465
v 0.036430 -0.358494 0.081143
v 0.036679 -0.356272 0.083433
v 0.036220 -0.356455 0.081100
v 0.035994 -0.355060 0.069465
v 0.036054 -0.355392 0.081021
v 0.034514 -0.349816 0.069465
v 0.036141 -0.355924 0.081063
v 0.035416 -0.352558 0.080715
v 0.035534 -0.353081 0.080771
v 0.035980 -0.355063 0.080986
v 0.036500 -0.364251 0.058418
v 0.036451 -0.362080 0.057757
v 0.036257 -0.362608 0.056778
v 0.036273 -0.364384 0.057363
v 0.036449 -0.361980 0.057727
v 0.036335 -0.360190 0.056358
v 0.036150 -0.361210 0.055622
v 0.035500 -0.361885 0.054854
v 0.036232 -0.359081 0.054569
v 0.036049 -0.360348 0.054103
v 0.035500 -0.361153 0.053668
v 0.035500 -0.361228 0.053789
v 0.036229 -0.359050 0.054518
v 0.035994 -0.360107 0.052465
v 0.035999 -0.360068 0.052465
v 0.036027 -0.359862 0.052465
v 0.036077 -0.359869 0.043465
v 0.036187 -0.358664 0.052465
v 0.035978 -0.360052 0.043465
v 0.036049 -0.360351 0.041817
v 0.035500 -0.361129 0.042326
v 0.035500 -0.361235 0.042133
v 0.036151 -0.361223 0.040291
v 0.035500 -0.361684 0.041314
v 0.035500 -0.362039 0.040978
v 0.035500 -0.362573 0.040473
v 0.035500 -0.363074 0.055755
v 0.035500 -0.363203 0.040169
v 0.036258 -0.362637 0.039135
v 0.035500 -0.363785 0.039889
v 0.035500 -0.360932 0.043465
v 0.035500 -0.360932 0.052465
v 0.036237 -0.364404 0.057200
v 0.036362 -0.356222 0.008116
v 0.035500 -0.376661 0.040803
v 0.036072 -0.376179 0.055684
v 0.036540 -0.377185 0.055092
v 0.036490 -0.376364 0.056023
v 0.036601 -0.377282 0.055172
v 0.036539 -0.376386 0.056063
v 0.036340 -0.375168 0.056783
v 0.035824 -0.375017 0.056150
v 0.036500 -0.393112 0.010992
v 0.036500 -0.394577 0.014275
v 0.036500 -0.396130 0.016622
v 0.036208 -0.397586 0.012704
v 0.036500 -0.401384 0.020730
v 0.036500 -0.402064 0.020831
v 0.035854 -0.402578 0.015772
v 0.036713 -0.379879 -0.004730
v 0.037318 -0.379528 -0.007961
v 0.037083 -0.382731 -0.008119
v 0.037449 -0.384036 -0.010278
v 0.037448 -0.379453 -0.008330
v 0.037997 -0.381672 -0.011762
v 0.037892 -0.379195 -0.009600
v 0.039450 -0.378291 -0.012551
v 0.039549 -0.378476 -0.013003
v 0.039801 -0.378087 -0.013081
v 0.041269 -0.379846 -0.018470
v 0.039519 -0.378250 -0.012683
v 0.040237 -0.377834 -0.013696
v 0.042740 -0.376381 -0.016396
v 0.043936 -0.375926 -0.017877
v 0.039516 -0.384259 -0.017942
v 0.043531 -0.380104 -0.023921
v 0.044819 -0.377587 -0.023117
v 0.046362 -0.375372 -0.022058
v 0.047621 -0.374812 -0.023918
v 0.046064 -0.377128 -0.025291
v 0.046844 -0.377316 -0.027671
v 0.044826 -0.379777 -0.026461
v 0.048487 -0.374553 -0.025848
v 0.047382 -0.376411 -0.027074
v 0.048425 -0.375552 -0.028101
v 0.048565 -0.375161 -0.027867
v 0.054130 -0.371076 -0.032769
v 0.052840 -0.373454 -0.035122
v 0.050159 -0.373408 -0.026196
v 0.049441 -0.373537 -0.024970
v 0.050264 -0.373293 -0.026086
v 0.048893 -0.374121 -0.025475
v 0.049247 -0.372604 -0.020204
v 0.048992 -0.372752 -0.020099
v 0.049728 -0.372325 -0.020325
v 0.050790 -0.372100 -0.023730
v 0.052615 -0.370797 -0.022249
v 0.050783 -0.371713 -0.020404
v 0.051697 -0.371182 -0.020298
v 0.052395 -0.370777 -0.020211
v 0.052514 -0.370802 -0.021229
v 0.072598 -0.359051 -0.017642
v 0.072455 -0.359135 -0.017660
v 0.053378 -0.370370 -0.023009
v 0.072678 -0.359005 -0.017633
v 0.072955 -0.359067 -0.021016
v 0.056870 -0.368353 -0.027725
v 0.057431 -0.368030 -0.028296
v 0.073039 -0.359018 -0.039592
v 0.071161 -0.360103 -0.038744
v 0.067400 -0.362274 -0.036595
v 0.065794 -0.363201 -0.035678
v 0.062142 -0.365310 -0.032856
v 0.061133 -0.365892 -0.032076
v 0.059998 -0.366548 -0.030917
v 0.073039 -0.359018 -0.021007
v 0.075030 -0.358002 -0.020298
v 0.074355 -0.358391 -0.039769
v 0.074438 -0.358070 -0.017274
v 0.074480 -0.358047 -0.017266
v 0.076326 -0.357275 -0.016487
v 0.075802 -0.357608 -0.020023
v 0.080348 -0.356105 -0.040530
v 0.077061 -0.357139 -0.019259
v 0.079357 -0.356283 -0.017867
v 0.080333 -0.356069 -0.017143
v 0.077710 -0.356696 -0.015904
v 0.082166 -0.355580 -0.040748
v 0.080972 -0.355930 -0.016670
v 0.083337 -0.355543 -0.043533
v 0.079746 -0.356244 -0.042201
v 0.078734 -0.357258 -0.045817
v 0.086896 -0.355436 -0.045356
v 0.075338 -0.358361 -0.044371
v 0.074645 -0.360079 -0.047977
v 0.071625 -0.361151 -0.045839
v 0.071675 -0.361074 -0.045616
v 0.071590 -0.363044 -0.048502
v 0.071617 -0.361579 -0.046443
v 0.064882 -0.365893 -0.044158
v 0.065621 -0.364077 -0.041227
v 0.071573 -0.363978 -0.049817
v 0.059092 -0.368662 -0.038824
v 0.058264 -0.370989 -0.041423
v 0.064530 -0.368176 -0.046900
v 0.057881 -0.373691 -0.043748
v 0.052017 -0.376215 -0.037257
v 0.047707 -0.377567 -0.029307
v 0.046482 -0.381000 -0.031362
v 0.047378 -0.378488 -0.029858
v 0.046246 -0.379029 -0.028552
v 0.045710 -0.380564 -0.029343
v 0.045522 -0.381872 -0.029857
v 0.043960 -0.382664 -0.027379
v 0.042555 -0.382827 -0.024433
v 0.043493 -0.385671 -0.028015
v 0.045187 -0.384203 -0.030774
v 0.045372 -0.382915 -0.030267
v 0.046486 -0.381421 -0.031516
v 0.045214 -0.384836 -0.030952
v 0.045358 -0.388135 -0.031884
v 0.045344 -0.388140 -0.031859
v 0.044331 -0.388449 -0.030084
v 0.043451 -0.388541 -0.028338
v 0.042335 -0.388657 -0.026124
v 0.041922 -0.385650 -0.024640
v 0.041675 -0.388505 -0.024529
v 0.040410 -0.388213 -0.021472
v 0.040172 -0.388031 -0.020736
v 0.040599 -0.385118 -0.021251
v 0.039452 -0.387481 -0.018510
v 0.038975 -0.387116 -0.017033
v 0.038846 -0.387017 -0.016633
v 0.037770 -0.385180 -0.012169
v 0.046692 -0.377753 -0.027896
v 0.060314 -0.366811 -0.036083
v 0.066685 -0.362778 -0.038250
v 0.061849 -0.365487 -0.033331
v 0.055816 -0.369185 -0.030316
v 0.052270 -0.371087 -0.023984
v 0.052198 -0.371166 -0.024059
v 0.072389 -0.359998 -0.042462
v 0.072315 -0.360110 -0.042790
v 0.076346 -0.357384 -0.040744
v 0.076587 -0.357328 -0.040068
v 0.077313 -0.356982 -0.040166
v 0.080303 -0.356118 -0.040525
v 0.046727 -0.374067 -0.019156
v 0.044371 -0.375434 -0.017674
v 0.044099 -0.375592 -0.017502
v 0.043541 -0.375916 -0.017048
v 0.075107 -0.396912 -0.058941
v 0.068655 -0.396912 -0.055585
v 0.082505 -0.396912 -0.061344
v 0.084150 -0.360857 -0.054955
v 0.114586 -0.357423 -0.050534
v 0.113930 -0.356543 -0.048240
v 0.118565 -0.358409 -0.050649
v 0.121267 -0.357259 -0.045817
v 0.122050 -0.359044 -0.049372
v 0.125356 -0.360079 -0.047977
v 0.124663 -0.358361 -0.044371
v 0.125663 -0.358373 -0.039768
v 0.123655 -0.357385 -0.040744
v 0.127618 -0.359988 -0.042465
v 0.127693 -0.360099 -0.042793
v 0.128358 -0.361082 -0.045703
v 0.128373 -0.361593 -0.046435
v 0.134380 -0.364077 -0.041227
v 0.133316 -0.362778 -0.038250
v 0.135119 -0.365893 -0.044158
v 0.139686 -0.366811 -0.036083
v 0.138152 -0.365487 -0.033331
v 0.136996 -0.364811 -0.033645
v 0.140005 -0.366549 -0.030913
v 0.137858 -0.365310 -0.032862
v 0.127046 -0.359067 -0.021016
v 0.127202 -0.359067 -0.018855
v 0.127250 -0.359095 -0.018859
v 0.127056 -0.359050 -0.019928
v 0.126962 -0.359018 -0.021007
v 0.132267 -0.362081 -0.036904
v 0.126962 -0.359018 -0.039592
v 0.142545 -0.368016 -0.028273
v 0.145052 -0.369463 -0.025296
v 0.146623 -0.370370 -0.023009
v 0.141357 -0.367329 -0.029685
v 0.132626 -0.362289 -0.036657
v 0.147386 -0.370797 -0.022249
v 0.148591 -0.371416 -0.021025
v 0.147450 -0.370804 -0.021586
v 0.147756 -0.371105 -0.024007
v 0.149228 -0.372114 -0.023745
v 0.147807 -0.371161 -0.024060
v 0.149737 -0.373291 -0.026086
v 0.144185 -0.369185 -0.030316
v 0.140909 -0.368662 -0.038824
v 0.147521 -0.370798 -0.020923
v 0.126443 -0.358725 -0.039665
v 0.127118 -0.359018 -0.018845
v 0.127170 -0.359048 -0.018851
v 0.128441 -0.363965 -0.049830
v 0.128415 -0.363041 -0.048508
v 0.125659 -0.362499 -0.051326
v 0.123405 -0.357352 -0.040068
v 0.160190 -0.378112 -0.013118
v 0.160502 -0.378292 -0.012678
v 0.160830 -0.378482 -0.012216
v 0.162300 -0.379330 -0.009188
v 0.162524 -0.379460 -0.008467
v 0.158053 -0.385580 -0.024676
v 0.157164 -0.388652 -0.027187
v 0.158314 -0.388493 -0.024556
v 0.159106 -0.388384 -0.022747
v 0.123430 -0.346906 0.006400
v 0.157687 -0.357515 0.003612
v 0.157151 -0.358367 0.003169
v 0.159465 -0.357342 0.004066
v 0.159567 -0.359482 0.003027
v 0.160412 -0.362018 0.002200
v 0.159678 -0.361836 0.001883
v 0.157845 -0.363199 0.000465
v 0.159904 -0.364243 0.000465
v 0.161258 -0.365361 0.000465
v 0.163929 -0.350106 0.008016
v 0.162717 -0.355564 0.006667
v 0.163003 -0.363171 0.004214
v 0.163500 -0.376999 0.077899
v 0.163500 -0.371999 0.069465
v 0.163380 -0.374450 0.055622
v 0.163110 -0.375852 0.056406
v 0.163060 -0.377159 0.055610
v 0.162149 -0.380660 0.056526
v 0.163114 -0.376532 0.055443
v 0.163135 -0.376276 0.055374
v 0.162582 -0.378590 0.057938
v 0.162509 -0.378969 0.058150
v 0.162169 -0.379833 0.058624
v 0.160821 -0.383259 0.060502
v 0.161805 -0.381980 0.056871
v 0.162039 -0.381082 0.056636
v 0.162607 -0.394406 0.039445
v 0.162105 -0.395450 0.040350
v 0.161452 -0.396810 0.041529
v 0.162777 -0.399221 0.034019
v 0.163070 -0.395564 0.035623
v 0.163448 -0.390871 0.036293
v 0.163084 -0.392546 0.037790
v 0.162739 -0.394130 0.039206
v 0.163367 -0.397079 0.031580
v 0.163495 -0.398868 0.027568
v 0.163433 -0.402754 0.026247
v 0.163500 -0.404626 0.022982
v 0.162947 -0.404641 0.028847
v 0.163500 -0.401799 0.024910
v 0.163500 -0.403525 0.021050
v 0.163500 -0.402540 0.020984
v 0.163500 -0.407461 0.021050
v 0.163498 -0.408402 0.020829
v 0.163301 -0.406614 0.025103
v 0.161999 -0.406495 0.031340
v 0.160200 -0.403349 0.038554
v 0.160627 -0.408258 0.033651
v 0.161712 -0.401334 0.036369
v 0.158979 -0.400161 0.044348
v 0.159806 -0.399093 0.043454
v 0.161251 -0.397227 0.041891
v 0.160416 -0.398305 0.042794
v 0.160228 -0.385449 0.057759
v 0.160506 -0.384837 0.057603
v 0.159740 -0.386522 0.058034
v 0.160540 -0.383708 0.060744
v 0.158232 -0.388698 0.058582
v 0.158191 -0.387485 0.061689
v 0.158057 -0.400969 0.044996
v 0.157730 -0.389422 0.058764
v 0.156957 -0.390538 0.059045
v 0.155351 -0.392124 0.059440
v 0.157784 -0.401209 0.045188
v 0.158295 -0.405205 0.040507
v 0.155973 -0.402799 0.046461
v 0.155451 -0.403118 0.046700
v 0.154649 -0.392818 0.059612
v 0.158892 -0.409881 0.035717
v 0.156074 -0.406852 0.042180
v 0.160571 -0.383659 0.060717
v 0.162847 -0.377755 0.080387
v 0.163099 -0.380986 0.077163
v 0.162830 -0.377775 0.080450
v 0.157655 -0.364596 0.088264
v 0.157875 -0.361225 0.088627
v 0.157881 -0.361135 0.088637
v 0.151778 -0.354318 0.090847
v 0.157921 -0.360574 0.088665
v 0.148110 -0.347995 0.091890
v 0.146304 -0.346734 0.092389
v 0.142708 -0.350006 0.093163
v 0.143311 -0.344646 0.093217
v 0.137133 -0.340351 0.094379
v 0.132864 -0.337384 0.095182
v 0.120000 -0.264999 0.100465
v 0.140419 -0.246541 0.097717
v 0.173526 -0.255965 0.086254
v 0.174661 -0.257255 0.085690
v 0.174862 -0.257485 0.085590
v 0.175328 -0.257837 0.085339
v 0.191496 -0.264088 0.062413
v 0.191434 -0.261518 0.061668
v 0.191410 -0.261044 0.061331
v 0.191491 -0.264994 0.062364
v 0.191483 -0.266768 0.062267
v 0.170501 -0.253542 0.049251
v 0.024070 -0.246763 0.083876
v 0.024608 -0.247088 0.084245
v 0.026639 -0.249277 0.073465
v 0.085000 -0.324999 0.096465
v 0.082797 -0.328816 0.096416
v 0.100003 -0.320484 0.096465
v 0.094503 -0.320280 0.096465
v 0.091694 -0.319825 0.096465
v 0.087762 -0.319187 0.096465
v 0.081356 -0.327524 0.096412
v 0.092516 -0.314398 0.096778
v 0.093342 -0.308940 0.097715
v 0.088000 -0.307791 0.097715
v 0.141117 -0.386295 0.083369
v 0.139257 -0.385622 0.083669
v 0.138000 -0.385499 0.073465
v 0.137997 -0.385576 0.083689
v 0.137212 -0.385547 0.083702
v 0.141250 -0.386370 0.073465
v 0.143629 -0.388749 0.073465
v 0.144500 -0.391999 0.073465
v 0.144500 -0.391999 0.080670
v 0.144461 -0.391284 0.081024
v 0.143862 -0.389191 0.082035
v 0.149864 -0.390473 0.081415
v 0.148425 -0.391488 0.080924
v 0.148961 -0.393505 0.079504
v 0.147957 -0.391664 0.080836
v 0.149901 -0.394865 0.077528
v 0.146298 -0.394319 0.079084
v 0.144500 -0.394733 0.078786
v 0.145779 -0.392357 0.080491
v 0.145313 -0.392459 0.080439
v 0.146592 -0.392177 0.080581
v 0.146785 -0.395802 0.077034
v 0.144500 -0.394540 0.078928
v 0.144500 -0.392561 0.080388
v 0.144500 -0.396050 0.076850
v 0.144500 -0.396252 0.076554
v 0.144500 -0.396820 0.074409
v 0.147168 -0.396557 0.074603
v 0.150640 -0.395527 0.075152
v 0.150410 -0.395768 0.073595
v 0.147289 -0.396570 0.073354
v 0.144500 -0.396942 0.073951
v 0.150422 -0.395762 0.073596
v 0.150928 -0.395515 0.073669
v 0.154037 -0.393999 0.074117
v 0.154273 -0.393817 0.074170
v 0.153762 -0.393907 0.075999
v 0.157214 -0.391558 0.074821
v 0.138257 -0.400910 0.060422
v 0.138850 -0.399240 0.062106
v 0.138628 -0.400357 0.060806
v 0.138009 -0.399562 0.061946
v 0.137788 -0.400659 0.060762
v 0.136929 -0.400352 0.061530
v 0.139006 -0.398460 0.063013
v 0.139187 -0.398027 0.063937
v 0.139223 -0.397941 0.064120
v 0.129740 -0.396999 0.069465
v 0.124274 -0.398157 0.066931
v 0.133585 -0.397368 0.066846
v 0.133565 -0.397414 0.066758
v 0.133498 -0.397565 0.066475
v 0.125281 -0.396999 0.069465
v 0.119226 -0.396999 0.069465
v 0.115000 -0.396999 0.069465
v 0.068500 -0.394931 0.078592
v 0.068500 -0.392605 0.080366
v 0.068500 -0.391999 0.080670
v 0.068461 -0.391284 0.081024
v 0.067862 -0.389191 0.082035
v 0.067855 -0.389180 0.082040
v 0.066693 -0.387502 0.082822
v 0.066007 -0.386977 0.083060
v 0.046243 -0.391804 0.065013
v 0.047164 -0.392393 0.065308
v 0.049415 -0.393835 0.066028
v 0.152611 -0.434099 -0.035094
v 0.163321 -0.434013 -0.004925
v 0.163371 -0.433999 -0.004929
v 0.163371 -0.433999 0.005858
v 0.153022 -0.433992 0.036301
v 0.153441 -0.433970 0.035619
v 0.153049 -0.433970 0.036319
v 0.166000 -0.426999 0.000465
v 0.166000 -0.426491 0.002858
v 0.166000 -0.425606 0.005131
v 0.166000 -0.426491 -0.001928
v 0.165622 -0.425340 0.007522
v 0.165538 -0.424570 0.008219
v 0.165423 -0.423517 0.009172
v 0.165329 -0.422001 0.009841
v 0.165272 -0.421093 0.010242
v 0.162020 -0.431999 -0.022109
v 0.163114 -0.403525 -0.018841
v 0.159131 -0.403525 -0.028854
v 0.158581 -0.431999 -0.028956
v 0.155143 -0.431999 -0.035803
v 0.153571 -0.403525 -0.038086
v 0.158957 -0.403525 -0.029142
v 0.153202 -0.400543 -0.037820
v 0.158723 -0.400543 -0.028652
v 0.159129 -0.400543 -0.027630
v 0.162678 -0.400543 -0.018708
v 0.150083 -0.396912 -0.039807
v 0.150928 -0.400543 -0.040489
v 0.150393 -0.403525 -0.041817
v 0.150217 -0.431999 -0.041672
v 0.153049 -0.433970 -0.035390
v 0.166000 -0.418999 0.008921
v 0.166000 -0.423652 -0.006403
v 0.074720 -0.396999 0.069465
v 0.075256 -0.397509 0.068085
v 0.070287 -0.396999 0.069465
v 0.066449 -0.397429 0.066702
v 0.064431 -0.397207 0.067086
v 0.064551 -0.397423 0.066507
v 0.066477 -0.397448 0.066581
v 0.061986 -0.397534 0.066373
v 0.061246 -0.396999 0.068290
v 0.048222 -0.418703 0.041392
v 0.048749 -0.418591 0.042005
v 0.072500 -0.465999 0.048096
v 0.072500 -0.445999 0.048096
v 0.085765 -0.445999 0.053591
v 0.077483 -0.445999 0.059838
v 0.092346 -0.445999 0.063502
v 0.077510 -0.434099 0.059749
v 0.086622 -0.434099 0.062539
v 0.076324 -0.434099 0.059386
v 0.130788 -0.467999 0.029032
v 0.137841 -0.467999 0.018688
v 0.122216 -0.467999 0.019105
v 0.127251 -0.467999 0.010383
v 0.141531 -0.467999 0.006724
v 0.129000 -0.467999 0.000465
v 0.141531 -0.467999 -0.005795
v 0.127251 -0.467999 -0.009454
v 0.142000 -0.467999 0.000465
v 0.122216 -0.467999 -0.018176
v 0.130789 -0.467999 -0.028103
v 0.137841 -0.467999 -0.017758
v 0.130789 -0.465999 -0.028103
v 0.121000 -0.467999 -0.035908
v 0.109346 -0.467999 -0.040482
v 0.114500 -0.467999 -0.024650
v 0.114500 -0.469099 -0.024650
v 0.105036 -0.467999 -0.028095
v 0.105036 -0.469099 -0.028095
v 0.094965 -0.469099 -0.028095
v 0.102195 -0.469099 -0.020420
v 0.110500 -0.469099 -0.017722
v 0.093511 -0.469099 -0.019508
v 0.093511 -0.481099 -0.019508
v 0.085949 -0.481099 -0.015141
v 0.085949 -0.469099 -0.015141
v 0.077785 -0.469099 -0.018176
v 0.072749 -0.469099 -0.009454
v 0.071000 -0.469099 0.000465
v 0.072749 -0.469099 0.010383
v 0.072749 -0.467999 0.010383
v 0.085500 -0.469099 -0.024650
v 0.085500 -0.467999 -0.024650
v 0.073814 -0.467999 -0.032372
v 0.084656 -0.467999 -0.038632
v 0.094965 -0.467999 -0.028095
v 0.096862 -0.467999 -0.041418
v 0.084656 -0.465999 -0.038632
v 0.141531 -0.465999 0.006724
vt 0.611394 0.105601
vt 0.614945 0.104599
vt 0.612587 0.105531
vt 0.608796 0.106516
vt 0.968805 0.230934
vt 0.973458 0.230940
vt 0.973381 0.233747
vt 0.977314 0.721060
vt 0.981964 0.724001
vt 0.977307 0.723999
vt 0.612966 0.104899
vt 0.616159 0.103936
vt 0.981971 0.721062
vt 0.968727 0.233741
vt 0.606902 0.111947
vt 0.614522 0.108992
vt 0.612673 0.110063
vt 0.614246 0.109360
vt 0.610076 0.110978
vt 0.606590 0.110637
vt 0.608223 0.110185
vt 0.604965 0.111118
vt 0.611225 0.109443
vt 0.968700 0.237077
vt 0.973353 0.237083
vt 0.973381 0.240373
vt 0.968727 0.240367
vt 0.603702 0.112803
vt 0.598938 0.113455
vt 0.599883 0.112908
vt 0.602015 0.112081
vt 0.603685 0.106657
vt 0.600736 0.107620
vt 0.598347 0.108130
vt 0.601564 0.107041
vt 0.605311 0.106176
vt 0.605251 0.105926
vt 0.606943 0.105724
vt 0.608965 0.104921
vt 0.609946 0.104982
vt 0.612256 0.104146
vt 0.981971 0.733106
vt 0.977314 0.733104
vt 0.977307 0.730591
vt 0.612174 0.104560
vt 0.614729 0.103695
vt 0.981964 0.730593
vt 0.977305 0.727371
vt 0.613242 0.104530
vt 0.616084 0.103622
vt 0.981962 0.727372
vt 0.765195 0.794312
vt 0.764764 0.790643
vt 0.765191 0.790643
vt 0.764764 0.786734
vt 0.765191 0.786734
vt 0.615967 0.103213
vt 0.620557 0.101755
vt 0.616042 0.103527
vt 0.764768 0.794312
vt 0.614612 0.103286
vt 0.618764 0.101880
vt 0.997338 0.490628
vt 0.996562 0.485783
vt 0.997338 0.485783
vt 0.620999 0.102044
vt 0.996562 0.490627
vt 0.997342 0.495146
vt 0.996566 0.481044
vt 0.620344 0.101011
vt 0.624851 0.099557
vt 0.620785 0.101300
vt 0.625656 0.099801
vt 0.619837 0.101979
vt 0.625062 0.100445
vt 0.617582 0.102986
vt 0.997342 0.481044
vt 0.996575 0.476830
vt 0.620050 0.102722
vt 0.614827 0.104190
vt 0.997351 0.476830
vt 0.617795 0.103729
vt 0.612469 0.105122
vt 0.996199 0.419704
vt 0.996975 0.419705
vt 0.996846 0.423375
vt 0.614434 0.104976
vt 0.996071 0.423374
vt 0.619935 0.102735
vt 0.614221 0.104232
vt 0.615750 0.104225
vt 0.610053 0.105607
vt 0.996764 0.427820
vt 0.995989 0.427819
vt 0.996736 0.432646
vt 0.610842 0.105813
vt 0.605449 0.106988
vt 0.605545 0.107393
vt 0.600816 0.108252
vt 0.995960 0.432645
vt 0.996764 0.437424
vt 0.605565 0.107326
vt 0.610267 0.106350
vt 0.605662 0.107731
vt 0.601852 0.108331
vt 0.601029 0.108996
vt 0.995989 0.437423
vt 0.598560 0.109106
vt 0.596781 0.110032
vt 0.996846 0.441729
vt 0.996071 0.441728
vt 0.996975 0.445179
vt 0.596568 0.109288
vt 0.595231 0.110102
vt 0.593080 0.110004
vt 0.600221 0.108856
vt 0.590916 0.111047
vt 0.977333 0.711670
vt 0.985172 0.716754
vt 0.977417 0.716744
vt 0.985304 0.721060
vt 0.977549 0.721050
vt 0.593099 0.102666
vt 0.592413 0.103149
vt 0.588784 0.103611
vt 0.587648 0.104224
vt 0.585438 0.104190
vt 0.735221 0.985713
vt 0.727459 0.985713
vt 0.727444 0.981297
vt 0.583775 0.104952
vt 0.735206 0.981297
vt 0.727434 0.976152
vt 0.583290 0.104363
vt 0.735196 0.976152
vt 0.727431 0.970629
vt 0.581021 0.105289
vt 0.582485 0.104120
vt 0.579543 0.105217
vt 0.579430 0.104740
vt 0.583078 0.103475
vt 0.735193 0.970629
vt 0.727434 0.965103
vt 0.589534 0.110252
vt 0.585422 0.111799
vt 0.584617 0.111555
vt 0.589791 0.109762
vt 0.585211 0.110911
vt 0.735196 0.965103
vt 0.591410 0.108910
vt 0.587162 0.109911
vt 0.727444 0.959952
vt 0.735206 0.959952
vt 0.727459 0.955526
vt 0.580686 0.103885
vt 0.585030 0.102475
vt 0.583239 0.102702
vt 0.588206 0.101186
vt 0.735221 0.955526
vt 0.590338 0.108621
vt 0.592391 0.099696
vt 0.586941 0.101260
vt 0.591577 0.099643
vt 0.597299 0.098107
vt 0.594523 0.107132
vt 0.598057 0.106445
vt 0.602493 0.105052
vt 0.599431 0.105543
vt 0.604824 0.104368
vt 0.602596 0.096527
vt 0.604728 0.103963
vt 0.607920 0.095065
vt 0.596877 0.097944
vt 0.602533 0.096262
vt 0.610053 0.102500
vt 0.612910 0.093818
vt 0.608216 0.094696
vt 0.613596 0.093336
vt 0.617225 0.092874
vt 0.615042 0.101254
vt 0.611654 0.102551
vt 0.615566 0.101665
vt 0.619357 0.100310
vt 0.618550 0.101136
vt 0.622702 0.099731
vt 0.836431 0.986958
vt 0.828659 0.982546
vt 0.836421 0.982546
vt 0.828670 0.986958
vt 0.618361 0.092261
vt 0.620570 0.092295
vt 0.828652 0.977403
vt 0.622233 0.091533
vt 0.622719 0.092121
vt 0.836414 0.977403
vt 0.828650 0.971880
vt 0.624988 0.091196
vt 0.623524 0.092365
vt 0.991747 0.756632
vt 0.987125 0.751027
vt 0.991743 0.750867
vt 0.626465 0.091268
vt 0.987130 0.756600
vt 0.987128 0.755111
vt 0.987133 0.758985
vt 0.991756 0.761886
vt 0.987125 0.750866
vt 0.987108 0.755112
vt 0.987105 0.751027
vt 0.987124 0.746851
vt 0.987105 0.746851
vt 0.987091 0.746850
vt 0.987107 0.742703
vt 0.987091 0.751029
vt 0.987125 0.744937
vt 0.987086 0.751032
vt 0.987094 0.755116
vt 0.987089 0.755122
vt 0.624274 0.086702
vt 0.624402 0.086662
vt 0.625201 0.086788
vt 0.625333 0.086748
vt 0.625452 0.087075
vt 0.987085 0.746849
vt 0.625585 0.087037
vt 0.625020 0.087555
vt 0.987087 0.742696
vt 0.987092 0.742700
vt 0.987096 0.738697
vt 0.987110 0.738702
vt 0.987091 0.738689
vt 0.987102 0.734957
vt 0.987117 0.734964
vt 0.987125 0.731597
vt 0.987138 0.733932
vt 0.987136 0.734967
vt 0.991756 0.733887
vt 0.987144 0.731600
vt 0.991769 0.729430
vt 0.993961 0.195327
vt 0.993866 0.197606
vt 0.993941 0.195331
vt 0.989249 0.197568
vt 0.617803 0.095299
vt 0.622769 0.093783
vt 0.619067 0.095225
vt 0.613618 0.096789
vt 0.993839 0.198443
vt 0.993759 0.201982
vt 0.989134 0.202567
vt 0.614432 0.096842
vt 0.608710 0.098378
vt 0.609132 0.098541
vt 0.993704 0.205846
vt 0.989070 0.208189
vt 0.993750 0.202576
vt 0.993723 0.205844
vt 0.993688 0.208199
vt 0.993676 0.209924
vt 0.993695 0.209923
vt 0.993694 0.214098
vt 0.993675 0.214098
vt 0.993709 0.209921
vt 0.993737 0.205840
vt 0.993796 0.201964
vt 0.993792 0.201973
vt 0.993741 0.205834
vt 0.993872 0.198431
vt 0.993876 0.198419
vt 0.993778 0.201980
vt 0.993858 0.198440
vt 0.993974 0.195316
vt 0.987110 0.731587
vt 0.987105 0.731574
vt 0.987120 0.728685
vt 0.987097 0.734947
vt 0.622178 0.089033
vt 0.622293 0.089007
vt 0.619849 0.089989
vt 0.619951 0.089968
vt 0.616999 0.091054
vt 0.987115 0.728670
vt 0.950710 0.814314
vt 0.950680 0.817698
vt 0.950707 0.814307
vt 0.617085 0.091039
vt 0.950683 0.817708
vt 0.950654 0.820618
vt 0.950718 0.814321
vt 0.950704 0.816081
vt 0.950741 0.811110
vt 0.950737 0.810548
vt 0.951506 0.811436
vt 0.951487 0.814015
vt 0.958593 0.814015
vt 0.958547 0.814137
vt 0.958024 0.815533
vt 0.957819 0.816080
vt 0.957549 0.817034
vt 0.951468 0.816594
vt 0.958863 0.817304
vt 0.957286 0.817958
vt 0.957104 0.818890
vt 0.951449 0.818762
vt 0.950691 0.817716
vt 0.957215 0.106165
vt 0.957961 0.106122
vt 0.957961 0.108855
vt 0.995466 0.027816
vt 0.995466 0.033412
vt 0.993356 0.028313
vt 0.653757 0.271272
vt 0.654500 0.265825
vt 0.654812 0.265870
vt 0.993771 0.027426
vt 0.956925 0.819805
vt 0.654819 0.265209
vt 0.654768 0.264629
vt 0.654401 0.264508
vt 0.958251 0.820054
vt 0.958265 0.820056
vt 0.654400 0.264495
vt 0.654684 0.263662
vt 0.654761 0.264547
vt 0.654298 0.263139
vt 0.960225 0.817723
vt 0.959631 0.820313
vt 0.959657 0.820326
vt 0.959506 0.820580
vt 0.959107 0.820438
vt 0.959557 0.820598
vt 0.958280 0.821519
vt 0.656217 0.264505
vt 0.656642 0.266248
vt 0.656191 0.265873
vt 0.657831 0.265733
vt 0.657852 0.264389
vt 0.654331 0.262190
vt 0.960602 0.820969
vt 0.148190 0.853530
vt 0.148167 0.850558
vt 0.148190 0.850547
vt 0.147966 0.850649
vt 0.659478 0.266871
vt 0.659578 0.265501
vt 0.655793 0.262062
vt 0.656901 0.262700
vt 0.654241 0.261980
vt 0.657735 0.263181
vt 0.658045 0.263359
vt 0.658342 0.263530
vt 0.347920 0.803474
vt 0.347578 0.802076
vt 0.347920 0.802259
vt 0.347642 0.803244
vt 0.961921 0.821702
vt 0.961373 0.822105
vt 0.960818 0.821089
vt 0.960764 0.822555
vt 0.347576 0.802053
vt 0.347920 0.802255
vt 0.961494 0.818282
vt 0.960873 0.820922
vt 0.960869 0.820921
vt 0.962039 0.821495
vt 0.962462 0.815540
vt 0.962468 0.815544
vt 0.962286 0.815432
vt 0.961228 0.814932
vt 0.962282 0.820154
vt 0.962801 0.818211
vt 0.962615 0.818909
vt 0.963544 0.816206
vt 0.962612 0.818918
vt 0.963240 0.819914
vt 0.962062 0.821466
vt 0.963226 0.819933
vt 0.963501 0.819566
vt 0.964861 0.819774
vt 0.964835 0.819689
vt 0.964876 0.818302
vt 0.965423 0.819612
vt 0.964415 0.818346
vt 0.647470 0.257753
vt 0.646345 0.257334
vt 0.647619 0.257415
vt 0.965039 0.818286
vt 0.965043 0.818286
vt 0.646439 0.257177
vt 0.964920 0.819963
vt 0.966037 0.820928
vt 0.647807 0.256843
vt 0.646700 0.256740
vt 0.645368 0.257441
vt 0.646289 0.257421
vt 0.646208 0.257544
vt 0.265250 0.984629
vt 0.263884 0.983072
vt 0.264120 0.981490
vt 0.265445 0.985311
vt 0.645873 0.257683
vt 0.982858 0.192610
vt 0.982693 0.194523
vt 0.982680 0.194588
vt 0.982544 0.195174
vt 0.645457 0.256138
vt 0.266817 0.986683
vt 0.623809 0.073852
vt 0.623777 0.073718
vt 0.625249 0.073606
vt 0.623846 0.074008
vt 0.623376 0.073997
vt 0.623463 0.073951
vt 0.623644 0.073815
vt 0.982619 0.194873
vt 0.623371 0.073977
vt 0.982596 0.194976
vt 0.982546 0.195174
vt 0.982705 0.195071
vt 0.982820 0.194797
vt 0.982947 0.195300
vt 0.982735 0.195141
vt 0.643737 0.441162
vt 0.643665 0.441147
vt 0.643737 0.440416
vt 0.982709 0.195082
vt 0.982947 0.194988
vt 0.964728 0.816580
vt 0.964720 0.816578
vt 0.964651 0.816278
vt 0.079299 0.400946
vt 0.079304 0.399395
vt 0.079304 0.400957
vt 0.964673 0.816567
vt 0.965270 0.818316
vt 0.965090 0.816968
vt 0.964155 0.816444
vt 0.964420 0.816183
vt 0.964600 0.816257
vt 0.964463 0.815870
vt 0.964642 0.815916
vt 0.964492 0.814920
vt 0.964828 0.816083
vt 0.964884 0.815103
vt 0.964607 0.814951
vt 0.964380 0.814146
vt 0.964391 0.814892
vt 0.964878 0.814359
vt 0.964213 0.814075
vt 0.964010 0.812196
vt 0.964760 0.812539
vt 0.964582 0.810759
vt 0.964346 0.810609
vt 0.963572 0.813963
vt 0.962938 0.811931
vt 0.963513 0.810281
vt 0.963703 0.810356
vt 0.964010 0.808305
vt 0.962556 0.810041
vt 0.964897 0.808664
vt 0.965128 0.806410
vt 0.962851 0.808000
vt 0.963193 0.805836
vt 0.964353 0.806086
vt 0.623620 0.073057
vt 0.623597 0.072961
vt 0.623667 0.073255
vt 0.965114 0.808874
vt 0.965135 0.805219
vt 0.965142 0.803859
vt 0.623571 0.072852
vt 0.964638 0.803740
vt 0.964716 0.801357
vt 0.965156 0.801359
vt 0.623523 0.072651
vt 0.964662 0.798932
vt 0.965170 0.798833
vt 0.623475 0.072448
vt 0.963240 0.796841
vt 0.963494 0.799069
vt 0.964403 0.796600
vt 0.965184 0.796352
vt 0.965188 0.795557
vt 0.964086 0.794393
vt 0.964024 0.792289
vt 0.964977 0.794040
vt 0.963807 0.792354
vt 0.962924 0.794688
vt 0.963080 0.792572
vt 0.963059 0.790765
vt 0.962646 0.792652
vt 0.962102 0.790883
vt 0.962059 0.792759
vt 0.961455 0.792824
vt 0.961734 0.794883
vt 0.951593 0.796870
vt 0.961788 0.795282
vt 0.962017 0.796904
vt 0.951578 0.799797
vt 0.950810 0.799843
vt 0.950819 0.798128
vt 0.961253 0.792550
vt 0.951607 0.793942
vt 0.960303 0.791208
vt 0.951618 0.791215
vt 0.950839 0.794162
vt 0.950839 0.794010
vt 0.950831 0.794014
vt 0.950811 0.798129
vt 0.950808 0.798131
vt 0.950788 0.802338
vt 0.950785 0.802337
vt 0.950796 0.802338
vt 0.950777 0.805592
vt 0.950760 0.806514
vt 0.950763 0.806517
vt 0.950771 0.806520
vt 0.951544 0.805735
vt 0.951561 0.802766
vt 0.962296 0.802834
vt 0.962259 0.803480
vt 0.962381 0.801346
vt 0.962243 0.803750
vt 0.963472 0.803595
vt 0.963847 0.801354
vt 0.963577 0.801352
vt 0.961989 0.805648
vt 0.961923 0.806147
vt 0.961664 0.807789
vt 0.951525 0.808585
vt 0.961522 0.808688
vt 0.959386 0.812585
vt 0.950745 0.810553
vt 0.959594 0.812285
vt 0.961488 0.808903
vt 0.961361 0.809864
vt 0.962492 0.810026
vt 0.961981 0.811803
vt 0.962027 0.811947
vt 0.960624 0.813181
vt 0.960329 0.813020
vt 0.962150 0.812283
vt 0.961251 0.813523
vt 0.959883 0.814411
vt 0.960853 0.814755
vt 0.959904 0.814419
vt 0.959355 0.814224
vt 0.959332 0.815857
vt 0.958630 0.813929
vt 0.961215 0.814926
vt 0.961694 0.813764
vt 0.961876 0.813884
vt 0.962708 0.813812
vt 0.963005 0.814625
vt 0.963229 0.813903
vt 0.963031 0.814683
vt 0.963613 0.814718
vt 0.963762 0.815690
vt 0.963455 0.815611
vt 0.963820 0.814750
vt 0.963643 0.816024
vt 0.963668 0.816028
vt 0.963759 0.816351
vt 0.964070 0.816111
vt 0.963873 0.816776
vt 0.964033 0.815759
vt 0.964199 0.816138
vt 0.963928 0.814766
vt 0.962370 0.800519
vt 0.962263 0.799176
vt 0.962166 0.797956
vt 0.962034 0.797020
vt 0.950734 0.810543
vt 0.623918 0.088214
vt 0.625151 0.087520
vt 0.624043 0.088183
vt 0.950856 0.790103
vt 0.950848 0.790109
vt 0.950828 0.794018
vt 0.622830 0.086773
vt 0.622818 0.086780
vt 0.620638 0.087093
vt 0.950845 0.790115
vt 0.950860 0.788909
vt 0.950861 0.786527
vt 0.620627 0.087100
vt 0.950869 0.786519
vt 0.617902 0.087605
vt 0.618718 0.087442
vt 0.620645 0.087082
vt 0.617907 0.087594
vt 0.951645 0.783726
vt 0.950875 0.784297
vt 0.950878 0.783362
vt 0.616859 0.086969
vt 0.619086 0.086495
vt 0.616375 0.081527
vt 0.616427 0.081510
vt 0.957130 0.782867
vt 0.951637 0.786107
vt 0.616713 0.081414
vt 0.616485 0.080672
vt 0.805416 0.339677
vt 0.805728 0.338897
vt 0.805728 0.340159
vt 0.616110 0.080289
vt 0.616089 0.080208
vt 0.616373 0.080090
vt 0.616375 0.080103
vt 0.957903 0.782803
vt 0.958474 0.782692
vt 0.959040 0.785377
vt 0.960407 0.784972
vt 0.958487 0.782690
vt 0.960847 0.786372
vt 0.959460 0.782500
vt 0.961683 0.784426
vt 0.959849 0.782360
vt 0.962613 0.787161
vt 0.961773 0.787606
vt 0.959721 0.782117
vt 0.959858 0.782357
vt 0.615907 0.078897
vt 0.615901 0.078843
vt 0.616168 0.078701
vt 0.615849 0.078368
vt 0.616122 0.077549
vt 0.960951 0.781963
vt 0.961140 0.781857
vt 0.961008 0.781624
vt 0.960236 0.781976
vt 0.961144 0.781855
vt 0.961031 0.781613
vt 0.613098 0.080611
vt 0.615887 0.077505
vt 0.615886 0.077530
vt 0.613497 0.081934
vt 0.614695 0.080425
vt 0.611759 0.082059
vt 0.614421 0.077820
vt 0.612606 0.079595
vt 0.611602 0.080580
vt 0.612857 0.079349
vt 0.613085 0.079125
vt 0.610348 0.083407
vt 0.609969 0.082102
vt 0.612042 0.083543
vt 0.612243 0.083369
vt 0.610407 0.081751
vt 0.610579 0.081583
vt 0.612053 0.088067
vt 0.614633 0.087442
vt 0.610975 0.084035
vt 0.612263 0.083441
vt 0.612709 0.083235
vt 0.613777 0.082701
vt 0.614779 0.082201
vt 0.614806 0.082189
vt 0.615107 0.081757
vt 0.615197 0.082024
vt 0.616023 0.079954
vt 0.615504 0.081895
vt 0.958691 0.782400
vt 0.616185 0.079120
vt 0.610864 0.084086
vt 0.610610 0.084170
vt 0.609705 0.084468
vt 0.609473 0.088691
vt 0.609575 0.084007
vt 0.609409 0.084565
vt 0.606678 0.089433
vt 0.608734 0.084641
vt 0.609418 0.089568
vt 0.611128 0.089132
vt 0.608710 0.084500
vt 0.608148 0.084707
vt 0.608500 0.083143
vt 0.608135 0.083330
vt 0.608062 0.084690
vt 0.607697 0.084619
vt 0.607756 0.083375
vt 0.607494 0.083406
vt 0.607588 0.082044
vt 0.606326 0.081691
vt 0.608679 0.080892
vt 0.606343 0.081821
vt 0.608959 0.082909
vt 0.606675 0.082754
vt 0.606613 0.082582
vt 0.606811 0.082912
vt 0.609345 0.082600
vt 0.607084 0.083230
vt 0.609789 0.079799
vt 0.606325 0.081684
vt 0.606377 0.080180
vt 0.604915 0.081152
vt 0.605156 0.082336
vt 0.606158 0.080420
vt 0.605279 0.082620
vt 0.605124 0.082353
vt 0.605662 0.083280
vt 0.605760 0.083387
vt 0.606358 0.084037
vt 0.606645 0.084205
vt 0.607175 0.084516
vt 0.607108 0.083258
vt 0.605034 0.082198
vt 0.604684 0.081239
vt 0.604314 0.080228
vt 0.604817 0.080090
vt 0.603894 0.078765
vt 0.605166 0.078414
vt 0.605832 0.079812
vt 0.606124 0.080161
vt 0.604968 0.078003
vt 0.603848 0.078659
vt 0.603676 0.078823
vt 0.601739 0.079344
vt 0.603388 0.085097
vt 0.603059 0.078252
vt 0.603660 0.078473
vt 0.603616 0.078457
vt 0.604645 0.077643
vt 0.605451 0.077755
vt 0.605122 0.077257
vt 0.603799 0.077188
vt 0.605014 0.077092
vt 0.607260 0.076256
vt 0.604259 0.076488
vt 0.607319 0.076122
vt 0.608094 0.074367
vt 0.608560 0.073312
vt 0.607468 0.075784
vt 0.604121 0.076378
vt 0.614702 0.063004
vt 0.603544 0.076083
vt 0.612112 0.067317
vt 0.609507 0.071621
vt 0.608764 0.072947
vt 0.602862 0.076994
vt 0.603246 0.075991
vt 0.602203 0.075668
vt 0.601935 0.076946
vt 0.601934 0.076954
vt 0.601263 0.077511
vt 0.601087 0.076714
vt 0.601170 0.078127
vt 0.600899 0.075866
vt 0.600558 0.075951
vt 0.600543 0.075954
vt 0.600910 0.078162
vt 0.600368 0.075998
vt 0.601430 0.078247
vt 0.601387 0.078098
vt 0.601668 0.078183
vt 0.601443 0.078295
vt 0.602398 0.078219
vt 0.600981 0.078310
vt 0.254517 0.942042
vt 0.254835 0.941748
vt 0.254537 0.942048
vt 0.254482 0.942208
vt 0.601417 0.079427
vt 0.601310 0.079451
vt 0.601141 0.079489
vt 0.254835 0.940833
vt 0.603067 0.085180
vt 0.603150 0.085158
vt 0.602881 0.086188
vt 0.602830 0.085397
vt 0.603227 0.086248
vt 0.602890 0.086325
vt 0.602673 0.087131
vt 0.598482 0.089065
vt 0.602873 0.087250
vt 0.602629 0.087294
vt 0.602155 0.087994
vt 0.602131 0.088029
vt 0.598515 0.089070
vt 0.602177 0.088013
vt 0.599385 0.089194
vt 0.599597 0.089377
vt 0.598857 0.089490
vt 0.598481 0.089076
vt 0.597897 0.089349
vt 0.597474 0.088797
vt 0.598466 0.089063
vt 0.598451 0.089430
vt 0.597338 0.089058
vt 0.595398 0.092664
vt 0.597023 0.088894
vt 0.596440 0.088284
vt 0.596634 0.088124
vt 0.596129 0.087169
vt 0.596327 0.088165
vt 0.596210 0.087144
vt 0.596884 0.087903
vt 0.596882 0.087898
vt 0.595894 0.087243
vt 0.594245 0.081490
vt 0.594230 0.081440
vt 0.592336 0.082076
vt 0.594560 0.081391
vt 0.594667 0.081354
vt 0.594235 0.080260
vt 0.594331 0.080217
vt 0.594338 0.080212
vt 0.594740 0.080906
vt 0.594831 0.081297
vt 0.596481 0.087050
vt 0.836394 0.593466
vt 0.836567 0.591988
vt 0.836570 0.593466
vt 0.593887 0.078934
vt 0.594121 0.078781
vt 0.070294 0.536104
vt 0.070301 0.534626
vt 0.070301 0.536104
vt 0.594497 0.080097
vt 0.593636 0.078081
vt 0.593795 0.078015
vt 0.593625 0.078085
vt 0.593864 0.078949
vt 0.593854 0.078955
vt 0.593306 0.078217
vt 0.593548 0.079083
vt 0.592319 0.079461
vt 0.593924 0.080398
vt 0.592608 0.080801
vt 0.589939 0.080194
vt 0.589708 0.079096
vt 0.589414 0.077973
vt 0.593198 0.077519
vt 0.593271 0.077996
vt 0.586109 0.080262
vt 0.582977 0.082513
vt 0.582820 0.081390
vt 0.586301 0.081372
vt 0.585828 0.079135
vt 0.584710 0.079518
vt 0.582550 0.080259
vt 0.587050 0.081130
vt 0.585709 0.078198
vt 0.583607 0.078558
vt 0.584361 0.078482
vt 0.584371 0.078481
vt 0.584403 0.078477
vt 0.584719 0.078432
vt 0.584355 0.077141
vt 0.584354 0.076898
vt 0.585519 0.077080
vt 0.583697 0.077300
vt 0.582874 0.078613
vt 0.580565 0.077446
vt 0.583758 0.076445
vt 0.580604 0.078708
vt 0.580507 0.078706
vt 0.580441 0.081034
vt 0.579752 0.078694
vt 0.577838 0.077379
vt 0.578515 0.078674
vt 0.932398 0.001945
vt 0.933545 0.002294
vt 0.931231 0.004828
vt 0.931224 0.001754
vt 0.580773 0.076134
vt 0.578075 0.076075
vt 0.933875 0.001470
vt 0.936766 0.004235
vt 0.936779 0.001060
vt 0.933010 0.003635
vt 0.579672 0.081316
vt 0.579931 0.082451
vt 0.937950 0.001000
vt 0.937936 0.004185
vt 0.936764 0.004676
vt 0.937925 0.007751
vt 0.939069 0.007641
vt 0.939085 0.002813
vt 0.939080 0.004038
vt 0.939093 0.000818
vt 0.940492 0.002534
vt 0.940502 0.000124
vt 0.940489 0.003300
vt 0.941659 0.000000
vt 0.941647 0.002810
vt 0.941646 0.003198
vt 0.952707 0.000507
vt 0.952698 0.002895
vt 0.941634 0.006792
vt 0.952689 0.005283
vt 0.940477 0.006869
vt 0.952682 0.008015
vt 0.941631 0.007968
vt 0.940476 0.007600
vt 0.939068 0.007765
vt 0.939060 0.011529
vt 0.940468 0.010736
vt 0.939058 0.013337
vt 0.940465 0.013255
vt 0.941625 0.010686
vt 0.941621 0.013655
vt 0.952675 0.010747
vt 0.952671 0.013677
vt 0.953443 0.010969
vt 0.953444 0.010816
vt 0.953453 0.006903
vt 0.953461 0.006909
vt 0.953456 0.005706
vt 0.953464 0.003311
vt 0.953473 0.003318
vt 0.582245 0.098090
vt 0.582258 0.098090
vt 0.580191 0.098986
vt 0.584871 0.097070
vt 0.584075 0.097365
vt 0.584860 0.097069
vt 0.582233 0.098084
vt 0.584849 0.097063
vt 0.587960 0.095954
vt 0.587969 0.095956
vt 0.588046 0.095944
vt 0.591521 0.094773
vt 0.591463 0.094779
vt 0.595289 0.093574
vt 0.595252 0.093573
vt 0.591456 0.094777
vt 0.593135 0.094233
vt 0.595248 0.093570
vt 0.591449 0.094769
vt 0.588210 0.095860
vt 0.595242 0.093562
vt 0.599228 0.092373
vt 0.598486 0.092583
vt 0.599226 0.092370
vt 0.603275 0.091210
vt 0.603275 0.091214
vt 0.599222 0.092361
vt 0.598166 0.091812
vt 0.603274 0.091200
vt 0.604015 0.090999
vt 0.603883 0.090174
vt 0.601021 0.090979
vt 0.602252 0.088451
vt 0.601381 0.088866
vt 0.602398 0.088306
vt 0.607281 0.090114
vt 0.607280 0.090124
vt 0.611121 0.089148
vt 0.607278 0.090129
vt 0.611125 0.089143
vt 0.607247 0.090149
vt 0.611068 0.089174
vt 0.614612 0.088341
vt 0.611062 0.089183
vt 0.614620 0.088332
vt 0.614693 0.088301
vt 0.617791 0.087656
vt 0.617802 0.087646
vt 0.617893 0.087612
vt 0.620508 0.087148
vt 0.620521 0.087137
vt 0.987101 0.762562
vt 0.987099 0.758994
vt 0.987106 0.762551
vt 0.987094 0.759003
vt 0.622699 0.086819
vt 0.987113 0.758988
vt 0.987138 0.761856
vt 0.987120 0.762542
vt 0.987140 0.762539
vt 0.987129 0.765674
vt 0.987115 0.765684
vt 0.987149 0.765670
vt 0.617786 0.087673
vt 0.617055 0.087851
vt 0.614608 0.088358
vt 0.617787 0.087693
vt 0.991769 0.766323
vt 0.614611 0.088378
vt 0.611061 0.089199
vt 0.612291 0.088928
vt 0.611064 0.089219
vt 0.607249 0.090192
vt 0.607244 0.090173
vt 0.603270 0.091251
vt 0.606943 0.090275
vt 0.603267 0.091235
vt 0.607244 0.090157
vt 0.603275 0.091270
vt 0.601266 0.091845
vt 0.599251 0.092402
vt 0.599256 0.092421
vt 0.595613 0.093520
vt 0.595310 0.093612
vt 0.595303 0.093593
vt 0.595295 0.093579
vt 0.591530 0.094777
vt 0.591540 0.094790
vt 0.590347 0.095213
vt 0.588070 0.095959
vt 0.591548 0.094809
vt 0.588059 0.095947
vt 0.584980 0.097054
vt 0.584966 0.097052
vt 0.582367 0.098066
vt 0.582384 0.098067
vt 0.987101 0.431925
vt 0.987112 0.428781
vt 0.987126 0.428791
vt 0.584994 0.097066
vt 0.987115 0.431933
vt 0.987145 0.428795
vt 0.585712 0.096829
vt 0.585003 0.097084
vt 0.991751 0.432589
vt 0.991766 0.428137
vt 0.987134 0.431936
vt 0.987133 0.432621
vt 0.987107 0.435497
vt 0.987127 0.435499
vt 0.991741 0.437854
vt 0.987123 0.437888
vt 0.987122 0.439380
vt 0.987102 0.439378
vt 0.987088 0.439374
vt 0.987086 0.443465
vt 0.987100 0.443467
vt 0.987082 0.447645
vt 0.987081 0.443462
vt 0.987088 0.447645
vt 0.987087 0.451797
vt 0.987102 0.447644
vt 0.987092 0.451793
vt 0.987095 0.455798
vt 0.579884 0.100826
vt 0.579761 0.100866
vt 0.578629 0.100842
vt 0.578499 0.100882
vt 0.578039 0.100655
vt 0.953447 0.027352
vt 0.953446 0.023323
vt 0.953450 0.027347
vt 0.953443 0.023326
vt 0.953446 0.019148
vt 0.577905 0.100694
vt 0.578129 0.100270
vt 0.953443 0.019149
vt 0.577996 0.100307
vt 0.953449 0.014941
vt 0.953435 0.019149
vt 0.953436 0.016653
vt 0.953435 0.022401
vt 0.953446 0.014939
vt 0.953437 0.014938
vt 0.953455 0.010824
vt 0.953452 0.010820
vt 0.953464 0.006916
vt 0.580325 0.098957
vt 0.578770 0.099732
vt 0.580204 0.098986
vt 0.987088 0.435482
vt 0.987093 0.435490
vt 0.987083 0.439369
vt 0.578899 0.099699
vt 0.987095 0.431913
vt 0.952668 0.016606
vt 0.952667 0.019574
vt 0.941616 0.018955
vt 0.941619 0.014777
vt 0.940462 0.014799
vt 0.939055 0.015595
vt 0.940459 0.018948
vt 0.939053 0.019139
vt 0.940459 0.019157
vt 0.939052 0.019728
vt 0.939053 0.023816
vt 0.940460 0.023073
vt 0.941616 0.019574
vt 0.941616 0.023108
vt 0.940461 0.024995
vt 0.941618 0.025411
vt 0.952666 0.022543
vt 0.940463 0.027064
vt 0.941620 0.027127
vt 0.952669 0.025390
vt 0.952671 0.028237
vt 0.953435 0.023329
vt 0.953438 0.027357
vt 0.953439 0.027913
vt 0.952677 0.030810
vt 0.953445 0.031118
vt 0.953454 0.031111
vt 0.953450 0.032873
vt 0.952682 0.033384
vt 0.952690 0.035543
vt 0.941640 0.035599
vt 0.941635 0.034339
vt 0.941626 0.030904
vt 0.941626 0.030891
vt 0.940469 0.030815
vt 0.940468 0.030486
vt 0.939064 0.031410
vt 0.939073 0.034710
vt 0.940478 0.034226
vt 0.940482 0.035247
vt 0.690478 0.257274
vt 0.690789 0.258689
vt 0.687855 0.257401
vt 0.690754 0.257261
vt 0.939086 0.037553
vt 0.940490 0.037205
vt 0.688957 0.258784
vt 0.686156 0.257464
vt 0.686440 0.258884
vt 0.689088 0.259945
vt 0.941646 0.037339
vt 0.688777 0.271005
vt 0.686324 0.260054
vt 0.952698 0.037703
vt 0.686349 0.271093
vt 0.953455 0.034503
vt 0.953466 0.037092
vt 0.953467 0.037415
vt 0.687921 0.271766
vt 0.684511 0.271892
vt 0.683921 0.271181
vt 0.685813 0.260075
vt 0.682160 0.260186
vt 0.685705 0.258913
vt 0.684510 0.257525
vt 0.681105 0.257621
vt 0.682076 0.259023
vt 0.681278 0.259042
vt 0.681108 0.260210
vt 0.678167 0.259112
vt 0.676858 0.257711
vt 0.680811 0.257629
vt 0.681163 0.271248
vt 0.678223 0.260275
vt 0.678404 0.271315
vt 0.675380 0.260320
vt 0.675572 0.259153
vt 0.672760 0.257768
vt 0.675494 0.257730
vt 0.674082 0.259177
vt 0.669928 0.260380
vt 0.669929 0.259216
vt 0.671322 0.257877
vt 0.672384 0.257771
vt 0.674110 0.260341
vt 0.672524 0.271401
vt 0.675464 0.271358
vt 0.676690 0.272080
vt 0.672505 0.272136
vt 0.669561 0.271418
vt 0.668296 0.272165
vt 0.666598 0.271434
vt 0.665183 0.266378
vt 0.669454 0.260382
vt 0.666144 0.264090
vt 0.665313 0.266257
vt 0.665807 0.265359
vt 0.665810 0.265352
vt 0.666039 0.264487
vt 0.666118 0.264188
vt 0.666077 0.264178
vt 0.666228 0.262994
vt 0.665971 0.262970
vt 0.666289 0.262215
vt 0.666029 0.261919
vt 0.666289 0.261918
vt 0.666275 0.260392
vt 0.665022 0.259942
vt 0.664951 0.260400
vt 0.666323 0.260189
vt 0.665767 0.261920
vt 0.664548 0.262593
vt 0.664424 0.261928
vt 0.664494 0.262303
vt 0.664289 0.262434
vt 0.664411 0.260402
vt 0.663771 0.260991
vt 0.662847 0.261613
vt 0.662392 0.260123
vt 0.662906 0.259749
vt 0.658439 0.259586
vt 0.659357 0.258773
vt 0.662295 0.258871
vt 0.661384 0.260857
vt 0.657578 0.260353
vt 0.660410 0.261572
vt 0.663258 0.263087
vt 0.659502 0.262244
vt 0.658138 0.261607
vt 0.662268 0.263720
vt 0.658684 0.262855
vt 0.661346 0.264314
vt 0.660639 0.264795
vt 0.661338 0.265180
vt 0.663071 0.265808
vt 0.662746 0.265757
vt 0.663857 0.265861
vt 0.661443 0.265237
vt 0.663861 0.265860
vt 0.664235 0.265760
vt 0.662269 0.266892
vt 0.663252 0.267165
vt 0.663269 0.267310
vt 0.663682 0.267254
vt 0.663931 0.267194
vt 0.663849 0.267231
vt 0.663771 0.271423
vt 0.660944 0.271412
vt 0.662275 0.267364
vt 0.664185 0.272164
vt 0.666774 0.272165
vt 0.662646 0.267395
vt 0.661306 0.267285
vt 0.660999 0.267260
vt 0.661343 0.266489
vt 0.659730 0.266993
vt 0.658407 0.271374
vt 0.659481 0.266940
vt 0.658827 0.266802
vt 0.658290 0.266666
vt 0.657778 0.266536
vt 0.655869 0.271336
vt 0.660288 0.272136
vt 0.656719 0.272080
vt 0.660294 0.272144
vt 0.661297 0.272143
vt 0.664188 0.272172
vt 0.664193 0.272175
vt 0.668298 0.272172
vt 0.668300 0.272175
vt 0.606201 0.094587
vt 0.610123 0.093384
vt 0.606226 0.094591
vt 0.602198 0.095764
vt 0.602200 0.095775
vt 0.672504 0.272146
vt 0.598181 0.096884
vt 0.598161 0.096902
vt 0.672505 0.272144
vt 0.676685 0.272090
vt 0.676688 0.272088
vt 0.680721 0.272009
vt 0.680726 0.272006
vt 0.678186 0.272050
vt 0.680731 0.271998
vt 0.683532 0.271920
vt 0.684497 0.271903
vt 0.684504 0.271900
vt 0.687913 0.271774
vt 0.687903 0.271777
vt 0.587187 0.099593
vt 0.590503 0.098855
vt 0.587105 0.099626
vt 0.584225 0.100193
vt 0.953476 0.037405
vt 0.953466 0.034485
vt 0.953479 0.037393
vt 0.584127 0.100229
vt 0.581768 0.100608
vt 0.953463 0.034494
vt 0.953457 0.031103
vt 0.581655 0.100646
vt 0.987118 0.462896
vt 0.987105 0.459534
vt 0.987111 0.459524
vt 0.987100 0.455791
vt 0.987114 0.455786
vt 0.987125 0.459516
vt 0.987124 0.462883
vt 0.987134 0.465788
vt 0.987139 0.465773
vt 0.987138 0.462874
vt 0.987157 0.462870
vt 0.987169 0.464981
vt 0.987148 0.460546
vt 0.987153 0.465762
vt 0.857960 0.774818
vt 0.861185 0.771512
vt 0.861185 0.777872
vt 0.989353 0.230234
vt 0.993937 0.229390
vt 0.993970 0.230175
vt 0.706807 0.990962
vt 0.706807 0.996831
vt 0.705137 0.995499
vt 0.987173 0.465758
vt 0.989206 0.225459
vt 0.993835 0.226006
vt 0.993854 0.226009
vt 0.993956 0.229393
vt 0.993868 0.226016
vt 0.993789 0.222264
vt 0.993775 0.222259
vt 0.993823 0.225430
vt 0.993735 0.218253
vt 0.993739 0.218257
vt 0.993793 0.222271
vt 0.993713 0.214099
vt 0.993721 0.218250
vt 0.993708 0.214099
vt 0.993713 0.209919
vt 0.993702 0.218249
vt 0.993725 0.219944
vt 0.989107 0.219978
vt 0.993756 0.222257
vt 0.989061 0.214107
vt 0.598088 0.101420
vt 0.603476 0.100222
vt 0.597793 0.101789
vt 0.977305 0.706172
vt 0.985089 0.711680
vt 0.985061 0.706182
vt 0.603413 0.099957
vt 0.977333 0.700627
vt 0.985089 0.700637
vt 0.594266 0.097915
vt 0.594224 0.097938
vt 0.993872 0.226026
vt 0.590566 0.098827
vt 0.993970 0.229402
vt 0.993974 0.229415
vt 0.991766 0.460588
vt 0.987144 0.459513
vt 0.987134 0.455784
vt 0.987133 0.455324
vt 0.991751 0.455332
vt 0.987107 0.451790
vt 0.987126 0.451789
vt 0.987123 0.449557
vt 0.991741 0.449566
vt 0.987121 0.447644
vt 0.991738 0.443624
vt 0.987120 0.443628
vt 0.987120 0.443467
vt 0.610075 0.093387
vt 0.613777 0.092189
vt 0.660301 0.272146
vt 0.656727 0.272088
vt 0.656736 0.272090
vt 0.613710 0.092198
vt 0.950656 0.820630
vt 0.950668 0.820315
vt 0.950665 0.820640
vt 0.656371 0.272071
vt 0.663693 0.265906
vt 0.664275 0.267041
vt 0.664649 0.266874
vt 0.664461 0.265529
vt 0.664563 0.265425
vt 0.664647 0.265170
vt 0.664759 0.264828
vt 0.664760 0.264801
vt 0.664769 0.263999
vt 0.664770 0.263859
vt 0.664771 0.263790
vt 0.656802 0.261052
vt 0.654961 0.259519
vt 0.655513 0.260587
vt 0.654733 0.261452
vt 0.655064 0.259400
vt 0.654738 0.259776
vt 0.649368 0.256050
vt 0.648301 0.255116
vt 0.649492 0.255603
vt 0.648035 0.256069
vt 0.649307 0.256255
vt 0.654366 0.260213
vt 0.654311 0.260277
vt 0.649213 0.256576
vt 0.654007 0.260635
vt 0.649047 0.257143
vt 0.965740 0.821486
vt 0.962205 0.822233
vt 0.965610 0.821245
vt 0.649008 0.257265
vt 0.648969 0.257384
vt 0.965483 0.821009
vt 0.648797 0.257914
vt 0.649666 0.254977
vt 0.655640 0.258734
vt 0.649692 0.254884
vt 0.648602 0.254008
vt 0.648924 0.252802
vt 0.650080 0.253447
vt 0.649805 0.254466
vt 0.647810 0.254791
vt 0.648305 0.253909
vt 0.648552 0.253468
vt 0.648352 0.253825
vt 0.645516 0.253872
vt 0.647713 0.254963
vt 0.264120 0.978154
vt 0.263171 0.979822
vt 0.263884 0.976573
vt 0.265250 0.975015
vt 0.645537 0.250911
vt 0.265445 0.974334
vt 0.645550 0.252971
vt 0.642583 0.251962
vt 0.645543 0.250305
vt 0.643153 0.254736
vt 0.642870 0.253415
vt 0.642785 0.252987
vt 0.645515 0.255701
vt 0.643160 0.254769
vt 0.642505 0.254864
vt 0.642092 0.253580
vt 0.642570 0.255899
vt 0.642027 0.255912
vt 0.642950 0.255889
vt 0.641489 0.254856
vt 0.641093 0.253654
vt 0.643392 0.255709
vt 0.643433 0.255877
vt 0.643612 0.256545
vt 0.643651 0.256692
vt 0.526215 0.701989
vt 0.526144 0.701034
vt 0.526215 0.700716
vt 0.643799 0.257258
vt 0.642939 0.256741
vt 0.203627 0.615750
vt 0.202416 0.616381
vt 0.202127 0.616121
vt 0.643233 0.257319
vt 0.203218 0.615545
vt 0.642035 0.256532
vt 0.202699 0.615087
vt 0.203580 0.614456
vt 0.204131 0.614745
vt 0.204387 0.614879
vt 0.204294 0.614831
vt 0.201761 0.615590
vt 0.202206 0.614425
vt 0.203506 0.614417
vt 0.202149 0.614457
vt 0.201551 0.614806
vt 0.199860 0.614099
vt 0.201365 0.614857
vt 0.200029 0.615005
vt 0.200507 0.615092
vt 0.200029 0.615223
vt 0.200029 0.615399
vt 0.200030 0.615979
vt 0.200728 0.615907
vt 0.980197 0.281733
vt 0.977510 0.281515
vt 0.977606 0.281340
vt 0.977401 0.281732
vt 0.976958 0.282647
vt 0.980196 0.282844
vt 0.518462 0.174961
vt 0.520401 0.175349
vt 0.517367 0.175211
vt 0.978092 0.280764
vt 0.978278 0.280544
vt 0.979831 0.279883
vt 0.980197 0.279810
vt 0.979174 0.280014
vt 0.520391 0.174961
vt 0.978891 0.280181
vt 0.200031 0.616200
vt 0.200919 0.616485
vt 0.200032 0.616566
vt 0.200033 0.616735
vt 0.201070 0.616781
vt 0.643895 0.257677
vt 0.643404 0.257664
vt 0.643895 0.257683
vt 0.643812 0.257780
vt 0.200035 0.616943
vt 0.200035 0.616869
vt 0.409711 0.782137
vt 0.409596 0.783390
vt 0.409589 0.783302
vt 0.409711 0.784870
vt 0.409652 0.784486
vt 0.643825 0.257370
vt 0.645437 0.257385
vt 0.643811 0.257313
vt 0.625338 0.073579
vt 0.625343 0.073601
vt 0.520401 0.180007
vt 0.518462 0.180007
vt 0.625249 0.073205
vt 0.517367 0.179757
vt 0.516002 0.176923
vt 0.516490 0.179057
vt 0.516002 0.178045
vt 0.965239 0.935670
vt 0.969185 0.935648
vt 0.969194 0.935670
vt 0.969101 0.935438
vt 0.965271 0.935223
vt 0.976216 0.284410
vt 0.980185 0.284438
vt 0.976226 0.284447
vt 0.980189 0.284346
vt 0.200392 0.609590
vt 0.197015 0.612526
vt 0.196945 0.612551
vt 0.197809 0.612497
vt 0.198623 0.612741
vt 0.198056 0.612571
vt 0.199052 0.613062
vt 0.170366 0.614099
vt 0.165087 0.609627
vt 0.165971 0.608065
vt 0.169129 0.612741
vt 0.166053 0.607923
vt 0.167847 0.604779
vt 0.199441 0.607910
vt 0.201216 0.606534
vt 0.202984 0.609660
vt 0.201178 0.610977
vt 0.169937 0.613374
vt 0.169863 0.613290
vt 0.170165 0.613759
vt 0.169256 0.612836
vt 0.930700 0.150885
vt 0.934097 0.150894
vt 0.930519 0.151287
vt 0.930859 0.150530
vt 0.934096 0.151890
vt 0.516002 0.179619
vt 0.511879 0.176223
vt 0.512802 0.175299
vt 0.934095 0.149609
vt 0.514063 0.174961
vt 0.931299 0.149614
vt 0.931417 0.149380
vt 0.932103 0.148479
vt 0.933069 0.147884
vt 0.934091 0.147676
vt 0.516002 0.174961
vt 0.194988 0.616743
vt 0.170541 0.616953
vt 0.170539 0.616743
vt 0.624602 0.070893
vt 0.624692 0.070866
vt 0.624781 0.071240
vt 0.194990 0.616953
vt 0.623200 0.071295
vt 0.624582 0.070709
vt 0.623237 0.071451
vt 0.273325 0.606113
vt 0.273344 0.605725
vt 0.273344 0.606890
vt 0.624682 0.070826
vt 0.983620 0.415474
vt 0.983815 0.414793
vt 0.985187 0.413420
vt 0.623269 0.071585
vt 0.623109 0.071571
vt 0.622891 0.071550
vt 0.622792 0.071547
vt 0.623093 0.070916
vt 0.982490 0.418613
vt 0.982255 0.417031
vt 0.622189 0.071143
vt 0.622645 0.069312
vt 0.070300 0.574291
vt 0.070300 0.576569
vt 0.070270 0.576280
vt 0.622696 0.071535
vt 0.622336 0.071351
vt 0.622316 0.071323
vt 0.622685 0.071538
vt 0.622778 0.071551
vt 0.621965 0.071895
vt 0.622058 0.071902
vt 0.965124 0.785992
vt 0.965069 0.784426
vt 0.965435 0.784522
vt 0.622004 0.071929
vt 0.621699 0.072027
vt 0.965075 0.786055
vt 0.622794 0.071558
vt 0.622144 0.071995
vt 0.128073 0.337268
vt 0.128132 0.337138
vt 0.128132 0.337350
vt 0.561440 0.340049
vt 0.561360 0.339859
vt 0.561399 0.339950
vt 0.561478 0.339602
vt 0.561478 0.340146
vt 0.141273 0.337209
vt 0.141342 0.337142
vt 0.141342 0.337280
vt 0.622799 0.071576
vt 0.626527 0.125437
vt 0.626559 0.125347
vt 0.626559 0.126217
vt 0.965027 0.786607
vt 0.965233 0.787397
vt 0.965079 0.787602
vt 0.965238 0.786418
vt 0.964997 0.786634
vt 0.621790 0.072033
vt 0.622038 0.072058
vt 0.621377 0.072413
vt 0.965068 0.787617
vt 0.965060 0.787627
vt 0.964804 0.786807
vt 0.964820 0.786442
vt 0.964764 0.786465
vt 0.964648 0.787801
vt 0.964632 0.786850
vt 0.964577 0.786542
vt 0.964368 0.786583
vt 0.964193 0.786960
vt 0.964571 0.787834
vt 0.964577 0.787832
vt 0.963964 0.787968
vt 0.964523 0.788570
vt 0.964351 0.788645
vt 0.964393 0.788627
vt 0.964132 0.790509
vt 0.964710 0.791960
vt 0.964886 0.790170
vt 0.963369 0.788809
vt 0.963719 0.788751
vt 0.963788 0.788004
vt 0.963813 0.788001
vt 0.963613 0.787106
vt 0.963180 0.788029
vt 0.963153 0.788087
vt 0.962016 0.788817
vt 0.962847 0.788896
vt 0.961382 0.787763
vt 0.961368 0.787768
vt 0.961835 0.788933
vt 0.962271 0.790418
vt 0.961387 0.789171
vt 0.962151 0.790734
vt 0.960756 0.789506
vt 0.960033 0.788277
vt 0.960055 0.788270
vt 0.960450 0.789668
vt 0.960278 0.788206
vt 0.959494 0.786824
vt 0.957994 0.786620
vt 0.958181 0.787133
vt 0.951630 0.788487
vt 0.958734 0.788652
vt 0.957839 0.786052
vt 0.957724 0.785632
vt 0.957476 0.784728
vt 0.959447 0.789991
vt 0.959511 0.790088
vt 0.962619 0.787158
vt 0.963185 0.785117
vt 0.963109 0.786899
vt 0.962811 0.783808
vt 0.963458 0.782825
vt 0.962808 0.783798
vt 0.963710 0.783168
vt 0.964459 0.784743
vt 0.964604 0.784381
vt 0.962614 0.783118
vt 0.962264 0.781228
vt 0.962299 0.781276
vt 0.963269 0.782569
vt 0.615912 0.076181
vt 0.616303 0.076079
vt 0.616011 0.076266
vt 0.615914 0.076868
vt 0.619448 0.071280
vt 0.966037 0.781225
vt 0.616148 0.077333
vt 0.961618 0.781345
vt 0.825673 0.487053
vt 0.825053 0.487053
vt 0.825151 0.485738
vt 0.615349 0.075697
vt 0.619214 0.070843
vt 0.620427 0.070450
vt 0.619556 0.071482
vt 0.616370 0.076027
vt 0.621086 0.069734
vt 0.621333 0.070023
vt 0.620504 0.069051
vt 0.619859 0.069381
vt 0.620866 0.071298
vt 0.619751 0.071845
vt 0.621915 0.070756
vt 0.621936 0.070782
vt 0.621165 0.071887
vt 0.965756 0.782811
vt 0.965231 0.784442
vt 0.620926 0.072121
vt 0.965474 0.782059
vt 0.965186 0.782738
vt 0.619911 0.072152
vt 0.965085 0.782977
vt 0.619967 0.072260
vt 0.964797 0.783656
vt 0.620127 0.072567
vt 0.621952 0.066863
vt 0.620478 0.069022
vt 0.982490 0.421949
vt 0.981542 0.420281
vt 0.982255 0.423531
vt 0.983620 0.425088
vt 0.621096 0.063857
vt 0.619222 0.067632
vt 0.619470 0.067898
vt 0.619498 0.067929
vt 0.983815 0.425770
vt 0.620919 0.063236
vt 0.624222 0.063947
vt 0.621666 0.065848
vt 0.624464 0.066972
vt 0.622470 0.068676
vt 0.624323 0.065080
vt 0.624356 0.065441
vt 0.624463 0.066957
vt 0.625138 0.063948
vt 0.625155 0.065490
vt 0.626133 0.065348
vt 0.625121 0.066931
vt 0.625378 0.068138
vt 0.625338 0.068157
vt 0.625931 0.067877
vt 0.624508 0.068080
vt 0.625008 0.068203
vt 0.626092 0.066704
vt 0.626130 0.067783
vt 0.161057 0.613524
vt 0.160262 0.613782
vt 0.159530 0.612544
vt 0.626449 0.067632
vt 0.161626 0.614663
vt 0.162820 0.615087
vt 0.162304 0.615545
vt 0.626039 0.068721
vt 0.161938 0.614438
vt 0.162021 0.614377
vt 0.162363 0.613587
vt 0.161929 0.613078
vt 0.162683 0.613899
vt 0.164313 0.611001
vt 0.166189 0.613256
vt 0.165845 0.613754
vt 0.166753 0.612823
vt 0.164796 0.610143
vt 0.162523 0.609660
vt 0.161339 0.612143
vt 0.161901 0.613044
vt 0.161270 0.611896
vt 0.160385 0.612425
vt 0.159940 0.611225
vt 0.159053 0.611187
vt 0.159363 0.609903
vt 0.159775 0.609952
vt 0.159799 0.609955
vt 0.161046 0.611097
vt 0.160759 0.610070
vt 0.160676 0.608853
vt 0.160752 0.608220
vt 0.160646 0.608411
vt 0.160626 0.608104
vt 0.160523 0.606577
vt 0.162534 0.605066
vt 0.164343 0.601888
vt 0.166079 0.603376
vt 0.160831 0.603552
vt 0.160489 0.606076
vt 0.164286 0.606534
vt 0.169175 0.602451
vt 0.167896 0.600192
vt 0.196329 0.602463
vt 0.195861 0.601644
vt 0.169640 0.601636
vt 0.170126 0.600785
vt 0.172555 0.596556
vt 0.171581 0.593778
vt 0.173303 0.595259
vt 0.173400 0.595091
vt 0.195795 0.601529
vt 0.192582 0.595944
vt 0.192188 0.595260
vt 0.192092 0.595094
vt 0.193908 0.593778
vt 0.192858 0.591958
vt 0.193821 0.592625
vt 0.194429 0.593048
vt 0.194601 0.593168
vt 0.197597 0.600192
vt 0.197660 0.604789
vt 0.199418 0.603376
vt 0.197159 0.594944
vt 0.199321 0.598691
vt 0.198918 0.606988
vt 0.201155 0.601888
vt 0.202967 0.605066
vt 0.201427 0.597917
vt 0.202843 0.600368
vt 0.201478 0.597952
vt 0.198394 0.583863
vt 0.200719 0.597424
vt 0.194431 0.584673
vt 0.194913 0.584549
vt 0.195693 0.584395
vt 0.191667 0.583120
vt 0.192097 0.585275
vt 0.195396 0.582221
vt 0.197761 0.595362
vt 0.190562 0.581456
vt 0.191312 0.581281
vt 0.190015 0.581603
vt 0.187603 0.582248
vt 0.191625 0.585397
vt 0.187979 0.584366
vt 0.188565 0.586456
vt 0.187976 0.584354
vt 0.192608 0.580977
vt 0.192066 0.580202
vt 0.189906 0.581382
vt 0.194404 0.580556
vt 0.194035 0.578728
vt 0.189517 0.576236
vt 0.187947 0.577093
vt 0.187601 0.582241
vt 0.186272 0.577718
vt 0.183845 0.573375
vt 0.184927 0.573139
vt 0.184524 0.578098
vt 0.182740 0.573454
vt 0.185197 0.582758
vt 0.182741 0.578226
vt 0.182743 0.582942
vt 0.180957 0.578098
vt 0.181636 0.573375
vt 0.182744 0.585087
vt 0.180289 0.582758
vt 0.179839 0.584868
vt 0.178086 0.582302
vt 0.180159 0.582748
vt 0.177884 0.582241
vt 0.179210 0.577718
vt 0.176923 0.586456
vt 0.177508 0.584366
vt 0.179514 0.587012
vt 0.179530 0.587016
vt 0.182209 0.587250
vt 0.176164 0.586167
vt 0.173819 0.583133
vt 0.175451 0.581610
vt 0.177882 0.582249
vt 0.173393 0.585264
vt 0.176923 0.588982
vt 0.173474 0.591373
vt 0.172632 0.591957
vt 0.171061 0.593048
vt 0.170888 0.593168
vt 0.170152 0.584456
vt 0.171060 0.584679
vt 0.173257 0.585220
vt 0.170092 0.582234
vt 0.170315 0.580401
vt 0.170040 0.580340
vt 0.169811 0.580288
vt 0.169798 0.584388
vt 0.166407 0.581546
vt 0.166182 0.583702
vt 0.162803 0.580924
vt 0.166607 0.583775
vt 0.162934 0.578999
vt 0.165873 0.579531
vt 0.166564 0.579662
vt 0.166590 0.579666
vt 0.166152 0.579582
vt 0.164376 0.577506
vt 0.162646 0.578947
vt 0.162229 0.578869
vt 0.162883 0.574771
vt 0.167057 0.572859
vt 0.168236 0.575018
vt 0.166197 0.570554
vt 0.170716 0.569224
vt 0.171341 0.570899
vt 0.175293 0.567879
vt 0.175680 0.568916
vt 0.172198 0.572469
vt 0.175293 0.563505
vt 0.175058 0.564587
vt 0.175058 0.566796
vt 0.175680 0.562467
vt 0.178544 0.572222
vt 0.176211 0.561495
vt 0.177657 0.571558
vt 0.176874 0.570775
vt 0.176211 0.569888
vt 0.171341 0.560486
vt 0.170716 0.562162
vt 0.176874 0.560609
vt 0.172198 0.558917
vt 0.177657 0.559826
vt 0.173269 0.557485
vt 0.178544 0.559162
vt 0.174534 0.556221
vt 0.179516 0.558631
vt 0.175965 0.555149
vt 0.173420 0.551188
vt 0.177535 0.554292
vt 0.171450 0.552663
vt 0.168446 0.549196
vt 0.166243 0.551399
vt 0.169711 0.554402
vt 0.168236 0.556372
vt 0.164376 0.553893
vt 0.162883 0.556628
vt 0.158870 0.554799
vt 0.160665 0.551512
vt 0.155070 0.553068
vt 0.157151 0.549257
vt 0.162910 0.548513
vt 0.159754 0.545780
vt 0.165559 0.545864
vt 0.162824 0.542709
vt 0.168557 0.543619
vt 0.170940 0.547329
vt 0.169268 0.540460
vt 0.168819 0.540564
vt 0.171845 0.541824
vt 0.166301 0.540106
vt 0.173675 0.545835
vt 0.167104 0.540033
vt 0.167136 0.540051
vt 0.167821 0.540426
vt 0.168037 0.540491
vt 0.168155 0.540502
vt 0.175579 0.550009
vt 0.177885 0.549149
vt 0.176594 0.544747
vt 0.175355 0.540515
vt 0.179639 0.544084
vt 0.180289 0.548626
vt 0.182743 0.548451
vt 0.182741 0.553159
vt 0.180957 0.553287
vt 0.179210 0.553667
vt 0.181636 0.558009
vt 0.182740 0.557930
vt 0.180554 0.558244
vt 0.183845 0.558009
vt 0.184927 0.558244
vt 0.184525 0.553287
vt 0.186272 0.553667
vt 0.185197 0.548626
vt 0.182746 0.543862
vt 0.185854 0.544084
vt 0.187601 0.549149
vt 0.188898 0.544747
vt 0.187947 0.554292
vt 0.189906 0.550009
vt 0.191818 0.545835
vt 0.192066 0.551188
vt 0.189517 0.555149
vt 0.194552 0.547329
vt 0.193657 0.541824
vt 0.190147 0.540515
vt 0.194758 0.539406
vt 0.194762 0.539412
vt 0.194906 0.539655
vt 0.195525 0.540193
vt 0.195712 0.540273
vt 0.196944 0.543619
vt 0.199212 0.540106
vt 0.198217 0.540150
vt 0.199943 0.545864
vt 0.196215 0.540488
vt 0.196923 0.540568
vt 0.196980 0.540558
vt 0.197636 0.540444
vt 0.197046 0.549196
vt 0.202689 0.542709
vt 0.202591 0.548513
vt 0.199249 0.551399
vt 0.205760 0.545780
vt 0.204836 0.551512
vt 0.201116 0.553893
vt 0.208362 0.549257
vt 0.206631 0.554799
vt 0.202610 0.556628
vt 0.198429 0.558532
vt 0.199289 0.560837
vt 0.203698 0.559547
vt 0.204361 0.562592
vt 0.199811 0.563241
vt 0.207940 0.558309
vt 0.208736 0.561969
vt 0.210934 0.560686
vt 0.211961 0.557137
vt 0.211988 0.558786
vt 0.211416 0.559320
vt 0.211286 0.559506
vt 0.210443 0.553068
vt 0.211239 0.559615
vt 0.210975 0.560226
vt 0.643685 0.202001
vt 0.638658 0.202056
vt 0.638723 0.201598
vt 0.638607 0.202413
vt 0.210903 0.561044
vt 0.211040 0.561642
vt 0.643700 0.203116
vt 0.638642 0.203016
vt 0.638819 0.203781
vt 0.638654 0.203165
vt 0.643730 0.204063
vt 0.638650 0.203150
vt 0.743127 0.983400
vt 0.744139 0.982913
vt 0.745261 0.982913
vt 0.211079 0.561790
vt 0.211422 0.562395
vt 0.209004 0.565705
vt 0.211070 0.561775
vt 0.211734 0.562697
vt 0.211942 0.562899
vt 0.213194 0.565713
vt 0.204583 0.565699
vt 0.204361 0.568807
vt 0.208736 0.569442
vt 0.217064 0.565723
vt 0.217089 0.566614
vt 0.213816 0.563349
vt 0.213476 0.563379
vt 0.212884 0.570045
vt 0.213098 0.563322
vt 0.212632 0.563251
vt 0.212696 0.563261
vt 0.585082 0.988802
vt 0.585310 0.989207
vt 0.581112 0.989020
vt 0.584868 0.988420
vt 0.742427 0.984278
vt 0.742178 0.985373
vt 0.581061 0.989947
vt 0.584662 0.988069
vt 0.581165 0.987910
vt 0.581455 0.983873
vt 0.581756 0.984050
vt 0.581345 0.983809
vt 0.582501 0.984779
vt 0.743142 0.989546
vt 0.742178 0.989490
vt 0.643925 0.203322
vt 0.643866 0.199276
vt 0.645093 0.198415
vt 0.645165 0.203291
vt 0.747223 0.989490
vt 0.747223 0.985373
vt 0.643936 0.204286
vt 0.746973 0.984278
vt 0.639761 0.200005
vt 0.643735 0.199763
vt 0.643704 0.200140
vt 0.642641 0.199397
vt 0.642975 0.199353
vt 0.640236 0.199798
vt 0.643758 0.199286
vt 0.213027 0.558366
vt 0.216019 0.557169
vt 0.212349 0.558593
vt 0.216192 0.557873
vt 0.215652 0.556067
vt 0.642629 0.198687
vt 0.643735 0.198494
vt 0.642607 0.197571
vt 0.216538 0.557819
vt 0.214515 0.552649
vt 0.642539 0.194112
vt 0.643643 0.193804
vt 0.642509 0.192928
vt 0.643532 0.189347
vt 0.645000 0.193684
vt 0.644948 0.191602
vt 0.644887 0.189188
vt 0.645092 0.198406
vt 0.642430 0.189765
vt 0.644768 0.185330
vt 0.643404 0.185210
vt 0.642393 0.188551
vt 0.212400 0.548380
vt 0.213939 0.551486
vt 0.211593 0.547196
vt 0.644759 0.185015
vt 0.644616 0.181244
vt 0.208660 0.543284
vt 0.210396 0.543913
vt 0.209715 0.544445
vt 0.207111 0.540299
vt 0.642306 0.185729
vt 0.643262 0.181472
vt 0.934441 0.528310
vt 0.934430 0.529668
vt 0.933077 0.529447
vt 0.946938 0.528261
vt 0.946977 0.528573
vt 0.657102 0.180072
vt 0.657172 0.180419
vt 0.657903 0.180447
vt 0.657457 0.181823
vt 0.657757 0.183342
vt 0.658133 0.185242
vt 0.658479 0.183288
vt 0.659092 0.186394
vt 0.659139 0.183512
vt 0.947764 0.528737
vt 0.948431 0.528335
vt 0.948198 0.531235
vt 0.948864 0.530801
vt 0.470646 0.593367
vt 0.471158 0.593858
vt 0.467954 0.596060
vt 0.468521 0.596487
vt 0.465575 0.599027
vt 0.659750 0.186564
vt 0.470457 0.595015
vt 0.474068 0.591529
vt 0.471435 0.594148
vt 0.472917 0.592832
vt 0.472050 0.595048
vt 0.609208 0.604654
vt 0.615174 0.604566
vt 0.609099 0.605370
vt 0.471216 0.595696
vt 0.615156 0.601992
vt 0.609810 0.600718
vt 0.476635 0.591484
vt 0.609888 0.600184
vt 0.615145 0.600110
vt 0.477577 0.591027
vt 0.475489 0.590960
vt 0.474296 0.591828
vt 0.477218 0.589528
vt 0.477401 0.589834
vt 0.478376 0.589260
vt 0.480570 0.587882
vt 0.480707 0.588184
vt 0.482811 0.588491
vt 0.481419 0.587856
vt 0.484178 0.586903
vt 0.483820 0.588243
vt 0.484084 0.586610
vt 0.484584 0.586763
vt 0.489475 0.586849
vt 0.610366 0.596891
vt 0.615131 0.596781
vt 0.610322 0.597222
vt 0.610612 0.595035
vt 0.615131 0.595351
vt 0.615423 0.595423
vt 0.615423 0.597008
vt 0.615131 0.596940
vt 0.615140 0.599170
vt 0.615432 0.599233
vt 0.615448 0.602049
vt 0.370043 0.682597
vt 0.370154 0.682780
vt 0.366159 0.685376
vt 0.374374 0.680610
vt 0.374291 0.680413
vt 0.374488 0.680878
vt 0.370306 0.683029
vt 0.366295 0.685541
vt 0.375297 0.685190
vt 0.379513 0.683627
vt 0.378939 0.679360
vt 0.379574 0.683841
vt 0.383951 0.682982
vt 0.383926 0.682761
vt 0.383563 0.678506
vt 0.388420 0.682613
vt 0.388410 0.682836
vt 0.392834 0.683406
vt 0.388400 0.683024
vt 0.392795 0.683591
vt 0.397041 0.684855
vt 0.397109 0.684680
vt 0.392880 0.683189
vt 0.388262 0.678334
vt 0.392937 0.678848
vt 0.397190 0.684472
vt 0.397486 0.680037
vt 0.401125 0.686622
vt 0.401238 0.686430
vt 0.401814 0.681877
vt 0.404920 0.689012
vt 0.404777 0.689184
vt 0.407971 0.692298
vt 0.407829 0.692422
vt 0.404657 0.689328
vt 0.401029 0.686784
vt 0.616152 0.682216
vt 0.616187 0.685861
vt 0.616000 0.685781
vt 0.616043 0.688961
vt 0.616231 0.689055
vt 0.353760 0.949295
vt 0.353770 0.952809
vt 0.353547 0.952839
vt 0.353537 0.949318
vt 0.615813 0.688361
vt 0.353358 0.952923
vt 0.615821 0.688927
vt 0.354340 0.948489
vt 0.354354 0.953390
vt 0.615231 0.688397
vt 0.410802 0.696880
vt 0.410634 0.696975
vt 0.407173 0.691944
vt 0.615778 0.685753
vt 0.615175 0.683732
vt 0.407030 0.692075
vt 0.402536 0.687939
vt 0.400626 0.734068
vt 0.413056 0.702555
vt 0.405659 0.730608
vt 0.405526 0.730464
vt 0.400723 0.734237
vt 0.395046 0.736491
vt 0.385101 0.683424
vt 0.391179 0.683662
vt 0.397052 0.685247
vt 0.402426 0.688099
vt 0.414177 0.708535
vt 0.413939 0.714613
vt 0.409663 0.725971
vt 0.409502 0.725860
vt 0.412535 0.720559
vt 0.412354 0.720487
vt 0.354330 0.924827
vt 0.353749 0.923951
vt 0.354340 0.919388
vt 0.414131 0.714644
vt 0.353748 0.924846
vt 0.354325 0.930757
vt 0.353745 0.928131
vt 0.353522 0.928120
vt 0.353526 0.923934
vt 0.353332 0.928090
vt 0.353337 0.923885
vt 0.353534 0.920024
vt 0.353756 0.920048
vt 0.353758 0.919419
vt 0.353543 0.916493
vt 0.353766 0.916522
vt 0.353772 0.914775
vt 0.353554 0.913431
vt 0.353354 0.916410
vt 0.353344 0.919957
vt 0.412332 0.721504
vt 0.412505 0.721580
vt 0.410243 0.725411
vt 0.410402 0.725514
vt 0.407555 0.728933
vt 0.412709 0.721669
vt 0.407696 0.729060
vt 0.410590 0.725635
vt 0.407862 0.729209
vt 0.415176 0.726289
vt 0.412581 0.730211
vt 0.417172 0.722031
vt 0.415429 0.726431
vt 0.417443 0.722134
vt 0.419018 0.717636
vt 0.418810 0.717590
vt 0.417642 0.722210
vt 0.419713 0.712910
vt 0.419501 0.712896
vt 0.418526 0.717527
vt 0.419211 0.712875
vt 0.414165 0.717414
vt 0.414920 0.712981
vt 0.413949 0.717359
vt 0.413766 0.717312
vt 0.414698 0.712961
vt 0.414731 0.708500
vt 0.414954 0.708484
vt 0.414510 0.712944
vt 0.414543 0.708513
vt 0.353519 0.932475
vt 0.353331 0.936896
vt 0.353330 0.932465
vt 0.353742 0.932478
vt 0.353520 0.936885
vt 0.353743 0.930771
vt 0.353743 0.936881
vt 0.353334 0.941267
vt 0.353523 0.941237
vt 0.353746 0.941226
vt 0.353748 0.942865
vt 0.353529 0.945418
vt 0.353340 0.945467
vt 0.354325 0.936881
vt 0.354330 0.942892
vt 0.353752 0.945400
vt 0.413242 0.702499
vt 0.414371 0.708521
vt 0.353758 0.948461
vt 0.354520 0.930785
vt 0.354520 0.936865
vt 0.353348 0.949386
vt 0.412668 0.699850
vt 0.413865 0.704135
vt 0.412493 0.699922
vt 0.410624 0.695884
vt 0.410464 0.695983
vt 0.408139 0.692152
vt 0.410814 0.695767
vt 0.412581 0.690837
vt 0.415176 0.694759
vt 0.412873 0.699764
vt 0.412811 0.690659
vt 0.415429 0.694616
vt 0.417172 0.699017
vt 0.414265 0.704040
vt 0.417443 0.698912
vt 0.418526 0.703520
vt 0.418810 0.703456
vt 0.419211 0.708172
vt 0.419501 0.708151
vt 0.419018 0.703409
vt 0.419713 0.708134
vt 0.624816 0.314562
vt 0.625104 0.314575
vt 0.624554 0.319329
vt 0.625100 0.309824
vt 0.625389 0.309826
vt 0.627799 0.313850
vt 0.627733 0.313891
vt 0.625519 0.307825
vt 0.627522 0.314021
vt 0.627360 0.314222
vt 0.601059 0.113731
vt 0.600854 0.116455
vt 0.600849 0.113735
vt 0.600794 0.113736
vt 0.627317 0.314275
vt 0.627208 0.314581
vt 0.600481 0.113739
vt 0.627208 0.314693
vt 0.600369 0.116456
vt 0.600369 0.113739
vt 0.599884 0.116455
vt 0.599886 0.113735
vt 0.600190 0.023180
vt 0.598706 0.024108
vt 0.598698 0.023607
vt 0.600164 0.021578
vt 0.600156 0.113738
vt 0.598440 0.023178
vt 0.998674 0.956294
vt 0.999645 0.956294
vt 0.999645 0.956398
vt 0.600195 0.021461
vt 0.998673 0.954740
vt 0.999644 0.954740
vt 0.737332 0.486209
vt 0.738720 0.481017
vt 0.741709 0.481825
vt 0.740322 0.481019
vt 0.736531 0.484816
vt 0.737332 0.481819
vt 0.998674 0.953189
vt 0.740322 0.487016
vt 0.738720 0.487014
vt 0.262128 0.995034
vt 0.261196 0.994936
vt 0.262130 0.993903
vt 0.513766 0.998669
vt 0.514643 0.999175
vt 0.513778 0.999171
vt 0.514577 0.997630
vt 0.513788 0.999571
vt 0.261242 0.994162
vt 0.605704 0.024125
vt 0.606157 0.023186
vt 0.610580 0.025880
vt 0.261192 0.995041
vt 0.606169 0.023073
vt 0.593383 0.030799
vt 0.610688 0.026255
vt 0.599786 0.027405
vt 0.600569 0.027011
vt 0.600587 0.026992
vt 0.611977 0.025860
vt 0.610632 0.021165
vt 0.601105 0.026444
vt 0.601163 0.026311
vt 0.601425 0.025706
vt 0.603464 0.025416
vt 0.604030 0.025310
vt 0.604968 0.024860
vt 0.605377 0.024451
vt 0.609332 0.021519
vt 0.610319 0.017333
vt 0.611437 0.020063
vt 0.609550 0.017429
vt 0.608603 0.018979
vt 0.611682 0.020915
vt 0.148437 0.566614
vt 0.148463 0.565723
vt 0.152319 0.565713
vt 0.148201 0.562802
vt 0.148545 0.562856
vt 0.152629 0.570045
vt 0.156498 0.565705
vt 0.151699 0.563349
vt 0.152413 0.563339
vt 0.152544 0.563337
vt 0.152781 0.563282
vt 0.152815 0.563266
vt 0.196994 0.987062
vt 0.200495 0.987058
vt 0.196539 0.987776
vt 0.199306 0.983950
vt 0.756854 0.986487
vt 0.757818 0.982314
vt 0.757104 0.987582
vt 0.200496 0.988180
vt 0.199630 0.983610
vt 0.200399 0.983122
vt 0.200505 0.983055
vt 0.756854 0.982370
vt 0.609444 0.017442
vt 0.609182 0.016529
vt 0.607984 0.016821
vt 0.757804 0.988459
vt 0.761899 0.982370
vt 0.608090 0.012732
vt 0.605117 0.019967
vt 0.604680 0.019621
vt 0.606670 0.012251
vt 0.262126 0.998139
vt 0.261225 0.998787
vt 0.261202 0.998329
vt 0.603920 0.019359
vt 0.261258 0.999255
vt 0.262128 0.999281
vt 0.261268 0.999393
vt 0.603697 0.019282
vt 0.261294 0.999683
vt 0.602654 0.019286
vt 0.262130 0.999704
vt 0.602340 0.019429
vt 0.602324 0.019362
vt 0.601386 0.019810
vt 0.998681 0.957855
vt 0.999528 0.957678
vt 0.999515 0.957855
vt 0.599860 0.020358
vt 0.998677 0.957434
vt 0.999547 0.957396
vt 0.600976 0.020215
vt 0.600649 0.020539
vt 0.600032 0.020594
vt 0.599797 0.020773
vt 0.599230 0.020264
vt 0.599364 0.020032
vt 0.606668 0.012243
vt 0.598446 0.019758
vt 0.591766 0.016545
vt 0.591496 0.014116
vt 0.591298 0.012328
vt 0.607993 0.011977
vt 0.606750 0.007662
vt 0.605416 0.007898
vt 0.599244 0.019952
vt 0.598514 0.019774
vt 0.607895 0.007743
vt 0.607586 0.006676
vt 0.604873 0.006021
vt 0.606762 0.003823
vt 0.605589 0.003643
vt 0.603261 0.000447
vt 0.604534 0.000000
vt 0.604245 0.003844
vt 0.153126 0.548380
vt 0.152384 0.547947
vt 0.153934 0.547196
vt 0.155812 0.544445
vt 0.155137 0.543913
vt 0.590744 0.007240
vt 0.590433 0.004312
vt 0.589722 0.004465
vt 0.590041 0.007487
vt 0.590419 0.004182
vt 0.589449 0.007859
vt 0.590392 0.010754
vt 0.589786 0.011073
vt 0.523693 0.601080
vt 0.524827 0.604656
vt 0.523053 0.601392
vt 0.525499 0.604419
vt 0.521531 0.597955
vt 0.589143 0.004887
vt 0.520932 0.598338
vt 0.522043 0.600610
vt 0.522641 0.601624
vt 0.523646 0.603331
vt 0.523483 0.605065
vt 0.524360 0.604856
vt 0.524998 0.606220
vt 0.523815 0.605989
vt 0.526236 0.608093
vt 0.525727 0.608248
vt 0.526931 0.607934
vt 0.526016 0.609051
vt 0.526722 0.611765
vt 0.527263 0.611663
vt 0.526786 0.612009
vt 0.527286 0.615055
vt 0.527972 0.611582
vt 0.527897 0.615324
vt 0.528610 0.615322
vt 0.590771 0.014227
vt 0.590536 0.018079
vt 0.590149 0.014493
vt 0.591172 0.017867
vt 0.590941 0.021789
vt 0.591898 0.017743
vt 0.591911 0.017861
vt 0.592058 0.021555
vt 0.591592 0.021629
vt 0.591913 0.021663
vt 0.591833 0.021800
vt 0.591648 0.022116
vt 0.592390 0.021619
vt 0.591890 0.021883
vt 0.592478 0.021881
vt 0.592047 0.022095
vt 0.592108 0.022183
vt 0.592256 0.022008
vt 0.591630 0.022534
vt 0.591559 0.022267
vt 0.567794 0.492596
vt 0.567839 0.492362
vt 0.567839 0.492839
vt 0.635020 0.440694
vt 0.635020 0.441394
vt 0.634821 0.441192
vt 0.591389 0.023240
vt 0.591596 0.023264
vt 0.591523 0.022452
vt 0.592035 0.022269
vt 0.591804 0.022660
vt 0.567629 0.492893
vt 0.567674 0.492362
vt 0.567674 0.492974
vt 0.591383 0.023166
vt 0.347867 0.799204
vt 0.347568 0.797698
vt 0.347570 0.797624
vt 0.597499 0.022945
vt 0.591930 0.022523
vt 0.592523 0.021868
vt 0.592545 0.021861
vt 0.601248 0.113726
vt 0.601343 0.116454
vt 0.601211 0.116455
vt 0.597874 0.020338
vt 0.598001 0.022936
vt 0.591801 0.024590
vt 0.597551 0.023164
vt 0.601343 0.113723
vt 0.597768 0.020365
vt 0.591857 0.022698
vt 0.591803 0.022828
vt 0.591754 0.023278
vt 0.591779 0.023869
vt 0.591732 0.023478
vt 0.591910 0.024546
vt 0.830988 0.593045
vt 0.831066 0.592663
vt 0.831353 0.593489
vt 0.634788 0.440603
vt 0.634800 0.440416
vt 0.597698 0.020122
vt 0.592475 0.021618
vt 0.597682 0.020068
vt 0.597618 0.019845
vt 0.598486 0.020009
vt 0.598445 0.020305
vt 0.592395 0.021341
vt 0.599116 0.020456
vt 0.598567 0.020298
vt 0.599720 0.020833
vt 0.599229 0.020488
vt 0.599784 0.020879
vt 0.599992 0.021168
vt 0.600179 0.021428
vt 0.600357 0.021039
vt 0.999563 0.957172
vt 0.999588 0.956767
vt 0.600208 0.021421
vt 0.999637 0.956435
vt 0.592306 0.021369
vt 0.592321 0.021415
vt 0.831297 0.592672
vt 0.831203 0.591988
vt 0.831353 0.592019
vt 0.591645 0.023967
vt 0.591468 0.024063
vt 0.591592 0.024666
vt 0.591287 0.024780
vt 0.591461 0.024068
vt 0.347867 0.796203
vt 0.347591 0.796804
vt 0.591145 0.024833
vt 0.590881 0.024956
vt 0.528665 0.618316
vt 0.528113 0.618315
vt 0.590794 0.025032
vt 0.528086 0.618315
vt 0.590868 0.024961
vt 0.527308 0.615369
vt 0.527509 0.618315
vt 0.526724 0.618316
vt 0.590809 0.025095
vt 0.634550 0.308325
vt 0.635218 0.314173
vt 0.525932 0.612485
vt 0.628220 0.313780
vt 0.634439 0.307357
vt 0.525801 0.611520
vt 0.625689 0.305207
vt 0.633844 0.301860
vt 0.625399 0.305216
vt 0.625957 0.301400
vt 0.625708 0.300835
vt 0.625998 0.300815
vt 0.633744 0.300942
vt 0.626309 0.296746
vt 0.626019 0.296775
vt 0.626402 0.295648
vt 0.633247 0.296035
vt 0.520392 0.600076
vt 0.633163 0.295208
vt 0.519870 0.599235
vt 0.520579 0.598591
vt 0.520156 0.598007
vt 0.518200 0.595792
vt 0.518490 0.595530
vt 0.516248 0.592492
vt 0.515755 0.593003
vt 0.518034 0.595604
vt 0.519040 0.595080
vt 0.947374 0.482615
vt 0.948044 0.482946
vt 0.947037 0.485899
vt 0.948431 0.479953
vt 0.513186 0.590221
vt 0.947708 0.486181
vt 0.946273 0.486052
vt 0.946301 0.485783
vt 0.946101 0.488393
vt 0.946756 0.489392
vt 0.946032 0.489333
vt 0.947427 0.489621
vt 0.946533 0.493055
vt 0.945878 0.491430
vt 0.509891 0.588296
vt 0.509534 0.588908
vt 0.506401 0.586740
vt 0.512758 0.590787
vt 0.947204 0.493225
vt 0.506121 0.587391
vt 0.946372 0.496841
vt 0.502760 0.585575
vt 0.947043 0.496949
vt 0.946274 0.500704
vt 0.946945 0.500749
vt 0.502560 0.586254
vt 0.499010 0.584815
vt 0.498895 0.585513
vt 0.495198 0.584469
vt 0.946241 0.504597
vt 0.946912 0.504576
vt 0.495169 0.585176
vt 0.497602 0.585628
vt 0.498846 0.585827
vt 0.500922 0.586160
vt 0.503091 0.587839
vt 0.502474 0.586569
vt 0.504105 0.586999
vt 0.505996 0.587702
vt 0.504031 0.588222
vt 0.632344 0.284737
vt 0.627588 0.284465
vt 0.632327 0.284388
vt 0.627451 0.285280
vt 0.632439 0.286745
vt 0.507158 0.588133
vt 0.509446 0.590429
vt 0.509371 0.589209
vt 0.510090 0.589559
vt 0.512556 0.591075
vt 0.510279 0.590994
vt 0.512956 0.591321
vt 0.515122 0.594283
vt 0.632480 0.287282
vt 0.627237 0.286955
vt 0.627194 0.287290
vt 0.632722 0.290405
vt 0.515513 0.593277
vt 0.515701 0.593421
vt 0.632786 0.291104
vt 0.626835 0.290756
vt 0.515813 0.595004
vt 0.626914 0.289910
vt 0.626622 0.289956
vt 0.406121 0.683915
vt 0.405997 0.684089
vt 0.402044 0.681427
vt 0.626901 0.287342
vt 0.626325 0.293123
vt 0.409645 0.687125
vt 0.409792 0.686970
vt 0.626617 0.293085
vt 0.412979 0.690527
vt 0.409443 0.687334
vt 0.405828 0.684326
vt 0.401947 0.681617
vt 0.397580 0.679762
vt 0.397649 0.679559
vt 0.627157 0.285336
vt 0.627386 0.283982
vt 0.393028 0.678351
vt 0.392989 0.678562
vt 0.388280 0.677829
vt 0.388283 0.677749
vt 0.627680 0.283922
vt 0.393041 0.678273
vt 0.627875 0.283246
vt 0.632382 0.283579
vt 0.079238 0.397739
vt 0.079238 0.402256
vt 0.079231 0.402255
vt 0.388123 0.677755
vt 0.202299 0.711297
vt 0.202327 0.706783
vt 0.202441 0.711297
vt 0.610667 0.594253
vt 0.615154 0.594223
vt 0.615139 0.594436
vt 0.383507 0.678003
vt 0.383498 0.677924
vt 0.610620 0.594918
vt 0.381302 0.678330
vt 0.615135 0.594863
vt 0.490506 0.586816
vt 0.491008 0.585559
vt 0.491450 0.585542
vt 0.487739 0.586009
vt 0.496336 0.586628
vt 0.487718 0.585728
vt 0.483857 0.585939
vt 0.487575 0.585035
vt 0.491428 0.585248
vt 0.491370 0.584543
vt 0.494306 0.585431
vt 0.495157 0.585482
vt 0.946274 0.508471
vt 0.946945 0.508386
vt 0.946372 0.512279
vt 0.947042 0.512130
vt 0.945642 0.512330
vt 0.945680 0.513632
vt 0.946534 0.515972
vt 0.945812 0.516021
vt 0.934473 0.513234
vt 0.934477 0.516427
vt 0.945829 0.516330
vt 0.945981 0.519099
vt 0.934478 0.517849
vt 0.946024 0.519602
vt 0.946757 0.519506
vt 0.947426 0.519240
vt 0.947039 0.522838
vt 0.946291 0.522680
vt 0.947203 0.515763
vt 0.934473 0.522181
vt 0.934471 0.522787
vt 0.946313 0.522931
vt 0.934457 0.526146
vt 0.946417 0.524128
vt 0.946653 0.526006
vt 0.947376 0.525927
vt 0.948044 0.525564
vt 0.947707 0.522520
vt 0.473618 0.590981
vt 0.476837 0.588931
vt 0.480263 0.587243
vt 0.933231 0.523713
vt 0.933118 0.523683
vt 0.933104 0.525955
vt 0.932009 0.525403
vt 0.932016 0.523954
vt 0.273325 0.791844
vt 0.273325 0.793514
vt 0.273178 0.792152
vt 0.132585 0.763798
vt 0.129083 0.763806
vt 0.129134 0.763693
vt 0.129273 0.763384
vt 0.129865 0.762607
vt 0.200876 0.535735
vt 0.201314 0.536854
vt 0.200558 0.536354
vt 0.132585 0.760296
vt 0.199100 0.539196
vt 0.198924 0.539488
vt 0.512663 0.778585
vt 0.512353 0.774987
vt 0.512663 0.774814
vt 0.996452 0.240665
vt 0.996452 0.244166
vt 0.995504 0.240678
vt 0.985959 0.427798
vt 0.985207 0.424085
vt 0.985495 0.423849
vt 0.198656 0.539760
vt 0.985851 0.423557
vt 0.198326 0.540094
vt 0.985964 0.423495
vt 0.986565 0.423162
vt 0.975962 0.779955
vt 0.975039 0.780878
vt 0.976300 0.778694
vt 0.987229 0.427793
vt 0.973778 0.781216
vt 0.987228 0.422914
vt 0.988481 0.427798
vt 0.924617 0.984970
vt 0.919586 0.984970
vt 0.919640 0.984712
vt 0.988648 0.422716
vt 0.989223 0.422845
vt 0.976300 0.774576
vt 0.988468 0.422723
vt 0.987984 0.422742
vt 0.974297 0.774490
vt 0.972517 0.780878
vt 0.924465 0.984071
vt 0.987285 0.422893
vt 0.933236 0.522052
vt 0.933241 0.519415
vt 0.971255 0.778694
vt 0.971255 0.774576
vt 0.971593 0.779955
vt 0.920291 0.982766
vt 0.924128 0.981571
vt 0.924286 0.982827
vt 0.920223 0.982901
vt 0.919802 0.984025
vt 0.920112 0.983160
vt 0.920027 0.983397
vt 0.194358 0.538177
vt 0.194432 0.538766
vt 0.194506 0.538980
vt 0.919737 0.984252
vt 0.919642 0.984705
vt 0.194330 0.537955
vt 0.191332 0.536507
vt 0.194351 0.537712
vt 0.192415 0.532852
vt 0.194445 0.533431
vt 0.189864 0.532125
vt 0.187088 0.535584
vt 0.194605 0.536905
vt 0.194391 0.537587
vt 0.196063 0.534063
vt 0.920659 0.982037
vt 0.922622 0.978957
vt 0.196222 0.533753
vt 0.922908 0.978611
vt 0.923618 0.978075
vt 0.933125 0.517730
vt 0.933134 0.519380
vt 0.932359 0.519123
vt 0.932030 0.517380
vt 0.932028 0.515403
vt 0.933119 0.513156
vt 0.932017 0.510724
vt 0.932024 0.512917
vt 0.933102 0.508388
vt 0.934460 0.509533
vt 0.940463 0.508395
vt 0.940377 0.508243
vt 0.940757 0.508651
vt 0.940793 0.508665
vt 0.940272 0.508057
vt 0.934456 0.508425
vt 0.940204 0.507674
vt 0.941374 0.508821
vt 0.945558 0.509461
vt 0.941120 0.508795
vt 0.205609 0.674471
vt 0.205715 0.674469
vt 0.205594 0.674802
vt 0.205711 0.675056
vt 0.205592 0.675056
vt 0.205722 0.678547
vt 0.820364 0.426051
vt 0.819203 0.427213
vt 0.820364 0.422558
vt 0.819783 0.427058
vt 0.820208 0.426633
vt 0.205603 0.678547
vt 0.819203 0.421393
vt 0.205612 0.678929
vt 0.205730 0.679124
vt 0.820208 0.421976
vt 0.944866 0.508797
vt 0.945250 0.508730
vt 0.945539 0.508793
vt 0.205624 0.679119
vt 0.945537 0.508687
vt 0.945443 0.508630
vt 0.945535 0.508582
vt 0.205630 0.679210
vt 0.945610 0.508507
vt 0.688987 0.072568
vt 0.689089 0.072437
vt 0.689089 0.072512
vt 0.689088 0.072241
vt 0.945808 0.508310
vt 0.945859 0.508205
vt 0.688985 0.072143
vt 0.689092 0.072137
vt 0.689094 0.071561
vt 0.689099 0.071895
vt 0.688985 0.071561
vt 0.819783 0.421549
vt 0.945976 0.507963
vt 0.946024 0.507629
vt 0.689095 0.068521
vt 0.946007 0.504599
vt 0.688985 0.068068
vt 0.946004 0.504148
vt 0.689095 0.068068
vt 0.689099 0.067687
vt 0.945938 0.503768
vt 0.945831 0.503576
vt 0.688986 0.067486
vt 0.689093 0.067493
vt 0.945751 0.503433
vt 0.689088 0.067348
vt 0.945506 0.502990
vt 0.444268 0.339938
vt 0.444336 0.339828
vt 0.444336 0.340175
vt 0.945505 0.503203
vt 0.945411 0.503159
vt 0.945152 0.503037
vt 0.945519 0.502306
vt 0.934419 0.502380
vt 0.945551 0.500690
vt 0.941341 0.503018
vt 0.944833 0.502994
vt 0.354580 0.696868
vt 0.354461 0.696868
vt 0.354580 0.696484
vt 0.940957 0.503086
vt 0.354580 0.700361
vt 0.354474 0.696286
vt 0.814561 0.422551
vt 0.815722 0.421389
vt 0.814561 0.426044
vt 0.354461 0.700361
vt 0.815722 0.427209
vt 0.814717 0.426626
vt 0.354581 0.696294
vt 0.354581 0.696143
vt 0.200887 0.790036
vt 0.200808 0.790424
vt 0.200787 0.790133
vt 0.200887 0.790461
vt 0.815141 0.427053
vt 0.200810 0.790464
vt 0.200829 0.790785
vt 0.200885 0.791043
vt 0.940212 0.503934
vt 0.934428 0.503514
vt 0.940343 0.503611
vt 0.940185 0.504193
vt 0.200842 0.791043
vt 0.940195 0.505937
vt 0.200879 0.792790
vt 0.817462 0.427211
vt 0.138289 0.719947
vt 0.138332 0.719946
vt 0.138351 0.721693
vt 0.933075 0.503520
vt 0.934390 0.498596
vt 0.933037 0.498644
vt 0.931981 0.503518
vt 0.931995 0.505892
vt 0.945620 0.497127
vt 0.934358 0.495253
vt 0.945635 0.496793
vt 0.932991 0.493856
vt 0.934343 0.493765
vt 0.945708 0.495189
vt 0.945807 0.492997
vt 0.932974 0.492093
vt 0.933087 0.492069
vt 0.934287 0.489115
vt 0.933052 0.489224
vt 0.934278 0.488445
vt 0.544053 0.981200
vt 0.547095 0.981286
vt 0.544011 0.987863
vt 0.542050 0.985404
vt 0.542050 0.981286
vt 0.934224 0.484735
vt 0.933027 0.487406
vt 0.932873 0.484904
vt 0.251913 0.928066
vt 0.251578 0.924401
vt 0.251680 0.924334
vt 0.932921 0.487433
vt 0.931784 0.485359
vt 0.932804 0.480913
vt 0.931808 0.486970
vt 0.934182 0.482261
vt 0.934155 0.480709
vt 0.934081 0.477115
vt 0.932731 0.477350
vt 0.931741 0.482858
vt 0.931717 0.481466
vt 0.158421 0.540299
vt 0.159016 0.540919
vt 0.160326 0.539829
vt 0.162677 0.537871
vt 0.947029 0.479455
vt 0.946794 0.481138
vt 0.947761 0.479580
vt 0.946684 0.482174
vt 0.946647 0.482521
vt 0.948864 0.477238
vt 0.947221 0.478085
vt 0.948193 0.476830
vt 0.603180 0.000169
vt 0.590265 0.002733
vt 0.156867 0.543284
vt 0.164213 0.536854
vt 0.932148 0.487629
vt 0.164969 0.536354
vt 0.164811 0.536043
vt 0.248417 0.928231
vt 0.250537 0.925223
vt 0.166415 0.539196
vt 0.250841 0.924891
vt 0.248004 0.928841
vt 0.166841 0.539768
vt 0.251978 0.928953
vt 0.247928 0.928953
vt 0.166920 0.539874
vt 0.859216 0.986904
vt 0.859021 0.990941
vt 0.859044 0.986758
vt 0.542300 0.986498
vt 0.543000 0.987376
vt 0.858360 0.986327
vt 0.858039 0.990934
vt 0.859014 0.986738
vt 0.858032 0.986190
vt 0.858149 0.986229
vt 0.857375 0.985970
vt 0.856918 0.990934
vt 0.856919 0.985903
vt 0.856562 0.985852
vt 0.855890 0.985888
vt 0.547095 0.985404
vt 0.545134 0.987863
vt 0.855880 0.990941
vt 0.855878 0.985892
vt 0.985101 0.472701
vt 0.986581 0.469871
vt 0.988586 0.473039
vt 0.985872 0.469155
vt 0.985473 0.468909
vt 0.985580 0.468975
vt 0.984993 0.473804
vt 0.546146 0.987376
vt 0.546846 0.986498
vt 0.988775 0.473383
vt 0.988969 0.473783
vt 0.989176 0.474209
vt 0.984891 0.474876
vt 0.174181 0.536507
vt 0.171173 0.537993
vt 0.171107 0.537594
vt 0.171184 0.538057
vt 0.989209 0.474277
vt 0.989527 0.475062
vt 0.171061 0.538819
vt 0.989610 0.475320
vt 0.170934 0.539079
vt 0.170757 0.539439
vt 0.989725 0.475677
vt 0.984813 0.475707
vt 0.989735 0.475707
vt 0.170743 0.539468
vt 0.170274 0.539981
vt 0.855370 0.986048
vt 0.178425 0.535584
vt 0.179015 0.539719
vt 0.175663 0.532125
vt 0.171044 0.537219
vt 0.170911 0.536906
vt 0.171082 0.533431
vt 0.173112 0.532852
vt 0.931945 0.498762
vt 0.931962 0.501005
vt 0.931919 0.496161
vt 0.177888 0.531814
vt 0.180382 0.531466
vt 0.182751 0.539452
vt 0.182757 0.535275
vt 0.186487 0.539719
vt 0.182764 0.531466
vt 0.185146 0.531466
vt 0.187639 0.531814
vt 0.932008 0.508267
vt 0.932664 0.492157
vt 0.931899 0.494091
vt 0.931880 0.492428
vt 0.169464 0.534063
vt 0.170262 0.539993
vt 0.169619 0.540379
vt 0.940359 0.503571
vt 0.940617 0.503278
vt 0.940768 0.503193
vt 0.354581 0.700679
vt 0.354474 0.700944
vt 0.814717 0.421969
vt 0.815141 0.421544
vt 0.354581 0.701032
vt 0.354581 0.700938
vt 0.521984 0.340144
vt 0.522086 0.339773
vt 0.522086 0.340200
vt 0.205611 0.674435
vt 0.205730 0.674029
vt 0.138340 0.719559
vt 0.138269 0.719365
vt 0.138346 0.719370
vt 0.205639 0.674134
vt 0.138351 0.719216
vt 0.923716 0.978001
vt 0.202850 0.537871
vt 0.203357 0.537174
vt 0.205201 0.539829
vt 0.206511 0.540919
vt 0.378811 0.678871
vt 0.378791 0.678794
vt 0.383531 0.678216
vt 0.388273 0.678043
vt 0.378865 0.679078
vt 0.497343 0.586809
vt 0.415615 0.694511
vt 0.417642 0.698835
vt 0.634762 0.441021
vt 0.634755 0.441131
vt 0.601203 0.113728
vt 0.591114 0.010635
vt 0.591045 0.010001
vt 0.151588 0.551486
vt 0.151011 0.552649
vt 0.153552 0.557137
vt 0.149875 0.556067
vt 0.608812 0.010926
vt 0.149508 0.557169
vt 0.609108 0.011953
vt 0.152488 0.558366
vt 0.149335 0.557873
vt 0.608509 0.012667
vt 0.609298 0.012613
vt 0.608345 0.013676
vt 0.611711 0.012712
vt 0.608202 0.012715
vt 0.761899 0.986487
vt 0.608480 0.014160
vt 0.761649 0.987582
vt 0.612522 0.013011
vt 0.608722 0.015015
vt 0.612228 0.012877
vt 0.760949 0.988459
vt 0.611951 0.012750
vt 0.153161 0.558611
vt 0.152820 0.558441
vt 0.153523 0.558791
vt 0.612569 0.013033
vt 0.758815 0.988946
vt 0.613545 0.014059
vt 0.609023 0.016071
vt 0.613281 0.013719
vt 0.759938 0.988946
vt 0.613106 0.013493
vt 0.154127 0.559365
vt 0.153581 0.558819
vt 0.157561 0.558309
vt 0.154262 0.559620
vt 0.156765 0.561969
vt 0.154541 0.561447
vt 0.154607 0.560700
vt 0.154604 0.560683
vt 0.154465 0.560003
vt 0.161794 0.559547
vt 0.154400 0.561779
vt 0.154458 0.561642
vt 0.161132 0.562592
vt 0.160909 0.565699
vt 0.165674 0.563241
vt 0.166197 0.560837
vt 0.170336 0.563909
vt 0.165499 0.565695
vt 0.170208 0.565693
vt 0.165674 0.568149
vt 0.161132 0.568807
vt 0.161794 0.571852
vt 0.170336 0.567476
vt 0.158870 0.576612
vt 0.157561 0.573102
vt 0.153552 0.574288
vt 0.156077 0.577647
vt 0.156765 0.569442
vt 0.156227 0.577684
vt 0.156423 0.577724
vt 0.155934 0.579495
vt 0.159434 0.578346
vt 0.159305 0.580263
vt 0.159080 0.582411
vt 0.158873 0.582371
vt 0.159575 0.578375
vt 0.159791 0.578415
vt 0.157277 0.582002
vt 0.157812 0.586488
vt 0.155678 0.581631
vt 0.157262 0.586473
vt 0.157529 0.586473
vt 0.620979 0.039673
vt 0.621383 0.039868
vt 0.616281 0.041437
vt 0.620851 0.039669
vt 0.158619 0.586720
vt 0.158775 0.586828
vt 0.621476 0.039967
vt 0.162656 0.583090
vt 0.159280 0.587180
vt 0.621776 0.040290
vt 0.616552 0.042395
vt 0.159701 0.587739
vt 0.622094 0.040815
vt 0.042615 0.977591
vt 0.046399 0.979776
vt 0.041692 0.978514
vt 0.043876 0.977253
vt 0.622134 0.040881
vt 0.616905 0.043631
vt 0.160010 0.588555
vt 0.159754 0.587809
vt 0.164027 0.583328
vt 0.622436 0.041590
vt 0.164028 0.597947
vt 0.160021 0.589365
vt 0.160016 0.588993
vt 0.622559 0.042009
vt 0.622663 0.042365
vt 0.622784 0.043144
vt 0.159756 0.590172
vt 0.617245 0.044812
vt 0.159699 0.590245
vt 0.622781 0.043216
vt 0.045138 0.977591
vt 0.046061 0.978514
vt 0.709062 0.334459
vt 0.709062 0.340066
vt 0.708074 0.334571
vt 0.622762 0.043835
vt 0.159203 0.590879
vt 0.158767 0.591142
vt 0.708591 0.339939
vt 0.162090 0.599302
vt 0.158413 0.591357
vt 0.708208 0.339837
vt 0.159096 0.597513
vt 0.157529 0.591518
vt 0.707281 0.339553
vt 0.706796 0.334702
vt 0.161764 0.599531
vt 0.157262 0.591518
vt 0.157268 0.593046
vt 0.158404 0.597852
vt 0.159628 0.599121
vt 0.159703 0.599348
vt 0.158884 0.599354
vt 0.159261 0.600904
vt 0.158765 0.600992
vt 0.159360 0.600887
vt 0.625005 0.053637
vt 0.624782 0.053721
vt 0.624833 0.052000
vt 0.158399 0.597854
vt 0.624213 0.052365
vt 0.623591 0.051042
vt 0.624024 0.050745
vt 0.158134 0.597984
vt 0.159798 0.602996
vt 0.159475 0.602982
vt 0.159991 0.600776
vt 0.159766 0.606529
vt 0.159155 0.602969
vt 0.625773 0.055501
vt 0.625454 0.055547
vt 0.625992 0.058967
vt 0.158874 0.606399
vt 0.626070 0.062430
vt 0.626579 0.062472
vt 0.624730 0.055651
vt 0.625261 0.055575
vt 0.625001 0.059010
vt 0.625540 0.062386
vt 0.626049 0.062428
vt 0.626126 0.063904
vt 0.624711 0.053748
vt 0.623947 0.054034
vt 0.624505 0.055693
vt 0.624400 0.055712
vt 0.623303 0.055105
vt 0.623067 0.054345
vt 0.623477 0.055885
vt 0.623811 0.054085
vt 0.623905 0.054050
vt 0.623948 0.059091
vt 0.619165 0.057120
vt 0.114803 0.906577
vt 0.114671 0.906577
vt 0.114865 0.904458
vt 0.115127 0.903046
vt 0.619560 0.058496
vt 0.618580 0.055075
vt 0.622874 0.053847
vt 0.622584 0.053102
vt 0.114865 0.908695
vt 0.618006 0.053067
vt 0.622038 0.051912
vt 0.623415 0.052753
vt 0.622837 0.051506
vt 0.622852 0.051498
vt 0.623141 0.051351
vt 0.623582 0.051048
vt 0.619803 0.044962
vt 0.619904 0.044936
vt 0.620680 0.044752
vt 0.704855 0.338211
vt 0.704338 0.337459
vt 0.620803 0.044723
vt 0.705649 0.338874
vt 0.704937 0.338330
vt 0.155970 0.591521
vt 0.155315 0.591523
vt 0.156132 0.591520
vt 0.705826 0.339009
vt 0.156643 0.591519
vt 0.706362 0.339245
vt 0.707004 0.339463
vt 0.704292 0.337359
vt 0.704052 0.336439
vt 0.621460 0.050643
vt 0.618897 0.045209
vt 0.617628 0.051741
vt 0.621750 0.051277
vt 0.596375 0.057828
vt 0.617494 0.045611
vt 0.596462 0.058777
vt 0.115127 0.910107
vt 0.618584 0.055088
vt 0.596549 0.059736
vt 0.595627 0.057877
vt 0.595811 0.059793
vt 0.595804 0.059794
vt 0.595599 0.057879
vt 0.593476 0.038306
vt 0.593504 0.038304
vt 0.595803 0.062063
vt 0.595783 0.059795
vt 0.595676 0.062053
vt 0.596573 0.061393
vt 0.596598 0.060923
vt 0.595840 0.062066
vt 0.595611 0.063589
vt 0.596536 0.062119
vt 0.596304 0.063697
vt 0.596302 0.063706
vt 0.595920 0.065267
vt 0.595339 0.065136
vt 0.595248 0.065115
vt 0.595321 0.067220
vt 0.594882 0.067077
vt 0.597069 0.073688
vt 0.594500 0.068250
vt 0.595031 0.068166
vt 0.594761 0.069161
vt 0.594577 0.068518
vt 0.515244 0.656829
vt 0.518581 0.660535
vt 0.518608 0.661209
vt 0.518548 0.660254
vt 0.506866 0.653064
vt 0.507662 0.651869
vt 0.518610 0.663536
vt 0.515918 0.655835
vt 0.517784 0.658284
vt 0.518051 0.658730
vt 0.515258 0.656835
vt 0.518236 0.659037
vt 0.518268 0.659157
vt 0.518538 0.660162
vt 0.594475 0.068164
vt 0.594305 0.066892
vt 0.594204 0.067222
vt 0.594091 0.066830
vt 0.594642 0.064999
vt 0.594172 0.067110
vt 0.594791 0.065026
vt 0.594971 0.063492
vt 0.594477 0.064969
vt 0.594953 0.061972
vt 0.517675 0.656977
vt 0.517897 0.657032
vt 0.518103 0.654296
vt 0.517715 0.654183
vt 0.595109 0.059788
vt 0.595144 0.061993
vt 0.518752 0.652289
vt 0.518153 0.652055
vt 0.519393 0.650407
vt 0.518765 0.652294
vt 0.518251 0.654382
vt 0.518798 0.650107
vt 0.517594 0.654147
vt 0.518109 0.652041
vt 0.518086 0.652034
vt 0.517270 0.654052
vt 0.517416 0.651833
vt 0.518077 0.649811
vt 0.518754 0.650089
vt 0.509399 0.649147
vt 0.517328 0.652248
vt 0.510277 0.647720
vt 0.510351 0.647667
vt 0.517075 0.654017
vt 0.508488 0.650627
vt 0.508477 0.650644
vt 0.458576 0.589853
vt 0.458604 0.589861
vt 0.458580 0.589872
vt 0.458604 0.590201
vt 0.202436 0.760136
vt 0.202385 0.759814
vt 0.202437 0.758515
vt 0.202368 0.759414
vt 0.508874 0.649992
vt 0.508650 0.650350
vt 0.508104 0.649320
vt 0.507470 0.650477
vt 0.508474 0.650622
vt 0.507719 0.649032
vt 0.506020 0.649758
vt 0.506825 0.651542
vt 0.508173 0.651085
vt 0.506229 0.649669
vt 0.544643 0.649787
vt 0.544667 0.650130
vt 0.529010 0.651703
vt 0.544628 0.649587
vt 0.505540 0.650740
vt 0.505665 0.649910
vt 0.544730 0.651247
vt 0.504514 0.650296
vt 0.544753 0.651662
vt 0.504086 0.650440
vt 0.504960 0.651747
vt 0.503194 0.650738
vt 0.529001 0.653460
vt 0.544801 0.652526
vt 0.544808 0.652656
vt 0.544833 0.653273
vt 0.544862 0.654032
vt 0.528988 0.658083
vt 0.528711 0.653486
vt 0.528699 0.658099
vt 0.528988 0.658242
vt 0.544982 0.658226
vt 0.544977 0.657660
vt 0.544924 0.655602
vt 0.545093 0.655626
vt 0.545541 0.654236
vt 0.547365 0.654706
vt 0.546094 0.653024
vt 0.546367 0.655804
vt 0.546483 0.655820
vt 0.545917 0.658614
vt 0.547363 0.655956
vt 0.547361 0.657789
vt 0.499559 0.653092
vt 0.498662 0.653887
vt 0.497709 0.653235
vt 0.496782 0.653265
vt 0.547361 0.658711
vt 0.493959 0.653355
vt 0.547360 0.661518
vt 0.546690 0.661543
vt 0.545768 0.661587
vt 0.547361 0.664338
vt 0.547360 0.663370
vt 0.489168 0.653894
vt 0.492103 0.653327
vt 0.491137 0.653269
vt 0.487087 0.653002
vt 0.488358 0.653100
vt 0.487084 0.654078
vt 0.498662 0.654042
vt 0.489168 0.654049
vt 0.487111 0.654231
vt 0.485064 0.654624
vt 0.485842 0.652905
vt 0.487131 0.654342
vt 0.489168 0.654162
vt 0.485117 0.654769
vt 0.498662 0.654155
vt 0.269484 0.797904
vt 0.269633 0.788437
vt 0.269639 0.797901
vt 0.269478 0.788440
vt 0.269634 0.786420
vt 0.265027 0.788449
vt 0.265078 0.788273
vt 0.264934 0.788597
vt 0.269480 0.786431
vt 0.264749 0.787087
vt 0.264932 0.787471
vt 0.269483 0.785454
vt 0.264358 0.786265
vt 0.269641 0.784493
vt 0.269486 0.784511
vt 0.263900 0.785459
vt 0.263978 0.785597
vt 0.263996 0.787023
vt 0.264166 0.787290
vt 0.253600 0.788201
vt 0.253560 0.788618
vt 0.253717 0.787116
vt 0.264761 0.788219
vt 0.252264 0.788262
vt 0.253119 0.790680
vt 0.251516 0.790449
vt 0.253082 0.790855
vt 0.264939 0.797852
vt 0.253076 0.795572
vt 0.252912 0.793202
vt 0.253126 0.795811
vt 0.253566 0.797873
vt 0.264979 0.797912
vt 0.264216 0.799143
vt 0.264192 0.799175
vt 0.253725 0.799397
vt 0.252271 0.798256
vt 0.251519 0.796076
vt 0.252017 0.798331
vt 0.252726 0.799710
vt 0.253248 0.801120
vt 0.251333 0.800138
vt 0.253774 0.799869
vt 0.263159 0.800597
vt 0.253898 0.800900
vt 0.254014 0.801860
vt 0.262004 0.802385
vt 0.262159 0.802137
vt 0.262891 0.800967
vt 0.262946 0.800890
vt 0.261543 0.803547
vt 0.262652 0.802694
vt 0.262846 0.802320
vt 0.269511 0.803832
vt 0.269497 0.801930
vt 0.263392 0.801266
vt 0.263584 0.800948
vt 0.269493 0.800932
vt 0.264551 0.799298
vt 0.269488 0.799934
vt 0.264469 0.799484
vt 0.269652 0.801940
vt 0.269643 0.799937
vt 0.263683 0.800785
vt 0.264955 0.798376
vt 0.264998 0.797968
vt 0.500691 0.654331
vt 0.500711 0.654220
vt 0.502659 0.654857
vt 0.500738 0.654067
vt 0.502698 0.654750
vt 0.502751 0.654604
vt 0.504583 0.655583
vt 0.504562 0.655618
vt 0.504534 0.655666
vt 0.518610 0.663762
vt 0.518610 0.663670
vt 0.595396 0.071626
vt 0.595415 0.071525
vt 0.596136 0.073955
vt 0.595416 0.071518
vt 0.518610 0.663663
vt 0.595401 0.071390
vt 0.504640 0.655484
vt 0.505986 0.652832
vt 0.506402 0.652909
vt 0.505933 0.652829
vt 0.504255 0.652768
vt 0.504659 0.652753
vt 0.504641 0.652752
vt 0.506850 0.653057
vt 0.506853 0.653052
vt 0.506185 0.652489
vt 0.546975 0.649400
vt 0.547364 0.648691
vt 0.547366 0.649149
vt 0.546173 0.650682
vt 0.547368 0.650899
vt 0.547367 0.649570
vt 0.547367 0.649623
vt 0.507496 0.652112
vt 0.202439 0.755354
vt 0.202344 0.755601
vt 0.202326 0.755350
vt 0.202439 0.756961
vt 0.507615 0.651937
vt 0.202439 0.753707
vt 0.202311 0.755150
vt 0.507710 0.651798
vt 0.458603 0.588392
vt 0.458604 0.589282
vt 0.547172 0.651199
vt 0.547368 0.650918
vt 0.547368 0.651300
vt 0.547367 0.653084
vt 0.502460 0.652845
vt 0.547367 0.653486
vt 0.502054 0.652880
vt 0.500822 0.652984
vt 0.595246 0.074211
vt 0.593754 0.072195
vt 0.595354 0.074603
vt 0.596273 0.074433
vt 0.595200 0.071818
vt 0.595306 0.071757
vt 0.595350 0.071712
vt 0.595284 0.071778
vt 0.595381 0.071654
vt 0.269733 0.818555
vt 0.269628 0.803845
vt 0.269641 0.818556
vt 0.269759 0.818554
vt 0.269814 0.818552
vt 0.269666 0.803849
vt 0.518609 0.663832
vt 0.504505 0.655716
vt 0.518610 0.663785
vt 0.268147 0.818483
vt 0.595378 0.074687
vt 0.595390 0.074732
vt 0.467214 0.997951
vt 0.467207 0.997020
vt 0.467219 0.997020
vt 0.467203 0.996050
vt 0.597204 0.074158
vt 0.467459 0.997956
vt 0.467604 0.997014
vt 0.596277 0.074445
vt 0.597209 0.074176
vt 0.597316 0.074543
vt 0.467602 0.996044
vt 0.467619 0.997960
vt 0.467636 0.997014
vt 0.467621 0.996044
vt 0.468108 0.997013
vt 0.467863 0.997968
vt 0.597321 0.074561
vt 0.596391 0.074837
vt 0.467625 0.997960
vt 0.468107 0.997976
vt 0.468114 0.998546
vt 0.467811 0.998548
vt 0.467393 0.998601
vt 0.467757 0.999082
vt 0.468114 0.998556
vt 0.467341 0.999202
vt 0.594854 0.075239
vt 0.594656 0.074917
vt 0.594348 0.075669
vt 0.594061 0.075418
vt 0.594378 0.074634
vt 0.594444 0.074602
vt 0.594451 0.074599
vt 0.593319 0.072561
vt 0.593495 0.072263
vt 0.593812 0.075210
vt 0.592273 0.074017
vt 0.592514 0.072458
vt 0.591075 0.073703
vt 0.591884 0.074414
vt 0.593688 0.075337
vt 0.590960 0.075359
vt 0.593379 0.075984
vt 0.593625 0.076087
vt 0.593254 0.076246
vt 0.593144 0.076826
vt 0.589709 0.076311
vt 0.593142 0.077155
vt 0.589604 0.077914
vt 0.593390 0.076852
vt 0.593504 0.077484
vt 0.593501 0.076863
vt 0.593662 0.076880
vt 0.832512 0.340069
vt 0.832289 0.339239
vt 0.832423 0.339289
vt 0.832512 0.338758
vt 0.593980 0.076240
vt 0.593774 0.076889
vt 0.802776 0.995394
vt 0.802783 0.995979
vt 0.802727 0.995957
vt 0.802763 0.996488
vt 0.078237 0.435612
vt 0.078590 0.435063
vt 0.078574 0.435596
vt 0.803062 0.996978
vt 0.803175 0.995584
vt 0.802982 0.996056
vt 0.803116 0.996076
vt 0.803220 0.996949
vt 0.803443 0.997774
vt 0.802874 0.997012
vt 0.803131 0.997872
vt 0.803319 0.997813
vt 0.803626 0.998828
vt 0.803626 0.998783
vt 0.600479 0.077989
vt 0.594590 0.079555
vt 0.594585 0.079509
vt 0.600140 0.077160
vt 0.594389 0.078460
vt 0.803626 0.997717
vt 0.599788 0.076054
vt 0.254835 0.943356
vt 0.254481 0.944503
vt 0.254835 0.942463
vt 0.254835 0.944520
vt 0.594202 0.077757
vt 0.596433 0.074977
vt 0.597365 0.074710
vt 0.599705 0.075822
vt 0.254479 0.944786
vt 0.254835 0.944767
vt 0.254364 0.944792
vt 0.254360 0.945448
vt 0.254835 0.945364
vt 0.254327 0.944794
vt 0.254408 0.944500
vt 0.254576 0.942237
vt 0.600811 0.078152
vt 0.599963 0.076062
vt 0.600206 0.076024
vt 0.599917 0.075777
vt 0.254179 0.944490
vt 0.254835 0.942230
vt 0.254835 0.942318
vt 0.600534 0.078123
vt 0.594637 0.079995
vt 0.600574 0.078203
vt 0.409573 0.794330
vt 0.409625 0.792852
vt 0.409729 0.794330
vt 0.616600 0.596409
vt 0.616543 0.595076
vt 0.616600 0.595060
vt 0.803626 0.999266
vt 0.526215 0.692127
vt 0.526149 0.690760
vt 0.526215 0.690736
vt 0.526154 0.689887
vt 0.616556 0.594223
vt 0.803087 0.997886
vt 0.802865 0.997014
vt 0.078590 0.436115
vt 0.808591 0.770884
vt 0.808591 0.771807
vt 0.808420 0.771772
vt 0.808546 0.772445
vt 0.600615 0.078283
vt 0.254835 0.942142
vt 0.600798 0.078639
vt 0.600211 0.076023
vt 0.600100 0.075714
vt 0.600282 0.075652
vt 0.599878 0.074940
vt 0.599530 0.075207
vt 0.600319 0.075637
vt 0.600432 0.075592
vt 0.600257 0.074619
vt 0.599053 0.074315
vt 0.598849 0.074690
vt 0.598049 0.074060
vt 0.599273 0.073874
vt 0.254834 0.945987
vt 0.254359 0.946133
vt 0.468119 0.995411
vt 0.467667 0.994603
vt 0.468151 0.994732
vt 0.598019 0.074480
vt 0.467631 0.995349
vt 0.468110 0.996042
vt 0.598000 0.074636
vt 0.598755 0.074827
vt 0.599375 0.075297
vt 0.598076 0.073571
vt 0.600781 0.075452
vt 0.803604 0.996878
vt 0.803625 0.996988
vt 0.803230 0.996947
vt 0.803625 0.996878
vt 0.594559 0.075884
vt 0.594172 0.077653
vt 0.595507 0.075245
vt 0.594983 0.075490
vt 0.803142 0.996080
vt 0.803526 0.996222
vt 0.803532 0.996139
vt 0.803625 0.996130
vt 0.594111 0.076893
vt 0.594344 0.076177
vt 0.803533 0.996131
vt 0.803600 0.995679
vt 0.803626 0.995505
vt 0.594502 0.075938
vt 0.468151 0.999342
vt 0.467708 0.999522
vt 0.468137 0.999128
vt 0.468134 0.999059
vt 0.594974 0.075495
vt 0.803255 0.995190
vt 0.467295 0.999706
vt 0.588445 0.077075
vt 0.589236 0.076631
vt 0.589444 0.076514
vt 0.589064 0.075352
vt 0.586535 0.075608
vt 0.587938 0.076053
vt 0.588421 0.073833
vt 0.588650 0.072358
vt 0.588513 0.072312
vt 0.588254 0.072405
vt 0.590297 0.072702
vt 0.589738 0.072548
vt 0.586446 0.074576
vt 0.586490 0.073600
vt 0.261173 0.814604
vt 0.262789 0.815559
vt 0.260774 0.815268
vt 0.262378 0.814691
vt 0.262878 0.815411
vt 0.263062 0.815677
vt 0.261865 0.813614
vt 0.261715 0.813300
vt 0.261673 0.813174
vt 0.259850 0.813596
vt 0.260041 0.813367
vt 0.259565 0.813087
vt 0.259700 0.813776
vt 0.258924 0.813762
vt 0.257000 0.811483
vt 0.256101 0.812057
vt 0.581643 0.073603
vt 0.584498 0.073334
vt 0.584453 0.073495
vt 0.584922 0.073669
vt 0.585184 0.072894
vt 0.585646 0.073702
vt 0.584787 0.074065
vt 0.259933 0.814778
vt 0.584751 0.074237
vt 0.585481 0.074770
vt 0.584641 0.074762
vt 0.584503 0.075413
vt 0.585439 0.075911
vt 0.584407 0.076369
vt 0.584451 0.075934
vt 0.583791 0.075981
vt 0.583803 0.075809
vt 0.581135 0.074832
vt 0.584103 0.074742
vt 0.584213 0.074351
vt 0.578488 0.074770
vt 0.575728 0.075808
vt 0.576156 0.074509
vt 0.930079 0.004511
vt 0.930085 0.001725
vt 0.579070 0.073529
vt 0.928563 0.007455
vt 0.928962 0.004331
vt 0.576773 0.073264
vt 0.927363 0.007169
vt 0.927938 0.004306
vt 0.927781 0.007269
vt 0.926748 0.007023
vt 0.926559 0.009278
vt 0.927910 0.009358
vt 0.926859 0.011560
vt 0.925080 0.011924
vt 0.925131 0.010607
vt 0.925357 0.009330
vt 0.926333 0.011668
vt 0.926854 0.014461
vt 0.927714 0.011474
vt 0.928941 0.014346
vt 0.926851 0.018079
vt 0.925073 0.018076
vt 0.925075 0.014662
vt 0.248353 0.799558
vt 0.247722 0.796841
vt 0.249577 0.799126
vt 0.248324 0.799568
vt 0.249466 0.796459
vt 0.249223 0.793328
vt 0.247458 0.793438
vt 0.251301 0.793263
vt 0.249462 0.790196
vt 0.250898 0.787909
vt 0.248346 0.787311
vt 0.249569 0.787585
vt 0.247718 0.790034
vt 0.250013 0.787684
vt 0.249973 0.786176
vt 0.248755 0.785995
vt 0.250471 0.784846
vt 0.249222 0.784740
vt 0.251324 0.786458
vt 0.249607 0.782566
vt 0.249711 0.782561
vt 0.926550 0.026875
vt 0.926804 0.029116
vt 0.925349 0.026818
vt 0.925124 0.025543
vt 0.205723 0.836776
vt 0.205723 0.839456
vt 0.205412 0.838005
vt 0.249732 0.783559
vt 0.926326 0.024487
vt 0.926852 0.024596
vt 0.927347 0.028987
vt 0.927901 0.026798
vt 0.927766 0.028887
vt 0.928949 0.031817
vt 0.930066 0.031640
vt 0.928552 0.028700
vt 0.928677 0.028670
vt 0.928828 0.028609
vt 0.929841 0.028194
vt 0.931218 0.031326
vt 0.929977 0.028138
vt 0.929308 0.026605
vt 0.930725 0.026426
vt 0.928939 0.024810
vt 0.929133 0.024816
vt 0.930551 0.024858
vt 0.930665 0.026212
vt 0.930695 0.026319
vt 0.936740 0.023733
vt 0.936739 0.020907
vt 0.937910 0.019710
vt 0.937910 0.023754
vt 0.936742 0.026409
vt 0.936739 0.019704
vt 0.937912 0.015620
vt 0.936741 0.015629
vt 0.930553 0.015254
vt 0.936742 0.015258
vt 0.930551 0.018083
vt 0.930550 0.020911
vt 0.928938 0.018082
vt 0.928937 0.021816
vt 0.926851 0.021696
vt 0.927707 0.024684
vt 0.925072 0.021490
vt 0.930550 0.021843
vt 0.930554 0.014321
vt 0.936747 0.011620
vt 0.929140 0.011345
vt 0.930558 0.011305
vt 0.929317 0.009554
vt 0.928945 0.011350
vt 0.930704 0.009841
vt 0.928838 0.007546
vt 0.930715 0.009733
vt 0.929988 0.008019
vt 0.930716 0.009722
vt 0.929851 0.007963
vt 0.936751 0.009764
vt 0.937917 0.011597
vt 0.936755 0.007787
vt 0.931084 0.008471
vt 0.932080 0.005969
vt 0.932359 0.005269
vt 0.932595 0.004676
vt 0.928688 0.007484
vt 0.937914 0.027643
vt 0.932308 0.030792
vt 0.931376 0.028448
vt 0.936743 0.027608
vt 0.931075 0.027689
vt 0.937921 0.031268
vt 0.932351 0.030900
vt 0.936750 0.031220
vt 0.936751 0.031487
vt 0.932582 0.031481
vt 0.932382 0.034204
vt 0.933246 0.033146
vt 0.933529 0.033856
vt 0.934098 0.035280
vt 0.936760 0.034473
vt 0.937930 0.034533
vt 0.690540 0.256113
vt 0.689109 0.255006
vt 0.690462 0.254941
vt 0.689124 0.252565
vt 0.689712 0.252317
vt 0.688405 0.252868
vt 0.688022 0.251709
vt 0.684756 0.251911
vt 0.687452 0.250515
vt 0.689929 0.249393
vt 0.685058 0.252715
vt 0.687707 0.253162
vt 0.690518 0.250556
vt 0.687604 0.255079
vt 0.685500 0.253897
vt 0.684751 0.255185
vt 0.687672 0.256251
vt 0.684363 0.256374
vt 0.684307 0.255201
vt 0.680703 0.256477
vt 0.679660 0.255325
vt 0.676763 0.255384
vt 0.680660 0.255304
vt 0.676792 0.256558
vt 0.674144 0.255421
vt 0.672737 0.256614
vt 0.672365 0.256618
vt 0.672363 0.256454
vt 0.672723 0.255441
vt 0.672352 0.255444
vt 0.672625 0.251196
vt 0.269728 0.769425
vt 0.269498 0.782740
vt 0.269610 0.769428
vt 0.268116 0.769498
vt 0.674116 0.251137
vt 0.672506 0.251170
vt 0.269614 0.782722
vt 0.269733 0.769425
vt 0.269653 0.782716
vt 0.672502 0.251169
vt 0.483304 0.655745
vt 0.469324 0.663832
vt 0.483276 0.655696
vt 0.269814 0.769419
vt 0.485156 0.654876
vt 0.469324 0.663814
vt 0.483247 0.655647
vt 0.469323 0.663718
vt 0.483228 0.655614
vt 0.469323 0.663700
vt 0.483169 0.655513
vt 0.469323 0.663563
vt 0.672340 0.250978
vt 0.672344 0.250996
vt 0.672312 0.250842
vt 0.657783 0.249818
vt 0.670523 0.255628
vt 0.657941 0.249152
vt 0.670977 0.255583
vt 0.672292 0.248572
vt 0.469322 0.661292
vt 0.671125 0.256573
vt 0.671314 0.257877
vt 0.669894 0.256904
vt 0.669607 0.255890
vt 0.668587 0.256182
vt 0.668726 0.257416
vt 0.670268 0.258205
vt 0.669816 0.258346
vt 0.669657 0.259218
vt 0.669667 0.258430
vt 0.669250 0.258664
vt 0.668252 0.259225
vt 0.667635 0.258078
vt 0.667547 0.259424
vt 0.666756 0.258378
vt 0.667480 0.259444
vt 0.666934 0.259719
vt 0.665912 0.258829
vt 0.665800 0.257722
vt 0.666563 0.259906
vt 0.665230 0.259505
vt 0.664986 0.258621
vt 0.665281 0.258295
vt 0.657250 0.250696
vt 0.661001 0.257332
vt 0.660607 0.256864
vt 0.660425 0.256647
vt 0.664670 0.259277
vt 0.662237 0.258802
vt 0.658859 0.255103
vt 0.657743 0.249983
vt 0.656941 0.250340
vt 0.656516 0.251185
vt 0.656439 0.251201
vt 0.656277 0.250775
vt 0.655637 0.251367
vt 0.655637 0.250896
vt 0.654780 0.250684
vt 0.654776 0.250888
vt 0.655643 0.250515
vt 0.654776 0.251136
vt 0.654776 0.250904
vt 0.654777 0.251375
vt 0.656147 0.250419
vt 0.652263 0.251025
vt 0.652254 0.250786
vt 0.652249 0.250737
vt 0.651643 0.250655
vt 0.651507 0.251069
vt 0.651349 0.250531
vt 0.651083 0.250361
vt 0.650588 0.251535
vt 0.651601 0.251122
vt 0.650814 0.250677
vt 0.650012 0.250854
vt 0.649636 0.251529
vt 0.650530 0.251754
vt 0.650502 0.251858
vt 0.656910 0.257290
vt 0.656688 0.257541
vt 0.650117 0.253311
vt 0.652271 0.251254
vt 0.657238 0.256921
vt 0.660303 0.257942
vt 0.650141 0.253219
vt 0.657914 0.256160
vt 0.657696 0.256404
vt 0.652413 0.251261
vt 0.658071 0.255985
vt 0.648950 0.252757
vt 0.656424 0.257841
vt 0.655945 0.258387
vt 0.649399 0.251953
vt 0.649965 0.249774
vt 0.650318 0.250306
vt 0.650434 0.250225
vt 0.650169 0.249629
vt 0.649949 0.249704
vt 0.645526 0.248366
vt 0.649798 0.249015
vt 0.650095 0.249019
vt 0.650409 0.249284
vt 0.650293 0.249022
vt 0.649792 0.248323
vt 0.649769 0.245608
vt 0.650248 0.245608
vt 0.650270 0.248322
vt 0.650289 0.248322
vt 0.650673 0.248329
vt 0.650389 0.249029
vt 0.650652 0.249047
vt 0.650701 0.249051
vt 0.650745 0.249266
vt 0.561975 0.339854
vt 0.562053 0.339835
vt 0.562054 0.340062
vt 0.650666 0.249268
vt 0.657059 0.245550
vt 0.651750 0.250320
vt 0.651538 0.250200
vt 0.651811 0.250354
vt 0.650659 0.245433
vt 0.650649 0.245615
vt 0.650816 0.244900
vt 0.654782 0.250523
vt 0.652222 0.250438
vt 0.657090 0.249040
vt 0.651332 0.250084
vt 0.650839 0.249467
vt 0.650759 0.249339
vt 0.651076 0.249849
vt 0.657442 0.245535
vt 0.657425 0.245305
vt 0.657046 0.245368
vt 0.652231 0.250533
vt 0.651708 0.250452
vt 0.652238 0.250607
vt 0.657472 0.249025
vt 0.657004 0.249546
vt 0.657364 0.249667
vt 0.657944 0.249017
vt 0.657914 0.245527
vt 0.657487 0.245296
vt 0.657893 0.245237
vt 0.670076 0.245114
vt 0.669268 0.243729
vt 0.669273 0.243737
vt 0.657636 0.244412
vt 0.668600 0.242290
vt 0.668822 0.242207
vt 0.668299 0.239986
vt 0.669235 0.242025
vt 0.669901 0.243422
vt 0.668362 0.241617
vt 0.657621 0.244366
vt 0.657082 0.243672
vt 0.668208 0.241182
vt 0.656406 0.243254
vt 0.656393 0.243252
vt 0.655569 0.243098
vt 0.645480 0.241846
vt 0.667929 0.240061
vt 0.667750 0.239148
vt 0.668303 0.238072
vt 0.664328 0.219709
vt 0.665055 0.219531
vt 0.667576 0.238251
vt 0.668331 0.238065
vt 0.668626 0.239882
vt 0.668632 0.239880
vt 0.669606 0.241862
vt 0.669106 0.239729
vt 0.468523 0.650448
vt 0.469189 0.652329
vt 0.468991 0.652412
vt 0.469620 0.654451
vt 0.668950 0.237785
vt 0.469383 0.654564
vt 0.670472 0.243098
vt 0.669811 0.241738
vt 0.669864 0.241707
vt 0.469680 0.654422
vt 0.670169 0.241523
vt 0.469201 0.652324
vt 0.470031 0.654253
vt 0.468530 0.650444
vt 0.469680 0.652122
vt 0.469124 0.650143
vt 0.469819 0.652079
vt 0.470323 0.654181
vt 0.470196 0.654212
vt 0.470517 0.656945
vt 0.470850 0.654051
vt 0.470814 0.653689
vt 0.469842 0.652072
vt 0.470507 0.651867
vt 0.479438 0.650653
vt 0.478288 0.648815
vt 0.478529 0.649203
vt 0.479259 0.650376
vt 0.479428 0.650638
vt 0.444678 0.339828
vt 0.444678 0.340155
vt 0.444659 0.340141
vt 0.477642 0.647744
vt 0.477658 0.647754
vt 0.616543 0.608437
vt 0.616582 0.607373
vt 0.616582 0.608853
vt 0.479553 0.648728
vt 0.478651 0.649386
vt 0.478549 0.649217
vt 0.626565 0.125347
vt 0.626551 0.125340
vt 0.626527 0.125175
vt 0.479044 0.650008
vt 0.479817 0.649341
vt 0.529040 0.676880
vt 0.544527 0.675586
vt 0.544473 0.676255
vt 0.480198 0.649059
vt 0.544316 0.678221
vt 0.529012 0.672338
vt 0.528750 0.676850
vt 0.544314 0.678238
vt 0.529052 0.678304
vt 0.528722 0.672319
vt 0.528786 0.681113
vt 0.374291 0.740633
vt 0.374374 0.740438
vt 0.378811 0.742175
vt 0.370043 0.738449
vt 0.370155 0.738268
vt 0.370306 0.738020
vt 0.374488 0.740170
vt 0.378865 0.741970
vt 0.371041 0.733401
vt 0.367580 0.730531
vt 0.366482 0.735284
vt 0.363096 0.732020
vt 0.366295 0.735507
vt 0.366159 0.735670
vt 0.362880 0.732214
vt 0.362720 0.732355
vt 0.359979 0.728458
vt 0.360222 0.728298
vt 0.364623 0.727143
vt 0.362248 0.723324
vt 0.357921 0.724197
vt 0.360517 0.719174
vt 0.357657 0.724320
vt 0.356241 0.719804
vt 0.360728 0.719105
vt 0.359693 0.714765
vt 0.359473 0.714800
vt 0.355219 0.715214
vt 0.359145 0.710315
vt 0.359368 0.710316
vt 0.359556 0.710317
vt 0.359946 0.705904
vt 0.359760 0.705873
vt 0.359540 0.705835
vt 0.360860 0.701549
vt 0.361038 0.701610
vt 0.360649 0.701477
vt 0.362639 0.697458
vt 0.362805 0.697547
vt 0.365201 0.693820
vt 0.602860 0.725244
vt 0.603046 0.725306
vt 0.602964 0.728870
vt 0.602960 0.721306
vt 0.603150 0.728949
vt 0.602709 0.727680
vt 0.602742 0.728843
vt 0.602862 0.732014
vt 0.603083 0.732046
vt 0.603270 0.732140
vt 0.616043 0.649464
vt 0.615818 0.649738
vt 0.615821 0.649495
vt 0.616000 0.652882
vt 0.616231 0.649377
vt 0.615778 0.652907
vt 0.615235 0.649723
vt 0.373445 0.686800
vt 0.373542 0.686968
vt 0.368510 0.690430
vt 0.615178 0.654633
vt 0.368641 0.690572
vt 0.364505 0.695067
vt 0.602126 0.727728
vt 0.602289 0.732225
vt 0.364665 0.695176
vt 0.361633 0.700479
vt 0.379122 0.684545
vt 0.361813 0.700549
vt 0.602639 0.725223
vt 0.601994 0.722417
vt 0.602578 0.722383
vt 0.602554 0.721248
vt 0.602489 0.717021
vt 0.601902 0.716560
vt 0.360037 0.706394
vt 0.602484 0.716553
vt 0.602446 0.712650
vt 0.601852 0.710450
vt 0.360228 0.706423
vt 0.359797 0.712516
vt 0.602437 0.710450
vt 0.602427 0.708250
vt 0.359990 0.712501
vt 0.360926 0.718538
vt 0.601849 0.704393
vt 0.361111 0.718481
vt 0.363366 0.724158
vt 0.602432 0.704396
vt 0.602432 0.703935
vt 0.601891 0.698693
vt 0.602460 0.699815
vt 0.602653 0.703921
vt 0.602682 0.699795
vt 0.602649 0.708244
vt 0.602838 0.703885
vt 0.602866 0.699740
vt 0.602833 0.708228
vt 0.360908 0.719046
vt 0.359880 0.714736
vt 0.362446 0.723222
vt 0.362614 0.723135
vt 0.364802 0.727010
vt 0.367735 0.730371
vt 0.364954 0.726897
vt 0.367867 0.730235
vt 0.602918 0.695900
vt 0.602733 0.695973
vt 0.602991 0.692464
vt 0.602561 0.693681
vt 0.602512 0.695999
vt 0.602806 0.692552
vt 0.602475 0.698726
vt 0.601977 0.693635
vt 0.602585 0.692584
vt 0.366996 0.729094
vt 0.367138 0.728961
vt 0.371632 0.733099
vt 0.602103 0.689474
vt 0.602677 0.689659
vt 0.363534 0.724061
vt 0.371742 0.732938
vt 0.377044 0.735971
vt 0.377115 0.735789
vt 0.602787 0.687300
vt 0.602262 0.686418
vt 0.602845 0.686496
vt 0.382959 0.737567
vt 0.602912 0.685568
vt 0.602446 0.684620
vt 0.603028 0.684659
vt 0.603048 0.684508
vt 0.382988 0.737374
vt 0.389081 0.737806
vt 0.387982 0.737867
vt 0.383584 0.737657
vt 0.389067 0.737612
vt 0.395103 0.736678
vt 0.353821 0.907827
vt 0.354393 0.908542
vt 0.353811 0.908621
vt 0.392357 0.737369
vt 0.353805 0.909061
vt 0.354372 0.911036
vt 0.353791 0.910957
vt 0.353582 0.909020
vt 0.353568 0.910919
vt 0.396611 0.736218
vt 0.396655 0.736337
vt 0.392366 0.737414
vt 0.400672 0.734468
vt 0.353598 0.907784
vt 0.400609 0.734358
vt 0.400765 0.734633
vt 0.404456 0.732126
vt 0.404337 0.731979
vt 0.353365 0.913334
vt 0.404258 0.731879
vt 0.404595 0.732300
vt 0.409443 0.733713
vt 0.405828 0.736721
vt 0.400875 0.734827
vt 0.401814 0.739171
vt 0.396798 0.736724
vt 0.396721 0.736515
vt 0.392390 0.737538
vt 0.392427 0.737724
vt 0.387988 0.738039
vt 0.387995 0.738229
vt 0.392470 0.737943
vt 0.397486 0.741010
vt 0.392937 0.742200
vt 0.388002 0.738452
vt 0.388263 0.742714
vt 0.383539 0.738016
vt 0.383510 0.738237
vt 0.383563 0.737828
vt 0.379229 0.736909
vt 0.379175 0.737091
vt 0.379111 0.737304
vt 0.375016 0.735478
vt 0.375098 0.735307
vt 0.374919 0.735678
vt 0.371169 0.733218
vt 0.371278 0.733063
vt 0.371350 0.732959
vt 0.367954 0.730144
vt 0.602899 0.689623
vt 0.602685 0.689491
vt 0.603009 0.687260
vt 0.375152 0.735193
vt 0.603134 0.685525
vt 0.379264 0.736787
vt 0.603270 0.684463
vt 0.383579 0.737702
vt 0.387984 0.737912
vt 0.389075 0.737743
vt 0.546048 0.340181
vt 0.545965 0.339602
vt 0.546454 0.340181
vt 0.545914 0.340181
vt 0.378939 0.741688
vt 0.383531 0.742831
vt 0.383563 0.742542
vt 0.388273 0.743005
vt 0.388280 0.743217
vt 0.393028 0.742694
vt 0.392990 0.742486
vt 0.397580 0.741285
vt 0.397649 0.741486
vt 0.401947 0.739430
vt 0.402044 0.739618
vt 0.406121 0.737130
vt 0.405998 0.736958
vt 0.409792 0.734075
vt 0.409645 0.733922
vt 0.528808 0.641394
vt 0.529098 0.641339
vt 0.528767 0.645044
vt 0.623740 0.340129
vt 0.624047 0.339283
vt 0.624025 0.340203
vt 0.623823 0.336682
vt 0.412979 0.730518
vt 0.624109 0.336748
vt 0.412811 0.730388
vt 0.415615 0.726534
vt 0.623950 0.332792
vt 0.624198 0.334018
vt 0.637822 0.334888
vt 0.637813 0.334821
vt 0.520441 0.638611
vt 0.520479 0.638546
vt 0.624236 0.332848
vt 0.637011 0.328766
vt 0.523883 0.632676
vt 0.525298 0.630952
vt 0.526186 0.628275
vt 0.525975 0.631230
vt 0.523904 0.632613
vt 0.526869 0.628490
vt 0.526256 0.628064
vt 0.526014 0.626156
vt 0.526850 0.625537
vt 0.527526 0.625690
vt 0.526935 0.625172
vt 0.527944 0.622848
vt 0.528208 0.625901
vt 0.592131 0.032458
vt 0.591798 0.029508
vt 0.592478 0.029451
vt 0.592821 0.032436
vt 0.528642 0.623002
vt 0.527532 0.628756
vt 0.593164 0.035394
vt 0.592463 0.035382
vt 0.528115 0.620254
vt 0.592259 0.027530
vt 0.591506 0.026729
vt 0.528129 0.620254
vt 0.528696 0.620255
vt 0.591382 0.026774
vt 0.979947 0.476087
vt 0.978559 0.468837
vt 0.978572 0.468835
vt 0.977994 0.469150
vt 0.627791 0.315643
vt 0.628108 0.315716
vt 0.624739 0.321391
vt 0.979950 0.476407
vt 0.977225 0.476079
vt 0.636164 0.322048
vt 0.977234 0.470118
vt 0.977367 0.469962
vt 0.977458 0.469810
vt 0.979195 0.468730
vt 0.979958 0.468732
vt 0.635448 0.316128
vt 0.977887 0.469281
vt 0.526725 0.620254
vt 0.527279 0.622754
vt 0.526021 0.626098
vt 0.527360 0.622186
vt 0.527490 0.620254
vt 0.592181 0.027329
vt 0.592008 0.026549
vt 0.592153 0.026499
vt 0.592343 0.027272
vt 0.642505 0.441528
vt 0.642425 0.440616
vt 0.642505 0.440416
vt 0.592666 0.028122
vt 0.592623 0.027613
vt 0.592488 0.027217
vt 0.592839 0.027939
vt 0.598032 0.024804
vt 0.592300 0.026445
vt 0.592985 0.028159
vt 0.593340 0.028365
vt 0.593287 0.028514
vt 0.593266 0.028575
vt 0.593864 0.028700
vt 0.593871 0.028355
vt 0.594404 0.028345
vt 0.594480 0.028612
vt 0.599627 0.026849
vt 0.599703 0.027116
vt 0.600241 0.026555
vt 0.600250 0.026551
vt 0.600431 0.026795
vt 0.600925 0.026176
vt 0.599719 0.027173
vt 0.601133 0.025435
vt 0.600739 0.026064
vt 0.601040 0.025442
vt 0.598462 0.024546
vt 0.599612 0.113730
vt 0.599531 0.116455
vt 0.601081 0.024991
vt 0.601042 0.025424
vt 0.977235 0.476563
vt 0.979958 0.476689
vt 0.979954 0.476563
vt 0.627639 0.315547
vt 0.624841 0.319353
vt 0.627516 0.315470
vt 0.627313 0.315215
vt 0.627302 0.315183
vt 0.599855 0.113735
vt 0.601438 0.025472
vt 0.601123 0.024668
vt 0.601109 0.024672
vt 0.602424 0.025336
vt 0.601469 0.024917
vt 0.514643 0.994916
vt 0.513712 0.996089
vt 0.513703 0.995277
vt 0.514577 0.996071
vt 0.513733 0.997073
vt 0.736531 0.483209
vt 0.601138 0.024664
vt 0.999588 0.952719
vt 0.999637 0.953049
vt 0.601105 0.024635
vt 0.999645 0.953085
vt 0.601016 0.024552
vt 0.999645 0.953189
vt 0.594485 0.028629
vt 0.594563 0.028901
vt 0.594032 0.028989
vt 0.593219 0.029374
vt 0.593858 0.028966
vt 0.593161 0.028873
vt 0.593252 0.028612
vt 0.593050 0.028801
vt 0.592548 0.028245
vt 0.592534 0.028230
vt 0.624606 0.324057
vt 0.636171 0.322107
vt 0.624319 0.324022
vt 0.624429 0.327985
vt 0.624116 0.328542
vt 0.624402 0.328588
vt 0.637003 0.328702
vt 0.593565 0.032366
vt 0.593709 0.033610
vt 0.612026 0.030938
vt 0.593910 0.035335
vt 0.593971 0.035856
vt 0.594215 0.037936
vt 0.612623 0.032663
vt 0.612727 0.032963
vt 0.594252 0.038255
vt 0.614171 0.035990
vt 0.614217 0.036075
vt 0.616071 0.040622
vt 0.613124 0.032769
vt 0.614885 0.035667
vt 0.614921 0.035646
vt 0.616737 0.040432
vt 0.616540 0.040488
vt 0.616164 0.041012
vt 0.041354 0.979776
vt 0.041354 0.984622
vt 0.618913 0.039907
vt 0.619440 0.039820
vt 0.618845 0.039918
vt 0.620733 0.039680
vt 0.617729 0.040169
vt 0.617918 0.040123
vt 0.617363 0.040266
vt 0.618719 0.039943
vt 0.618189 0.040062
vt 0.153836 0.586479
vt 0.152185 0.580623
vt 0.154580 0.586477
vt 0.152416 0.580691
vt 0.155399 0.581567
vt 0.152718 0.578569
vt 0.151465 0.579160
vt 0.150856 0.577912
vt 0.152915 0.576872
vt 0.152876 0.576861
vt 0.150355 0.576843
vt 0.149997 0.575991
vt 0.149853 0.575387
vt 0.150745 0.577683
vt 0.614979 0.031644
vt 0.614455 0.032020
vt 0.614609 0.030846
vt 0.613303 0.030502
vt 0.614021 0.032330
vt 0.614029 0.032326
vt 0.614287 0.030023
vt 0.613205 0.030535
vt 0.614119 0.029433
vt 0.615639 0.035183
vt 0.615873 0.035004
vt 0.615092 0.031859
vt 0.616088 0.034792
vt 0.151358 0.581121
vt 0.150267 0.577943
vt 0.151639 0.580951
vt 0.151732 0.580896
vt 0.153612 0.586480
vt 0.616158 0.034723
vt 0.153739 0.586479
vt 0.615576 0.035231
vt 0.613872 0.032403
vt 0.615481 0.035304
vt 0.612993 0.025495
vt 0.148891 0.571357
vt 0.612785 0.024768
vt 0.148819 0.570604
vt 0.154656 0.577299
vt 0.046399 0.982688
vt 0.592801 0.038263
vt 0.526019 0.631248
vt 0.526622 0.631551
vt 0.519401 0.650410
vt 0.519173 0.652519
vt 0.594924 0.057837
vt 0.638559 0.340139
vt 0.515894 0.643638
vt 0.638568 0.340203
vt 0.515839 0.643700
vt 0.544305 0.645638
vt 0.529057 0.644998
vt 0.543665 0.640483
vt 0.529051 0.645675
vt 0.529024 0.649067
vt 0.528734 0.649103
vt 0.544315 0.645722
vt 0.544314 0.645707
vt 0.510261 0.647730
vt 0.202311 0.758074
vt 0.202437 0.756961
vt 0.508386 0.648710
vt 0.509622 0.648789
vt 0.544474 0.647513
vt 0.544506 0.647882
vt 0.507999 0.648912
vt 0.509374 0.649188
vt 0.202330 0.758518
vt 0.544526 0.648152
vt 0.528696 0.662842
vt 0.528990 0.665072
vt 0.528704 0.667616
vt 0.528986 0.662839
vt 0.383508 0.743042
vt 0.528994 0.667624
vt 0.529010 0.671867
vt 0.544832 0.670138
vt 0.544894 0.668685
vt 0.544865 0.669354
vt 0.544924 0.667737
vt 0.546094 0.670232
vt 0.545541 0.669059
vt 0.545091 0.670768
vt 0.484868 0.651077
vt 0.484710 0.650724
vt 0.485512 0.650939
vt 0.544797 0.670954
vt 0.544764 0.671727
vt 0.483951 0.650520
vt 0.482959 0.651763
vt 0.483828 0.650479
vt 0.544757 0.671854
vt 0.544733 0.672313
vt 0.483379 0.650329
vt 0.544718 0.672588
vt 0.482381 0.650757
vt 0.483110 0.650239
vt 0.481094 0.651561
vt 0.481902 0.649752
vt 0.481733 0.652507
vt 0.480526 0.652290
vt 0.480428 0.652143
vt 0.481065 0.653071
vt 0.480450 0.650497
vt 0.480302 0.651951
vt 0.273061 0.608138
vt 0.273080 0.608148
vt 0.273080 0.608384
vt 0.273340 0.601163
vt 0.273319 0.600934
vt 0.273340 0.599773
vt 0.273340 0.601163
vt 0.273340 0.602457
vt 0.273318 0.602277
vt 0.481052 0.653083
vt 0.481063 0.653078
vt 0.481036 0.653091
vt 0.480285 0.651954
vt 0.472665 0.656867
vt 0.471850 0.657238
vt 0.470865 0.655990
vt 0.472001 0.655854
vt 0.480196 0.651824
vt 0.458604 0.602602
vt 0.458578 0.602156
vt 0.458604 0.601456
vt 0.273040 0.607961
vt 0.273080 0.607118
vt 0.479750 0.651116
vt 0.479623 0.650924
vt 0.568029 0.492884
vt 0.568004 0.492595
vt 0.568029 0.492362
vt 0.479448 0.650646
vt 0.567588 0.493058
vt 0.567547 0.492744
vt 0.567588 0.492362
vt 0.470865 0.655972
vt 0.471579 0.655210
vt 0.470802 0.656874
vt 0.470758 0.657344
vt 0.470250 0.657011
vt 0.470427 0.658002
vt 0.470715 0.657805
vt 0.470145 0.658330
vt 0.470037 0.657064
vt 0.469981 0.658521
vt 0.672245 0.245778
vt 0.671071 0.244505
vt 0.671201 0.244422
vt 0.672079 0.246185
vt 0.671352 0.244325
vt 0.469859 0.658780
vt 0.672252 0.246041
vt 0.672262 0.246467
vt 0.469663 0.659198
vt 0.671586 0.246560
vt 0.672266 0.246623
vt 0.469591 0.659352
vt 0.469421 0.660028
vt 0.672277 0.247305
vt 0.469400 0.660304
vt 0.672281 0.247582
vt 0.671177 0.246849
vt 0.670590 0.244805
vt 0.670470 0.245756
vt 0.670671 0.244757
vt 0.670789 0.244685
vt 0.481068 0.653076
vt 0.481948 0.652847
vt 0.547368 0.673499
vt 0.547367 0.673532
vt 0.546975 0.673774
vt 0.481981 0.652843
vt 0.547368 0.673328
vt 0.482155 0.652822
vt 0.546173 0.672613
vt 0.547368 0.672282
vt 0.483206 0.652798
vt 0.547172 0.671956
vt 0.547368 0.671822
vt 0.483668 0.652788
vt 0.484025 0.652780
vt 0.547368 0.671467
vt 0.484445 0.652797
vt 0.547368 0.671047
vt 0.547366 0.669645
vt 0.481704 0.649672
vt 0.480240 0.649081
vt 0.544531 0.675541
vt 0.544626 0.674035
vt 0.544639 0.673831
vt 0.547365 0.668396
vt 0.545093 0.667694
vt 0.546366 0.667365
vt 0.544979 0.665053
vt 0.545917 0.664555
vt 0.544985 0.664720
vt 0.545005 0.663738
vt 0.545016 0.661624
vt 0.544986 0.658557
vt 0.546470 0.667338
vt 0.547364 0.667122
vt 0.353790 0.911046
vt 0.353777 0.913466
vt 0.354354 0.914713
vt 0.602852 0.712655
vt 0.602668 0.712651
vt 0.602710 0.717028
vt 0.602775 0.721263
vt 0.602895 0.717053
vt 0.379065 0.684360
vt 0.385087 0.683231
vt 0.615138 0.660236
vt 0.615717 0.660839
vt 0.615118 0.666250
vt 0.615721 0.660252
vt 0.615743 0.656722
vt 0.615965 0.656703
vt 0.615762 0.654678
vt 0.616152 0.656649
vt 0.615940 0.660827
vt 0.616187 0.652811
vt 0.368164 0.690526
vt 0.368035 0.690389
vt 0.371617 0.687749
vt 0.371511 0.687594
vt 0.375470 0.685563
vt 0.367882 0.690227
vt 0.371386 0.687410
vt 0.375391 0.685392
vt 0.379625 0.684023
vt 0.616127 0.660792
vt 0.615924 0.665149
vt 0.616111 0.665134
vt 0.383972 0.683169
vt 0.616106 0.669561
vt 0.615919 0.669556
vt 0.615924 0.673934
vt 0.615700 0.672364
vt 0.615697 0.669554
vt 0.615701 0.666253
vt 0.615702 0.665154
vt 0.615117 0.672374
vt 0.397124 0.685067
vt 0.391209 0.683471
vt 0.615702 0.673925
vt 0.615136 0.678300
vt 0.615717 0.678154
vt 0.615940 0.678169
vt 0.615718 0.678295
vt 0.615743 0.682131
vt 0.615758 0.683683
vt 0.615965 0.682153
vt 0.616127 0.678214
vt 0.616111 0.673959
vt 0.366482 0.685765
vt 0.362879 0.688834
vt 0.363096 0.689029
vt 0.359979 0.692590
vt 0.359801 0.692471
vt 0.362720 0.688691
vt 0.360222 0.692751
vt 0.357464 0.696637
vt 0.357657 0.696728
vt 0.364875 0.693571
vt 0.357921 0.696852
vt 0.365052 0.693706
vt 0.362443 0.697354
vt 0.356241 0.701244
vt 0.354930 0.705792
vt 0.355219 0.705834
vt 0.355962 0.701160
vt 0.354584 0.710524
vt 0.615677 0.627306
vt 0.615841 0.622567
vt 0.615891 0.627302
vt 0.615626 0.622540
vt 0.354719 0.705760
vt 0.615412 0.629696
vt 0.615385 0.627310
vt 0.615729 0.632066
vt 0.605161 0.629812
vt 0.606115 0.624026
vt 0.615338 0.622851
vt 0.615335 0.622532
vt 0.606287 0.622966
vt 0.607210 0.617285
vt 0.461959 0.612546
vt 0.461145 0.611846
vt 0.463561 0.606993
vt 0.460945 0.613028
vt 0.461659 0.613583
vt 0.460365 0.612941
vt 0.460624 0.614921
vt 0.460482 0.616325
vt 0.459870 0.616625
vt 0.461249 0.619340
vt 0.460469 0.616504
vt 0.460467 0.616528
vt 0.460464 0.616568
vt 0.460447 0.616814
vt 0.460384 0.619661
vt 0.459779 0.620343
vt 0.460429 0.620299
vt 0.460094 0.624053
vt 0.459074 0.620446
vt 0.459403 0.624231
vt 0.664460 0.211958
vt 0.663809 0.212167
vt 0.663796 0.208192
vt 0.664449 0.215908
vt 0.460144 0.627962
vt 0.665100 0.215655
vt 0.663583 0.215259
vt 0.663718 0.216063
vt 0.664277 0.219401
vt 0.665083 0.219524
vt 0.665703 0.219243
vt 0.461885 0.631295
vt 0.461283 0.631599
vt 0.460812 0.627711
vt 0.461929 0.631277
vt 0.469168 0.650125
vt 0.469844 0.649847
vt 0.467508 0.638537
vt 0.468097 0.639480
vt 0.472086 0.643608
vt 0.472864 0.644413
vt 0.464463 0.633663
vt 0.462605 0.630998
vt 0.462024 0.629359
vt 0.462120 0.627217
vt 0.464086 0.632626
vt 0.603861 0.637612
vt 0.615547 0.641199
vt 0.602971 0.642856
vt 0.615567 0.642721
vt 0.602801 0.643861
vt 0.615601 0.645351
vt 0.615838 0.641162
vt 0.615891 0.645304
vt 0.357464 0.724409
vt 0.359801 0.728575
vt 0.355962 0.719888
vt 0.355758 0.719948
vt 0.615784 0.636718
vt 0.354930 0.715256
vt 0.354875 0.710524
vt 0.615943 0.632031
vt 0.354719 0.715286
vt 0.615489 0.636433
vt 0.615493 0.636744
vt 0.604040 0.636541
vt 0.461166 0.626212
vt 0.461969 0.626132
vt 0.460777 0.623932
vt 0.461172 0.620424
vt 0.604982 0.630902
vt 0.615438 0.632081
vt 0.460621 0.623022
vt 0.461519 0.627507
vt 0.615943 0.649056
vt 0.615642 0.648360
vt 0.602003 0.648483
vt 0.601849 0.649377
vt 0.615652 0.649112
vt 0.529122 0.685066
vt 0.529175 0.688536
vt 0.528884 0.688478
vt 0.542977 0.688412
vt 0.528832 0.685017
vt 0.529111 0.684154
vt 0.543645 0.684107
vt 0.529076 0.681153
vt 0.543775 0.683267
vt 0.544306 0.678317
vt 0.477568 0.647692
vt 0.645246 0.217844
vt 0.645140 0.219598
vt 0.644684 0.219819
vt 0.645122 0.219903
vt 0.645114 0.219961
vt 0.644530 0.223165
vt 0.643769 0.222950
vt 0.643487 0.227849
vt 0.642609 0.227853
vt 0.643713 0.222934
vt 0.643092 0.222758
vt 0.643857 0.219661
vt 0.643992 0.217761
vt 0.643692 0.219630
vt 0.642977 0.222707
vt 0.642892 0.222670
vt 0.643673 0.219626
vt 0.642538 0.227853
vt 0.642689 0.218314
vt 0.643172 0.219410
vt 0.642498 0.219349
vt 0.642546 0.219140
vt 0.642212 0.220592
vt 0.213887 0.580952
vt 0.214058 0.579160
vt 0.215262 0.577943
vt 0.642598 0.222540
vt 0.214153 0.581110
vt 0.212128 0.586481
vt 0.213791 0.580894
vt 0.211656 0.586479
vt 0.213337 0.580623
vt 0.211295 0.586478
vt 0.210935 0.586477
vt 0.213110 0.580696
vt 0.664449 0.941265
vt 0.664723 0.938023
vt 0.664479 0.941480
vt 0.664420 0.940928
vt 0.343666 0.977145
vt 0.348711 0.979078
vt 0.343666 0.981991
vt 0.664323 0.938005
vt 0.664323 0.938494
vt 0.664723 0.942900
vt 0.664701 0.942781
vt 0.414346 0.985098
vt 0.414396 0.989971
vt 0.414216 0.984694
vt 0.414107 0.989932
vt 0.344927 0.984176
vt 0.344004 0.983252
vt 0.348711 0.981991
vt 0.664335 0.939439
vt 0.664334 0.939368
vt 0.664338 0.939549
vt 0.664368 0.940212
vt 0.643954 0.232811
vt 0.643975 0.227845
vt 0.645482 0.238473
vt 0.642495 0.232826
vt 0.068133 0.991013
vt 0.068013 0.989558
vt 0.071027 0.990778
vt 0.641498 0.238513
vt 0.068003 0.989311
vt 0.642247 0.232828
vt 0.642050 0.232829
vt 0.068009 0.989113
vt 0.641559 0.232828
vt 0.068119 0.988616
vt 0.640383 0.239654
vt 0.068217 0.988175
vt 0.641123 0.232827
vt 0.641286 0.239835
vt 0.640168 0.240972
vt 0.640062 0.239590
vt 0.640936 0.232825
vt 0.639532 0.239383
vt 0.068298 0.987984
vt 0.068494 0.987682
vt 0.640644 0.232820
vt 0.640123 0.232810
vt 0.068843 0.987144
vt 0.209865 0.591522
vt 0.207373 0.597984
vt 0.209736 0.591521
vt 0.639021 0.239185
vt 0.068962 0.987016
vt 0.207103 0.597852
vt 0.209548 0.591521
vt 0.069138 0.986880
vt 0.206409 0.597513
vt 0.208241 0.593046
vt 0.208867 0.591519
vt 0.069778 0.986387
vt 0.208246 0.591518
vt 0.070371 0.986057
vt 0.207979 0.591518
vt 0.070626 0.985919
vt 0.072253 0.990683
vt 0.070897 0.985774
vt 0.207695 0.591502
vt 0.071654 0.985377
vt 0.203727 0.599527
vt 0.206886 0.591268
vt 0.206730 0.591159
vt 0.071795 0.985305
vt 0.201651 0.598073
vt 0.206224 0.590807
vt 0.072253 0.985070
vt 0.409741 0.989971
vt 0.410073 0.984354
vt 0.410699 0.989932
vt 0.205802 0.590246
vt 0.410647 0.984173
vt 0.347450 0.984176
vt 0.346188 0.984514
vt 0.410719 0.984150
vt 0.411973 0.989909
vt 0.348373 0.983252
vt 0.205492 0.589430
vt 0.205749 0.590176
vt 0.411474 0.984038
vt 0.205487 0.588992
vt 0.411911 0.984032
vt 0.201471 0.583329
vt 0.205482 0.588620
vt 0.412283 0.984027
vt 0.205747 0.587813
vt 0.413080 0.984128
vt 0.413220 0.989909
vt 0.202429 0.583162
vt 0.205804 0.587741
vt 0.413151 0.984151
vt 0.206302 0.587108
vt 0.413767 0.984353
vt 0.202902 0.583074
vt 0.206738 0.586845
vt 0.414014 0.984541
vt 0.206156 0.582469
vt 0.207093 0.586632
vt 0.206198 0.580251
vt 0.206424 0.582409
vt 0.202693 0.580911
vt 0.205457 0.578465
vt 0.203323 0.578856
vt 0.199084 0.581533
vt 0.201669 0.579160
vt 0.202555 0.578997
vt 0.201116 0.577506
vt 0.199520 0.579554
vt 0.195775 0.576988
vt 0.197249 0.575018
vt 0.198940 0.579661
vt 0.198922 0.579664
vt 0.197740 0.579881
vt 0.195477 0.580339
vt 0.195171 0.580401
vt 0.192212 0.573900
vt 0.193284 0.572469
vt 0.202609 0.574771
vt 0.198429 0.572859
vt 0.194141 0.570899
vt 0.199288 0.570554
vt 0.203698 0.571852
vt 0.207940 0.573102
vt 0.206631 0.576612
vt 0.209428 0.577644
vt 0.211961 0.574288
vt 0.210857 0.577299
vt 0.209575 0.579483
vt 0.209074 0.577729
vt 0.209056 0.577734
vt 0.206061 0.578342
vt 0.205707 0.578414
vt 0.209527 0.581716
vt 0.209833 0.581630
vt 0.212800 0.578557
vt 0.212621 0.580853
vt 0.212406 0.576925
vt 0.212636 0.576856
vt 0.214781 0.577683
vt 0.214677 0.577895
vt 0.215529 0.575991
vt 0.215171 0.576843
vt 0.642777 0.217475
vt 0.642777 0.216878
vt 0.643887 0.217754
vt 0.215673 0.575387
vt 0.643884 0.213051
vt 0.643857 0.208211
vt 0.645240 0.212712
vt 0.642770 0.212138
vt 0.645242 0.213100
vt 0.642774 0.212887
vt 0.216635 0.571357
vt 0.216707 0.570604
vt 0.642747 0.208166
vt 0.645215 0.208217
vt 0.655624 0.208879
vt 0.655793 0.209702
vt 0.655817 0.209737
vt 0.656271 0.210416
vt 0.656984 0.210901
vt 0.657082 0.210923
vt 0.657851 0.211100
vt 0.663118 0.212533
vt 0.657174 0.210713
vt 0.657965 0.210871
vt 0.657965 0.211101
vt 0.661456 0.210774
vt 0.657965 0.210809
vt 0.661456 0.210791
vt 0.661456 0.211066
vt 0.662072 0.210683
vt 0.661982 0.210418
vt 0.661828 0.210476
vt 0.662574 0.210348
vt 0.662157 0.210928
vt 0.662611 0.210396
vt 0.662323 0.210895
vt 0.662633 0.210426
vt 0.661458 0.210514
vt 0.657968 0.210549
vt 0.657297 0.210442
vt 0.661469 0.203751
vt 0.661422 0.203751
vt 0.661912 0.203937
vt 0.661399 0.203751
vt 0.657908 0.203786
vt 0.662006 0.203999
vt 0.662178 0.204213
vt 0.662844 0.209672
vt 0.662300 0.204364
vt 0.662387 0.204472
vt 0.662563 0.204896
vt 0.657287 0.210440
vt 0.662639 0.205080
vt 0.662704 0.205462
vt 0.662860 0.207180
vt 0.662912 0.207753
vt 0.662975 0.208882
vt 0.662957 0.209301
vt 0.661480 0.203182
vt 0.661475 0.203461
vt 0.661392 0.203479
vt 0.661469 0.203710
vt 0.662028 0.203558
vt 0.661943 0.203824
vt 0.567918 0.492362
vt 0.567918 0.492845
vt 0.567877 0.492608
vt 0.662462 0.204107
vt 0.662446 0.203817
vt 0.662319 0.203700
vt 0.661720 0.203810
vt 0.662427 0.200626
vt 0.661776 0.200681
vt 0.662057 0.203459
vt 0.662539 0.203989
vt 0.662791 0.204453
vt 0.663116 0.204400
vt 0.459655 0.612888
vt 0.459158 0.616650
vt 0.661739 0.196913
vt 0.460557 0.609203
vt 0.461256 0.609335
vt 0.461789 0.609474
vt 0.462030 0.608584
vt 0.462535 0.605847
vt 0.463000 0.606024
vt 0.463138 0.605659
vt 0.464066 0.606048
vt 0.464598 0.602730
vt 0.466794 0.600942
vt 0.464402 0.603055
vt 0.608219 0.610974
vt 0.615246 0.613362
vt 0.607367 0.616300
vt 0.615273 0.616205
vt 0.615288 0.617850
vt 0.615538 0.613392
vt 0.615580 0.617869
vt 0.355758 0.701098
vt 0.615217 0.610004
vt 0.615501 0.609204
vt 0.615209 0.609165
vt 0.608356 0.610106
vt 0.467479 0.600129
vt 0.466079 0.600278
vt 0.466561 0.599634
vt 0.468132 0.597536
vt 0.466188 0.599385
vt 0.463534 0.602232
vt 0.464185 0.602517
vt 0.659737 0.189727
vt 0.660392 0.189840
vt 0.461855 0.605637
vt 0.660404 0.193247
vt 0.661057 0.193304
vt 0.659324 0.191435
vt 0.659016 0.189821
vt 0.658382 0.186505
vt 0.659380 0.191727
vt 0.658364 0.186415
vt 0.659681 0.193345
vt 0.660362 0.197012
vt 0.661087 0.196912
vt 0.660423 0.197341
vt 0.660589 0.198260
vt 0.657896 0.203216
vt 0.661051 0.200811
vt 0.661387 0.203181
vt 0.661939 0.203350
vt 0.657900 0.203451
vt 0.657041 0.203387
vt 0.657112 0.203626
vt 0.657799 0.203790
vt 0.657901 0.203514
vt 0.657016 0.203403
vt 0.657124 0.203950
vt 0.656472 0.204092
vt 0.657242 0.203922
vt 0.656296 0.203859
vt 0.655800 0.204552
vt 0.655780 0.204633
vt 0.656075 0.204752
vt 0.656544 0.204321
vt 0.655997 0.205215
vt 0.656122 0.204855
vt 0.656171 0.204793
vt 0.656643 0.204258
vt 0.655747 0.205498
vt 0.655900 0.205496
vt 0.655611 0.207191
vt 0.655595 0.205500
vt 0.655596 0.205449
vt 0.655597 0.205383
vt 0.645188 0.205554
vt 0.655929 0.208879
vt 0.655947 0.208963
vt 0.656029 0.209159
vt 0.656207 0.209583
vt 0.656117 0.209617
vt 0.656214 0.209600
vt 0.656526 0.210265
vt 0.656680 0.210112
vt 0.468847 0.596761
vt 0.615471 0.605396
vt 0.615179 0.605348
vt 0.663049 0.205511
vt 0.662874 0.204706
vt 0.458850 0.617750
vt 0.662838 0.204541
vt 0.630257 0.440679
vt 0.630611 0.440416
vt 0.630455 0.440643
vt 0.079288 0.972958
vt 0.079145 0.973749
vt 0.078883 0.973350
vt 0.663040 0.205510
vt 0.662850 0.205489
vt 0.565311 0.492362
vt 0.565311 0.492989
vt 0.565060 0.492492
vt 0.630611 0.441248
vt 0.639842 0.441025
vt 0.639605 0.440675
vt 0.639842 0.440600
vt 0.639842 0.440416
vt 0.639771 0.441191
vt 0.662338 0.204304
vt 0.078916 0.973731
vt 0.663090 0.206062
vt 0.662954 0.207186
vt 0.079068 0.975445
vt 0.079164 0.975447
vt 0.663171 0.207193
vt 0.663123 0.208879
vt 0.663253 0.208328
vt 0.663292 0.208876
vt 0.642769 0.440873
vt 0.642867 0.440416
vt 0.642867 0.441230
vt 0.663059 0.209783
vt 0.663301 0.209084
vt 0.626558 0.122631
vt 0.626558 0.123679
vt 0.626527 0.123599
vt 0.663288 0.209170
vt 0.663188 0.209859
vt 0.663170 0.209984
vt 0.662793 0.210644
vt 0.663082 0.212324
vt 0.662766 0.209929
vt 0.662483 0.210228
vt 0.663060 0.208880
vt 0.079118 0.976016
vt 0.079288 0.977138
vt 0.663209 0.213059
vt 0.643508 0.204317
vt 0.643822 0.204294
vt 0.642711 0.204407
vt 0.642739 0.207274
vt 0.208233 0.582005
vt 0.208246 0.586473
vt 0.207979 0.586473
vt 0.194766 0.569224
vt 0.199811 0.568149
vt 0.195146 0.567476
vt 0.199987 0.565695
vt 0.195274 0.565693
vt 0.190502 0.565692
vt 0.190423 0.566796
vt 0.195146 0.563909
vt 0.190187 0.567879
vt 0.189800 0.568916
vt 0.189270 0.569888
vt 0.190423 0.564587
vt 0.190187 0.563505
vt 0.188606 0.570775
vt 0.187823 0.571558
vt 0.186936 0.572221
vt 0.190948 0.575165
vt 0.185964 0.572752
vt 0.189270 0.561495
vt 0.189800 0.562467
vt 0.188606 0.560609
vt 0.187823 0.559826
vt 0.186937 0.559162
vt 0.185965 0.558631
vt 0.179516 0.572752
vt 0.180553 0.573139
vt 0.177534 0.577093
vt 0.175579 0.581382
vt 0.175965 0.576236
vt 0.173420 0.580202
vt 0.171450 0.578728
vt 0.174534 0.575165
vt 0.172887 0.580975
vt 0.173870 0.581195
vt 0.174174 0.581275
vt 0.173269 0.573900
vt 0.169710 0.576988
vt 0.194141 0.560486
vt 0.193284 0.558917
vt 0.197250 0.556372
vt 0.195775 0.554402
vt 0.192213 0.557485
vt 0.190948 0.556221
vt 0.194035 0.552663
vt 0.194766 0.562162
vt 0.199309 0.583704
vt 0.205512 0.600776
vt 0.205883 0.599124
vt 0.205766 0.599485
vt 0.205706 0.602996
vt 0.205455 0.601072
vt 0.206030 0.602982
vt 0.206165 0.600889
vt 0.206262 0.600905
vt 0.206617 0.599353
vt 0.206562 0.600957
vt 0.638569 0.240529
vt 0.639130 0.242199
vt 0.638682 0.242129
vt 0.639286 0.240779
vt 0.639732 0.242295
vt 0.639194 0.242209
vt 0.639727 0.244071
vt 0.639957 0.244053
vt 0.640019 0.242316
vt 0.640064 0.244045
vt 0.640425 0.247388
vt 0.641164 0.245405
vt 0.641076 0.244689
vt 0.641466 0.247187
vt 0.641479 0.247261
vt 0.642272 0.250338
vt 0.641301 0.250631
vt 0.641276 0.250638
vt 0.642573 0.251913
vt 0.641689 0.252152
vt 0.640708 0.252321
vt 0.640860 0.250764
vt 0.640368 0.250898
vt 0.639441 0.247560
vt 0.206635 0.606399
vt 0.205740 0.606529
vt 0.206350 0.602969
vt 0.638656 0.244132
vt 0.638983 0.244113
vt 0.640347 0.250903
vt 0.639855 0.251037
vt 0.639181 0.244102
vt 0.206148 0.609903
vt 0.206462 0.611187
vt 0.205572 0.611225
vt 0.205736 0.609952
vt 0.205987 0.612544
vt 0.205128 0.612425
vt 0.204542 0.611121
vt 0.205711 0.609955
vt 0.204242 0.611896
vt 0.204492 0.611374
vt 0.204750 0.610070
vt 0.204860 0.608413
vt 0.204881 0.608096
vt 0.204754 0.608220
vt 0.204969 0.606770
vt 0.204982 0.606580
vt 0.205127 0.604355
vt 0.204671 0.603552
vt 0.205162 0.603820
vt 0.205211 0.603052
vt 0.205214 0.603016
vt 0.204133 0.612123
vt 0.203869 0.612676
vt 0.203559 0.613057
vt 0.204459 0.613524
vt 0.205257 0.613782
vt 0.203024 0.613718
vt 0.202832 0.613899
vt 0.643297 0.440416
vt 0.643297 0.441384
vt 0.643255 0.441298
vt 0.643234 0.441254
vt 0.203469 0.614397
vt 0.568102 0.492362
vt 0.568102 0.492855
vt 0.568084 0.492407
vt 0.202602 0.614114
vt 0.199755 0.613921
vt 0.976617 0.283403
vt 0.976875 0.282832
vt 0.199431 0.613374
vt 0.199357 0.613290
vt 0.980193 0.283777
vt 0.976578 0.283493
vt 0.976327 0.284100
vt 0.976474 0.283745
vt 0.516490 0.175911
vt 0.641005 0.243971
vt 0.645500 0.245361
vt 0.645487 0.243926
vt 0.640951 0.243175
vt 0.645475 0.241804
vt 0.640053 0.242319
vt 0.640964 0.242388
vt 0.640993 0.241978
vt 0.641007 0.241851
vt 0.640978 0.242183
vt 0.114803 0.913638
vt 0.114671 0.913625
vt 0.114865 0.911520
vt 0.114865 0.915757
vt 0.641111 0.240887
vt 0.645477 0.239793
vt 0.641089 0.241088
vt 0.115127 0.910107
vt 0.115127 0.917169
vt 0.650034 0.244475
vt 0.649784 0.245318
vt 0.650045 0.244436
vt 0.650197 0.245369
vt 0.650418 0.244678
vt 0.650571 0.243738
vt 0.650863 0.244133
vt 0.651172 0.244402
vt 0.651450 0.243794
vt 0.651263 0.243302
vt 0.651582 0.244143
vt 0.652086 0.243695
vt 0.651629 0.244113
vt 0.651283 0.243290
vt 0.652084 0.243600
vt 0.652085 0.243680
vt 0.655574 0.243567
vt 0.652078 0.243133
vt 0.655576 0.243639
vt 0.656216 0.243748
vt 0.656028 0.244060
vt 0.656103 0.244100
vt 0.656422 0.244271
vt 0.656809 0.244079
vt 0.656554 0.244407
vt 0.650826 0.244866
vt 0.656751 0.244613
vt 0.657261 0.244621
vt 0.656871 0.244856
vt 0.656982 0.245080
vt 0.652095 0.244023
vt 0.655586 0.243988
vt 0.650261 0.245377
vt 0.641753 0.227845
vt 0.642426 0.227853
vt 0.641474 0.227842
vt 0.664381 0.940487
vt 0.626565 0.124508
vt 0.669268 0.242011
vt 0.656671 0.250077
vt 0.650891 0.249939
vt 0.651118 0.250320
vt 0.650754 0.250006
vt 0.651086 0.250357
vt 0.650738 0.250014
vt 0.650458 0.249548
vt 0.650709 0.249494
vt 0.561961 0.339783
vt 0.562054 0.339602
vt 0.266817 0.972962
vt 0.666103 0.257518
vt 0.668276 0.256325
vt 0.667008 0.256906
vt 0.667632 0.258071
vt 0.664528 0.259571
vt 0.664491 0.259835
vt 0.666463 0.260024
vt 0.672408 0.251092
vt 0.672419 0.251110
vt 0.267904 0.769508
vt 0.674326 0.251129
vt 0.266649 0.769734
vt 0.675570 0.250971
vt 0.675646 0.252216
vt 0.676483 0.252708
vt 0.675712 0.250939
vt 0.677043 0.251778
vt 0.676198 0.250827
vt 0.266505 0.769782
vt 0.266011 0.769946
vt 0.264861 0.770523
vt 0.677319 0.250442
vt 0.677493 0.250510
vt 0.679596 0.250994
vt 0.677519 0.250355
vt 0.677369 0.250424
vt 0.264809 0.770549
vt 0.264654 0.770653
vt 0.679429 0.252734
vt 0.677751 0.250248
vt 0.678761 0.249637
vt 0.679318 0.249436
vt 0.681345 0.250047
vt 0.681682 0.251039
vt 0.680906 0.249169
vt 0.681610 0.248926
vt 0.682170 0.249842
vt 0.682842 0.249537
vt 0.683083 0.249894
vt 0.682649 0.250883
vt 0.682346 0.248805
vt 0.683130 0.249032
vt 0.683224 0.249184
vt 0.258902 0.773963
vt 0.259682 0.773913
vt 0.259540 0.774524
vt 0.685882 0.248277
vt 0.684945 0.247345
vt 0.682455 0.248334
vt 0.259824 0.774056
vt 0.260016 0.774250
vt 0.259582 0.774561
vt 0.682411 0.248288
vt 0.261860 0.774142
vt 0.260432 0.773584
vt 0.261902 0.774048
vt 0.261812 0.774320
vt 0.261778 0.774709
vt 0.260490 0.774726
vt 0.261057 0.775390
vt 0.261817 0.775046
vt 0.261848 0.775304
vt 0.261453 0.775351
vt 0.262776 0.782701
vt 0.262782 0.782754
vt 0.260760 0.775673
vt 0.261473 0.782894
vt 0.262786 0.782783
vt 0.261476 0.782925
vt 0.258920 0.776965
vt 0.258696 0.777172
vt 0.257671 0.778121
vt 0.254265 0.782938
vt 0.254600 0.782245
vt 0.255445 0.780856
vt 0.255806 0.780263
vt 0.256912 0.778913
vt 0.257218 0.778540
vt 0.262920 0.783434
vt 0.261746 0.783664
vt 0.254193 0.783428
vt 0.262923 0.783450
vt 0.263221 0.784140
vt 0.261851 0.783950
vt 0.253886 0.785676
vt 0.262145 0.784422
vt 0.262681 0.785282
vt 0.263444 0.784657
vt 0.262961 0.785653
vt 0.253798 0.786363
vt 0.263144 0.785895
vt 0.252718 0.786817
vt 0.253238 0.785449
vt 0.251840 0.785092
vt 0.252011 0.788192
vt 0.252407 0.783811
vt 0.251018 0.783598
vt 0.251621 0.782473
vt 0.251852 0.782462
vt 0.251939 0.782479
vt 0.250830 0.782509
vt 0.252530 0.779999
vt 0.253658 0.780227
vt 0.254615 0.777842
vt 0.250325 0.782532
vt 0.251480 0.779936
vt 0.689205 0.245129
vt 0.688247 0.247215
vt 0.687221 0.246311
vt 0.690280 0.246009
vt 0.692036 0.244773
vt 0.691225 0.247027
vt 0.689163 0.248260
vt 0.686730 0.249352
vt 0.683708 0.249972
vt 0.684532 0.251313
vt 0.683929 0.250332
vt 0.683439 0.250563
vt 0.683758 0.251164
vt 0.683964 0.251672
vt 0.683026 0.252012
vt 0.684129 0.252077
vt 0.681902 0.252108
vt 0.683289 0.253183
vt 0.684332 0.252577
vt 0.684593 0.251476
vt 0.684403 0.252821
vt 0.684090 0.254239
vt 0.684774 0.254095
vt 0.684764 0.254097
vt 0.683424 0.254295
vt 0.682581 0.254365
vt 0.682000 0.253211
vt 0.681970 0.254322
vt 0.680800 0.254240
vt 0.680517 0.254176
vt 0.680701 0.253038
vt 0.679661 0.253982
vt 0.679093 0.253854
vt 0.678940 0.253819
vt 0.677216 0.253140
vt 0.683174 0.250065
vt 0.255668 0.778255
vt 0.256977 0.775993
vt 0.257919 0.776584
vt 0.254806 0.780596
vt 0.256729 0.778806
vt 0.260357 0.775242
vt 0.260386 0.775267
vt 0.253157 0.782720
vt 0.253030 0.782695
vt 0.104827 0.337315
vt 0.104249 0.336726
vt 0.104645 0.336241
vt 0.103768 0.337315
vt 0.253809 0.784168
vt 0.254071 0.784259
vt 0.254031 0.784529
vt 0.253888 0.785659
vt 0.262275 0.773212
vt 0.261156 0.773113
vt 0.262858 0.772342
vt 0.262925 0.772241
vt 0.262781 0.772189
vt 0.679232 0.249240
vt 0.263103 0.772035
vt 0.679002 0.249442
vt 0.679170 0.249306
vt 0.263358 0.771740
vt 0.264414 0.770814
vt 0.931207 0.034392
vt 0.939057 0.027746
vt 0.939062 0.030248
vt 0.939054 0.024876
vt 0.925073 0.024227
vt 0.248316 0.787305
vt 0.250905 0.798687
vt 0.250020 0.798969
vt 0.249982 0.800539
vt 0.251851 0.801545
vt 0.250482 0.801906
vt 0.248765 0.800884
vt 0.252419 0.802892
vt 0.249233 0.802173
vt 0.251030 0.803216
vt 0.254205 0.803276
vt 0.253821 0.802469
vt 0.253169 0.804085
vt 0.253042 0.804118
vt 0.251919 0.804407
vt 0.253675 0.806827
vt 0.251638 0.804429
vt 0.252548 0.807171
vt 0.254822 0.806373
vt 0.256747 0.808324
vt 0.255688 0.808961
vt 0.256928 0.808205
vt 0.256621 0.807856
vt 0.257692 0.809072
vt 0.261487 0.803820
vt 0.261908 0.803823
vt 0.262325 0.803879
vt 0.262323 0.803898
vt 0.261081 0.812053
vt 0.261490 0.803786
vt 0.254278 0.803799
vt 0.255437 0.806089
vt 0.255340 0.805944
vt 0.258726 0.810098
vt 0.258174 0.809618
vt 0.259890 0.811111
vt 0.260783 0.811745
vt 0.261559 0.812538
vt 0.260508 0.812808
vt 0.261338 0.812078
vt 0.260400 0.812207
vt 0.259607 0.813043
vt 0.260380 0.812228
vt 0.257940 0.810770
vt 0.254635 0.809493
vt 0.253640 0.809887
vt 0.251497 0.807380
vt 0.261595 0.812104
vt 0.254248 0.803589
vt 0.563859 0.338756
vt 0.563871 0.338338
vt 0.563871 0.339177
vt 0.262329 0.803845
vt 0.262326 0.803866
vt 0.250334 0.804532
vt 0.250842 0.804492
vt 0.249744 0.803411
vt 0.249691 0.804582
vt 0.925725 0.008116
vt 0.254083 0.802371
vt 0.263182 0.815850
vt 0.264181 0.816868
vt 0.264669 0.817227
vt 0.590252 0.072577
vt 0.264841 0.817353
vt 0.590433 0.072588
vt 0.590623 0.072598
vt 0.265021 0.817485
vt 0.591833 0.072545
vt 0.266202 0.818078
vt 0.592114 0.072509
vt 0.266482 0.818168
vt 0.266882 0.818297
vt 0.586752 0.076655
vt 0.586150 0.078094
vt 0.587106 0.077718
vt 0.587763 0.077459
vt 0.267879 0.818470
vt 0.545090 0.652640
vt 0.503054 0.651064
vt 0.503061 0.650783
vt 0.502430 0.650934
vt 0.516141 0.655496
vt 0.516349 0.655166
vt 0.517040 0.655099
vt 0.517079 0.655928
vt 0.517408 0.656910
vt 0.517123 0.656839
vt 0.516411 0.657366
vt 0.517210 0.657771
vt 0.517736 0.658204
vt 0.861854 0.912045
vt 0.862063 0.910606
vt 0.861886 0.912113
vt 0.595124 0.059790
vt 0.594918 0.057835
vt 0.518772 0.652297
vt 0.518303 0.654413
vt 0.595211 0.062001
vt 0.595118 0.059789
vt 0.862063 0.912497
vt 0.595105 0.065083
vt 0.703907 0.334987
vt 0.624066 0.062334
vt 0.620386 0.061377
vt 0.985187 0.427142
vt 0.615484 0.063771
vt 0.615928 0.064216
vt 0.615588 0.064484
vt 0.615770 0.064789
vt 0.615641 0.064572
vt 0.616492 0.066021
vt 0.616795 0.065087
vt 0.616915 0.065208
vt 0.617186 0.065489
vt 0.618262 0.066604
vt 0.616764 0.066486
vt 0.616579 0.066170
vt 0.612034 0.073250
vt 0.611582 0.072943
vt 0.610276 0.073768
vt 0.612624 0.073650
vt 0.610069 0.075308
vt 0.610023 0.071939
vt 0.610762 0.072413
vt 0.611462 0.072862
vt 0.608927 0.074753
vt 0.607620 0.075843
vt 0.607542 0.077431
vt 0.608716 0.077870
vt 0.606523 0.078474
vt 0.606940 0.077217
vt 0.605684 0.078271
vt 0.605555 0.077912
vt 0.606104 0.079734
vt 0.607527 0.078993
vt 0.606122 0.080108
vt 0.609851 0.078323
vt 0.612221 0.076438
vt 0.611179 0.075875
vt 0.610912 0.078774
vt 0.614051 0.074672
vt 0.613598 0.074345
vt 0.612805 0.073773
vt 0.613263 0.074103
vt 0.617477 0.067730
vt 0.617698 0.068115
vt 0.617351 0.067510
vt 0.618403 0.066754
vt 0.618145 0.068912
vt 0.619175 0.068131
vt 0.618294 0.069178
vt 0.614386 0.074932
vt 0.618524 0.069586
vt 0.614485 0.075009
vt 0.618852 0.070184
vt 0.615143 0.075520
vt 0.613161 0.076979
vt 0.615270 0.075630
vt 0.618995 0.070445
vt 0.611868 0.079210
vt 0.613977 0.077482
vt 0.618387 0.066738
vt 0.625079 0.062370
vt 0.624219 0.063908
vt 0.625105 0.062371
vt 0.160377 0.604360
vt 0.160291 0.603051
vt 0.160289 0.603016
vt 0.162655 0.600368
vt 0.160273 0.602799
vt 0.164078 0.597912
vt 0.164778 0.597423
vt 0.166173 0.598691
vt 0.165939 0.596611
vt 0.168335 0.594943
vt 0.169991 0.593790
vt 0.174979 0.565692
vt 0.167057 0.558532
vt 0.609325 0.017119
vt 0.614142 0.015586
vt 0.614157 0.015719
vt 0.614120 0.015398
vt 0.154220 0.562203
vt 0.614205 0.016130
vt 0.153780 0.562705
vt 0.200505 0.989198
vt 0.195549 0.989672
vt 0.195761 0.989193
vt 0.609566 0.017952
vt 0.153702 0.562794
vt 0.195798 0.989107
vt 0.195894 0.988916
vt 0.153522 0.562931
vt 0.196294 0.988183
vt 0.613878 0.014681
vt 0.613886 0.014696
vt 0.741709 0.486215
vt 0.742510 0.483218
vt 0.742510 0.484824
vt 0.261158 0.996938
vt 0.262126 0.996585
vt 0.261182 0.997937
vt 0.261191 0.998122
vt 0.605315 0.020124
vt 0.605491 0.020263
vt 0.606043 0.021137
vt 0.261160 0.996587
vt 0.606121 0.021479
vt 0.261163 0.995899
vt 0.606274 0.022149
vt 0.196455 0.987908
vt 0.196313 0.988149
vt 0.513746 0.997647
vt 0.627207 0.314907
vt 0.414049 0.704092
vt 0.212224 0.558635
vt 0.639673 0.200043
vt 0.212014 0.558761
vt 0.639524 0.200163
vt 0.639504 0.200187
vt 0.746273 0.983400
vt 0.639084 0.200705
vt 0.643686 0.200939
vt 0.638945 0.200994
vt 0.638985 0.200886
vt 0.216981 0.562856
vt 0.585346 0.989272
vt 0.585701 0.989947
vt 0.639108 0.204301
vt 0.638993 0.204093
vt 0.188565 0.588982
vt 0.189979 0.589962
vt 0.189420 0.590464
vt 0.182743 0.587230
vt 0.184877 0.587151
vt 0.185967 0.586974
vt 0.187494 0.586727
vt 0.185648 0.584868
vt 0.185327 0.582748
vt 0.187400 0.582302
vt 0.166800 0.612787
vt 0.167521 0.612526
vt 0.934092 0.152331
vt 0.930130 0.152331
vt 0.930124 0.152309
vt 0.968759 0.152553
vt 0.972643 0.152320
vt 0.972733 0.152553
vt 0.168010 0.612508
vt 0.930120 0.152295
vt 0.168315 0.612497
vt 0.930231 0.151985
vt 0.511541 0.177484
vt 0.968803 0.152265
vt 0.511879 0.178745
vt 0.512802 0.179669
vt 0.968841 0.151379
vt 0.972455 0.151874
vt 0.972628 0.152286
vt 0.514063 0.180007
vt 0.968863 0.150131
vt 0.971658 0.150152
vt 0.972239 0.151389
vt 0.971792 0.150429
vt 0.972170 0.151235
vt 0.163407 0.614411
vt 0.165735 0.613913
vt 0.165504 0.614727
vt 0.163759 0.615590
vt 0.163966 0.614806
vt 0.163396 0.616121
vt 0.164147 0.614874
vt 0.164793 0.615907
vt 0.165491 0.616068
vt 0.164606 0.616485
vt 0.165491 0.615993
vt 0.164993 0.615143
vt 0.164678 0.615074
vt 0.165174 0.615183
vt 0.970189 0.148570
vt 0.970991 0.149161
vt 0.971550 0.149933
vt 0.165490 0.615223
vt 0.970936 0.149086
vt 0.165493 0.616581
vt 0.165493 0.616660
vt 0.970075 0.148491
vt 0.165495 0.616883
vt 0.164460 0.616781
vt 0.969245 0.148264
vt 0.625018 0.070669
vt 0.624577 0.070601
vt 0.625042 0.070467
vt 0.625112 0.069917
vt 0.624558 0.070180
vt 0.163112 0.616381
vt 0.624860 0.070763
vt 0.547494 0.624442
vt 0.547456 0.623668
vt 0.547494 0.623351
vt 0.969068 0.148216
vt 0.074904 0.436020
vt 0.075000 0.435899
vt 0.075000 0.436183
vt 0.968880 0.148204
vt 0.079305 0.351738
vt 0.079303 0.349008
vt 0.079305 0.349013
vt 0.624558 0.070178
vt 0.623017 0.070619
vt 0.624555 0.070062
vt 0.624537 0.069354
vt 0.624536 0.069273
vt 0.625232 0.069127
vt 0.625933 0.069440
vt 0.624516 0.068272
vt 0.165489 0.615004
vt 0.515993 0.180007
vt 0.963710 0.786512
vt 0.964361 0.786284
vt 0.963926 0.786369
vt 0.964234 0.786610
vt 0.963807 0.786694
vt 0.963925 0.787028
vt 0.964665 0.786224
vt 0.964835 0.786154
vt 0.964869 0.786140
vt 0.965067 0.786342
vt 0.965082 0.788327
vt 0.965220 0.789817
vt 0.965211 0.791548
vt 0.964756 0.791938
vt 0.965064 0.788334
vt 0.965005 0.788360
vt 0.623335 0.071863
vt 0.623302 0.071724
vt 0.623380 0.072052
vt 0.965198 0.793897
vt 0.965189 0.795537
vt 0.623412 0.072184
vt 0.623412 0.072185
vt 0.965230 0.788087
vt 0.965105 0.786292
vt 0.966318 0.931554
vt 0.965299 0.933289
vt 0.965295 0.931351
vt 0.967975 0.933045
vt 0.967286 0.932145
vt 0.170536 0.616145
vt 0.194985 0.616145
vt 0.170535 0.615240
vt 0.194984 0.615240
vt 0.968094 0.933280
vt 0.194983 0.615004
vt 0.965293 0.934373
vt 0.968231 0.933556
vt 0.170534 0.615005
vt 0.194998 0.614727
vt 0.968617 0.934358
vt 0.195230 0.613913
vt 0.968619 0.934362
vt 0.195233 0.613909
vt 0.968909 0.934994
vt 0.195683 0.613256
vt 0.968993 0.935187
vt 0.195949 0.613052
vt 0.196294 0.612787
vt 0.930481 0.151376
vt 0.930274 0.151879
vt 0.976249 0.284316
vt 0.647193 0.255882
vt 0.647069 0.256098
vt 0.646765 0.256626
vt 0.588079 0.095977
vt 0.599245 0.092387
vt 0.599242 0.092381
vt 0.603266 0.091228
vt 0.614700 0.088295
vt 0.614440 0.088347
vt 0.614704 0.088284
vt 0.600488 0.089120
vt 0.601327 0.088676
vt 0.599541 0.089187
vt 0.602081 0.088104
vt 0.602947 0.087761
vt 0.603126 0.087403
vt 0.603370 0.086913
vt 0.603458 0.086281
vt 0.603512 0.085902
vt 0.592629 0.093516
vt 0.590100 0.094354
vt 0.590805 0.082546
vt 0.587099 0.083740
vt 0.587571 0.095193
vt 0.583696 0.084900
vt 0.586992 0.083776
vt 0.583480 0.083774
vt 0.586859 0.082622
vt 0.587237 0.082500
vt 0.590540 0.081436
vt 0.582374 0.082734
vt 0.582501 0.084130
vt 0.580058 0.083585
vt 0.580491 0.084861
vt 0.582327 0.085398
vt 0.585418 0.095974
vt 0.580687 0.085995
vt 0.587951 0.095947
vt 0.583265 0.096755
vt 0.953479 0.000143
vt 0.953474 0.001081
vt 0.602790 0.085242
vt 0.597569 0.088610
vt 0.623427 0.072249
vt 0.965101 0.811170
vt 0.964903 0.810962
vt 0.623711 0.073440
vt 0.965092 0.812890
vt 0.964913 0.814381
vt 0.965082 0.814630
vt 0.623744 0.073578
vt 0.964996 0.815165
vt 0.964911 0.815118
vt 0.964906 0.814370
vt 0.964863 0.816114
vt 0.965072 0.816301
vt 0.965071 0.816400
vt 0.064792 0.720301
vt 0.064883 0.720270
vt 0.064884 0.720410
vt 0.064796 0.720345
vt 0.064869 0.721170
vt 0.141342 0.337241
vt 0.141342 0.337142
vt 0.141437 0.337241
vt 0.982571 0.195078
vt 0.965078 0.815322
vt 0.064884 0.719516
vt 0.064770 0.720059
vt 0.419410 0.677527
vt 0.419754 0.676110
vt 0.419754 0.677703
vt 0.347565 0.801848
vt 0.347920 0.800993
vt 0.656420 0.266192
vt 0.656175 0.266143
vt 0.977417 0.695411
vt 0.985172 0.695421
vt 0.977549 0.690880
vt 0.985304 0.690890
vt 0.836421 0.961200
vt 0.828670 0.956771
vt 0.836431 0.956771
vt 0.828659 0.961200
vt 0.620979 0.094010
vt 0.836414 0.966354
vt 0.828652 0.966354
vt 0.622930 0.093009
vt 0.625323 0.092600
vt 0.987126 0.742704
vt 0.991747 0.739154
vt 0.991743 0.744926
vt 0.626579 0.091745
vt 0.987129 0.739165
vt 0.987130 0.738704
vt 0.836411 0.971880
vt 0.623111 0.101446
vt 0.997351 0.498937
vt 0.996575 0.498937
vt 0.996566 0.495146
vt 0.611867 0.103294
vt 0.615779 0.102409
vt 0.612139 0.103737
vt 0.608848 0.104512
vt 0.765203 0.797300
vt 0.764776 0.797300
vt 0.607376 0.104458
vt 0.605134 0.105517
vt 0.602706 0.105796
vt 0.605038 0.105112
vt 0.601447 0.106632
vt 0.598270 0.107189
vt 0.598230 0.107721
vt 0.594463 0.108514
vt 0.594250 0.107771
vt 0.115074 0.973803
vt 0.114310 0.970000
vt 0.115086 0.969999
vt 0.591624 0.109654
vt 0.115067 0.978328
vt 0.114298 0.973803
vt 0.595872 0.108653
vt 0.590004 0.110506
vt 0.603373 0.756582
vt 0.602946 0.756582
vt 0.602957 0.753584
vt 0.603367 0.760257
vt 0.602940 0.760257
vt 0.594657 0.109317
vt 0.603367 0.764166
vt 0.597659 0.108994
vt 0.594849 0.110040
vt 0.594775 0.109725
vt 0.598604 0.108447
vt 0.595989 0.109062
vt 0.977276 0.374485
vt 0.972619 0.374487
vt 0.972623 0.371262
vt 0.977279 0.371260
vt 0.972632 0.368740
vt 0.977279 0.377855
vt 0.972623 0.377857
vt 0.598064 0.109167
vt 0.601028 0.113398
vt 0.599343 0.113629
vt 0.977289 0.380787
vt 0.972632 0.380789
vt 0.973458 0.243047
vt 0.968805 0.243041
vt 0.599749 0.108936
vt 0.598678 0.109515
vt 0.601969 0.108740
vt 0.602423 0.108342
vt 0.764764 0.772913
vt 0.765217 0.776739
vt 0.764790 0.776738
vt 0.605682 0.107735
vt 0.765293 0.780057
vt 0.764866 0.780057
vt 0.764790 0.769044
vt 0.765190 0.772914
vt 0.605623 0.107485
vt 0.609370 0.106620
vt 0.764866 0.765596
vt 0.765217 0.769044
vt 0.609253 0.106212
vt 0.765293 0.765596
vt 0.596205 0.109967
vt 0.603384 0.770828
vt 0.602946 0.767837
vt 0.603373 0.767837
vt 0.602957 0.770828
vt 0.602940 0.764166
vt 0.593294 0.110747
vt 0.596088 0.109558
vt 0.590878 0.111078
vt 0.594732 0.109631
vt 0.589747 0.110995
vt 0.115074 0.987909
vt 0.114291 0.983174
vt 0.115067 0.983174
vt 0.114291 0.978328
vt 0.114298 0.987910
vt 0.115086 0.992114
vt 0.114310 0.992114
vt 0.587571 0.111625
vt 0.590664 0.110334
vt 0.996199 0.445178
vt 0.603384 0.753584
vt 0.607163 0.103714
vt 0.765195 0.783058
vt 0.764776 0.780057
vt 0.765203 0.780057
vt 0.764768 0.783058
vt 0.613453 0.109021
vt 0.977289 0.368738
vn -0.4372 -0.7570 0.4855
vn -0.3712 -0.6700 0.6429
vn -0.5687 -0.6700 0.4772
vn -0.5969 -0.7570 0.2657
vn -0.5008 -0.6631 0.5562
vn -0.2313 -0.6632 0.7118
vn -0.2019 -0.7570 0.6214
vn -0.1289 -0.6700 0.7310
vn -0.6837 -0.6632 0.3044
vn -0.7485 -0.6632 0.0000
vn 0.0782 -0.6632 0.7443
vn 0.7292 -0.6843 0.0000
vn 0.7140 -0.6735 0.1913
vn 0.7140 -0.6735 -0.1913
vn 0.6055 -0.6632 0.4399
vn -0.6534 -0.7570 0.0000
vn -0.5969 -0.7570 -0.2657
vn -0.6837 -0.6631 -0.3044
vn 0.0782 -0.6631 -0.7443
vn 0.3742 -0.6631 -0.6482
vn 0.6055 -0.6631 -0.4399
vn 0.6453 -0.7440 -0.1729
vn 0.5286 -0.7570 -0.3840
vn 0.5687 -0.6700 -0.4772
vn 0.6976 -0.6700 -0.2539
vn 0.6819 -0.7314 0.0000
vn 0.7423 -0.6700 0.0000
vn 0.6453 -0.7441 0.1729
vn 0.6976 -0.6700 0.2539
vn 0.5286 -0.7570 0.3840
vn 0.5687 -0.6700 0.4772
vn 0.3267 -0.7570 0.5658
vn 0.3712 -0.6700 0.6429
vn 0.3742 -0.6632 0.6482
vn 0.0683 -0.7570 0.6498
vn 0.1289 -0.6700 0.7310
vn 0.1152 -0.7483 0.6532
vn -0.1152 -0.7483 0.6532
vn 0.1642 -0.6750 0.7193
vn 0.3316 -0.7483 0.5744
vn 0.3689 -0.6750 0.6389
vn -0.0501 -0.7422 0.6682
vn -0.0551 -0.6750 0.7357
vn 0.1491 -0.7422 0.6533
vn -0.2448 -0.7422 0.6238
vn 0.1900 -0.6789 0.7092
vn 0.0000 -0.6789 0.7342
vn -0.1900 -0.6789 0.7092
vn -0.4178 -0.7422 0.5239
vn -0.2695 -0.6750 0.6868
vn -0.3316 -0.7483 0.5744
vn -0.4600 -0.6750 0.5768
vn -0.5081 -0.7483 0.4263
vn -0.5537 -0.7422 0.3775
vn -0.6095 -0.6750 0.4156
vn -0.5192 -0.6789 0.5192
vn -0.6359 -0.6789 0.3671
vn -0.6403 -0.7422 0.1975
vn -0.7050 -0.6750 0.2174
vn -0.6701 -0.7422 0.0000
vn -0.7092 -0.6789 0.1900
vn -0.7342 -0.6789 0.0000
vn -0.6403 -0.7422 -0.1975
vn -0.7378 -0.6750 0.0000
vn -0.6633 -0.7483 0.0000
vn -0.6233 -0.7483 -0.2268
vn -0.7050 -0.6750 -0.2174
vn -0.5081 -0.7483 -0.4263
vn -0.6095 -0.6750 -0.4156
vn -0.5537 -0.7422 -0.3775
vn -0.4178 -0.7422 -0.5239
vn -0.6359 -0.6789 -0.3671
vn -0.7092 -0.6789 -0.1900
vn -0.5192 -0.6789 -0.5192
vn -0.5847 -0.7377 -0.3376
vn -0.4774 -0.7377 -0.4774
vn -0.6424 -0.6870 -0.3395
vn -0.5419 -0.6814 -0.4919
vn -0.3375 -0.7377 -0.5847
vn -0.4160 -0.6850 -0.5980
vn -0.3671 -0.6789 -0.6359
vn -0.1747 -0.7377 -0.6521
vn -0.1900 -0.6789 -0.7092
vn 0.0000 -0.7377 -0.6751
vn -0.2620 -0.6859 -0.6789
vn -0.0871 -0.6882 -0.7202
vn 0.0881 -0.6870 -0.7212
vn 0.1747 -0.7377 -0.6521
vn 0.0000 -0.6789 -0.7342
vn -0.0501 -0.7422 -0.6682
vn 0.1491 -0.7422 -0.6533
vn 0.1900 -0.6789 -0.7092
vn 0.3350 -0.7422 -0.5803
vn 0.3671 -0.6789 -0.6359
vn 0.3375 -0.7377 -0.5847
vn 0.4774 -0.7377 -0.4774
vn 0.2564 -0.6880 -0.6789
vn 0.4149 -0.6870 -0.5965
vn 0.5192 -0.6789 -0.5192
vn 0.5847 -0.7377 -0.3375
vn 0.5530 -0.6814 -0.4793
vn 0.6441 -0.6850 -0.3404
vn 0.6521 -0.7377 -0.1747
vn 0.6359 -0.6789 -0.3671
vn 0.6037 -0.7422 -0.2907
vn 0.6681 -0.7332 -0.1264
vn 0.7092 -0.6789 -0.1900
vn 0.6894 -0.7243 0.0000
vn 0.6751 -0.7377 0.0000
vn 0.7342 -0.6789 0.0000
vn 0.6521 -0.7377 0.1747
vn 0.7059 -0.6853 -0.1789
vn 0.7255 -0.6882 0.0000
vn 0.7092 -0.6789 0.1900
vn 0.5847 -0.7377 0.3376
vn 0.7053 -0.6870 0.1749
vn 0.6433 -0.6879 0.3361
vn 0.4774 -0.7377 0.4774
vn 0.6359 -0.6789 0.3671
vn 0.6037 -0.7422 0.2907
vn 0.4912 -0.7422 0.4558
vn 0.5192 -0.6789 0.5192
vn 0.3351 -0.7422 0.5803
vn 0.3671 -0.6789 0.6359
vn 0.3375 -0.7377 0.5846
vn 0.5419 -0.6869 0.4842
vn 0.1747 -0.7377 0.6521
vn 0.4154 -0.6868 0.5964
vn 0.0000 -0.7377 0.6751
vn 0.2532 -0.6867 0.6814
vn 0.1311 -0.1352 0.9821
vn 0.0932 -0.6847 0.7228
vn 0.3701 -0.1215 0.9210
vn 0.2814 -0.1408 0.9492
vn 0.4474 -0.1340 0.8842
vn 0.0420 -0.1280 0.9909
vn 0.2527 -0.5062 0.8245
vn 0.1096 -0.5063 0.8553
vn -0.0389 -0.1343 0.9902
vn -0.0366 -0.5062 0.8616
vn -0.0208 -0.8717 0.4895
vn -0.1818 -0.5063 0.8430
vn 0.0621 -0.8726 0.4844
vn -0.1261 -0.1210 0.9846
vn 0.0157 -0.9923 0.1223
vn 0.1434 -0.8718 0.4684
vn 0.0361 -0.9923 0.1182
vn 0.0302 -0.9947 0.0981
vn 0.0131 -0.9946 0.1027
vn -0.0052 -0.9923 0.1235
vn -0.0044 -0.9946 0.1036
vn -0.0260 -0.9923 0.1211
vn -0.1032 -0.8719 0.4787
vn -0.1824 -0.8722 0.4538
vn -0.3215 -0.5068 0.7999
vn -0.0460 -0.9923 0.1144
vn -0.2568 -0.8718 0.4171
vn -0.4519 -0.5058 0.7348
vn -0.5697 -0.5065 0.6471
vn -0.5902 -0.1226 0.7979
vn -0.5155 -0.1341 0.8463
vn -0.4109 -0.6877 0.5985
vn -0.6551 -0.1340 0.7436
vn -0.5463 -0.6869 0.4792
vn -0.7164 -0.1222 0.6868
vn -0.4774 -0.7377 0.4774
vn -0.5847 -0.7377 0.3375
vn -0.7748 -0.1352 0.6175
vn -0.8625 -0.1346 0.4878
vn -0.6422 -0.6863 0.3412
vn -0.6521 -0.7377 0.1747
vn -0.7046 -0.6882 0.1730
vn -0.9337 -0.1336 0.3320
vn -0.9041 -0.1252 0.4085
vn -0.8129 -0.5064 0.2875
vn -0.9606 -0.1207 0.2501
vn -0.9774 -0.1335 0.1639
vn -0.8501 -0.5060 0.1457
vn -0.8625 -0.5061 0.0000
vn -0.9913 -0.1315 0.0000
vn -0.4823 -0.8721 0.0826
vn -0.4614 -0.8721 0.1631
vn -0.1082 -0.9922 0.0605
vn -0.4273 -0.8719 0.2389
vn -0.1166 -0.9923 0.0412
vn -0.3808 -0.8721 0.3072
vn -0.0964 -0.9923 0.0778
vn -0.7527 -0.5065 0.4204
vn -0.6711 -0.5061 0.5417
vn -0.3235 -0.8717 0.3680
vn -0.0819 -0.9922 0.0933
vn -0.0649 -0.9923 0.1051
vn -0.0537 -0.9947 0.0875
vn -0.0678 -0.9947 0.0771
vn -0.2047 -0.9204 0.3331
vn -0.0798 -0.9947 0.0648
vn -0.2587 -0.9202 0.2937
vn -0.3825 -0.7173 0.5824
vn -0.3578 -0.7823 0.5098
vn -0.2811 -0.7815 0.5570
vn -0.1461 -0.9204 0.3627
vn -0.3629 -0.3689 0.8557
vn -0.4836 -0.3368 0.8079
vn -0.5026 -0.0377 0.8637
vn -0.5192 -0.0459 0.8534
vn -0.5191 -0.0606 0.8525
vn -0.5633 -0.0663 0.8236
vn -0.5931 -0.0631 0.8026
vn -0.5336 -0.3873 0.7518
vn -0.5831 -0.1765 0.7930
vn -0.6554 -0.0337 0.7545
vn -0.6658 -0.0730 0.7425
vn -0.6503 -0.3571 0.6705
vn -0.4512 -0.7437 0.4932
vn -0.4508 -0.7756 0.4419
vn -0.7355 -0.0318 0.6767
vn -0.7013 -0.3821 0.6018
vn -0.7122 -0.0826 0.6971
vn -0.7777 -0.1495 0.6106
vn -0.7724 -0.1905 0.6059
vn -0.7400 -0.1745 0.6495
vn -0.7365 -0.1888 0.6495
vn -0.7330 -0.2717 0.6236
vn -0.7834 -0.1852 0.5932
vn -0.6019 -0.3759 0.7045
vn -0.5298 -0.3387 0.7775
vn -0.5544 -0.4725 0.6850
vn -0.6114 -0.3814 0.6933
vn -0.6146 -0.3802 0.6911
vn -0.7497 -0.2130 0.6266
vn -0.8061 -0.0483 0.5898
vn -0.7522 -0.0875 0.6530
vn -0.7910 -0.1391 0.5958
vn -0.7583 -0.2831 0.5871
vn -0.6707 -0.5093 0.5392
vn -0.6318 -0.5704 0.5249
vn -0.6548 -0.5520 0.5162
vn -0.8110 -0.2214 0.5414
vn -0.8493 -0.1804 0.4960
vn -0.6790 -0.4534 0.5773
vn -0.7531 -0.3726 0.5422
vn -0.7540 -0.3723 0.5412
vn -0.7551 -0.3697 0.5414
vn -0.7631 -0.3572 0.5384
vn -0.5607 -0.5649 0.6054
vn -0.6448 -0.5156 0.5642
vn -0.5714 -0.5891 0.5713
vn -0.6177 -0.5529 0.5591
vn -0.6462 -0.5186 0.5599
vn -0.4537 -0.5127 0.7288
vn -0.2634 -0.5586 0.7865
vn -0.2638 -0.5592 0.7859
vn -0.3226 -0.4745 0.8190
vn -0.3643 -0.3894 0.8459
vn -0.4534 -0.6593 0.5997
vn -0.3268 -0.6523 0.6839
vn -0.4008 -0.6381 0.6574
vn -0.2453 -0.6196 0.7456
vn -0.3985 -0.6393 0.6576
vn -0.3089 -0.7228 0.6182
vn -0.5066 -0.6409 0.5767
vn -0.3617 -0.7125 0.6013
vn -0.3134 -0.7176 0.6219
vn -0.2962 -0.7913 0.5348
vn -0.2937 -0.7909 0.5368
vn -0.2348 -0.8482 0.4748
vn -0.3636 -0.8779 0.3114
vn -0.2589 -0.7816 0.5675
vn -0.2364 -0.9170 0.3212
vn -0.3390 -0.9361 0.0934
vn -0.2293 -0.8483 0.4773
vn -0.4013 -0.9091 0.1114
vn -0.3830 -0.7612 0.5233
vn -0.5087 -0.8123 0.2853
vn -0.4714 -0.8759 0.1025
vn -0.1923 -0.6601 -0.7261
vn -0.2629 -0.9619 0.0745
vn -0.2074 -0.9728 0.1032
vn -0.2651 -0.6860 -0.6776
vn -0.3962 -0.5524 -0.7333
vn -0.0640 -0.7231 -0.6878
vn -0.1364 -0.9757 0.1715
vn -0.1176 -0.9808 0.1553
vn -0.0192 -0.9998 -0.0070
vn -0.0128 -0.9980 0.0622
vn -0.0480 -0.9987 -0.0155
vn -0.0448 -0.9948 0.0918
vn -0.0337 -0.9963 0.0791
vn -0.0108 -0.9987 0.0500
vn -0.8438 0.0067 0.5365
vn -0.0155 -0.6515 0.7584
vn -0.0793 -0.9849 0.1538
vn -0.0309 -0.9761 0.2150
vn -0.1238 -0.9301 0.3459
vn -0.0875 -0.9405 0.3283
vn 0.4418 -0.7803 0.4426
vn -0.0945 -0.9854 0.1417
vn -0.1527 -0.8509 0.5026
vn -0.1892 -0.8232 0.5353
vn -0.1267 -0.7897 0.6002
vn -0.1540 -0.8085 0.5679
vn -0.1400 -0.8887 0.4365
vn -0.1581 -0.7857 0.5981
vn -0.0516 -0.8848 0.4631
vn -0.1239 -0.7992 0.5881
vn -0.1345 -0.9645 0.2272
vn -0.0269 -0.9430 0.3317
vn -0.1173 -0.8746 0.4704
vn -0.1349 -0.8707 0.4729
vn -0.0974 -0.8028 0.5882
vn -0.0779 -0.8910 0.4473
vn -0.1625 -0.7737 0.6123
vn -0.1609 -0.7087 0.6869
vn -0.0884 -0.9020 0.4226
vn -0.0775 -0.8444 0.5301
vn -0.1350 -0.7640 0.6309
vn -0.2179 -0.5985 0.7708
vn -0.2289 -0.4572 0.8594
vn -0.2152 -0.5472 0.8088
vn -0.1777 -0.6747 0.7164
vn -0.1207 -0.6085 0.7843
vn -0.2347 -0.4195 0.8769
vn -0.0445 -0.8065 0.5896
vn -0.0137 -0.9291 0.3696
vn -0.1919 -0.3226 0.9269
vn -0.1224 -0.3200 0.9395
vn -0.0617 -0.5987 0.7986
vn 0.0000 -0.9246 0.3809
vn -0.0097 -0.9672 0.2537
vn -0.0116 -0.9155 0.4021
vn -0.0327 -0.5866 0.8092
vn 0.0005 -0.5560 0.8312
vn 0.0100 -0.8855 0.4645
vn 0.0344 -0.5764 0.8164
vn 0.0047 -0.9172 0.3984
vn 0.1259 -0.3246 0.9374
vn 0.0663 -0.3311 0.9412
vn 0.0571 -0.6019 0.7965
vn 0.0000 -0.9247 0.3806
vn 0.0175 -0.9332 0.3589
vn 0.1341 -0.6117 0.7797
vn 0.1675 -0.6529 0.7387
vn 0.0581 -0.8064 0.5884
vn 0.1957 -0.5460 0.8146
vn 0.2086 -0.3188 0.9246
vn 0.2361 -0.4157 0.8783
vn 0.2179 -0.4523 0.8648
vn 0.2575 -0.2878 0.9224
vn 0.3117 -0.2030 0.9283
vn 0.2775 -0.1760 0.9444
vn 0.2903 -0.0567 0.9552
vn 0.2768 -0.0986 0.9558
vn 0.1628 -0.3366 0.9274
vn 0.2181 -0.0838 0.9723
vn 0.1759 -0.0940 0.9799
vn 0.0659 -0.3925 0.9174
vn 0.0445 -0.7809 0.6230
vn 0.0662 -0.6993 0.7117
vn 0.3134 -0.0544 0.9481
vn 0.2627 -0.3663 0.8926
vn 0.3510 -0.0663 0.9340
vn 0.3710 -0.3547 0.8582
vn 0.1332 -0.7754 0.6173
vn 0.1945 -0.7678 0.6104
vn 0.1144 -0.9204 0.3738
vn 0.0497 -0.9201 0.3885
vn -0.0166 -0.9199 0.3917
vn -0.0410 -0.7389 0.6725
vn -0.0699 -0.7802 0.6215
vn -0.0217 -0.9946 0.1010
vn -0.0824 -0.9199 0.3833
vn -0.1514 -0.7583 0.6340
vn -0.1483 -0.3836 0.9115
vn -0.0685 -0.3447 0.9362
vn -0.0458 -0.0933 0.9946
vn -0.0423 -0.0877 0.9952
vn -0.0154 -0.1028 0.9946
vn -0.0859 -0.0833 0.9928
vn -0.0552 -0.3176 0.9466
vn -0.0135 -0.3944 0.9188
vn -0.0013 -0.1860 0.9825
vn -0.1287 -0.0811 0.9883
vn -0.1856 -0.0753 0.9797
vn -0.2252 -0.0930 0.9698
vn -0.2745 -0.3565 0.8930
vn -0.2261 -0.1009 0.9689
vn -0.4187 -0.0523 0.9066
vn -0.2289 -0.7628 0.6047
vn -0.3691 -0.0670 0.9270
vn -0.2779 -0.0896 0.9564
vn -0.3010 -0.1341 0.9441
vn -0.2592 -0.2905 0.9211
vn -0.3110 -0.2011 0.9289
vn -0.3085 -0.2439 0.9194
vn -0.3375 -0.2051 0.9187
vn -0.3941 -0.1262 0.9103
vn -0.2503 -0.3104 0.9170
vn -0.3381 -0.2220 0.9145
vn -0.4478 -0.1903 0.8736
vn -0.4168 -0.2968 0.8592
vn -0.4380 -0.1960 0.8773
vn -0.4705 -0.1266 0.8732
vn -0.5170 -0.1527 0.8422
vn -0.4696 -0.0265 0.8825
vn -0.3762 -0.3850 0.8427
vn -0.2944 -0.3065 0.9052
vn -0.2572 -0.3782 0.8892
vn -0.2129 -0.4537 0.8653
vn -0.2355 -0.5216 0.8200
vn -0.2178 -0.5998 0.7699
vn -0.1957 -0.5643 0.8020
vn -0.2082 -0.6069 0.7670
vn -0.1921 -0.7446 0.6392
vn -0.1944 -0.6368 0.7461
vn -0.1844 -0.5929 0.7839
vn -0.1944 -0.6375 0.7455
vn -0.2317 -0.6955 0.6801
vn -0.2145 -0.7259 0.6535
vn -0.2011 -0.7580 0.6204
vn -0.2235 -0.7530 0.6189
vn -0.1944 -0.7616 0.6182
vn -0.1872 -0.7460 0.6391
vn -0.1386 -0.6909 0.7095
vn 0.0461 -0.0901 0.9948
vn 0.0826 -0.0824 0.9932
vn 0.1160 -0.0653 0.9911
vn 0.1697 -0.0992 0.9805
vn -0.0384 -0.9948 0.0946
vn 0.2839 -0.7518 0.5951
vn 0.1763 -0.9202 0.3495
vn 0.0465 -0.9946 0.0922
vn 0.2327 -0.9200 0.3153
vn 0.3369 -0.7820 0.5244
vn 0.0615 -0.9946 0.0835
vn 0.3925 -0.7327 0.5559
vn 0.2826 -0.9201 0.2709
vn 0.4075 -0.7874 0.4624
vn 0.4837 -0.7539 0.4446
vn 0.6276 -0.3704 0.6847
vn 0.7215 -0.3509 0.5969
vn 0.7440 -0.0627 0.6652
vn 0.7213 -0.0466 0.6910
vn 0.6985 -0.0321 0.7149
vn 0.5576 -0.3372 0.7585
vn 0.6658 -0.1105 0.7379
vn 0.7173 -0.1213 0.6861
vn 0.7489 -0.1051 0.6543
vn 0.6995 -0.1881 0.6894
vn 0.6759 -0.2032 0.7084
vn 0.5954 -0.1875 0.7812
vn 0.5380 -0.3446 0.7692
vn 0.5318 -0.2005 0.8227
vn 0.6297 -0.2983 0.7172
vn 0.4551 -0.5043 0.7338
vn 0.6024 -0.3967 0.6926
vn 0.3127 -0.4728 0.8238
vn 0.3614 -0.3869 0.8483
vn 0.6700 -0.3201 0.6698
vn 0.6303 -0.3801 0.6769
vn 0.6982 -0.3033 0.6485
vn 0.6671 -0.4103 0.6218
vn 0.5515 -0.4942 0.6720
vn 0.5041 -0.5764 0.6431
vn 0.5740 -0.4997 0.6487
vn 0.5400 -0.5594 0.6288
vn 0.5980 -0.4895 0.6346
vn 0.7686 -0.2843 0.5730
vn 0.8061 -0.1301 0.5773
vn 0.7556 -0.1794 0.6299
vn 0.8368 -0.1829 0.5160
vn 0.6619 -0.4743 0.5805
vn 0.7574 -0.3817 0.5297
vn 0.8101 -0.3070 0.4995
vn 0.7559 -0.3736 0.5376
vn 0.8862 -0.1145 0.4490
vn 0.8886 -0.2051 0.4101
vn 0.8771 -0.0672 0.4755
vn 0.8477 -0.1606 0.5056
vn 0.8617 -0.2450 0.4443
vn 0.8516 -0.2413 0.4652
vn 0.8274 -0.3626 0.4290
vn 0.7757 -0.3707 0.5107
vn 0.8717 -0.0345 0.4888
vn 0.8559 -0.1328 0.4997
vn 0.8450 -0.0203 0.5343
vn 0.8128 -0.0713 0.5781
vn 0.7883 -0.0701 0.6112
vn 0.7534 -0.0689 0.6539
vn 0.7458 -0.1013 0.6584
vn 0.7571 -0.0544 0.6510
vn 0.7321 -0.2007 0.6509
vn 0.7578 -0.0615 0.6495
vn 0.8880 -0.0424 0.4579
vn 0.9072 -0.0542 0.4171
vn 0.9070 -0.0425 0.4189
vn 0.8735 -0.3877 0.2944
vn 0.9122 -0.0879 0.4002
vn 0.9216 -0.0196 0.3877
vn 0.9149 -0.3345 0.2259
vn 0.9386 -0.0505 0.3413
vn 0.5919 -0.7824 0.1936
vn 0.6018 -0.7455 0.2862
vn 0.9308 -0.0826 0.3560
vn 0.9426 -0.0215 0.3331
vn 0.9337 -0.1313 0.3332
vn 0.9453 -0.1144 0.3053
vn 0.9505 -0.0584 0.3052
vn 0.9550 -0.0635 0.2895
vn 0.9543 -0.1121 0.2769
vn 0.9605 -0.0982 0.2604
vn 0.9676 -0.1011 0.2313
vn 0.9849 -0.0430 0.1676
vn 0.9510 -0.1480 0.2713
vn 0.9848 -0.0464 0.1674
vn 0.9258 -0.1326 0.3538
vn 0.9796 -0.0711 0.1880
vn 0.9820 -0.0579 0.1795
vn 0.9779 -0.0771 0.1944
vn 0.9145 -0.1292 0.3833
vn 0.9717 -0.0814 0.2218
vn 0.9146 -0.2399 0.3254
vn 0.9866 -0.0422 0.1575
vn 0.9945 -0.0502 0.0918
vn 0.9838 -0.0226 0.1776
vn 0.9799 -0.0063 0.1992
vn 0.9971 -0.0297 0.0702
vn 0.9852 -0.0194 0.1700
vn 0.9784 -0.0122 0.2062
vn 0.9825 -0.0283 0.1842
vn 0.9773 -0.0324 0.2093
vn 0.9733 -0.0367 0.2265
vn 0.9684 -0.0449 0.2451
vn 0.9617 -0.0527 0.2688
vn 0.9648 -0.0529 0.2576
vn 0.9890 -0.0096 0.1472
vn 0.9909 -0.0153 0.1337
vn 0.9927 -0.0090 0.1202
vn 0.9909 -0.0099 0.1343
vn 0.9860 0.0080 0.1665
vn 0.9933 0.0417 0.1071
vn 0.9965 -0.0001 0.0833
vn 0.9979 -0.0129 0.0639
vn 0.9945 0.0624 0.0837
vn 0.9843 0.0187 0.1756
vn 0.9818 0.0187 0.1890
vn 0.9678 0.0633 0.2437
vn 0.9648 -0.0144 0.2627
vn 0.9815 0.0986 0.1641
vn 0.9858 0.0367 0.1639
vn 0.9867 0.0431 0.1568
vn 0.9951 0.0396 0.0906
vn 0.9998 0.0053 0.0191
vn 0.9998 0.0064 0.0205
vn 0.9926 0.0790 0.0926
vn 0.9998 0.0080 0.0194
vn 0.9999 -0.0102 0.0099
vn 0.9996 0.0165 0.0234
vn 1.0000 -0.0038 0.0046
vn 0.9996 -0.0167 0.0218
vn 0.9991 -0.0245 0.0337
vn 0.9996 0.0177 0.0227
vn 0.9997 -0.0241 0.0063
vn 0.9994 0.0262 0.0212
vn 0.9998 -0.0125 0.0117
vn 0.9998 -0.0118 0.0114
vn 0.9990 -0.0351 0.0281
vn 0.9901 0.1125 0.0837
vn 0.9992 0.0313 0.0226
vn 0.9991 0.0379 0.0212
vn 0.9942 0.0672 0.0837
vn 0.9870 0.0956 0.1288
vn 0.9261 0.1706 0.3366
vn 0.9645 0.1361 0.2261
vn 0.8992 0.2358 0.3686
vn 0.9875 0.0812 0.1353
vn 0.9610 0.0879 0.2622
vn 0.9581 0.1029 0.2671
vn 0.8027 0.2022 0.5611
vn 0.8708 0.1054 0.4801
vn 0.9243 0.2859 0.2530
vn 0.9347 0.2622 0.2400
vn 0.9626 0.2228 0.1540
vn 0.9453 0.2081 0.2511
vn 0.9747 0.1649 0.1507
vn 0.8281 0.1914 0.5268
vn 0.9152 0.0537 0.3994
vn 0.6885 0.1875 0.7006
vn 0.8984 0.0664 0.4341
vn 0.8228 0.0681 0.5642
vn 0.9481 0.0345 0.3158
vn 0.8935 0.2336 0.3835
vn 0.9414 0.0069 0.3372
vn 0.9648 -0.0505 0.2579
vn 0.9531 -0.0359 0.3004
vn 0.9268 -0.1027 0.3612
vn 0.9547 -0.1202 0.2722
vn 0.9734 -0.1087 0.2015
vn 0.9896 -0.1311 -0.0589
vn 0.9422 -0.1646 0.2917
vn 0.9613 -0.1931 0.1963
vn 0.9962 -0.0532 0.0681
vn 0.9975 -0.0543 0.0455
vn 0.9956 -0.0795 -0.0486
vn 0.9821 -0.1256 0.1406
vn 0.9984 -0.0517 -0.0211
vn 0.9980 -0.0513 -0.0356
vn 0.9940 -0.0749 -0.0793
vn 0.9647 -0.2138 -0.1537
vn 0.9807 -0.1066 -0.1641
vn 0.9395 -0.1828 -0.2895
vn 0.9626 -0.2091 -0.1725
vn 0.9837 -0.1030 -0.1475
vn 0.9750 -0.0937 -0.2015
vn 0.9174 -0.3447 -0.1989
vn 0.9763 -0.0598 -0.2081
vn 0.9718 -0.0500 -0.2304
vn 0.9286 -0.0949 -0.3586
vn 0.9553 -0.0155 -0.2952
vn 0.9698 -0.0295 -0.2420
vn 0.9031 -0.0306 -0.4282
vn 0.9566 -0.0881 -0.2777
vn 0.9611 -0.0400 -0.2733
vn 0.9594 -0.0068 -0.2820
vn 0.9651 0.0012 -0.2618
vn 0.9575 0.0705 -0.2796
vn 0.9723 0.0699 -0.2231
vn 0.7732 -0.4831 -0.4108
vn 0.8442 0.0168 -0.5357
vn 0.9132 0.2215 -0.3420
vn 0.8217 0.1937 -0.5360
vn 0.7057 0.1627 -0.6895
vn 0.9269 0.0580 -0.3708
vn 0.9539 0.0077 -0.2999
vn 0.9507 -0.0262 -0.3091
vn 0.7389 0.2115 -0.6398
vn 0.7027 0.1676 -0.6915
vn 0.7529 0.2052 -0.6253
vn 0.8977 0.2011 -0.3920
vn 0.7799 0.1522 -0.6071
vn 0.9018 0.1912 -0.3875
vn 0.7514 0.1984 -0.6293
vn 0.8484 0.2375 -0.4730
vn 0.9373 0.1734 -0.3023
vn 0.9280 0.2663 -0.2604
vn 0.9381 0.2661 -0.2217
vn 0.9337 0.2207 -0.2821
vn 0.9484 0.2285 -0.2196
vn 0.9168 0.2588 -0.3039
vn 0.9401 0.1517 -0.3052
vn 0.9552 0.0578 -0.2903
vn 0.9600 0.1061 -0.2590
vn 0.9459 0.1406 -0.2925
vn 0.8779 0.1514 -0.4543
vn 0.7700 0.2567 -0.5842
vn 0.7910 0.1514 -0.5928
vn 0.8547 0.2585 -0.4501
vn 0.8823 0.0388 -0.4690
vn 0.8513 0.0099 -0.5246
vn 0.7982 0.0292 -0.6017
vn 0.8907 0.2667 -0.3679
vn 0.8808 0.0328 -0.4724
vn 0.8446 0.0525 -0.5328
vn 0.8572 0.0162 -0.5147
vn 0.8623 0.0156 -0.5062
vn 0.8642 0.0148 -0.5029
vn 0.8750 0.0035 -0.4841
vn 0.8418 0.1221 -0.5258
vn 0.8385 0.2008 -0.5065
vn 0.8871 0.1456 -0.4380
vn 0.8149 0.1899 -0.5476
vn 0.8279 0.0807 -0.5550
vn 0.7795 0.1613 -0.6052
vn 0.8307 0.2069 -0.5168
vn 0.7538 0.0307 -0.6564
vn 0.7216 0.0401 -0.6911
vn 0.7419 0.0322 -0.6697
vn 0.7212 0.0421 -0.6914
vn 0.6778 0.1544 -0.7189
vn 0.6850 0.0388 -0.7275
vn 0.6316 0.0301 -0.7747
vn 0.5676 0.1611 -0.8074
vn 0.7082 0.2997 -0.6393
vn 0.7859 0.3020 -0.5395
vn 0.5571 0.0403 -0.8294
vn 0.6935 0.0400 -0.7194
vn 0.6118 0.0643 -0.7884
vn 0.6825 0.1514 -0.7150
vn 0.5553 0.1514 -0.8177
vn 0.4948 0.0396 -0.8681
vn 0.4129 0.1515 -0.8981
vn 0.3955 0.2592 -0.8811
vn 0.6090 0.2642 -0.7479
vn 0.5402 0.2616 -0.7998
vn 0.6626 0.2558 -0.7039
vn 0.6256 0.2333 -0.7444
vn 0.6908 0.2307 -0.6852
vn 0.5729 0.2300 -0.7867
vn 0.7052 0.0743 -0.7050
vn 0.6419 0.0727 -0.7633
vn 0.5821 0.0733 -0.8098
vn 0.6237 -0.3850 -0.6802
vn 0.5730 -0.3402 -0.7456
vn 0.4373 0.0744 -0.8962
vn 0.4646 -0.3801 -0.7997
vn 0.4334 0.2246 -0.8728
vn 0.3701 -0.3434 -0.8632
vn 0.3652 0.0708 -0.9282
vn 0.3527 0.2148 -0.9107
vn 0.3305 0.2481 -0.9106
vn 0.2457 0.2522 -0.9359
vn 0.2885 0.2336 -0.9285
vn 0.1799 0.2591 -0.9489
vn 0.1999 0.2302 -0.9524
vn 0.2896 0.0735 -0.9543
vn 0.2078 0.0727 -0.9755
vn 0.2614 -0.3726 -0.8904
vn 0.1728 -0.3555 -0.9185
vn 0.1286 -0.7717 -0.6229
vn 0.1899 -0.7698 -0.6093
vn 0.2850 -0.7520 -0.5943
vn 0.1765 -0.9202 -0.3494
vn 0.3230 -0.7880 -0.5242
vn 0.4140 -0.7353 -0.5366
vn 0.2326 -0.9201 -0.3150
vn 0.0613 -0.9946 -0.0835
vn 0.0744 -0.9947 -0.0713
vn 0.4036 -0.7816 -0.4756
vn 0.2826 -0.9202 -0.2709
vn 0.4843 -0.7539 -0.4439
vn 0.3241 -0.9203 -0.2191
vn 0.0854 -0.9947 -0.0575
vn 0.1025 -0.9923 -0.0692
vn 0.1124 -0.9923 -0.0511
vn 0.0940 -0.9947 -0.0421
vn 0.1199 -0.9923 -0.0312
vn 0.0998 -0.9947 -0.0260
vn 0.3566 -0.9203 -0.1606
vn 0.5824 -0.7813 -0.2243
vn 0.3787 -0.9202 -0.0985
vn 0.6547 -0.7060 -0.2700
vn 0.5491 -0.7772 -0.3073
vn 0.6532 -0.7407 -0.1573
vn 0.1031 -0.9946 -0.0088
vn 0.6168 -0.7786 -0.1148
vn 0.3904 -0.9200 -0.0331
vn 0.3900 -0.9202 0.0332
vn 0.1023 -0.9947 0.0087
vn 0.6476 -0.7609 -0.0410
vn 0.9164 -0.3710 -0.1499
vn 0.6331 -0.7723 0.0512
vn 0.6132 -0.7828 0.1052
vn 0.9200 -0.3636 0.1460
vn 0.9034 -0.4285 -0.0130
vn 0.9930 -0.0748 0.0914
vn 0.9979 -0.0469 0.0434
vn 0.9839 -0.0902 0.1545
vn 0.6648 -0.7216 0.1929
vn 0.3790 -0.9201 0.0988
vn 0.0934 -0.9947 0.0423
vn 0.0993 -0.9947 0.0259
vn 0.3565 -0.9203 0.1610
vn 0.1200 -0.9923 0.0313
vn 0.1129 -0.9923 0.0511
vn 0.4054 -0.8720 0.2741
vn 0.4462 -0.8719 0.2015
vn 0.1022 -0.9923 0.0691
vn 0.0854 -0.9946 0.0581
vn 0.3535 -0.8719 0.3387
vn 0.0892 -0.9923 0.0856
vn 0.0744 -0.9947 0.0710
vn 0.2908 -0.8722 0.3934
vn 0.0734 -0.9923 0.0992
vn 0.2203 -0.8719 0.4372
vn 0.0556 -0.9923 0.1104
vn 0.3881 -0.5065 0.7699
vn 0.5204 -0.1237 0.8449
vn 0.5129 -0.5059 0.6935
vn 0.5935 -0.1340 0.7936
vn 0.6228 -0.5060 0.5967
vn 0.7115 -0.1346 0.6897
vn 0.7722 -0.1232 0.6232
vn 0.7146 -0.5059 0.4831
vn 0.8206 -0.1334 0.5557
vn 0.7858 -0.5065 0.3549
vn 0.8665 -0.1214 0.4842
vn 0.9048 -0.1337 0.4043
vn 0.9588 -0.1320 0.2515
vn 0.8343 -0.5066 0.2172
vn 0.8592 -0.5063 0.0731
vn 0.9775 -0.1275 0.1676
vn 0.4878 -0.8719 0.0415
vn 0.4737 -0.8720 0.1233
vn 0.9872 -0.1335 0.0868
vn 0.9927 -0.1205 0.0000
vn 0.8594 -0.5060 -0.0731
vn 0.9873 -0.1330 -0.0869
vn 0.9775 -0.1278 -0.1675
vn 0.9574 -0.1355 -0.2548
vn 0.8343 -0.5066 -0.2172
vn 0.4737 -0.8720 -0.1233
vn 0.4461 -0.8719 -0.2019
vn 0.7862 -0.5056 -0.3552
vn 0.8665 -0.1220 -0.4841
vn 0.7147 -0.5058 -0.4830
vn 0.9058 -0.1385 -0.4003
vn 0.4057 -0.8719 -0.2742
vn 0.3534 -0.8719 -0.3390
vn 0.0893 -0.9923 -0.0855
vn 0.0736 -0.9923 -0.0997
vn 0.2910 -0.8719 -0.3937
vn 0.6225 -0.5059 -0.5970
vn 0.5129 -0.5060 -0.6934
vn 0.7119 -0.1341 -0.6893
vn 0.7778 -0.1339 -0.6141
vn 0.5930 -0.1334 -0.7940
vn 0.5204 -0.1235 -0.8449
vn 0.3882 -0.5064 -0.7700
vn 0.4473 -0.1329 -0.8844
vn 0.3700 -0.1211 -0.9211
vn 0.2863 -0.1341 -0.9487
vn 0.2524 -0.5062 -0.8246
vn 0.1434 -0.8719 -0.4681
vn 0.0621 -0.8720 -0.4855
vn 0.1095 -0.5060 -0.8556
vn -0.0052 -0.9923 -0.1235
vn 0.0157 -0.9923 -0.1228
vn -0.0208 -0.8723 -0.4885
vn -0.0260 -0.9923 -0.1207
vn -0.0367 -0.5062 -0.8616
vn -0.1031 -0.8719 -0.4788
vn -0.0460 -0.9924 -0.1142
vn -0.0384 -0.9947 -0.0955
vn -0.0216 -0.9947 -0.1004
vn -0.1458 -0.9202 -0.3633
vn -0.0824 -0.9202 -0.3826
vn -0.0043 -0.9947 -0.1022
vn -0.0166 -0.9206 -0.3902
vn 0.0130 -0.9948 -0.1014
vn -0.0116 -0.7263 -0.6873
vn 0.0127 -0.7819 -0.6232
vn -0.0788 -0.7839 -0.6158
vn 0.0497 -0.9205 -0.3876
vn 0.0978 -0.7475 -0.6570
vn 0.0301 -0.9947 -0.0982
vn 0.1146 -0.9202 -0.3742
vn 0.0465 -0.9946 -0.0922
vn 0.0556 -0.9923 -0.1104
vn 0.2199 -0.8723 -0.4366
vn 0.0362 -0.9923 -0.1180
vn 0.0393 -0.3905 -0.9198
vn -0.0472 -0.3330 -0.9417
vn -0.0367 0.0735 -0.9966
vn 0.1317 0.0743 -0.9885
vn 0.1368 0.2332 -0.9627
vn 0.0942 0.2605 -0.9608
vn -0.0353 0.2326 -0.9719
vn 0.0136 0.2732 -0.9618
vn -0.1091 0.2258 -0.9680
vn -0.0737 0.2509 -0.9652
vn -0.2318 0.2481 -0.9406
vn -0.1802 0.2370 -0.9546
vn -0.1150 0.0696 -0.9909
vn -0.1945 0.0720 -0.9782
vn -0.2741 0.2243 -0.9352
vn -0.2751 0.0720 -0.9587
vn -0.1553 -0.3720 -0.9151
vn -0.3338 0.2389 -0.9119
vn -0.3498 0.0746 -0.9338
vn -0.2677 -0.3556 -0.8954
vn -0.3754 -0.3797 -0.8455
vn -0.1512 -0.7584 -0.6339
vn -0.2296 -0.7641 -0.6029
vn -0.2903 -0.7776 -0.5577
vn -0.4565 -0.3509 -0.8176
vn -0.3408 -0.7421 -0.5771
vn -0.2050 -0.9205 -0.3327
vn -0.3835 -0.7819 -0.4914
vn -0.5613 -0.3916 -0.7291
vn -0.6410 -0.3352 -0.6905
vn -0.6935 0.0706 -0.7169
vn -0.6352 0.0737 -0.7688
vn -0.4966 0.0721 -0.8650
vn -0.4305 0.0722 -0.8997
vn -0.4776 0.2404 -0.8450
vn -0.4189 0.2434 -0.8748
vn -0.5289 0.2461 -0.8122
vn -0.6477 0.2551 -0.7179
vn -0.6051 0.2399 -0.7591
vn -0.6862 0.2135 -0.6954
vn -0.7024 0.2464 -0.6677
vn -0.7642 0.2416 -0.5979
vn -0.7219 0.2430 -0.6479
vn -0.7948 0.2637 -0.5465
vn -0.7838 0.2386 -0.5734
vn -0.7487 0.0742 -0.6587
vn -0.7096 -0.3724 -0.5981
vn -0.8026 0.0728 -0.5921
vn -0.7768 -0.3613 -0.5158
vn -0.4474 -0.7115 -0.5419
vn -0.4526 -0.7794 -0.4333
vn -0.5083 -0.7649 -0.3956
vn -0.5642 -0.7559 -0.3320
vn -0.8307 -0.3852 -0.4017
vn -0.8453 0.0736 -0.5291
vn -0.9223 0.0742 -0.3792
vn -0.8175 0.2448 -0.5212
vn -0.8537 0.2404 -0.4620
vn -0.8798 0.2600 -0.3980
vn -0.8914 0.2429 -0.3825
vn -0.9309 0.2146 -0.2956
vn -0.9496 0.0706 -0.3053
vn -0.9403 0.2476 -0.2334
vn -0.9584 0.2360 -0.1605
vn -0.9145 0.2427 -0.3235
vn -0.8798 -0.3393 -0.3329
vn -0.9709 0.0732 -0.2280
vn -0.8989 -0.3886 -0.2024
vn -0.9867 0.0726 -0.1453
vn -0.9636 0.2309 -0.1350
vn -0.9653 0.2574 -0.0436
vn -0.9617 0.2541 -0.1025
vn -0.9655 0.2477 -0.0808
vn -0.9930 0.0713 0.0942
vn -0.9729 0.2179 0.0772
vn -0.9723 0.2334 0.0131
vn -0.9711 0.2384 0.0068
vn -0.9949 0.0744 -0.0682
vn -0.9269 -0.3752 0.0042
vn -0.9321 -0.3434 -0.1151
vn -0.7066 -0.6921 -0.1476
vn -0.6401 -0.7683 0.0048
vn -0.9296 -0.3526 0.1074
vn -0.6545 -0.7496 0.0979
vn -0.8999 -0.3799 0.2142
vn -0.9699 -0.0443 0.2393
vn -0.9855 0.0584 0.1592
vn -0.9795 -0.0074 0.2013
vn -0.9738 -0.0506 0.2218
vn -0.9785 -0.0407 0.2024
vn -0.9819 -0.0323 0.1863
vn -0.9850 -0.0207 0.1715
vn -0.9780 -0.0127 0.2081
vn -0.9797 -0.0063 0.2002
vn -0.9813 -0.0049 0.1923
vn -0.9851 -0.0080 0.1716
vn -0.9810 -0.0027 0.1937
vn -0.9868 -0.0078 0.1615
vn -0.9807 -0.0002 0.1957
vn -0.9879 0.0064 0.1545
vn -0.9941 0.0551 0.0927
vn -0.9915 0.0550 0.1181
vn -0.9861 0.0209 0.1650
vn -0.9940 -0.0136 0.1082
vn -0.9952 -0.0407 0.0892
vn -0.9975 -0.0154 0.0692
vn -0.9982 -0.0246 0.0545
vn -0.9972 -0.0555 0.0496
vn -0.9988 0.0126 0.0472
vn -0.9995 -0.0204 0.0259
vn -0.9927 -0.0667 0.0999
vn -0.9948 -0.0473 0.0900
vn -0.9998 -0.0115 0.0168
vn -0.9218 -0.2627 0.2852
vn -0.9673 -0.1778 0.1807
vn -0.9989 -0.0201 0.0418
vn -0.9749 -0.0985 0.1994
vn -0.8668 -0.3110 0.3896
vn -0.9338 -0.2071 0.2918
vn -0.9780 -0.1245 0.1675
vn -0.8715 -0.3184 0.3729
vn -0.7991 -0.3794 0.4664
vn -0.9463 -0.1501 0.2863
vn -0.7966 -0.3632 0.4833
vn -0.8929 -0.2168 0.3945
vn -0.8430 -0.2596 0.4710
vn -0.8593 -0.2224 0.4605
vn -0.9423 -0.1256 0.3102
vn -0.9259 -0.1556 0.3442
vn -0.9573 -0.0826 0.2769
vn -0.8772 -0.2167 0.4284
vn -0.9587 -0.0813 0.2724
vn -0.9635 -0.0887 0.2525
vn -0.9098 -0.0985 0.4032
vn -0.9274 -0.0899 0.3630
vn -0.9324 -0.0502 0.3579
vn -0.9345 -0.0547 0.3515
vn -0.9485 -0.0453 0.3134
vn -0.9414 -0.0002 0.3372
vn -0.8844 -0.3482 0.3109
vn -0.8267 -0.3821 0.4129
vn -0.9120 -0.0424 0.4081
vn -0.6499 -0.7298 0.2123
vn -0.5994 -0.7823 0.1695
vn -0.9230 -0.0367 0.3829
vn -0.9092 -0.0336 0.4149
vn -0.8886 -0.0199 0.4582
vn -0.8812 -0.1285 0.4548
vn -0.8709 -0.0706 0.4863
vn -0.7801 -0.3594 0.5122
vn -0.8318 -0.1614 0.5311
vn -0.8538 -0.0105 0.5204
vn -0.8090 -0.0638 0.5843
vn -0.8117 -0.0590 0.5810
vn -0.5640 -0.7564 0.3312
vn -0.5050 -0.7666 0.3965
vn -0.3419 -0.9202 0.1907
vn -0.5634 -0.7859 0.2547
vn -0.3693 -0.9201 0.1302
vn -0.0975 -0.9946 0.0344
vn -0.3857 -0.9202 0.0661
vn -0.1016 -0.9947 0.0175
vn -0.1216 -0.9923 0.0208
vn -0.1237 -0.9923 0.0000
vn -0.1027 -0.9947 0.0000
vn -0.1219 -0.9923 -0.0208
vn -0.1016 -0.9947 -0.0175
vn -0.3910 -0.9204 0.0000
vn -0.3857 -0.9202 -0.0663
vn -0.0975 -0.9946 -0.0343
vn -0.3698 -0.9199 -0.1306
vn -0.6103 -0.7798 -0.1391
vn -0.6330 -0.7368 -0.2374
vn -0.5737 -0.7805 -0.2481
vn -0.0903 -0.9946 -0.0502
vn -0.3425 -0.9199 -0.1911
vn -0.3049 -0.9199 -0.2464
vn -0.0804 -0.9946 -0.0651
vn -0.0961 -0.9923 -0.0773
vn -0.0817 -0.9923 -0.0927
vn -0.0678 -0.9947 -0.0774
vn -0.0650 -0.9923 -0.1055
vn -0.2586 -0.9200 -0.2944
vn -0.0537 -0.9948 -0.0869
vn -0.2569 -0.8718 -0.4171
vn -0.1825 -0.8726 -0.4531
vn -0.3218 -0.5063 -0.8000
vn -0.4521 -0.5061 -0.7344
vn -0.3232 -0.8722 -0.3670
vn -0.3805 -0.8723 -0.3070
vn -0.5699 -0.5062 -0.6472
vn -0.6636 -0.1586 -0.7310
vn -0.7071 -0.1338 -0.6944
vn -0.5900 -0.1222 -0.7981
vn -0.6708 -0.5065 -0.5418
vn -0.7740 -0.1339 -0.6188
vn -0.8634 -0.1328 -0.4867
vn -0.7528 -0.5064 -0.4205
vn -0.4269 -0.8722 -0.2385
vn -0.4615 -0.8720 -0.1633
vn -0.8130 -0.5063 -0.2874
vn -0.9040 -0.1251 -0.4088
vn -0.4824 -0.8720 -0.0826
vn -0.1166 -0.9923 -0.0414
vn -0.8500 -0.5061 -0.1456
vn -0.4895 -0.8719 0.0000
vn -0.9774 -0.1334 -0.1639
vn -0.9606 -0.1207 -0.2502
vn -0.7046 -0.6882 -0.1730
vn -0.9338 -0.1337 -0.3318
vn -0.7266 -0.6870 0.0000
vn -0.6521 -0.7377 -0.1747
vn -0.6751 -0.7377 0.0000
vn -0.1078 -0.9923 -0.0603
vn -0.5130 -0.1374 -0.8473
vn -0.3744 -0.1346 -0.9174
vn -0.2905 -0.1256 -0.9486
vn -0.1815 -0.5056 -0.8434
vn -0.2109 -0.1334 -0.9684
vn -0.1261 -0.1204 -0.9847
vn -0.0389 -0.1330 -0.9903
vn 0.0421 -0.1283 -0.9908
vn 0.1268 -0.1310 -0.9832
vn -0.0903 -0.9946 0.0503
vn -0.3044 -0.9201 0.2464
vn -0.9546 -0.0401 0.2950
vn -0.9529 -0.0493 0.2992
vn -0.9581 -0.0378 0.2839
vn -0.9696 -0.0877 0.2284
vn -0.9720 -0.0755 0.2227
vn -0.9774 -0.0664 0.2004
vn -0.9788 -0.0633 0.1946
vn -0.9803 -0.0550 0.1894
vn -0.9844 -0.0611 0.1648
vn -0.9888 -0.0566 0.1382
vn -0.9909 -0.0410 0.1279
vn -0.7562 -0.4581 0.4672
vn -0.7877 -0.4482 0.4226
vn -0.6929 -0.5289 0.4900
vn -0.7946 -0.4497 0.4079
vn -0.7338 -0.5047 0.4548
vn -0.6909 -0.5990 0.4046
vn -0.7353 -0.6464 0.2037
vn -0.7504 -0.5518 0.3638
vn -0.6347 -0.7325 0.2461
vn -0.6251 -0.6509 0.4306
vn -0.6590 -0.5597 0.5025
vn -0.6572 -0.5578 0.5067
vn -0.6249 -0.6509 0.4311
vn -0.6118 -0.5817 0.5359
vn -0.5488 -0.6896 0.4725
vn -0.4677 -0.7335 0.4931
vn -0.4676 -0.7335 0.4931
vn -0.7539 -0.5466 0.3644
vn -0.8412 -0.4102 0.3523
vn -0.8003 -0.4999 0.3311
vn -0.8304 -0.5318 0.1657
vn -0.8957 -0.4328 0.1013
vn -0.8547 -0.4372 0.2799
vn -0.8527 -0.4415 0.2791
vn -0.7474 -0.6623 0.0530
vn -0.8094 -0.5833 0.0681
vn -0.8559 -0.5144 -0.0530
vn -0.5552 -0.3827 -0.7384
vn -0.6965 -0.7123 0.0864
vn -0.5183 -0.5190 -0.6797
vn -0.6860 -0.2619 -0.6789
vn -0.6488 -0.1899 -0.7368
vn -0.7193 -0.0555 -0.6925
vn -0.9740 -0.2145 0.0725
vn -0.8624 -0.5035 0.0516
vn -0.9104 -0.4089 0.0627
vn -0.9433 -0.3211 0.0840
vn -0.8097 -0.5851 0.0441
vn -0.7414 -0.6313 0.2274
vn -0.8484 -0.4540 0.2723
vn -0.6157 -0.7557 0.2233
vn -0.5140 -0.7315 0.4480
vn -0.6175 -0.7534 0.2258
vn -0.5799 -0.6192 0.5294
vn -0.6727 -0.4851 0.5586
vn -0.7285 -0.6707 0.1391
vn -0.6769 -0.7258 0.1225
vn -0.4991 -0.8499 0.1689
vn -0.5200 -0.8540 0.0146
vn -0.4175 -0.9083 0.0256
vn -0.4955 -0.8386 0.2261
vn -0.3216 -0.9230 0.2112
vn -0.2432 -0.8446 0.4769
vn -0.3443 -0.7826 0.5186
vn -0.1911 -0.6434 0.7413
vn -0.3572 -0.6229 0.6960
vn -0.3821 -0.6673 0.6393
vn -0.3825 -0.6648 0.6417
vn -0.1281 -0.6795 0.7224
vn -0.0508 -0.4924 0.8688
vn -0.5430 -0.3710 0.7533
vn -0.0405 -0.4948 0.8680
vn -0.0339 -0.5067 0.8614
vn 0.5622 -0.5390 0.6271
vn -0.0207 -0.5058 0.8624
vn 0.6634 -0.3941 0.6360
vn -0.0225 -0.5127 0.8583
vn 0.7009 -0.3327 0.6309
vn 0.6441 -0.4557 0.6144
vn 0.7067 -0.4411 0.5531
vn -0.0627 -0.6874 0.7236
vn 0.7247 -0.0790 0.6845
vn 0.6734 -0.3229 0.6650
vn -0.0087 -0.7045 0.7096
vn 0.6549 -0.5836 0.4801
vn 0.6825 -0.7165 0.1437
vn 0.1998 -0.9599 0.1965
vn 0.6420 -0.7187 0.2669
vn 0.6956 -0.6180 0.3664
vn -0.1415 -0.8775 0.4583
vn -0.1767 -0.9655 0.1912
vn -0.1835 -0.9830 -0.0064
vn -0.1093 -0.9931 -0.0429
vn -0.2977 -0.9540 0.0353
vn -0.2615 -0.8924 0.3676
vn -0.7260 -0.0818 0.6827
vn -0.6755 -0.3218 0.6634
vn 0.1650 -0.7285 0.6648
vn -0.4656 -0.5835 0.6653
vn -0.1652 -0.7286 0.6647
vn -0.2042 -0.7907 0.5771
vn -0.0789 -0.7682 0.6353
vn -0.2580 -0.7626 0.5931
vn 0.0629 -0.7841 0.6174
vn -0.0091 -0.3518 0.9360
vn 0.2239 -0.7527 0.6191
vn 0.1659 -0.8067 0.5672
vn 0.3575 -0.7352 0.5759
vn 0.5607 -0.5365 0.6306
vn 0.0186 -0.3367 0.9414
vn 0.0199 -0.3046 0.9523
vn 0.2307 -0.7550 0.6138
vn 0.0033 -0.2639 0.9645
vn 0.0011 -0.2683 0.9633
vn -0.0235 -0.3576 0.9336
vn -0.0921 -0.2616 0.9608
vn -0.0675 -0.3132 0.9473
vn -0.0089 -0.3672 0.9301
vn 0.4672 -0.6459 0.6038
vn 0.3905 -0.7009 0.5969
vn 0.5524 -0.5988 0.5799
vn 0.3664 -0.7432 0.5598
vn 0.6501 -0.3755 0.6605
vn 0.3739 -0.6533 0.6583
vn 0.0087 -0.7045 0.7096
vn 0.7255 -0.0904 0.6822
vn 0.6634 -0.3938 0.6362
vn 0.6868 -0.3851 0.6165
vn 0.6682 -0.5517 0.4992
vn 0.6696 -0.6910 0.2722
vn 0.2615 -0.8924 0.3678
vn -0.6696 -0.6910 0.2722
vn 0.0270 -0.9996 -0.0003
vn 0.0555 -0.7176 -0.6942
vn 0.2051 -0.9719 0.1154
vn 0.0222 -0.9997 -0.0089
vn -0.2287 -0.9467 0.2270
vn 0.2105 -0.6357 -0.7426
vn 0.0061 -0.9978 0.0654
vn 0.0074 -0.9964 0.0845
vn 0.0516 -0.9946 0.0897
vn 0.0696 -0.9966 0.0434
vn 0.3987 -0.5369 -0.7435
vn 0.2507 -0.6937 -0.6753
vn 0.3306 -0.9399 0.0851
vn 0.0998 -0.9913 0.0858
vn 0.1773 -0.9765 0.1222
vn 0.2477 -0.9654 0.0813
vn 0.1059 -0.9919 0.0694
vn 0.0510 -0.9962 0.0704
vn 0.0923 -0.9833 0.1566
vn 0.1678 -0.9775 0.1280
vn 0.2662 -0.8616 0.4322
vn 0.1705 -0.9779 0.1211
vn 0.1109 -0.9571 0.2676
vn 0.0429 -0.6400 0.7671
vn 0.1320 -0.9749 0.1791
vn 0.8491 0.0068 0.5281
vn 0.0809 -0.5944 0.8000
vn -0.0173 -0.9879 0.1539
vn 0.1402 -0.9629 0.2304
vn 0.2492 -0.9335 0.2576
vn 0.1215 -0.9208 0.3705
vn -0.0165 -0.9875 0.1563
vn 0.0397 -0.9604 0.2756
vn 0.0750 -0.8990 0.4314
vn 0.0858 -0.9035 0.4198
vn 0.1231 -0.8959 0.4268
vn 0.2215 -0.7595 0.6117
vn 0.2298 -0.7939 0.5629
vn 0.2519 -0.7381 0.6259
vn 0.1950 -0.7503 0.6317
vn 0.1029 -0.8380 0.5358
vn 0.1118 -0.9034 0.4140
vn 0.1490 -0.7247 0.6727
vn 0.1410 -0.8818 0.4499
vn 0.1688 -0.7705 0.6147
vn 0.1617 -0.8867 0.4330
vn 0.1619 -0.7075 0.6879
vn 0.1170 -0.7669 0.6310
vn 0.0823 -0.9012 0.4254
vn 0.2460 -0.5753 0.7801
vn 0.2236 -0.6066 0.7629
vn 0.2463 -0.5570 0.7931
vn 0.2142 -0.6621 0.7181
vn 0.1865 -0.6387 0.7465
vn 0.1828 -0.5391 0.8221
vn 0.2317 -0.5052 0.8313
vn 0.2297 -0.3740 0.8985
vn 0.2521 -0.4759 0.8426
vn 0.4025 -0.2970 0.8659
vn 0.3972 -0.2893 0.8709
vn 0.2909 -0.2944 0.9103
vn 0.2356 -0.3179 0.9184
vn 0.3401 -0.2196 0.9144
vn 0.3026 -0.2421 0.9218
vn 0.3420 -0.2109 0.9157
vn 0.4722 -0.1028 0.8754
vn 0.4801 -0.1034 0.8710
vn 0.3993 -0.1269 0.9080
vn 0.4334 -0.1992 0.8789
vn 0.5145 -0.1771 0.8390
vn 0.5654 -0.0532 0.8231
vn 0.5118 -0.0589 0.8571
vn 0.4660 -0.3764 0.8007
vn 0.4795 -0.0706 0.8747
vn 0.5982 -0.0671 0.7985
vn 0.6169 -0.0555 0.7851
vn 0.6479 0.0725 0.7582
vn 0.4297 -0.0460 0.9018
vn 0.3983 -0.0475 0.9160
vn 0.3010 -0.5012 0.8113
vn 0.3022 -0.6798 0.6682
vn 0.3162 -0.5297 0.7870
vn 0.3601 -0.6336 0.6847
vn 0.3294 -0.7064 0.6265
vn 0.3765 -0.6219 0.6866
vn 0.3243 -0.7149 0.6194
vn 0.2234 -0.7473 0.6258
vn 0.2287 -0.7997 0.5550
vn 0.4216 -0.6430 0.6393
vn 0.5422 -0.6144 0.5731
vn 0.4458 -0.6848 0.5764
vn 0.4014 -0.6937 0.5979
vn 0.6018 -0.5755 0.5536
vn 0.5766 -0.5838 0.5715
vn 0.5922 -0.5700 0.5695
vn 0.5469 -0.6980 0.4623
vn 0.6146 -0.5894 0.5242
vn 0.6186 -0.6499 0.4416
vn 0.5614 -0.7819 0.2709
vn 0.5432 -0.6970 0.4680
vn 0.6394 -0.7658 0.0690
vn 0.5383 -0.8401 0.0669
vn 0.6818 -0.7247 0.1001
vn 0.7008 -0.6798 0.2162
vn 0.3981 -0.8635 0.3097
vn 0.4612 -0.7288 0.5061
vn 0.4704 -0.8779 0.0898
vn 0.3694 -0.9066 0.2041
vn 0.7620 -0.5998 0.2442
vn 0.3745 -0.7689 0.5182
vn 0.3742 -0.7711 0.5152
vn 0.3033 -0.7882 0.5354
vn 0.5508 -0.3773 -0.7445
vn 0.7480 -0.6622 0.0438
vn 0.5214 -0.5160 -0.6796
vn 0.6861 -0.2618 -0.6787
vn 0.6460 -0.1906 -0.7392
vn 0.8606 -0.5090 0.0169
vn 0.8060 -0.5915 0.0219
vn 0.7490 -0.6609 0.0469
vn 0.7192 -0.0555 -0.6926
vn 0.9572 -0.2871 0.0358
vn 0.7727 -0.6348 -0.0027
vn 0.9455 -0.3159 0.0785
vn 0.9160 -0.3953 0.0670
vn 0.8110 -0.5849 -0.0061
vn 0.9160 -0.2750 0.2919
vn 0.8470 -0.4566 0.2722
vn 0.6727 -0.4851 0.5586
vn 0.7407 -0.6253 0.2456
vn 0.5148 -0.7045 0.4884
vn 0.5883 -0.7403 0.3254
vn 0.5090 -0.7290 0.4576
vn 0.7378 -0.6709 0.0749
vn 0.6488 -0.7495 0.1310
vn 0.5836 -0.6318 0.5100
vn 0.4887 -0.7303 0.4772
vn 0.3230 -0.5424 0.7755
vn 0.3564 -0.6663 0.6549
vn 0.1806 -0.6351 0.7510
vn 0.3589 -0.7859 0.5035
vn 0.1927 -0.5457 0.8155
vn 0.1990 -0.5451 0.8144
vn 0.1118 -0.4760 0.8723
vn 0.0927 -0.4557 0.8853
vn 0.0869 -0.4830 0.8713
vn 0.0246 -0.3800 0.9246
vn -0.3946 -0.6856 0.6117
vn -0.5220 -0.6245 0.5810
vn -0.3679 -0.7369 0.5670
vn 0.0179 -0.3575 0.9337
vn 0.0844 -0.3079 0.9477
vn 0.1583 -0.3767 0.9127
vn 0.1106 -0.4256 0.8981
vn 0.1862 -0.3392 0.9221
vn 0.4032 -0.4509 0.7963
vn 0.4316 -0.3395 0.8357
vn 0.7343 -0.3453 0.5844
vn 0.5905 -0.2364 0.7716
vn 0.3833 -0.2446 0.8906
vn 0.3727 -0.2593 0.8910
vn 0.1989 -0.3240 0.9249
vn 0.2614 -0.3137 0.9128
vn 0.2875 -0.2416 0.9268
vn 0.2423 -0.2135 0.9464
vn 0.3998 -0.2094 0.8923
vn 0.3688 -0.1907 0.9097
vn 0.2639 -0.2186 0.9395
vn 0.1775 -0.1775 0.9680
vn 0.1804 -0.1169 0.9766
vn 0.0707 -0.2120 0.9747
vn 0.2652 -0.1115 0.9577
vn 0.2851 -0.1682 0.9436
vn 0.0818 -0.2535 0.9638
vn 0.0148 -0.2480 0.9686
vn 0.0842 -0.1417 0.9863
vn -0.0374 -0.2424 0.9694
vn -0.0332 -0.2404 0.9701
vn 0.0312 -0.2489 0.9680
vn 0.0240 -0.2067 0.9781
vn 0.0213 -0.1116 0.9935
vn 0.0672 -0.0419 0.9969
vn -0.0058 -0.0729 0.9973
vn 0.0015 -0.0648 0.9979
vn -0.0122 -0.2172 0.9760
vn -0.0346 -0.1166 0.9926
vn -0.0090 -0.0674 0.9977
vn -0.0096 -0.0647 0.9978
vn -0.0884 -0.0509 0.9948
vn -0.0492 -0.0246 0.9985
vn -0.1097 -0.0019 0.9940
vn -0.1436 -0.0045 0.9896
vn -0.1461 -0.0177 0.9891
vn -0.0822 -0.1388 0.9869
vn -0.0103 -0.2511 0.9679
vn -0.0783 -0.2000 0.9767
vn -0.1248 -0.0359 0.9915
vn -0.1724 -0.0668 0.9827
vn -0.0179 -0.3141 0.9492
vn -0.1797 -0.1224 0.9761
vn -0.1743 -0.1756 0.9689
vn -0.2218 -0.0225 0.9748
vn -0.2604 -0.0457 0.9644
vn -0.2222 -0.0242 0.9747
vn -0.2077 -0.0322 0.9776
vn -0.2354 0.0085 0.9718
vn -0.1141 -0.0343 0.9929
vn -0.1346 -0.0432 0.9899
vn -0.1741 -0.0386 0.9839
vn -0.0965 -0.1062 0.9896
vn -0.1023 -0.0311 0.9943
vn -0.1617 -0.1083 0.9809
vn -0.1744 -0.0197 0.9845
vn -0.0972 -0.1810 0.9786
vn -0.1266 -0.1850 0.9745
vn -0.0815 -0.2123 0.9738
vn -0.1412 -0.3910 0.9095
vn -0.0780 -0.0344 0.9963
vn -0.0410 -0.1019 0.9939
vn -0.0221 -0.0237 0.9995
vn -0.0559 -0.1578 0.9859
vn -0.1323 -0.1906 0.9727
vn -0.1135 -0.1787 0.9773
vn -0.0818 -0.1964 0.9771
vn -0.1548 -0.1780 0.9718
vn -0.1409 -0.1566 0.9775
vn -0.0618 -0.0961 0.9934
vn -0.0475 -0.1039 0.9934
vn -0.1310 -0.4013 0.9065
vn -0.0322 -0.1096 0.9934
vn -0.0042 -0.0290 0.9995
vn -0.0082 -0.0281 0.9995
vn -0.0162 -0.1132 0.9934
vn 0.0000 -0.0292 0.9995
vn -0.0177 -0.1630 0.9864
vn -0.0000 -0.1143 0.9934
vn -0.0000 -0.1673 0.9859
vn 0.0163 -0.1132 0.9934
vn 0.0042 -0.0290 0.9995
vn 0.0000 -0.1089 0.9940
vn 0.0177 -0.1630 0.9864
vn 0.0157 -0.1082 0.9940
vn 0.0327 -0.1034 0.9941
vn 0.0125 -0.0866 0.9962
vn 0.1285 -0.4296 0.8938
vn 0.0321 -0.1097 0.9934
vn 0.0116 -0.0251 0.9996
vn 0.0395 -0.1023 0.9940
vn 0.0059 -0.0274 0.9996
vn 0.0040 -0.0266 0.9996
vn 0.0008 -0.0269 0.9996
vn 0.0351 -0.0251 0.9991
vn 0.0945 -0.1050 0.9900
vn 0.1040 -0.2215 0.9696
vn 0.1433 -0.4291 0.8918
vn 0.0597 -0.0342 0.9976
vn 0.0087 -0.0289 0.9995
vn 0.0458 -0.0374 0.9982
vn 0.0786 -0.0285 0.9965
vn 0.1113 0.0062 0.9937
vn 0.1208 0.0124 0.9926
vn 0.1492 -0.0302 0.9883
vn 0.1143 -0.0277 0.9930
vn 0.0851 -0.0324 0.9958
vn 0.1620 -0.1069 0.9810
vn 0.1441 -0.1787 0.9733
vn 0.1464 -0.1697 0.9745
vn 0.1761 -0.1668 0.9701
vn 0.1823 -0.0310 0.9827
vn 0.2341 -0.1088 0.9661
vn 0.2535 -0.0359 0.9667
vn 0.3061 -0.1097 0.9456
vn 0.2269 -0.0447 0.9729
vn 0.2809 -0.1860 0.9415
vn 0.2814 -0.1875 0.9411
vn 0.2084 -0.1625 0.9644
vn 0.2094 -0.1632 0.9641
vn 0.2407 -0.1680 0.9559
vn 0.2718 -0.1703 0.9471
vn 0.3223 -0.1589 0.9332
vn 0.3419 -0.1633 0.9254
vn 0.3011 -0.1348 0.9440
vn 0.2042 -0.0933 0.9745
vn 0.1887 -0.1207 0.9746
vn 0.2154 -0.0632 0.9745
vn 0.1096 -0.0322 0.9934
vn 0.1039 -0.0475 0.9934
vn 0.0281 -0.0082 0.9995
vn 0.0266 -0.0121 0.9995
vn 0.0961 -0.0618 0.9934
vn 0.0280 0.0082 0.9995
vn 0.0290 0.0042 0.9995
vn 0.0289 -0.0042 0.9995
vn 0.0266 0.0121 0.9995
vn 0.0158 -0.0246 0.9995
vn 0.0246 0.0158 0.9995
vn 0.0191 -0.0221 0.9995
vn 0.0221 -0.0192 0.9995
vn 0.0246 -0.0158 0.9995
vn 0.1039 0.0475 0.9934
vn 0.1096 0.0322 0.9934
vn 0.0221 0.0191 0.9995
vn 0.0961 0.0618 0.9934
vn 0.0191 0.0221 0.9995
vn 0.0863 0.0748 0.9934
vn 0.0158 0.0246 0.9995
vn 0.0748 0.0863 0.9934
vn 0.0121 0.0266 0.9995
vn 0.0618 0.0961 0.9934
vn 0.1214 0.1889 0.9745
vn 0.0475 0.1039 0.9934
vn 0.1470 0.1697 0.9745
vn 0.2174 0.2509 0.9433
vn 0.2509 0.2174 0.9433
vn 0.1697 0.1470 0.9745
vn 0.1889 0.1214 0.9745
vn 0.2793 0.1794 0.9433
vn 0.3020 0.1379 0.9433
vn 0.3959 0.1808 0.9003
vn 0.3661 0.2353 0.9003
vn 0.4832 0.2209 0.8472
vn 0.4468 0.2874 0.8472
vn 0.3289 0.2850 0.9003
vn 0.4013 0.3480 0.8472
vn 0.2850 0.3289 0.9003
vn 0.3477 0.4015 0.8473
vn 0.2371 0.3582 0.9030
vn 0.1794 0.2792 0.9433
vn 0.2638 0.8100 0.5238
vn 0.2032 0.7963 0.5697
vn 0.1732 0.3854 0.9063
vn 0.3074 0.4316 0.8480
vn 0.1379 0.3020 0.9433
vn -0.1454 0.7958 0.5878
vn -0.1143 0.8166 0.5657
vn -0.0201 0.8160 0.5776
vn 0.0717 0.8239 0.5621
vn 0.0965 0.8417 0.5312
vn 0.0933 0.2042 0.9745
vn 0.0632 0.2154 0.9745
vn 0.0935 0.3185 0.9433
vn 0.1193 0.4162 0.9014
vn 0.0472 0.3286 0.9433
vn 0.0320 0.2222 0.9745
vn 0.0000 0.2245 0.9745
vn 0.0000 0.1143 0.9934
vn 0.0162 0.1131 0.9934
vn 0.0322 0.1096 0.9934
vn 0.0042 0.0290 0.9995
vn 0.0000 0.0292 0.9995
vn 0.0082 0.0281 0.9995
vn -0.0042 0.0290 0.9995
vn -0.0082 0.0281 0.9995
vn -0.0162 0.1131 0.9934
vn -0.0322 0.1096 0.9934
vn -0.0320 0.2222 0.9745
vn 0.0000 0.3319 0.9433
vn -0.0472 0.3286 0.9433
vn -0.0632 0.2154 0.9745
vn -0.0935 0.3185 0.9433
vn -0.0475 0.1039 0.9934
vn -0.0933 0.2042 0.9745
vn -0.1379 0.3020 0.9433
vn -0.1214 0.1889 0.9745
vn -0.0618 0.0961 0.9934
vn -0.1795 0.2792 0.9433
vn -0.1732 0.3856 0.9062
vn -0.1196 0.4164 0.9013
vn -0.6220 0.5726 0.5340
vn -0.6024 0.5816 0.5466
vn -0.5173 0.6234 0.5863
vn -0.4109 0.7129 0.5683
vn -0.3555 0.7751 0.5222
vn -0.2370 0.3582 0.9030
vn -0.3076 0.4307 0.8484
vn 0.1064 0.8225 0.5587
vn -0.2850 0.3289 0.9003
vn -0.2786 0.7709 0.5727
vn -0.1540 0.7924 0.5903
vn -0.0820 0.8282 0.5544
vn -0.0304 0.8133 0.5810
vn -0.2174 0.2509 0.9433
vn -0.3477 0.4015 0.8473
vn -0.3289 0.2850 0.9003
vn -0.2509 0.2174 0.9433
vn -0.4013 0.3480 0.8472
vn -0.3661 0.2353 0.9003
vn -0.2793 0.1794 0.9433
vn -0.4468 0.2874 0.8472
vn -0.3959 0.1808 0.9003
vn -0.3020 0.1379 0.9433
vn -0.2042 0.0933 0.9745
vn -0.2154 0.0632 0.9745
vn -0.3185 0.0935 0.9433
vn -0.3286 0.0472 0.9433
vn -0.2222 0.0320 0.9745
vn -0.4120 0.1261 0.9024
vn -0.4173 0.0589 0.9068
vn -0.8521 0.0034 0.5233
vn -0.5047 0.1672 0.8469
vn -0.7400 -0.3754 0.5580
vn -0.7705 -0.2754 0.5749
vn -0.8057 -0.1875 0.5618
vn -0.4832 0.2209 0.8471
vn -0.8300 -0.1679 0.5318
vn -0.8186 -0.0531 0.5719
vn -0.7458 -0.0499 0.6642
vn -0.8184 0.0930 0.5670
vn -0.8373 0.1699 0.5197
vn -0.6939 0.2780 0.6642
vn -0.7449 0.3459 0.5705
vn -0.7882 0.3157 0.5282
vn -0.5029 0.5551 0.6625
vn -0.7950 0.2219 0.5645
vn -0.4318 -0.0039 0.9019
vn -0.7132 0.4518 0.5358
vn -0.6696 0.4644 0.5796
vn -0.5318 -0.0133 0.8467
vn -0.3319 0.0000 0.9433
vn -0.3286 -0.0472 0.9433
vn -0.4308 -0.0619 0.9003
vn -0.6889 0.0187 0.7246
vn -0.6894 -0.0231 0.7240
vn -0.3568 0.7058 0.6119
vn -0.4242 0.6700 0.6091
vn -0.5264 -0.0755 0.8469
vn -0.4543 0.6828 0.5722
vn -0.5558 0.5672 0.6077
vn -0.4786 0.6533 0.5867
vn -0.2167 0.7190 0.6603
vn 0.0328 0.7299 0.6827
vn -0.5464 0.7617 0.3482
vn -0.5234 0.7290 0.4411
vn -0.8040 0.2414 0.5433
vn -0.4078 0.7212 0.5599
vn -0.6349 0.0894 0.7674
vn -0.8354 -0.0139 0.5495
vn -0.9615 0.2635 0.0775
vn -0.9882 0.1209 0.0938
vn -0.1917 -0.7035 0.6843
vn -0.4255 -0.6148 0.6640
vn -0.5864 -0.5561 0.5890
vn -0.5690 -0.5923 0.5704
vn -0.7148 -0.5083 0.4802
vn -0.5848 -0.5420 0.6034
vn -0.6991 -0.5789 0.4196
vn -0.6576 0.2015 0.7259
vn -0.6543 0.2176 0.7243
vn -0.8626 0.2497 0.4399
vn -0.6387 0.2626 0.7232
vn -0.8346 0.3436 0.4306
vn -0.6180 0.3062 0.7241
vn -0.7790 0.4558 0.4306
vn -0.9198 0.3766 0.1104
vn -0.8898 0.4424 0.1119
vn -0.8585 0.5005 0.1112
vn -0.9475 0.3045 0.0974
vn -0.5962 0.3486 0.7232
vn -0.8186 0.5642 0.1076
vn -0.7084 0.5592 0.4306
vn -0.5698 0.3888 0.7239
vn -0.7823 0.6141 0.1042
vn -0.6887 0.7166 0.1105
vn -0.5106 0.4641 0.7238
vn -0.5423 0.4278 0.7231
vn -0.6242 0.6519 0.4306
vn -0.6342 0.7651 0.1109
vn -0.5976 0.7963 -0.0937
vn -0.6222 0.7756 -0.1060
vn -0.6799 0.7282 -0.0857
vn -0.5846 0.7127 -0.3876
vn -0.7069 0.6778 -0.2020
vn -0.7510 0.6589 -0.0430
vn -0.7653 0.6401 -0.0680
vn -0.6757 0.6637 -0.3209
vn -0.7175 0.5845 -0.3790
vn -0.4496 0.5260 -0.7219
vn -0.3965 0.5656 -0.7230
vn -0.1695 0.3503 -0.9212
vn -0.1963 0.3373 -0.9207
vn -0.4995 0.4806 -0.7208
vn -0.0402 0.2119 -0.9764
vn -0.1432 0.3607 -0.9216
vn -0.0290 0.2052 -0.9783
vn -0.0345 0.2144 -0.9761
vn 0.4729 -0.4697 -0.7455
vn 0.6336 -0.7628 -0.1289
vn 0.5111 -0.3942 -0.7638
vn 0.5799 -0.8046 -0.1278
vn 0.3922 -0.4979 -0.7735
vn 0.3437 -0.5610 -0.7531
vn 0.5137 -0.8476 -0.1329
vn -0.0283 0.2157 -0.9760
vn -0.0240 0.2056 -0.9783
vn -0.1172 0.3686 -0.9221
vn -0.0194 0.2055 -0.9784
vn -0.0220 0.2157 -0.9762
vn -0.0919 0.3752 -0.9224
vn -0.0155 0.2062 -0.9784
vn 0.2550 -0.5724 -0.7793
vn -0.0160 0.2148 -0.9765
vn -0.0119 0.2072 -0.9782
vn 0.1891 -0.6238 -0.7583
vn -0.0669 0.3805 -0.9223
vn -0.0106 0.2135 -0.9769
vn 0.0979 -0.6119 -0.7848
vn 0.2505 -0.9601 -0.1245
vn 0.1850 -0.9745 -0.1268
vn 0.1578 -0.8545 -0.4949
vn 0.2806 -0.8224 -0.4949
vn 0.3176 -0.9394 -0.1289
vn 0.4542 -0.8821 -0.1249
vn 0.3973 -0.7728 -0.4949
vn 0.5056 -0.7067 -0.4949
vn 0.2327 -0.4526 -0.8608
vn 0.1643 -0.4817 -0.8608
vn 0.0441 -0.1292 -0.9906
vn 0.0624 -0.1214 -0.9906
vn 0.2961 -0.4139 -0.8608
vn -0.0330 0.0870 -0.9956
vn -0.0186 0.0912 -0.9956
vn 0.0248 -0.1342 -0.9906
vn -0.0748 0.3666 -0.9274
vn -0.0150 0.3738 -0.9274
vn -0.0037 0.0930 -0.9956
vn 0.0050 -0.1364 -0.9906
vn 0.0112 0.0923 -0.9956
vn 0.0451 0.3714 -0.9274
vn 0.1041 0.3593 -0.9274
vn 0.0846 0.6970 -0.7121
vn 0.1953 0.6743 -0.7121
vn 0.3010 0.6343 -0.7121
vn 0.1604 0.3380 -0.9274
vn 0.0259 0.0894 -0.9956
vn -0.0149 -0.1357 -0.9906
vn -0.0345 -0.1321 -0.9906
vn 0.0399 0.0840 -0.9956
vn -0.0534 -0.1256 -0.9906
vn 0.2125 0.3079 -0.9274
vn 0.0529 0.0766 -0.9956
vn -0.0711 -0.1165 -0.9906
vn 0.0645 0.0671 -0.9956
vn 0.2592 0.2698 -0.9274
vn 0.2991 0.2247 -0.9274
vn 0.5612 0.4217 -0.7121
vn 0.4863 0.5063 -0.7121
vn 0.3988 0.5777 -0.7121
vn 0.6389 0.6652 -0.3863
vn 0.7374 0.5541 -0.3863
vn 0.8627 0.4817 -0.1538
vn 0.8059 0.5747 -0.1419
vn 0.8167 0.4286 -0.3862
vn 0.7474 0.6622 -0.0532
vn 0.8470 0.3948 -0.3559
vn 0.7215 0.5907 -0.3612
vn 0.3654 0.1760 -0.9141
vn 0.6825 0.6996 -0.2111
vn 0.5903 0.7339 -0.3360
vn 0.3171 0.2528 -0.9141
vn 0.1759 -0.3654 -0.9141
vn 0.3954 0.0902 -0.9141
vn 0.5903 -0.7339 -0.3360
vn 0.2529 -0.3171 -0.9140
vn 0.4009 -0.8342 -0.3786
vn 0.0902 -0.3954 -0.9141
vn 0.0000 0.4056 -0.9141
vn 0.0902 0.3954 -0.9141
vn 0.1759 0.3654 -0.9141
vn 0.2528 0.3171 -0.9141
vn 0.4056 0.0000 -0.9141
vn 0.3954 -0.0902 -0.9141
vn 0.7213 -0.5909 -0.3612
vn 0.3171 -0.2528 -0.9141
vn 0.8471 -0.3945 -0.3560
vn 0.3654 -0.1759 -0.9141
vn 0.8636 -0.4809 -0.1515
vn 0.9167 -0.2138 -0.3376
vn 0.9190 -0.3915 -0.0467
vn 0.9250 -0.3145 -0.2132
vn 0.8749 -0.2921 -0.3862
vn 0.8167 -0.4286 -0.3862
vn 0.6659 -0.2223 -0.7121
vn 0.6216 -0.3262 -0.7121
vn 0.7374 -0.5541 -0.3862
vn 0.8055 -0.5758 -0.1399
vn 0.7474 -0.6622 -0.0533
vn 0.6389 -0.6652 -0.3862
vn 0.6825 -0.6996 -0.2111
vn 0.6323 -0.7744 -0.0238
vn 0.5240 -0.7591 -0.3862
vn 0.4863 -0.5063 -0.7121
vn 0.5612 -0.4217 -0.7121
vn 0.3312 -0.1738 -0.9274
vn 0.2991 -0.2247 -0.9274
vn 0.0824 -0.0432 -0.9956
vn 0.2592 -0.2698 -0.9274
vn 0.0744 -0.0559 -0.9956
vn 0.0645 -0.0671 -0.9956
vn -0.1138 0.0753 -0.9906
vn -0.1017 0.0911 -0.9906
vn -0.1236 0.0579 -0.9906
vn -0.4245 0.2808 -0.8608
vn -0.4608 0.2160 -0.8608
vn -0.8321 0.2503 -0.4949
vn -0.4874 0.1466 -0.8608
vn -0.7868 0.3688 -0.4949
vn -0.8597 0.1265 -0.4949
vn -0.5035 0.0741 -0.8608
vn -0.1307 0.0393 -0.9906
vn -0.1350 0.0199 -0.9906
vn 0.0883 -0.0295 -0.9956
vn 0.0918 -0.0149 -0.9956
vn 0.3548 -0.1184 -0.9274
vn 0.3693 -0.0600 -0.9274
vn 0.3741 0.0000 -0.9274
vn 0.0931 0.0000 -0.9956
vn 0.6930 -0.1126 -0.7121
vn 0.7020 0.0000 -0.7121
vn 0.9104 -0.1480 -0.3863
vn 0.9643 -0.1263 -0.2328
vn 0.9224 0.0000 -0.3863
vn 0.9706 -0.2392 -0.0256
vn 0.9946 -0.0074 -0.1035
vn 0.6930 0.1126 -0.7121
vn 0.9104 0.1480 -0.3862
vn 0.9717 0.1399 -0.1901
vn 0.9706 0.2392 -0.0256
vn 0.8749 0.2921 -0.3863
vn 0.6659 0.2223 -0.7121
vn 0.9258 -0.0080 -0.3778
vn 0.9163 0.2151 -0.3377
vn 0.9250 0.3145 -0.2132
vn 0.9190 0.3915 -0.0467
vn 0.6216 0.3262 -0.7121
vn 0.3549 0.1185 -0.9274
vn 0.3312 0.1739 -0.9274
vn 0.0744 0.0559 -0.9956
vn 0.0824 0.0432 -0.9956
vn -0.1138 -0.0753 -0.9906
vn -0.1236 -0.0579 -0.9906
vn 0.0883 0.0295 -0.9956
vn -0.4245 -0.2808 -0.8608
vn -0.4608 -0.2160 -0.8608
vn -0.1307 -0.0393 -0.9906
vn 0.0918 0.0149 -0.9956
vn -0.4874 -0.1466 -0.8608
vn -0.1350 -0.0199 -0.9906
vn -0.5035 -0.0741 -0.8608
vn -0.1365 0.0000 -0.9906
vn -0.5089 0.0000 -0.8608
vn -0.8597 -0.1265 -0.4949
vn -0.8690 0.0000 -0.4948
vn -0.9907 0.0000 -0.1358
vn -0.9844 -0.1676 -0.0537
vn -0.7152 -0.6477 -0.2627
vn -0.6800 -0.6055 -0.4135
vn -0.9727 -0.1989 -0.1196
vn -0.7188 -0.5005 -0.4825
vn -0.6874 -0.4392 -0.5784
vn 0.7671 -0.3201 -0.5559
vn -0.7434 -0.3006 -0.5975
vn -0.7459 -0.0819 -0.6609
vn -0.7054 0.0386 -0.7077
vn 0.7691 0.0020 -0.6391
vn 0.7690 0.3175 -0.5547
vn -0.6948 0.2889 -0.6586
vn 0.7702 0.0000 0.6377
vn 0.7401 -0.2634 0.6188
vn -0.7483 0.1567 -0.6445
vn 0.6664 -0.3527 0.6569
vn 0.7130 -0.3456 0.6101
vn 0.6532 0.0000 0.7571
vn 0.6693 0.6384 -0.3800
vn 0.6716 -0.6413 0.3711
vn 0.6745 0.7382 -0.0044
vn 0.6644 0.3629 0.6534
vn 0.6703 -0.0043 -0.7421
vn 0.6659 0.3837 -0.6398
vn 0.7820 0.3262 -0.5311
vn 0.7940 0.5701 -0.2110
vn 0.7223 0.5921 -0.3574
vn 0.7958 0.4262 -0.4301
vn 0.9887 -0.0971 0.1138
vn 0.7154 0.2345 -0.6581
vn 0.9861 -0.1501 -0.0715
vn 0.9804 -0.1626 0.1108
vn 0.9796 -0.2006 0.0044
vn 0.9865 -0.1623 0.0214
vn 0.9870 -0.1571 0.0336
vn 0.8903 -0.1481 0.4306
vn 0.9033 -0.0294 0.4280
vn 0.9889 -0.1433 0.0390
vn 0.9888 -0.1364 0.0609
vn 0.9917 -0.1150 0.0565
vn 0.8047 0.5730 0.1552
vn 0.7850 0.6188 -0.0307
vn 0.9927 -0.0266 0.1171
vn 0.4791 0.7277 0.4908
vn 0.6820 0.0128 0.7312
vn 0.5786 0.7325 0.3585
vn 0.9928 0.0389 0.1135
vn 0.6894 -0.0231 0.7240
vn 0.5320 -0.0117 0.8466
vn 0.3654 0.7290 0.5788
vn 0.5264 -0.0755 0.8469
vn 0.4321 -0.0037 0.9018
vn 0.3905 0.6948 0.6038
vn 0.3873 0.7072 0.5914
vn 0.4687 0.6529 0.5950
vn 0.5646 0.5891 0.5781
vn 0.5889 0.5847 0.5580
vn -0.0350 0.7283 0.6843
vn 0.6415 0.0748 0.7635
vn 0.2147 0.7162 0.6640
vn 0.7985 0.1049 0.5928
vn 0.9887 0.1197 0.0899
vn 0.5041 0.5517 0.6644
vn 0.7951 0.1380 0.5905
vn 0.7124 -0.3849 -0.5868
vn 0.8295 -0.3894 -0.4003
vn 0.9616 0.2666 0.0648
vn 0.6678 -0.3785 -0.6409
vn 0.7559 -0.4878 -0.4366
vn 0.6558 -0.6405 -0.3995
vn 0.8002 -0.5367 -0.2675
vn 0.8008 -0.5852 -0.1274
vn 0.6733 -0.7394 -0.0008
vn 0.7944 -0.6064 0.0332
vn 0.8097 -0.5451 0.2173
vn 0.9900 0.1274 0.0607
vn 0.7121 -0.6015 0.3621
vn 0.7704 -0.4740 0.4263
vn 0.9926 0.0930 0.0779
vn 0.9649 0.1620 0.2064
vn 0.9565 0.2477 0.1540
vn 0.9864 0.1476 0.0719
vn 0.9492 0.2995 0.0957
vn 0.9807 0.1940 0.0219
vn 0.9546 0.2888 -0.0726
vn 0.9557 0.2921 -0.0362
vn 0.8919 0.4122 -0.1859
vn 0.8686 0.2617 0.4206
vn 0.8346 0.3436 0.4306
vn 0.9187 0.3789 0.1114
vn 0.9864 0.1566 0.0496
vn 0.9841 0.1725 0.0417
vn 0.6387 0.2626 0.7232
vn 0.6180 0.3062 0.7241
vn 0.8905 0.4413 0.1105
vn 0.5962 0.3486 0.7232
vn 0.7790 0.4558 0.4306
vn 0.8210 0.5604 0.1089
vn 0.7084 0.5592 0.4306
vn 0.8577 0.5023 0.1098
vn 0.5698 0.3888 0.7239
vn 0.5423 0.4278 0.7231
vn 0.8421 0.5315 -0.0910
vn 0.8105 0.5848 -0.0322
vn 0.7312 0.5975 -0.3291
vn 0.7579 0.5308 -0.3793
vn 0.8065 0.5905 -0.0296
vn 0.5303 0.4475 -0.7201
vn 0.8387 0.4395 -0.3215
vn 0.5732 0.3927 -0.7192
vn 0.2647 0.2853 -0.9211
vn 0.2400 0.3070 -0.9209
vn 0.4830 0.4967 -0.7211
vn 0.2148 0.3258 -0.9207
vn 0.0526 0.2073 -0.9769
vn 0.0463 0.1998 -0.9787
vn 0.0599 0.2036 -0.9772
vn -0.6474 -0.1694 -0.7430
vn 0.0521 0.1969 -0.9790
vn 0.0660 0.1985 -0.9779
vn -0.6887 -0.1233 -0.7145
vn 0.2892 0.2604 -0.9211
vn 0.0594 0.1939 -0.9792
vn 0.6109 0.3326 -0.7184
vn 0.0711 0.1921 -0.9788
vn 0.0675 0.1905 -0.9793
vn 0.3119 0.2316 -0.9214
vn 0.0721 0.1870 -0.9797
vn 0.0774 0.1825 -0.9801
vn 0.6427 0.2676 -0.7179
vn 0.3284 0.2005 -0.9230
vn 0.6624 0.2130 -0.7182
vn 0.8802 0.3402 -0.3308
vn 0.8860 0.2708 -0.3762
vn 0.9539 0.2972 -0.0402
vn 0.9674 0.2443 -0.0658
vn 0.9437 0.2763 -0.1816
vn 0.8900 0.1906 -0.4142
vn 0.9480 0.2137 -0.2357
vn 0.9337 0.1800 -0.3094
vn 0.8545 0.2585 -0.4505
vn 0.9396 0.3381 0.0536
vn 0.8879 0.3187 -0.3317
vn 0.9657 0.2537 -0.0555
vn 0.8255 0.4198 -0.3773
vn 0.9334 0.2700 -0.2362
vn 0.8339 0.5299 -0.1543
vn 0.7695 0.2720 -0.5777
vn 0.8309 0.2412 -0.5013
vn 0.6697 0.3789 -0.6387
vn 0.6875 0.3607 -0.6302
vn 0.6985 0.1964 -0.6881
vn 0.7927 0.1982 -0.5765
vn 0.8612 0.4026 -0.3102
vn 0.7991 0.1503 -0.5821
vn 0.7367 -0.6706 -0.0869
vn 0.9199 0.2436 -0.3074
vn 0.9697 0.2442 -0.0061
vn 0.9683 0.2498 -0.0006
vn 0.7674 -0.5558 -0.3195
vn 0.9659 0.2569 0.0323
vn 0.4888 -0.6934 -0.5293
vn -0.6843 -0.7251 -0.0763
vn 0.9679 0.2514 0.0034
vn 0.9010 0.2253 -0.3706
vn 0.7572 0.3834 -0.5288
vn 0.8869 0.1741 -0.4279
vn 0.8772 0.0550 -0.4769
vn 0.8800 0.1258 -0.4580
vn 0.7060 -0.5999 -0.3764
vn 0.9114 0.3125 -0.2676
vn 0.9232 0.3447 0.1695
vn 0.9608 0.2768 -0.0101
vn 0.9745 0.2239 0.0156
vn 0.9497 0.3010 0.0862
vn 0.9741 0.2215 0.0454
vn 0.9777 0.2101 -0.0018
vn 0.9779 0.1815 0.1036
vn 0.9658 0.2352 0.1090
vn 0.9846 0.1162 0.1303
vn 0.9709 0.1707 0.1679
vn 0.9764 0.0903 0.1960
vn 0.9957 0.0449 0.0808
vn 0.9934 0.0128 0.1141
vn 0.7317 -0.3925 0.5573
vn 0.6267 -0.3726 0.6843
vn 0.9859 0.1540 -0.0648
vn 0.9570 0.2676 -0.1121
vn 0.6385 0.1108 -0.7616
vn 0.7249 0.1379 -0.6749
vn 0.5594 -0.6575 -0.5047
vn 0.5465 -0.6527 -0.5247
vn 0.7009 0.1493 -0.6974
vn 0.4748 -0.6048 -0.6394
vn 0.3534 -0.6395 -0.6827
vn 0.0619 -0.6232 -0.7796
vn 0.2481 -0.6023 -0.7587
vn 0.0737 0.1778 -0.9813
vn -0.5285 -0.5579 -0.6399
vn -0.7091 0.0283 -0.7045
vn -0.6813 -0.0258 -0.7315
vn -0.9489 -0.2881 -0.1290
vn -0.8321 -0.2503 -0.4949
vn -0.9265 -0.3539 -0.1278
vn -0.7868 -0.3688 -0.4948
vn -0.8983 -0.4199 -0.1296
vn -0.8269 -0.5477 -0.1271
vn -0.7247 -0.4794 -0.4949
vn -0.7860 -0.6038 -0.1325
vn -0.6322 -0.2687 -0.7267
vn -0.5810 -0.3022 -0.7557
vn 0.0411 0.2023 -0.9785
vn 0.0448 0.2092 -0.9768
vn 0.0368 0.2049 -0.9781
vn 0.1891 0.3423 -0.9203
vn 0.3779 0.5778 -0.7234
vn 0.1612 0.3556 -0.9206
vn 0.0372 0.2094 -0.9771
vn 0.4319 0.5401 -0.7223
vn 0.5650 0.7526 -0.3383
vn 0.4852 0.7885 -0.3779
vn 0.3214 0.6097 -0.7245
vn 0.5303 0.8415 -0.1029
vn 0.6034 0.7930 -0.0838
vn 0.4830 0.8741 -0.0515
vn 0.4189 0.8457 -0.3304
vn 0.4748 0.8796 -0.0268
vn 0.2632 0.6358 -0.7256
vn 0.3050 0.8891 -0.3413
vn 0.3956 0.9119 -0.1087
vn 0.1076 0.3715 -0.9221
vn 0.2036 0.6563 -0.7265
vn 0.1338 0.3649 -0.9214
vn 0.0819 0.3762 -0.9229
vn 0.2311 0.8962 -0.3787
vn 0.1430 0.6714 -0.7271
vn 0.1376 0.9334 -0.3314
vn 0.0818 0.6811 -0.7276
vn 0.0570 0.3795 -0.9234
vn 0.0327 0.3819 -0.9236
vn 0.0203 0.6854 -0.7278
vn 0.0195 0.9031 -0.4290
vn 0.0085 0.3838 -0.9234
vn 0.0042 0.2168 -0.9762
vn 0.0052 0.2052 -0.9787
vn 0.0094 0.2174 -0.9760
vn -0.2172 -0.5835 -0.7825
vn 0.0087 0.2053 -0.9786
vn 0.0146 0.2172 -0.9760
vn 0.0125 0.2060 -0.9785
vn -0.2864 -0.5885 -0.7561
vn -0.3219 -0.9375 -0.1322
vn -0.3856 -0.9140 -0.1261
vn -0.3619 -0.5182 -0.7749
vn 0.0196 0.2158 -0.9762
vn 0.0168 0.2071 -0.9782
vn 0.0257 0.2149 -0.9763
vn 0.0219 0.2085 -0.9778
vn -0.4294 -0.5072 -0.7472
vn 0.0288 0.2114 -0.9770
vn -0.4840 -0.4218 -0.7667
vn -0.4566 -0.8799 -0.1315
vn -0.5169 -0.8470 -0.1239
vn 0.0279 0.2089 -0.9775
vn 0.0327 0.2094 -0.9773
vn -0.5441 -0.3975 -0.7388
vn -0.6890 -0.7130 -0.1299
vn -0.6334 -0.7628 -0.1296
vn -0.5558 -0.6679 -0.4949
vn -0.3255 -0.3912 -0.8608
vn -0.4527 -0.7417 -0.4949
vn -0.6472 -0.5799 -0.4948
vn -0.3790 -0.3396 -0.8608
vn -0.7367 -0.6639 -0.1282
vn -0.1017 -0.0911 -0.9906
vn -0.0873 -0.1049 -0.9906
vn -0.2651 -0.4344 -0.8608
vn -0.1990 -0.4684 -0.8608
vn -0.3399 -0.7997 -0.4948
vn -0.2198 -0.8407 -0.4949
vn -0.1287 -0.4924 -0.8608
vn -0.0950 -0.8638 -0.4948
vn -0.1087 -0.9868 -0.1204
vn -0.2465 -0.9607 -0.1276
vn -0.1376 -0.6373 -0.7582
vn -0.0413 -0.9908 -0.1283
vn -0.0597 -0.6189 -0.7832
vn 0.0378 -0.9915 -0.1244
vn 0.0317 -0.8684 -0.4948
vn 0.0335 -0.6476 -0.7612
vn 0.1056 -0.9854 -0.1335
vn -0.0046 0.2126 -0.9771
vn -0.0013 0.2074 -0.9782
vn -0.0075 0.2109 -0.9775
vn -0.0414 0.3845 -0.9222
vn -0.1637 0.6668 -0.7270
vn -0.1027 0.6783 -0.7275
vn -0.0158 0.3848 -0.9228
vn -0.0413 0.6845 -0.7278
vn -0.0005 0.2150 -0.9766
vn 0.0020 0.2060 -0.9785
vn -0.0876 0.9069 -0.4120
vn -0.1484 0.9225 -0.3563
vn -0.1443 0.9879 -0.0571
vn -0.2420 0.9577 -0.1556
vn -0.2501 0.9145 -0.3181
vn -0.2841 0.9583 -0.0291
vn -0.2058 0.9723 0.1105
vn -0.2726 0.9558 0.1099
vn -0.2990 0.9540 -0.0220
vn -0.3736 0.9230 -0.0919
vn -0.3304 0.9381 0.1037
vn -0.4453 0.8925 -0.0709
vn -0.3568 0.8568 -0.3722
vn -0.2240 0.6500 -0.7262
vn -0.4245 0.8375 -0.3440
vn -0.4487 0.8925 -0.0448
vn -0.4658 0.8791 0.1005
vn -0.5177 0.8511 0.0869
vn -0.4561 0.8892 -0.0341
vn -0.5870 0.8027 0.1047
vn -0.5272 0.8351 -0.1568
vn -0.5828 0.8120 -0.0307
vn -0.5206 0.7930 -0.3165
vn -0.3409 0.5994 -0.7242
vn -0.2832 0.6275 -0.7252
vn -0.2954 0.7800 0.5517
vn 0.2610 0.8901 0.3736
vn -0.5371 0.7249 0.4313
vn -0.4106 0.5541 0.7241
vn -0.3861 0.5702 0.7251
vn 0.1801 0.8860 0.4271
vn 0.6051 0.4159 0.6789
vn 0.3535 0.7501 0.5589
vn 0.3396 0.7076 0.6196
vn 0.2931 0.7370 0.6090
vn 0.4139 0.6297 0.6573
vn 0.2888 0.7697 0.5692
vn 0.1388 0.7936 0.5924
vn 0.0347 0.7538 0.6561
vn -0.3444 0.6740 0.6535
vn -0.2951 0.5745 0.7634
vn -0.6303 0.4161 0.6554
vn -0.5051 0.6800 0.5314
vn -0.6884 -0.2479 0.6816
vn -0.7508 0.0389 0.6593
vn -0.7871 0.1577 0.5963
vn -0.7606 0.2464 0.6005
vn -0.6731 0.4630 0.5767
vn -0.7304 0.3523 0.5851
vn -0.7347 0.3848 0.5587
vn -0.6242 0.5384 0.5661
vn -0.1427 0.5121 0.8470
vn -0.1892 0.6639 0.7235
vn -0.2109 0.6537 0.7267
vn -0.1429 0.6759 0.7230
vn -0.0755 0.5256 0.8473
vn -0.7804 0.1511 0.6067
vn -0.8116 0.1157 0.5726
vn -0.8434 0.2228 0.4888
vn -0.8853 0.2370 0.4000
vn -0.2800 0.8590 0.4284
vn -0.1866 0.8830 0.4306
vn -0.0955 0.6837 0.7234
vn -0.0626 0.9004 0.4306
vn -0.1364 0.9845 0.1100
vn -0.4090 0.8455 0.3432
vn -0.4146 0.6095 0.6757
vn -0.5698 0.7352 0.3672
vn -0.7092 0.6517 0.2690
vn -0.1821 0.8549 0.4858
vn -0.0728 0.9910 0.1118
vn -0.0918 0.7180 0.6899
vn -0.7496 0.6608 0.0364
vn -0.1475 0.9828 -0.1106
vn -0.6175 0.7736 0.1420
vn -0.6435 0.6660 0.3772
vn -0.7174 0.6945 0.0544
vn -0.7219 0.6887 -0.0670
vn -0.0646 0.6887 0.7222
vn -0.3891 0.6272 0.6747
vn -0.7385 0.6719 -0.0555
vn -0.0958 0.6789 -0.7280
vn -0.6196 0.7690 -0.1570
vn -0.6457 0.6680 -0.3698
vn -0.1200 0.9876 -0.1012
vn -0.6877 0.6479 -0.3276
vn -0.0859 0.9919 -0.0927
vn -0.5101 0.7492 -0.4224
vn -0.4946 0.6966 -0.5197
vn -0.4610 0.6844 -0.5649
vn -0.3536 0.5525 -0.7547
vn -0.3638 0.6559 -0.6613
vn -0.0842 0.5676 -0.8190
vn -0.1282 0.7802 -0.6122
vn 0.0000 0.6110 -0.7916
vn 0.0666 0.6889 -0.7218
vn 0.0884 0.5739 -0.8141
vn 0.1956 0.6738 -0.7126
vn 0.3867 0.5454 -0.7436
vn 0.3774 0.6505 -0.6590
vn 0.4297 0.7372 -0.5214
vn 0.1231 0.9904 -0.0619
vn 0.5108 0.7531 -0.4144
vn 0.7058 0.6356 -0.3128
vn 0.6208 0.7700 -0.1473
vn 0.1632 0.9863 -0.0215
vn 0.1371 0.9844 0.1103
vn 0.1622 0.9864 -0.0237
vn 0.7446 0.6653 0.0540
vn 0.7469 0.6633 -0.0460
vn 0.7219 0.6887 0.0670
vn 0.6100 0.7752 0.1640
vn 0.6596 0.6487 0.3796
vn 0.7196 0.6918 -0.0597
vn 0.0475 0.6948 0.7176
vn 0.6993 0.6177 0.3598
vn 0.4523 0.8061 0.3816
vn 0.4297 0.7522 0.4995
vn 0.3703 0.6612 0.6524
vn 0.3212 0.6610 0.6781
vn 0.1599 0.8780 0.4511
vn 0.0722 0.9910 0.1129
vn 0.0671 0.7145 0.6964
vn 0.0000 0.9999 0.0114
vn 0.0626 0.9004 0.4306
vn 0.2040 0.9725 0.1119
vn 0.1866 0.8830 0.4306
vn 0.0479 0.6892 0.7230
vn 0.0000 0.6904 0.7234
vn 0.2416 0.9658 -0.0941
vn 0.2755 0.9550 0.1100
vn 0.3193 0.9439 -0.0840
vn 0.2836 0.8588 0.4265
vn 0.3283 0.9388 0.1035
vn 0.3141 0.9473 -0.0632
vn 0.3216 0.9461 -0.0371
vn 0.8951 0.3135 0.3170
vn 0.4434 0.6999 0.5599
vn 0.4718 0.8765 0.0960
vn 0.3067 0.5669 0.7645
vn 0.5222 0.8469 0.1000
vn 0.1859 0.7255 0.6626
vn -0.6098 0.3997 0.6843
vn 0.2667 0.8184 0.5089
vn 0.5886 0.8016 0.1047
vn 0.5390 0.7227 0.4327
vn -0.3162 0.8489 0.4235
vn 0.4109 0.5535 0.7244
vn 0.6242 0.6519 0.4306
vn 0.3860 0.5687 0.7263
vn 0.6341 0.7653 0.1104
vn 0.6874 0.7175 0.1126
vn 0.7808 0.6149 0.1104
vn 0.4415 0.5304 0.7237
vn 0.4779 0.4988 0.7231
vn 0.7141 0.6975 -0.0586
vn 0.6612 0.7423 -0.1089
vn 0.6394 0.6770 -0.3646
vn 0.6120 0.7902 -0.0314
vn 0.7494 0.6532 -0.1084
vn 0.5106 0.4641 0.7238
vn -0.2648 0.8343 0.4835
vn -0.3793 0.7231 0.5772
vn -0.3086 0.7302 0.6095
vn -0.3513 0.7300 0.5862
vn -0.4532 0.5947 0.6640
vn -0.2593 0.7641 0.5907
vn -0.1500 0.7321 0.6644
vn 0.3439 0.7432 0.5739
vn 0.4564 0.6729 0.5821
vn 0.6840 -0.2567 0.6827
vn 0.4823 0.5762 0.6598
vn 0.5264 0.6569 0.5398
vn 0.8168 0.1509 0.5569
vn 0.7801 0.1197 0.6141
vn 0.8616 0.2627 0.4343
vn 0.7508 -0.0161 0.6603
vn 0.6841 0.3117 0.6594
vn 0.7659 0.1986 0.6115
vn 0.7874 0.2230 0.5747
vn 0.7667 0.2552 0.5890
vn 0.1422 0.5128 0.8466
vn 0.7087 0.3548 0.6098
vn 0.6474 0.4936 0.5807
vn 0.6358 0.5457 0.5459
vn 0.6340 0.5376 0.5559
vn 0.5548 0.5989 0.5775
vn 0.0755 0.5256 0.8473
vn 0.0619 0.4308 0.9003
vn 0.1429 0.6759 0.7230
vn 0.2141 0.6538 0.7257
vn 0.1892 0.6639 0.7235
vn 0.0955 0.6837 0.7234
vn 0.0000 0.4352 0.9003
vn 0.0000 0.5310 0.8473
vn -0.0619 0.4308 0.9003
vn -0.0479 0.6892 0.7230
vn 0.6580 0.6571 -0.3677
vn -0.4415 0.5304 0.7237
vn -0.4779 0.4988 0.7231
vn 0.0186 -0.5086 -0.8608
vn -0.0556 -0.5059 -0.8608
vn 0.0924 -0.5005 -0.8608
vn 0.8995 0.4351 -0.0401
vn 0.8932 0.4489 -0.0253
vn 0.5052 0.1685 0.8464
vn 0.6543 0.2176 0.7243
vn 0.6561 0.1983 0.7282
vn 0.5588 -0.5601 0.6115
vn 0.6001 -0.5762 0.5548
vn 0.7176 -0.5386 0.4415
vn 0.1944 -0.7043 0.6827
vn 0.7895 -0.5389 0.2936
vn 0.4282 -0.6169 0.6603
vn 0.6569 -0.4767 0.5841
vn 0.6498 -0.3725 0.6625
vn 0.6428 -0.5122 0.5695
vn 0.6104 -0.5091 0.6067
vn 0.7038 -0.3703 0.6062
vn 0.6962 0.2763 0.6625
vn 0.8168 -0.0990 0.5683
vn 0.7473 -0.0477 0.6627
vn 0.8184 -0.2099 0.5349
vn 0.7806 -0.2345 0.5794
vn 0.4119 0.1259 0.9025
vn 0.4183 0.0597 0.9063
vn 0.7964 0.1758 0.5786
vn 0.8192 0.0305 0.5727
vn 0.8474 -0.0582 0.5278
vn 0.3185 0.0935 0.9433
vn 0.8127 0.2579 0.5225
vn 0.8105 0.2487 0.5303
vn 0.3286 0.0472 0.9433
vn 0.3319 0.0000 0.9433
vn 0.2222 0.0320 0.9745
vn 0.2154 0.0632 0.9745
vn 0.1131 0.0162 0.9934
vn 0.2245 0.0000 0.9745
vn 0.1143 0.0000 0.9934
vn 0.2222 -0.0320 0.9745
vn 0.3286 -0.0472 0.9433
vn 0.3185 -0.0935 0.9433
vn 0.1131 -0.0162 0.9934
vn 0.3910 -0.1695 0.9046
vn 0.4165 -0.1199 0.9012
vn 0.5106 -0.1408 0.8482
vn 0.4822 -0.1525 0.8627
vn 0.4308 -0.0619 0.9003
vn 0.4530 -0.1572 0.8775
vn 0.4208 -0.1705 0.8910
vn 0.4506 -0.1061 0.8864
vn 0.4170 -0.1796 0.8910
vn 0.3795 -0.1102 0.9186
vn 0.3378 -0.0321 0.9406
vn 0.3771 -0.0257 0.9258
vn 0.3763 -0.1747 0.9099
vn 0.3481 -0.1731 0.9213
vn 0.4103 -0.0240 0.9116
vn 0.4005 -0.6330 0.6626
vn 0.4170 -0.0336 0.9083
vn 0.2957 -0.7018 0.6480
vn 0.3235 -0.6783 0.6597
vn 0.5415 -0.5408 0.6436
vn 0.3741 -0.6551 0.6564
vn 0.5998 -0.5257 0.6031
vn 0.2948 -0.0415 0.9546
vn 0.6599 -0.4016 0.6350
vn 0.6546 -0.3747 0.6565
vn 0.7133 -0.3699 0.5953
vn 0.0923 0.7262 0.6812
vn 0.7556 -0.0000 0.6550
vn 0.7307 -0.2445 0.6374
vn 0.7648 -0.0947 0.6372
vn 0.2655 -0.0360 0.9634
vn 0.2729 0.0020 0.9620
vn 0.7650 0.0844 0.6384
vn 0.8077 -0.0077 0.5895
vn 0.7292 0.2457 0.6387
vn 0.6546 0.3750 0.6564
vn 0.7103 0.3776 0.5940
vn 0.3763 0.6520 0.6582
vn 0.6445 0.4095 0.6457
vn 0.5706 0.5509 0.6090
vn 0.2970 -0.0024 0.9549
vn 0.5048 0.5629 0.6544
vn 0.4385 -0.0320 0.8981
vn 0.3594 0.6645 0.6551
vn 0.3192 -0.0127 0.9476
vn 0.2903 0.7032 0.6490
vn 0.4778 -0.0426 0.8774
vn 0.5358 -0.0577 0.8423
vn 0.4142 -0.0139 0.9100
vn 0.4118 -0.0246 0.9109
vn 0.5990 -0.0766 0.7971
vn 0.5574 -0.0652 0.8276
vn 0.7597 -0.0563 0.6478
vn 0.5514 -0.0601 0.8321
vn 0.8628 -0.0971 0.4960
vn 0.5423 -0.0531 0.8385
vn 0.7984 -0.1494 0.5832
vn 0.7932 -0.1955 0.5767
vn 0.6857 -0.1518 0.7118
vn 0.4928 -0.0775 0.8666
vn 0.4920 -0.0620 0.8684
vn 0.4376 -0.0336 0.8985
vn 0.4792 -0.1763 0.8598
vn 0.6510 -0.0689 0.7559
vn 0.8069 -0.0729 0.5861
vn 0.7518 -0.1221 0.6479
vn 0.7574 -0.1965 0.6226
vn 0.9166 -0.0204 0.3992
vn 0.8059 -0.0661 0.5883
vn 0.9398 -0.0657 0.3352
vn 0.8867 -0.1595 0.4340
vn 0.8711 -0.1228 0.4755
vn 0.8771 -0.1158 0.4661
vn 0.9730 -0.0201 0.2297
vn 0.9781 -0.0500 0.2018
vn 0.9929 -0.0780 0.0900
vn 0.9871 -0.1443 0.0693
vn 0.9939 -0.0279 0.1069
vn 0.9434 -0.1320 0.3041
vn 0.8739 -0.1141 0.4725
vn 0.9955 -0.0201 0.0925
vn 0.7149 -0.0304 0.6986
vn 0.6748 -0.1247 0.7274
vn 0.7115 -0.1316 0.6902
vn 0.9996 -0.0225 0.0140
vn 0.9805 -0.1855 0.0654
vn 0.9683 -0.2385 0.0743
vn 0.6785 -0.2274 0.6984
vn 0.9457 -0.3111 0.0939
vn 0.9310 -0.2137 0.2960
vn 0.9389 -0.2848 0.1934
vn 0.9385 -0.2861 0.1932
vn 0.8886 -0.2409 0.3904
vn 0.8092 -0.1803 0.5591
vn 0.8042 0.5637 0.1883
vn 0.7506 0.5791 0.3182
vn 0.6929 0.6109 0.3831
vn 0.6529 0.5923 0.4721
vn 0.5034 0.6513 0.5677
vn 0.4982 0.6116 0.6146
vn 0.3363 0.6852 0.6460
vn 0.8313 0.5528 0.0578
vn 0.9337 -0.3446 0.0971
vn 0.9415 -0.3368 0.0139
vn 0.9341 -0.3424 0.1007
vn 0.9396 -0.3276 -0.0989
vn 0.9150 -0.0240 0.4027
vn 0.9548 -0.2884 -0.0715
vn 0.9649 -0.2448 -0.0950
vn 0.9339 -0.2999 -0.1944
vn 0.9548 -0.2244 -0.1948
vn 0.9550 -0.2211 -0.1974
vn 0.8880 -0.2465 -0.3882
vn 0.8871 -0.2498 -0.3880
vn 0.9324 -0.3021 -0.1983
vn 0.9753 -0.0746 -0.2076
vn 0.9113 -0.1626 -0.3781
vn 0.9030 -0.0083 -0.4295
vn 0.9842 -0.1367 -0.1125
vn 0.9793 -0.1828 -0.0869
vn 0.9765 -0.0540 -0.2087
vn 0.9391 0.0841 -0.3330
vn 0.9901 -0.0962 -0.1027
vn 0.9934 -0.0664 -0.0937
vn 0.9958 -0.0295 -0.0871
vn 0.9942 0.0446 -0.0981
vn 0.9767 0.0958 -0.1921
vn 0.9747 0.0985 -0.2004
vn 0.9977 0.0417 -0.0525
vn 0.9639 0.1596 -0.2130
vn 0.9944 0.1054 0.0086
vn 0.6635 0.0648 -0.7454
vn 0.9983 0.0343 -0.0469
vn 0.7075 0.0048 -0.7067
vn 0.6864 0.0467 -0.7257
vn 0.1155 0.2643 -0.9575
vn 0.1234 0.2983 -0.9465
vn -0.3984 0.7316 -0.5531
vn 0.7457 0.0699 -0.6626
vn 0.2115 0.5059 -0.8362
vn 0.3874 0.2320 -0.8922
vn 0.4002 0.2252 -0.8883
vn 0.1185 0.2645 -0.9571
vn 0.5257 0.1895 -0.8293
vn 0.5312 0.1423 -0.8351
vn 0.6406 0.0920 -0.7623
vn 0.8389 0.3183 -0.4415
vn 0.7844 0.2944 -0.5459
vn 0.7997 0.2858 -0.5279
vn 0.8538 0.1695 -0.4922
vn 0.6297 0.3522 -0.6924
vn 0.6186 0.1927 -0.7617
vn 0.4548 0.4132 -0.7890
vn 0.4298 0.2570 -0.8655
vn 0.5578 0.0285 -0.8295
vn 0.7861 0.0880 -0.6118
vn 0.3849 0.0920 -0.9183
vn 0.5504 -0.0785 -0.8312
vn 0.5602 0.0255 -0.8280
vn 0.3725 0.0317 -0.9275
vn 0.4131 0.2448 -0.8772
vn 0.2037 0.1535 -0.9669
vn 0.2105 0.1588 -0.9646
vn 0.2672 0.2785 -0.9225
vn 0.0994 0.1799 -0.9786
vn 0.0946 0.1403 -0.9856
vn 0.1917 0.1044 -0.9759
vn -0.5212 0.5600 -0.6441
vn -0.1436 0.2466 -0.9584
vn -0.3284 0.7077 -0.6255
vn -0.3865 0.6528 -0.6515
vn 0.1295 0.3179 -0.9392
vn 0.5253 0.0352 -0.8501
vn 0.5711 0.1038 -0.8142
vn 0.5437 0.1789 -0.8200
vn -0.4765 0.6178 -0.6254
vn -0.5656 0.5930 -0.5730
vn -0.0540 0.4426 -0.8950
vn -0.0267 0.5446 -0.8383
vn -0.2892 0.8104 -0.5094
vn -0.2976 0.8378 -0.4577
vn 0.0200 0.6330 -0.7739
vn 0.5697 0.1804 -0.8018
vn -0.3096 0.8121 -0.4945
vn -0.2988 0.8510 -0.4318
vn -0.3216 0.9379 -0.1301
vn -0.1136 0.6418 -0.7584
vn -0.2640 0.8641 -0.4285
vn -0.2614 0.8788 -0.3991
vn -0.0658 0.7297 -0.6805
vn -0.2658 0.8853 -0.3815
vn -0.2502 0.9593 -0.1306
vn -0.2395 0.8950 -0.3764
vn -0.1965 0.9163 -0.3490
vn -0.2009 0.9157 -0.3480
vn -0.1082 0.9856 -0.1297
vn -0.2198 0.8407 -0.4948
vn -0.0950 0.8638 -0.4948
vn -0.0370 0.9907 -0.1307
vn -0.0549 0.9519 -0.3014
vn -0.1054 0.9529 -0.2842
vn -0.1620 0.9360 -0.3124
vn -0.1018 0.8205 -0.5625
vn -0.1266 0.7930 -0.5959
vn -0.0559 0.4892 -0.8704
vn -0.0935 0.7971 -0.5965
vn -0.1144 0.8247 -0.5538
vn -0.1108 0.8485 -0.5174
vn -0.0472 0.8562 -0.5145
vn -0.0414 0.5173 -0.8548
vn -0.0313 0.5170 -0.8554
vn 0.0054 0.1269 -0.9919
vn -0.0193 0.5300 -0.8477
vn -0.0042 0.5404 -0.8414
vn 0.0078 0.8881 -0.4595
vn 0.0017 0.8620 -0.5069
vn 0.0254 0.5220 -0.8525
vn 0.0279 0.5026 -0.8641
vn -0.0054 0.1269 -0.9919
vn 0.0506 0.4856 -0.8727
vn 0.0354 0.5155 -0.8561
vn -0.0215 0.1214 -0.9923
vn 0.0215 0.4945 -0.8689
vn -0.0215 0.4944 -0.8690
vn -0.0853 0.4816 -0.8722
vn -0.0424 0.1158 -0.9923
vn 0.0402 0.4737 -0.8798
vn -0.1504 0.8491 -0.5063
vn -0.0380 0.8636 -0.5028
vn -0.1679 0.4593 -0.8722
vn 0.0379 0.8635 -0.5029
vn 0.0423 0.9907 -0.1294
vn -0.0431 0.9905 -0.1301
vn -0.0062 0.9999 -0.0066
vn -0.0318 0.9995 -0.0004
vn -0.0045 1.0000 -0.0023
vn -0.1763 0.9749 -0.1357
vn -0.1376 0.9904 -0.0087
vn -0.0876 0.9961 -0.0113
vn -0.2545 0.9579 -0.1325
vn -0.1945 0.9800 -0.0415
vn -0.2962 0.8098 -0.5064
vn -0.3411 0.9307 -0.1316
vn -0.2497 0.9682 -0.0169
vn -0.2382 0.9709 -0.0243
vn -0.1310 0.9914 0.0009
vn -0.0943 0.9955 -0.0085
vn -0.0713 0.9962 -0.0502
vn -0.0168 0.9987 -0.0478
vn -0.1122 0.9933 -0.0288
vn -0.0394 0.9991 -0.0097
vn -0.0504 0.9943 -0.0940
vn -0.0110 0.9986 -0.0509
vn -0.0340 0.9726 -0.2298
vn -0.0075 0.9985 -0.0541
vn 0.0145 0.9998 -0.0079
vn 0.0071 0.9985 -0.0543
vn -0.0000 0.9985 -0.0548
vn 0.0107 0.9986 -0.0508
vn 0.0462 0.9979 -0.0455
vn 0.0132 0.9996 -0.0228
vn 0.1143 0.9934 -0.0098
vn 0.1613 0.9866 -0.0230
vn 0.0872 0.9957 -0.0295
vn 0.0506 0.9945 -0.0913
vn 0.0339 0.9726 -0.2298
vn 0.0773 0.9741 -0.2123
vn 0.1624 0.9771 -0.1371
vn 0.2878 0.9528 -0.0960
vn 0.2165 0.9257 -0.3102
vn 0.1656 0.9860 -0.0215
vn 0.1912 0.9815 -0.0039
vn 0.2561 0.9666 0.0105
vn 0.3309 0.9435 -0.0148
vn 0.3668 0.9301 -0.0164
vn 0.3219 0.9467 -0.0112
vn 0.2396 0.9708 -0.0108
vn 0.1923 0.9813 0.0023
vn 0.4567 0.8894 -0.0164
vn 0.3983 0.9172 -0.0091
vn 0.3475 0.9377 -0.0016
vn 0.4580 0.8793 -0.1302
vn 0.3399 0.9315 -0.1297
vn 0.2795 0.9601 -0.0095
vn 0.2093 0.9778 0.0012
vn 0.2532 0.9585 -0.1313
vn 0.1004 0.9948 0.0136
vn 0.1757 0.9752 -0.1343
vn 0.1484 0.9889 -0.0050
vn 0.2949 0.8104 -0.5062
vn 0.1497 0.8493 -0.5062
vn 0.2096 0.9778 -0.0018
vn 0.0457 0.9987 -0.0243
vn 0.0160 0.9995 -0.0252
vn 0.0849 0.4816 -0.8722
vn 0.0214 0.1215 -0.9923
vn 0.1673 0.4596 -0.8722
vn 0.0422 0.1159 -0.9923
vn 0.1198 0.2296 -0.9659
vn 0.2289 0.4388 -0.8689
vn 0.3269 0.6275 -0.7067
vn 0.8409 0.3263 -0.4317
vn 0.7906 0.2735 -0.5478
vn 0.9931 0.1163 -0.0097
vn 0.8046 0.2077 -0.5564
vn 0.0588 0.1125 -0.9919
vn 0.0461 0.4128 -0.9096
vn 0.1165 0.4115 -0.9039
vn 0.0246 0.4069 -0.9131
vn -0.0295 0.4531 -0.8910
vn 0.0055 0.4351 -0.9004
vn 0.0180 0.4850 -0.8743
vn 0.1133 0.3507 -0.9296
vn 0.1911 0.6170 -0.7634
vn 0.0702 0.7099 -0.7008
vn -0.4339 0.7598 -0.4841
vn -0.4439 0.7611 -0.4729
vn -0.4702 0.7201 -0.5102
vn -0.0668 0.7885 -0.6114
vn -0.0310 0.4787 -0.8774
vn -0.0400 0.4740 -0.8796
vn 0.9917 0.1187 -0.0491
vn 0.8651 0.5008 -0.0269
vn 0.9675 0.2432 -0.0694
vn 0.8928 0.4504 -0.0094
vn 0.8803 0.4706 -0.0593
vn 0.8509 0.4578 -0.2575
vn 0.8668 0.4012 -0.2960
vn 0.8835 0.4422 -0.1541
vn 0.8267 0.3858 -0.4096
vn 0.4461 0.8568 -0.2586
vn 0.3990 0.7669 -0.5026
vn 0.9672 0.2449 -0.0670
vn 0.8798 0.4680 -0.0827
vn 0.7556 0.6549 -0.0117
vn 0.8998 0.4348 0.0353
vn 0.7346 0.6701 -0.1060
vn 0.7552 0.6554 -0.0049
vn 0.7626 0.6447 0.0521
vn 0.7620 0.6453 0.0545
vn 0.7338 0.6715 -0.1028
vn 0.5784 0.8157 -0.0046
vn 0.5941 0.8015 0.0674
vn 0.8281 0.5605 -0.0025
vn 0.3498 0.9319 -0.0953
vn 0.5617 0.8215 -0.0980
vn 0.8108 0.5832 -0.0494
vn 0.7944 0.5979 -0.1070
vn 0.3874 0.8718 -0.2997
vn 0.7167 0.6530 -0.2448
vn 0.3862 0.7528 -0.5330
vn 0.7585 0.6179 -0.2069
vn 0.7138 0.5425 -0.4428
vn 0.9306 0.3273 -0.1637
vn 0.9239 0.2653 -0.2756
vn 0.9919 0.0753 -0.1021
vn 0.9926 0.0958 -0.0737
vn 0.9927 0.0951 -0.0733
vn 0.9912 0.0327 -0.1283
vn 0.8682 0.4934 -0.0528
vn 0.9863 0.0830 -0.1426
vn 0.9829 0.0327 -0.1811
vn 0.8449 0.5221 -0.1161
vn 0.9365 0.1870 -0.2968
vn 0.9790 0.0356 -0.2007
vn 0.9851 0.0605 -0.1610
vn 0.9708 0.0208 -0.2389
vn 0.9781 0.0621 -0.1985
vn 0.9188 0.1919 -0.3450
vn 0.9771 0.0397 -0.2091
vn 0.9590 0.0682 -0.2748
vn 0.9655 0.0300 -0.2586
vn 0.9475 0.0993 -0.3040
vn 0.9691 0.0462 -0.2423
vn 0.9286 0.1250 -0.3494
vn 0.8911 0.1357 -0.4329
vn 0.9265 0.1171 -0.3574
vn 0.7964 0.2055 -0.5687
vn 0.6902 0.2592 -0.6756
vn 0.7148 0.4067 -0.5689
vn 0.6409 0.2684 -0.7191
vn 0.7042 0.1833 -0.6860
vn 0.4478 0.1524 -0.8810
vn 0.3887 0.5528 -0.7371
vn 0.4991 0.2899 -0.8166
vn 0.2426 0.3630 -0.8997
vn 0.2238 0.1297 -0.9659
vn 0.3682 0.0821 -0.9261
vn 0.6297 0.1684 -0.7584
vn 0.5912 0.1663 -0.7892
vn 0.3768 0.1080 -0.9199
vn 0.8616 0.0839 -0.5005
vn 0.8802 0.0766 -0.4683
vn 0.9120 0.0598 0.4057
vn 0.8790 0.0475 0.4744
vn 0.8411 0.0269 -0.5401
vn 0.8260 0.0204 0.5632
vn 0.3710 0.0264 0.9282
vn 0.7891 0.0308 -0.6135
vn 0.8169 0.5748 0.0482
vn 0.8183 0.0998 0.5661
vn 0.3902 0.1429 0.9095
vn 0.3956 0.1378 0.9080
vn 0.5987 0.3558 0.7176
vn 0.8025 0.2683 0.5330
vn 0.6177 0.1402 0.7738
vn 0.5491 0.0739 0.8324
vn 0.6718 0.1718 0.7205
vn 0.7266 0.1038 0.6792
vn 0.9188 0.0802 0.3865
vn 0.9216 0.0537 0.3844
vn 0.9155 0.0941 -0.3910
vn 0.7447 0.2075 -0.6343
vn 0.6510 0.1523 -0.7436
vn 0.9238 0.0739 0.3757
vn 0.7232 0.0965 0.6838
vn 0.7595 0.1133 0.6405
vn 0.8991 0.0888 0.4285
vn 0.9073 0.1871 0.3764
vn 0.9699 0.0679 0.2338
vn 0.9704 0.0569 0.2346
vn 0.9950 0.0451 0.0886
vn 0.9071 0.3139 0.2803
vn 0.6034 0.5948 0.5311
vn 0.9060 0.3981 0.1435
vn 0.9953 0.0722 0.0645
vn 0.7984 0.4491 0.4010
vn 0.8013 0.5626 0.2035
vn 0.6020 0.7510 0.2712
vn 0.9951 0.0924 0.0331
vn 0.9937 0.0249 0.1095
vn 0.1207 0.1161 -0.9859
vn 0.2240 0.1286 -0.9661
vn 0.6855 0.0720 -0.7245
vn 0.7886 0.5464 -0.2819
vn 0.2373 0.3568 -0.9035
vn 0.1785 0.2431 -0.9534
vn 0.1240 0.4410 -0.8889
vn 0.6769 0.3160 -0.6647
vn 0.7421 0.4488 -0.4978
vn 0.1158 0.5394 -0.8340
vn 0.1119 0.5423 -0.8327
vn 0.7541 0.5362 -0.3792
vn 0.9420 0.0403 -0.3330
vn 0.9421 0.0384 -0.3329
vn 0.9545 0.0343 -0.2962
vn 0.9243 0.1945 -0.3283
vn 0.8719 0.3026 -0.3848
vn 0.9180 0.1671 -0.3597
vn 0.8287 0.4300 -0.3581
vn 0.6274 0.7382 -0.2478
vn 0.6212 0.7588 -0.1954
vn 0.6933 0.6503 -0.3105
vn 0.8496 0.3995 -0.3443
vn 0.6723 0.7103 -0.2084
vn 0.8195 0.4436 -0.3627
vn 0.7536 0.5731 -0.3218
vn 0.6612 0.7022 -0.2641
vn 0.5623 0.8146 -0.1422
vn 0.5727 0.8058 -0.1505
vn 0.5442 0.8278 -0.1362
vn 0.5408 0.8339 -0.1097
vn 0.5304 0.8437 -0.0827
vn 0.6065 0.7645 -0.2182
vn 0.6194 0.7574 -0.2063
vn 0.6245 0.7551 -0.1994
vn 0.6633 0.7083 -0.2416
vn 0.7391 0.6175 -0.2690
vn 0.6625 0.7152 -0.2227
vn 0.7311 0.5889 -0.3444
vn 0.7792 0.5105 -0.3634
vn 0.7451 0.6104 -0.2686
vn 0.7585 0.5772 -0.3025
vn 0.7700 0.5271 -0.3595
vn 0.7766 0.4905 -0.3953
vn 0.8194 0.4480 -0.3576
vn 0.7762 0.4846 -0.4033
vn 0.8272 0.3919 -0.4026
vn 0.8647 0.2981 -0.4042
vn 0.8333 0.3015 -0.4633
vn 0.8491 0.2845 -0.4451
vn 0.8603 0.1800 -0.4770
vn 0.8549 0.2981 -0.4246
vn 0.7690 0.4599 -0.4439
vn 0.7684 0.5043 -0.3940
vn 0.7596 0.5106 -0.4028
vn 0.7118 0.4459 -0.5427
vn 0.6123 0.2917 -0.7349
vn 0.6367 0.4402 -0.6330
vn 0.6930 0.5804 -0.4275
vn 0.5318 0.4515 -0.7165
vn 0.6397 0.5708 -0.5147
vn 0.5554 0.4473 -0.7010
vn 0.5386 0.4442 -0.7159
vn 0.5773 0.5494 -0.6041
vn 0.4132 0.5285 -0.7416
vn 0.4016 0.3663 -0.8394
vn 0.2465 0.4800 -0.8419
vn 0.2029 0.7038 -0.6808
vn 0.2927 0.6922 -0.6596
vn 0.4050 0.6864 -0.6040
vn 0.2304 0.5983 -0.7674
vn 0.1283 0.4745 -0.8708
vn 0.2479 0.3461 -0.9048
vn 0.1420 0.2259 -0.9637
vn 0.0000 0.4742 -0.8804
vn 0.0000 0.7036 -0.7106
vn 0.1035 0.7039 -0.7027
vn 0.1693 0.7985 -0.5777
vn 0.1551 0.8012 -0.5779
vn 0.0702 0.8761 -0.4769
vn 0.0000 0.8759 -0.4825
vn 0.0001 0.9725 -0.2328
vn -0.0702 0.8761 -0.4769
vn -0.0903 0.9382 -0.3341
vn -0.1724 0.8013 -0.5729
vn -0.1599 0.7987 -0.5801
vn -0.1035 0.7039 -0.7027
vn -0.1353 0.8775 -0.4600
vn -0.2585 0.8294 -0.4951
vn -0.2891 0.6989 -0.6541
vn -0.3742 0.8151 -0.4423
vn -0.4052 0.6850 -0.6055
vn -0.2152 0.9258 -0.3106
vn -0.5548 0.5710 -0.6051
vn -0.5669 0.6667 -0.4837
vn -0.4128 0.5286 -0.7417
vn -0.5045 0.6349 -0.5851
vn -0.2289 0.5968 -0.7691
vn -0.2465 0.4800 -0.8419
vn -0.5441 0.4407 -0.7139
vn -0.4059 0.3587 -0.8406
vn -0.5399 0.4371 -0.7193
vn -0.6334 0.4372 -0.6385
vn -0.6043 0.2975 -0.7391
vn -0.5333 0.4469 -0.7182
vn -0.5106 0.3015 -0.8052
vn -0.4733 0.1498 -0.8680
vn -0.4821 0.1633 -0.8607
vn -0.5639 0.1571 -0.8107
vn -0.4693 0.1451 -0.8710
vn -0.3991 0.1773 -0.8996
vn -0.3784 0.0388 -0.9248
vn -0.2600 0.2270 -0.9385
vn -0.2612 0.1045 -0.9596
vn -0.2589 0.0484 -0.9647
vn -0.3364 0.0384 -0.9409
vn -0.3656 0.0236 -0.9304
vn -0.2242 0.0410 -0.9737
vn -0.1506 0.0385 -0.9878
vn -0.0649 0.1514 -0.9863
vn -0.2265 0.1515 -0.9621
vn -0.3231 0.0456 -0.9452
vn -0.0672 0.0354 -0.9971
vn 0.0985 0.1515 -0.9835
vn 0.1021 0.0372 -0.9940
vn 0.0774 0.0558 -0.9954
vn 0.1790 0.0361 -0.9832
vn 0.0002 0.0553 -0.9984
vn -0.0786 0.0539 -0.9954
vn 0.0000 0.2257 -0.9742
vn -0.1420 0.2259 -0.9637
vn -0.1283 0.4745 -0.8708
vn -0.2479 0.3461 -0.9048
vn -0.1489 0.0451 -0.9878
vn 0.1458 0.0526 -0.9879
vn 0.2632 0.0350 -0.9641
vn 0.2612 0.1045 -0.9596
vn 0.2644 0.0507 -0.9631
vn 0.3887 0.1733 -0.9049
vn 0.2600 0.2270 -0.9385
vn 0.3106 0.0412 -0.9496
vn 0.4837 0.1532 -0.8617
vn 0.3109 0.0411 -0.9495
vn 0.4698 0.1422 -0.8712
vn 0.3557 0.0496 -0.9333
vn 0.4897 0.1479 -0.8592
vn 0.3403 0.0339 -0.9397
vn 0.2593 0.1515 -0.9538
vn 0.4174 0.0340 -0.9080
vn 0.4165 0.0836 -0.9052
vn 0.4986 0.0520 -0.8652
vn 0.5380 0.0136 -0.8428
vn 0.5457 0.0225 -0.8377
vn 0.5111 0.3041 -0.8039
vn -0.3820 0.1515 -0.9116
vn -0.5156 0.0176 -0.8566
vn -0.4631 0.0673 -0.8838
vn -0.3693 0.0812 -0.9257
vn -0.4028 0.0845 -0.9114
vn -0.5270 0.1514 -0.8362
vn -0.5551 0.0101 -0.8317
vn -0.5337 0.0374 -0.8448
vn -0.5995 0.0358 -0.7996
vn -0.5834 0.0357 -0.8114
vn -0.6806 0.1496 -0.7172
vn -0.6167 0.0512 -0.7855
vn -0.6509 0.0139 -0.7591
vn -0.7113 0.0422 -0.7016
vn -0.6631 0.0338 -0.7477
vn -0.6576 0.1514 -0.7379
vn -0.7251 0.0284 -0.6880
vn -0.7399 0.0170 -0.6725
vn -0.7401 0.0217 -0.6721
vn -0.7841 0.1527 -0.6015
vn -0.8249 0.2004 -0.5286
vn -0.7910 0.2987 -0.5339
vn -0.7086 0.2992 -0.6390
vn -0.8194 0.1708 -0.5471
vn -0.7901 0.0524 -0.6107
vn -0.7772 0.0316 -0.6285
vn -0.8385 0.0689 -0.5405
vn -0.8344 0.0241 -0.5506
vn -0.7703 0.1514 -0.6194
vn -0.8618 0.1515 -0.4840
vn -0.8654 0.0364 -0.4997
vn -0.9298 0.1514 -0.3354
vn -0.9633 0.0219 -0.2675
vn -0.9843 0.0312 -0.1739
vn -0.9428 0.0309 -0.3318
vn -0.9724 0.1514 -0.1776
vn -0.9948 0.0335 -0.0962
vn -0.9871 0.1511 -0.0521
vn -0.9885 0.1510 0.0018
vn -0.9972 0.0748 0.0016
vn -0.9979 0.0381 -0.0529
vn -0.9993 0.0367 -0.0021
vn -0.8851 0.4595 -0.0737
vn -0.8630 0.4899 -0.1236
vn -0.4593 0.8786 -0.1309
vn -0.8701 0.4920 -0.0276
vn -0.4480 0.8558 -0.2586
vn -0.8856 0.4239 -0.1896
vn -0.4008 0.7658 -0.5029
vn -0.8607 0.3634 -0.3564
vn -0.3282 0.6268 -0.7067
vn -0.8067 0.3233 -0.4947
vn -0.2296 0.4381 -0.8691
vn -0.8254 0.2418 -0.5101
vn -0.1200 0.2292 -0.9659
vn -0.7448 0.1279 -0.6548
vn -0.0591 0.1126 -0.9919
vn -0.7545 0.0847 -0.6508
vn -0.9938 -0.0267 -0.1080
vn -0.9995 0.0322 0.0053
vn -0.9952 -0.0122 -0.0972
vn -0.9994 0.0349 0.0040
vn -0.7079 0.0101 -0.7062
vn -0.9907 0.1350 0.0182
vn -0.9716 0.2352 0.0270
vn -0.9897 0.1383 0.0379
vn -0.9993 0.0356 0.0098
vn -0.9993 0.0342 0.0116
vn -0.9880 0.1444 0.0538
vn -0.9628 0.2626 0.0629
vn -0.9607 0.2665 0.0776
vn -0.9670 0.2191 0.1297
vn -0.9609 0.2567 0.1035
vn -0.9745 0.1832 0.1291
vn -0.9850 0.1501 0.0844
vn -0.9772 0.1608 0.1383
vn -0.9895 0.1160 0.0864
vn -0.9804 0.1265 0.1511
vn -0.9831 0.0827 0.1635
vn -0.9926 0.0776 0.0927
vn -0.9995 0.0222 0.0213
vn -0.9895 0.0370 0.1394
vn -0.9951 0.0429 0.0893
vn -0.9997 0.0117 0.0199
vn -0.9996 0.0197 0.0214
vn -0.9957 -0.0668 -0.0637
vn -0.9996 -0.0177 0.0214
vn -0.9994 -0.0184 0.0276
vn -0.9991 -0.0268 0.0314
vn -0.9998 0.0097 0.0196
vn -0.9980 -0.0425 0.0453
vn -0.9989 -0.0343 0.0323
vn -0.9957 -0.0396 -0.0838
vn -0.9241 -0.2705 -0.2700
vn -0.9957 -0.0850 -0.0356
vn -0.9940 -0.1071 -0.0205
vn -0.9224 -0.3608 -0.1380
vn -0.9951 -0.0985 -0.0090
vn -0.9164 -0.3985 -0.0356
vn -0.8057 -0.5919 0.0210
vn -0.8070 -0.5899 0.0263
vn -0.9451 -0.3254 -0.0302
vn -0.9776 -0.2087 0.0256
vn -0.9128 -0.4074 0.0270
vn -0.9910 -0.1288 0.0349
vn -0.9388 -0.3204 -0.1263
vn -0.9378 -0.3290 0.1105
vn -0.8412 -0.5273 0.1197
vn -0.7034 -0.6991 0.1284
vn -0.8359 -0.4954 0.2363
vn -0.9473 -0.2633 0.1823
vn -0.8245 -0.4748 0.3076
vn -0.9051 -0.3455 0.2477
vn -0.9525 -0.2779 0.1242
vn -0.9611 -0.2165 0.1713
vn -0.9414 -0.2810 0.1863
vn -0.9686 -0.2394 0.0670
vn -0.9610 -0.2711 0.0538
vn -0.9413 -0.2958 0.1622
vn -0.9320 -0.3079 0.1911
vn -0.9618 -0.1934 0.1938
vn -0.9300 -0.2719 0.2474
vn -0.8970 -0.3704 0.2412
vn -0.9657 -0.2333 0.1138
vn -0.9611 -0.2085 0.1810
vn -0.9917 -0.0933 0.0878
vn -0.9304 -0.3045 0.2039
vn -0.9955 -0.0650 0.0685
vn -0.9811 -0.1429 0.1305
vn -0.9776 -0.2006 0.0638
vn -0.9954 -0.0697 0.0661
vn -0.9097 -0.4042 0.0947
vn -0.8938 -0.3451 0.2862
vn -0.8954 -0.3217 0.3077
vn -0.9297 -0.3650 0.0480
vn -0.9813 -0.1809 0.0660
vn -0.9501 -0.2741 0.1487
vn -0.9275 -0.3062 0.2143
vn -0.9543 -0.2096 0.2126
vn -0.9875 -0.1357 0.0792
vn -0.9994 -0.0304 -0.0172
vn -0.9907 -0.0858 0.1056
vn -0.9689 -0.0857 0.2321
vn -0.8527 -0.1983 0.4831
vn -0.9163 -0.0541 0.3968
vn -0.9939 -0.0175 0.1091
vn -0.9946 0.0033 0.1033
vn -0.9139 0.0131 0.4057
vn -0.9760 -0.0168 0.2170
vn -0.9084 -0.0156 0.4177
vn -0.9481 -0.0066 0.3178
vn -0.7885 -0.1068 0.6057
vn -0.7829 -0.0897 0.6156
vn -0.9413 -0.0394 0.3351
vn -0.9118 -0.1096 0.3957
vn -0.7277 -0.2235 0.6484
vn -0.9488 0.0100 -0.3157
vn -0.8995 -0.3885 0.2000
vn -0.9094 -0.3543 0.2177
vn -0.8680 -0.4610 0.1846
vn -0.9436 0.0602 0.3256
vn -0.9488 0.0100 0.3157
vn -0.9543 0.0822 0.2872
vn -0.9490 -0.3152 0.0089
vn -0.9162 -0.3968 0.0547
vn -0.9451 -0.0302 -0.3254
vn -0.8908 -0.3684 0.2659
vn -0.9224 -0.2017 0.3294
vn -0.8676 -0.1382 0.4776
vn -0.9013 -0.2790 0.3314
vn -0.9143 0.0126 -0.4047
vn -0.9160 0.0612 -0.3963
vn -0.9463 0.0440 -0.3202
vn -0.6940 -0.7093 0.1238
vn -0.6427 -0.7270 0.2417
vn -0.7048 -0.6966 0.1342
vn -0.9175 -0.0331 -0.3963
vn -0.9388 -0.1263 -0.3204
vn -0.9229 -0.1382 -0.3592
vn -0.9946 -0.0015 -0.1040
vn -0.9947 0.0031 -0.1028
vn -0.9785 0.0310 -0.2037
vn -0.9956 0.0023 -0.0934
vn -0.9941 0.0430 -0.0989
vn -0.9889 -0.1100 0.0999
vn -0.9968 -0.0256 -0.0754
vn -0.9966 0.0033 -0.0821
vn -0.9913 -0.1274 -0.0327
vn -0.9798 -0.0833 -0.1815
vn -0.9494 -0.2021 -0.2402
vn -0.9433 -0.0228 -0.3312
vn -0.9394 0.0727 -0.3350
vn -0.9834 -0.1810 -0.0062
vn -0.9977 -0.0090 -0.0667
vn -0.9982 -0.0161 -0.0575
vn -0.9792 -0.2009 0.0277
vn -0.9992 -0.0179 -0.0349
vn -0.9998 -0.0004 -0.0179
vn -0.9993 -0.0348 -0.0096
vn -0.6755 -0.1278 0.7262
vn -0.9676 -0.2475 -0.0495
vn -0.9543 -0.2895 -0.0739
vn -0.9315 -0.3042 -0.1992
vn -0.9451 -0.3118 -0.0976
vn -0.9356 -0.2944 -0.1948
vn -0.9401 -0.3255 -0.1015
vn -0.8885 -0.2520 -0.3833
vn -0.8975 -0.1590 -0.4112
vn -0.8977 -0.1570 -0.4116
vn -0.8487 0.0548 -0.5260
vn -0.7849 -0.0821 -0.6142
vn -0.6821 -0.1168 -0.7219
vn -0.6290 -0.0081 -0.7773
vn -0.7001 0.1421 -0.6998
vn -0.8162 0.1954 -0.5437
vn -0.7009 0.1433 -0.6986
vn -0.5223 0.2204 -0.8238
vn -0.6309 -0.0056 -0.7758
vn -0.5446 -0.0503 -0.8371
vn -0.4346 0.0790 -0.8971
vn -0.3700 0.0320 -0.9285
vn -0.2286 0.1464 -0.9624
vn -0.3022 0.2946 -0.9066
vn -0.3111 0.2823 -0.9075
vn -0.4295 0.4297 -0.7943
vn -0.2115 0.3409 -0.9160
vn -0.1670 0.2585 -0.9514
vn -0.2286 0.1465 -0.9624
vn -0.1190 0.1820 -0.9760
vn -0.1012 0.4742 -0.8745
vn -0.5608 -0.0792 -0.8241
vn 0.3337 0.5273 -0.7814
vn -0.6094 0.0433 -0.7917
vn -0.1313 0.4907 -0.8614
vn 0.4007 0.4732 -0.7845
vn 0.3384 0.6813 -0.6491
vn 0.3309 0.7204 -0.6095
vn 0.3195 0.7671 -0.5563
vn 0.4999 0.5780 -0.6449
vn -0.3856 0.1773 -0.9055
vn 0.0716 0.4449 -0.8927
vn 0.4532 0.8816 -0.1319
vn 0.3448 0.7723 -0.5335
vn 0.3192 0.9387 -0.1304
vn 0.3973 0.7728 -0.4948
vn 0.5164 0.8460 -0.1325
vn 0.2806 0.8224 -0.4949
vn 0.5056 0.7067 -0.4949
vn 0.2327 0.4527 -0.8608
vn 0.2961 0.4139 -0.8608
vn 0.0794 0.1110 -0.9906
vn 0.0624 0.1214 -0.9906
vn 0.1643 0.4816 -0.8608
vn -0.0588 -0.0721 -0.9956
vn -0.0696 -0.0617 -0.9956
vn 0.0947 0.0983 -0.9906
vn 0.1080 0.0834 -0.9906
vn 0.3533 0.3664 -0.8608
vn 0.6031 0.6256 -0.4948
vn 0.4028 0.3110 -0.8608
vn 0.6878 0.5311 -0.4949
vn 0.4438 0.2491 -0.8608
vn 0.1190 0.0668 -0.9906
vn -0.0786 -0.0497 -0.9956
vn -0.0856 -0.0365 -0.9956
vn 0.1275 0.0487 -0.9906
vn -0.0903 -0.0222 -0.9956
vn 0.4754 0.1818 -0.8608
vn 0.1332 0.0297 -0.9906
vn -0.3632 -0.0895 -0.9274
vn -0.3729 -0.0301 -0.9274
vn -0.0927 -0.0075 -0.9956
vn 0.1361 0.0099 -0.9906
vn -0.0927 0.0075 -0.9956
vn -0.3729 0.0301 -0.9274
vn -0.6998 0.0565 -0.7121
vn -0.6816 0.1680 -0.7121
vn -0.3632 0.0895 -0.9274
vn -0.0903 0.0222 -0.9956
vn -0.3442 0.1466 -0.9274
vn -0.6459 0.2752 -0.7121
vn -0.0856 0.0365 -0.9956
vn -0.3162 0.2000 -0.9274
vn -0.5933 0.3752 -0.7121
vn -0.5255 0.4655 -0.7121
vn -0.7796 0.4930 -0.3863
vn -0.6904 0.6116 -0.3863
vn -0.7990 0.6004 -0.0318
vn -0.7225 0.6684 -0.1767
vn -0.6386 0.7621 -0.1068
vn -0.5833 0.7145 -0.3863
vn -0.4440 0.5438 -0.7121
vn -0.5663 0.8205 -0.0776
vn -0.4612 0.7988 -0.3863
vn -0.5018 0.8414 -0.2007
vn -0.5708 0.7292 -0.3774
vn -0.4070 0.8498 -0.3350
vn -0.1759 0.3654 -0.9141
vn -0.2528 0.3171 -0.9141
vn -0.7400 0.5784 -0.3432
vn -0.3171 0.2528 -0.9141
vn -0.8408 0.4156 -0.3468
vn -0.0902 0.3954 -0.9141
vn -0.3654 0.1759 -0.9141
vn -0.8260 0.5210 -0.2152
vn -0.8849 0.4644 -0.0360
vn -0.9150 0.3591 -0.1838
vn -0.9581 0.2590 -0.1224
vn -0.9069 0.1980 -0.3718
vn -0.9847 0.1600 -0.0687
vn -0.9746 0.0905 -0.2049
vn -0.9423 0.0000 -0.3346
vn -0.3954 0.0902 -0.9141
vn -0.9997 0.0000 -0.0222
vn -0.9746 -0.0905 -0.2049
vn -0.4056 0.0000 -0.9141
vn -0.9071 -0.1960 -0.3724
vn -0.3954 -0.0902 -0.9141
vn -0.8404 -0.4163 -0.3468
vn -0.9847 -0.1600 -0.0687
vn -0.9601 -0.2545 -0.1160
vn -0.9154 -0.3654 -0.1690
vn -0.8956 -0.2207 -0.3863
vn -0.8486 -0.3615 -0.3863
vn -0.9194 -0.0742 -0.3863
vn -0.6816 -0.1680 -0.7121
vn -0.6459 -0.2752 -0.7121
vn -0.6998 -0.0565 -0.7121
vn -0.3442 -0.1466 -0.9274
vn -0.3162 -0.2000 -0.9274
vn -0.2800 -0.2481 -0.9274
vn -0.5934 -0.3752 -0.7121
vn -0.5255 -0.4655 -0.7121
vn -0.7796 -0.4930 -0.3863
vn -0.7990 -0.6004 -0.0318
vn -0.8260 -0.5210 -0.2152
vn -0.6904 -0.6116 -0.3863
vn -0.8849 -0.4644 -0.0360
vn -0.7394 -0.5793 -0.3430
vn -0.7138 -0.6712 -0.1997
vn -0.3171 -0.2528 -0.9141
vn -0.5738 -0.7274 -0.3762
vn -0.6429 -0.7575 -0.1137
vn -0.3654 -0.1759 -0.9141
vn -0.2528 -0.3170 -0.9141
vn -0.4070 -0.8498 -0.3350
vn -0.1760 -0.3654 -0.9141
vn -0.5018 -0.8414 -0.2007
vn -0.4286 -0.9032 -0.0226
vn -0.2187 -0.9042 -0.3668
vn -0.3377 -0.9179 -0.2083
vn -0.2777 -0.9587 -0.0605
vn -0.1778 -0.9758 -0.1273
vn -0.0902 -0.3954 -0.9141
vn 0.0115 -0.9362 -0.3511
vn -0.0635 -0.9850 -0.1605
vn 0.0000 -0.4056 -0.9141
vn 0.2031 -0.9182 -0.3400
vn 0.1145 -0.9700 -0.2145
vn 0.1999 -0.9794 -0.0283
vn 0.3000 -0.9291 -0.2161
vn 0.4136 -0.9041 -0.1069
vn 0.2566 -0.8860 -0.3862
vn 0.3954 -0.8333 -0.3863
vn 0.1953 -0.6743 -0.7121
vn 0.1112 -0.9156 -0.3863
vn 0.3009 -0.6342 -0.7121
vn 0.1604 -0.3380 -0.9274
vn 0.2125 -0.3079 -0.9274
vn 0.3988 -0.5777 -0.7121
vn 0.0529 -0.0766 -0.9956
vn -0.0873 0.1049 -0.9906
vn -0.0711 0.1165 -0.9906
vn 0.0399 -0.0840 -0.9956
vn -0.0534 0.1256 -0.9906
vn 0.0259 -0.0894 -0.9956
vn 0.1041 -0.3593 -0.9274
vn 0.0846 -0.6969 -0.7121
vn 0.0451 -0.3714 -0.9274
vn -0.0283 -0.7015 -0.7121
vn -0.0150 -0.3738 -0.9274
vn 0.0112 -0.0923 -0.9956
vn -0.0345 0.1321 -0.9906
vn -0.0149 0.1357 -0.9906
vn -0.0037 -0.0930 -0.9956
vn 0.0050 0.1364 -0.9906
vn -0.0748 -0.3666 -0.9274
vn -0.0186 -0.0912 -0.9956
vn -0.1404 -0.6879 -0.7121
vn -0.2489 -0.6564 -0.7121
vn -0.1326 -0.3498 -0.9274
vn -0.0330 -0.0870 -0.9956
vn -0.1870 -0.3240 -0.9274
vn -0.3510 -0.6080 -0.7121
vn -0.0465 -0.0806 -0.9956
vn -0.2366 -0.2898 -0.9274
vn -0.4440 -0.5438 -0.7121
vn -0.5833 -0.7145 -0.3863
vn -0.5663 -0.8205 -0.0776
vn -0.4612 -0.7988 -0.3862
vn -0.3271 -0.8624 -0.3863
vn -0.1845 -0.9037 -0.3863
vn -0.0371 -0.9216 -0.3862
vn 0.0402 -0.9983 -0.0410
vn 0.0441 0.1292 -0.9906
vn 0.0924 0.5005 -0.8608
vn 0.0248 0.1342 -0.9906
vn 0.0186 0.5086 -0.8608
vn 0.0317 0.8684 -0.4949
vn -0.0556 0.5059 -0.8608
vn -0.1287 0.4924 -0.8608
vn -0.1990 0.4684 -0.8608
vn -0.3399 0.7997 -0.4948
vn -0.4527 0.7418 -0.4948
vn -0.2651 0.4344 -0.8608
vn -0.5558 0.6679 -0.4949
vn -0.3255 0.3912 -0.8608
vn -0.6329 0.7634 -0.1288
vn -0.6921 0.7106 -0.1264
vn -0.6472 0.5799 -0.4949
vn -0.7355 0.6663 -0.1224
vn -0.3790 0.3396 -0.8608
vn -0.7247 0.4794 -0.4948
vn -0.7845 0.6058 -0.1326
vn -0.5178 0.4994 -0.6945
vn -0.5767 0.4642 -0.6722
vn -0.8278 0.5459 -0.1294
vn -0.5990 0.3953 -0.6964
vn 0.0975 0.1389 -0.9855
vn 0.0870 0.1436 -0.9858
vn 0.1896 0.1026 -0.9765
vn -0.6527 0.3338 -0.6801
vn 0.3624 0.0577 -0.9302
vn 0.0907 0.1479 -0.9848
vn -0.6494 0.2705 -0.7107
vn 0.0846 0.1537 -0.9845
vn 0.3619 0.0911 -0.9277
vn 0.0892 0.1567 -0.9836
vn 0.3563 0.1214 -0.9264
vn 0.6950 -0.0126 -0.7189
vn 0.6919 0.0458 -0.7205
vn 0.9232 -0.0619 -0.3793
vn 0.9275 -0.1135 -0.3562
vn 0.6920 -0.0725 -0.7182
vn 0.9025 -0.1923 -0.3853
vn 0.1361 0.7440 -0.6541
vn 0.8752 0.0134 -0.4835
vn 0.5370 0.7262 -0.4292
vn 0.2243 0.6970 -0.6810
vn 0.4673 0.6971 -0.5437
vn -0.6795 0.7312 -0.0608
vn -0.7000 0.6767 -0.2282
vn -0.9724 0.1995 -0.1205
vn 0.7359 0.6715 -0.0860
vn -0.6877 0.2118 -0.6944
vn 0.7216 0.6421 -0.2589
vn 0.5500 0.7375 -0.3918
vn 0.5796 0.7075 -0.4043
vn 0.0592 0.7471 -0.6621
vn -0.5457 0.6536 -0.5244
vn 0.0817 0.1617 -0.9834
vn 0.0871 0.1650 -0.9824
vn 0.7962 -0.0047 -0.6050
vn 0.8401 0.0284 -0.5416
vn 0.9082 -0.1309 -0.3974
vn 0.9475 -0.0405 -0.3170
vn 0.9410 0.0007 -0.3384
vn 0.9721 -0.0703 -0.2237
vn 0.9446 -0.1789 -0.2750
vn 0.9665 -0.2236 -0.1256
vn 0.9015 -0.3497 -0.2548
vn 0.9055 -0.3363 -0.2586
vn 0.9496 -0.3049 -0.0728
vn 0.9797 -0.1924 -0.0558
vn 0.9659 -0.2580 -0.0212
vn 0.9328 -0.3598 -0.0196
vn 0.9648 -0.2617 0.0232
vn 0.9335 -0.3575 0.0269
vn 0.9714 -0.2345 0.0364
vn 0.9677 -0.2389 0.0799
vn 0.9490 -0.3035 0.0846
vn 0.9547 -0.2481 0.1639
vn 0.9710 -0.2386 0.0145
vn 0.9643 -0.1507 0.2177
vn 0.9727 -0.1836 0.1420
vn 0.9786 -0.1151 0.1704
vn 0.7670 0.5555 -0.3210
vn -0.7198 0.5474 -0.4269
vn 0.9931 -0.0441 0.1086
vn 0.9848 -0.0620 0.1619
vn -0.6702 0.6579 -0.3434
vn -0.9845 0.1680 -0.0499
vn -0.7166 0.3751 -0.5881
vn 0.9930 -0.0885 0.0776
vn 0.9716 -0.0518 0.2307
vn 0.9898 -0.0406 0.1361
vn 0.7783 0.5147 0.3596
vn 0.7671 0.4051 0.4974
vn 0.6617 0.6391 0.3919
vn 0.6297 0.3710 0.6825
vn 0.7130 0.3452 0.6102
vn 0.7401 0.2634 0.6187
vn 0.9709 -0.2391 -0.0098
vn 0.9779 -0.2089 -0.0045
vn 0.9800 -0.1976 -0.0222
vn 0.9839 -0.1525 -0.0929
vn 0.9792 -0.1986 -0.0416
vn 0.9827 -0.1698 -0.0739
vn 0.9555 -0.2369 -0.1757
vn 0.9812 -0.1119 -0.1571
vn 0.9618 -0.1127 -0.2495
vn 0.9369 -0.0462 -0.3464
vn -0.9487 0.2909 -0.1238
vn -0.9279 0.3504 -0.1268
vn -0.8974 0.4218 -0.1294
vn 0.9858 -0.1596 -0.0522
vn 0.9741 -0.2034 -0.0985
vn 0.9547 -0.2763 0.1099
vn 0.9651 -0.2471 -0.0869
vn 0.9540 -0.2815 -0.1026
vn 0.9460 -0.3092 -0.0979
vn 0.9395 -0.3218 0.1169
vn 0.9370 -0.3299 0.1144
vn 0.9402 -0.3258 -0.0988
vn 0.9348 -0.3350 0.1179
vn 0.9356 -0.3321 0.1199
vn 0.7850 -0.5810 0.2149
vn 0.9212 -0.3098 0.2354
vn 0.9225 -0.3048 0.2365
vn 0.9229 -0.3031 0.2373
vn 0.6050 -0.7913 0.0879
vn 0.5796 -0.8147 0.0172
vn 0.0958 -0.7280 0.6789
vn 0.4030 -0.7244 0.5593
vn 0.3569 -0.6951 0.6240
vn 0.4435 -0.7124 0.5438
vn 0.5900 -0.7774 0.2181
vn 0.5557 -0.7613 0.3338
vn 0.5766 -0.8050 0.1397
vn 0.5064 -0.7374 0.4470
vn 0.5201 -0.7719 0.3655
vn 0.5755 -0.0680 0.8149
vn 0.4840 -0.0298 0.8745
vn 0.4483 -0.0296 0.8933
vn 0.5173 -0.1061 0.8491
vn 0.5684 -0.0868 0.8181
vn 0.6414 -0.1390 0.7545
vn 0.5265 -0.1608 0.8348
vn 0.5567 -0.1490 0.8172
vn 0.6524 -0.1867 0.7345
vn 0.6654 -0.1819 0.7239
vn 0.6676 -0.1615 0.7268
vn 0.6479 -0.1674 0.7431
vn 0.7270 -0.1932 0.6588
vn 0.8693 -0.2457 0.4288
vn 0.9229 -0.2476 0.2949
vn 0.9317 -0.0525 0.3594
vn 0.9362 -0.2706 0.2240
vn 0.8156 -0.2023 0.5420
vn 0.7475 -0.1456 0.6481
vn 0.6544 -0.0956 0.7500
vn 0.6505 -0.0984 0.7530
vn 0.8174 -0.2077 0.5373
vn 0.9197 -0.3124 0.2378
vn 0.8814 -0.2552 0.3974
vn 0.6808 -0.1136 0.7236
vn 0.6857 -0.0656 0.7249
vn 0.4890 -0.1673 0.8561
vn 0.6888 -0.1213 -0.7147
vn 0.3760 0.0267 -0.9262
vn 0.6546 -0.1530 -0.7403
vn -0.4933 0.5647 -0.6616
vn -0.4242 0.5965 -0.6812
vn -0.5180 0.8456 -0.1286
vn -0.4534 0.8815 -0.1317
vn -0.3863 0.9133 -0.1289
vn -0.3755 0.7569 -0.5349
vn -0.5774 0.5379 -0.6142
vn -0.3192 0.7645 -0.5600
vn -0.3261 0.7799 -0.5343
vn -0.5638 0.5908 -0.5771
vn 0.1089 0.9854 -0.1307
vn 0.1578 0.8545 -0.4948
vn 0.0365 0.9907 -0.1313
vn 0.1795 0.9751 -0.1303
vn 0.2514 0.9590 -0.1306
vn 0.2132 0.9100 -0.3555
vn 0.1973 0.9217 -0.3339
vn 0.2294 0.9120 -0.3399
vn 0.1489 0.9432 -0.2970
vn 0.1064 0.7926 -0.6003
vn 0.1209 0.7967 -0.5921
vn 0.1288 0.7186 -0.6833
vn 0.2214 0.8920 -0.3940
vn 0.2465 0.8862 -0.3922
vn 0.0691 0.7276 -0.6825
vn 0.2721 0.8798 -0.3896
vn 0.2605 0.8793 -0.3986
vn 0.2853 0.8571 -0.4288
vn 0.1148 0.6438 -0.7565
vn -0.0229 0.6305 -0.7758
vn 0.2861 0.8430 -0.4555
vn -0.0744 0.7027 -0.7075
vn 0.4276 0.7538 -0.4989
vn 0.2078 0.7103 -0.6726
vn -0.2182 0.6304 -0.7450
vn 0.0237 0.5396 -0.8415
vn -0.4883 0.3157 -0.8136
vn -0.5594 0.3438 -0.7542
vn -0.1402 0.3158 -0.9384
vn -0.1470 0.3194 -0.9361
vn -0.1398 0.3057 -0.9418
vn -0.1132 0.2622 -0.9583
vn -0.1291 0.2602 -0.9568
vn -0.2198 0.4055 -0.8873
vn -0.2190 0.4877 -0.8451
vn -0.6554 0.1597 -0.7382
vn 0.3193 0.6889 -0.6507
vn 0.4462 0.6735 -0.5893
vn -0.0537 0.4582 -0.8872
vn -0.1888 0.3918 -0.9004
vn -0.1639 0.4302 -0.8877
vn -0.3612 0.4635 -0.8091
vn -0.3355 0.5100 -0.7920
vn -0.4434 0.4160 -0.7939
vn -0.2756 0.2791 -0.9198
vn -0.1751 0.2826 -0.9431
vn -0.2834 0.2467 -0.9267
vn -0.6354 0.3580 -0.6841
vn -0.4185 0.2334 -0.8777
vn -0.7907 0.3026 -0.5322
vn -0.7862 0.2893 -0.5460
vn -0.8356 0.2869 -0.4684
vn -0.4153 0.1956 -0.8884
vn -0.5159 0.1930 -0.8347
vn -0.9677 0.1441 -0.2067
vn -0.5738 0.2048 -0.7929
vn -0.6519 0.0782 -0.7542
vn -0.6590 0.0503 -0.7504
vn -0.9978 0.0380 -0.0531
vn -0.9773 0.0932 -0.1901
vn -0.9942 0.0572 -0.0913
vn -0.9753 0.0972 -0.1982
vn -0.9009 0.2173 -0.3757
vn -0.1213 0.3539 -0.9274
vn -0.0719 0.4032 -0.9123
vn -0.0491 0.3982 -0.9160
vn -0.0255 0.4234 -0.9056
vn -0.0063 0.4184 -0.9082
vn 0.0221 0.7799 -0.6254
vn -0.0092 0.4257 -0.9048
vn 0.0177 0.4757 -0.8794
vn 0.0259 0.4795 -0.8771
vn 0.2968 0.8198 -0.4896
vn 0.3081 0.7962 -0.5207
vn 0.1084 0.8177 -0.5653
vn 0.1302 0.8182 -0.5599
vn 0.1136 0.9472 -0.2998
vn 0.0561 0.8622 -0.5033
vn 0.1125 0.9469 -0.3011
vn 0.0622 0.9568 -0.2839
vn -0.0133 0.9640 -0.2653
vn -0.0504 0.9530 -0.2986
vn 0.1059 0.8491 -0.5175
vn 0.4981 -0.8627 -0.0873
vn 0.5439 -0.8160 -0.1957
vn -0.9194 0.0742 -0.3863
vn -0.8956 0.2207 -0.3863
vn -0.8486 0.3615 -0.3862
vn -0.2177 0.9045 -0.3666
vn 0.0109 0.9363 -0.3511
vn -0.1747 0.9757 -0.1321
vn -0.2777 0.9587 -0.0606
vn -0.3377 0.9179 -0.2083
vn -0.3271 0.8624 -0.3862
vn -0.4286 0.9032 -0.0226
vn -0.2489 0.6564 -0.7121
vn -0.1845 0.9037 -0.3863
vn -0.3510 0.6080 -0.7121
vn -0.2366 0.2898 -0.9274
vn -0.1870 0.3240 -0.9274
vn -0.0588 0.0721 -0.9956
vn -0.0465 0.0806 -0.9956
vn -0.1327 0.3498 -0.9274
vn -0.1404 0.6879 -0.7121
vn -0.0371 0.9216 -0.3862
vn -0.0283 0.7015 -0.7121
vn 0.1112 0.9156 -0.3863
vn 0.2566 0.8860 -0.3863
vn 0.1999 0.9794 -0.0283
vn 0.1145 0.9700 -0.2146
vn 0.0402 0.9983 -0.0410
vn -0.0667 0.9834 -0.1684
vn 0.2019 0.9185 -0.3401
vn 0.4053 0.8310 -0.3810
vn 0.2922 0.9385 -0.1838
vn 0.4204 0.9017 -0.1007
vn 0.3954 0.8333 -0.3862
vn 0.4981 0.8627 -0.0873
vn 0.5439 0.8159 -0.1958
vn 0.6323 0.7744 -0.0238
vn 0.5240 0.7591 -0.3863
vn 0.0794 -0.1110 -0.9906
vn 0.3532 -0.3664 -0.8608
vn 0.0947 -0.0982 -0.9906
vn 0.4028 -0.3110 -0.8608
vn 0.6878 -0.5311 -0.4948
vn 0.6031 -0.6256 -0.4948
vn 0.1080 -0.0834 -0.9906
vn 0.7578 -0.4253 -0.4949
vn 0.4438 -0.2491 -0.8608
vn -0.0696 0.0617 -0.9956
vn 0.1190 -0.0668 -0.9906
vn -0.2800 0.2481 -0.9274
vn -0.0786 0.0497 -0.9956
vn 0.1275 -0.0487 -0.9906
vn 0.4967 -0.1107 -0.8608
vn 0.1332 -0.0297 -0.9906
vn 0.4754 -0.1818 -0.8608
vn 0.5076 -0.0371 -0.8608
vn 0.8666 -0.0634 -0.4948
vn 0.8482 -0.1889 -0.4948
vn 0.9913 -0.0012 -0.1315
vn 0.9890 -0.0711 -0.1294
vn 0.8666 0.0634 -0.4948
vn 0.7122 0.0757 -0.6978
vn 0.6871 0.0112 -0.7265
vn 0.9806 -0.1469 -0.1298
vn 0.9684 -0.2156 -0.1254
vn 0.6999 -0.0758 -0.7101
vn 0.6587 -0.1317 -0.7407
vn -0.0825 0.1938 -0.9775
vn -0.0673 0.1843 -0.9805
vn -0.3181 0.2201 -0.9221
vn -0.0815 0.1825 -0.9798
vn -0.0782 0.1801 -0.9805
vn -0.3388 0.1855 -0.9224
vn -0.0772 0.1788 -0.9808
vn -0.0765 0.1790 -0.9809
vn -0.0766 0.1786 -0.9809
vn -0.0794 0.1755 -0.9812
vn -0.0869 0.1731 -0.9810
vn -0.3497 0.1477 -0.9251
vn -0.0792 0.1665 -0.9828
vn -0.3586 0.1082 -0.9272
vn -0.6791 0.0961 -0.7277
vn -0.6958 0.0229 -0.7178
vn -0.9195 -0.0710 -0.3865
vn -0.9102 -0.1851 -0.3705
vn -0.6943 -0.0540 -0.7176
vn -0.9701 -0.2175 -0.1073
vn -0.9564 -0.2831 -0.0722
vn -0.9546 -0.2825 -0.0938
vn -0.8892 -0.2445 -0.3867
vn -0.6907 -0.1173 -0.7136
vn -0.3775 0.0288 -0.9256
vn -0.3615 0.0680 -0.9299
vn -0.1907 0.1028 -0.9762
vn -0.1919 0.1014 -0.9762
vn -0.0947 0.1401 -0.9856
vn 0.5752 0.4776 -0.6641
vn 0.5083 0.5226 -0.6844
vn 0.4812 0.5821 -0.6554
vn 0.4142 0.6094 -0.6760
vn 0.5894 0.4143 -0.6935
vn -0.0966 0.1382 -0.9857
vn -0.1196 0.1398 -0.9829
vn 0.6491 0.2908 -0.7028
vn 0.6470 0.3564 -0.6740
vn 0.9259 0.3549 -0.1292
vn 0.8981 0.4196 -0.1314
vn 0.8639 0.4866 -0.1298
vn 0.8116 0.3104 -0.4948
vn 0.7578 0.4253 -0.4948
vn 0.4967 0.1107 -0.8608
vn 0.8482 0.1889 -0.4948
vn 0.5076 0.0371 -0.8608
vn 0.1361 -0.0099 -0.9906
vn 0.9813 0.1444 -0.1269
vn 0.9683 0.2139 -0.1290
vn 0.6947 0.2182 -0.6854
vn -0.1035 0.1543 -0.9826
vn -0.0824 0.1578 -0.9840
vn 0.6811 0.1546 -0.7157
vn 0.9888 0.0745 -0.1292
vn -0.0951 0.1647 -0.9817
vn -0.0847 0.1478 -0.9854
vn 0.8272 0.5468 -0.1292
vn 0.7850 0.6058 -0.1297
vn 0.6879 0.7142 -0.1286
vn 0.6352 0.7612 -0.1310
vn 0.5766 0.8063 -0.1315
vn 0.3768 0.6589 -0.6511
vn -0.9542 -0.2777 0.1110
vn -0.9398 -0.3201 0.1190
vn -0.9205 -0.3117 0.2355
vn -0.9359 -0.3321 0.1173
vn -0.9330 -0.3400 0.1176
vn -0.9347 -0.3349 0.1187
vn -0.9233 -0.3035 0.2353
vn -0.5935 -0.8029 0.0562
vn -0.5817 -0.8079 0.0938
vn -0.9240 -0.3001 0.2368
vn -0.8791 -0.2555 0.4023
vn -0.9179 -0.3159 0.2399
vn -0.9361 -0.2712 0.2239
vn -0.9220 -0.2499 0.2957
vn -0.8132 -0.2121 0.5419
vn -0.8135 -0.2047 0.5443
vn -0.9309 -0.0532 0.3614
vn -0.5997 -0.7848 0.1560
vn -0.6412 -0.1885 0.7438
vn -0.7219 -0.1962 0.6636
vn -0.6351 -0.1440 0.7589
vn -0.6415 -0.1689 0.7483
vn -0.6118 -0.0950 0.7852
vn -0.6503 -0.0961 0.7535
vn -0.7431 -0.1454 0.6531
vn -0.5243 -0.7272 0.4431
vn -0.6467 -0.0999 0.7562
vn -0.4572 -0.7411 0.4917
vn -0.5768 -0.0559 0.8149
vn -0.4134 -0.7002 0.5820
vn -0.3345 -0.6985 0.6326
vn -0.5134 -0.0282 0.8576
vn -0.0923 -0.7262 0.6812
vn -0.7850 -0.5810 0.2149
vn -0.9150 -0.0240 0.4027
vn -0.3593 -0.6636 0.6561
vn -0.2983 -0.7007 0.6481
vn -0.5086 -0.5639 0.6507
vn -0.3763 -0.6520 0.6582
vn -0.6546 -0.3750 0.6564
vn -0.0958 0.7280 0.6789
vn -0.5781 -0.7724 0.2630
vn -0.5441 -0.7829 0.3017
vn -0.9416 -0.3363 0.0146
vn -0.8264 0.5628 0.0153
vn -0.9341 -0.3425 0.1006
vn -0.8247 0.5622 0.0617
vn -0.8146 0.5563 0.1641
vn -0.7744 0.5867 0.2367
vn -0.9389 -0.2837 0.1946
vn -0.7601 0.5767 0.2993
vn -0.9447 -0.3145 0.0931
vn -0.9331 -0.2051 0.2952
vn -0.8774 -0.2595 0.4034
vn -0.6817 0.5978 0.4218
vn -0.8088 -0.1981 0.5537
vn -0.6124 0.6317 0.4753
vn -0.5867 0.6216 0.5190
vn -0.6846 -0.1235 0.7184
vn -0.4776 0.6469 0.5944
vn -0.5426 -0.0533 0.8382
vn -0.3978 0.6803 0.6156
vn -0.4270 -0.0194 0.9040
vn -0.4755 -0.0413 0.8787
vn -0.3673 0.6720 0.6430
vn -0.2898 0.7027 0.6497
vn -0.3235 0.6778 0.6602
vn -0.3741 0.6550 0.6564
vn -0.3970 0.6305 0.6670
vn -0.5423 0.5337 0.6488
vn -0.3144 0.0064 0.9492
vn -0.6009 0.5226 0.6048
vn -0.2457 -0.0170 0.9692
vn -0.6582 0.4007 0.6373
vn -0.6546 0.3747 0.6565
vn -0.7170 0.3681 0.5919
vn -0.7556 0.0000 0.6550
vn -0.7338 0.2478 0.6326
vn -0.7674 0.0956 0.6340
vn -0.8086 0.0087 0.5882
vn -0.2597 -0.0358 0.9650
vn -0.7652 -0.0839 0.6382
vn -0.7277 -0.2477 0.6396
vn -0.2826 -0.0443 0.9582
vn -0.7115 -0.3792 0.5915
vn -0.6456 -0.4117 0.6431
vn -0.3300 -0.0310 0.9435
vn -0.5700 -0.5545 0.6063
vn -0.3644 -0.0282 0.9308
vn -0.3838 -0.1059 0.9173
vn -0.4017 -0.0244 0.9154
vn -0.3088 -0.1093 0.9448
vn -0.3741 -0.1468 0.9157
vn -0.3288 -0.1599 0.9308
vn -0.2368 -0.1085 0.9655
vn -0.2947 -0.1736 0.9397
vn -0.3288 -0.1598 0.9308
vn -0.2709 -0.1711 0.9473
vn -0.2414 -0.1569 0.9576
vn -0.1705 -0.1423 0.9750
vn -0.1892 -0.1227 0.9742
vn -0.2472 -0.1399 0.9588
vn -0.2471 -0.1402 0.9588
vn -0.2201 -0.1563 0.9628
vn -0.1823 -0.1631 0.9696
vn -0.0863 -0.0748 0.9934
vn -0.0961 -0.0618 0.9934
vn -0.3014 -0.1363 0.9437
vn -0.2042 -0.0933 0.9745
vn -0.1039 -0.0475 0.9934
vn -0.2154 -0.0632 0.9745
vn -0.3185 -0.0935 0.9433
vn -0.4175 -0.1213 0.9005
vn -0.3904 -0.1722 0.9044
vn -0.4758 -0.1422 0.8679
vn -0.5076 -0.1429 0.8497
vn -0.4813 -0.1612 0.8616
vn -0.4512 -0.1054 0.8862
vn -0.4774 -0.1108 0.8716
vn -0.4523 -0.1326 0.8819
vn -0.4125 -0.1820 0.8926
vn -0.3939 -0.1573 0.9056
vn -0.4335 -0.0305 0.9006
vn -0.4693 -0.0247 0.8827
vn -0.5181 -0.1031 0.8490
vn -0.4922 -0.0298 0.8700
vn -0.5198 -0.1646 0.8383
vn -0.5546 -0.1507 0.8184
vn -0.6658 -0.1776 0.7247
vn -0.6698 -0.1598 0.7252
vn -0.8714 -0.2440 0.4256
vn -0.8903 -0.1481 0.4306
vn -0.9028 -0.0287 0.4290
vn -0.9890 -0.0953 0.1132
vn -0.6857 -0.0656 0.7249
vn -0.9803 -0.1624 0.1128
vn -0.6808 -0.1136 0.7236
vn -0.9931 -0.0264 0.1144
vn -0.9964 -0.0489 0.0685
vn -0.9943 -0.0951 0.0484
vn -0.9917 -0.1125 0.0614
vn -0.9902 -0.1320 0.0450
vn -0.9874 -0.1565 0.0237
vn -0.9850 -0.1717 0.0156
vn -0.9829 -0.1837 0.0098
vn -0.9890 -0.1205 -0.0851
vn -0.9489 -0.3040 0.0840
vn -0.9713 -0.2376 0.0143
vn -0.9814 -0.1922 0.0012
vn -0.9324 -0.3609 -0.0180
vn -0.9326 -0.3601 0.0246
vn -0.9707 -0.2398 -0.0114
vn -0.9822 -0.1876 -0.0060
vn -0.9409 -0.3298 -0.0765
vn -0.9741 -0.2121 -0.0781
vn -0.9644 -0.2599 -0.0484
vn -0.9037 -0.3346 -0.2671
vn -0.9815 -0.1906 -0.0156
vn -0.9050 -0.3360 -0.2608
vn -0.9845 -0.1730 -0.0269
vn -0.9530 -0.2395 -0.1856
vn -0.9666 -0.2561 -0.0119
vn -0.9656 -0.2593 0.0193
vn -0.9724 -0.2299 0.0392
vn -0.9407 0.3310 -0.0736
vn -0.9699 0.2428 -0.0152
vn -0.9485 0.2625 -0.1769
vn -0.9683 0.2499 -0.0008
vn -0.9679 0.2514 0.0034
vn -0.9123 0.2865 -0.2926
vn -0.9250 0.2329 -0.3002
vn -0.9667 -0.0529 -0.2504
vn -0.9188 0.2446 -0.3097
vn -0.8527 0.2460 -0.4609
vn -0.8866 0.1733 -0.4289
vn -0.9677 -0.2383 0.0823
vn -0.8755 0.1210 -0.4678
vn -0.8741 0.0610 -0.4818
vn -0.9211 0.0402 -0.3871
vn -0.9150 0.0275 -0.4025
vn -0.9412 -0.0004 -0.3379
vn -0.9184 -0.0972 -0.3834
vn -0.9661 0.2488 -0.0686
vn -0.9167 0.3160 -0.2446
vn -0.8911 0.3760 0.2540
vn -0.8798 0.4193 -0.2238
vn -0.8922 0.2885 -0.3475
vn -0.8163 0.4491 -0.3632
vn -0.8328 0.5317 -0.1543
vn -0.7692 0.2746 -0.5769
vn -0.8299 0.2262 -0.5100
vn -0.8683 0.2603 -0.4223
vn -0.6508 0.2464 -0.7181
vn -0.9193 0.2372 -0.3139
vn -0.8982 0.2168 -0.3824
vn -0.7873 0.2067 -0.5809
vn -0.7944 0.1865 -0.5781
vn -0.6313 0.1870 -0.7526
vn -0.6224 0.3111 -0.7182
vn -0.2971 0.2488 -0.9218
vn -0.0627 0.1885 -0.9800
vn -0.0717 0.1984 -0.9775
vn -0.2759 0.2766 -0.9205
vn -0.0584 0.1939 -0.9793
vn -0.0606 0.2000 -0.9779
vn 0.6553 -0.2176 -0.7233
vn -0.0491 0.2021 -0.9781
vn 0.6006 -0.2713 -0.7520
vn -0.0560 0.2009 -0.9780
vn 0.8658 -0.4834 -0.1290
vn 0.8972 -0.4218 -0.1309
vn 0.9269 -0.3524 -0.1292
vn 0.8116 -0.3104 -0.4949
vn 0.8252 -0.5493 -0.1314
vn 0.7854 -0.6061 -0.1255
vn 0.5791 -0.3538 -0.7345
vn -0.0517 0.2052 -0.9773
vn -0.0412 0.2034 -0.9782
vn -0.0461 0.2088 -0.9768
vn -0.2233 0.3213 -0.9203
vn -0.5454 0.4295 -0.7198
vn -0.2506 0.3020 -0.9198
vn -0.7960 0.5089 -0.3278
vn -0.5866 0.3729 -0.7189
vn -0.8506 0.4021 -0.3388
vn -0.8629 0.5051 -0.0158
vn -0.8625 0.5055 -0.0215
vn -0.8047 0.5876 -0.0851
vn -0.8900 0.4444 -0.1022
vn -0.7615 0.6432 -0.0802
vn -0.9335 0.3568 -0.0344
vn -0.9304 0.3601 -0.0685
vn -0.8683 0.3266 -0.3732
vn -0.9554 0.2761 -0.1045
vn -0.9694 0.2115 -0.1248
vn -0.9773 0.2116 0.0052
vn -0.9789 0.2028 -0.0260
vn -0.9762 0.2167 -0.0010
vn -0.9418 0.2076 -0.2642
vn -0.9605 0.2779 -0.0115
vn -0.9839 0.1768 0.0263
vn -0.9486 0.3039 0.0878
vn -0.9678 0.2503 0.0248
vn -0.9113 0.3122 -0.2681
vn -0.9850 0.1669 0.0419
vn -0.9685 0.2300 0.0955
vn -0.9552 0.2486 0.1603
vn -0.9752 0.2157 0.0488
vn -0.9874 0.1496 0.0515
vn -0.9905 0.1110 0.0807
vn -0.9920 0.0907 0.0880
vn -0.9653 0.1599 0.2062
vn -0.9728 0.1702 0.1572
vn -0.9935 0.0435 0.1047
vn -0.9770 0.0898 0.1932
vn -0.9861 0.1043 0.1296
vn -0.9797 0.1698 0.1064
vn -0.9901 0.0500 0.1307
vn -0.9941 0.0293 0.1038
vn -0.9999 0.0008 0.0081
vn -0.9986 0.0381 0.0360
vn -0.9980 0.0500 0.0372
vn -0.9977 0.0610 0.0279
vn -0.9947 0.0368 0.0960
vn -0.9977 -0.0126 0.0663
vn -0.9962 -0.0347 0.0798
vn -0.9945 -0.0435 0.0954
vn -0.9848 -0.0656 0.1605
vn -0.9644 -0.1600 0.2104
vn -0.9785 -0.1189 0.1685
vn -0.9558 -0.2469 0.1592
vn -0.9723 -0.1863 0.1411
vn -0.0347 0.2045 -0.9782
vn 0.6883 -0.7136 -0.1297
vn -0.7089 0.1394 -0.6913
vn -0.7240 0.1917 -0.6626
vn -0.8176 0.1623 -0.5524
vn -0.6682 0.3721 -0.6442
vn -0.6422 0.1168 -0.7576
vn -0.7221 0.1430 -0.6768
vn -0.6755 0.3919 -0.6245
vn -0.7516 0.1064 -0.6510
vn -0.7236 0.0688 -0.6867
vn -0.7859 0.0693 -0.6144
vn -0.8367 0.0411 -0.5460
vn -0.8489 0.0732 -0.5234
vn -0.8411 0.0343 -0.5398
vn -0.9073 -0.1205 -0.4028
vn -0.8520 -0.0271 -0.5228
vn -0.8650 -0.0127 -0.5015
vn -0.9350 -0.0559 -0.3502
vn -0.9705 -0.0203 -0.2402
vn -0.9840 -0.1326 -0.1188
vn -0.9887 -0.1183 -0.0916
vn -0.9187 -0.2501 -0.3055
vn -0.9651 -0.2071 -0.1598
vn -0.7820 0.0035 -0.6232
vn -0.9812 -0.1574 -0.1118
vn -0.4063 -0.0286 0.9133
vn -0.1096 -0.0322 0.9934
vn -0.2222 -0.0320 0.9745
vn -0.1131 -0.0162 0.9934
vn -0.2245 0.0000 0.9745
vn -0.1143 0.0000 0.9934
vn -0.0292 0.0000 0.9995
vn -0.0289 -0.0042 0.9996
vn -0.1131 0.0162 0.9934
vn -0.0281 -0.0082 0.9995
vn -0.0266 -0.0121 0.9995
vn -0.0246 -0.0158 0.9995
vn -0.0290 0.0042 0.9995
vn -0.0281 0.0082 0.9995
vn -0.0221 -0.0192 0.9995
vn -0.0192 -0.0221 0.9995
vn -0.0158 -0.0246 0.9995
vn -0.0748 -0.0863 0.9934
vn -0.0121 -0.0266 0.9995
vn -0.0246 0.0158 0.9995
vn -0.0266 0.0121 0.9995
vn -0.0221 0.0191 0.9995
vn -0.0191 0.0221 0.9995
vn -0.0158 0.0246 0.9995
vn -0.0121 0.0266 0.9995
vn 0.0121 -0.0266 0.9995
vn 0.0082 -0.0281 0.9995
vn 0.0475 -0.1039 0.9934
vn 0.1042 -0.2297 0.9677
vn 0.0618 -0.0961 0.9934
vn 0.1158 -0.1745 0.9778
vn 0.1381 -0.1595 0.9775
vn 0.0748 -0.0863 0.9934
vn 0.1447 -0.1826 0.9725
vn 0.1064 -0.1732 0.9791
vn 0.0781 -0.1693 0.9825
vn 0.0863 -0.0748 0.9934
vn 0.1685 -0.1414 0.9755
vn -0.1039 0.0475 0.9934
vn -0.0961 0.0618 0.9934
vn -0.1889 0.1214 0.9745
vn -0.1697 0.1470 0.9745
vn -0.0863 0.0748 0.9934
vn -0.0748 0.0863 0.9934
vn -0.1470 0.1697 0.9745
vn -0.1096 0.0322 0.9934
vn -0.2495 -0.0325 0.9678
vn -0.4229 -0.0203 0.9059
vn -0.4010 -0.0151 0.9159
vn -0.4019 -0.0176 0.9155
vn -0.4912 -0.0820 0.8672
vn -0.4246 -0.0355 0.9047
vn -0.4935 -0.0734 0.8666
vn -0.5214 -0.0527 0.8517
vn -0.5236 -0.0577 0.8500
vn -0.5958 -0.0856 0.7985
vn -0.6906 -0.0627 0.7205
vn -0.8063 -0.0943 0.5839
vn -0.8032 -0.1501 0.5765
vn -0.9081 -0.1220 0.4006
vn -0.8115 -0.1123 0.5734
vn -0.9080 -0.0574 0.4151
vn -0.9774 -0.0460 0.2061
vn -0.9688 -0.1429 0.2022
vn -0.9780 -0.0435 0.2039
vn -0.9389 -0.0681 0.3373
vn -0.9948 -0.0095 0.1011
vn -0.9942 -0.0115 0.1070
vn -0.9962 -0.0137 0.0852
vn -0.9957 -0.0238 0.0899
vn -0.9912 -0.0719 0.1106
vn -0.9711 -0.0981 0.2176
vn -0.9694 -0.0999 0.2242
vn -0.9889 -0.1176 0.0910
vn -0.9172 -0.2753 0.2880
vn -0.7343 -0.3453 0.5844
vn -0.8867 -0.1595 0.4340
vn -0.7574 -0.1966 0.6226
vn -0.7518 -0.1221 0.6479
vn -0.4793 -0.1591 0.8631
vn -0.6552 -0.0714 0.7520
vn -0.8058 -0.0663 0.5883
vn -0.5905 -0.2364 0.7716
vn -0.8054 -0.0645 0.5892
vn -0.4400 -0.3427 0.8300
vn -0.3834 -0.2446 0.8906
vn -0.4015 -0.4503 0.7974
vn -0.2132 -0.3071 0.9275
vn -0.3727 -0.2538 0.8925
vn -0.1424 -0.3727 0.9169
vn -0.1911 -0.3635 0.9117
vn -0.2614 -0.2856 0.9220
vn -0.3222 -0.2801 0.9042
vn -0.4296 -0.2379 0.8711
vn -0.3011 -0.2736 0.9135
vn -0.2770 -0.1964 0.9406
vn -0.2920 -0.1362 0.9467
vn -0.4013 -0.1481 0.9038
vn -0.2444 -0.1094 0.9635
vn -0.4055 -0.1303 0.9048
vn -0.3893 -0.0896 0.9167
vn -0.3860 -0.0725 0.9196
vn -0.1264 -0.3681 0.9211
vn -0.1150 -0.4020 0.9084
vn -0.0802 -0.4269 0.9007
vn -0.3329 -0.5498 0.7661
vn -0.0715 -0.4453 0.8925
vn -0.0454 -0.4535 0.8901
vn -0.3554 -0.6345 0.6864
vn -0.0538 -0.4872 0.8716
vn 0.5505 -0.5878 0.5927
vn 0.4542 -0.6408 0.6189
vn 0.3768 -0.6990 0.6077
vn 0.4650 -0.5835 0.6657
vn -0.9940 -0.0254 0.1057
vn -0.9997 -0.0208 0.0117
vn -0.7149 -0.0306 0.6985
vn -0.9922 -0.0722 0.1013
vn -0.7113 -0.1318 0.6904
vn -0.9713 -0.1398 0.1926
vn -0.9875 -0.1175 0.1048
vn -0.9783 -0.1848 0.0939
vn -0.9738 -0.2094 0.0888
vn -0.9840 -0.1463 0.1014
vn -0.6782 -0.2277 0.6987
vn -0.9632 -0.2580 0.0755
vn -0.9738 -0.2132 0.0789
vn -0.9968 -0.0034 0.0794
vn -0.9953 0.0054 0.0964
vn -0.9983 -0.0111 0.0568
vn -0.9777 0.0322 0.2076
vn -0.9390 0.1314 0.3179
vn -0.9984 -0.0188 0.0538
vn -0.9427 0.2131 0.2565
vn -0.9510 0.2237 0.2134
vn -0.9488 0.2814 0.1436
vn -0.9984 -0.0046 0.0552
vn -0.9637 0.2271 0.1401
vn -0.9452 0.3244 0.0376
vn -0.9551 0.2771 0.1042
vn -0.9992 -0.0191 0.0335
vn -0.9911 0.1306 0.0229
vn -0.9909 0.1326 0.0233
vn -0.9607 0.2752 -0.0366
vn -0.9998 -0.0143 0.0098
vn -0.8749 0.4810 -0.0563
vn -0.9455 0.2929 -0.1420
vn -0.9574 0.2717 -0.0977
vn -0.9645 0.2314 -0.1270
vn -0.9533 0.2386 -0.1848
vn -0.9403 0.2201 -0.2594
vn -0.9623 0.1868 -0.1975
vn -0.9469 0.1475 0.2857
vn -0.9503 0.1743 -0.2581
vn -0.9359 0.1342 -0.3257
vn -0.9593 0.1226 -0.2541
vn -0.9463 0.0944 -0.3093
vn -0.9597 0.2795 0.0280
vn -0.9658 0.2583 -0.0233
vn -0.9164 0.0668 0.3947
vn -0.9439 -0.0215 -0.3296
vn -0.9376 -0.2459 -0.2459
vn -0.6648 -0.4897 0.5641
vn -0.7885 -0.4890 0.3730
vn -0.6802 -0.4976 0.5383
vn -0.8998 -0.3529 0.2565
vn -0.8324 -0.3981 0.3854
vn -0.8589 -0.2891 0.4228
vn -0.7226 -0.3396 0.6020
vn -0.9992 0.0313 0.0227
vn -0.9992 0.0370 0.0155
vn -0.9991 0.0356 0.0195
vn -0.9965 0.0717 0.0432
vn -0.9998 0.0048 0.0173
vn -0.9998 0.0028 0.0190
vn -0.9858 0.0331 0.1643
vn -0.8734 0.4838 -0.0554
vn -0.8421 0.5188 -0.1476
vn -0.9865 0.0272 -0.1615
vn -0.9832 0.0361 -0.1786
vn -0.8189 0.5528 -0.1540
vn -0.9385 0.1840 -0.2919
vn -0.7872 0.5897 -0.1804
vn -0.7292 0.6594 -0.1828
vn -0.8532 0.3713 -0.3662
vn -0.8309 0.4203 -0.3645
vn -0.6907 0.6956 -0.1976
vn -0.7243 0.6605 -0.1978
vn -0.9240 0.1935 -0.3298
vn -0.6789 0.7048 -0.2055
vn -0.6425 0.7356 -0.2144
vn -0.6938 0.6396 -0.3309
vn -0.7536 0.5729 -0.3222
vn -0.8273 0.4349 -0.3555
vn -0.6606 0.6999 -0.2714
vn -0.6729 0.7059 -0.2211
vn -0.7575 0.5815 -0.2966
vn -0.7446 0.6114 -0.2679
vn -0.7567 0.5412 -0.3667
vn -0.8177 0.4387 -0.3726
vn -0.6639 0.7093 -0.2367
vn -0.7385 0.6184 -0.2685
vn -0.7786 0.5109 -0.3643
vn -0.6235 0.7560 -0.1992
vn -0.7367 0.5854 -0.3383
vn -0.6686 0.7120 -0.2145
vn -0.6081 0.7629 -0.2194
vn -0.6101 0.7627 -0.2146
vn -0.6211 0.7578 -0.2000
vn -0.5338 0.8390 -0.1055
vn -0.5410 0.8325 -0.1191
vn -0.5244 0.8480 -0.0769
vn -0.5025 0.8637 -0.0374
vn -0.5870 0.7907 -0.1739
vn -0.5133 0.8560 -0.0617
vn -0.4970 0.8671 -0.0326
vn -0.4978 0.8664 -0.0394
vn -0.4815 0.8747 -0.0551
vn -0.4981 0.8662 -0.0399
vn -0.4986 0.8664 -0.0279
vn -0.5183 0.8548 -0.0240
vn -0.4976 0.8669 -0.0281
vn -0.4821 0.8756 -0.0280
vn -0.4731 0.8806 -0.0277
vn -0.5202 0.8537 -0.0254
vn -0.5188 0.8544 -0.0296
vn -0.5292 0.8477 -0.0369
vn -0.4793 0.8722 -0.0969
vn -0.5314 0.8430 -0.0830
vn -0.5030 0.8637 -0.0311
vn -0.5113 0.8591 -0.0210
vn -0.5020 0.8648 -0.0068
vn -0.5047 0.8632 -0.0063
vn -0.4621 0.8862 -0.0318
vn -0.4378 0.8981 -0.0413
vn -0.4584 0.8868 -0.0591
vn -0.4265 0.9041 -0.0256
vn -0.3694 0.9290 -0.0203
vn -0.3901 0.9201 -0.0339
vn -0.2661 0.9639 -0.0070
vn -0.3363 0.9414 -0.0241
vn -0.2663 0.9638 -0.0107
vn -0.3255 0.9451 -0.0298
vn -0.2191 0.9757 -0.0046
vn -0.2103 0.9768 -0.0405
vn -0.2047 0.9787 -0.0131
vn -0.1628 0.9779 -0.1314
vn -0.2793 0.9560 -0.0893
vn -0.3356 0.9037 -0.2661
vn -0.0773 0.9741 -0.2123
vn -0.4594 0.8643 -0.2046
vn -0.4904 0.7742 -0.4001
vn -0.5778 0.6687 -0.4679
vn -0.5398 0.7793 -0.3183
vn -0.5148 0.8364 -0.1883
vn -0.5849 0.6675 -0.4607
vn -0.6182 0.6846 -0.3862
vn -0.5809 0.7808 -0.2301
vn -0.6525 0.6965 -0.2984
vn -0.5930 0.6595 -0.4619
vn -0.6358 0.5770 -0.5126
vn -0.6934 0.5802 -0.4272
vn -0.7121 0.4456 -0.5424
vn -0.7744 0.4566 -0.4380
vn -0.7639 0.5059 -0.4005
vn -0.8375 0.3222 -0.4413
vn -0.7731 0.5025 -0.3869
vn -0.7825 0.4711 -0.4071
vn -0.8295 0.4117 -0.3775
vn -0.8580 0.2859 -0.4266
vn -0.8627 0.3021 -0.4056
vn -0.8423 0.2878 -0.4558
vn -0.8752 0.3066 -0.3742
vn -0.8874 0.1435 -0.4381
vn -0.8385 0.2012 -0.5064
vn -0.8459 0.1869 -0.4995
vn -0.8375 0.1141 -0.5344
vn -0.8782 0.0347 -0.4769
vn -0.8574 0.0451 -0.5126
vn -0.8703 0.0309 -0.4914
vn -0.8932 0.0267 -0.4489
vn -0.9089 -0.0020 -0.4170
vn -0.9051 0.1487 -0.3982
vn -0.9226 0.0291 -0.3846
vn -0.9358 0.0368 -0.3506
vn -0.9503 0.0353 -0.3094
vn -0.9190 0.1653 -0.3578
vn -0.9494 0.0218 -0.3131
vn -0.9498 0.0208 -0.3122
vn -0.9601 0.0246 -0.2785
vn -0.9734 0.0438 -0.2250
vn -0.7681 0.4841 -0.4192
vn -0.5927 0.7896 -0.1585
vn -0.5899 0.8005 -0.1054
vn -0.5233 0.8458 -0.1042
vn -0.5342 0.8439 -0.0486
vn -0.6186 0.7583 -0.2055
vn -0.5819 0.8105 -0.0658
vn -0.5327 0.8332 -0.1480
vn -0.5419 0.8251 -0.1596
vn -0.4172 0.9077 -0.0449
vn -0.4259 0.9040 0.0356
vn -0.3457 0.9383 -0.0094
vn -0.2756 0.9611 0.0185
vn -0.5520 0.8215 -0.1430
vn -0.5782 0.8016 -0.1520
vn -0.5854 0.7910 -0.1777
vn -0.5915 0.7894 -0.1638
vn -0.3851 0.2467 -0.8892
vn -0.4381 0.2708 -0.8571
vn -0.2942 0.2516 -0.9220
vn -0.2000 0.7056 -0.6798
vn 0.0903 0.9382 -0.3341
vn 0.1353 0.8775 -0.4600
vn 0.2628 0.8310 -0.4902
vn 0.3364 0.9034 -0.2658
vn 0.3750 0.8148 -0.4420
vn 0.4549 0.8663 -0.2062
vn 0.4876 0.7749 -0.4022
vn 0.4442 0.8938 -0.0615
vn 0.4091 0.9119 -0.0320
vn 0.5301 0.8343 -0.1512
vn 0.5402 0.8268 -0.1567
vn 0.5763 0.7512 -0.3217
vn 0.5878 0.7757 -0.2297
vn 0.5905 0.6731 -0.4451
vn 0.6238 0.6827 -0.3805
vn 0.5430 0.8329 -0.1064
vn 0.5351 0.8430 -0.0544
vn 0.5914 0.7895 -0.1643
vn 0.5030 0.8643 -0.0045
vn 0.5052 0.8628 -0.0135
vn 0.5226 0.8518 -0.0346
vn 0.4965 0.8679 -0.0134
vn 0.6170 0.7857 -0.0447
vn 0.4957 0.8682 -0.0222
vn 0.4988 0.8665 -0.0181
vn 0.5150 0.8560 -0.0458
vn 0.4956 0.8685 -0.0127
vn 0.5068 0.8576 -0.0868
vn 0.5096 0.8602 -0.0188
vn 0.5088 0.8606 -0.0207
vn 0.5206 0.8535 -0.0235
vn 0.5207 0.8532 -0.0287
vn 0.5263 0.8499 -0.0253
vn 0.5108 0.8593 -0.0238
vn 0.5070 0.8607 -0.0462
vn 0.5907 0.7890 -0.1691
vn 0.4926 0.8689 -0.0476
vn 0.5768 0.8120 -0.0891
vn 0.6241 0.7552 -0.2004
vn 0.6194 0.7581 -0.2037
vn 0.5898 0.7999 -0.1104
vn 0.6523 0.6966 -0.2987
vn 0.4975 0.8669 -0.0305
vn 0.4544 0.8851 -0.1005
vn 0.4788 0.8777 -0.0193
vn 0.4974 0.8671 -0.0270
vn 0.5903 0.6665 -0.4553
vn 0.5835 0.6731 -0.4544
vn 0.5014 0.6467 -0.5747
vn 0.4059 0.9125 0.0512
vn 0.6735 0.7157 -0.1849
vn 0.7291 0.6555 -0.1964
vn 0.7539 0.6052 -0.2557
vn 0.7996 0.5765 -0.1677
vn 0.8035 0.5770 -0.1464
vn 0.9037 0.1513 -0.4006
vn 0.9069 0.0160 -0.4210
vn 0.9164 -0.0162 -0.3999
vn 0.9260 -0.0014 -0.3774
vn -0.1290 0.7274 -0.6739
vn 0.1799 0.4613 -0.8688
vn 0.1651 0.3712 -0.9138
vn -0.0043 0.4055 -0.9141
vn 0.2521 0.4305 -0.8666
vn 0.4380 0.4401 -0.7838
vn 0.3789 0.4509 -0.8081
vn 0.1304 0.2599 -0.9568
vn 0.2010 0.2799 -0.9387
vn 0.3718 0.2647 -0.8897
vn 0.7023 -0.0336 -0.7111
vn 0.7891 0.0752 -0.6095
vn 0.8940 0.2061 -0.3977
vn 0.9914 -0.0693 0.1110
vn 0.9993 -0.0318 -0.0189
vn 0.9932 -0.1108 -0.0342
vn 0.9857 -0.1595 0.0534
vn 0.9949 -0.0850 0.0542
vn 0.9794 -0.1350 0.1499
vn 0.9959 -0.0697 0.0572
vn 0.9673 -0.2164 0.1319
vn 0.9810 -0.1935 -0.0079
vn 0.9686 -0.2480 0.0180
vn 0.9428 -0.3272 0.0636
vn 0.9032 -0.4186 0.0943
vn 0.9455 -0.2756 0.1733
vn 0.9668 -0.2172 0.1344
vn 0.9426 -0.2466 0.2252
vn 0.9400 -0.2663 0.2134
vn 0.9830 -0.1236 0.1357
vn 0.9389 -0.2475 0.2390
vn 0.9692 -0.1657 0.1823
vn 0.9956 -0.0685 0.0636
vn 0.9870 -0.1087 0.1181
vn 0.9649 -0.1992 0.1710
vn 0.9923 -0.0904 0.0841
vn 0.9981 -0.0359 0.0494
vn 0.9946 -0.0703 0.0764
vn 0.9742 -0.1477 0.1705
vn 0.9992 -0.0210 0.0343
vn 0.9998 -0.0114 0.0168
vn 0.9982 0.0019 0.0591
vn 0.9994 0.0162 0.0317
vn 0.9992 -0.0150 0.0352
vn 0.9846 -0.1140 0.1328
vn 0.9997 -0.0082 0.0235
vn 0.9370 -0.2157 0.2745
vn 0.8585 -0.3347 0.3886
vn 0.9218 -0.2541 0.2926
vn 0.8666 -0.3124 0.3889
vn 0.8053 -0.4395 0.3978
vn 0.8584 -0.3783 0.3465
vn 0.9038 -0.3103 0.2945
vn 0.8602 -0.3772 0.3432
vn 0.9087 -0.3591 0.2126
vn 0.8603 -0.4232 0.2840
vn 0.9080 -0.3620 0.2109
vn 0.8673 -0.4803 0.1304
vn 0.8200 -0.4810 0.3103
vn 0.8137 -0.5628 0.1448
vn 0.8165 -0.4884 0.3076
vn 0.7480 -0.5013 0.4349
vn 0.7566 -0.5447 0.3616
vn 0.7507 -0.4857 0.4478
vn 0.6948 -0.6024 0.3927
vn 0.6701 -0.5604 0.4866
vn 0.7742 -0.4213 0.4723
vn 0.6074 -0.6133 0.5049
vn 0.6925 -0.6026 0.3967
vn 0.7954 -0.3786 0.4733
vn 0.6922 -0.4899 0.5299
vn 0.8714 -0.4747 0.1236
vn 0.9709 -0.0973 0.2187
vn 0.9764 -0.2093 0.0529
vn 0.9694 -0.0999 0.2242
vn 0.3780 -0.1141 0.9187
vn 0.3826 -0.1110 0.9172
vn 0.3638 -0.1055 0.9255
vn 0.2500 -0.0478 0.9670
vn 0.3885 -0.0623 0.9193
vn 0.2529 -0.0192 0.9673
vn 0.2550 -0.0174 0.9668
vn 0.1746 -0.0649 0.9825
vn 0.2175 -0.0150 0.9759
vn 0.1626 -0.0289 0.9862
vn 0.1401 -0.0216 0.9899
vn 0.0292 0.0000 0.9995
vn 0.2042 0.0933 0.9745
vn 0.7602 0.3026 0.5749
vn 0.7371 0.4152 0.5332
vn 0.7078 0.4271 0.5626
vn 0.6471 0.5016 0.5742
vn 0.7709 -0.0875 -0.6308
vn 0.7689 -0.2352 -0.5945
vn 0.7153 -0.3810 -0.5858
vn 0.6991 0.0447 -0.7136
vn 0.7601 0.1346 -0.6357
vn 0.3693 0.0600 -0.9274
vn -0.6472 -0.4794 0.5928
vn -0.7192 -0.3883 0.5762
vn -0.6499 -0.3689 0.6644
vn -0.0010 -0.0106 0.9999
vn -0.0381 -0.0140 0.9991
vn -0.0087 -0.0404 0.9991
vn -0.0010 -0.0284 0.9996
vn -0.0026 -0.0268 0.9996
vn -0.0045 -0.0281 0.9996
vn -0.0056 -0.0266 0.9996
vn -0.0157 -0.1080 0.9940
vn -0.0125 -0.0866 0.9962
vn -0.0305 -0.1026 0.9942
vn -0.2448 -0.7568 0.6061
vn -0.1051 -0.7890 0.6052
vn -0.0012 -0.7544 0.6563
vn -0.0214 -0.8318 0.5546
vn 0.0631 -0.7882 0.6121
vn -0.3725 -0.6546 0.6578
vn -0.6542 -0.3720 0.6585
vn -0.7280 -0.0958 0.6789
vn -0.6732 -0.3642 0.6435
vn -0.6276 -0.4288 0.6498
vn -0.5359 -0.5719 0.6210
vn 0.0433 -0.4893 0.8710
vn 0.1301 -0.6778 0.7236
vn 0.0479 -0.5044 0.8621
vn 0.2432 -0.8446 0.4769
vn 0.0279 -0.5084 0.8606
vn 0.0718 -0.6957 0.7147
vn -0.6559 -0.5513 0.5156
vn 0.1389 -0.8777 0.4586
vn -0.7055 -0.4193 0.5714
vn 0.0183 -0.5135 0.8578
vn 0.0286 -0.5164 0.8558
vn 0.0125 -0.5205 0.8537
vn -0.6913 -0.5973 0.4065
vn -0.6838 -0.3862 0.6190
vn -0.6422 -0.7009 0.3104
vn -0.6631 -0.7294 0.1681
vn 0.1704 -0.9710 0.1677
vn 0.2237 -0.9740 -0.0354
vn 0.3330 -0.9185 0.2134
vn 0.3901 -0.8997 -0.1956
vn -0.6285 -0.7647 0.1419
vn 0.3979 -0.9174 -0.0010
vn 0.4336 -0.9003 0.0381
vn 0.5262 -0.8498 0.0298
vn 0.5994 -0.7986 0.0544
vn 0.4747 -0.8430 0.2530
vn 0.6796 -0.7302 0.0700
vn 0.2278 -0.6329 0.7400
vn 0.1893 -0.7561 0.6265
vn 0.2032 -0.6979 0.6868
vn 0.2536 -0.7385 0.6247
vn 0.2354 -0.6832 0.6912
vn 0.1746 -0.7577 0.6288
vn 0.1656 -0.8537 0.4938
vn 0.1651 -0.9016 0.3998
vn 0.1701 -0.9036 0.3931
vn 0.0501 -0.9544 0.2944
vn 0.0168 -0.9922 0.1234
vn 0.0183 -0.9815 0.1905
vn 0.0768 -0.8370 0.5417
vn 0.0865 -0.8898 0.4481
vn 0.0972 -0.8906 0.4442
vn 0.0109 -0.9678 0.2513
vn 0.0000 -0.9650 0.2621
vn -0.6868 -0.3851 0.6165
vn -0.6682 -0.5517 0.4992
vn -0.6789 -0.3580 0.6410
vn -0.6337 -0.4294 0.6434
vn -0.5338 -0.5764 0.6187
vn -0.5212 -0.6303 0.5753
vn -0.4070 -0.6868 0.6021
vn -0.3749 -0.7417 0.5561
vn -0.6338 -0.7711 0.0604
vn -0.5528 -0.8314 0.0574
vn -0.5520 -0.8315 0.0616
vn 0.8103 -0.1559 -0.5649
vn 0.4875 -0.8721 -0.0414
vn 0.1232 -0.9923 -0.0104
vn 0.1235 -0.9923 0.0105
vn 0.3243 -0.9201 0.2196
vn 0.5559 -0.7739 0.3032
vn 0.5263 -0.7688 0.3632
vn 1.0000 -0.0056 0.0000
vn 0.9984 -0.0502 0.0251
vn 0.9990 -0.0429 -0.0097
vn 0.9939 -0.0928 0.0599
vn 0.9800 -0.0960 0.1739
vn 0.9741 -0.0840 0.2100
vn 0.9772 -0.0443 0.2075
vn 0.9709 -0.0482 0.2346
vn 0.9706 -0.0189 0.2399
vn 0.8600 -0.3923 -0.3262
vn 0.8428 -0.3357 -0.4205
vn 0.9530 0.0743 -0.2938
vn 0.8921 0.0725 -0.4460
vn 0.7789 -0.3673 -0.5084
vn 0.8100 0.0704 -0.5822
vn 0.8547 0.0681 -0.5146
vn 0.7937 0.2292 -0.5634
vn 0.8739 0.2290 -0.4287
vn 0.9029 0.2338 -0.3605
vn 0.9307 0.2275 -0.2863
vn 0.7250 0.2533 -0.6404
vn 0.7400 0.2218 -0.6350
vn 0.7595 0.0710 -0.6465
vn 0.7185 -0.3578 -0.5963
vn 0.5263 -0.7667 -0.3677
vn 0.9544 -0.0041 0.2983
vn 0.9655 -0.1555 -0.2087
vn 0.0000 -0.9844 0.1760
vn -0.0456 -0.9027 0.4277
vn -0.0191 -0.9917 0.1269
vn -0.0430 -0.9844 0.1705
vn -0.0175 -0.9729 0.2307
vn -0.0119 -0.9387 0.3444
vn -0.0521 -0.9516 0.3029
vn -0.1196 -0.9698 0.2124
vn -0.1051 -0.6187 0.7785
vn -0.7990 0.0120 0.6012
vn -0.7566 -0.0238 0.6534
vn -0.3671 -0.6789 0.6359
vn -0.3375 -0.7377 0.5847
vn -0.1747 -0.7377 0.6521
vn -0.2592 -0.6870 0.6788
vn -0.2111 -0.1336 0.9683
vn -0.0871 -0.6882 0.7202
vn -0.2903 -0.1263 0.9485
vn -0.3722 -0.1329 0.9186
vn 0.5408 -0.6750 0.5018
vn 0.6647 -0.6750 0.3201
vn 0.5081 -0.7483 0.4263
vn 0.6233 -0.7483 0.2268
vn 0.7179 -0.6827 0.1358
vn 0.6633 -0.7483 0.0000
vn 0.7179 -0.6827 -0.1358
vn 0.7232 -0.6907 0.0000
vn 0.6233 -0.7483 -0.2268
vn 0.6647 -0.6750 -0.3201
vn 0.5081 -0.7483 -0.4263
vn 0.5408 -0.6750 -0.5018
vn 0.4912 -0.7422 -0.4558
vn 0.3689 -0.6750 -0.6389
vn 0.1642 -0.6750 -0.7193
vn 0.3316 -0.7483 -0.5744
vn 0.3712 -0.6700 -0.6429
vn 0.1289 -0.6700 -0.7310
vn 0.1152 -0.7483 -0.6532
vn -0.1289 -0.6700 -0.7310
vn 0.0683 -0.7570 -0.6498
vn 0.3267 -0.7570 -0.5658
vn -0.2313 -0.6631 -0.7118
vn -0.2019 -0.7570 -0.6214
vn -0.5008 -0.6631 -0.5562
vn -0.4372 -0.7570 -0.4855
vn -0.5687 -0.6700 -0.4772
vn -0.6976 -0.6700 -0.2539
vn -0.7423 -0.6700 0.0000
vn -0.6976 -0.6700 0.2539
vn -0.6233 -0.7483 0.2268
vn -0.3712 -0.6700 -0.6429
vn -0.3316 -0.7483 -0.5744
vn -0.1151 -0.7483 -0.6532
vn -0.4600 -0.6750 -0.5768
vn -0.2695 -0.6750 -0.6868
vn -0.0551 -0.6750 -0.7357
vn -0.2448 -0.7422 -0.6238
vn 0.6681 -0.7332 0.1264
usemtl motoman_scan_mat
s 1
f 1/1/1 6/2/2 2/3/3
f 1/1/1 2/3/3 3/4/4
f 8/5/5 1/6/1 3/7/4
f 1/8/1 7/9/6 4/10/7
f 1/1/1 4/11/7 5/12/8
f 1/1/1 5/12/8 6/2/2
f 7/9/6 1/8/1 8/13/5
f 8/5/5 3/7/4 10/14/9
f 11/15/10 9/16/11 8/17/5
f 9/16/11 7/18/6 8/17/5
f 11/15/10 8/17/5 10/19/9
f 11/15/10 12/20/12 16/21/13
f 21/22/14 12/20/12 11/15/10
f 13/23/15 9/16/11 11/15/10
f 11/15/10 16/21/13 13/23/15
f 11/24/10 14/25/16 15/26/17
f 10/14/9 14/25/16 11/24/10
f 11/24/10 15/26/17 17/27/18
f 17/28/18 18/29/19 11/15/10
f 11/15/10 18/29/19 19/30/20
f 11/15/10 19/30/20 20/31/21
f 20/31/21 21/22/14 11/15/10
f 21/22/14 22/32/22 12/20/12
f 20/31/21 22/32/22 21/22/14
f 20/31/21 23/33/23 22/32/22
f 23/33/23 24/34/24 22/32/22
f 22/32/22 24/34/24 25/35/25
f 26/36/26 12/20/12 22/32/22
f 22/32/22 25/35/25 26/36/26
f 26/36/26 25/35/25 27/37/27
f 26/36/26 28/38/28 16/21/13
f 16/21/13 12/20/12 26/36/26
f 26/36/26 27/37/27 28/38/28
f 28/38/28 27/37/27 29/39/29
f 16/21/13 28/38/28 30/40/30
f 28/38/28 29/39/29 30/40/30
f 30/40/30 29/39/29 31/41/31
f 16/21/13 30/40/30 13/23/15
f 13/42/15 30/43/30 32/44/32
f 30/40/30 31/41/31 32/45/32
f 32/45/32 31/41/31 34/46/33
f 13/42/15 32/44/32 33/47/34
f 33/47/34 32/44/32 35/48/35
f 32/45/32 34/46/33 35/49/35
f 35/49/35 34/46/33 36/50/36
f 33/47/34 35/48/35 9/51/11
f 9/51/11 35/48/35 4/10/7
f 35/49/35 36/50/36 4/11/7
f 34/52/33 38/53/37 36/54/36
f 4/11/7 36/50/36 5/12/8
f 36/54/36 37/55/38 5/56/8
f 36/54/36 38/53/37 37/55/38
f 38/57/37 41/58/39 37/59/38
f 34/52/33 39/60/40 38/53/37
f 39/61/40 40/62/41 38/57/37
f 38/57/37 40/62/41 41/58/39
f 41/63/39 44/64/42 42/65/43
f 37/59/38 41/58/39 42/66/43
f 41/63/39 43/67/44 44/64/42
f 40/68/41 43/67/44 41/63/39
f 42/65/43 44/64/42 47/69/45
f 43/70/44 45/71/46 44/72/42
f 44/72/42 45/71/46 46/73/47
f 44/72/42 46/73/47 47/74/45
f 47/74/45 48/75/48 49/76/49
f 47/74/45 46/73/47 48/75/48
f 50/77/50 47/69/45 49/78/49
f 42/65/43 47/69/45 50/77/50
f 37/59/38 42/66/43 50/79/50
f 37/59/38 50/79/50 51/80/51
f 50/77/50 49/78/49 52/81/52
f 51/80/51 50/79/50 52/82/52
f 51/80/51 52/82/52 53/83/53
f 52/84/52 49/85/49 55/86/54
f 53/83/53 52/82/52 54/87/55
f 52/84/52 55/86/54 54/88/55
f 49/76/49 56/89/56 55/90/54
f 55/90/54 56/89/56 57/91/57
f 55/90/54 57/91/57 58/92/58
f 54/88/55 55/86/54 58/93/58
f 59/94/59 58/93/58 61/95/60
f 54/88/55 58/93/58 59/94/59
f 58/92/58 57/91/57 60/96/61
f 58/92/58 60/96/61 61/97/60
f 61/97/60 60/96/61 62/98/62
f 61/97/60 62/98/62 63/99/63
f 64/100/64 61/95/60 63/101/63
f 59/94/59 61/95/60 64/100/64
f 65/102/65 59/103/59 64/104/64
f 65/102/65 64/104/64 66/105/66
f 66/105/66 64/104/64 67/106/67
f 64/100/64 63/101/63 67/107/67
f 66/105/66 67/106/67 68/108/68
f 68/108/68 67/106/67 69/109/69
f 67/107/67 70/110/70 69/111/69
f 67/107/67 63/101/63 70/110/70
f 69/111/69 70/110/70 71/112/71
f 70/113/70 73/114/72 71/115/71
f 63/99/63 72/116/73 70/113/70
f 70/113/70 72/116/73 73/114/72
f 71/115/71 73/114/72 74/117/74
f 72/118/73 75/119/75 73/120/72
f 73/120/72 76/121/76 74/122/74
f 73/120/72 75/119/75 76/121/76
f 75/123/75 77/124/77 76/125/76
f 76/125/76 77/124/77 78/126/78
f 76/125/76 78/126/78 79/127/79
f 74/128/74 76/129/76 79/130/79
f 79/127/79 78/126/78 81/131/80
f 80/132/81 79/130/79 82/133/82
f 74/128/74 79/130/79 80/132/81
f 79/127/79 81/131/80 82/134/82
f 80/132/81 82/133/82 83/135/83
f 83/135/83 82/133/82 85/136/84
f 82/134/82 81/131/80 84/137/85
f 82/134/82 84/137/85 85/138/84
f 85/138/84 86/139/86 87/140/87
f 84/137/85 86/139/86 85/138/84
f 85/138/84 87/140/87 88/141/88
f 89/142/89 85/136/84 88/143/88
f 83/135/83 85/136/84 89/142/89
f 90/144/90 83/145/83 89/146/89
f 90/144/90 89/146/89 91/147/91
f 91/147/91 89/146/89 92/148/92
f 89/142/89 88/143/88 92/149/92
f 91/147/91 92/148/92 93/150/93
f 93/150/93 92/148/92 94/151/94
f 92/149/92 95/152/95 94/153/94
f 92/149/92 88/143/88 95/152/95
f 94/153/94 95/152/95 98/154/96
f 88/141/88 96/155/97 95/156/95
f 95/156/95 96/155/97 97/157/98
f 95/156/95 97/157/98 98/158/96
f 94/153/94 98/154/96 99/159/99
f 99/160/99 98/158/96 101/161/100
f 98/158/96 97/157/98 100/162/101
f 98/158/96 100/162/101 101/161/100
f 101/161/100 100/162/101 102/163/102
f 101/161/100 102/163/102 103/164/103
f 104/165/104 101/161/100 103/164/103
f 99/160/99 101/161/100 104/165/104
f 105/166/105 99/160/99 104/165/104
f 105/166/105 104/165/104 106/167/106
f 106/167/106 104/165/104 107/168/107
f 104/165/104 103/164/103 107/168/107
f 106/167/106 107/168/107 108/169/108
f 107/168/107 103/164/103 110/170/109
f 108/169/108 107/168/107 109/171/110
f 107/168/107 110/170/109 109/171/110
f 109/171/110 110/170/109 113/172/111
f 103/164/103 111/173/112 110/170/109
f 110/170/109 111/173/112 112/174/113
f 110/170/109 112/174/113 113/172/111
f 109/171/110 113/172/111 114/175/114
f 114/175/114 113/172/111 116/176/115
f 113/172/111 112/174/113 115/177/116
f 113/172/111 115/177/116 116/176/115
f 116/176/115 115/177/116 117/178/117
f 116/176/115 117/178/117 118/179/118
f 119/180/119 116/176/115 118/179/118
f 114/175/114 116/176/115 119/180/119
f 120/181/120 114/175/114 119/180/119
f 120/181/120 119/180/119 121/182/121
f 121/182/121 119/180/119 122/183/122
f 119/180/119 118/179/118 122/183/122
f 121/182/121 122/183/122 123/184/123
f 123/184/123 122/183/122 124/185/124
f 122/186/122 125/187/125 124/188/124
f 122/186/122 118/189/118 125/187/125
f 118/179/118 126/190/126 125/191/125
f 124/188/124 125/187/125 128/192/127
f 125/191/125 126/190/126 127/193/128
f 125/191/125 127/193/128 128/194/127
f 45/195/46 128/192/127 129/196/129
f 128/194/127 130/197/130 129/198/129
f 124/188/124 128/192/127 45/195/46
f 128/194/127 127/193/128 130/197/130
f 130/199/130 135/200/131 131/201/132
f 129/198/129 130/197/130 131/202/132
f 132/203/133 134/204/134 130/199/130
f 132/203/133 130/199/130 133/205/135
f 133/205/135 130/199/130 127/206/128
f 130/199/130 134/204/134 135/200/131
f 135/200/131 138/207/136 131/201/132
f 137/208/137 135/200/131 134/204/134
f 136/209/138 135/200/131 137/208/137
f 136/209/138 138/207/136 135/200/131
f 131/201/132 138/207/136 139/210/139
f 140/211/140 139/210/139 138/207/136
f 140/211/140 138/207/136 136/209/138
f 140/211/140 141/212/141 143/213/142
f 144/214/143 141/212/141 140/211/140
f 136/209/138 144/214/143 140/211/140
f 140/211/140 143/213/142 142/215/144
f 142/215/144 139/210/139 140/211/140
f 144/214/143 147/216/145 141/212/141
f 146/217/146 144/214/143 136/209/138
f 145/218/147 147/216/145 144/214/143
f 146/217/146 145/218/147 144/214/143
f 145/219/147 148/220/148 147/221/145
f 147/221/145 148/220/148 149/222/149
f 147/221/145 149/222/149 150/223/150
f 150/224/150 141/212/141 147/216/145
f 150/223/150 149/222/149 151/225/151
f 150/223/150 151/225/151 152/226/152
f 152/227/152 153/228/153 150/224/150
f 150/224/150 153/228/153 141/212/141
f 141/212/141 153/228/153 143/213/142
f 152/227/152 155/229/154 153/228/153
f 153/228/153 154/230/155 143/213/142
f 153/228/153 155/229/154 154/230/155
f 152/227/152 157/231/156 155/229/154
f 155/229/154 156/232/157 158/233/158
f 157/231/156 156/232/157 155/229/154
f 155/229/154 158/233/158 154/230/155
f 156/232/157 160/234/159 158/233/158
f 158/233/158 161/235/160 159/236/161
f 154/230/155 158/233/158 159/236/161
f 158/233/158 160/234/159 161/235/160
f 161/235/160 162/237/162 159/236/161
f 163/238/163 162/237/162 161/235/160
f 160/234/159 163/238/163 161/235/160
f 163/238/163 165/239/164 162/237/162
f 160/240/159 164/241/165 163/242/163
f 164/241/165 165/243/164 163/242/163
f 166/244/166 162/245/162 165/246/164
f 166/244/166 165/246/164 169/247/167
f 164/241/165 167/248/168 165/243/164
f 165/243/164 167/248/168 168/249/169
f 165/243/164 168/249/169 170/250/170
f 169/247/167 165/246/164 170/251/170
f 169/247/167 170/251/170 171/252/171
f 171/252/171 170/251/170 172/253/172
f 170/250/170 174/254/173 172/255/172
f 168/249/169 173/256/174 170/250/170
f 170/250/170 173/256/174 174/254/173
f 173/256/174 175/257/175 174/254/173
f 175/257/175 176/258/176 174/254/173
f 174/254/173 176/258/176 172/255/172
f 172/255/172 176/258/176 177/259/177
f 178/260/178 177/259/177 176/258/176
f 175/257/175 178/260/178 176/258/176
f 179/261/179 181/262/180 178/260/178
f 178/260/178 180/263/181 179/261/179
f 182/264/182 180/263/181 178/260/178
f 178/260/178 181/262/180 177/259/177
f 182/264/182 178/260/178 175/257/175
f 183/265/183 182/264/182 185/266/184
f 184/267/185 182/264/182 183/265/183
f 184/267/185 180/263/181 182/264/182
f 185/266/184 182/264/182 175/257/175
f 187/268/186 186/269/187 185/266/184
f 183/265/183 185/266/184 186/269/187
f 188/270/188 185/266/184 175/257/175
f 187/268/186 185/266/184 188/270/188
f 168/249/169 188/270/188 173/256/174
f 189/271/189 188/270/188 168/249/169
f 189/271/189 187/268/186 188/270/188
f 188/270/188 175/257/175 173/256/174
f 189/271/189 167/248/168 164/241/165
f 168/249/169 167/248/168 189/271/189
f 189/271/189 164/241/165 160/240/159
f 189/271/189 160/240/159 190/272/190
f 190/272/190 187/268/186 189/271/189
f 190/273/190 192/274/191 187/275/186
f 156/232/157 190/273/190 160/234/159
f 191/276/192 190/273/190 156/232/157
f 191/276/192 192/274/191 190/273/190
f 191/277/192 193/278/193 192/279/191
f 192/279/191 193/278/193 194/280/194
f 192/279/191 194/280/194 186/281/187
f 192/274/191 186/282/187 187/275/186
f 197/283/195 194/284/194 193/285/193
f 186/281/187 194/280/194 195/286/196
f 196/287/197 195/288/196 194/284/194
f 196/287/197 194/284/194 197/283/195
f 197/283/195 201/289/198 198/290/199
f 198/290/199 196/287/197 197/283/195
f 197/283/195 199/291/200 201/289/198
f 200/292/201 199/291/200 197/283/195
f 197/283/195 193/285/193 200/292/201
f 201/289/198 202/293/202 203/294/203
f 199/291/200 202/293/202 201/289/198
f 201/289/198 203/294/203 198/290/199
f 202/293/202 207/295/204 203/294/203
f 203/294/203 204/296/205 206/297/206
f 203/294/203 207/295/204 204/296/205
f 203/294/203 205/298/207 209/299/208
f 206/297/206 205/298/207 203/294/203
f 198/290/199 203/294/203 208/300/209
f 203/294/203 209/299/208 208/300/209
f 210/301/210 209/299/208 205/298/207
f 210/301/210 211/302/211 209/299/208
f 208/300/209 209/299/208 211/302/211
f 212/303/212 211/302/211 210/301/210
f 213/304/213 211/302/211 212/303/212
f 208/300/209 211/302/211 213/304/213
f 214/305/214 208/300/209 213/304/213
f 214/306/214 213/307/213 216/308/215
f 213/309/213 215/310/216 217/311/217
f 213/312/213 218/313/218 215/314/216
f 216/315/215 213/309/213 217/311/217
f 213/304/213 212/303/212 218/316/218
f 219/317/219 218/313/218 220/318/220
f 219/317/219 215/314/216 218/313/218
f 220/318/220 218/313/218 221/319/221
f 218/316/218 212/303/212 221/320/221
f 221/320/221 210/301/210 222/321/222
f 220/318/220 221/319/221 222/322/222
f 221/320/221 212/303/212 210/301/210
f 222/322/222 223/323/223 224/324/224
f 226/325/225 223/323/223 222/322/222
f 222/322/222 224/324/224 220/318/220
f 222/321/222 225/326/226 226/327/225
f 222/321/222 210/301/210 225/326/226
f 226/327/225 225/326/226 227/328/227
f 227/328/227 228/329/228 226/327/225
f 226/327/225 228/329/228 223/330/223
f 227/328/227 229/331/229 228/329/228
f 228/329/228 229/331/229 230/332/230
f 230/332/230 223/330/223 228/329/228
f 230/333/230 224/324/224 223/323/223
f 230/333/230 233/334/231 231/335/232
f 231/335/232 224/324/224 230/333/230
f 230/333/230 232/336/233 233/334/231
f 235/337/234 232/336/233 230/333/230
f 230/333/230 234/338/235 235/337/234
f 230/332/230 229/331/229 234/339/235
f 235/340/234 236/341/236 244/342/237
f 235/340/234 234/343/235 236/341/236
f 235/337/234 237/344/238 232/336/233
f 243/345/239 237/344/238 235/337/234
f 235/337/234 238/346/240 239/347/241
f 244/348/237 238/346/240 235/337/234
f 235/337/234 239/347/241 240/349/242
f 240/349/242 241/350/243 235/337/234
f 235/337/234 241/350/243 242/351/244
f 235/337/234 242/351/244 243/345/239
f 245/352/245 244/353/237 248/354/246
f 245/352/245 246/355/247 244/353/237
f 246/356/247 247/357/248 244/358/237
f 244/358/237 247/357/248 238/359/240
f 248/354/246 244/353/237 236/360/236
f 248/354/246 236/360/236 249/361/249
f 250/362/250 248/363/246 249/364/249
f 250/362/250 245/365/245 248/363/246
f 250/362/250 251/366/251 256/367/252
f 252/368/253 251/366/251 250/362/250
f 253/369/254 252/368/253 250/362/250
f 249/364/249 227/328/227 250/362/250
f 250/362/250 225/326/226 253/369/254
f 250/362/250 227/328/227 225/326/226
f 259/370/255 245/365/245 250/362/250
f 254/371/256 257/372/257 250/362/250
f 255/373/258 254/371/256 250/362/250
f 250/362/250 256/367/252 255/373/258
f 250/362/250 257/372/257 258/374/259
f 250/362/250 258/374/259 259/370/255
f 262/375/260 259/370/255 258/374/259
f 260/376/261 259/370/255 261/377/262
f 245/365/245 259/370/255 260/376/261
f 261/377/262 259/370/255 262/375/260
f 262/375/260 258/374/259 263/378/263
f 262/375/260 264/379/264 261/377/262
f 263/378/263 265/380/265 262/375/260
f 262/375/260 265/380/265 264/379/264
f 265/380/265 266/381/266 268/382/267
f 265/380/265 267/383/268 266/381/266
f 263/378/263 267/383/268 265/380/265
f 264/379/264 265/380/265 268/382/267
f 269/384/269 271/385/270 268/386/267
f 268/382/267 270/387/271 269/388/269
f 268/382/267 266/381/266 270/387/271
f 268/386/267 271/385/270 275/389/272
f 264/379/264 268/382/267 272/390/273
f 272/390/273 268/382/267 273/391/274
f 273/392/274 268/386/267 274/393/275
f 268/386/267 275/389/272 274/393/275
f 276/394/276 275/389/272 271/385/270
f 276/394/276 274/393/275 275/389/272
f 271/385/270 277/395/277 276/394/276
f 276/394/276 277/395/277 279/396/278
f 276/397/276 278/398/279 282/399/280
f 276/397/276 283/400/281 278/398/279
f 279/396/278 280/401/282 276/394/276
f 276/402/276 280/403/282 281/404/283
f 276/402/276 281/404/283 284/405/284
f 282/406/280 274/393/275 276/394/276
f 284/407/284 283/400/281 276/397/276
f 284/408/284 288/409/285 285/410/286
f 285/410/286 283/411/281 284/408/284
f 284/408/284 289/412/287 286/413/288
f 286/413/288 287/414/289 284/408/284
f 284/408/284 287/414/289 288/409/285
f 284/405/284 281/404/283 289/415/287
f 286/413/288 289/412/287 290/416/290
f 291/417/291 290/418/290 289/415/287
f 291/417/291 289/415/287 292/419/292
f 293/420/293 292/419/292 289/415/287
f 289/415/287 281/404/283 293/420/293
f 293/420/293 294/421/294 295/422/295
f 297/423/296 294/424/294 293/425/293
f 295/422/295 296/426/297 293/420/293
f 293/420/293 296/426/297 292/419/292
f 293/420/293 280/403/282 297/427/296
f 293/420/293 281/404/283 280/403/282
f 297/428/296 298/429/298 294/430/294
f 297/431/296 280/432/282 298/433/298
f 298/429/298 266/381/266 299/434/299
f 294/430/294 298/429/298 299/434/299
f 269/388/269 270/387/271 298/429/298
f 298/429/298 279/435/278 269/388/269
f 298/429/298 270/387/271 266/381/266
f 298/429/298 280/436/282 279/435/278
f 299/434/299 267/383/268 300/437/300
f 299/434/299 300/437/300 301/438/301
f 299/434/299 266/381/266 267/383/268
f 294/430/294 299/434/299 302/439/302
f 302/439/302 299/434/299 301/438/301
f 302/439/302 303/440/303 304/441/304
f 301/438/301 303/440/303 302/439/302
f 302/439/302 304/441/304 294/430/294
f 308/442/305 304/441/304 303/440/303
f 294/430/294 304/441/304 305/443/306
f 306/444/307 305/443/306 304/441/304
f 306/444/307 304/441/304 307/445/308
f 307/445/308 304/441/304 308/442/305
f 308/442/305 310/446/309 307/445/308
f 308/442/305 309/447/310 310/446/309
f 308/442/305 303/440/303 309/447/310
f 307/445/308 310/446/309 312/448/311
f 310/446/309 309/447/310 311/449/312
f 310/446/309 311/449/312 314/450/313
f 312/448/311 310/446/309 313/451/314
f 313/451/314 310/446/309 314/450/313
f 315/452/315 314/450/313 318/453/316
f 313/451/314 314/450/313 315/452/315
f 314/450/313 316/454/317 319/455/318
f 314/450/313 311/449/312 316/454/317
f 314/450/313 320/456/319 317/457/320
f 314/450/313 317/457/320 318/453/316
f 319/455/318 320/456/319 314/450/313
f 322/458/321 320/456/319 321/459/322
f 319/455/318 321/459/322 320/456/319
f 322/458/321 317/457/320 320/456/319
f 322/458/321 323/460/323 317/457/320
f 322/458/321 327/461/324 323/460/323
f 322/458/321 324/462/325 325/463/326
f 321/459/322 324/462/325 322/458/321
f 322/458/321 325/463/326 326/464/327
f 326/464/327 327/461/324 322/458/321
f 285/410/286 327/465/324 329/466/328
f 328/467/329 327/465/324 285/410/286
f 328/468/329 323/460/323 327/461/324
f 326/464/327 329/469/328 327/461/324
f 330/470/330 329/469/328 326/464/327
f 285/410/286 329/466/328 330/471/330
f 330/470/330 331/472/331 332/473/332
f 326/464/327 331/472/331 330/470/330
f 332/473/332 333/474/333 330/470/330
f 330/471/330 333/475/333 285/410/286
f 335/476/334 334/477/335 333/474/333
f 285/410/286 333/475/333 334/478/335
f 335/476/334 333/474/333 332/473/332
f 336/479/336 335/476/334 337/480/337
f 336/479/336 338/481/338 335/476/334
f 338/481/338 334/477/335 335/476/334
f 337/480/337 335/476/334 332/473/332
f 338/481/338 339/482/339 334/477/335
f 340/483/340 339/482/339 338/481/338
f 341/484/341 340/483/340 338/481/338
f 341/484/341 338/481/338 336/479/336
f 341/484/341 342/485/342 343/486/343
f 341/484/341 345/487/344 342/485/342
f 343/486/343 340/483/340 341/484/341
f 341/484/341 344/488/345 346/489/346
f 336/479/336 344/488/345 341/484/341
f 341/484/341 346/489/346 345/487/344
f 347/490/347 345/487/344 346/489/346
f 347/490/347 346/489/346 348/491/348
f 344/488/345 348/491/348 346/489/346
f 348/491/348 349/492/349 347/490/347
f 349/492/349 348/491/348 350/493/350
f 350/493/350 348/491/348 344/488/345
f 349/492/349 350/493/350 351/494/351
f 351/494/351 350/493/350 352/495/352
f 352/495/352 350/493/350 344/488/345
f 354/496/353 351/494/351 352/495/352
f 352/495/352 344/488/345 353/497/354
f 352/495/352 353/497/354 354/496/353
f 354/496/353 359/498/355 355/499/356
f 355/499/356 356/500/357 354/496/353
f 354/496/353 356/500/357 358/501/358
f 354/496/353 357/502/359 351/494/351
f 360/503/360 357/502/359 354/496/353
f 354/496/353 358/501/358 360/503/360
f 354/496/353 353/497/354 359/498/355
f 360/503/360 361/504/361 357/502/359
f 363/505/362 361/504/361 360/503/360
f 360/503/360 364/506/363 362/507/364
f 360/503/360 362/507/364 363/505/362
f 360/503/360 358/501/358 364/506/363
f 365/508/365 362/507/364 364/506/363
f 364/506/363 358/501/358 366/509/366
f 365/508/365 364/506/363 366/509/366
f 366/509/366 149/510/149 365/508/365
f 367/511/367 151/512/151 366/509/366
f 366/509/366 356/500/357 367/511/367
f 366/509/366 358/501/358 356/500/357
f 366/509/366 151/512/151 149/510/149
f 367/511/367 368/513/368 371/514/369
f 356/500/357 368/513/368 367/511/367
f 367/511/367 369/515/370 151/512/151
f 370/516/371 369/515/370 367/511/367
f 367/511/367 371/514/369 370/516/371
f 370/516/371 371/514/369 372/517/372
f 373/518/373 372/517/372 371/514/369
f 373/518/373 371/514/369 374/519/374
f 374/519/374 371/514/369 368/513/368
f 374/519/374 375/520/375 378/521/376
f 374/519/374 376/522/377 375/520/375
f 355/499/356 376/522/377 374/519/374
f 377/523/378 373/518/373 374/519/374
f 377/523/378 374/519/374 378/521/376
f 374/519/374 368/513/368 355/499/356
f 379/524/379 378/521/376 375/520/375
f 379/524/379 377/523/378 378/521/376
f 331/472/331 379/524/379 380/525/380
f 381/526/381 380/525/380 379/524/379
f 381/526/381 379/524/379 375/520/375
f 325/463/326 382/527/382 379/524/379
f 382/527/382 377/523/378 379/524/379
f 325/463/326 379/524/379 331/472/331
f 382/527/382 373/518/373 377/523/378
f 382/527/382 383/528/383 373/518/373
f 383/528/383 382/527/382 325/463/326
f 373/518/373 383/528/383 384/529/384
f 325/463/326 384/529/384 383/528/383
f 386/530/385 384/529/384 385/531/386
f 324/462/325 385/531/386 384/529/384
f 324/462/325 384/529/384 325/463/326
f 373/518/373 384/529/384 386/530/385
f 386/530/385 388/532/387 202/293/202
f 202/293/202 389/533/388 386/530/385
f 386/530/385 387/534/389 388/532/387
f 390/535/390 387/534/389 386/530/385
f 386/530/385 385/531/386 390/535/390
f 386/530/385 389/533/388 372/517/372
f 386/530/385 372/517/372 373/518/373
f 390/535/390 392/536/391 387/534/389
f 391/537/392 390/535/390 324/462/325
f 392/536/391 390/535/390 391/537/392
f 390/535/390 385/531/386 324/462/325
f 393/538/393 387/534/389 392/536/391
f 393/538/393 392/536/391 391/537/392
f 393/538/393 388/532/387 387/534/389
f 394/539/394 388/532/387 393/538/393
f 393/538/393 319/455/318 394/539/394
f 393/538/393 321/459/322 319/455/318
f 391/537/392 321/459/322 393/538/393
f 394/539/394 398/540/395 395/541/396
f 395/541/396 388/532/387 394/539/394
f 394/539/394 319/455/318 396/542/397
f 396/542/397 397/543/398 394/539/394
f 394/539/394 397/543/398 398/540/395
f 401/544/399 395/541/396 398/540/395
f 397/543/398 399/545/400 398/540/395
f 398/540/395 399/545/400 400/546/401
f 398/540/395 400/546/401 401/544/399
f 401/544/399 388/532/387 395/541/396
f 402/547/402 388/532/387 401/544/399
f 403/548/403 401/544/399 400/546/401
f 403/548/403 402/547/402 401/544/399
f 204/296/205 402/547/402 403/548/403
f 399/545/400 225/326/226 403/548/403
f 403/548/403 400/546/401 399/545/400
f 403/548/403 225/326/226 210/301/210
f 403/548/403 206/297/206 204/296/205
f 403/548/403 210/301/210 205/298/207
f 205/298/207 206/297/206 403/548/403
f 402/547/402 404/549/404 388/532/387
f 207/295/204 404/549/404 402/547/402
f 204/296/205 207/295/204 402/547/402
f 202/293/202 404/549/404 207/295/204
f 388/532/387 404/549/404 202/293/202
f 397/543/398 405/550/405 399/545/400
f 225/326/226 399/545/400 405/550/405
f 406/551/406 405/550/405 397/543/398
f 407/552/407 405/550/405 406/551/406
f 253/369/254 225/326/226 405/550/405
f 407/552/407 253/369/254 405/550/405
f 408/553/408 407/552/407 396/542/397
f 408/553/408 409/554/409 407/552/407
f 409/554/409 252/368/253 407/552/407
f 407/552/407 406/551/406 396/542/397
f 252/368/253 253/369/254 407/552/407
f 412/555/410 409/554/409 408/553/408
f 410/556/411 409/554/409 411/557/412
f 410/556/411 251/366/251 409/554/409
f 409/554/409 251/366/251 252/368/253
f 412/555/410 411/557/412 409/554/409
f 319/455/318 316/454/317 412/555/410
f 316/454/317 411/557/412 412/555/410
f 319/455/318 412/555/410 408/553/408
f 411/557/412 413/558/413 415/559/414
f 414/560/415 413/558/413 411/557/412
f 316/454/317 414/560/415 411/557/412
f 411/557/412 415/559/414 410/556/411
f 416/561/416 255/373/258 415/559/414
f 416/561/416 415/559/414 417/562/417
f 417/562/417 415/559/414 413/558/413
f 415/559/414 255/373/258 256/367/252
f 415/559/414 256/367/252 410/556/411
f 416/561/416 417/562/417 419/563/418
f 417/562/417 413/558/413 418/564/419
f 419/563/418 417/562/417 418/564/419
f 419/563/418 418/564/419 300/437/300
f 300/437/300 420/565/420 419/563/418
f 255/373/258 419/563/418 254/371/256
f 255/373/258 416/561/416 419/563/418
f 254/371/256 419/563/418 420/565/420
f 300/437/300 267/383/268 420/565/420
f 420/565/420 267/383/268 254/371/256
f 418/564/419 413/558/413 421/566/421
f 418/564/419 421/566/421 422/567/422
f 300/437/300 418/564/419 422/567/422
f 422/567/422 421/566/421 303/440/303
f 422/567/422 303/440/303 301/438/301
f 300/437/300 422/567/422 301/438/301
f 423/568/423 421/566/421 413/558/413
f 309/447/310 303/440/303 421/566/421
f 309/447/310 421/566/421 423/568/423
f 423/568/423 413/558/413 414/560/415
f 311/449/312 309/447/310 423/568/423
f 316/454/317 423/568/423 414/560/415
f 311/449/312 423/568/423 316/454/317
f 410/556/411 256/367/252 251/366/251
f 408/553/408 396/542/397 319/455/318
f 396/542/397 406/551/406 397/543/398
f 391/537/392 324/462/325 321/459/322
f 202/293/202 199/291/200 389/533/388
f 200/292/201 389/533/388 199/291/200
f 372/517/372 389/533/388 200/292/201
f 381/526/381 375/520/375 376/522/377
f 424/569/424 381/526/381 376/522/377
f 337/480/337 381/526/381 424/569/424
f 337/480/337 380/525/380 381/526/381
f 355/499/356 424/569/424 376/522/377
f 425/570/425 424/569/424 355/499/356
f 424/569/424 425/570/425 337/480/337
f 337/480/337 425/570/425 336/479/336
f 336/479/336 425/570/425 426/571/426
f 426/571/426 425/570/425 355/499/356
f 355/499/356 427/572/427 426/571/426
f 336/479/336 426/571/426 427/572/427
f 355/499/356 359/498/355 427/572/427
f 427/572/427 359/498/355 336/479/336
f 331/472/331 380/525/380 332/473/332
f 332/473/332 380/525/380 337/480/337
f 370/516/371 372/517/372 200/292/201
f 370/516/371 428/573/428 369/515/370
f 200/292/201 428/573/428 370/516/371
f 157/574/156 369/575/370 428/576/428
f 157/574/156 428/576/428 191/277/192
f 191/277/192 428/576/428 193/278/193
f 200/292/201 193/285/193 428/573/428
f 152/226/152 369/575/370 157/574/156
f 152/226/152 151/225/151 369/575/370
f 355/499/356 368/513/368 356/500/357
f 429/577/429 362/507/364 365/508/365
f 430/578/430 429/577/429 365/508/365
f 365/508/365 148/579/148 430/578/430
f 365/508/365 149/510/149 148/579/148
f 430/580/430 431/581/431 433/582/432
f 430/578/430 148/579/148 431/583/431
f 430/578/430 432/584/433 429/577/429
f 433/585/432 432/584/433 430/578/430
f 433/582/432 431/581/431 436/586/434
f 433/585/432 435/587/435 432/584/433
f 433/582/432 436/586/434 434/588/436
f 434/588/436 437/589/437 433/582/432
f 437/589/437 435/590/435 433/582/432
f 434/588/436 438/591/438 437/589/437
f 439/592/439 437/593/437 438/594/438
f 439/592/439 435/587/435 437/593/437
f 438/591/438 440/595/440 439/596/439
f 441/597/441 439/596/439 440/595/440
f 444/598/442 439/596/439 441/597/441
f 443/599/443 442/600/444 439/592/439
f 442/600/444 435/587/435 439/592/439
f 443/601/443 439/596/439 444/598/442
f 443/601/443 444/598/442 445/602/445
f 445/603/445 444/604/442 446/605/446
f 444/598/442 441/597/441 446/606/446
f 446/606/446 441/597/441 447/607/447
f 446/606/446 447/607/447 448/608/448
f 449/609/449 446/606/446 448/608/448
f 445/602/445 446/606/446 449/609/449
f 445/610/445 449/611/449 450/612/450
f 450/612/450 449/611/449 451/613/451
f 451/613/451 449/611/449 448/614/448
f 451/613/451 456/615/452 450/612/450
f 451/613/451 448/614/448 454/616/453
f 452/617/454 451/613/451 457/618/455
f 452/617/454 453/619/456 451/613/451
f 453/619/456 455/620/457 451/613/451
f 457/618/455 451/613/451 454/616/453
f 451/613/451 455/620/457 456/615/452
f 457/618/455 458/621/458 459/622/459
f 454/616/453 458/621/458 457/618/455
f 457/618/455 459/622/459 452/617/454
f 458/623/458 460/624/460 459/625/459
f 459/625/459 460/624/460 461/626/461
f 459/625/459 461/626/461 462/627/462
f 452/617/454 459/622/459 462/628/462
f 452/617/454 462/628/462 463/629/463
f 462/628/462 464/630/464 463/629/463
f 462/628/462 461/631/461 464/630/464
f 463/629/463 464/630/464 465/632/465
f 466/633/466 465/632/465 464/630/464
f 467/634/467 466/635/466 464/636/464
f 467/634/467 464/636/464 461/626/461
f 468/637/468 467/634/467 469/638/469
f 468/637/468 475/639/470 467/634/467
f 469/638/469 467/634/467 460/624/460
f 473/640/471 466/635/466 467/634/467
f 470/641/472 467/634/467 474/642/473
f 470/641/472 471/643/472 467/634/467
f 467/634/467 471/643/472 472/644/474
f 467/634/467 472/644/474 473/640/471
f 474/642/473 467/634/467 475/639/470
f 467/634/467 461/626/461 460/624/460
f 476/645/475 479/646/476 475/639/470
f 481/647/477 476/645/475 475/639/470
f 477/648/478 475/639/470 468/637/468
f 477/648/478 481/647/477 475/639/470
f 475/639/470 480/649/479 478/650/480
f 474/642/473 475/639/470 478/650/480
f 475/639/470 479/646/476 480/649/479
f 482/651/481 481/647/477 483/652/482
f 482/651/481 484/653/483 481/647/477
f 481/647/477 485/654/484 483/652/482
f 484/653/483 476/645/475 481/647/477
f 485/654/484 481/647/477 477/648/478
f 485/654/484 477/648/478 486/655/485
f 483/652/482 485/654/484 486/655/485
f 483/652/482 486/655/485 440/595/440
f 468/637/468 487/656/486 486/655/485
f 440/595/440 486/655/485 487/656/486
f 486/655/485 477/648/478 468/637/468
f 468/637/468 488/657/487 487/656/486
f 440/595/440 487/656/486 488/657/487
f 469/638/469 489/658/488 488/657/487
f 488/657/487 489/658/488 440/595/440
f 469/638/469 488/657/487 468/637/468
f 491/659/489 490/660/490 489/658/488
f 489/658/488 490/660/490 440/595/440
f 491/659/489 489/658/488 469/638/469
f 492/661/491 491/659/489 469/638/469
f 447/607/447 491/659/489 492/661/491
f 447/607/447 493/662/492 491/659/489
f 493/662/492 490/660/490 491/659/489
f 441/597/441 493/662/492 447/607/447
f 440/595/440 493/662/492 441/597/441
f 440/595/440 490/660/490 493/662/492
f 448/608/448 447/607/447 492/661/491
f 492/661/491 469/638/469 458/623/458
f 454/616/453 492/663/491 458/621/458
f 448/608/448 492/661/491 454/664/453
f 494/665/493 484/653/483 482/651/481
f 484/653/483 494/665/493 476/645/475
f 482/651/481 495/666/494 494/665/493
f 476/645/475 494/665/493 495/666/494
f 482/651/481 496/667/495 495/666/494
f 476/645/475 495/666/494 496/667/495
f 499/668/496 496/667/495 482/651/481
f 498/669/497 496/667/495 497/670/498
f 499/668/496 497/670/498 496/667/495
f 476/645/475 496/667/495 498/669/497
f 500/671/499 503/672/500 499/668/496
f 501/673/501 500/671/499 499/668/496
f 501/673/501 499/668/496 502/674/502
f 502/674/502 499/668/496 482/651/481
f 503/672/500 497/670/498 499/668/496
f 505/675/503 503/672/500 504/676/504
f 500/671/499 504/676/504 503/672/500
f 505/675/503 497/670/498 503/672/500
f 505/675/503 507/677/505 498/669/497
f 498/669/497 497/670/498 505/675/503
f 505/675/503 506/678/506 507/677/505
f 508/679/507 506/678/506 505/675/503
f 504/676/504 508/679/507 505/675/503
f 509/680/508 510/681/509 508/679/507
f 500/671/499 509/680/508 508/679/507
f 508/679/507 504/676/504 500/671/499
f 508/679/507 510/681/509 506/678/506
f 509/680/508 511/682/510 510/681/509
f 511/682/510 512/683/511 510/681/509
f 510/681/509 512/683/511 506/678/506
f 512/683/511 507/677/505 506/678/506
f 512/683/511 513/684/512 521/685/513
f 512/683/511 515/686/514 513/684/512
f 516/687/515 507/677/505 512/683/511
f 512/683/511 514/688/516 518/689/517
f 512/683/511 517/690/518 514/688/516
f 518/689/517 515/686/514 512/683/511
f 512/683/511 519/691/519 516/687/515
f 520/692/520 517/690/518 512/683/511
f 512/683/511 479/646/476 519/691/519
f 511/682/510 520/692/520 512/683/511
f 521/685/513 479/646/476 512/683/511
f 521/685/513 478/650/480 480/649/479
f 523/693/521 478/650/480 521/685/513
f 513/684/512 524/694/522 521/685/513
f 521/685/513 522/695/523 523/693/521
f 521/685/513 524/694/522 522/695/523
f 521/685/513 480/649/479 479/646/476
f 525/696/524 524/694/522 527/697/525
f 525/696/524 526/698/526 524/694/522
f 524/694/522 526/698/526 522/695/523
f 527/697/525 524/694/522 513/684/512
f 527/697/525 513/684/512 515/686/514
f 529/699/527 527/697/525 515/686/514
f 528/700/528 527/697/525 529/699/527
f 528/700/528 525/696/524 527/697/525
f 500/671/499 528/700/528 529/699/527
f 529/699/527 515/686/514 530/701/529
f 500/671/499 529/699/527 530/701/529
f 530/701/529 518/689/517 531/702/530
f 530/701/529 531/702/530 500/671/499
f 530/701/529 515/686/514 518/689/517
f 500/671/499 531/702/530 532/703/531
f 531/702/530 517/690/518 532/703/531
f 518/689/517 514/688/516 531/702/530
f 531/702/530 514/688/516 517/690/518
f 500/671/499 532/703/531 533/704/532
f 532/703/531 520/692/520 533/704/532
f 532/703/531 517/690/518 520/692/520
f 533/704/532 534/705/533 500/671/499
f 533/704/532 535/706/534 534/705/533
f 533/704/532 520/692/520 535/706/534
f 534/705/533 535/706/534 511/682/510
f 535/706/534 520/692/520 511/682/510
f 534/705/533 511/682/510 509/680/508
f 500/671/499 534/705/533 509/680/508
f 536/707/535 525/696/524 528/700/528
f 536/707/535 528/700/528 500/671/499
f 537/708/536 525/696/524 536/707/535
f 537/708/536 536/707/535 500/671/499
f 537/708/536 500/671/499 538/709/537
f 538/709/537 539/710/538 537/708/536
f 537/708/536 539/710/538 525/696/524
f 538/709/537 543/711/539 539/710/538
f 539/710/538 526/698/526 525/696/524
f 539/710/538 542/712/540 540/713/541
f 540/713/541 541/714/542 539/710/538
f 539/710/538 541/714/542 526/698/526
f 539/710/538 543/711/539 542/712/540
f 545/715/543 543/711/539 544/716/544
f 544/716/544 543/711/539 546/717/545
f 542/712/540 543/711/539 545/715/543
f 538/709/537 546/717/545 543/711/539
f 547/718/546 546/717/545 548/719/547
f 547/718/546 550/720/548 546/717/545
f 548/719/547 546/717/545 500/671/499
f 538/709/537 500/671/499 546/717/545
f 544/716/544 546/717/545 549/721/549
f 546/717/545 551/722/550 549/721/549
f 546/717/545 550/720/548 551/722/550
f 552/723/551 549/721/549 551/722/550
f 552/723/551 551/722/550 550/720/548
f 552/723/551 544/716/544 549/721/549
f 553/724/552 552/723/551 555/725/553
f 553/724/552 545/715/543 552/723/551
f 550/720/548 554/726/554 552/723/551
f 552/723/551 554/726/554 556/727/555
f 552/723/551 556/727/555 555/725/553
f 545/715/543 544/716/544 552/723/551
f 555/725/553 556/727/555 557/728/556
f 554/726/554 562/729/557 556/727/555
f 556/727/555 560/730/558 557/728/556
f 558/731/559 556/727/555 561/732/560
f 558/731/559 559/733/558 556/727/555
f 556/727/555 559/733/558 560/730/558
f 561/732/560 556/727/555 562/729/557
f 554/726/554 563/734/561 562/729/557
f 561/732/560 562/729/557 563/734/561
f 564/735/562 563/734/561 569/736/563
f 565/737/564 563/734/561 564/735/562
f 565/737/564 566/738/565 563/734/561
f 563/734/561 566/738/565 568/739/566
f 567/740/567 563/734/561 554/726/554
f 567/740/567 569/736/563 563/734/561
f 563/734/561 568/739/566 561/732/560
f 570/741/568 569/736/563 567/740/567
f 564/735/562 569/736/563 570/741/568
f 570/741/568 571/742/569 564/735/562
f 571/742/569 570/741/568 572/743/570
f 572/743/570 570/741/568 567/740/567
f 572/743/570 567/740/567 573/744/571
f 573/744/571 574/745/572 572/743/570
f 572/743/570 574/745/572 575/746/573
f 572/743/570 575/746/573 571/742/569
f 574/745/572 579/747/574 575/746/573
f 571/742/569 575/746/573 576/748/575
f 575/746/573 577/749/576 576/748/575
f 575/746/573 578/750/577 577/749/576
f 579/747/574 578/750/577 575/746/573
f 580/751/578 582/752/579 579/747/574
f 581/753/580 580/751/578 579/747/574
f 581/753/580 579/747/574 583/754/581
f 579/747/574 582/752/579 578/750/577
f 574/745/572 583/754/581 579/747/574
f 584/755/582 581/753/580 583/754/581
f 573/744/571 583/754/581 574/745/572
f 584/755/582 583/754/581 573/744/571
f 585/756/583 584/755/582 586/757/584
f 581/753/580 584/755/582 585/756/583
f 586/757/584 584/755/582 573/744/571
f 586/757/584 554/726/554 550/720/548
f 547/718/546 586/757/584 550/720/548
f 573/744/571 567/740/567 586/757/584
f 586/757/584 567/740/567 554/726/554
f 585/756/583 586/757/584 547/718/546
f 585/756/583 547/718/546 587/758/585
f 587/758/585 581/753/580 585/756/583
f 587/759/585 591/760/586 588/761/587
f 587/759/585 588/761/587 580/762/578
f 587/758/585 580/751/578 581/753/580
f 587/758/585 592/763/588 589/764/589
f 589/764/589 590/765/590 587/758/585
f 587/759/585 590/766/590 591/760/586
f 587/758/585 547/718/546 592/763/588
f 593/767/591 589/764/589 592/763/588
f 594/768/592 592/763/588 547/718/546
f 593/767/591 592/763/588 594/768/592
f 594/768/592 597/769/593 595/770/594
f 595/770/594 593/767/591 594/768/592
f 594/768/592 547/718/546 548/719/547
f 594/768/592 596/771/595 597/769/593
f 548/719/547 596/771/595 594/768/592
f 596/771/595 598/772/596 597/769/593
f 600/773/597 597/769/593 598/772/596
f 600/773/597 599/774/598 597/769/593
f 599/774/598 595/770/594 597/769/593
f 601/775/599 603/776/600 600/773/597
f 601/775/599 600/773/597 596/771/595
f 602/777/601 599/774/598 600/773/597
f 596/771/595 600/773/597 598/772/596
f 600/773/597 603/776/600 602/777/601
f 601/775/599 602/777/601 603/776/600
f 604/778/602 606/779/603 602/777/601
f 605/780/604 604/778/602 602/777/601
f 605/780/604 602/777/601 601/775/599
f 602/777/601 606/779/603 599/774/598
f 607/781/605 606/779/603 604/778/602
f 607/781/605 608/782/606 606/779/603
f 606/779/603 608/782/606 609/783/607
f 606/779/603 609/783/607 610/784/608
f 610/784/608 599/774/598 606/779/603
f 610/784/608 614/785/609 611/786/610
f 611/786/610 612/787/611 610/784/608
f 610/784/608 612/787/611 599/774/598
f 610/784/608 613/788/612 614/785/609
f 609/783/607 613/788/612 610/784/608
f 611/786/610 614/785/609 616/789/613
f 615/790/614 614/785/609 613/788/612
f 616/789/613 614/785/609 615/790/614
f 615/790/614 617/791/615 616/789/613
f 611/786/610 616/789/613 617/791/615
f 615/790/614 618/792/616 617/791/615
f 619/793/617 617/791/615 618/792/616
f 619/793/617 611/786/610 617/791/615
f 620/794/618 619/793/617 624/795/619
f 622/796/620 619/793/617 620/794/618
f 621/797/621 611/786/610 619/793/617
f 619/793/617 623/798/622 621/797/621
f 622/796/620 623/798/622 619/793/617
f 619/793/617 618/792/616 624/795/619
f 624/795/619 618/792/616 615/790/614
f 620/794/618 624/795/619 625/799/623
f 625/799/623 624/795/619 615/790/614
f 625/799/623 615/790/614 626/800/624
f 625/799/623 626/800/624 620/794/618
f 627/801/625 626/800/624 628/802/626
f 629/803/627 626/800/624 627/801/625
f 615/790/614 628/802/626 626/800/624
f 620/794/618 626/800/624 629/803/627
f 622/796/620 629/803/627 630/804/628
f 627/801/625 630/804/628 629/803/627
f 620/794/618 629/803/627 622/796/620
f 631/805/629 634/806/630 630/804/628
f 627/801/625 631/805/629 630/804/628
f 630/804/628 636/807/631 632/808/632
f 632/808/632 633/809/633 630/804/628
f 635/810/634 630/804/628 633/809/633
f 630/804/628 634/806/630 636/807/631
f 622/796/620 630/804/628 635/810/634
f 636/811/631 637/812/635 638/813/636
f 636/807/631 639/814/637 637/815/635
f 634/816/630 639/817/637 636/818/631
f 632/808/632 636/807/631 638/819/636
f 639/814/637 640/820/638 641/821/639
f 642/822/640 640/820/638 639/814/637
f 639/814/637 641/821/639 637/815/635
f 643/823/641 642/822/640 639/814/637
f 634/806/630 643/823/641 639/814/637
f 644/824/642 642/822/640 643/823/641
f 631/805/629 644/824/642 643/823/641
f 631/805/629 643/823/641 634/806/630
f 644/824/642 645/825/643 642/822/640
f 646/826/644 645/825/643 644/824/642
f 646/826/644 644/824/642 631/805/629
f 646/826/644 648/827/645 645/825/643
f 631/805/629 647/828/646 646/826/644
f 646/826/644 647/828/646 648/827/645
f 648/827/645 649/829/647 650/830/648
f 648/827/645 647/828/646 649/829/647
f 648/827/645 650/830/648 651/831/649
f 645/825/643 648/827/645 651/831/649
f 654/832/650 652/833/651 651/831/649
f 653/834/652 651/831/649 652/833/651
f 645/825/643 651/831/649 653/834/652
f 655/835/653 651/831/649 650/830/648
f 654/832/650 651/831/649 655/835/653
f 655/835/653 656/836/654 659/837/655
f 655/835/653 661/838/656 656/836/654
f 655/835/653 657/839/657 654/832/650
f 662/840/658 657/839/657 655/835/653
f 658/841/659 655/835/653 659/837/655
f 662/840/658 655/835/653 658/841/659
f 655/835/653 650/830/648 660/842/660
f 660/842/660 661/838/656 655/835/653
f 662/840/658 666/843/661 657/839/657
f 658/841/659 667/844/662 662/840/658
f 662/840/658 668/845/663 663/846/664
f 662/840/658 663/846/664 664/847/665
f 664/847/665 665/848/666 662/840/658
f 662/840/658 665/848/666 666/843/661
f 662/840/658 667/844/662 668/845/663
f 668/845/663 667/844/662 669/849/667
f 663/846/664 668/845/663 669/849/667
f 670/850/668 671/851/669 669/849/667
f 669/849/667 672/852/670 670/850/668
f 665/848/666 669/849/667 671/851/669
f 663/846/664 669/849/667 664/847/665
f 664/847/665 669/849/667 665/848/666
f 669/849/667 667/844/662 672/852/670
f 672/852/670 675/853/671 673/854/672
f 672/852/670 673/854/672 674/855/673
f 670/850/668 672/852/670 674/855/673
f 672/852/670 667/844/662 675/853/671
f 673/854/672 675/853/671 676/856/674
f 658/841/659 675/853/671 667/844/662
f 676/856/674 675/853/671 658/841/659
f 673/854/672 676/856/674 678/857/675
f 677/858/676 676/856/674 658/841/659
f 678/857/675 676/856/674 677/858/676
f 677/858/676 679/859/677 678/857/675
f 678/857/675 679/859/677 673/854/672
f 673/854/672 679/859/677 681/860/678
f 677/858/676 680/861/679 679/859/677
f 679/859/677 680/861/679 681/860/678
f 681/862/678 685/863/680 682/864/681
f 681/862/678 682/864/681 683/865/682
f 684/866/683 681/860/678 683/867/682
f 673/854/672 681/860/678 684/866/683
f 681/862/678 680/868/679 685/863/680
f 686/869/684 685/863/680 688/870/685
f 686/869/684 687/871/686 685/863/680
f 688/870/685 685/863/680 680/868/679
f 682/864/681 685/863/680 687/871/686
f 688/872/685 680/861/679 677/858/676
f 677/858/676 689/873/687 688/872/685
f 688/870/685 689/874/687 690/875/688
f 688/870/685 690/875/688 686/869/684
f 686/869/684 690/875/688 691/876/689
f 691/876/689 690/875/688 692/877/690
f 695/878/691 692/877/690 690/875/688
f 690/875/688 696/879/692 693/880/693
f 695/878/691 690/875/688 693/880/693
f 690/875/688 694/881/694 696/879/692
f 689/874/687 694/881/694 690/875/688
f 696/879/692 698/882/695 693/880/693
f 694/881/694 697/883/696 696/879/692
f 696/879/692 697/883/696 698/882/695
f 693/880/693 698/882/695 699/884/697
f 697/883/696 700/885/698 698/882/695
f 698/882/695 701/886/699 699/884/697
f 698/882/695 700/885/698 701/886/699
f 699/884/697 701/886/699 704/887/700
f 702/888/701 701/886/699 700/885/698
f 703/889/702 701/886/699 702/888/701
f 703/889/702 704/887/700 701/886/699
f 699/884/697 704/887/700 706/890/703
f 705/891/704 704/887/700 703/889/702
f 705/891/704 706/890/703 704/887/700
f 706/890/703 708/892/705 699/884/697
f 707/893/706 709/894/707 706/890/703
f 707/893/706 706/890/703 705/891/704
f 706/890/703 710/895/708 708/892/705
f 709/894/707 710/895/708 706/890/703
f 695/878/691 708/892/705 710/895/708
f 695/878/691 710/895/708 711/896/709
f 711/896/709 710/895/708 712/897/710
f 712/897/710 710/895/708 713/898/711
f 709/894/707 713/898/711 710/895/708
f 712/897/710 713/898/711 714/899/712
f 714/899/712 713/898/711 715/900/713
f 716/901/714 715/900/713 713/898/711
f 716/901/714 713/898/711 709/894/707
f 717/902/715 715/900/713 716/901/714
f 707/893/706 716/901/714 709/894/707
f 718/903/716 716/901/714 707/893/706
f 718/903/716 717/902/715 716/901/714
f 719/904/717 717/902/715 718/903/716
f 720/905/718 719/904/717 718/903/716
f 720/905/718 718/903/716 721/906/719
f 721/906/719 718/903/716 722/907/720
f 722/907/720 718/903/716 707/893/706
f 721/906/719 722/907/720 723/908/721
f 723/908/721 722/907/720 724/909/722
f 722/907/720 707/893/706 705/891/704
f 705/891/704 724/909/722 722/907/720
f 705/891/704 725/910/723 724/909/722
f 724/909/722 725/910/723 726/911/724
f 723/908/721 724/909/722 726/911/724
f 726/912/724 727/913/725 723/914/721
f 726/912/724 729/915/726 727/913/725
f 726/912/724 728/916/727 730/917/728
f 726/912/724 725/918/723 728/916/727
f 730/917/728 729/915/726 726/912/724
f 730/917/728 731/919/729 732/920/730
f 730/917/728 728/916/727 731/919/729
f 730/917/728 733/921/731 729/915/726
f 732/920/730 733/921/731 730/917/728
f 734/922/732 729/915/726 733/921/731
f 734/922/732 733/921/731 735/923/733
f 735/923/733 733/921/731 736/924/734
f 732/920/730 736/924/734 733/921/731
f 735/923/733 736/924/734 737/925/735
f 737/925/735 736/924/734 738/926/736
f 739/927/737 738/926/736 736/924/734
f 739/927/737 736/924/734 732/920/730
f 739/927/737 740/928/738 743/929/739
f 739/927/737 742/930/740 740/928/738
f 743/929/739 738/926/736 739/927/737
f 741/931/741 742/930/740 739/927/737
f 732/920/730 741/931/741 739/927/737
f 740/928/738 744/932/742 743/929/739
f 743/929/739 745/933/743 738/926/736
f 743/929/739 744/932/742 746/934/744
f 747/935/745 745/933/743 743/929/739
f 743/929/739 746/934/744 747/935/745
f 748/936/746 749/937/747 747/935/745
f 747/935/745 750/938/748 748/936/746
f 747/935/745 749/937/747 745/933/743
f 747/935/745 746/934/744 750/938/748
f 746/934/744 751/939/749 750/938/748
f 750/938/748 751/939/749 752/940/750
f 750/938/748 752/940/750 748/936/746
f 748/936/746 752/940/750 753/941/751
f 755/942/752 753/941/751 752/940/750
f 752/940/750 754/943/753 755/942/752
f 752/940/750 751/939/749 754/943/753
f 756/944/754 755/942/752 758/945/755
f 757/946/756 755/942/752 756/944/754
f 757/946/756 500/671/499 755/942/752
f 754/943/753 758/945/755 755/942/752
f 753/941/751 755/942/752 759/947/757
f 759/947/757 755/942/752 500/671/499
f 760/948/758 753/941/751 759/947/757
f 760/948/758 759/947/757 501/673/501
f 759/947/757 500/671/499 501/673/501
f 748/936/746 753/941/751 760/948/758
f 760/948/758 761/949/759 763/950/760
f 762/951/761 761/949/759 760/948/758
f 760/948/758 763/950/760 748/936/746
f 501/673/501 762/951/761 760/948/758
f 748/936/746 763/950/760 749/937/747
f 764/952/762 749/937/747 763/950/760
f 764/952/762 763/950/760 765/953/763
f 765/953/763 763/950/760 761/949/759
f 765/953/763 767/954/764 766/955/765
f 764/952/762 765/953/763 766/955/765
f 765/953/763 768/956/766 767/954/764
f 765/953/763 761/949/759 768/956/766
f 768/956/766 761/949/759 770/957/767
f 767/954/764 768/956/766 769/958/768
f 768/956/766 771/959/769 769/958/768
f 768/956/766 770/957/767 771/959/769
f 771/959/769 770/957/767 773/960/770
f 769/958/768 771/959/769 772/961/771
f 774/962/772 772/961/771 771/959/769
f 771/959/769 773/960/770 774/962/772
f 774/962/772 773/960/770 436/586/434
f 774/963/772 775/964/773 772/965/771
f 776/966/774 775/964/773 774/963/772
f 774/962/772 436/586/434 776/967/774
f 776/967/774 431/581/431 145/219/147
f 776/967/774 436/586/434 431/581/431
f 776/966/774 145/218/147 146/217/146
f 776/966/774 146/217/146 775/964/773
f 772/965/771 775/964/773 777/968/775
f 775/964/773 137/208/137 777/968/775
f 775/964/773 146/217/146 137/208/137
f 777/968/775 132/203/133 133/205/135
f 777/968/775 137/208/137 132/203/133
f 778/969/776 777/968/775 133/205/135
f 779/970/777 772/965/771 777/968/775
f 779/970/777 777/968/775 778/969/776
f 780/971/778 779/970/777 778/969/776
f 781/972/779 779/970/777 780/971/778
f 769/973/768 772/965/771 779/970/777
f 781/972/779 769/973/768 779/970/777
f 780/971/778 784/974/780 781/972/779
f 781/975/779 782/976/781 783/977/782
f 781/975/779 784/978/780 782/976/781
f 767/954/764 769/958/768 781/975/779
f 781/975/779 783/977/782 767/954/764
f 782/976/781 784/978/780 126/190/126
f 126/979/126 784/974/780 780/971/778
f 783/977/782 782/976/781 785/980/783
f 766/955/765 783/977/782 786/981/784
f 766/955/765 767/954/764 783/977/782
f 783/977/782 785/980/783 787/982/785
f 786/981/784 783/977/782 787/982/785
f 787/982/785 117/178/117 788/983/786
f 785/980/783 117/178/117 787/982/785
f 786/981/784 787/982/785 788/983/786
f 115/177/116 788/983/786 117/178/117
f 115/177/116 789/984/787 788/983/786
f 790/985/788 788/983/786 789/984/787
f 790/985/788 786/981/784 788/983/786
f 791/986/789 790/985/788 794/987/790
f 793/988/791 790/985/788 791/986/789
f 790/985/788 789/984/787 794/987/790
f 792/989/792 786/981/784 790/985/788
f 793/988/791 792/989/792 790/985/788
f 794/987/790 789/984/787 115/177/116
f 794/987/790 115/177/116 795/990/793
f 791/986/789 794/987/790 795/990/793
f 791/986/789 795/990/793 796/991/794
f 795/990/793 112/174/113 796/991/794
f 795/990/793 115/177/116 112/174/113
f 797/992/795 796/991/794 798/993/796
f 797/992/795 791/986/789 796/991/794
f 796/991/794 112/174/113 798/993/796
f 111/173/112 798/993/796 112/174/113
f 111/173/112 799/994/797 798/993/796
f 799/994/797 797/992/795 798/993/796
f 800/995/798 799/994/797 111/173/112
f 800/995/798 801/996/799 799/994/797
f 801/996/799 797/992/795 799/994/797
f 801/996/799 803/997/800 797/992/795
f 802/998/801 803/997/800 801/996/799
f 804/999/802 802/998/801 801/996/799
f 804/999/802 801/996/799 800/995/798
f 804/999/802 805/1000/803 807/1001/804
f 804/999/802 806/1002/805 805/1000/803
f 800/995/798 806/1002/805 804/999/802
f 804/999/802 807/1001/804 808/1003/806
f 808/1003/806 802/998/801 804/999/802
f 810/1004/807 808/1003/806 807/1001/804
f 808/1003/806 734/922/732 802/998/801
f 809/1005/808 808/1003/806 810/1004/807
f 809/1005/808 734/922/732 808/1003/806
f 811/1006/809 810/1004/807 812/1007/810
f 811/1006/809 809/1005/808 810/1004/807
f 812/1008/810 810/1009/807 813/1010/811
f 810/1004/807 807/1001/804 813/1011/811
f 814/1012/812 813/1010/811 816/1013/813
f 812/1008/810 813/1010/811 814/1012/812
f 813/1011/811 807/1001/804 815/1014/814
f 813/1011/811 815/1014/814 816/1015/813
f 100/162/101 816/1015/813 815/1014/814
f 97/1016/98 816/1013/813 100/1017/101
f 97/1016/98 817/1018/815 816/1013/813
f 814/1012/812 816/1013/813 817/1018/815
f 814/1012/812 817/1018/815 818/1019/816
f 818/1019/816 817/1018/815 97/1016/98
f 819/1020/817 818/1019/816 820/1021/818
f 819/1020/817 814/1012/812 818/1019/816
f 818/1019/816 97/1016/98 820/1021/818
f 820/1021/818 96/1022/97 821/1023/819
f 820/1021/818 97/1016/98 96/1022/97
f 821/1023/819 819/1020/817 820/1021/818
f 822/1024/820 823/1025/821 821/1023/819
f 821/1023/819 96/1022/97 822/1024/820
f 823/1025/821 819/1020/817 821/1023/819
f 823/1025/821 824/1026/822 819/1020/817
f 826/1027/823 824/1026/822 823/1025/821
f 825/1028/824 823/1025/821 822/1024/820
f 825/1028/824 826/1027/823 823/1025/821
f 827/1029/825 828/1030/826 826/1027/823
f 829/1031/827 827/1029/825 826/1027/823
f 826/1027/823 828/1030/826 824/1026/822
f 829/1031/827 826/1027/823 825/1028/824
f 832/1032/828 827/1029/825 829/1031/827
f 825/1028/824 830/1033/829 829/1031/827
f 831/1034/830 829/1031/827 830/1033/829
f 832/1032/828 829/1031/827 831/1034/830
f 832/1032/828 831/1034/830 833/1035/831
f 833/1036/831 834/1037/832 832/1038/828
f 832/1038/828 834/1037/832 835/1039/833
f 832/1038/828 835/1039/833 827/1040/825
f 836/1041/834 835/1042/833 834/1043/832
f 837/1044/835 835/1042/833 836/1041/834
f 837/1044/835 838/1045/836 835/1042/833
f 827/1040/825 835/1039/833 838/1046/836
f 827/1040/825 838/1046/836 828/1047/826
f 840/1048/837 838/1045/836 837/1044/835
f 828/1047/826 838/1046/836 839/1049/838
f 840/1048/837 839/1050/838 838/1045/836
f 840/1048/837 841/1051/839 842/1052/840
f 840/1048/837 843/1053/841 841/1051/839
f 842/1052/840 844/1054/842 840/1048/837
f 844/1054/842 839/1050/838 840/1048/837
f 837/1044/835 843/1053/841 840/1048/837
f 842/1052/840 845/1055/843 844/1054/842
f 844/1054/842 846/1056/844 839/1050/838
f 844/1054/842 845/1055/843 720/905/718
f 847/1057/845 846/1056/844 844/1054/842
f 844/1054/842 720/905/718 847/1057/845
f 847/1057/845 721/906/719 723/908/721
f 847/1057/845 720/905/718 721/906/719
f 723/908/721 848/1058/846 847/1057/845
f 847/1057/845 848/1058/846 846/1056/844
f 849/1059/847 846/1060/844 848/1061/846
f 849/1059/847 848/1061/846 811/1006/809
f 811/1006/809 848/1061/846 727/913/725
f 723/914/721 727/913/725 848/1061/846
f 849/1062/847 851/1063/848 850/1064/849
f 850/1065/849 846/1060/844 849/1059/847
f 849/1062/847 811/1066/809 812/1008/810
f 849/1062/847 812/1008/810 851/1063/848
f 850/1064/849 851/1063/848 824/1026/822
f 824/1026/822 851/1063/848 819/1020/817
f 851/1063/848 814/1012/812 819/1020/817
f 851/1063/848 812/1008/810 814/1012/812
f 850/1064/849 824/1026/822 828/1030/826
f 828/1047/826 839/1049/838 850/1065/849
f 850/1065/849 839/1049/838 846/1060/844
f 842/1052/840 852/1067/850 845/1055/843
f 845/1055/843 852/1067/850 719/904/717
f 845/1055/843 719/904/717 720/905/718
f 853/1068/851 854/1069/852 852/1067/850
f 842/1052/840 853/1068/851 852/1067/850
f 852/1067/850 854/1069/852 855/1070/853
f 852/1067/850 855/1070/853 719/904/717
f 854/1069/852 856/1071/854 855/1070/853
f 855/1070/853 856/1071/854 717/902/715
f 719/904/717 855/1070/853 717/902/715
f 857/1072/855 856/1071/854 858/1073/856
f 857/1072/855 715/900/713 856/1071/854
f 717/902/715 856/1071/854 715/900/713
f 854/1069/852 858/1073/856 856/1071/854
f 857/1072/855 858/1073/856 859/1074/857
f 859/1074/857 858/1073/856 860/1075/858
f 860/1075/858 858/1073/856 854/1069/852
f 859/1074/857 860/1075/858 861/1076/859
f 861/1076/859 860/1075/858 862/1077/860
f 862/1077/860 860/1075/858 863/1078/861
f 864/1079/862 863/1078/861 860/1075/858
f 864/1079/862 860/1075/858 854/1069/852
f 853/1068/851 865/1080/863 864/1079/862
f 865/1080/863 863/1078/861 864/1079/862
f 853/1068/851 864/1079/862 854/1069/852
f 865/1080/863 866/1081/864 863/1078/861
f 868/1082/865 866/1081/864 865/1080/863
f 867/1083/866 865/1080/863 853/1068/851
f 867/1083/866 868/1082/865 865/1080/863
f 868/1082/865 869/1084/867 866/1081/864
f 870/1085/868 869/1084/867 868/1082/865
f 871/1086/869 868/1082/865 867/1083/866
f 871/1086/869 870/1085/868 868/1082/865
f 872/1087/870 870/1085/868 871/1086/869
f 873/1088/871 872/1087/870 871/1086/869
f 873/1088/871 871/1086/869 867/1083/866
f 874/1089/872 872/1087/870 873/1088/871
f 874/1089/872 873/1088/871 837/1044/835
f 867/1083/866 843/1053/841 873/1088/871
f 837/1044/835 873/1088/871 843/1053/841
f 836/1041/834 875/1090/873 874/1089/872
f 875/1090/873 872/1087/870 874/1089/872
f 836/1041/834 874/1089/872 837/1044/835
f 875/1090/873 876/1091/874 872/1087/870
f 878/1092/875 876/1091/874 875/1090/873
f 877/1093/876 875/1090/873 836/1041/834
f 877/1093/876 878/1092/875 875/1090/873
f 879/1094/877 878/1092/875 877/1093/876
f 879/1094/877 880/1095/878 878/1092/875
f 878/1092/875 880/1095/878 876/1091/874
f 881/1096/879 882/1097/880 880/1095/878
f 879/1094/877 881/1096/879 880/1095/878
f 880/1095/878 882/1097/880 883/1098/881
f 880/1095/878 883/1098/881 884/1099/882
f 880/1095/878 884/1099/882 876/1091/874
f 876/1091/874 884/1099/882 885/1100/883
f 883/1098/881 886/1101/884 884/1099/882
f 884/1099/882 886/1101/884 885/1100/883
f 885/1100/883 886/1101/884 887/1102/885
f 889/1103/886 887/1102/885 886/1101/884
f 888/1104/887 886/1101/884 890/1105/888
f 889/1103/886 886/1101/884 888/1104/887
f 883/1098/881 890/1105/888 886/1101/884
f 891/1106/889 890/1105/888 883/1098/881
f 888/1104/887 890/1105/888 891/1106/889
f 892/1107/890 891/1108/889 893/1109/891
f 891/1108/889 892/1107/890 888/1110/887
f 893/1111/891 891/1106/889 894/1112/892
f 882/1097/880 894/1112/892 891/1106/889
f 882/1097/880 891/1106/889 883/1098/881
f 893/1109/891 894/1113/892 895/1114/893
f 895/1114/893 894/1113/892 896/1115/894
f 897/1116/895 896/1115/894 894/1113/892
f 897/1117/895 894/1112/892 882/1097/880
f 899/1118/896 898/1119/897 897/1116/895
f 898/1119/897 896/1115/894 897/1116/895
f 881/1096/879 897/1117/895 882/1097/880
f 899/1120/896 897/1117/895 881/1096/879
f 903/1121/898 898/1119/897 899/1118/896
f 899/1120/896 881/1096/879 900/1122/899
f 900/1122/899 901/1123/900 899/1120/896
f 899/1120/896 901/1123/900 902/1124/901
f 899/1118/896 902/1125/901 903/1121/898
f 903/1121/898 902/1125/901 904/1126/902
f 903/1121/898 904/1126/902 905/1127/903
f 905/1127/903 906/1128/904 903/1121/898
f 903/1121/898 906/1128/904 898/1119/897
f 905/1127/903 907/1129/905 906/1128/904
f 907/1129/905 908/1130/906 906/1128/904
f 906/1128/904 908/1130/906 898/1119/897
f 898/1119/897 908/1130/906 896/1115/894
f 909/1131/907 896/1115/894 908/1130/906
f 909/1131/907 908/1130/906 910/1132/908
f 910/1132/908 908/1130/906 911/1133/909
f 907/1129/905 911/1133/909 908/1130/906
f 912/1134/910 911/1133/909 907/1129/905
f 910/1132/908 911/1133/909 912/1134/910
f 916/1135/911 913/1136/912 912/1134/910
f 913/1136/912 914/1137/913 912/1134/910
f 912/1134/910 914/1137/913 915/1138/914
f 912/1134/910 915/1138/914 910/1132/908
f 916/1135/911 912/1134/910 907/1129/905
f 917/1139/915 916/1135/911 907/1129/905
f 917/1139/915 918/1140/916 916/1135/911
f 918/1140/916 913/1136/912 916/1135/911
f 919/1141/917 918/1140/916 917/1139/915
f 919/1141/917 920/1142/918 918/1140/916
f 920/1142/918 921/1143/919 918/1140/916
f 918/1140/916 921/1143/919 913/1136/912
f 921/1143/919 922/1144/920 923/1145/921
f 924/1146/922 922/1144/920 921/1143/919
f 921/1143/919 923/1145/921 913/1136/912
f 920/1142/918 924/1146/922 921/1143/919
f 928/1147/923 925/1148/924 924/1146/922
f 925/1148/924 926/1149/925 924/1146/922
f 926/1149/925 927/1150/926 924/1146/922
f 924/1146/922 927/1150/926 922/1144/920
f 928/1147/923 924/1146/922 929/1151/927
f 929/1151/927 924/1146/922 920/1142/918
f 931/1152/928 928/1147/923 929/1151/927
f 930/1153/929 929/1151/927 920/1142/918
f 931/1152/928 929/1151/927 930/1153/929
f 930/1153/929 932/1154/930 931/1152/928
f 931/1152/928 932/1154/930 933/1155/931
f 934/1156/932 928/1147/923 931/1152/928
f 931/1152/928 933/1155/931 934/1156/932
f 934/1156/932 935/1157/933 936/1158/934
f 934/1156/932 933/1155/931 935/1157/933
f 936/1158/934 938/1159/935 934/1156/932
f 934/1156/932 937/1160/936 928/1147/923
f 944/1161/937 937/1160/936 934/1156/932
f 934/1156/932 938/1159/935 939/1162/938
f 934/1156/932 939/1162/938 940/1163/939
f 940/1163/939 941/1164/940 934/1156/932
f 941/1164/940 942/1165/941 934/1156/932
f 934/1156/932 942/1165/941 943/1166/942
f 934/1156/932 943/1166/942 944/1161/937
f 944/1161/937 945/1167/943 946/1168/944
f 943/1166/942 945/1167/943 944/1161/937
f 944/1161/937 946/1168/944 937/1160/936
f 946/1168/944 945/1167/943 947/1169/945
f 946/1168/944 947/1169/945 948/1170/946
f 946/1168/944 948/1170/946 937/1160/936
f 948/1170/946 947/1169/945 949/1171/947
f 948/1170/946 949/1171/947 950/1172/948
f 937/1160/936 948/1170/946 950/1172/948
f 950/1172/948 949/1171/947 951/1173/949
f 937/1160/936 950/1172/948 951/1173/949
f 952/1174/950 951/1173/949 953/1175/951
f 952/1174/950 954/1176/952 951/1173/949
f 951/1173/949 955/1177/953 953/1175/951
f 951/1173/949 954/1176/952 937/1160/936
f 951/1173/949 949/1171/947 955/1177/953
f 947/1169/945 956/1178/954 955/1177/953
f 947/1169/945 955/1177/953 949/1171/947
f 953/1175/951 955/1177/953 958/1179/955
f 955/1177/953 956/1178/954 957/1180/956
f 955/1177/953 957/1180/956 958/1179/955
f 957/1180/956 960/1181/957 958/1179/955
f 953/1175/951 958/1179/955 959/1182/958
f 958/1179/955 962/1183/959 959/1182/958
f 958/1179/955 960/1181/957 961/1184/960
f 958/1179/955 961/1184/960 962/1183/959
f 962/1183/959 961/1184/960 964/1185/961
f 959/1182/958 962/1183/959 963/1186/962
f 964/1185/961 963/1186/962 962/1183/959
f 964/1185/961 966/1187/963 965/1188/964
f 965/1188/964 967/1189/965 964/1185/961
f 961/1184/960 968/1190/966 964/1185/961
f 964/1185/961 968/1190/966 966/1187/963
f 964/1185/961 967/1189/965 963/1186/962
f 968/1190/966 969/1191/967 966/1187/963
f 968/1190/966 971/1192/968 969/1191/967
f 970/1193/969 971/1192/968 968/1190/966
f 961/1184/960 970/1193/969 968/1190/966
f 969/1191/967 971/1192/968 972/1194/970
f 970/1193/969 972/1194/970 971/1192/968
f 974/1195/971 969/1191/967 972/1194/970
f 973/1196/972 972/1194/970 970/1193/969
f 973/1196/972 975/1197/973 972/1194/970
f 974/1195/971 972/1194/970 975/1197/973
f 975/1197/973 241/350/243 240/349/242
f 975/1197/973 240/349/242 974/1195/971
f 977/1198/974 976/1199/975 975/1197/973
f 976/1199/975 242/351/244 975/1197/973
f 975/1197/973 242/351/244 241/350/243
f 977/1198/974 975/1197/973 973/1196/972
f 979/1200/976 976/1199/975 977/1198/974
f 977/1198/974 978/1201/977 984/1202/978
f 980/1203/979 978/1201/977 977/1198/974
f 983/1204/980 979/1200/976 977/1198/974
f 977/1198/974 981/1205/981 980/1203/979
f 977/1198/974 982/1206/982 981/1205/981
f 973/1196/972 982/1206/982 977/1198/974
f 977/1198/974 984/1202/978 983/1204/980
f 985/1207/983 984/1202/978 986/1208/984
f 985/1207/983 983/1204/980 984/1202/978
f 986/1208/984 984/1202/978 978/1201/977
f 986/1208/984 987/1209/985 985/1207/983
f 986/1208/984 990/1210/986 987/1209/985
f 986/1208/984 978/1201/977 988/1211/987
f 988/1211/987 989/1212/988 986/1208/984
f 986/1208/984 989/1212/988 990/1210/986
f 991/1213/989 990/1210/986 989/1212/988
f 987/1209/985 990/1210/986 991/1213/989
f 992/1214/990 996/1215/991 991/1213/989
f 991/1213/989 995/1216/992 992/1214/990
f 991/1213/989 989/1212/988 936/1158/934
f 936/1158/934 993/1217/993 991/1213/989
f 991/1213/989 993/1217/993 995/1216/992
f 991/1213/989 994/1218/994 987/1209/985
f 991/1213/989 996/1215/991 994/1218/994
f 992/1214/990 997/1219/995 996/1215/991
f 985/1207/983 994/1218/994 996/1215/991
f 997/1219/995 985/1207/983 996/1215/991
f 999/1220/996 997/1219/995 992/1214/990
f 997/1219/995 999/1220/996 998/1221/997
f 998/1221/997 985/1207/983 997/1219/995
f 999/1220/996 992/1214/990 1000/1222/998
f 998/1221/997 999/1220/996 1000/1222/998
f 1000/1222/998 1001/1223/999 1002/1224/1000
f 1000/1222/998 992/1214/990 1001/1223/999
f 1002/1224/1000 237/344/238 1000/1222/998
f 243/345/239 1000/1222/998 237/344/238
f 998/1221/997 1000/1222/998 243/345/239
f 1002/1224/1000 1001/1223/999 1003/1225/1001
f 237/344/238 1002/1224/1000 232/336/233
f 232/336/233 1002/1224/1000 1003/1225/1001
f 1001/1223/999 1004/1226/1002 1003/1225/1001
f 232/336/233 1003/1225/1001 1004/1226/1002
f 1001/1223/999 1005/1227/1003 1004/1226/1002
f 1004/1226/1002 1005/1227/1003 232/336/233
f 217/1228/217 1005/1227/1003 1001/1223/999
f 232/336/233 1005/1227/1003 233/334/231
f 217/1228/217 233/334/231 1005/1227/1003
f 1006/1229/1004 1001/1223/999 992/1214/990
f 1006/1229/1004 217/1228/217 1001/1223/999
f 1007/1230/1005 217/1228/217 1006/1229/1004
f 1007/1230/1005 1006/1229/1004 1008/1231/1006
f 1008/1231/1006 1006/1229/1004 1009/1232/1007
f 992/1214/990 1009/1232/1007 1006/1229/1004
f 992/1214/990 995/1216/992 1009/1232/1007
f 1009/1232/1007 995/1216/992 1010/1233/1008
f 1008/1231/1006 1009/1232/1007 1010/1233/1008
f 1010/1233/1008 1012/1234/1009 1008/1231/1006
f 1011/1235/1010 1013/1236/1011 1010/1233/1008
f 1010/1233/1008 993/1217/993 1011/1235/1010
f 1010/1233/1008 995/1216/992 993/1217/993
f 1010/1233/1008 1013/1236/1011 1012/1234/1009
f 1014/1237/1012 1012/1238/1009 1013/1239/1011
f 1014/1237/1012 1013/1239/1011 1015/1240/1013
f 1015/1240/1013 1013/1239/1011 1016/1241/1014
f 1011/1235/1010 1016/1242/1014 1013/1236/1011
f 1015/1240/1013 1016/1241/1014 1017/1243/1015
f 1017/1243/1015 1016/1241/1014 1018/1244/1016
f 1019/1245/1017 1018/1246/1016 1016/1242/1014
f 1019/1245/1017 1016/1242/1014 1011/1235/1010
f 1020/1247/1018 1018/1246/1016 1019/1245/1017
f 1019/1245/1017 933/1155/931 1020/1247/1018
f 1019/1245/1017 935/1157/933 933/1155/931
f 1011/1235/1010 935/1157/933 1019/1245/1017
f 1020/1247/1018 1021/1248/1019 1018/1246/1016
f 1023/1249/1020 1021/1248/1019 1020/1247/1018
f 1020/1247/1018 932/1154/930 1022/1250/1021
f 1023/1249/1020 1020/1247/1018 1022/1250/1021
f 1020/1247/1018 933/1155/931 932/1154/930
f 1023/1249/1020 1024/1251/1022 1027/1252/1023
f 1022/1250/1021 1024/1251/1022 1023/1249/1020
f 1023/1249/1020 1025/1253/1024 1021/1248/1019
f 1026/1254/1025 1025/1253/1024 1023/1249/1020
f 1023/1249/1020 1027/1252/1023 1026/1254/1025
f 1026/1254/1025 1027/1252/1023 904/1126/902
f 905/1127/903 904/1126/902 1027/1252/1023
f 905/1127/903 1027/1252/1023 917/1139/915
f 917/1139/915 1027/1252/1023 1024/1251/1022
f 1028/1255/1026 1029/1256/1027 1026/1254/1025
f 1026/1254/1025 904/1126/902 1028/1255/1026
f 1026/1254/1025 1029/1256/1027 1025/1253/1024
f 1030/1257/1028 1025/1258/1024 1029/1259/1027
f 1030/1257/1028 1029/1259/1027 1031/1260/1029
f 1028/1261/1026 1032/1262/1030 1029/1263/1027
f 1031/1260/1029 1029/1259/1027 1032/1264/1030
f 1031/1260/1029 1032/1264/1030 1034/1265/1031
f 1033/1266/1032 1032/1262/1030 1028/1261/1026
f 1033/1266/1032 1035/1267/1033 1032/1262/1030
f 1034/1265/1031 1032/1264/1030 1035/1268/1033
f 1034/1265/1031 1035/1268/1033 833/1036/831
f 877/1093/876 1035/1267/1033 1033/1266/1032
f 877/1093/876 834/1043/832 1035/1267/1033
f 833/1036/831 1035/1268/1033 834/1037/832
f 1031/1269/1029 1034/1270/1031 1037/1271/1034
f 1037/1271/1034 1034/1270/1031 1036/1272/1035
f 833/1035/831 1036/1272/1035 1034/1270/1031
f 1037/1271/1034 1036/1272/1035 1038/1273/1036
f 1039/1274/1037 1037/1271/1034 1038/1273/1036
f 1040/1275/1038 1031/1269/1029 1037/1271/1034
f 1040/1275/1038 1037/1271/1034 1039/1274/1037
f 1030/1276/1028 1031/1269/1029 1040/1275/1038
f 1041/1277/1039 1040/1275/1038 1042/1278/1040
f 1030/1276/1028 1040/1275/1038 1041/1277/1039
f 1039/1274/1037 1042/1278/1040 1040/1275/1038
f 1042/1278/1040 1043/1279/1041 1046/1280/1042
f 1042/1278/1040 1044/1281/1043 1043/1279/1041
f 1039/1274/1037 1044/1281/1043 1042/1278/1040
f 1041/1277/1039 1042/1278/1040 1045/1282/1044
f 1045/1282/1044 1042/1278/1040 1046/1280/1042
f 78/1283/78 1046/1284/1042 81/1285/80
f 78/1286/78 1047/1287/1045 1046/1288/1042
f 81/1289/80 1046/1290/1042 1043/1291/1041
f 1045/1282/1044 1046/1280/1042 1047/1292/1045
f 77/1293/77 1047/1287/1045 78/1286/78
f 77/1293/77 1048/1294/1046 1047/1287/1045
f 1049/1295/1047 1047/1287/1045 1048/1294/1046
f 1049/1295/1047 1045/1296/1044 1047/1287/1045
f 1050/1297/1048 1045/1296/1044 1049/1295/1047
f 1053/1298/1049 1050/1297/1048 1049/1295/1047
f 1049/1295/1047 1051/1299/1050 1053/1298/1049
f 1049/1295/1047 1052/1300/1051 1051/1299/1050
f 1048/1294/1046 1052/1300/1051 1049/1295/1047
f 1053/1298/1049 1055/1301/1052 1017/1302/1015
f 1054/1303/1053 1053/1298/1049 1017/1302/1015
f 1054/1303/1053 1050/1297/1048 1053/1298/1049
f 1053/1298/1049 1051/1299/1050 1055/1301/1052
f 1017/1302/1015 1055/1301/1052 1015/1304/1013
f 1056/1305/1054 1055/1301/1052 1051/1299/1050
f 1056/1305/1054 1057/1306/1055 1055/1301/1052
f 1055/1301/1052 1057/1306/1055 1015/1304/1013
f 179/261/179 1057/1306/1055 1056/1305/1054
f 179/261/179 180/263/181 1057/1306/1055
f 1014/1307/1012 1057/1306/1055 180/263/181
f 1015/1304/1013 1057/1306/1055 1014/1307/1012
f 1056/1305/1054 1058/1308/1056 179/261/179
f 1056/1305/1054 1059/1309/1057 1058/1308/1056
f 1051/1299/1050 1059/1309/1057 1056/1305/1054
f 1059/1309/1057 1061/1310/1058 1058/1308/1056
f 1051/1299/1050 1060/1311/1059 1059/1309/1057
f 1060/1311/1059 1061/1310/1058 1059/1309/1057
f 1058/1308/1056 1061/1310/1058 1062/1312/1060
f 1063/1313/1061 1062/1314/1060 1061/1315/1058
f 1063/1313/1061 1061/1315/1058 75/123/75
f 75/123/75 1061/1315/1058 77/124/77
f 1060/1311/1059 77/1293/77 1061/1310/1058
f 62/1316/62 1063/1317/1061 72/118/73
f 62/1316/62 1064/1318/1062 1063/1317/1061
f 1064/1319/1062 1062/1314/1060 1063/1313/1061
f 72/118/73 1063/1317/1061 75/119/75
f 60/1320/61 171/1321/171 1064/1318/1062
f 60/1320/61 1064/1318/1062 62/1316/62
f 171/252/171 172/253/172 1064/1319/1062
f 1064/1319/1062 172/253/172 1062/1314/1060
f 172/255/172 177/259/177 1062/1312/1060
f 1062/1312/1060 177/259/177 181/262/180
f 1062/1312/1060 181/262/180 1058/1308/1056
f 1052/1300/1051 77/1293/77 1060/1311/1059
f 1052/1300/1051 1060/1311/1059 1051/1299/1050
f 179/261/179 1058/1308/1056 181/262/180
f 1017/1243/1015 1018/1244/1016 1054/1322/1053
f 1054/1322/1053 1018/1244/1016 1021/1323/1019
f 1065/1324/1063 1050/1297/1048 1054/1303/1053
f 1054/1322/1053 1021/1323/1019 1065/1325/1063
f 1065/1325/1063 1021/1323/1019 1025/1258/1024
f 1065/1324/1063 1041/1326/1039 1050/1297/1048
f 1065/1324/1063 1030/1327/1028 1041/1326/1039
f 1065/1325/1063 1025/1258/1024 1030/1257/1028
f 1052/1300/1051 1048/1294/1046 77/1293/77
f 1050/1297/1048 1041/1326/1039 1045/1296/1044
f 81/1328/80 1043/1279/1041 1044/1281/1043
f 1039/1274/1037 1066/1329/1064 1044/1281/1043
f 1044/1281/1043 1066/1329/1064 81/1328/80
f 1067/1330/1065 1066/1329/1064 1039/1274/1037
f 81/1328/80 1066/1329/1064 1067/1330/1065
f 1039/1274/1037 1038/1273/1036 1067/1330/1065
f 1067/1330/1065 1038/1273/1036 1068/1331/1066
f 1067/1330/1065 1068/1331/1066 84/1332/85
f 81/1328/80 1067/1330/1065 84/1332/85
f 1068/1331/1066 1069/1333/1067 1070/1334/1068
f 1038/1273/1036 1069/1333/1067 1068/1331/1066
f 84/1332/85 1068/1331/1066 1070/1334/1068
f 1071/1335/1069 86/1336/86 1070/1334/1068
f 84/1332/85 1070/1334/1068 86/1336/86
f 1069/1333/1067 1071/1335/1069 1070/1334/1068
f 1069/1333/1067 830/1033/829 1071/1335/1069
f 830/1033/829 1072/1337/1070 1071/1335/1069
f 1072/1337/1070 86/1336/86 1071/1335/1069
f 1072/1337/1070 87/1338/87 86/1336/86
f 1073/1339/1071 87/1338/87 1072/1337/1070
f 830/1033/829 1073/1339/1071 1072/1337/1070
f 1073/1339/1071 1074/1340/1072 87/1338/87
f 825/1028/824 1074/1340/1072 1073/1339/1071
f 825/1028/824 1073/1339/1071 830/1033/829
f 822/1024/820 1074/1340/1072 825/1028/824
f 87/1338/87 1074/1340/1072 822/1024/820
f 1038/1273/1036 1036/1272/1035 1069/1333/1067
f 1036/1272/1035 831/1034/830 1069/1333/1067
f 831/1034/830 830/1033/829 1069/1333/1067
f 833/1035/831 831/1034/830 1036/1272/1035
f 901/1123/900 900/1122/899 1033/1266/1032
f 1028/1261/1026 901/1123/900 1033/1266/1032
f 1033/1266/1032 879/1094/877 877/1093/876
f 1033/1266/1032 900/1122/899 879/1094/877
f 1028/1261/1026 902/1124/901 901/1123/900
f 904/1126/902 902/1125/901 1028/1255/1026
f 917/1139/915 1024/1251/1022 919/1141/917
f 919/1141/917 1024/1251/1022 1022/1250/1021
f 919/1141/917 1022/1250/1021 930/1153/929
f 930/1153/929 1022/1250/1021 932/1154/930
f 1014/1307/1012 180/263/181 184/267/185
f 184/1341/185 1012/1238/1009 1014/1237/1012
f 184/1341/185 1075/1342/1073 1012/1238/1009
f 1008/1231/1006 1012/1234/1009 1075/1343/1073
f 1076/1344/1074 1075/1343/1073 195/1345/196
f 183/1346/183 195/286/196 1075/1342/1073
f 183/1346/183 1075/1342/1073 184/1341/185
f 1008/1231/1006 1075/1343/1073 1076/1344/1074
f 1076/1347/1074 195/288/196 196/287/197
f 1076/1347/1074 216/1348/215 1007/1349/1005
f 196/287/197 216/1348/215 1076/1347/1074
f 1076/1344/1074 1007/1230/1005 1008/1231/1006
f 1011/1235/1010 993/1217/993 935/1157/933
f 216/1350/215 217/1228/217 1007/1230/1005
f 998/1221/997 976/1199/975 979/1200/976
f 243/345/239 976/1199/975 998/1221/997
f 998/1221/997 979/1200/976 983/1204/980
f 998/1221/997 983/1204/980 985/1207/983
f 985/1207/983 987/1209/985 994/1218/994
f 936/1158/934 935/1157/933 993/1217/993
f 936/1158/934 989/1212/988 988/1211/987
f 988/1211/987 978/1201/977 1077/1351/1075
f 988/1211/987 1077/1351/1075 1078/1352/1076
f 936/1158/934 988/1211/987 1078/1352/1076
f 1078/1352/1076 1077/1351/1075 980/1203/979
f 1078/1352/1076 1079/1353/1077 936/1158/934
f 1078/1352/1076 980/1203/979 1079/1353/1077
f 936/1158/934 1079/1353/1077 938/1159/935
f 1079/1353/1077 981/1205/981 982/1206/982
f 1079/1353/1077 982/1206/982 938/1159/935
f 1079/1353/1077 980/1203/979 981/1205/981
f 980/1203/979 1077/1351/1075 978/1201/977
f 973/1196/972 1080/1354/1078 982/1206/982
f 938/1159/935 982/1206/982 1080/1354/1078
f 938/1159/935 1080/1354/1078 939/1162/938
f 1081/1355/1079 1080/1354/1078 973/1196/972
f 1080/1354/1078 1081/1355/1079 939/1162/938
f 973/1196/972 1082/1356/1080 1081/1355/1079
f 939/1162/938 1081/1355/1079 1082/1356/1080
f 1082/1356/1080 1083/1357/1081 940/1163/939
f 939/1162/938 1082/1356/1080 940/1163/939
f 973/1196/972 1083/1357/1081 1082/1356/1080
f 940/1163/939 1083/1357/1081 1084/1358/1082
f 1084/1358/1082 1083/1357/1081 973/1196/972
f 940/1163/939 1084/1358/1082 941/1164/940
f 941/1164/940 1084/1358/1082 1085/1359/1083
f 973/1196/972 1085/1359/1083 1084/1358/1082
f 941/1164/940 1085/1359/1083 942/1165/941
f 942/1165/941 1085/1359/1083 945/1167/943
f 1085/1359/1083 1086/1360/1084 945/1167/943
f 970/1193/969 1086/1360/1084 1085/1359/1083
f 970/1193/969 1085/1359/1083 973/1196/972
f 945/1167/943 1086/1360/1084 1087/1361/1085
f 970/1193/969 1087/1361/1085 1086/1360/1084
f 945/1167/943 1087/1361/1085 947/1169/945
f 956/1178/954 1087/1361/1085 970/1193/969
f 947/1169/945 1087/1361/1085 956/1178/954
f 243/345/239 242/351/244 976/1199/975
f 974/1195/971 240/349/242 239/347/241
f 1088/1362/1086 969/1191/967 974/1195/971
f 974/1195/971 238/346/240 1088/1362/1086
f 974/1195/971 239/347/241 238/346/240
f 1088/1362/1086 1090/1363/1087 969/1191/967
f 1089/1364/1088 1090/1363/1087 1088/1362/1086
f 1088/1362/1086 247/1365/248 1089/1364/1088
f 1088/1362/1086 238/346/240 247/1365/248
f 969/1191/967 1090/1363/1087 1091/1366/1089
f 1089/1364/1088 1092/1367/1090 1090/1363/1087
f 1093/1368/1091 1091/1366/1089 1090/1363/1087
f 1092/1367/1090 1093/1368/1091 1090/1363/1087
f 1094/1369/1092 1097/1370/1093 1093/1368/1091
f 1094/1369/1092 1093/1368/1091 1095/1371/1094
f 1095/1371/1094 1093/1368/1091 1096/1372/1095
f 1098/1373/1096 1096/1372/1095 1093/1368/1091
f 1093/1368/1091 1097/1370/1093 1091/1366/1089
f 1098/1373/1096 1093/1368/1091 1092/1367/1090
f 1099/1374/1097 1096/1372/1095 1098/1373/1096
f 1099/1374/1097 1098/1373/1096 1089/1364/1088
f 1098/1373/1096 1092/1367/1090 1089/1364/1088
f 1099/1374/1097 1102/1375/1098 1096/1372/1095
f 1089/1364/1088 1100/1376/1099 1099/1374/1097
f 1101/1377/1100 1099/1374/1097 1100/1376/1099
f 1101/1377/1100 1102/1375/1098 1099/1374/1097
f 1101/1377/1100 1095/1371/1094 1102/1375/1098
f 1095/1371/1094 1096/1372/1095 1102/1375/1098
f 260/376/261 1101/1378/1100 1100/1379/1099
f 1103/1380/1101 1101/1378/1100 260/376/261
f 1101/1377/1100 1103/1381/1101 273/392/274
f 273/392/274 1095/1371/1094 1101/1377/1100
f 273/392/274 1103/1381/1101 1104/1382/1102
f 260/376/261 1104/1383/1102 1103/1380/1101
f 273/392/274 1104/1382/1102 272/1384/273
f 260/376/261 272/390/273 1104/1383/1102
f 1089/1364/1088 247/1365/248 1100/1376/1099
f 260/376/261 1100/1379/1099 245/365/245
f 247/357/248 246/356/247 1100/1379/1099
f 245/365/245 1100/1379/1099 246/356/247
f 1091/1366/1089 1097/1370/1093 1105/1385/1103
f 1094/1369/1092 1105/1385/1103 1097/1370/1093
f 1107/1386/1104 1105/1385/1103 1106/1387/1105
f 1108/1388/1106 1106/1387/1105 1105/1385/1103
f 1091/1366/1089 1105/1385/1103 1107/1386/1104
f 1108/1388/1106 1105/1385/1103 1094/1369/1092
f 1111/1389/1107 1109/1390/1108 1108/1388/1106
f 1109/1390/1108 1112/1391/1109 1108/1388/1106
f 1108/1388/1106 1110/1392/1110 1115/1393/1111
f 1094/1369/1092 1110/1392/1110 1108/1388/1106
f 1111/1389/1107 1108/1388/1106 1113/1394/1112
f 1112/1391/1109 1106/1387/1105 1108/1388/1106
f 1113/1394/1112 1108/1388/1106 1114/1395/1111
f 1108/1388/1106 1115/1393/1111 1114/1395/1111
f 1115/1393/1111 1110/1392/1110 1116/1396/1113
f 1116/1396/1113 1114/1395/1111 1115/1393/1111
f 1116/1396/1113 1110/1392/1110 1118/1397/1114
f 1116/1398/1113 1117/1399/1115 1120/1400/1116
f 282/399/280 1117/1399/1115 1116/1398/1113
f 1116/1396/1113 1118/1397/1114 282/406/280
f 1116/1398/1113 1120/1400/1116 1119/1401/1117
f 1119/1402/1117 1113/1394/1112 1116/1396/1113
f 1116/1396/1113 1113/1394/1112 1114/1395/1111
f 1119/1401/1117 1120/1400/1116 1121/1403/1118
f 1120/1404/1116 1124/1405/1119 1121/1406/1118
f 1120/1404/1116 1126/1407/1120 1122/1408/1121
f 1122/1408/1121 1123/1409/1122 1120/1404/1116
f 1120/1404/1116 1123/1409/1122 1124/1405/1119
f 1117/1410/1115 1125/1411/1123 1120/1404/1116
f 1120/1404/1116 1125/1411/1123 1126/1407/1120
f 1125/1411/1123 1128/1412/1124 1126/1407/1120
f 1127/1413/1125 1126/1407/1120 1128/1412/1124
f 1122/1408/1121 1126/1407/1120 1127/1413/1125
f 1128/1412/1124 1129/1414/1126 1130/1415/1127
f 1133/1416/1128 1129/1414/1126 1128/1412/1124
f 1128/1412/1124 1130/1415/1127 1132/1417/1129
f 1125/1411/1123 1133/1416/1128 1128/1412/1124
f 1127/1413/1125 1128/1412/1124 1131/1418/1130
f 1131/1418/1130 1128/1412/1124 1132/1417/1129
f 1135/1419/1131 1134/1420/1132 1133/1416/1128
f 1134/1420/1132 1137/1421/1133 1133/1416/1128
f 1135/1419/1131 1133/1416/1128 1125/1411/1123
f 1133/1416/1128 1136/1422/1134 1129/1414/1126
f 1133/1423/1128 1137/1424/1133 1136/1425/1134
f 1137/1421/1133 1134/1420/1132 1117/1410/1115
f 1117/1410/1115 1136/1422/1134 1137/1421/1133
f 1117/1410/1115 1138/1426/1135 1136/1422/1134
f 1139/1427/1136 1136/1422/1134 1138/1426/1135
f 1129/1414/1126 1136/1422/1134 1139/1427/1136
f 1139/1428/1136 1140/1429/1137 1141/1430/1138
f 1138/1426/1135 1140/1431/1137 1139/1427/1136
f 1139/1428/1136 1141/1430/1138 1142/1432/1139
f 1130/1415/1127 1139/1427/1136 1142/1433/1139
f 1129/1414/1126 1139/1427/1136 1130/1415/1127
f 1141/1430/1138 1146/1434/1140 1142/1432/1139
f 1142/1432/1139 1143/1435/1141 1145/1436/1142
f 1142/1432/1139 1146/1434/1140 1143/1435/1141
f 1130/1437/1127 1142/1432/1139 1144/1438/1143
f 1144/1438/1143 1142/1432/1139 1145/1436/1142
f 1141/1430/1138 1150/1439/1144 1146/1434/1140
f 1146/1434/1140 1147/1440/1145 1149/1441/1146
f 1146/1434/1140 1148/1442/1147 1147/1440/1145
f 1151/1443/1148 1148/1442/1147 1146/1434/1140
f 1146/1434/1140 1149/1441/1146 1143/1435/1141
f 1150/1439/1144 1151/1443/1148 1146/1434/1140
f 1148/1442/1147 1151/1443/1148 1152/1444/1149
f 1152/1444/1149 1151/1443/1148 1153/1445/1150
f 1150/1439/1144 1153/1445/1150 1151/1443/1148
f 1152/1444/1149 1153/1445/1150 1154/1446/1151
f 1155/1447/1152 1153/1445/1150 1150/1439/1144
f 1154/1446/1151 1153/1445/1150 1155/1447/1152
f 1154/1446/1151 1155/1447/1152 1159/1448/1153
f 1156/1449/1154 1155/1447/1152 1157/1450/1155
f 1156/1449/1154 1159/1448/1153 1155/1447/1152
f 1157/1450/1155 1155/1447/1152 1158/1451/1156
f 1158/1451/1156 1155/1447/1152 1150/1439/1144
f 1160/1452/1157 1159/1453/1153 1156/1454/1154
f 1154/1455/1151 1159/1453/1153 1160/1452/1157
f 1152/1456/1149 1160/1452/1157 1161/1457/1158
f 1160/1458/1157 1163/1459/1159 1161/1460/1158
f 1160/1452/1157 1157/1461/1155 1167/1462/1160
f 1156/1454/1154 1157/1461/1155 1160/1452/1157
f 1154/1455/1151 1160/1452/1157 1152/1456/1149
f 1160/1452/1157 1162/1463/1161 1165/1464/1162
f 1160/1452/1157 1164/1465/1163 1162/1463/1161
f 1165/1466/1162 1163/1459/1159 1160/1458/1157
f 1166/1467/1164 1164/1465/1163 1160/1452/1157
f 1160/1452/1157 1167/1462/1160 1166/1467/1164
f 1158/1451/1156 1167/1468/1160 1157/1450/1155
f 1158/1451/1156 1168/1469/1165 1167/1468/1160
f 1168/1469/1165 1166/1470/1164 1167/1468/1160
f 1168/1469/1165 1164/1471/1163 1166/1470/1164
f 1169/1472/1166 1164/1471/1163 1168/1469/1165
f 1141/1430/1138 1168/1469/1165 1158/1451/1156
f 1141/1430/1138 1169/1472/1166 1168/1469/1165
f 1140/1431/1137 1170/1473/1167 1169/1474/1166
f 1171/1475/1168 1169/1474/1166 1170/1473/1167
f 1171/1475/1168 1165/1476/1162 1169/1474/1166
f 1165/1477/1162 1162/1478/1161 1169/1472/1166
f 1140/1429/1137 1169/1472/1166 1141/1430/1138
f 1169/1472/1166 1162/1478/1161 1164/1471/1163
f 278/1479/279 1171/1480/1168 1170/1481/1167
f 285/1482/286 1165/1483/1162 1171/1480/1168
f 278/1479/279 285/1482/286 1171/1480/1168
f 1172/1484/1169 1170/1473/1167 1140/1431/1137
f 1170/1473/1167 1172/1484/1169 278/1485/279
f 1172/1484/1169 1173/1486/1169 278/1485/279
f 1140/1431/1137 1173/1486/1169 1172/1484/1169
f 278/1485/279 1173/1486/1169 1138/1426/1135
f 1138/1426/1135 1173/1486/1169 1140/1431/1137
f 285/410/286 1163/1487/1159 1165/1488/1162
f 1174/1489/1170 1175/1490/1171 1163/1459/1159
f 1174/1491/1170 1163/1487/1159 285/410/286
f 1163/1459/1159 1175/1490/1171 1176/1492/1172
f 1178/1493/1173 1161/1460/1158 1163/1459/1159
f 1163/1459/1159 1176/1492/1172 1177/1494/1174
f 1179/1495/1175 1163/1459/1159 1177/1494/1174
f 1178/1493/1173 1163/1459/1159 1179/1495/1175
f 1179/1496/1175 1180/1497/1176 1183/1498/1177
f 1179/1496/1175 1181/1499/1178 1180/1497/1176
f 1177/1500/1174 1181/1499/1178 1179/1496/1175
f 1182/1501/1179 1179/1502/1175 1183/1503/1177
f 1182/1501/1179 1178/1504/1173 1179/1502/1175
f 1184/1505/1180 1183/1506/1177 1180/1507/1176
f 1184/1505/1180 1182/1508/1179 1183/1506/1177
f 1184/1505/1180 1185/1509/1181 1186/1510/1182
f 1184/1505/1180 1200/1511/1183 1185/1509/1181
f 1186/1510/1182 1182/1508/1179 1184/1505/1180
f 1180/1507/1176 1199/1512/1184 1184/1505/1180
f 1184/1505/1180 1187/1513/1185 1190/1514/1186
f 1197/1515/1187 1187/1513/1185 1184/1505/1180
f 1184/1505/1180 1190/1514/1186 1188/1516/1188
f 1188/1516/1188 1189/1517/1189 1184/1505/1180
f 1189/1517/1189 1191/1518/1190 1184/1505/1180
f 1191/1518/1190 1193/1519/1191 1184/1505/1180
f 1184/1505/1180 1192/1520/1192 1196/1521/1193
f 1184/1505/1180 1193/1519/1191 1192/1520/1192
f 1194/1522/1194 1195/1523/1195 1184/1505/1180
f 1184/1505/1180 1201/1524/1196 1194/1522/1194
f 1184/1505/1180 1195/1523/1195 1198/1525/1197
f 1196/1521/1193 1200/1511/1183 1184/1505/1180
f 1184/1505/1180 1198/1525/1197 1197/1515/1187
f 1184/1505/1180 1199/1512/1184 1201/1524/1196
f 1201/1526/1196 1202/1527/1198 1194/1528/1194
f 1199/1529/1184 1202/1527/1198 1201/1526/1196
f 1194/1528/1194 1202/1527/1198 1203/1530/1199
f 1204/1531/1200 1203/1532/1199 1202/1533/1198
f 1199/1529/1184 1205/1534/1201 1202/1527/1198
f 1204/1531/1200 1202/1533/1198 1205/1535/1201
f 1206/1536/1202 1205/1534/1201 1199/1529/1184
f 1205/1534/1201 1206/1536/1202 1207/1537/1203
f 1207/1537/1203 1208/1538/1204 1205/1534/1201
f 1205/1534/1201 1208/1538/1204 1209/1539/1205
f 1205/1534/1201 1209/1539/1205 1210/1540/1206
f 1205/1535/1201 1210/1541/1206 1204/1531/1200
f 1211/1542/1207 1210/1543/1206 1209/1544/1205
f 1212/1545/1208 1204/1546/1200 1210/1547/1206
f 1174/1548/1170 1210/1543/1206 1211/1542/1207
f 1174/1491/1170 1212/1545/1208 1210/1547/1206
f 1213/1549/1209 1214/1550/1210 1212/1545/1208
f 1213/1549/1209 1212/1545/1208 1216/1551/1211
f 285/410/286 1212/1545/1208 1174/1491/1170
f 1215/1552/1212 1212/1553/1208 1214/1554/1210
f 1204/1546/1200 1212/1545/1208 1215/1555/1212
f 1216/1551/1211 1212/1545/1208 285/410/286
f 1221/1556/1213 1213/1557/1209 1216/1558/1211
f 285/410/286 1217/1559/1214 1216/1551/1211
f 1216/1551/1211 1217/1559/1214 1218/1560/1215
f 1216/1551/1211 1218/1560/1215 1219/1561/1216
f 1219/1561/1216 1220/1562/1217 1216/1551/1211
f 1216/1551/1211 1220/1562/1217 1221/1563/1213
f 1222/1564/1218 1223/1565/1219 1221/1556/1213
f 1221/1563/1213 1226/1566/1220 1222/1567/1218
f 1221/1556/1213 1223/1565/1219 1213/1557/1209
f 1221/1568/1213 1220/1569/1217 1227/1570/1221
f 1221/1563/1213 1227/1571/1221 1224/1572/1222
f 1224/1572/1222 1225/1573/1223 1221/1563/1213
f 1221/1563/1213 1225/1573/1223 1226/1566/1220
f 1228/1574/1224 1224/1572/1222 1227/1571/1221
f 1227/1571/1221 1220/1562/1217 1228/1574/1224
f 1228/1574/1224 1229/1575/1225 1230/1576/1226
f 1228/1574/1224 1220/1562/1217 1229/1575/1225
f 1230/1576/1226 1224/1572/1222 1228/1574/1224
f 1229/1575/1225 1234/1577/1227 1230/1576/1226
f 1230/1578/1226 1232/1579/1228 1224/1580/1222
f 1230/1576/1226 1231/1581/1229 1233/1582/1230
f 1230/1576/1226 1234/1577/1227 1231/1581/1229
f 1233/1583/1230 1232/1579/1228 1230/1578/1226
f 1236/1584/1231 1235/1585/1232 1234/1577/1227
f 1235/1585/1232 1231/1581/1229 1234/1577/1227
f 1236/1586/1231 1234/1587/1227 1229/1588/1225
f 1236/1589/1231 1238/1590/1233 1237/1591/1234
f 1237/1591/1234 1235/1592/1232 1236/1589/1231
f 1220/1593/1217 1238/1590/1233 1236/1589/1231
f 1229/1575/1225 1220/1562/1217 1236/1584/1231
f 1238/1594/1233 1219/1595/1216 1237/1596/1234
f 1238/1597/1233 1220/1562/1217 1219/1561/1216
f 1237/1598/1234 1219/1599/1216 1235/1600/1232
f 1235/1601/1232 1218/1602/1215 1239/1603/1235
f 1219/1604/1216 1218/1602/1215 1235/1601/1232
f 1235/1601/1232 1239/1603/1235 1241/1605/1236
f 1231/1581/1229 1235/1585/1232 1240/1606/1237
f 1240/1606/1237 1235/1585/1232 1241/1607/1236
f 1240/1606/1237 1241/1607/1236 1244/1608/1238
f 1239/1603/1235 1242/1609/1239 1241/1605/1236
f 1241/1605/1236 1242/1609/1239 1243/1610/1240
f 1241/1605/1236 1243/1610/1240 1245/1611/1241
f 1244/1612/1238 1241/1605/1236 1245/1611/1241
f 1244/1612/1238 1245/1611/1241 1247/1613/1242
f 1245/1611/1241 1243/1610/1240 1246/1614/1243
f 1245/1611/1241 1246/1614/1243 1249/1615/1244
f 1247/1613/1242 1245/1611/1241 1248/1616/1245
f 1248/1616/1245 1245/1611/1241 1249/1615/1244
f 1248/1616/1245 1249/1615/1244 1250/1617/1246
f 1250/1617/1246 1249/1615/1244 1251/1618/1247
f 1249/1615/1244 1253/1619/1248 1251/1618/1247
f 1246/1614/1243 1252/1620/1249 1249/1615/1244
f 1249/1615/1244 1252/1620/1249 1253/1619/1248
f 1251/1618/1247 1253/1619/1248 1254/1621/1250
f 1252/1620/1249 1255/1622/1251 1253/1619/1248
f 1256/1623/1252 1254/1621/1250 1253/1619/1248
f 1257/1624/1253 1253/1619/1248 1255/1622/1251
f 1256/1623/1252 1253/1619/1248 1257/1624/1253
f 1258/1625/1254 1257/1624/1253 1255/1622/1251
f 1258/1625/1254 1256/1623/1252 1257/1624/1253
f 1259/1626/1255 1258/1625/1254 1260/1627/1256
f 1259/1626/1255 342/485/342 1258/1625/1254
f 342/485/342 345/487/344 1258/1625/1254
f 1260/1627/1256 1258/1625/1254 1255/1622/1251
f 1258/1625/1254 347/490/347 1261/1628/1257
f 1261/1628/1257 1262/1629/1258 1258/1625/1254
f 1262/1629/1258 1256/1623/1252 1258/1625/1254
f 1258/1625/1254 345/487/344 347/490/347
f 1261/1628/1257 1264/1630/1259 1262/1629/1258
f 1262/1629/1258 1263/1631/1260 1254/1621/1250
f 1262/1629/1258 1254/1621/1250 1256/1623/1252
f 1262/1629/1258 1264/1630/1259 1263/1631/1260
f 1265/1632/1261 1263/1631/1260 1264/1630/1259
f 1265/1632/1261 1264/1630/1259 1266/1633/1262
f 1266/1633/1262 1264/1630/1259 1267/1634/1263
f 1261/1628/1257 1267/1634/1263 1264/1630/1259
f 453/619/456 1266/1633/1262 1267/1634/1263
f 453/619/456 1267/1634/1263 455/620/457
f 455/620/457 1267/1634/1263 1269/1635/1264
f 1268/1636/1265 1267/1634/1263 1261/1628/1257
f 1268/1636/1265 1269/1635/1264 1267/1634/1263
f 1270/1637/1266 1269/1635/1264 1271/1638/1267
f 455/620/457 1269/1635/1264 1270/1637/1266
f 1272/1639/1268 1271/1638/1267 1269/1635/1264
f 1268/1636/1265 1272/1639/1268 1269/1635/1264
f 1274/1640/1269 1272/1639/1268 1268/1636/1265
f 1273/1641/1270 1271/1638/1267 1272/1639/1268
f 1274/1640/1269 1273/1641/1270 1272/1639/1268
f 1261/1628/1257 1274/1640/1269 1268/1636/1265
f 1261/1628/1257 347/490/347 1274/1640/1269
f 347/490/347 1275/1642/1271 1274/1640/1269
f 1275/1642/1271 1276/1643/1272 1274/1640/1269
f 1276/1643/1272 1273/1641/1270 1274/1640/1269
f 1276/1643/1272 1277/1644/1273 1280/1645/1274
f 1279/1646/1275 1277/1644/1273 1276/1643/1272
f 1276/1643/1272 1280/1645/1274 1278/1647/1276
f 1276/1643/1272 1278/1647/1276 1273/1641/1270
f 1275/1642/1271 1279/1646/1275 1276/1643/1272
f 1281/1648/1277 1278/1647/1276 1280/1645/1274
f 1277/1644/1273 1281/1648/1277 1280/1645/1274
f 1282/1649/1278 1281/1648/1277 1283/1650/1279
f 450/612/450 1281/1648/1277 1282/1649/1278
f 1277/1644/1273 1283/1650/1279 1281/1648/1277
f 1281/1648/1277 1271/1638/1267 1278/1647/1276
f 456/615/452 1271/1638/1267 1281/1648/1277
f 450/612/450 456/615/452 1281/1648/1277
f 1285/1651/1280 1282/1649/1278 1283/1650/1279
f 363/505/362 1283/1650/1279 1284/1652/1281
f 1284/1652/1281 1283/1650/1279 1277/1644/1273
f 1285/1651/1280 1283/1650/1279 363/505/362
f 363/505/362 429/577/429 1285/1651/1280
f 1285/1651/1280 429/577/429 432/584/433
f 1285/1651/1280 1286/1653/1282 1282/1649/1278
f 442/600/444 1286/1653/1282 1285/1651/1280
f 1285/1651/1280 432/584/433 442/600/444
f 1282/1649/1278 1286/1653/1282 450/612/450
f 442/600/444 1287/1654/1283 1286/1653/1282
f 450/612/450 1286/1653/1282 1287/1654/1283
f 445/610/445 1287/1654/1283 1288/1655/1284
f 450/612/450 1287/1654/1283 445/610/445
f 1288/1655/1284 1287/1654/1283 442/600/444
f 1288/1655/1284 442/600/444 443/599/443
f 445/610/445 1288/1655/1284 443/599/443
f 363/505/362 1284/1652/1281 1289/1656/1285
f 1289/1656/1285 1284/1652/1281 1277/1644/1273
f 1279/1646/1275 1289/1656/1285 1277/1644/1273
f 1289/1656/1285 1290/1657/1286 363/505/362
f 1290/1657/1286 1289/1656/1285 1279/1646/1275
f 1275/1642/1271 1290/1657/1286 1279/1646/1275
f 1275/1642/1271 361/504/361 1290/1657/1286
f 363/505/362 1290/1657/1286 361/504/361
f 1273/1641/1270 1278/1647/1276 1271/1638/1267
f 349/492/349 361/504/361 1275/1642/1271
f 347/490/347 349/492/349 1275/1642/1271
f 456/615/452 1270/1637/1266 1271/1638/1267
f 455/620/457 1270/1637/1266 456/615/452
f 1291/1658/1287 1265/1632/1261 1266/1633/1262
f 1291/1658/1287 1266/1633/1262 453/619/456
f 1291/1658/1287 1293/1659/1288 1292/1660/1289
f 1292/1660/1289 1265/1632/1261 1291/1658/1287
f 452/617/454 1294/1661/1290 1291/1658/1287
f 1291/1658/1287 453/619/456 452/617/454
f 1291/1658/1287 1294/1661/1290 1293/1659/1288
f 1295/1662/1291 1294/1661/1290 1299/1663/1292
f 1298/1664/1293 1294/1661/1290 1295/1662/1291
f 1294/1661/1290 1297/1665/1294 1293/1659/1288
f 1294/1661/1290 1296/1666/1295 1297/1665/1294
f 1298/1664/1293 1296/1666/1295 1294/1661/1290
f 452/617/454 1299/1663/1292 1294/1661/1290
f 1300/1667/1296 1299/1663/1292 452/617/454
f 1295/1662/1291 1299/1663/1292 1300/1667/1296
f 1300/1667/1296 465/632/465 1303/1668/1297
f 1300/1667/1296 463/629/463 465/632/465
f 452/617/454 463/629/463 1300/1667/1296
f 1300/1667/1296 1301/1669/1298 1302/1670/1299
f 1303/1668/1297 1301/1669/1298 1300/1667/1296
f 1300/1667/1296 1302/1670/1299 1295/1662/1291
f 1305/1671/1300 1303/1672/1297 1304/1673/1301
f 1304/1673/1301 1303/1672/1297 1307/1674/1302
f 1305/1671/1300 1306/1675/1303 1303/1672/1297
f 1301/1669/1298 1303/1668/1297 1306/1676/1303
f 1307/1674/1302 1303/1672/1297 465/1677/465
f 1307/1678/1302 465/632/465 466/633/466
f 473/640/471 1307/1674/1302 466/635/466
f 1304/1679/1301 1307/1680/1302 473/1681/471
f 1310/1682/1304 1308/1683/1305 1306/1675/1303
f 1311/1684/1306 1306/1675/1303 1308/1683/1305
f 1306/1675/1303 1309/1685/1307 1301/1686/1298
f 1311/1684/1306 1309/1685/1307 1306/1675/1303
f 1310/1682/1304 1306/1675/1303 1305/1671/1300
f 1311/1684/1306 1312/1687/1308 1318/1688/1309
f 1314/1689/1310 1312/1687/1308 1311/1684/1306
f 1313/1690/1311 1311/1684/1306 1308/1683/1305
f 1314/1689/1310 1311/1684/1306 1313/1690/1311
f 1315/1691/1312 1316/1692/1313 1311/1684/1306
f 1311/1684/1306 1317/1693/1314 1315/1691/1312
f 1311/1684/1306 1316/1692/1313 1309/1685/1307
f 1311/1684/1306 1318/1688/1309 1317/1693/1314
f 1317/1693/1314 1318/1688/1309 1222/1567/1218
f 1222/1567/1218 1318/1688/1309 1312/1687/1308
f 1222/1567/1218 1319/1694/1315 1317/1693/1314
f 1315/1691/1312 1317/1693/1314 1319/1694/1315
f 1320/1695/1316 1319/1694/1315 1226/1566/1220
f 1222/1567/1218 1226/1566/1220 1319/1694/1315
f 1315/1691/1312 1319/1694/1315 1320/1695/1316
f 1320/1695/1316 1226/1566/1220 1225/1573/1223
f 1232/1579/1228 1315/1696/1312 1320/1697/1316
f 1224/1572/1222 1320/1695/1316 1225/1573/1223
f 1232/1698/1228 1320/1695/1316 1224/1572/1222
f 1302/1670/1299 1316/1699/1313 1321/1700/1317
f 1301/1669/1298 1316/1699/1313 1302/1670/1299
f 1315/1691/1312 1321/1701/1317 1316/1692/1313
f 1301/1686/1298 1309/1685/1307 1316/1692/1313
f 1302/1670/1299 1321/1700/1317 1295/1662/1291
f 1295/1662/1291 1321/1700/1317 1322/1702/1318
f 1322/1703/1318 1321/1701/1317 1315/1691/1312
f 1298/1664/1293 1322/1702/1318 1323/1704/1319
f 1323/1705/1319 1322/1703/1318 1315/1691/1312
f 1295/1662/1291 1322/1702/1318 1298/1664/1293
f 1298/1664/1293 1323/1704/1319 1296/1666/1295
f 1296/1666/1295 1323/1704/1319 1232/1579/1228
f 1232/1579/1228 1323/1704/1319 1315/1696/1312
f 1325/1706/1320 1312/1687/1308 1314/1689/1310
f 1313/1690/1311 1324/1707/1321 1314/1689/1310
f 1325/1706/1320 1314/1689/1310 1324/1707/1321
f 1325/1708/1320 1326/1709/1322 1222/1564/1218
f 1325/1708/1320 1331/1710/1323 1326/1709/1322
f 1327/1711/1324 1331/1710/1323 1325/1708/1320
f 1327/1712/1324 1325/1706/1320 1328/1713/1325
f 1325/1706/1320 1330/1714/1326 1328/1713/1325
f 1324/1707/1321 1329/1715/1327 1325/1706/1320
f 1325/1706/1320 1329/1715/1327 1330/1714/1326
f 1222/1567/1218 1312/1687/1308 1325/1706/1320
f 1327/1711/1324 1332/1716/1328 1331/1710/1323
f 1332/1717/1328 1336/1718/1329 1331/1719/1323
f 1331/1719/1323 1335/1720/1330 1326/1721/1322
f 1331/1719/1323 1337/1722/1331 1333/1723/1332
f 1333/1723/1332 1334/1724/1333 1331/1719/1323
f 1331/1719/1323 1334/1724/1333 1335/1720/1330
f 1331/1719/1323 1336/1718/1329 1337/1722/1331
f 1336/1718/1329 1338/1725/1334 1337/1722/1331
f 1339/1726/1335 1337/1722/1331 1338/1725/1334
f 1333/1723/1332 1337/1722/1331 1339/1726/1335
f 1339/1726/1335 1338/1725/1334 1340/1727/1336
f 1340/1727/1336 1341/1728/1337 1339/1726/1335
f 1339/1726/1335 1334/1724/1333 1333/1723/1332
f 1339/1726/1335 1341/1728/1337 1334/1724/1333
f 1341/1728/1337 1342/1729/1338 1346/1730/1339
f 1341/1728/1337 1344/1731/1340 1342/1729/1338
f 1343/1732/1341 1341/1728/1337 1345/1733/1342
f 1335/1720/1330 1341/1728/1337 1343/1732/1341
f 1347/1734/1343 1344/1731/1340 1341/1728/1337
f 1346/1730/1339 1345/1733/1342 1341/1728/1337
f 1341/1728/1337 1335/1720/1330 1334/1724/1333
f 1340/1727/1336 1347/1734/1343 1341/1728/1337
f 1347/1734/1343 1348/1735/1344 1344/1731/1340
f 1349/1736/1345 1347/1737/1343 1340/1738/1336
f 1350/1739/1346 1348/1735/1344 1347/1734/1343
f 1349/1736/1345 1350/1740/1346 1347/1737/1343
f 1352/1741/1347 1351/1742/1348 1350/1740/1346
f 1351/1743/1348 1348/1735/1344 1350/1739/1346
f 1353/1744/1349 1350/1740/1346 1349/1736/1345
f 1352/1741/1347 1350/1740/1346 1353/1744/1349
f 1353/1744/1349 1354/1745/1350 1352/1741/1347
f 1356/1746/1351 1354/1745/1350 1353/1744/1349
f 1355/1747/1352 1353/1744/1349 1349/1736/1345
f 1356/1746/1351 1353/1744/1349 1355/1747/1352
f 1357/1748/1353 1354/1745/1350 1356/1746/1351
f 1356/1746/1351 1358/1749/1354 1357/1748/1353
f 1355/1747/1352 1358/1749/1354 1356/1746/1351
f 1358/1749/1354 1359/1750/1355 1361/1751/1356
f 1360/1752/1357 1359/1750/1355 1358/1749/1354
f 1362/1753/1358 1360/1752/1357 1358/1749/1354
f 1358/1749/1354 1361/1751/1356 1357/1748/1353
f 1362/1753/1358 1358/1749/1354 1363/1754/1359
f 1358/1749/1354 1365/1755/1360 1363/1754/1359
f 1355/1747/1352 1364/1756/1361 1358/1749/1354
f 1358/1749/1354 1364/1756/1361 1365/1755/1360
f 1364/1756/1361 1349/1736/1345 1365/1755/1360
f 1363/1754/1359 1365/1755/1360 1366/1757/1362
f 1365/1755/1360 1367/1758/1363 1366/1757/1362
f 1365/1755/1360 1349/1736/1345 1367/1758/1363
f 1366/1757/1362 1367/1758/1363 1368/1759/1364
f 1368/1759/1364 1367/1758/1363 1340/1738/1336
f 1340/1738/1336 1367/1758/1363 1349/1736/1345
f 1340/1738/1336 1369/1760/1365 1368/1759/1364
f 1368/1759/1364 1369/1760/1365 1370/1761/1366
f 1368/1759/1364 1370/1761/1366 1371/1762/1367
f 1368/1759/1364 1371/1762/1367 1372/1763/1368
f 1373/1764/1369 1368/1759/1364 1372/1763/1368
f 1366/1757/1362 1368/1759/1364 1373/1764/1369
f 1373/1764/1369 1372/1763/1368 1374/1765/1370
f 1373/1764/1369 1374/1765/1370 1363/1754/1359
f 1363/1754/1359 1366/1757/1362 1373/1764/1369
f 1363/1754/1359 1374/1765/1370 1375/1766/1371
f 1372/1763/1368 1375/1766/1371 1374/1765/1370
f 1363/1754/1359 1375/1766/1371 1376/1767/1372
f 1376/1767/1372 1375/1766/1371 1377/1768/1373
f 1372/1763/1368 1377/1768/1373 1375/1766/1371
f 1378/1769/1374 1377/1768/1373 1372/1763/1368
f 1376/1767/1372 1377/1768/1373 1378/1769/1374
f 1372/1763/1368 1379/1770/1375 1378/1769/1374
f 1378/1769/1374 1379/1770/1375 1380/1771/1376
f 1378/1769/1374 1380/1771/1376 1376/1767/1372
f 1380/1771/1376 1381/1772/1377 1384/1773/1378
f 1383/1774/1379 1381/1772/1377 1380/1771/1376
f 1380/1771/1376 1379/1770/1375 1382/1775/1380
f 1380/1771/1376 1382/1775/1380 1383/1774/1379
f 1380/1771/1376 1384/1773/1378 1385/1776/1381
f 1376/1767/1372 1380/1771/1376 1385/1776/1381
f 1385/1776/1381 1189/1517/1189 1188/1516/1188
f 1385/1776/1381 1384/1773/1378 1189/1517/1189
f 1385/1776/1381 1190/1514/1186 1187/1513/1185
f 1188/1516/1188 1190/1514/1186 1385/1776/1381
f 1363/1754/1359 1385/1776/1381 1187/1513/1185
f 1376/1767/1372 1385/1776/1381 1363/1754/1359
f 1384/1773/1378 1387/1777/1382 1189/1517/1189
f 1381/1772/1377 1386/1778/1383 1384/1773/1378
f 1384/1773/1378 1386/1778/1383 1387/1777/1382
f 1388/1779/1384 1189/1517/1189 1387/1777/1382
f 1388/1779/1384 1387/1777/1382 1389/1780/1385
f 1386/1778/1383 1390/1781/1386 1387/1777/1382
f 1389/1780/1385 1387/1777/1382 1390/1781/1386
f 1386/1778/1383 1391/1782/1387 1390/1781/1386
f 1389/1780/1385 1390/1781/1386 1391/1782/1387
f 1386/1778/1383 1392/1783/1388 1391/1782/1387
f 1391/1782/1387 1392/1783/1388 1389/1780/1385
f 1393/1784/1389 1392/1783/1388 1386/1778/1383
f 1393/1784/1389 1394/1785/1390 1392/1783/1388
f 1389/1780/1385 1392/1783/1388 1394/1785/1390
f 1397/1786/1391 1394/1785/1390 1393/1784/1389
f 1395/1787/1392 1394/1785/1390 1396/1788/1393
f 1389/1780/1385 1394/1785/1390 1395/1787/1392
f 1394/1785/1390 1399/1789/1394 1396/1788/1393
f 1397/1786/1391 1398/1790/1395 1394/1785/1390
f 1394/1785/1390 1398/1790/1395 1399/1789/1394
f 1398/1790/1395 1400/1791/1396 1399/1789/1394
f 1400/1791/1396 1396/1788/1393 1399/1789/1394
f 1398/1790/1395 1401/1792/1397 1400/1791/1396
f 1400/1791/1396 1401/1792/1397 1402/1793/1398
f 1402/1793/1398 1403/1794/1399 1400/1791/1396
f 1400/1791/1396 1403/1794/1399 1404/1795/1400
f 1400/1791/1396 1404/1795/1400 1405/1796/1401
f 1405/1796/1401 1395/1787/1392 1400/1791/1396
f 1400/1791/1396 1395/1787/1392 1396/1788/1393
f 1405/1796/1401 1406/1797/1402 1388/1779/1384
f 1405/1796/1401 1409/1798/1403 1406/1797/1402
f 1405/1796/1401 1389/1780/1385 1395/1787/1392
f 1405/1796/1401 1404/1795/1400 1408/1799/1404
f 1388/1779/1384 1389/1780/1385 1405/1796/1401
f 1407/1800/1405 1409/1798/1403 1405/1796/1401
f 1405/1796/1401 1408/1799/1404 1407/1800/1405
f 1410/1801/1406 1406/1797/1402 1409/1798/1403
f 1410/1801/1406 1409/1798/1403 1193/1519/1191
f 1193/1519/1191 1409/1798/1403 1411/1802/1407
f 1407/1800/1405 1411/1802/1407 1409/1798/1403
f 1193/1519/1191 1411/1802/1407 1413/1803/1408
f 1414/1804/1409 1412/1805/1410 1411/1802/1407
f 1413/1803/1408 1411/1802/1407 1412/1805/1410
f 1414/1804/1409 1411/1802/1407 1407/1800/1405
f 1415/1806/1411 1412/1805/1410 1414/1804/1409
f 1414/1804/1409 1419/1807/1412 1415/1806/1411
f 1407/1800/1405 1416/1808/1413 1414/1804/1409
f 1420/1809/1414 1414/1804/1409 1416/1808/1413
f 1417/1810/1415 1414/1804/1409 1420/1809/1414
f 1417/1810/1415 1418/1811/1416 1414/1804/1409
f 1414/1804/1409 1418/1811/1416 1419/1807/1412
f 1423/1812/1417 1420/1809/1414 1421/1813/1418
f 1420/1809/1414 1403/1794/1399 1421/1813/1418
f 1422/1814/1419 1420/1809/1414 1423/1812/1417
f 1422/1814/1419 1417/1810/1415 1420/1809/1414
f 1420/1809/1414 1404/1795/1400 1403/1794/1399
f 1408/1799/1404 1404/1795/1400 1420/1809/1414
f 1420/1809/1414 1416/1808/1413 1424/1815/1420
f 1424/1815/1420 1408/1799/1404 1420/1809/1414
f 1407/1800/1405 1424/1815/1420 1416/1808/1413
f 1407/1800/1405 1408/1799/1404 1424/1815/1420
f 1423/1812/1417 1425/1816/1421 1433/1817/1422
f 1426/1818/1423 1425/1816/1421 1423/1812/1417
f 1430/1819/1424 1426/1818/1423 1423/1812/1417
f 1423/1812/1417 1421/1813/1418 1428/1820/1425
f 1431/1821/1426 1423/1812/1417 1427/1822/1427
f 1423/1812/1417 1428/1820/1425 1427/1822/1427
f 1429/1823/1428 1423/1812/1417 1431/1821/1426
f 1429/1823/1428 1430/1819/1424 1423/1812/1417
f 1423/1812/1417 1432/1824/1429 1422/1814/1419
f 1423/1812/1417 1433/1817/1422 1432/1824/1429
f 1432/1824/1429 1433/1817/1422 1434/1825/1430
f 1434/1825/1430 1433/1817/1422 1425/1816/1421
f 1434/1825/1430 1425/1816/1421 1439/1826/1431
f 1435/1827/1432 1434/1825/1430 1436/1828/1433
f 1432/1824/1429 1434/1825/1430 1435/1827/1432
f 1434/1825/1430 1438/1829/1434 1436/1828/1433
f 1434/1825/1430 1437/1830/1435 1438/1829/1434
f 1439/1826/1431 1437/1830/1435 1434/1825/1430
f 1440/1831/1436 1441/1832/1437 1439/1826/1431
f 1430/1819/1424 1440/1831/1436 1439/1826/1431
f 1439/1826/1431 1426/1818/1423 1430/1819/1424
f 1439/1826/1431 1441/1832/1437 1437/1830/1435
f 1439/1826/1431 1425/1816/1421 1426/1818/1423
f 1441/1832/1437 1442/1833/1438 1443/1834/1439
f 1444/1835/1440 1442/1833/1438 1441/1832/1437
f 1440/1831/1436 1444/1835/1440 1441/1832/1437
f 1441/1832/1437 1443/1834/1439 1437/1830/1435
f 1444/1835/1440 1446/1836/1441 1442/1833/1438
f 1445/1837/1442 1444/1835/1440 1440/1831/1436
f 1445/1837/1442 1447/1838/1443 1444/1835/1440
f 1447/1838/1443 1446/1836/1441 1444/1835/1440
f 1450/1839/1444 1448/1840/1445 1447/1838/1443
f 1448/1840/1445 1449/1841/1446 1447/1838/1443
f 1447/1838/1443 1449/1841/1446 1446/1836/1441
f 1450/1839/1444 1447/1838/1443 1445/1837/1442
f 1450/1839/1444 1451/1842/1447 1452/1843/1448
f 1445/1837/1442 1451/1842/1447 1450/1839/1444
f 1452/1843/1448 1448/1840/1445 1450/1839/1444
f 1452/1843/1448 1451/1842/1447 1457/1844/1449
f 1454/1845/1450 1452/1843/1448 1453/1846/1451
f 1452/1843/1448 1457/1844/1449 1453/1846/1451
f 1454/1845/1450 1455/1847/1452 1452/1843/1448
f 1455/1847/1452 1456/1848/1453 1452/1843/1448
f 1452/1843/1448 1456/1848/1453 1448/1840/1445
f 1457/1844/1449 1458/1849/1454 1462/1850/1455
f 1457/1844/1449 1459/1851/1456 1458/1849/1454
f 1460/1852/1457 1459/1851/1456 1457/1844/1449
f 1460/1852/1457 1457/1844/1449 1461/1853/1458
f 1461/1853/1458 1457/1844/1449 1451/1842/1447
f 1453/1846/1451 1457/1844/1449 1462/1850/1455
f 1462/1850/1455 1458/1849/1454 1466/1854/1459
f 1462/1850/1455 1463/1855/1460 1464/1856/1461
f 1466/1854/1459 1463/1855/1460 1462/1850/1455
f 1462/1850/1455 1464/1856/1461 1465/1857/1462
f 1465/1857/1462 1454/1845/1450 1462/1850/1455
f 1453/1846/1451 1462/1850/1455 1454/1845/1450
f 1466/1854/1459 1467/1858/1463 1463/1855/1460
f 1458/1849/1454 1468/1859/1464 1466/1854/1459
f 1466/1854/1459 1469/1860/1465 1467/1858/1463
f 1466/1854/1459 1468/1859/1464 1469/1860/1465
f 1467/1858/1463 1469/1860/1465 1470/1861/1466
f 1397/1786/1391 1470/1861/1466 1469/1860/1465
f 1397/1786/1391 1469/1860/1465 1468/1859/1464
f 1467/1858/1463 1470/1861/1466 1471/1862/1467
f 1471/1862/1467 1470/1861/1466 1393/1784/1389
f 1393/1784/1389 1470/1861/1466 1397/1786/1391
f 1393/1784/1389 1472/1863/1468 1471/1862/1467
f 1472/1863/1468 1474/1864/1469 1471/1862/1467
f 1471/1862/1467 1475/1865/1470 1473/1866/1471
f 1473/1866/1471 1467/1858/1463 1471/1862/1467
f 1471/1862/1467 1474/1864/1469 1475/1865/1470
f 1476/1867/1472 1475/1865/1470 1474/1864/1469
f 1473/1866/1471 1475/1865/1470 1476/1867/1472
f 1463/1855/1460 1476/1867/1472 1478/1868/1473
f 1473/1866/1471 1476/1867/1472 1463/1855/1460
f 1476/1867/1472 1477/1869/1474 1478/1868/1473
f 1476/1867/1472 1479/1870/1475 1477/1869/1474
f 1476/1867/1472 1474/1864/1469 1480/1871/1476
f 1481/1872/1477 1479/1870/1475 1476/1867/1472
f 1481/1872/1477 1476/1867/1472 1480/1871/1476
f 1481/1872/1477 1482/1873/1478 1488/1874/1479
f 1481/1872/1477 1484/1875/1480 1482/1873/1478
f 1481/1872/1477 1483/1876/1481 1489/1877/1482
f 1488/1874/1479 1483/1876/1481 1481/1872/1477
f 1480/1871/1476 1484/1875/1480 1481/1872/1477
f 1485/1878/1483 1487/1879/1484 1481/1872/1477
f 1486/1880/1485 1485/1878/1483 1481/1872/1477
f 1481/1872/1477 1487/1879/1484 1479/1870/1475
f 1481/1872/1477 1489/1877/1482 1486/1880/1485
f 1490/1881/1486 1489/1877/1482 1483/1876/1481
f 1490/1881/1486 1486/1880/1485 1489/1877/1482
f 1491/1882/1487 1490/1881/1486 1483/1876/1481
f 1491/1882/1487 1492/1883/1488 1490/1881/1486
f 1492/1883/1488 1494/1884/1489 1490/1881/1486
f 1490/1881/1486 1495/1885/1490 1493/1886/1491
f 1493/1886/1491 1486/1880/1485 1490/1881/1486
f 1490/1881/1486 1494/1884/1489 1495/1885/1490
f 1495/1885/1490 1496/1887/1492 1497/1888/1493
f 1494/1884/1489 1496/1887/1492 1495/1885/1490
f 1495/1885/1490 1497/1888/1493 1498/1889/1494
f 1493/1886/1491 1495/1885/1490 1498/1889/1494
f 1498/1889/1494 1501/1890/1495 1499/1891/1496
f 1500/1892/1497 1498/1889/1494 1499/1891/1496
f 1498/1889/1494 1497/1888/1493 1501/1890/1495
f 1493/1886/1491 1498/1889/1494 1500/1892/1497
f 1504/1893/1498 1501/1890/1495 1502/1894/1499
f 1503/1895/1500 1502/1894/1499 1501/1890/1495
f 1497/1888/1493 1503/1895/1500 1501/1890/1495
f 1505/1896/1501 1499/1891/1496 1501/1890/1495
f 1505/1896/1501 1501/1890/1495 1504/1893/1498
f 1506/1897/1502 1505/1896/1501 1512/1898/1503
f 1507/1899/1504 1505/1896/1501 1506/1897/1502
f 1507/1899/1504 1508/1900/1505 1505/1896/1501
f 1505/1896/1501 1508/1900/1505 1511/1901/1506
f 1505/1896/1501 1509/1902/1507 1512/1898/1503
f 1510/1903/1508 1509/1902/1507 1505/1896/1501
f 1505/1896/1501 1504/1893/1498 1510/1903/1508
f 1511/1901/1506 1499/1891/1496 1505/1896/1501
f 1506/1897/1502 1512/1898/1503 1514/1904/1509
f 1513/1905/1510 1512/1898/1503 1509/1902/1507
f 1514/1904/1509 1512/1898/1503 1513/1905/1510
f 1514/1904/1509 1516/1906/1511 1506/1897/1502
f 1515/1907/1512 1514/1904/1509 1513/1905/1510
f 1516/1906/1511 1514/1904/1509 1515/1907/1512
f 1506/1897/1502 1516/1906/1511 1518/1908/1513
f 1517/1909/1514 1516/1906/1511 1515/1907/1512
f 1518/1908/1513 1516/1906/1511 1517/1909/1514
f 1506/1897/1502 1518/1908/1513 1519/1910/1515
f 1518/1908/1513 1520/1911/1516 1519/1910/1515
f 1517/1909/1514 1520/1911/1516 1518/1908/1513
f 1520/1911/1516 1521/1912/1517 1522/1913/1518
f 1523/1914/1519 1521/1912/1517 1520/1911/1516
f 1520/1911/1516 1522/1913/1518 1519/1910/1515
f 1517/1909/1514 1523/1914/1519 1520/1911/1516
f 1523/1914/1519 1524/1915/1520 1521/1912/1517
f 1525/1916/1521 1524/1915/1520 1523/1914/1519
f 1526/1917/1522 1523/1914/1519 1517/1909/1514
f 1526/1917/1522 1525/1916/1521 1523/1914/1519
f 1517/1909/1514 1515/1907/1512 1526/1917/1522
f 1526/1917/1522 1515/1907/1512 1527/1918/1523
f 1526/1917/1522 1527/1918/1523 1528/1919/1524
f 1528/1919/1524 1525/1916/1521 1526/1917/1522
f 1528/1919/1524 1527/1918/1523 1529/1920/1525
f 1528/1919/1524 1529/1920/1525 1530/1921/1526
f 1530/1921/1526 1531/1922/1527 1528/1919/1524
f 1528/1919/1524 1531/1922/1527 1525/1916/1521
f 1530/1921/1526 1532/1923/1528 1531/1922/1527
f 1532/1923/1528 1533/1924/1529 1531/1922/1527
f 1531/1922/1527 1534/1925/1530 1525/1916/1521
f 1531/1922/1527 1533/1924/1529 1534/1925/1530
f 1534/1925/1530 1535/1926/1531 1536/1927/1532
f 1533/1924/1529 1535/1926/1531 1534/1925/1530
f 1534/1925/1530 1536/1927/1532 1524/1915/1520
f 1525/1916/1521 1534/1925/1530 1524/1915/1520
f 1535/1926/1531 1537/1928/1533 1536/1927/1532
f 1536/1927/1532 1537/1928/1533 1539/1929/1534
f 1524/1915/1520 1536/1927/1532 1538/1930/1535
f 1536/1927/1532 1539/1929/1534 1538/1930/1535
f 1540/1931/1536 1539/1929/1534 1548/1932/1537
f 1541/1933/1538 1539/1929/1534 1540/1931/1536
f 1537/1928/1533 1544/1934/1539 1539/1929/1534
f 1541/1933/1538 1549/1935/1540 1539/1929/1534
f 1539/1929/1534 1545/1936/1541 1542/1937/1542
f 1542/1937/1542 1543/1938/1543 1539/1929/1534
f 1543/1938/1543 1546/1939/1544 1539/1929/1534
f 1539/1929/1534 1544/1934/1539 1545/1936/1541
f 1539/1929/1534 1546/1939/1544 1547/1940/1545
f 1539/1929/1534 1547/1940/1545 1548/1932/1537
f 1538/1930/1535 1539/1929/1534 1549/1935/1540
f 1551/1941/1546 1549/1935/1540 1550/1942/1547
f 1552/1943/1548 1550/1942/1547 1549/1935/1540
f 1538/1930/1535 1549/1935/1540 1551/1941/1546
f 1552/1943/1548 1549/1935/1540 1541/1933/1538
f 1554/1944/1549 1552/1943/1548 1541/1933/1538
f 1553/1945/1550 1552/1943/1548 1554/1944/1549
f 1553/1945/1550 1555/1946/1551 1552/1943/1548
f 1555/1946/1551 1550/1942/1547 1552/1943/1548
f 1556/1947/1552 1555/1946/1551 1553/1945/1550
f 1556/1947/1552 1557/1948/1553 1555/1946/1551
f 1557/1948/1553 1558/1949/1554 1555/1946/1551
f 1555/1946/1551 1558/1949/1554 1550/1942/1547
f 1559/1950/1555 1550/1942/1547 1558/1949/1554
f 1559/1950/1555 1558/1949/1554 1561/1951/1556
f 1561/1951/1556 1558/1949/1554 1560/1952/1557
f 1557/1948/1553 1560/1952/1557 1558/1949/1554
f 1506/1897/1502 1561/1951/1556 1560/1952/1557
f 1506/1897/1502 1562/1953/1558 1561/1951/1556
f 1562/1953/1558 1559/1950/1555 1561/1951/1556
f 1519/1910/1515 1562/1953/1558 1506/1897/1502
f 1519/1910/1515 1522/1913/1518 1562/1953/1558
f 1522/1913/1518 1559/1950/1555 1562/1953/1558
f 1560/1952/1557 1563/1954/1559 1506/1897/1502
f 1563/1954/1559 1560/1952/1557 1557/1948/1553
f 1506/1897/1502 1563/1954/1559 1564/1955/1560
f 1564/1955/1560 1563/1954/1559 1565/1956/1561
f 1565/1956/1561 1563/1954/1559 1557/1948/1553
f 1566/1957/1562 1564/1955/1560 1565/1956/1561
f 1566/1957/1562 1565/1956/1561 1567/1958/1563
f 1567/1958/1563 1565/1956/1561 1556/1947/1552
f 1565/1956/1561 1557/1948/1553 1556/1947/1552
f 1567/1958/1563 1556/1947/1552 1568/1959/1564
f 1568/1959/1564 1569/1960/1565 1567/1958/1563
f 1567/1958/1563 1569/1960/1565 1570/1961/1566
f 1567/1958/1563 1570/1961/1566 1566/1957/1562
f 1569/1960/1565 1572/1962/1567 1570/1961/1566
f 1566/1957/1562 1570/1961/1566 1571/1963/1568
f 1570/1961/1566 1573/1964/1569 1571/1963/1568
f 1570/1961/1566 1572/1962/1567 1573/1964/1569
f 1572/1962/1567 1576/1965/1570 1573/1964/1569
f 1573/1964/1569 1574/1966/1571 1575/1967/1572
f 1573/1964/1569 1576/1965/1570 1574/1966/1571
f 1571/1963/1568 1573/1964/1569 1575/1967/1572
f 1577/1968/1573 1576/1965/1570 1579/1969/1574
f 1577/1968/1573 1574/1966/1571 1576/1965/1570
f 1572/1962/1567 1578/1970/1575 1576/1965/1570
f 1579/1969/1574 1576/1965/1570 1578/1970/1575
f 1579/1969/1574 1578/1970/1575 1580/1971/1576
f 1580/1971/1576 1581/1972/1577 1579/1969/1574
f 1579/1969/1574 1581/1972/1577 1582/1973/1578
f 1579/1969/1574 1582/1973/1578 1583/1974/1579
f 1584/1975/1580 1579/1969/1574 1583/1974/1579
f 1585/1976/1581 1579/1969/1574 1584/1975/1580
f 1585/1976/1581 1577/1968/1573 1579/1969/1574
f 1586/1977/1582 1585/1976/1581 1591/1978/1583
f 1593/1979/1584 1585/1976/1581 1586/1977/1582
f 1584/1975/1580 1587/1980/1585 1585/1976/1581
f 1585/1976/1581 1587/1980/1585 1588/1981/1586
f 1588/1981/1586 1589/1982/1587 1585/1976/1581
f 1585/1976/1581 1589/1982/1587 1590/1983/1588
f 1585/1976/1581 1590/1983/1588 1591/1978/1583
f 1592/1984/1589 1577/1968/1573 1585/1976/1581
f 1593/1979/1584 1592/1984/1589 1585/1976/1581
f 1586/1977/1582 1595/1985/1590 1593/1979/1584
f 1593/1979/1584 1596/1986/1591 1594/1987/1592
f 1594/1987/1592 1592/1984/1589 1593/1979/1584
f 1593/1979/1584 1595/1985/1590 1596/1986/1591
f 1596/1986/1591 1597/1988/1593 1599/1989/1594
f 1595/1985/1590 1597/1988/1593 1596/1986/1591
f 1594/1987/1592 1596/1986/1591 1598/1990/1595
f 1596/1986/1591 1599/1989/1594 1598/1990/1595
f 1597/1988/1593 1601/1991/1596 1599/1989/1594
f 1599/1989/1594 1600/1992/1597 1602/1993/1598
f 1599/1989/1594 1601/1991/1596 1600/1992/1597
f 1598/1990/1595 1599/1989/1594 1602/1993/1598
f 1604/1994/1599 1602/1993/1598 1603/1995/1600
f 1602/1993/1598 1605/1996/1601 1603/1995/1600
f 1598/1990/1595 1602/1993/1598 1604/1994/1599
f 1602/1993/1598 1600/1992/1597 1605/1996/1601
f 1605/1996/1601 1606/1997/1602 1607/1998/1603
f 1605/1996/1601 1608/1999/1604 1606/1997/1602
f 1600/1992/1597 1608/1999/1604 1605/1996/1601
f 1603/1995/1600 1605/1996/1601 1607/1998/1603
f 1609/2000/1605 1608/1999/1604 1617/2001/1606
f 1609/2000/1605 1606/1997/1602 1608/1999/1604
f 1612/2002/1607 1610/2003/1608 1608/1999/1604
f 1610/2003/1608 1611/2004/1609 1608/1999/1604
f 1611/2004/1609 1613/2005/1610 1608/1999/1604
f 1612/2002/1607 1608/1999/1604 1616/2006/1611
f 1608/1999/1604 1613/2005/1610 1614/2007/1612
f 1608/1999/1604 1614/2007/1612 1615/2008/1613
f 1617/2001/1606 1608/1999/1604 1615/2008/1613
f 1600/1992/1597 1616/2006/1611 1608/1999/1604
f 1618/2009/1614 1617/2010/1606 1615/2011/1613
f 1618/2009/1614 1619/2012/1615 1617/2010/1606
f 1617/2001/1606 1619/2013/1615 1609/2000/1605
f 1609/2000/1605 1619/2013/1615 1620/2014/1616
f 1621/2015/1617 1620/2016/1616 1619/2012/1615
f 1621/2015/1617 1619/2012/1615 1618/2009/1614
f 1621/2015/1617 1622/2017/1618 1625/2018/1619
f 1624/2019/1620 1622/2017/1618 1621/2015/1617
f 1623/2020/1621 1620/2016/1616 1621/2015/1617
f 1621/2015/1617 1625/2018/1619 1623/2020/1621
f 1624/2021/1620 1621/2022/1617 1618/2023/1614
f 1625/2024/1619 1622/2025/1618 1626/2026/1622
f 1626/2026/1622 1609/2000/1605 1625/2024/1619
f 1625/2024/1619 1609/2000/1605 1623/2027/1621
f 1626/2026/1622 1622/2025/1618 1627/2028/1623
f 1626/2026/1622 1627/2028/1623 1628/2029/1624
f 1632/2030/1625 1626/2026/1622 1628/2029/1624
f 1626/2026/1622 1631/2031/1626 1609/2000/1605
f 1629/2032/1627 1631/2031/1626 1626/2026/1622
f 1630/2033/1628 1629/2032/1627 1626/2026/1622
f 1630/2033/1628 1626/2026/1622 1632/2030/1625
f 1633/2034/1629 1636/2035/1630 1632/2030/1625
f 1634/2036/1631 1633/2034/1629 1632/2030/1625
f 1634/2036/1631 1632/2030/1625 1637/2037/1632
f 1632/2030/1625 1635/2038/1633 1630/2033/1628
f 1632/2030/1625 1636/2035/1630 1635/2038/1633
f 1632/2030/1625 1640/2039/1634 1637/2037/1632
f 1632/2030/1625 1628/2029/1624 1638/2040/1635
f 1638/2040/1635 1639/2041/1636 1632/2030/1625
f 1632/2030/1625 1639/2041/1636 1640/2039/1634
f 1640/2042/1634 1639/2043/1636 1641/2044/1637
f 1641/2044/1637 1637/2045/1632 1640/2042/1634
f 1641/2046/1637 1624/2021/1620 1642/2047/1638
f 1641/2044/1637 1639/2043/1636 1624/2048/1620
f 1641/2044/1637 1634/2049/1631 1637/2045/1632
f 1642/2050/1638 1634/2049/1631 1641/2044/1637
f 1643/2051/1639 1646/2052/1640 1642/2050/1638
f 1642/2050/1638 1645/2053/1641 1643/2051/1639
f 1642/2050/1638 1644/2054/1642 1634/2049/1631
f 1642/2050/1638 1646/2052/1640 1644/2054/1642
f 1642/2047/1638 1647/2055/1643 1645/2056/1641
f 1642/2047/1638 1624/2021/1620 1647/2055/1643
f 1647/2057/1643 1649/2058/1644 1648/2059/1645
f 1648/2059/1645 1650/2060/1646 1647/2057/1643
f 1649/2061/1644 1647/2055/1643 1651/2062/1647
f 1647/2057/1643 1650/2060/1646 1645/2063/1641
f 1651/2062/1647 1647/2055/1643 1624/2021/1620
f 1651/2062/1647 1624/2021/1620 1652/2064/1648
f 1655/2065/1649 1651/2066/1647 1652/2067/1648
f 1653/2068/1650 1656/2069/1651 1651/2066/1647
f 1651/2066/1647 1657/2070/1652 1653/2068/1650
f 1651/2066/1647 1654/2071/1653 1649/2058/1644
f 1651/2066/1647 1656/2069/1651 1654/2071/1653
f 1657/2070/1652 1651/2066/1647 1655/2065/1649
f 1657/2072/1652 1612/2002/1607 1658/2073/1654
f 1655/2074/1649 1612/2002/1607 1657/2072/1652
f 1657/2072/1652 1658/2073/1654 1653/2075/1650
f 1612/2002/1607 1660/2076/1655 1658/2073/1654
f 1658/2077/1654 1654/2071/1653 1656/2069/1651
f 1658/2077/1654 1659/2078/1656 1654/2071/1653
f 1660/2079/1655 1659/2078/1656 1658/2077/1654
f 1656/2080/1651 1653/2075/1650 1658/2073/1654
f 1612/2002/1607 1661/2081/1657 1660/2076/1655
f 1661/2082/1657 1662/2083/1658 1660/2079/1655
f 1660/2079/1655 1662/2083/1658 1659/2078/1656
f 1663/2084/1659 1662/2083/1658 1661/2082/1657
f 1663/2084/1659 1668/2085/1660 1662/2083/1658
f 1665/2086/1661 1662/2083/1658 1664/2087/1662
f 1662/2083/1658 1667/2088/1663 1664/2087/1662
f 1666/2089/1664 1659/2078/1656 1662/2083/1658
f 1666/2089/1664 1662/2083/1658 1665/2086/1661
f 1668/2085/1660 1667/2088/1663 1662/2083/1658
f 1672/2090/1665 1668/2085/1660 1663/2084/1659
f 1668/2085/1660 1669/2091/1666 1667/2088/1663
f 1671/2092/1667 1669/2091/1666 1668/2085/1660
f 1670/2093/1668 1668/2085/1660 1672/2090/1665
f 1670/2093/1668 1671/2092/1667 1668/2085/1660
f 1601/1991/1596 1672/2094/1665 1616/2006/1611
f 1672/2094/1665 1663/2095/1659 1616/2006/1611
f 1670/2096/1668 1672/2094/1665 1601/1991/1596
f 1671/2092/1667 1673/2097/1669 1669/2091/1666
f 1677/2098/1670 1673/2097/1669 1671/2092/1667
f 1674/2099/1671 1671/2100/1667 1675/2101/1672
f 1676/2102/1673 1671/2100/1667 1674/2099/1671
f 1675/2103/1672 1671/2092/1667 1670/2093/1668
f 1676/2104/1673 1677/2098/1670 1671/2092/1667
f 1678/2105/1674 1677/2106/1670 1676/2107/1673
f 1678/2105/1674 1679/2108/1675 1677/2106/1670
f 1679/2108/1675 1680/2109/1676 1677/2106/1670
f 1677/2098/1670 1680/2110/1676 1681/2111/1677
f 1677/2098/1670 1681/2111/1677 1673/2097/1669
f 1681/2111/1677 1680/2110/1676 1682/2112/1678
f 1682/2112/1678 1683/2113/1679 1681/2111/1677
f 1681/2111/1677 1683/2113/1679 1673/2097/1669
f 1673/2097/1669 1683/2113/1679 1684/2114/1680
f 1682/2112/1678 1684/2114/1680 1683/2113/1679
f 1673/2097/1669 1684/2114/1680 1669/2091/1666
f 1684/2114/1680 1685/2115/1681 1669/2091/1666
f 1686/2116/1682 1685/2115/1681 1684/2114/1680
f 1686/2116/1682 1684/2114/1680 1682/2112/1678
f 1687/2117/1683 1685/2115/1681 1686/2116/1682
f 1686/2116/1682 1689/2118/1684 1687/2117/1683
f 1682/2119/1678 1688/2120/1685 1686/2121/1682
f 1686/2121/1682 1688/2120/1685 1689/2122/1684
f 1688/2123/1685 1692/2124/1686 1689/2125/1684
f 1689/2125/1684 1691/2126/1687 1690/2127/1688
f 1687/2117/1683 1689/2118/1684 1690/2128/1688
f 1689/2125/1684 1692/2124/1686 1691/2126/1687
f 1692/2124/1686 1693/2129/1689 1691/2126/1687
f 1688/2123/1685 1694/2130/1690 1692/2124/1686
f 1692/2124/1686 1696/2131/1691 1693/2129/1689
f 1694/2130/1690 1695/2132/1692 1692/2124/1686
f 1692/2124/1686 1695/2132/1692 1696/2131/1691
f 1697/2133/1693 1696/2131/1691 1695/2132/1692
f 1693/2129/1689 1696/2131/1691 1697/2133/1693
f 1697/2134/1693 1700/2135/1694 1698/2136/1695
f 1697/2133/1693 1698/2137/1695 1693/2129/1689
f 1697/2134/1693 1699/2138/1696 1700/2135/1694
f 1701/2139/1697 1699/2138/1696 1697/2134/1693
f 1697/2133/1693 1695/2132/1692 1701/2140/1697
f 1702/2141/1698 1703/2142/1699 1701/2139/1697
f 1702/2143/1698 1701/2140/1697 1704/2144/1700
f 1701/2140/1697 1695/2132/1692 1705/2145/1701
f 1701/2139/1697 1703/2142/1699 1699/2138/1696
f 1701/2140/1697 1705/2145/1701 1704/2144/1700
f 1694/2130/1690 1705/2145/1701 1695/2132/1692
f 1694/2130/1690 1704/2144/1700 1705/2145/1701
f 1706/2146/1702 1704/2144/1700 1694/2130/1690
f 1706/2146/1702 1707/2147/1703 1704/2144/1700
f 1704/2144/1700 1707/2147/1703 1702/2143/1698
f 1702/2143/1698 1707/2147/1703 1708/2148/1704
f 1706/2146/1702 1708/2148/1704 1707/2147/1703
f 1709/2149/1705 1708/2148/1704 1706/2146/1702
f 1709/2149/1705 1711/2150/1706 1708/2148/1704
f 1710/2151/1707 1708/2148/1704 1711/2150/1706
f 1702/2143/1698 1708/2148/1704 1710/2151/1707
f 1710/2151/1707 1711/2150/1706 1712/2152/1708
f 1709/2149/1705 1712/2152/1708 1711/2150/1706
f 1712/2152/1708 1713/2153/1709 1715/2154/1710
f 1714/2155/1711 1713/2153/1709 1712/2152/1708
f 1714/2155/1711 1712/2152/1708 1709/2149/1705
f 1715/2154/1710 1710/2151/1707 1712/2152/1708
f 1715/2154/1710 1716/2156/1712 1717/2157/1713
f 1715/2154/1710 1713/2153/1709 1716/2156/1712
f 1715/2158/1710 1719/2159/1714 1710/2160/1707
f 1717/2161/1713 1718/2162/1715 1715/2158/1710
f 1715/2158/1710 1718/2162/1715 1719/2159/1714
f 1721/2163/1716 1719/2159/1714 1718/2162/1715
f 1720/2164/1717 1719/2159/1714 1721/2163/1716
f 1720/2164/1717 1722/2165/1718 1719/2159/1714
f 1719/2159/1714 1722/2165/1718 1710/2160/1707
f 1723/2166/1719 1722/2165/1718 1720/2164/1717
f 1710/2160/1707 1722/2165/1718 1723/2166/1719
f 1702/2141/1698 1723/2166/1719 1703/2142/1699
f 1710/2160/1707 1723/2166/1719 1702/2141/1698
f 1724/2167/1720 1723/2166/1719 1720/2164/1717
f 1724/2167/1720 1703/2142/1699 1723/2166/1719
f 1725/2168/1721 1703/2142/1699 1724/2167/1720
f 1724/2169/1720 1727/2170/1722 1725/2171/1721
f 1724/2169/1720 1726/2172/1723 1727/2170/1722
f 1720/2173/1717 1726/2172/1723 1724/2169/1720
f 1726/2172/1723 1730/2174/1724 1727/2170/1722
f 1727/2170/1722 1729/2175/1725 1728/2176/1726
f 1725/2171/1721 1727/2170/1722 1728/2176/1726
f 1727/2170/1722 1730/2174/1724 1729/2175/1725
f 1731/2177/1727 1729/2175/1725 1730/2174/1724
f 1731/2177/1727 1730/2174/1724 1733/2178/1728
f 1726/2172/1723 1732/2179/1729 1730/2174/1724
f 1733/2178/1728 1730/2174/1724 1732/2179/1729
f 1731/2177/1727 1733/2178/1728 1734/2180/1730
f 1734/2180/1730 1733/2178/1728 1735/2181/1731
f 1733/2178/1728 1736/2182/1732 1735/2181/1731
f 1733/2178/1728 1732/2179/1729 1736/2182/1732
f 1736/2182/1732 1732/2179/1729 1737/2183/1733
f 1736/2182/1732 1737/2183/1733 1738/2184/1734
f 1738/2184/1734 1739/2185/1735 1736/2182/1732
f 1735/2181/1731 1736/2182/1732 1739/2185/1735
f 1742/2186/1736 1739/2185/1735 1738/2184/1734
f 1735/2181/1731 1739/2185/1735 1740/2187/1737
f 1740/2187/1737 1739/2185/1735 1741/2188/1738
f 1742/2186/1736 1741/2188/1738 1739/2185/1735
f 1743/2189/1739 1741/2188/1738 1742/2186/1736
f 1742/2186/1736 1744/2190/1740 1743/2189/1739
f 1738/2184/1734 1745/2191/1741 1742/2186/1736
f 1742/2186/1736 1745/2191/1741 1744/2190/1740
f 1738/2184/1734 1746/2192/1742 1745/2191/1741
f 1745/2191/1741 1746/2192/1742 1747/2193/1743
f 1745/2191/1741 1747/2193/1743 1748/2194/1744
f 1745/2191/1741 1748/2194/1744 1744/2190/1740
f 1748/2194/1744 1747/2193/1743 1750/2195/1745
f 1744/2190/1740 1748/2194/1744 1749/2196/1746
f 1748/2194/1744 1751/2197/1747 1749/2196/1746
f 1748/2194/1744 1750/2195/1745 1751/2197/1747
f 1751/2197/1747 1750/2195/1745 1752/2198/1748
f 1751/2197/1747 1752/2198/1748 1753/2199/1749
f 1751/2197/1747 1753/2199/1749 1754/2200/1750
f 1749/2196/1746 1751/2197/1747 1754/2200/1750
f 1754/2200/1750 1756/2201/1751 1755/2202/1752
f 1757/2203/1753 1754/2200/1750 1755/2202/1752
f 1754/2200/1750 1753/2199/1749 1756/2201/1751
f 1749/2196/1746 1754/2200/1750 1757/2203/1753
f 1758/2204/1754 1749/2196/1746 1757/2203/1753
f 1758/2205/1754 1757/2206/1753 1759/2207/1755
f 1759/2207/1755 1757/2206/1753 1760/2208/1756
f 1757/2206/1753 1755/2209/1752 1760/2208/1756
f 1761/2210/1757 1764/2211/1758 1760/2212/1756
f 1760/2212/1756 1762/2213/1759 1761/2210/1757
f 1760/2208/1756 1763/2214/1760 1759/2207/1755
f 1760/2212/1756 1755/2215/1752 1762/2213/1759
f 1760/2208/1756 1764/2216/1758 1763/2214/1760
f 1765/2217/1761 1764/2211/1758 1761/2210/1757
f 1766/2218/1762 1764/2211/1758 1765/2217/1761
f 1766/2219/1762 1763/2214/1760 1764/2216/1758
f 1765/2220/1761 1770/2221/1763 1766/2222/1762
f 1767/2223/1764 1766/2219/1762 1768/2224/1765
f 1763/2214/1760 1766/2219/1762 1767/2223/1764
f 1766/2222/1762 1769/2225/1766 1768/2226/1765
f 1766/2222/1762 1770/2221/1763 1769/2225/1766
f 1772/2227/1767 1769/2225/1766 1770/2221/1763
f 1765/2220/1761 1771/2228/1768 1770/2221/1763
f 1772/2227/1767 1770/2221/1763 1771/2228/1768
f 1773/2229/1769 1772/2227/1767 1782/2230/1770
f 1774/2231/1771 1772/2227/1767 1773/2229/1769
f 1774/2231/1771 1776/2232/1772 1772/2227/1767
f 1775/2233/1773 1777/2234/1774 1772/2227/1767
f 1775/2233/1773 1772/2227/1767 1776/2232/1772
f 1772/2227/1767 1777/2234/1774 1778/2235/1775
f 1772/2227/1767 1778/2235/1775 1779/2236/1776
f 1779/2236/1776 1769/2225/1766 1772/2227/1767
f 1771/2228/1768 1781/2237/1777 1772/2227/1767
f 1772/2227/1767 1780/2238/1778 1782/2230/1770
f 1772/2227/1767 1781/2237/1777 1780/2238/1778
f 1773/2229/1769 1782/2230/1770 1783/2239/1779
f 1783/2239/1779 1782/2230/1770 1784/2240/1780
f 1782/2230/1770 1780/2238/1778 1784/2240/1780
f 1783/2239/1779 1784/2240/1780 1786/2241/1781
f 1780/2238/1778 1785/2242/1782 1784/2240/1780
f 1786/2241/1781 1784/2240/1780 1785/2242/1782
f 1786/2243/1781 1787/2244/1783 1783/2245/1779
f 1786/2241/1781 1785/2242/1782 1788/2246/1784
f 1786/2243/1781 1790/2247/1785 1787/2244/1783
f 1788/2248/1784 1789/2249/1786 1786/2243/1781
f 1786/2243/1781 1789/2249/1786 1790/2247/1785
f 1790/2247/1785 1789/2249/1786 1791/2250/1787
f 1791/2250/1787 1792/2251/1788 1790/2247/1785
f 1792/2251/1788 1787/2244/1783 1790/2247/1785
f 1791/2250/1787 1793/2252/1789 1792/2251/1788
f 1793/2252/1789 1794/2253/1790 1792/2251/1788
f 1792/2251/1788 1794/2253/1790 1795/2254/1791
f 1795/2254/1791 1796/2255/1792 1792/2251/1788
f 1792/2251/1788 1796/2255/1792 1787/2244/1783
f 1783/2245/1779 1796/2255/1792 1797/2256/1793
f 1783/2245/1779 1787/2244/1783 1796/2255/1792
f 1797/2256/1793 1796/2255/1792 1795/2254/1791
f 1797/2256/1793 1799/2257/1794 1798/2258/1795
f 1798/2258/1795 1783/2245/1779 1797/2256/1793
f 1795/2254/1791 1799/2257/1794 1797/2256/1793
f 1799/2257/1794 1800/2259/1796 1798/2258/1795
f 1799/2257/1794 1802/2260/1797 1800/2259/1796
f 1801/2261/1798 1802/2260/1797 1799/2257/1794
f 1799/2257/1794 1803/2262/1799 1801/2261/1798
f 1795/2254/1791 1803/2262/1799 1799/2257/1794
f 1794/2263/1790 1804/2264/1800 1803/2265/1799
f 1804/2264/1800 1805/2266/1801 1803/2265/1799
f 1801/2267/1798 1803/2265/1799 1805/2266/1801
f 1794/2253/1790 1803/2262/1799 1795/2254/1791
f 1807/2268/1802 1805/2266/1801 1804/2264/1800
f 1801/2267/1798 1805/2266/1801 1806/2269/1803
f 1806/2269/1803 1805/2266/1801 1808/2270/1804
f 1808/2270/1804 1805/2266/1801 1807/2268/1802
f 1806/2269/1803 1808/2270/1804 1810/2271/1805
f 1808/2270/1804 1812/2272/1806 1809/2273/1807
f 1808/2270/1804 1809/2273/1807 1810/2271/1805
f 1807/2268/1802 1811/2274/1808 1808/2270/1804
f 1808/2270/1804 1811/2274/1808 1812/2272/1806
f 1813/2275/1809 1812/2272/1806 1814/2276/1810
f 1813/2275/1809 1809/2273/1807 1812/2272/1806
f 1814/2276/1810 1812/2272/1806 1811/2274/1808
f 1815/2277/1811 1814/2276/1810 1817/2278/1812
f 1816/2279/1813 1814/2276/1810 1815/2277/1811
f 1816/2279/1813 1813/2275/1809 1814/2276/1810
f 1814/2276/1810 1811/2274/1808 1817/2278/1812
f 1818/2280/1814 1817/2278/1812 1819/2281/1815
f 1815/2277/1811 1817/2278/1812 1818/2280/1814
f 1817/2278/1812 1820/2282/1816 1819/2281/1815
f 1817/2278/1812 1811/2274/1808 1820/2282/1816
f 1819/2281/1815 1820/2282/1816 1821/2283/1817
f 1822/2284/1818 1821/2283/1817 1820/2282/1816
f 1822/2284/1818 1820/2282/1816 1807/2268/1802
f 1807/2268/1802 1820/2282/1816 1811/2274/1808
f 1823/2285/1819 1822/2284/1818 1824/2286/1820
f 1823/2285/1819 1821/2283/1817 1822/2284/1818
f 1807/2268/1802 1804/2264/1800 1822/2284/1818
f 1824/2286/1820 1822/2284/1818 1804/2264/1800
f 1793/2287/1789 1824/2286/1820 1794/2263/1790
f 1825/2288/1821 1824/2286/1820 1793/2287/1789
f 1824/2286/1820 1804/2264/1800 1794/2263/1790
f 1825/2288/1821 1823/2285/1819 1824/2286/1820
f 1827/2289/1822 1826/2290/1823 1825/2288/1821
f 1826/2290/1823 1823/2285/1819 1825/2288/1821
f 1827/2289/1822 1825/2288/1821 1828/2291/1824
f 1828/2291/1824 1825/2288/1821 1793/2287/1789
f 1829/2292/1825 1827/2289/1822 1828/2291/1824
f 1830/2293/1826 1829/2294/1825 1828/2295/1824
f 1830/2293/1826 1828/2295/1824 1791/2250/1787
f 1828/2295/1824 1793/2252/1789 1791/2250/1787
f 1830/2293/1826 1831/2296/1827 1833/2297/1828
f 1830/2293/1826 1832/2298/1829 1831/2296/1827
f 1791/2250/1787 1832/2298/1829 1830/2293/1826
f 1833/2297/1828 1829/2294/1825 1830/2293/1826
f 1833/2297/1828 1831/2296/1827 1835/2299/1830
f 1833/2297/1828 1834/2300/1831 1829/2294/1825
f 1836/2301/1832 1834/2300/1831 1833/2297/1828
f 1833/2297/1828 1835/2299/1830 1836/2301/1832
f 1836/2301/1832 1840/2302/1833 1837/2303/1834
f 1838/2304/1835 1836/2301/1832 1837/2303/1834
f 1839/2305/1836 1836/2301/1832 1838/2304/1835
f 1839/2305/1836 1834/2300/1831 1836/2301/1832
f 1836/2301/1832 1835/2299/1830 1840/2302/1833
f 1835/2299/1830 1841/2306/1837 1840/2302/1833
f 1840/2302/1833 1841/2306/1837 1842/2307/1838
f 1840/2302/1833 1842/2307/1838 1837/2303/1834
f 1837/2303/1834 1842/2307/1838 1843/2308/1839
f 1843/2308/1839 1842/2307/1838 1765/2217/1761
f 1842/2309/1838 1771/2228/1768 1765/2220/1761
f 1842/2309/1838 1781/2237/1777 1771/2228/1768
f 1841/2310/1837 1781/2237/1777 1842/2309/1838
f 1838/2304/1835 1837/2303/1834 1843/2308/1839
f 1844/2311/1840 1838/2304/1835 1843/2308/1839
f 1843/2308/1839 1765/2217/1761 1844/2311/1840
f 1765/2217/1761 1761/2210/1757 1844/2311/1840
f 1761/2210/1757 1762/2213/1759 1844/2311/1840
f 1762/2213/1759 1838/2304/1835 1844/2311/1840
f 1788/2248/1784 1780/2312/1778 1841/2306/1837
f 1835/2299/1830 1788/2248/1784 1841/2306/1837
f 1841/2306/1837 1780/2312/1778 1781/2313/1777
f 1838/2304/1835 1847/2314/1841 1839/2305/1836
f 1845/2315/1842 1834/2316/1831 1839/2317/1836
f 1839/2317/1836 1846/2318/1843 1845/2315/1842
f 1839/2317/1836 1847/2319/1841 1846/2318/1843
f 1755/2202/1752 1756/2201/1751 1847/2319/1841
f 1756/2201/1751 1846/2318/1843 1847/2319/1841
f 1755/2215/1752 1847/2314/1841 1762/2213/1759
f 1762/2213/1759 1847/2314/1841 1838/2304/1835
f 1848/2320/1844 1846/2318/1843 1756/2201/1751
f 1849/2321/1845 1846/2318/1843 1848/2320/1844
f 1845/2315/1842 1846/2318/1843 1849/2321/1845
f 1848/2320/1844 1850/2322/1846 1849/2321/1845
f 1849/2321/1845 1850/2322/1846 1852/2323/1847
f 1845/2315/1842 1849/2321/1845 1851/2324/1848
f 1849/2321/1845 1852/2323/1847 1851/2324/1848
f 1853/2325/1849 1852/2323/1847 1850/2322/1846
f 1854/2326/1850 1852/2323/1847 1853/2325/1849
f 1854/2326/1850 1855/2327/1851 1852/2323/1847
f 1851/2324/1848 1852/2323/1847 1855/2327/1851
f 1851/2324/1848 1855/2327/1851 1857/2328/1852
f 1856/2329/1853 1855/2327/1851 1854/2326/1850
f 1856/2329/1853 1858/2330/1854 1855/2327/1851
f 1857/2328/1852 1855/2327/1851 1858/2330/1854
f 1857/2328/1852 1858/2330/1854 1826/2290/1823
f 1859/2331/1855 1860/2332/1856 1858/2330/1854
f 1859/2331/1855 1858/2330/1854 1856/2329/1853
f 1826/2290/1823 1858/2330/1854 1860/2332/1856
f 1826/2290/1823 1860/2332/1856 1823/2285/1819
f 1861/2333/1857 1860/2332/1856 1859/2331/1855
f 1823/2285/1819 1860/2332/1856 1821/2283/1817
f 1861/2333/1857 1821/2283/1817 1860/2332/1856
f 1862/2334/1858 1861/2333/1857 1859/2331/1855
f 1863/2335/1859 1861/2333/1857 1862/2334/1858
f 1819/2281/1815 1821/2283/1817 1861/2333/1857
f 1863/2335/1859 1819/2281/1815 1861/2333/1857
f 1818/2280/1814 1819/2281/1815 1863/2335/1859
f 1863/2336/1859 1864/2337/1860 1818/2338/1814
f 1862/2339/1858 1865/2340/1861 1863/2336/1859
f 1863/2336/1859 1865/2340/1861 1864/2337/1860
f 1865/2340/1861 1866/2341/1862 1867/2342/1863
f 1868/2343/1864 1866/2341/1862 1865/2340/1861
f 1867/2342/1863 1869/2344/1865 1865/2340/1861
f 1862/2339/1858 1868/2343/1864 1865/2340/1861
f 1865/2340/1861 1869/2344/1865 1870/2345/1866
f 1865/2340/1861 1870/2345/1866 1864/2337/1860
f 1869/2346/1865 1871/2347/1867 1870/2348/1866
f 1871/2347/1867 1872/2349/1868 1870/2348/1866
f 1864/2337/1860 1870/2345/1866 1872/2350/1868
f 1864/2337/1860 1872/2350/1868 1873/2351/1869
f 1871/2347/1867 1873/2352/1869 1872/2349/1868
f 1873/2351/1869 1874/2353/1870 1864/2337/1860
f 1875/2354/1871 1874/2355/1870 1873/2352/1869
f 1875/2354/1871 1873/2352/1869 1871/2347/1867
f 1876/2356/1872 1878/2357/1873 1875/2354/1871
f 1877/2358/1874 1876/2359/1872 1875/2360/1871
f 1877/2358/1874 1875/2360/1871 1880/2361/1875
f 1875/2354/1871 1878/2357/1873 1879/2362/1876
f 1875/2354/1871 1879/2362/1876 1874/2355/1870
f 1880/2361/1875 1875/2360/1871 1871/2363/1867
f 1882/2364/1877 1880/2365/1875 1881/2366/1878
f 1880/2361/1875 1871/2363/1867 1881/2367/1878
f 1883/2368/1879 1877/2369/1874 1880/2365/1875
f 1883/2368/1879 1880/2365/1875 1882/2364/1877
f 1887/2370/1880 1883/2371/1879 1884/2372/1881
f 1883/2371/1879 1882/2373/1877 1884/2372/1881
f 1886/2374/1882 1885/2375/1883 1883/2371/1879
f 1885/2376/1883 1877/2369/1874 1883/2368/1879
f 1886/2374/1882 1883/2371/1879 1887/2370/1880
f 1887/2370/1880 1884/2372/1881 1888/2377/1884
f 1888/2377/1884 1889/2378/1885 1887/2370/1880
f 1889/2379/1885 1893/2380/1886 1887/2381/1880
f 1890/2382/1887 1887/2383/1880 1891/2384/1888
f 1890/2382/1887 1886/2385/1882 1887/2383/1880
f 1887/2383/1880 1892/2386/1889 1891/2384/1888
f 1887/2381/1880 1893/2380/1886 1892/2387/1889
f 1892/2388/1889 1893/2389/1886 1895/2390/1890
f 1889/2379/1885 1894/2391/1891 1893/2380/1886
f 1895/2390/1890 1893/2389/1886 1894/2392/1891
f 1896/2393/1892 1895/2390/1890 1907/2394/1893
f 1897/2395/1894 1895/2390/1890 1896/2393/1892
f 1897/2395/1894 1898/2396/1895 1895/2390/1890
f 1895/2390/1890 1898/2396/1895 1900/2397/1896
f 1895/2390/1890 1899/2398/1897 1907/2394/1893
f 1895/2390/1890 1908/2399/1898 1899/2398/1897
f 1900/2397/1896 1901/2400/1899 1895/2390/1890
f 1895/2390/1890 1901/2400/1899 1902/2401/1900
f 1895/2390/1890 1902/2401/1900 1903/2402/1901
f 1903/2402/1901 1904/2403/1902 1895/2390/1890
f 1895/2390/1890 1904/2403/1902 1905/2404/1903
f 1905/2404/1903 1890/2405/1887 1895/2390/1890
f 1895/2390/1890 1890/2405/1887 1891/2406/1888
f 1895/2390/1890 1891/2406/1888 1892/2388/1889
f 1895/2390/1890 1894/2392/1891 1906/2407/1904
f 1906/2407/1904 1908/2399/1898 1895/2390/1890
f 1909/2408/1905 1913/2409/1906 1908/2399/1898
f 1908/2399/1898 1911/2410/1907 1909/2408/1905
f 1908/2399/1898 1910/2411/1908 1911/2410/1907
f 1906/2407/1904 1910/2411/1908 1908/2399/1898
f 1908/2399/1898 1912/2412/1909 1899/2398/1897
f 1908/2399/1898 1913/2409/1906 1912/2412/1909
f 1912/2413/1909 1913/2414/1906 1915/2415/1910
f 1909/2416/1905 1914/2417/1911 1913/2414/1906
f 1913/2414/1906 1914/2417/1911 1915/2415/1910
f 1916/2418/1912 1915/2415/1910 1921/2419/1913
f 1916/2418/1912 1912/2413/1909 1915/2415/1910
f 1915/2415/1910 1922/2420/1914 1917/2421/1915
f 1917/2421/1915 1918/2422/1916 1915/2415/1910
f 1915/2415/1910 1918/2422/1916 1919/2423/1917
f 1915/2415/1910 1919/2423/1917 1920/2424/1918
f 1921/2419/1913 1915/2415/1910 1920/2424/1918
f 1915/2415/1910 1914/2417/1911 1922/2420/1914
f 1922/2425/1914 1923/2426/1919 1917/2427/1915
f 1923/2426/1919 1922/2425/1914 1914/2428/1911
f 1923/2429/1919 1925/2430/1920 1924/2431/1921
f 1917/2427/1915 1923/2426/1919 1924/2432/1921
f 1923/2426/1919 1909/2433/1905 1911/2434/1907
f 1914/2428/1911 1909/2433/1905 1923/2426/1919
f 1923/2426/1919 1911/2434/1907 1926/2435/1922
f 1923/2429/1919 1926/2436/1922 1925/2430/1920
f 1910/2411/1908 1926/2437/1922 1911/2410/1907
f 1910/2411/1908 1925/2438/1920 1926/2437/1922
f 1929/2439/1923 1925/2438/1920 1910/2411/1908
f 1928/2440/1924 1925/2430/1920 1927/2441/1925
f 1929/2439/1923 1927/2442/1925 1925/2438/1920
f 1924/2431/1921 1925/2430/1920 1928/2440/1924
f 1910/2411/1908 1930/2443/1926 1929/2439/1923
f 1929/2439/1923 1930/2443/1926 1932/2444/1927
f 1931/2445/1928 1927/2442/1925 1929/2439/1923
f 1929/2439/1923 1932/2444/1927 1931/2445/1928
f 1933/2446/1929 1932/2447/1927 1930/2448/1926
f 1931/2445/1928 1932/2444/1927 1934/2449/1930
f 1933/2446/1929 1934/2450/1930 1932/2447/1927
f 1935/2451/1931 1936/2452/1932 1934/2450/1930
f 1935/2451/1931 1934/2450/1930 1933/2446/1929
f 1931/2445/1928 1934/2449/1930 1936/2453/1932
f 1935/2451/1931 1937/2454/1933 1936/2452/1932
f 1936/2453/1932 1937/2455/1933 1931/2445/1928
f 1938/2456/1934 1937/2454/1933 1935/2451/1931
f 1938/2457/1934 1939/2458/1935 1937/2455/1933
f 1931/2445/1928 1937/2455/1933 1939/2458/1935
f 1939/2458/1935 1940/2459/1936 1931/2445/1928
f 1938/2460/1934 1940/2461/1936 1939/2462/1935
f 1931/2445/1928 1940/2459/1936 1942/2463/1937
f 1884/2464/1881 1940/2461/1936 1938/2460/1934
f 1884/2464/1881 1941/2465/1938 1940/2461/1936
f 1940/2459/1936 1941/2466/1938 1942/2463/1937
f 1942/2463/1937 1941/2466/1938 1943/2467/1939
f 1942/2463/1937 1943/2467/1939 1944/2468/1940
f 1944/2468/1940 1946/2469/1941 1942/2463/1937
f 1942/2463/1937 1947/2470/1942 1945/2471/1943
f 1948/2472/1944 1942/2463/1937 1945/2471/1943
f 1942/2463/1937 1946/2469/1941 1947/2470/1942
f 1931/2445/1928 1942/2463/1937 1948/2472/1944
f 1948/2472/1944 1956/2473/1945 1949/2474/1946
f 1949/2474/1946 1950/2475/1947 1948/2472/1944
f 1948/2472/1944 1950/2475/1947 1952/2476/1948
f 1948/2472/1944 1951/2477/1949 1931/2445/1928
f 1948/2472/1944 1957/2478/1950 1951/2477/1949
f 1948/2472/1944 1952/2476/1948 1953/2479/1951
f 1953/2479/1951 1957/2478/1950 1948/2472/1944
f 1948/2472/1944 1945/2471/1943 1954/2480/1952
f 1954/2480/1952 1955/2481/1953 1948/2472/1944
f 1948/2472/1944 1955/2481/1953 1956/2473/1945
f 1957/2478/1950 1958/2482/1954 1951/2477/1949
f 1957/2478/1950 1959/2483/1955 1958/2482/1954
f 1953/2479/1951 1961/2484/1956 1957/2478/1950
f 1960/2485/1957 1959/2483/1955 1957/2478/1950
f 1957/2478/1950 1962/2486/1958 1960/2485/1957
f 1957/2478/1950 1961/2484/1956 1962/2486/1958
f 1962/2486/1958 1963/2487/1959 1965/2488/1960
f 1962/2486/1958 1967/2489/1961 1963/2487/1959
f 1960/2490/1957 1962/2491/1958 1964/2492/1962
f 1964/2492/1962 1962/2491/1958 1966/2493/1963
f 1961/2484/1956 1967/2489/1961 1962/2486/1958
f 1966/2493/1963 1962/2491/1958 1965/2494/1960
f 1961/2484/1956 1968/2495/1964 1967/2489/1961
f 1967/2489/1961 1968/2495/1964 1969/2496/1965
f 1967/2489/1961 1969/2496/1965 1963/2487/1959
f 1970/2497/1966 1969/2496/1965 1972/2498/1967
f 1970/2497/1966 1971/2499/1968 1969/2496/1965
f 1963/2487/1959 1969/2496/1965 1971/2499/1968
f 1972/2498/1967 1969/2496/1965 1968/2495/1964
f 1972/2498/1967 1975/2500/1969 1970/2497/1966
f 1973/2501/1970 1974/2502/1971 1972/2498/1967
f 1972/2498/1967 1968/2495/1964 1973/2501/1970
f 1972/2498/1967 1974/2502/1971 1975/2500/1969
f 1975/2503/1969 1976/2504/1972 1978/2505/1973
f 1974/2506/1971 1976/2504/1972 1975/2503/1969
f 1975/2503/1969 1978/2505/1973 1977/2507/1974
f 1970/2497/1966 1975/2500/1969 1977/2508/1974
f 1977/2507/1974 1978/2505/1973 1979/2509/1975
f 1980/2510/1976 1979/2509/1975 1978/2505/1973
f 1980/2510/1976 1978/2505/1973 1981/2511/1977
f 1981/2511/1977 1978/2505/1973 1982/2512/1978
f 1982/2512/1978 1978/2505/1973 1976/2504/1972
f 1983/2513/1979 1981/2511/1977 1982/2512/1978
f 1983/2513/1979 1982/2512/1978 1984/2514/1980
f 1982/2512/1978 1976/2504/1972 1984/2514/1980
f 1984/2514/1980 1976/2504/1972 1986/2515/1981
f 1984/2514/1980 1986/2515/1981 1985/2516/1982
f 1985/2516/1982 1983/2513/1979 1984/2514/1980
f 1986/2515/1981 1976/2504/1972 1988/2517/1983
f 1985/2516/1982 1986/2515/1981 1987/2518/1984
f 1986/2515/1981 1988/2517/1983 1987/2518/1984
f 1974/2506/1971 1988/2517/1983 1976/2504/1972
f 1990/2519/1985 1988/2517/1983 1974/2506/1971
f 1988/2517/1983 1989/2520/1986 1987/2518/1984
f 1988/2517/1983 1991/2521/1987 1989/2520/1986
f 1990/2519/1985 1992/2522/1988 1988/2517/1983
f 1992/2522/1988 1991/2521/1987 1988/2517/1983
f 1993/2523/1989 1992/2522/1988 1995/2524/1990
f 1993/2523/1989 1991/2521/1987 1992/2522/1988
f 1996/2525/1991 1994/2526/1992 1992/2522/1988
f 1995/2524/1990 1992/2522/1988 1994/2526/1992
f 1996/2525/1991 1992/2522/1988 1990/2519/1985
f 1998/2527/1993 1994/2526/1992 1996/2525/1991
f 1997/2528/1994 1996/2529/1991 1990/2530/1985
f 1999/2531/1995 1996/2529/1991 1997/2528/1994
f 1999/2531/1995 1998/2532/1993 1996/2529/1991
f 1999/2531/1995 1949/2474/1946 2000/2533/1996
f 2000/2533/1996 2001/2534/1997 1999/2531/1995
f 1999/2531/1995 2001/2534/1997 2002/2535/1998
f 1999/2531/1995 2002/2535/1998 2003/2536/1999
f 1999/2531/1995 1950/2475/1947 1949/2474/1946
f 2003/2536/1999 1998/2532/1993 1999/2531/1995
f 1997/2528/1994 1950/2475/1947 1999/2531/1995
f 2003/2536/1999 2002/2535/1998 2004/2537/2000
f 2003/2536/1999 2004/2537/2000 2006/2538/2001
f 2003/2536/1999 2005/2539/2002 1998/2532/1993
f 2006/2538/2001 2005/2539/2002 2003/2536/1999
f 2007/2540/2003 2006/2538/2001 2004/2537/2000
f 2007/2540/2003 2008/2541/2004 2006/2538/2001
f 2005/2539/2002 2006/2538/2001 2008/2541/2004
f 2009/2542/2005 2008/2541/2004 2007/2540/2003
f 2009/2542/2005 2010/2543/2006 2008/2541/2004
f 2005/2539/2002 2008/2541/2004 2010/2543/2006
f 2011/2544/2007 2010/2543/2006 2013/2545/2008
f 2011/2544/2007 2014/2546/2009 2010/2543/2006
f 2005/2539/2002 2010/2543/2006 2012/2547/2010
f 2012/2547/2010 2010/2543/2006 2014/2546/2009
f 2013/2548/2008 2010/2549/2006 2009/2550/2005
f 2015/2551/2011 2014/2552/2009 2017/2553/2012
f 2016/2554/2013 2014/2546/2009 2015/2555/2011
f 2016/2554/2013 2019/2556/2014 2014/2546/2009
f 2018/2557/2015 2017/2558/2012 2014/2546/2009
f 2018/2559/2015 2014/2560/2009 2011/2561/2007
f 2012/2547/2010 2014/2546/2009 2019/2556/2014
f 2020/2562/2016 2019/2556/2014 2016/2554/2013
f 1998/2532/1993 2012/2547/2010 2019/2556/2014
f 2019/2556/2014 2020/2562/2016 1998/2532/1993
f 1998/2563/1993 2020/2564/2016 2016/2565/2013
f 2022/2566/2017 2021/2567/2018 2018/2557/2015
f 2021/2567/2018 2017/2558/2012 2018/2557/2015
f 2022/2566/2017 2018/2557/2015 2011/2544/2007
f 2022/2566/2017 2009/2542/2005 2023/2568/2019
f 2023/2568/2019 2034/2569/2020 2022/2566/2017
f 1866/2570/1862 2022/2571/2017 2024/2572/2021
f 2026/2573/2022 2024/2574/2021 2022/2566/2017
f 2033/2575/2023 2022/2566/2017 2025/2576/2024
f 2025/2577/2024 2022/2571/2017 1866/2570/1862
f 2011/2544/2007 2013/2545/2008 2022/2566/2017
f 2022/2566/2017 2028/2578/2025 2026/2573/2022
f 2027/2579/2026 2021/2567/2018 2022/2566/2017
f 2029/2580/2027 2027/2579/2026 2022/2566/2017
f 2022/2566/2017 2013/2545/2008 2009/2542/2005
f 2022/2566/2017 2034/2569/2020 2028/2578/2025
f 2022/2566/2017 2031/2581/2028 2029/2580/2027
f 2030/2582/2029 2035/2583/2030 2022/2566/2017
f 2022/2566/2017 2032/2584/2031 2030/2582/2029
f 2022/2566/2017 2035/2583/2030 2031/2581/2028
f 2032/2584/2031 2022/2566/2017 2033/2575/2023
f 2035/2585/2030 2030/2586/2029 2016/2587/2013
f 2035/2583/2030 2016/2554/2013 2015/2555/2011
f 2015/2551/2011 2031/2588/2028 2035/2589/2030
f 2037/2590/2032 2034/2569/2020 2036/2591/2033
f 2036/2591/2033 2034/2569/2020 2023/2568/2019
f 2028/2578/2025 2034/2569/2020 2037/2590/2032
f 2037/2590/2032 2036/2591/2033 2038/2592/2034
f 2026/2573/2022 2037/2590/2032 2038/2592/2034
f 2026/2573/2022 2028/2578/2025 2037/2590/2032
f 1956/2473/1945 2038/2592/2034 2040/2593/2035
f 1956/2473/1945 2042/2594/2036 2038/2592/2034
f 2026/2573/2022 2038/2592/2034 2039/2595/2037
f 2039/2595/2037 2038/2592/2034 2042/2594/2036
f 2038/2592/2034 2041/2596/2038 2040/2593/2035
f 2038/2592/2034 2036/2591/2033 2041/2596/2038
f 1955/2481/1953 2042/2594/2036 1956/2473/1945
f 1947/2470/1942 2042/2594/2036 1954/2480/1952
f 2042/2594/2036 1955/2481/1953 1954/2480/1952
f 2043/2597/2039 2042/2594/2036 1947/2470/1942
f 2044/2598/2040 2042/2594/2036 2043/2597/2039
f 2039/2595/2037 2042/2594/2036 2044/2598/2040
f 2043/2597/2039 2024/2574/2021 2044/2598/2040
f 2044/2598/2040 2024/2574/2021 2039/2595/2037
f 2043/2597/2039 2045/2599/2041 2024/2574/2021
f 2046/2600/2042 2045/2599/2041 2043/2597/2039
f 1947/2470/1942 2046/2600/2042 2043/2597/2039
f 1947/2470/1942 2045/2599/2041 2046/2600/2042
f 2045/2599/2041 2047/2601/2043 2024/2574/2021
f 1946/2469/1941 2047/2601/2043 2045/2599/2041
f 1946/2469/1941 2045/2599/2041 1947/2470/1942
f 2024/2574/2021 2047/2601/2043 2048/2602/2044
f 2048/2602/2044 2047/2601/2043 1946/2469/1941
f 1871/2363/1867 2048/2602/2044 2049/2603/2045
f 2050/2604/2046 2049/2603/2045 2048/2602/2044
f 1944/2468/1940 2048/2602/2044 1946/2469/1941
f 2050/2604/2046 2048/2602/2044 1944/2468/1940
f 2024/2574/2021 2048/2602/2044 1871/2363/1867
f 1943/2605/1939 1884/2464/1881 2050/2606/2046
f 1944/2468/1940 1943/2467/1939 2050/2604/2046
f 2051/2607/2047 2049/2603/2045 2050/2604/2046
f 2050/2606/2046 1882/2364/1877 2051/2608/2047
f 2050/2606/2046 1884/2464/1881 1882/2364/1877
f 2049/2603/2045 2051/2607/2047 1881/2367/1878
f 1882/2364/1877 1881/2366/1878 2051/2608/2047
f 1871/2363/1867 2049/2603/2045 1881/2367/1878
f 2001/2534/1997 2040/2593/2035 2041/2596/2038
f 2001/2534/1997 2041/2596/2038 2053/2609/2048
f 2007/2540/2003 2041/2596/2038 2036/2591/2033
f 2052/2610/2049 2041/2596/2038 2007/2540/2003
f 2052/2610/2049 2053/2609/2048 2041/2596/2038
f 2001/2534/1997 2053/2609/2048 2002/2535/1998
f 2053/2609/2048 2052/2610/2049 2002/2535/1998
f 2002/2535/1998 2052/2610/2049 2007/2540/2003
f 1949/2474/1946 1956/2473/1945 2040/2593/2035
f 2000/2533/1996 2040/2593/2035 2001/2534/1997
f 1949/2474/1946 2040/2593/2035 2000/2533/1996
f 2039/2595/2037 2024/2574/2021 2026/2573/2022
f 2009/2542/2005 2036/2591/2033 2023/2568/2019
f 2007/2540/2003 2036/2591/2033 2009/2542/2005
f 2054/2611/2050 2032/2612/2031 2033/2613/2023
f 2054/2614/2050 2033/2575/2023 2055/2615/2051
f 2055/2615/2051 2033/2575/2023 2056/2616/2052
f 2033/2575/2023 2025/2576/2024 2056/2616/2052
f 2058/2617/2053 2057/2618/2054 2056/2616/2052
f 2055/2615/2051 2056/2616/2052 2057/2618/2054
f 2056/2616/2052 2025/2576/2024 2058/2617/2053
f 2058/2619/2053 2016/2565/2013 2057/2620/2054
f 1998/2563/1993 2016/2565/2013 2058/2619/2053
f 2058/2617/2053 2059/2621/2055 1998/2532/1993
f 2025/2576/2024 2059/2621/2055 2058/2617/2053
f 2025/2576/2024 2060/2622/2056 2059/2621/2055
f 2059/2623/2055 2060/2624/2056 1994/2526/1992
f 1998/2527/1993 2059/2623/2055 1994/2526/1992
f 2062/2625/2057 2060/2622/2056 2025/2576/2024
f 1994/2526/1992 2060/2624/2056 2061/2626/2058
f 2062/2625/2057 2061/2627/2058 2060/2622/2056
f 2063/2628/2059 2061/2626/2058 2062/2629/2057
f 2062/2629/2057 2064/2630/2060 2063/2628/2059
f 2025/2576/2024 2064/2631/2060 2062/2625/2057
f 1868/2343/1864 2065/2632/2061 2064/2633/2060
f 2063/2628/2059 2064/2630/2060 2065/2634/2061
f 2064/2633/2060 2025/2635/2024 1868/2343/1864
f 1868/2343/1864 2066/2636/2062 2065/2632/2061
f 2066/2637/2062 1991/2521/1987 2065/2634/2061
f 1995/2524/1990 2065/2634/2061 1993/2523/1989
f 2063/2628/2059 2065/2634/2061 1995/2524/1990
f 2065/2634/2061 1991/2521/1987 1993/2523/1989
f 2067/2638/2063 2066/2636/2062 1868/2343/1864
f 2067/2638/2063 1985/2639/1982 2066/2636/2062
f 1985/2516/1982 1987/2518/1984 2066/2637/2062
f 2066/2637/2062 1987/2518/1984 1989/2520/1986
f 2066/2637/2062 1989/2520/1986 1991/2521/1987
f 2068/2640/2064 2067/2638/2063 1868/2343/1864
f 2069/2641/2065 2067/2638/2063 2068/2640/2064
f 2069/2641/2065 1985/2639/1982 2067/2638/2063
f 2070/2642/2066 2069/2641/2065 2068/2640/2064
f 2070/2642/2066 2071/2643/2067 2069/2641/2065
f 2069/2641/2065 2071/2643/2067 1983/2644/1979
f 1983/2644/1979 1985/2639/1982 2069/2641/2065
f 2072/2645/2068 2071/2643/2067 2070/2642/2066
f 1983/2644/1979 2071/2643/2067 2072/2645/2068
f 2074/2646/2069 2073/2647/2070 2072/2645/2068
f 2075/2648/2071 2072/2645/2068 2073/2647/2070
f 2074/2646/2069 2072/2645/2068 2070/2642/2066
f 1983/2644/1979 2072/2645/2068 2075/2648/2071
f 2075/2649/2071 1981/2511/1977 1983/2513/1979
f 2075/2648/2071 2073/2647/2070 2076/2650/2072
f 2075/2649/2071 2076/2651/2072 2077/2652/2073
f 2077/2652/2073 1980/2510/1976 2075/2649/2071
f 2075/2649/2071 1980/2510/1976 1981/2511/1977
f 2076/2651/2072 2078/2653/2074 2077/2652/2073
f 2078/2653/2074 1979/2509/1975 2077/2652/2073
f 2077/2652/2073 1979/2509/1975 1980/2510/1976
f 2076/2651/2072 2079/2654/2075 2078/2653/2074
f 2079/2654/2075 2080/2655/2076 2078/2653/2074
f 2078/2653/2074 2080/2655/2076 1979/2509/1975
f 2084/2656/2077 2080/2655/2076 2081/2657/2078
f 2082/2658/2079 2081/2657/2078 2080/2655/2076
f 2082/2658/2079 2080/2655/2076 2079/2654/2075
f 2083/2659/2080 2080/2655/2076 2084/2656/2077
f 2083/2659/2080 1979/2509/1975 2080/2655/2076
f 2085/2660/2081 2084/2661/2077 2087/2662/2082
f 2085/2660/2081 2083/2663/2080 2084/2661/2077
f 2084/2656/2077 2081/2657/2078 2086/2664/2083
f 2087/2662/2082 2084/2661/2077 2086/2665/2083
f 2087/2662/2082 2088/2666/2084 2090/2667/2085
f 2089/2668/2086 2088/2666/2084 2087/2662/2082
f 2087/2662/2082 2091/2669/2087 2089/2668/2086
f 2087/2662/2082 2090/2667/2085 2085/2660/2081
f 2087/2662/2082 2086/2665/2083 2091/2669/2087
f 2091/2669/2087 2093/2670/2088 2089/2668/2086
f 2091/2669/2087 2095/2671/2089 2092/2672/2090
f 2092/2672/2090 2094/2673/2091 2091/2669/2087
f 2091/2669/2087 2094/2673/2091 2093/2670/2088
f 2091/2669/2087 2086/2665/2083 2095/2671/2089
f 2095/2674/2089 2096/2675/2092 2098/2676/2093
f 2095/2674/2089 2097/2677/2094 2096/2675/2092
f 2086/2664/2083 2097/2677/2094 2095/2674/2089
f 2092/2672/2090 2095/2671/2089 2098/2678/2093
f 2098/2676/2093 2096/2675/2092 2099/2679/2095
f 2092/2672/2090 2098/2678/2093 2100/2680/2096
f 2098/2676/2093 2099/2679/2095 2101/2681/2097
f 2100/2680/2096 2098/2678/2093 2101/2682/2097
f 2102/2683/2098 2101/2682/2097 2104/2684/2099
f 2100/2680/2096 2101/2682/2097 2102/2683/2098
f 2101/2681/2097 2103/2685/2100 2104/2686/2099
f 2101/2681/2097 2099/2679/2095 2103/2685/2100
f 2104/2686/2099 2107/2687/2101 2105/2688/2102
f 2106/2689/2103 2104/2684/2099 2105/2690/2102
f 2102/2683/2098 2104/2684/2099 2106/2689/2103
f 2104/2686/2099 2103/2685/2100 2107/2687/2101
f 2105/2688/2102 2107/2687/2101 2108/2691/2104
f 2109/2692/2105 2108/2691/2104 2107/2687/2101
f 2109/2692/2105 2107/2687/2101 2110/2693/2106
f 2110/2693/2106 2107/2687/2101 2111/2694/2107
f 2111/2694/2107 2107/2687/2101 2103/2685/2100
f 2112/2695/2108 2110/2693/2106 2111/2694/2107
f 2112/2695/2108 2111/2694/2107 2113/2696/2109
f 2111/2694/2107 2103/2685/2100 2113/2696/2109
f 2113/2696/2109 2103/2685/2100 2114/2697/2110
f 2114/2697/2110 2112/2695/2108 2113/2696/2109
f 2114/2697/2110 2103/2685/2100 2099/2679/2095
f 2114/2697/2110 2099/2679/2095 2115/2698/2111
f 2114/2697/2110 2115/2698/2111 2116/2699/2112
f 2116/2699/2112 2112/2695/2108 2114/2697/2110
f 2116/2700/2112 2118/2701/2113 2112/2702/2108
f 2116/2700/2112 2117/2703/2114 2118/2701/2113
f 2119/2704/2115 2117/2703/2114 2116/2700/2112
f 2116/2699/2112 2120/2705/2116 2119/2706/2115
f 2116/2699/2112 2115/2698/2111 2120/2705/2116
f 2120/2705/2116 2099/2679/2095 2096/2675/2092
f 2115/2698/2111 2099/2679/2095 2120/2705/2116
f 2119/2706/2115 2120/2705/2116 2121/2707/2117
f 2120/2705/2116 2096/2675/2092 2121/2707/2117
f 2096/2675/2092 2122/2708/2118 2121/2707/2117
f 2119/2706/2115 2121/2707/2117 2122/2708/2118
f 2096/2675/2092 2123/2709/2119 2122/2708/2118
f 2122/2708/2118 2123/2709/2119 2124/2710/2120
f 2124/2710/2120 2119/2706/2115 2122/2708/2118
f 2124/2710/2120 2125/2711/2121 2128/2712/2122
f 2124/2710/2120 2123/2709/2119 2125/2711/2121
f 2124/2713/2120 2127/2714/2123 2119/2704/2115
f 2124/2713/2120 2126/2715/2124 2127/2714/2123
f 2128/2716/2122 2126/2715/2124 2124/2713/2120
f 2128/2712/2122 2129/2717/2125 2133/2718/2126
f 2128/2712/2122 2125/2711/2121 2129/2717/2125
f 2130/2719/2127 2131/2720/2128 2128/2716/2122
f 2130/2721/2127 2128/2712/2122 2133/2718/2126
f 2131/2720/2128 2132/2722/2129 2128/2716/2122
f 2128/2716/2122 2132/2722/2129 2126/2715/2124
f 2133/2718/2126 2082/2658/2079 2130/2721/2127
f 2133/2718/2126 2129/2717/2125 2081/2657/2078
f 2133/2718/2126 2081/2657/2078 2082/2658/2079
f 2134/2723/2130 2132/2722/2129 2131/2720/2128
f 2126/2715/2124 2132/2722/2129 2134/2723/2130
f 2134/2724/2130 2137/2725/2131 2135/2726/2132
f 2135/2727/2132 2126/2715/2124 2134/2723/2130
f 2134/2723/2130 2131/2720/2128 2138/2728/2133
f 2134/2724/2130 2136/2729/2134 2137/2725/2131
f 2138/2730/2133 2136/2729/2134 2134/2724/2130
f 2138/2728/2133 2073/2647/2070 2074/2646/2069
f 2138/2728/2133 2139/2731/2135 2073/2647/2070
f 2131/2720/2128 2139/2731/2135 2138/2728/2133
f 2138/2730/2133 1853/2325/1849 2136/2729/2134
f 2074/2732/2069 1853/2325/1849 2138/2730/2133
f 2076/2650/2072 2073/2647/2070 2139/2731/2135
f 2130/2719/2127 2139/2731/2135 2131/2720/2128
f 2076/2650/2072 2139/2731/2135 2130/2719/2127
f 2136/2729/2134 2142/2733/2136 2137/2725/2131
f 2137/2725/2131 2141/2734/2137 2140/2735/2138
f 2135/2726/2132 2137/2725/2131 2140/2735/2138
f 2137/2725/2131 2142/2733/2136 2141/2734/2137
f 1753/2199/1749 2142/2733/2136 1848/2320/1844
f 1753/2199/1749 2141/2734/2137 2142/2733/2136
f 2136/2729/2134 1850/2322/1846 2142/2733/2136
f 1848/2320/1844 2142/2733/2136 1850/2322/1846
f 2140/2735/2138 2141/2734/2137 1752/2198/1748
f 1752/2198/1748 2141/2734/2137 1753/2199/1749
f 2140/2735/2138 1752/2198/1748 2143/2736/2139
f 2144/2737/2140 2140/2735/2138 2143/2736/2139
f 2135/2726/2132 2140/2735/2138 2144/2737/2140
f 2144/2738/2140 2117/2703/2114 2135/2727/2132
f 2144/2738/2140 2118/2701/2113 2117/2703/2114
f 2145/2739/2141 2118/2701/2113 2144/2738/2140
f 2144/2737/2140 2143/2736/2139 2145/2740/2141
f 2145/2740/2141 2147/2741/2142 2146/2742/2143
f 2146/2742/2143 2149/2743/2144 2145/2740/2141
f 2145/2739/2141 2148/2744/2145 2118/2701/2113
f 2145/2740/2141 2143/2736/2139 2147/2741/2142
f 2149/2743/2144 2148/2745/2145 2145/2740/2141
f 2112/2702/2108 2149/2746/2144 2150/2747/2146
f 2112/2702/2108 2148/2744/2145 2149/2746/2144
f 2150/2748/2146 2149/2749/2144 2151/2750/2147
f 2146/2742/2143 2151/2751/2147 2149/2743/2144
f 2150/2752/2146 2151/2753/2147 2152/2754/2148
f 2152/2755/2148 2151/2756/2147 2154/2757/2149
f 2153/2758/2150 2151/2751/2147 2146/2742/2143
f 2153/2758/2150 2154/2759/2149 2151/2751/2147
f 2152/2755/2148 2154/2757/2149 2156/2760/2151
f 2155/2761/2152 2154/2759/2149 2153/2758/2150
f 2156/2760/2151 2154/2757/2149 2155/2762/2152
f 2156/2763/2151 2157/2764/2153 2158/2765/2154
f 2159/2766/2155 2157/2764/2153 2156/2763/2151
f 2156/2763/2151 2158/2765/2154 2152/2767/2148
f 1717/2157/1713 2159/2766/2155 2156/2763/2151
f 2156/2760/2151 2155/2762/2152 1717/2161/1713
f 1717/2157/1713 1716/2156/1712 2159/2766/2155
f 1716/2156/1712 1714/2155/1711 2159/2766/2155
f 2159/2766/2155 1714/2155/1711 2160/2768/2156
f 2159/2766/2155 2160/2768/2156 2157/2764/2153
f 2162/2769/2157 2160/2768/2156 1714/2155/1711
f 2161/2770/2158 2160/2768/2156 2162/2769/2157
f 2161/2770/2158 2163/2771/2159 2160/2768/2156
f 2157/2764/2153 2160/2768/2156 2163/2771/2159
f 2157/2764/2153 2163/2771/2159 2158/2765/2154
f 2164/2772/2160 2163/2771/2159 2161/2770/2158
f 2164/2772/2160 2108/2691/2104 2163/2771/2159
f 2158/2765/2154 2163/2771/2159 2165/2773/2161
f 2165/2773/2161 2163/2771/2159 2108/2691/2104
f 2152/2767/2148 2158/2765/2154 2165/2773/2161
f 2152/2767/2148 2165/2773/2161 2166/2774/2162
f 2165/2773/2161 2108/2691/2104 2166/2774/2162
f 2166/2774/2162 2108/2691/2104 2109/2692/2105
f 2166/2774/2162 2109/2692/2105 2152/2767/2148
f 2167/2775/2163 2164/2776/2160 2168/2777/2164
f 2167/2775/2163 2105/2690/2102 2164/2776/2160
f 2105/2688/2102 2108/2691/2104 2164/2772/2160
f 2168/2777/2164 2164/2776/2160 2161/2778/2158
f 2168/2777/2164 2169/2779/2165 2167/2775/2163
f 2168/2777/2164 2171/2780/2166 2169/2779/2165
f 2170/2781/2167 2172/2782/2168 2168/2777/2164
f 2168/2777/2164 2161/2778/2158 2170/2781/2167
f 2168/2777/2164 2172/2782/2168 2171/2780/2166
f 2173/2783/2169 2172/2782/2168 2174/2784/2170
f 2173/2783/2169 2171/2780/2166 2172/2782/2168
f 2170/2781/2167 2175/2785/2171 2172/2782/2168
f 2174/2784/2170 2172/2782/2168 2175/2785/2171
f 2175/2785/2171 2177/2786/2172 2176/2787/2173
f 2174/2784/2170 2175/2785/2171 2176/2787/2173
f 2177/2786/2172 2175/2785/2171 2170/2781/2167
f 2176/2787/2173 2177/2786/2172 2178/2788/2174
f 2179/2789/2175 2178/2788/2174 2177/2786/2172
f 2179/2789/2175 2177/2786/2172 2170/2781/2167
f 2179/2789/2175 2181/2790/2176 2180/2791/2177
f 2182/2792/2178 2179/2789/2175 2180/2791/2177
f 2179/2789/2175 2162/2793/2157 2181/2790/2176
f 2170/2781/2167 2162/2793/2157 2179/2789/2175
f 2178/2788/2174 2179/2789/2175 2182/2792/2178
f 2183/2794/2179 2178/2788/2174 2182/2792/2178
f 2183/2794/2179 2182/2792/2178 2184/2795/2180
f 2184/2795/2180 2182/2792/2178 2185/2796/2181
f 2182/2792/2178 2180/2791/2177 2185/2796/2181
f 2184/2795/2180 2185/2796/2181 2186/2797/2182
f 2185/2796/2181 2187/2798/2183 2186/2797/2182
f 2180/2791/2177 2187/2798/2183 2185/2796/2181
f 2186/2797/2182 2187/2798/2183 2188/2799/2184
f 2180/2791/2177 2188/2799/2184 2187/2798/2183
f 2186/2797/2182 2188/2799/2184 1678/2105/1674
f 2189/2800/2185 2188/2799/2184 2180/2791/2177
f 2189/2800/2185 1679/2108/1675 2188/2799/2184
f 1678/2105/1674 2188/2799/2184 1679/2108/1675
f 2189/2800/2185 2191/2801/2186 1682/2119/1678
f 1682/2119/1678 1679/2108/1675 2189/2800/2185
f 2180/2791/2177 2190/2802/2187 2189/2800/2185
f 2189/2800/2185 2190/2802/2187 2191/2801/2186
f 1682/2119/1678 2191/2801/2186 1688/2120/1685
f 2191/2803/2186 1694/2130/1690 1688/2123/1685
f 2191/2803/2186 1706/2146/1702 1694/2130/1690
f 2190/2804/2187 1706/2146/1702 2191/2803/2186
f 2180/2791/2177 2181/2790/2176 2190/2802/2187
f 2190/2804/2187 1709/2149/1705 1706/2146/1702
f 2181/2805/2176 1709/2149/1705 2190/2804/2187
f 2192/2806/2188 2186/2797/2182 2194/2807/2189
f 2192/2806/2188 2184/2795/2180 2186/2797/2182
f 2186/2797/2182 2193/2808/2190 2194/2807/2189
f 2186/2797/2182 1676/2107/1673 2193/2808/2190
f 1678/2105/1674 1676/2107/1673 2186/2797/2182
f 2194/2807/2189 2196/2809/2191 2195/2810/2192
f 2194/2811/2189 2195/2812/2192 2198/2813/2193
f 2197/2814/2194 2192/2815/2188 2194/2816/2189
f 2194/2807/2189 2193/2808/2190 2196/2809/2191
f 2194/2816/2189 2198/2817/2193 2197/2814/2194
f 2197/2814/2194 2198/2817/2193 2199/2818/2195
f 2198/2819/2193 2195/2820/2192 2199/2821/2195
f 2197/2814/2194 2199/2818/2195 2200/2822/2196
f 2199/2821/2195 2195/2820/2192 2200/2823/2196
f 2200/2823/2196 1586/1977/1582 2202/2824/2197
f 2200/2823/2196 2195/2820/2192 1586/1977/1582
f 2201/2825/2198 2200/2826/2196 2202/2827/2197
f 2197/2828/2194 2200/2829/2196 2201/2830/2198
f 2201/2831/2198 2202/2832/2197 2203/2833/2199
f 2202/2824/2197 1586/1977/1582 2203/2834/2199
f 2203/2833/2199 2204/2835/2200 2201/2831/2198
f 2204/2836/2200 2203/2834/2199 1586/1977/1582
f 1586/1977/1582 1591/1978/1583 2204/2836/2200
f 2201/2831/2198 2204/2835/2200 1591/2837/1583
f 2201/2831/2198 1591/2837/1583 1590/2838/1588
f 2201/2839/2198 2205/2840/2201 2197/2841/2194
f 2201/2831/2198 1590/2838/1588 2205/2842/2201
f 2197/2841/2194 2205/2840/2201 2206/2843/2202
f 2205/2842/2201 1589/2844/1587 2206/2845/2202
f 2205/2842/2201 1590/2838/1588 1589/2844/1587
f 2206/2846/2202 1582/2847/1578 1581/2848/1577
f 1583/2849/1579 1582/2850/1578 2206/2845/2202
f 2197/2841/2194 2206/2843/2202 2192/2851/2188
f 2206/2845/2202 1584/2852/1580 1583/2849/1579
f 1587/2853/1585 1584/2852/1580 2206/2845/2202
f 2208/2854/2203 2206/2843/2202 2207/2855/2204
f 2206/2846/2202 1581/2848/1577 2207/2856/2204
f 2192/2851/2188 2206/2843/2202 2208/2854/2203
f 2206/2845/2202 1588/2857/1586 1587/2853/1585
f 2206/2845/2202 1589/2844/1587 1588/2857/1586
f 2176/2787/2173 2183/2794/2179 2208/2858/2203
f 2209/2859/2205 2176/2787/2173 2208/2858/2203
f 2210/2860/2206 2209/2861/2205 2208/2854/2203
f 2210/2860/2206 2208/2854/2203 2211/2862/2207
f 2208/2854/2203 2207/2855/2204 2211/2862/2207
f 2208/2858/2203 2184/2795/2180 2192/2806/2188
f 2208/2858/2203 2183/2794/2179 2184/2795/2180
f 2212/2863/2208 2210/2864/2206 2211/2865/2207
f 2212/2863/2208 2211/2865/2207 2213/2866/2209
f 2216/2867/2210 2211/2865/2207 2207/2856/2204
f 2213/2866/2209 2211/2865/2207 2214/2868/2211
f 2211/2865/2207 2215/2869/2212 2214/2868/2211
f 2215/2869/2212 2211/2865/2207 2216/2867/2210
f 1578/1970/1575 2215/2870/2212 2216/2871/2210
f 1578/1970/1575 2216/2871/2210 2217/2872/2213
f 2216/2867/2210 2207/2856/2204 2217/2873/2213
f 2207/2856/2204 1580/2874/1576 2217/2873/2213
f 1580/1971/1576 1578/1970/1575 2217/2872/2213
f 2214/2875/2211 2215/2870/2212 1578/1970/1575
f 2218/2876/2214 2214/2875/2211 1578/1970/1575
f 2213/2877/2209 2214/2875/2211 2218/2876/2214
f 2218/2876/2214 2219/2878/2215 2222/2879/2216
f 2218/2876/2214 2221/2880/2217 2219/2878/2215
f 2220/2881/2218 2221/2880/2217 2218/2876/2214
f 2218/2876/2214 1578/1970/1575 2220/2881/2218
f 2223/2882/2219 2218/2876/2214 2222/2879/2216
f 2212/2883/2208 2218/2876/2214 2223/2882/2219
f 2218/2876/2214 2212/2883/2208 2213/2877/2209
f 2223/2882/2219 2222/2879/2216 2224/2884/2220
f 2210/2864/2206 2223/2885/2219 2224/2886/2220
f 2223/2885/2219 2210/2864/2206 2212/2863/2208
f 2222/2879/2216 2225/2887/2221 2224/2884/2220
f 2224/2886/2220 2225/2888/2221 2210/2864/2206
f 2210/2864/2206 2225/2888/2221 2226/2889/2222
f 2227/2890/2223 2226/2891/2222 2225/2892/2221
f 2222/2893/2216 2227/2890/2223 2225/2892/2221
f 2227/2890/2223 2174/2784/2170 2176/2787/2173
f 2209/2859/2205 2227/2890/2223 2176/2787/2173
f 2219/2894/2215 2227/2890/2223 2222/2893/2216
f 2219/2894/2215 2228/2895/2224 2227/2890/2223
f 2227/2890/2223 2173/2783/2169 2174/2784/2170
f 2228/2895/2224 2173/2783/2169 2227/2890/2223
f 2226/2891/2222 2227/2890/2223 2209/2859/2205
f 2229/2896/2225 2228/2895/2224 2221/2897/2217
f 2229/2896/2225 2230/2898/2226 2228/2895/2224
f 2221/2897/2217 2228/2895/2224 2219/2894/2215
f 2230/2898/2226 2231/2899/2227 2228/2895/2224
f 2228/2895/2224 2231/2899/2227 2173/2783/2169
f 2232/2900/2228 2231/2899/2227 2234/2901/2229
f 2232/2900/2228 2233/2902/2230 2231/2899/2227
f 2233/2902/2230 2240/2903/2231 2231/2899/2227
f 2231/2899/2227 2237/2904/2232 2234/2901/2229
f 2230/2898/2226 2235/2905/2233 2231/2899/2227
f 2235/2905/2233 2236/2906/2234 2231/2899/2227
f 2231/2899/2227 2236/2906/2234 2237/2904/2232
f 2238/2907/2235 2239/2908/2236 2231/2899/2227
f 2231/2899/2227 2241/2909/2237 2238/2907/2235
f 2231/2899/2227 2239/2908/2236 2169/2779/2165
f 2231/2899/2227 2240/2903/2231 2241/2909/2237
f 2231/2899/2227 2169/2779/2165 2173/2783/2169
f 2240/2910/2231 2242/2911/2238 2241/2912/2237
f 2241/2912/2237 2242/2911/2238 2243/2913/2239
f 2241/2912/2237 2243/2913/2239 2238/2914/2235
f 2243/2913/2239 2246/2915/2240 2238/2914/2235
f 2243/2916/2239 2244/2917/2241 2246/2918/2240
f 2243/2916/2239 2245/2919/2242 2244/2917/2241
f 2242/2920/2238 2245/2919/2242 2243/2916/2239
f 2238/2914/2235 2246/2915/2240 2247/2921/2243
f 2246/2918/2240 2244/2917/2241 2249/2922/2244
f 2247/2921/2243 2246/2915/2240 2250/2923/2245
f 2250/2923/2245 2246/2915/2240 2248/2924/2246
f 2246/2918/2240 2249/2922/2244 2248/2925/2246
f 2239/2908/2236 2247/2926/2243 2250/2927/2245
f 2239/2908/2236 2250/2927/2245 2251/2928/2247
f 2250/2923/2245 2248/2924/2246 2253/2929/2248
f 2251/2928/2247 2250/2927/2245 2252/2930/2249
f 2252/2930/2249 2250/2927/2245 2253/2931/2248
f 2252/2930/2249 2253/2931/2248 2254/2932/2250
f 2253/2929/2248 2248/2924/2246 2254/2933/2250
f 2254/2932/2250 2255/2934/2251 2252/2930/2249
f 2248/2935/2246 2255/2936/2251 2254/2937/2250
f 2252/2930/2249 2255/2934/2251 2167/2775/2163
f 2248/2935/2246 2256/2938/2252 2255/2936/2251
f 2255/2934/2251 2256/2939/2252 2167/2775/2163
f 2167/2775/2163 2256/2939/2252 2257/2940/2253
f 2258/2941/2254 2257/2942/2253 2256/2938/2252
f 2258/2941/2254 2256/2938/2252 2248/2935/2246
f 2258/2941/2254 2259/2943/2255 2260/2944/2256
f 2249/2945/2244 2259/2943/2255 2258/2941/2254
f 2248/2925/2246 2249/2922/2244 2258/2946/2254
f 2258/2941/2254 2260/2944/2256 2257/2942/2253
f 2167/2775/2163 2260/2947/2256 2259/2948/2255
f 2257/2940/2253 2260/2947/2256 2167/2775/2163
f 2259/2943/2255 2249/2945/2244 2261/2949/2257
f 2106/2689/2103 2259/2948/2255 2261/2950/2257
f 2167/2775/2163 2259/2948/2255 2106/2689/2103
f 2261/2949/2257 2249/2945/2244 2262/2951/2258
f 2106/2689/2103 2261/2950/2257 2263/2952/2259
f 2261/2949/2257 2262/2951/2258 2263/2953/2259
f 2263/2953/2259 2262/2951/2258 2264/2954/2260
f 2264/2955/2260 2106/2689/2103 2263/2952/2259
f 2266/2956/2261 2102/2683/2098 2264/2955/2260
f 2102/2683/2098 2106/2689/2103 2264/2955/2260
f 2264/2954/2260 2265/2957/2262 2266/2958/2261
f 2264/2954/2260 2262/2951/2258 2265/2957/2262
f 2267/2959/2263 2102/2683/2098 2266/2956/2261
f 2266/2958/2261 2265/2957/2262 2267/2960/2263
f 2267/2959/2263 2269/2961/2264 2102/2683/2098
f 2267/2962/2263 2265/2963/2262 2268/2964/2265
f 2268/2965/2265 2269/2961/2264 2267/2959/2263
f 2268/2965/2265 2270/2966/2266 2269/2961/2264
f 2269/2961/2264 2270/2966/2266 2271/2967/2267
f 2269/2961/2264 2272/2968/2268 2102/2683/2098
f 2269/2961/2264 2271/2967/2267 2272/2968/2268
f 2272/2968/2268 2273/2969/2269 2275/2970/2270
f 2272/2968/2268 2276/2971/2271 2273/2969/2269
f 2272/2968/2268 2271/2967/2267 2274/2972/2272
f 2272/2968/2268 2275/2970/2270 2102/2683/2098
f 2274/2972/2272 2276/2971/2271 2272/2968/2268
f 2276/2973/2271 2278/2974/2273 2277/2975/2274
f 2276/2971/2271 2277/2976/2274 2273/2969/2269
f 2274/2977/2272 2278/2974/2273 2276/2973/2271
f 2277/2975/2274 2278/2974/2273 2281/2978/2275
f 2279/2979/2276 2262/2980/2258 2278/2981/2273
f 2279/2982/2276 2278/2974/2273 2274/2977/2272
f 2278/2981/2273 2280/2983/2277 2281/2984/2275
f 2278/2981/2273 2262/2980/2258 2280/2983/2277
f 2277/2975/2274 2281/2978/2275 2282/2985/2278
f 2281/2978/2275 2283/2986/2279 2282/2985/2278
f 2281/2987/2275 2284/2988/2280 2283/2989/2279
f 2285/2990/2281 2284/2988/2280 2281/2987/2275
f 2281/2984/2275 2280/2983/2277 2285/2991/2281
f 2285/2990/2281 2286/2992/2282 2284/2988/2280
f 2287/2993/2283 2285/2990/2281 2280/2994/2277
f 2286/2992/2282 2285/2990/2281 2287/2993/2283
f 2273/2969/2269 2287/2995/2283 2288/2996/2284
f 2273/2969/2269 2286/2997/2282 2287/2995/2283
f 2287/2995/2283 2289/2998/2285 2288/2996/2284
f 2287/2993/2283 2280/2994/2277 2289/2999/2285
f 2288/2996/2284 2289/2998/2285 2290/3000/2286
f 2289/2999/2285 2280/2994/2277 2290/3001/2286
f 2280/2983/2277 2262/2980/2258 2290/3002/2286
f 2290/3002/2286 2249/2922/2244 2244/2917/2241
f 2244/3003/2241 2236/3004/2234 2290/3005/2286
f 2290/3002/2286 2262/2980/2258 2249/2922/2244
f 2235/2905/2233 2290/3000/2286 2236/2906/2234
f 2288/2996/2284 2290/3000/2286 2235/2905/2233
f 2273/2969/2269 2288/2996/2284 2291/3006/2287
f 2288/2996/2284 2235/2905/2233 2230/2898/2226
f 2291/3006/2287 2288/2996/2284 2230/2898/2226
f 2295/3007/2288 2291/3006/2287 2292/3008/2289
f 2291/3006/2287 2293/3009/2290 2292/3008/2289
f 2291/3006/2287 2230/2898/2226 2294/3010/2291
f 2273/2969/2269 2291/3006/2287 2295/3007/2288
f 2294/3010/2291 2293/3009/2290 2291/3006/2287
f 2275/2970/2270 2273/2969/2269 2295/3007/2288
f 2275/2970/2270 2295/3007/2288 2296/3011/2292
f 2295/3007/2288 2292/3008/2289 2297/3012/2293
f 2296/3011/2292 2295/3007/2288 2297/3012/2293
f 2296/3011/2292 2297/3012/2293 2299/3013/2294
f 2297/3012/2293 2292/3008/2289 2298/3014/2295
f 2297/3012/2293 2298/3014/2295 2300/3015/2296
f 2297/3012/2293 2302/3016/2297 2299/3013/2294
f 2300/3015/2296 2301/3017/2298 2297/3012/2293
f 2297/3012/2293 2301/3017/2298 2302/3016/2297
f 2302/3016/2297 2301/3017/2298 2092/2672/2090
f 2092/2672/2090 2100/2680/2096 2302/3016/2297
f 2100/2680/2096 2299/3013/2294 2302/3016/2297
f 2300/3015/2296 2094/2673/2091 2301/3017/2298
f 2092/2672/2090 2301/3017/2298 2094/2673/2091
f 2300/3015/2296 2304/3018/2299 2303/3019/2300
f 2303/3019/2300 2305/3020/2301 2300/3015/2296
f 2300/3015/2296 2298/3014/2295 2304/3018/2299
f 2305/3020/2301 2094/2673/2091 2300/3015/2296
f 2307/3021/2302 2306/3022/2303 2305/3020/2301
f 2306/3022/2303 2093/2670/2088 2305/3020/2301
f 2305/3020/2301 2093/2670/2088 2094/2673/2091
f 2307/3021/2302 2305/3020/2301 2303/3019/2300
f 2307/3023/2302 2303/3024/2300 2309/3025/2304
f 2308/3026/2305 2307/3023/2302 2309/3025/2304
f 2311/3027/2306 2307/3023/2302 2308/3026/2305
f 2310/3028/2307 2306/3022/2303 2307/3021/2302
f 2307/3021/2302 2311/3029/2306 2310/3028/2307
f 2310/3028/2307 2311/3029/2306 2313/3030/2308
f 2308/3031/2305 2312/3032/2309 2311/3033/2306
f 2311/3029/2306 2312/3034/2309 2313/3030/2308
f 2313/3030/2308 2314/3035/2310 2317/3036/2311
f 2313/3030/2308 2315/3037/2312 2314/3035/2310
f 2310/3028/2307 2313/3030/2308 2316/3038/2313
f 2312/3034/2309 2315/3037/2312 2313/3030/2308
f 2316/3038/2313 2313/3030/2308 2317/3036/2311
f 2320/3039/2314 2317/3036/2311 2318/3040/2315
f 1965/3041/1960 2318/3040/2315 2317/3036/2311
f 2317/3036/2311 2321/3042/2316 2319/3043/2317
f 1965/2494/1960 2317/3044/2311 2319/3045/2317
f 2316/3038/2313 2317/3036/2311 2320/3039/2314
f 2317/3036/2311 2314/3035/2310 2321/3042/2316
f 2319/3045/2317 2321/3046/2316 1537/1928/1533
f 2321/3046/2316 2314/3047/2310 1537/1928/1533
f 2318/3040/2315 2322/3048/2318 2320/3039/2314
f 2320/3039/2314 2322/3048/2318 2323/3049/2319
f 2320/3039/2314 2323/3049/2319 2316/3038/2313
f 2323/3049/2319 2322/3048/2318 2324/3050/2320
f 2085/2660/2081 2323/3049/2319 2324/3050/2320
f 2085/2660/2081 2325/3051/2321 2323/3049/2319
f 2316/3038/2313 2323/3049/2319 2325/3051/2321
f 2085/2660/2081 2326/3052/2321 2325/3051/2321
f 2316/3038/2313 2325/3051/2321 2326/3052/2321
f 2085/2660/2081 2090/2667/2085 2326/3052/2321
f 2090/2667/2085 2316/3038/2313 2326/3052/2321
f 2324/3050/2320 2083/2663/2080 2085/2660/2081
f 2324/3050/2320 1977/3053/1974 2083/2663/2080
f 2324/3050/2320 2322/3048/2318 2327/3054/2322
f 1970/3055/1966 1977/3053/1974 2324/3050/2320
f 2324/3050/2320 2327/3054/2322 1970/3055/1966
f 2318/3040/2315 2327/3054/2322 2322/3048/2318
f 2318/3056/2315 1971/2499/1968 2327/3057/2322
f 2327/3057/2322 1971/2499/1968 1970/2497/1966
f 1535/1926/1531 2319/3045/2317 1537/1928/1533
f 2328/3058/2323 2319/3045/2317 1535/1926/1531
f 2328/3058/2323 1965/2494/1960 2319/3045/2317
f 1966/2493/1963 1965/2494/1960 2328/3058/2323
f 1966/2493/1963 2328/3058/2323 1535/1926/1531
f 1965/2488/1960 1963/2487/1959 2318/3056/2315
f 1963/2487/1959 1971/2499/1968 2318/3056/2315
f 2090/2667/2085 2310/3028/2307 2316/3038/2313
f 2314/3047/2310 2315/3059/2312 1544/1934/1539
f 2329/3060/2324 2315/3037/2312 2312/3034/2309
f 2330/3061/2325 2315/3059/2312 2329/3062/2324
f 2315/3059/2312 2330/3061/2325 1544/1934/1539
f 2308/3031/2305 2331/3063/2326 2330/3064/2325
f 1544/1934/1539 2330/3061/2325 2331/3065/2326
f 2330/3064/2325 2329/3066/2324 2308/3031/2305
f 2331/3063/2326 2308/3031/2305 2332/3067/2327
f 1544/1934/1539 2331/3065/2326 2332/3068/2327
f 2332/3067/2327 2334/3069/2328 2333/3070/2329
f 2333/3071/2329 1544/1934/1539 2332/3068/2327
f 2332/3067/2327 2308/3031/2305 2334/3069/2328
f 2333/3072/2329 2334/3073/2328 1545/3074/1541
f 2308/3026/2305 2309/3025/2304 2334/3075/2328
f 2334/3075/2328 2309/3025/2304 2335/3076/2330
f 1543/3077/1543 2334/3073/2328 2335/3078/2330
f 1542/3079/1542 2334/3073/2328 1543/3077/1543
f 2334/3073/2328 1542/3079/1542 1545/3074/1541
f 2335/3078/2330 1547/3080/1545 1546/3081/1544
f 1543/3077/1543 2335/3078/2330 1546/3081/1544
f 2335/3078/2330 1548/3082/1537 1547/3080/1545
f 2309/3083/2304 1548/3082/1537 2335/3078/2330
f 1545/1936/1541 1544/1934/1539 2333/3071/2329
f 2308/3031/2305 2329/3066/2324 2312/3032/2309
f 1537/1928/1533 2314/3047/2310 1544/1934/1539
f 2088/2666/2084 2310/3028/2307 2090/2667/2085
f 2088/2666/2084 2306/3022/2303 2310/3028/2307
f 2309/3083/2304 1540/3084/1536 1548/3082/1537
f 2336/3085/2331 1540/3084/1536 2309/3083/2304
f 2309/3083/2304 2338/3086/2332 2336/3085/2331
f 2309/3025/2304 2303/3024/2300 2340/3087/2333
f 2309/3025/2304 2340/3087/2333 2337/3088/2334
f 2337/3089/2334 2339/3090/2335 2309/3083/2304
f 2309/3083/2304 2339/3090/2335 2338/3086/2332
f 2340/3091/2333 2341/3092/2336 2342/3093/2337
f 2340/3091/2333 2343/3094/2338 2341/3092/2336
f 2340/3091/2333 2303/3095/2300 2304/3096/2299
f 2304/3096/2299 2343/3094/2338 2340/3091/2333
f 2340/3091/2333 2342/3093/2337 2345/3097/2339
f 2337/3088/2334 2340/3087/2333 2344/3098/2340
f 2340/3087/2333 2345/3099/2339 2344/3098/2340
f 2345/3097/2339 2347/3100/2341 2346/3101/2342
f 2346/3101/2342 2348/3102/2343 2345/3097/2339
f 2345/3097/2339 2348/3102/2343 2344/3103/2340
f 2345/3097/2339 2342/3093/2337 2347/3100/2341
f 2349/3104/2344 2348/3105/2343 2346/3106/2342
f 2350/3107/2345 2348/3105/2343 2349/3104/2344
f 2344/3103/2340 2348/3102/2343 2350/3108/2345
f 2344/3103/2340 2350/3108/2345 2351/3109/2346
f 2349/3104/2344 2351/3110/2346 2350/3107/2345
f 2352/3111/2347 2344/3103/2340 2351/3109/2346
f 2352/3112/2347 2351/3110/2346 1554/1944/1549
f 2349/3104/2344 1554/1944/1549 2351/3110/2346
f 2352/3112/2347 1554/1944/1549 2353/3113/2348
f 2353/3114/2348 2337/3115/2334 2352/3111/2347
f 2352/3111/2347 2337/3115/2334 2344/3103/2340
f 1554/1944/1549 1541/1933/1538 2353/3113/2348
f 2353/3114/2348 2354/3116/2349 2337/3115/2334
f 2353/3113/2348 1541/1933/1538 2354/3117/2349
f 1541/1933/1538 2339/3118/2335 2354/3117/2349
f 2337/3089/2334 2354/3119/2349 2339/3090/2335
f 2349/3104/2344 2355/3120/2350 2358/3121/2351
f 2349/3104/2344 2359/3122/2352 2355/3120/2350
f 2349/3104/2344 2346/3106/2342 2347/3123/2341
f 2349/3104/2344 2347/3123/2341 2342/3124/2337
f 2357/3125/2353 2349/3104/2344 2342/3124/2337
f 2356/3126/2354 2359/3122/2352 2349/3104/2344
f 2356/3126/2354 2349/3104/2344 2357/3125/2353
f 2358/3121/2351 1554/1944/1549 2349/3104/2344
f 2292/3008/2289 2359/3127/2352 2298/3014/2295
f 2292/3008/2289 2360/3128/2355 2359/3127/2352
f 2298/3014/2295 2359/3127/2352 2356/3129/2354
f 2359/3122/2352 2360/3130/2355 2355/3120/2350
f 2360/3130/2355 2293/3131/2290 2355/3120/2350
f 2293/3009/2290 2360/3128/2355 2292/3008/2289
f 2358/3121/2351 2355/3120/2350 2361/3132/2356
f 2358/3121/2351 2361/3132/2356 1568/1959/1564
f 1568/1959/1564 1553/1945/1550 2358/3121/2351
f 2358/3121/2351 1553/1945/1550 1554/1944/1549
f 2355/3120/2350 2363/3133/2357 2361/3132/2356
f 1568/1959/1564 2361/3132/2356 1569/1960/1565
f 2361/3132/2356 2362/3134/2358 1569/1960/1565
f 2361/3132/2356 2363/3133/2357 2362/3134/2358
f 2355/3120/2350 2293/3131/2290 2363/3133/2357
f 2293/3131/2290 2294/3135/2291 2363/3133/2357
f 2294/3135/2291 2364/3136/2359 2363/3133/2357
f 2363/3133/2357 2220/2881/2218 2362/3134/2358
f 2363/3133/2357 2364/3136/2359 2220/2881/2218
f 2364/3136/2359 2229/3137/2225 2220/2881/2218
f 2294/3010/2291 2230/2898/2226 2364/3138/2359
f 2364/3138/2359 2230/2898/2226 2229/2896/2225
f 2362/3134/2358 2220/2881/2218 1578/1970/1575
f 1569/1960/1565 2362/3134/2358 1572/1962/1567
f 2362/3134/2358 1578/1970/1575 1572/1962/1567
f 2343/3139/2338 2357/3140/2353 2341/3141/2336
f 2357/3125/2353 2342/3124/2337 2341/3142/2336
f 2298/3014/2295 2356/3129/2354 2357/3140/2353
f 2343/3139/2338 2298/3014/2295 2357/3140/2353
f 2304/3018/2299 2298/3014/2295 2343/3139/2338
f 1541/1933/1538 2338/3143/2332 2339/3118/2335
f 2336/3144/2331 2338/3143/2332 1541/1933/1538
f 1540/1931/1536 2336/3144/2331 1541/1933/1538
f 2089/2668/2086 2306/3022/2303 2088/2666/2084
f 2306/3022/2303 2089/2668/2086 2093/2670/2088
f 2100/2680/2096 2296/3011/2292 2299/3013/2294
f 2102/2683/2098 2296/3011/2292 2100/2680/2096
f 2102/2683/2098 2275/2970/2270 2296/3011/2292
f 2284/3145/2280 2286/2997/2282 2273/2969/2269
f 2273/2969/2269 2283/3146/2279 2284/3145/2280
f 2273/2969/2269 2282/3147/2278 2283/3146/2279
f 2277/2976/2274 2282/3147/2278 2273/2969/2269
f 2271/3148/2267 2365/3149/2360 2279/2982/2276
f 2365/3150/2360 2265/3151/2262 2279/2979/2276
f 2279/2979/2276 2265/3151/2262 2262/2980/2258
f 2271/3148/2267 2279/2982/2276 2274/2977/2272
f 2268/3152/2265 2365/3149/2360 2270/3153/2266
f 2268/3154/2265 2265/3155/2262 2365/3156/2360
f 2270/3153/2266 2365/3149/2360 2271/3148/2267
f 2252/2930/2249 2167/2775/2163 2251/2928/2247
f 2251/2928/2247 2167/2775/2163 2239/2908/2236
f 2238/2907/2235 2247/2926/2243 2239/2908/2236
f 2233/3157/2230 2245/3158/2242 2242/2911/2238
f 2237/3159/2232 2245/3160/2242 2234/3161/2229
f 2237/3159/2232 2244/3003/2241 2245/3160/2242
f 2232/3162/2228 2245/3158/2242 2233/3157/2230
f 2234/3161/2229 2245/3160/2242 2232/3163/2228
f 2236/3004/2234 2244/3003/2241 2237/3159/2232
f 2233/3157/2230 2242/2911/2238 2240/2910/2231
f 2167/2775/2163 2169/2779/2165 2239/2908/2236
f 2220/2881/2218 2229/3137/2225 2221/2880/2217
f 2210/2864/2206 2226/2889/2222 2209/3164/2205
f 2207/2856/2204 1581/2848/1577 1580/2874/1576
f 2196/3165/2191 2193/3166/2190 2366/3167/2361
f 2196/3165/2191 2366/3167/2361 1595/1985/1590
f 1586/1977/1582 2196/3165/2191 1595/1985/1590
f 2195/2820/2192 2196/3165/2191 1586/1977/1582
f 2366/3167/2361 2193/3166/2190 1676/2102/1673
f 2366/3167/2361 1676/2102/1673 2367/3168/2362
f 2366/3167/2361 2367/3168/2362 1595/1985/1590
f 2367/3168/2362 1676/2102/1673 1674/2099/1671
f 2367/3168/2362 1674/2099/1671 1597/1988/1593
f 1595/1985/1590 2367/3168/2362 1597/1988/1593
f 2176/2787/2173 2178/2788/2174 2183/2794/2179
f 2181/2805/2176 1714/2155/1711 1709/2149/1705
f 2162/2769/2157 1714/2155/1711 2181/2805/2176
f 2169/2779/2165 2171/2780/2166 2173/2783/2169
f 2170/2781/2167 2161/2778/2158 2162/2793/2157
f 2106/2689/2103 2105/2690/2102 2167/2775/2163
f 1717/2161/1713 2155/2762/2152 1718/2162/1715
f 1721/3169/1716 1718/3170/1715 2155/2761/2152
f 2155/2761/2152 2153/2758/2150 1721/3169/1716
f 2153/2758/2150 2369/3171/2363 1721/3169/1716
f 2146/2742/2143 2368/3172/2364 2153/2758/2150
f 2153/2758/2150 2368/3172/2364 2369/3171/2363
f 1721/3169/1716 2369/3171/2363 2370/3173/2365
f 2369/3171/2363 1737/2183/1733 2370/3173/2365
f 2369/3171/2363 1746/2192/1742 1737/2183/1733
f 2368/3172/2364 1746/2192/1742 2369/3171/2363
f 2370/3173/2365 1732/2179/1729 1726/2172/1723
f 2370/3173/2365 1737/2183/1733 1732/2179/1729
f 1720/2173/1717 2370/3173/2365 1726/2172/1723
f 1721/3169/1716 2370/3173/2365 1720/2173/1717
f 2146/2742/2143 2147/2741/2142 2368/3172/2364
f 2368/3172/2364 1747/2193/1743 1746/2192/1742
f 2147/2741/2142 1747/2193/1743 2368/3172/2364
f 2152/2767/2148 2109/2692/2105 2150/3174/2146
f 2150/3174/2146 2110/2693/2106 2112/2695/2108
f 2150/3174/2146 2109/2692/2105 2110/2693/2106
f 2118/2701/2113 2148/2744/2145 2112/2702/2108
f 2147/2741/2142 1750/2195/1745 1747/2193/1743
f 2143/2736/2139 1750/2195/1745 2147/2741/2142
f 2143/2736/2139 1752/2198/1748 1750/2195/1745
f 1853/2325/1849 1850/2322/1846 2136/2729/2134
f 2135/2727/2132 2127/2714/2123 2126/2715/2124
f 2117/2703/2114 2127/2714/2123 2135/2727/2132
f 2130/2721/2127 2079/2654/2075 2076/2651/2072
f 2130/2721/2127 2082/2658/2079 2079/2654/2075
f 2081/2657/2078 2129/2717/2125 2097/2677/2094
f 2129/2717/2125 2125/2711/2121 2097/2677/2094
f 2119/2704/2115 2127/2714/2123 2117/2703/2114
f 2097/2677/2094 2125/2711/2121 2123/2709/2119
f 2097/2677/2094 2123/2709/2119 2096/2675/2092
f 2086/2664/2083 2081/2657/2078 2097/2677/2094
f 1977/2507/1974 1979/2509/1975 2083/2659/2080
f 2070/3175/2066 1854/2326/1850 2074/2732/2069
f 2074/2732/2069 1854/2326/1850 1853/2325/1849
f 2068/3176/2064 1856/2329/1853 2070/3175/2066
f 2070/3175/2066 1856/2329/1853 1854/2326/1850
f 1862/2334/1858 1859/2331/1855 2068/3176/2064
f 2068/2640/2064 1868/2343/1864 1862/2339/1858
f 2068/3176/2064 1859/2331/1855 1856/2329/1853
f 2063/2628/2059 1994/2526/1992 2061/2626/2058
f 1995/2524/1990 1994/2526/1992 2063/2628/2059
f 2016/2554/2013 2055/2615/2051 2057/2618/2054
f 2016/2554/2013 2054/2614/2050 2055/2615/2051
f 2016/2587/2013 2030/2586/2029 2054/2611/2050
f 2030/2586/2029 2032/2612/2031 2054/2611/2050
f 2015/2551/2011 2029/3177/2027 2031/2588/2028
f 2027/3178/2026 2029/3177/2027 2015/2551/2011
f 2015/2551/2011 2017/2553/2012 2027/3178/2026
f 2027/2579/2026 2017/2558/2012 2021/2567/2018
f 1868/2343/1864 2025/2635/2024 1866/2341/1862
f 1869/2346/1865 2024/2572/2021 1871/2347/1867
f 1867/3179/1863 2024/2572/2021 1869/2346/1865
f 1866/2570/1862 2024/2572/2021 1867/3179/1863
f 1998/2532/1993 2005/2539/2002 2012/2547/2010
f 2002/2535/1998 2007/2540/2003 2004/2537/2000
f 2371/3180/2366 1952/2476/1948 1997/2528/1994
f 1997/2528/1994 1973/2501/1970 2371/3180/2366
f 1997/2528/1994 1990/2530/1985 1973/2501/1970
f 1997/2528/1994 1952/2476/1948 1950/2475/1947
f 1953/2479/1951 2371/3180/2366 1961/2484/1956
f 1953/2479/1951 1952/2476/1948 2371/3180/2366
f 1973/2501/1970 2372/3181/2367 2371/3180/2366
f 1961/2484/1956 2371/3180/2366 2372/3181/2367
f 1973/2501/1970 1968/2495/1964 2372/3181/2367
f 1961/2484/1956 2372/3181/2367 1968/2495/1964
f 1973/2501/1970 1990/2530/1985 1974/2502/1971
f 1964/2492/1962 1966/2493/1963 1533/1924/1529
f 1533/1924/1529 1966/2493/1963 1535/1926/1531
f 1960/2490/1957 1964/2492/1962 1533/1924/1529
f 1959/3182/1955 1960/2490/1957 1532/1923/1528
f 1532/1923/1528 1960/2490/1957 1533/1924/1529
f 1958/3183/1954 1959/3182/1955 1532/1923/1528
f 2373/3184/2368 1958/3183/1954 1532/1923/1528
f 2374/3185/2369 1958/3183/1954 2373/3184/2368
f 1951/2477/1949 1958/2482/1954 2374/3186/2369
f 2374/3185/2369 2373/3184/2368 2375/3187/2370
f 1951/2477/1949 2374/3186/2369 2375/3188/2370
f 2375/3187/2370 2373/3184/2368 2376/3189/2371
f 2375/3187/2370 2376/3189/2371 2378/3190/2372
f 2377/3191/2373 1951/2477/1949 2375/3188/2370
f 2377/3191/2373 2375/3188/2370 2378/3192/2372
f 2379/3193/2374 2378/3192/2372 2376/3194/2371
f 2379/3193/2374 2377/3191/2373 2378/3192/2372
f 2380/3195/2375 2377/3191/2373 2379/3193/2374
f 1928/2440/1924 1927/2441/1925 2379/3196/2374
f 2379/3193/2374 1927/2442/1925 2380/3195/2375
f 2379/3193/2374 2376/3194/2371 2381/3197/2376
f 2381/3198/2376 1928/2440/1924 2379/3196/2374
f 2381/3197/2376 2382/3199/2377 2383/3200/2378
f 2384/3201/2379 2382/3199/2377 2381/3197/2376
f 2383/3202/2378 1928/2440/1924 2381/3198/2376
f 2381/3197/2376 2385/3203/2380 2384/3201/2379
f 2381/3197/2376 2376/3194/2371 2385/3203/2380
f 2373/3184/2368 2384/3204/2379 2385/3205/2380
f 2373/3184/2368 2385/3205/2380 2376/3189/2371
f 2373/3184/2368 2382/3206/2377 2384/3204/2379
f 2383/3200/2378 2382/3199/2377 2391/3207/2381
f 2383/3202/2378 2387/3208/2382 1928/2440/1924
f 2383/3200/2378 2386/3209/2383 2389/3210/2384
f 2383/3200/2378 2388/3211/2385 2386/3209/2383
f 2389/3212/2384 2387/3208/2382 2383/3202/2378
f 2390/3213/2386 2388/3211/2385 2383/3200/2378
f 2383/3200/2378 2391/3207/2381 2390/3213/2386
f 2373/3184/2368 2390/3214/2386 2391/3215/2381
f 2391/3215/2381 2382/3206/2377 2373/3184/2368
f 2373/3184/2368 2392/3216/2387 2390/3214/2386
f 2392/3216/2387 2388/3217/2385 2390/3214/2386
f 2392/3216/2387 2397/3218/2388 2393/3219/2389
f 2393/3219/2389 2394/3220/2390 2392/3216/2387
f 2392/3216/2387 2394/3220/2390 2395/3221/2391
f 1530/1921/1526 2392/3216/2387 2373/3184/2368
f 2395/3221/2391 2386/3222/2383 2392/3216/2387
f 2392/3216/2387 2386/3222/2383 2388/3217/2385
f 1529/1920/1525 2396/3223/2392 2392/3216/2387
f 1530/1921/1526 1529/1920/1525 2392/3216/2387
f 2392/3216/2387 2396/3223/2392 2397/3218/2388
f 2397/3218/2388 1921/2419/1913 2398/3224/2393
f 2398/3224/2393 2399/3225/2394 2397/3218/2388
f 2393/3219/2389 2397/3218/2388 2399/3225/2394
f 2397/3218/2388 2400/3226/2395 1921/2419/1913
f 2396/3223/2392 2400/3226/2395 2397/3218/2388
f 2401/3227/2396 1921/2419/1913 2400/3226/2395
f 2401/3227/2396 2400/3226/2395 2403/3228/2397
f 2396/3223/2392 2402/3229/2398 2400/3226/2395
f 2403/3228/2397 2400/3226/2395 2402/3229/2398
f 2403/3228/2397 2404/3230/2399 2405/3231/2400
f 1510/1903/1508 2404/3230/2399 2403/3228/2397
f 2403/3228/2397 2405/3231/2400 2401/3227/2396
f 2403/3228/2397 2402/3229/2398 1510/1903/1508
f 2404/3230/2399 2406/3232/2401 2405/3231/2400
f 2408/3233/2402 2405/3231/2400 2406/3232/2401
f 2401/3227/2396 2405/3231/2400 2407/3234/2403
f 2407/3234/2403 2405/3231/2400 2408/3233/2402
f 2410/3235/2404 2407/3234/2403 2408/3233/2402
f 1496/1887/1492 2408/3233/2402 2409/3236/2405
f 2408/3233/2402 2406/3232/2401 2409/3236/2405
f 2410/3235/2404 2408/3233/2402 1496/1887/1492
f 2411/3237/2406 2410/3235/2404 1494/1884/1489
f 2411/3237/2406 2412/3238/2407 2410/3235/2404
f 2412/3238/2407 2407/3234/2403 2410/3235/2404
f 1494/1884/1489 2410/3235/2404 1496/1887/1492
f 2413/3239/2408 2412/3238/2407 2415/3240/2409
f 2417/3241/2410 2412/3238/2407 2413/3239/2408
f 2414/3242/2411 2412/3238/2407 2416/3243/2412
f 2414/3242/2411 2415/3240/2409 2412/3238/2407
f 2416/3243/2412 2412/3238/2407 2411/3237/2406
f 2417/3241/2410 2407/3234/2403 2412/3238/2407
f 2413/3239/2408 1916/2418/1912 2417/3241/2410
f 2417/3241/2410 1921/2419/1913 2401/3227/2396
f 2417/3241/2410 1916/2418/1912 1921/2419/1913
f 2401/3227/2396 2407/3234/2403 2417/3241/2410
f 2419/3244/2413 2414/3242/2411 2416/3243/2412
f 2411/3237/2406 2418/3245/2414 2416/3243/2412
f 2420/3246/2415 2416/3243/2412 2418/3245/2414
f 2419/3244/2413 2416/3243/2412 2420/3246/2415
f 2421/3247/2416 2420/3246/2415 1488/1874/1479
f 2421/3247/2416 2423/3248/2417 2420/3246/2415
f 2420/3246/2415 2418/3245/2414 2422/3249/2418
f 2420/3246/2415 2422/3249/2418 2425/3250/2419
f 2420/3246/2415 2423/3248/2417 2424/3251/2420
f 2420/3246/2415 2424/3251/2420 2419/3244/2413
f 1488/1874/1479 2420/3246/2415 2425/3250/2419
f 1488/1874/1479 2425/3250/2419 1492/1883/1488
f 2425/3250/2419 2411/3237/2406 1492/1883/1488
f 2425/3250/2419 2422/3249/2418 2411/3237/2406
f 2423/3248/2417 2429/3252/2421 2424/3251/2420
f 2419/3244/2413 2424/3251/2420 2426/3253/2422
f 2424/3251/2420 2427/3254/2423 2426/3253/2422
f 2424/3251/2420 2428/3255/2424 2427/3254/2423
f 2429/3252/2421 2428/3255/2424 2424/3251/2420
f 2429/3256/2421 2431/3257/2425 2430/3258/2426
f 2430/3258/2426 2428/3259/2424 2429/3256/2421
f 2423/3248/2417 2431/3260/2425 2429/3252/2421
f 2421/3247/2416 2431/3260/2425 2423/3248/2417
f 2421/3247/2416 2432/3261/2427 2431/3260/2425
f 2430/3258/2426 2431/3257/2425 2432/3262/2427
f 2433/3263/2428 2432/3261/2427 2421/3247/2416
f 2433/3263/2428 2434/3264/2429 2432/3261/2427
f 2430/3258/2426 2432/3262/2427 2434/3265/2429
f 2430/3258/2426 2434/3265/2429 2436/3266/2430
f 2435/3267/2431 2434/3264/2429 2433/3263/2428
f 2436/3266/2430 2434/3265/2429 2435/3268/2431
f 2436/3269/2430 2437/3270/2432 2430/3271/2426
f 2438/3272/2433 2437/3270/2432 2436/3269/2430
f 2436/3266/2430 2439/3273/2434 2438/3274/2433
f 2436/3266/2430 2435/3268/2431 2439/3273/2434
f 2440/3275/2435 2439/3276/2434 2441/3277/2436
f 2438/3274/2433 2439/3273/2434 2440/3278/2435
f 2441/3277/2436 2439/3276/2434 2435/3267/2431
f 2442/3279/2437 2441/3277/2436 1482/1873/1478
f 2444/3280/2438 2441/3277/2436 2442/3279/2437
f 2443/3281/2439 2440/3275/2435 2441/3277/2436
f 2443/3281/2439 2441/3277/2436 2444/3280/2438
f 2441/3277/2436 2435/3267/2431 2433/3263/2428
f 1488/1874/1479 2441/3277/2436 2433/3263/2428
f 1488/1874/1479 1482/1873/1478 2441/3277/2436
f 2443/3282/2439 2444/3283/2438 2438/3274/2433
f 2438/3274/2433 2444/3283/2438 2445/3284/2440
f 2442/3279/2437 2445/3285/2440 2444/3280/2438
f 2438/3274/2433 2445/3284/2440 2447/3286/2441
f 2442/3279/2437 2446/3287/2442 2445/3285/2440
f 2447/3286/2441 2445/3284/2440 2446/3288/2442
f 2447/3289/2441 2448/3290/2443 2438/3272/2433
f 2447/3291/2441 2449/3292/2444 2448/3293/2443
f 2447/3286/2441 2446/3288/2442 2449/3294/2444
f 2449/3295/2444 2442/3279/2437 2450/3296/2445
f 2448/3293/2443 2449/3292/2444 2450/3297/2445
f 2449/3295/2444 2446/3287/2442 2442/3279/2437
f 2450/3296/2445 2451/3298/2446 2452/3299/2447
f 2450/3296/2445 2442/3279/2437 2451/3298/2446
f 2448/3293/2443 2450/3297/2445 2452/3300/2447
f 2455/3301/2448 2453/3302/2449 2452/3299/2447
f 2453/3303/2449 2437/3304/2432 2452/3300/2447
f 2452/3300/2447 2437/3304/2432 2448/3293/2443
f 2452/3299/2447 2454/3305/2450 2455/3301/2448
f 2452/3299/2447 2451/3298/2446 2454/3305/2450
f 2455/3301/2448 2456/3306/2451 2453/3302/2449
f 2457/3307/2452 2456/3306/2451 2455/3301/2448
f 2455/3301/2448 2458/3308/2453 2457/3307/2452
f 2459/3309/2454 2458/3308/2453 2455/3301/2448
f 2455/3301/2448 2454/3305/2450 2459/3309/2454
f 2460/3310/2455 2461/3311/2456 2459/3309/2454
f 2454/3305/2450 2460/3310/2455 2459/3309/2454
f 2459/3309/2454 2461/3311/2456 2458/3308/2453
f 2461/3311/2456 2462/3312/2457 2463/3313/2458
f 2461/3311/2456 2469/3314/2459 2462/3312/2457
f 2463/3315/2458 2468/3316/2460 2461/3317/2456
f 2461/3311/2456 2466/3318/2461 2458/3308/2453
f 2461/3317/2456 2467/3319/2462 2464/3320/2463
f 2464/3320/2463 2465/3321/2464 2461/3317/2456
f 2461/3311/2456 2465/3322/2464 2466/3318/2461
f 2461/3317/2456 2468/3316/2460 2467/3319/2462
f 2460/3310/2455 2469/3314/2459 2461/3311/2456
f 2469/3314/2459 2470/3323/2465 2472/3324/2466
f 2471/3325/2467 2470/3323/2465 2469/3314/2459
f 2460/3310/2455 2471/3325/2467 2469/3314/2459
f 2469/3314/2459 2472/3324/2466 2462/3312/2457
f 2472/3324/2466 2470/3323/2465 2473/3326/2468
f 2472/3324/2466 2473/3326/2468 2474/3327/2469
f 2462/3312/2457 2472/3324/2466 2474/3327/2469
f 2462/3312/2457 2474/3327/2469 2463/3313/2458
f 2463/3315/2458 2474/3328/2469 2475/3329/2470
f 2474/3328/2469 2476/3330/2471 2475/3329/2470
f 2474/3327/2469 2473/3326/2468 2476/3331/2471
f 1370/1761/1366 2476/3331/2471 2473/3326/2468
f 2482/3332/2472 2476/3330/2471 1370/3333/1366
f 2476/3330/2471 2477/3334/2473 2481/3335/2474
f 2478/3336/2475 2477/3334/2473 2476/3330/2471
f 2476/3330/2471 2481/3335/2474 2475/3329/2470
f 2476/3330/2471 2479/3337/2476 2478/3336/2475
f 2476/3330/2471 2480/3338/2472 2479/3337/2476
f 2482/3332/2472 2480/3338/2472 2476/3330/2471
f 1369/3339/1365 2480/3338/2472 2482/3332/2472
f 1369/3339/1365 2482/3332/2472 1370/3333/1366
f 2468/3316/2460 2475/3329/2470 2481/3335/2474
f 2468/3316/2460 2481/3335/2474 2483/3340/2477
f 2477/3334/2473 2483/3340/2477 2481/3335/2474
f 2468/3316/2460 2483/3340/2477 2467/3319/2462
f 2467/3319/2462 2483/3340/2477 2484/3341/2478
f 2485/3342/2479 2484/3341/2478 2483/3340/2477
f 2485/3342/2479 2483/3340/2477 2477/3334/2473
f 2486/3343/2480 2484/3341/2478 2485/3342/2479
f 2478/3336/2475 2485/3342/2479 2477/3334/2473
f 2486/3343/2480 2485/3342/2479 2478/3336/2475
f 2486/3343/2480 2487/3344/2481 2488/3345/2482
f 2492/3346/2483 2487/3344/2481 2486/3343/2480
f 2486/3343/2480 2488/3345/2482 2489/3347/2484
f 2489/3347/2484 2490/3348/2485 2486/3343/2480
f 2486/3343/2480 2490/3348/2485 2484/3341/2478
f 2491/3349/2486 2486/3343/2480 2478/3336/2475
f 2492/3346/2483 2486/3343/2480 2491/3349/2486
f 2491/3349/2486 2493/3350/2487 2492/3346/2483
f 2492/3346/2483 2493/3350/2487 2487/3344/2481
f 2494/3351/2488 2496/3352/2489 2493/3353/2487
f 2493/3353/2487 2495/3354/2490 2494/3351/2488
f 2491/3349/2486 2495/3355/2490 2493/3350/2487
f 2487/3344/2481 2493/3350/2487 2496/3356/2489
f 2497/3357/2491 2496/3356/2489 2499/3358/2492
f 2488/3345/2482 2496/3356/2489 2497/3357/2491
f 2494/3351/2488 2498/3359/2493 2496/3352/2489
f 2487/3344/2481 2496/3356/2489 2488/3345/2482
f 2499/3358/2492 2496/3356/2489 2498/3360/2493
f 2499/3358/2492 2498/3360/2493 2500/3361/2494
f 2500/3361/2494 2501/3362/2495 2499/3358/2492
f 2499/3358/2492 2501/3362/2495 2497/3357/2491
f 2501/3362/2495 2484/3341/2478 2490/3348/2485
f 2467/3319/2462 2484/3341/2478 2501/3362/2495
f 2502/3363/2496 2503/3364/2497 2501/3362/2495
f 2502/3363/2496 2501/3362/2495 2500/3361/2494
f 2501/3362/2495 2490/3348/2485 2489/3347/2484
f 2497/3357/2491 2501/3362/2495 2489/3347/2484
f 2501/3362/2495 2504/3365/2498 2467/3319/2462
f 2501/3362/2495 2503/3364/2497 2504/3365/2498
f 2467/3319/2462 2504/3365/2498 2507/3366/2499
f 2506/3367/2500 2504/3365/2498 2503/3364/2497
f 2505/3368/2501 2504/3365/2498 2506/3367/2500
f 2505/3368/2501 2507/3366/2499 2504/3365/2498
f 2508/3369/2502 2464/3320/2463 2507/3366/2499
f 2467/3319/2462 2507/3366/2499 2464/3320/2463
f 2508/3369/2502 2507/3366/2499 2505/3368/2501
f 2508/3370/2502 2505/3371/2501 2437/3304/2432
f 2510/3372/2503 2464/3320/2463 2508/3369/2502
f 2509/3373/2504 2508/3370/2502 2437/3304/2432
f 2510/3374/2503 2508/3370/2502 2509/3373/2504
f 2510/3372/2503 2465/3321/2464 2464/3320/2463
f 2509/3375/2504 2465/3322/2464 2510/3376/2503
f 2457/3307/2452 2509/3375/2504 2511/3377/2505
f 2457/3307/2452 2458/3308/2453 2509/3375/2504
f 2509/3375/2504 2466/3318/2461 2465/3322/2464
f 2458/3308/2453 2466/3318/2461 2509/3375/2504
f 2509/3373/2504 2437/3304/2432 2511/3378/2505
f 2511/3377/2505 2512/3379/2506 2457/3307/2452
f 2511/3378/2505 2437/3304/2432 2512/3380/2506
f 2437/3304/2432 2456/3381/2451 2512/3380/2506
f 2456/3306/2451 2457/3307/2452 2512/3379/2506
f 2437/3304/2432 2505/3371/2501 2506/3382/2500
f 2513/3383/2507 2437/3304/2432 2506/3382/2500
f 2506/3367/2500 2514/3384/2508 2513/3385/2507
f 2506/3367/2500 2503/3364/2497 2514/3384/2508
f 2516/3386/2509 2513/3385/2507 2514/3384/2508
f 2498/3360/2493 2514/3384/2508 2515/3387/2510
f 2516/3386/2509 2514/3384/2508 2498/3360/2493
f 2514/3384/2508 2503/3364/2497 2515/3387/2510
f 2517/3388/2511 2518/3389/2512 2516/3386/2509
f 2517/3388/2511 2516/3386/2509 2519/3390/2513
f 2518/3389/2512 2513/3385/2507 2516/3386/2509
f 2516/3391/2509 2498/3359/2493 2494/3351/2488
f 2519/3390/2513 2516/3386/2509 2494/3392/2488
f 2519/3390/2513 2494/3392/2488 2520/3393/2514
f 2521/3394/2515 2519/3390/2513 2520/3393/2514
f 2517/3388/2511 2519/3390/2513 2521/3394/2515
f 2522/3395/2516 2521/3394/2515 2520/3393/2514
f 2526/3396/2517 2521/3394/2515 2522/3395/2516
f 2521/3394/2515 2523/3397/2518 2525/3398/2519
f 2526/3396/2517 2523/3397/2518 2521/3394/2515
f 2524/3399/2520 2521/3394/2515 2525/3398/2519
f 2524/3399/2520 2517/3388/2511 2521/3394/2515
f 2522/3395/2516 2529/3400/2521 2526/3396/2517
f 2527/3401/2522 2523/3397/2518 2526/3396/2517
f 2526/3396/2517 2528/3402/2523 2527/3401/2522
f 2526/3396/2517 2529/3400/2521 2528/3402/2523
f 2530/3403/2524 2529/3400/2521 2531/3404/2525
f 2530/3403/2524 2533/3405/2526 2529/3400/2521
f 2531/3404/2525 2529/3400/2521 2522/3395/2516
f 2532/3406/2527 2528/3402/2523 2529/3400/2521
f 2529/3400/2521 2533/3405/2526 2532/3406/2527
f 2534/3407/2528 2533/3405/2526 2530/3403/2524
f 2532/3406/2527 2533/3405/2526 2534/3407/2528
f 2535/3408/2529 2532/3406/2527 2534/3407/2528
f 2494/3392/2488 2534/3407/2528 2530/3403/2524
f 2495/3355/2490 2534/3407/2528 2494/3392/2488
f 2495/3355/2490 2535/3408/2529 2534/3407/2528
f 2536/3409/2530 2535/3408/2529 2495/3355/2490
f 2536/3409/2530 2532/3406/2527 2535/3408/2529
f 2495/3355/2490 2537/3410/2531 2536/3409/2530
f 2537/3410/2531 2538/3411/2532 2536/3409/2530
f 2536/3409/2530 2538/3411/2532 2532/3406/2527
f 2538/3411/2532 2540/3412/2533 2532/3406/2527
f 2541/3413/2534 2539/3414/2535 2538/3411/2532
f 2540/3412/2533 2538/3411/2532 2539/3414/2535
f 2541/3413/2534 2538/3411/2532 2537/3410/2531
f 2541/3413/2534 2537/3410/2531 2543/3415/2536
f 2542/3416/2537 2539/3414/2535 2541/3413/2534
f 2544/3417/2538 2542/3416/2537 2541/3413/2534
f 2543/3415/2536 2544/3417/2538 2541/3413/2534
f 2545/3418/2539 2546/3419/2540 2544/3417/2538
f 2543/3415/2536 2545/3418/2539 2544/3417/2538
f 2544/3417/2538 2546/3419/2540 2542/3416/2537
f 2547/3420/2541 2546/3421/2540 2545/3422/2539
f 2542/3423/2537 2546/3421/2540 2547/3420/2541
f 2547/3420/2541 2548/3424/2542 2549/3425/2543
f 2547/3420/2541 2555/3426/2544 2548/3424/2542
f 2552/3427/2545 2547/3420/2541 2549/3425/2543
f 2547/3420/2541 2550/3428/2546 2551/3429/2547
f 2554/3430/2548 2550/3428/2546 2547/3420/2541
f 2547/3420/2541 2551/3429/2547 2553/3431/2549
f 2554/3430/2548 2547/3420/2541 2552/3427/2545
f 2553/3431/2549 2556/3432/2550 2547/3420/2541
f 2547/3420/2541 2545/3422/2539 2555/3426/2544
f 2547/3420/2541 2556/3432/2550 2557/3433/2551
f 2547/3420/2541 2557/3433/2551 2542/3423/2537
f 2557/3434/2551 2558/3435/2552 2539/3414/2535
f 2556/3436/2550 2558/3435/2552 2557/3434/2551
f 2557/3434/2551 2539/3414/2535 2542/3416/2537
f 2551/3437/2547 2560/3438/2553 2558/3435/2552
f 2551/3437/2547 2558/3435/2552 2553/3439/2549
f 2553/3439/2549 2558/3435/2552 2556/3436/2550
f 2558/3435/2552 2559/3440/2554 2539/3414/2535
f 2558/3435/2552 2560/3438/2553 2559/3440/2554
f 2561/3441/2555 2560/3438/2553 2562/3442/2556
f 2561/3441/2555 2559/3440/2554 2560/3438/2553
f 2551/3437/2547 2562/3442/2556 2560/3438/2553
f 2561/3441/2555 2562/3442/2556 2564/3443/2557
f 2563/3444/2558 2562/3445/2556 2551/3429/2547
f 2564/3446/2557 2562/3445/2556 2563/3444/2558
f 2564/3446/2557 2563/3444/2558 2566/3447/2559
f 2564/3443/2557 2567/3448/2560 2565/3449/2561
f 2564/3443/2557 2565/3449/2561 2561/3441/2555
f 2566/3447/2559 2567/3450/2560 2564/3446/2557
f 2566/3447/2559 2571/3451/2562 2567/3450/2560
f 2569/3452/2563 2568/3453/2564 2567/3450/2560
f 2568/3453/2564 2565/3454/2561 2567/3450/2560
f 2569/3452/2563 2567/3450/2560 2570/3455/2565
f 2570/3455/2565 2567/3450/2560 2571/3451/2562
f 2572/3456/2566 2571/3451/2562 2566/3447/2559
f 2570/3455/2565 2571/3451/2562 2573/3457/2567
f 2572/3456/2566 2573/3457/2567 2571/3451/2562
f 2574/3458/2568 2573/3457/2567 2572/3456/2566
f 2574/3458/2568 2570/3455/2565 2573/3457/2567
f 2574/3458/2568 2572/3456/2566 2575/3459/2569
f 2575/3459/2569 2578/3460/2570 2574/3458/2568
f 2576/3461/2571 2577/3462/2572 2574/3458/2568
f 2574/3458/2568 2578/3460/2570 2576/3461/2571
f 2574/3458/2568 2577/3462/2572 2570/3455/2565
f 2579/3463/2573 2578/3460/2570 2582/3464/2574
f 2580/3465/2575 2578/3460/2570 2579/3463/2573
f 2578/3460/2570 2580/3465/2575 2581/3466/2576
f 2578/3460/2570 2581/3466/2576 2576/3461/2571
f 2575/3459/2569 2582/3464/2574 2578/3460/2570
f 2583/3467/2577 2582/3464/2574 2575/3459/2569
f 2584/3468/2578 2582/3464/2574 2583/3467/2577
f 2579/3463/2573 2582/3464/2574 2584/3468/2578
f 2584/3468/2578 2583/3467/2577 2585/3469/2579
f 2585/3470/2579 2586/3471/2580 2584/3472/2578
f 2584/3472/2578 2586/3471/2580 2587/3473/2581
f 2584/3474/2578 2587/3475/2581 2579/3476/2573
f 2579/3476/2573 2587/3475/2581 2588/3477/2582
f 2588/3478/2582 2587/3479/2581 2589/3480/2583
f 2589/3480/2583 2587/3479/2581 2590/3481/2584
f 2587/3479/2581 2586/3482/2580 2590/3481/2584
f 2589/3480/2583 2590/3481/2584 2593/3483/2585
f 2595/3484/2586 2590/3481/2584 2591/3485/2587
f 2590/3481/2584 2592/3486/2588 2591/3485/2587
f 2590/3481/2584 2586/3482/2580 2592/3486/2588
f 2593/3483/2585 2590/3481/2584 2594/3487/2589
f 2594/3487/2589 2590/3481/2584 2595/3484/2586
f 2595/3488/2586 2598/3489/2590 2596/3490/2591
f 2596/3490/2591 2594/3491/2589 2595/3488/2586
f 2595/3484/2586 2591/3485/2587 2597/3492/2592
f 2597/3492/2592 2598/3493/2590 2595/3484/2586
f 2596/3490/2591 2598/3489/2590 2599/3494/2593
f 2597/3492/2592 2599/3495/2593 2598/3493/2590
f 2596/3490/2591 2599/3494/2593 2600/3496/2594
f 2600/3497/2594 2599/3495/2593 2597/3492/2592
f 2601/3498/2595 2602/3499/2596 2600/3497/2594
f 2597/3492/2592 2601/3498/2595 2600/3497/2594
f 2603/3500/2597 2600/3496/2594 2602/3501/2596
f 2596/3490/2591 2600/3496/2594 2603/3500/2597
f 2603/3500/2597 2602/3501/2596 2604/3502/2598
f 2604/3502/2598 2605/3503/2599 2603/3500/2597
f 2603/3500/2597 2605/3503/2599 2606/3504/2600
f 2603/3500/2597 2606/3504/2600 2609/3505/2601
f 2607/3506/2602 2596/3490/2591 2603/3500/2597
f 2607/3506/2602 2603/3500/2597 2608/3507/2603
f 2603/3500/2597 2609/3505/2601 2608/3507/2603
f 2608/3507/2603 2609/3505/2601 2610/3508/2604
f 2609/3505/2601 2611/3509/2605 2610/3508/2604
f 2609/3505/2601 2612/3510/2606 2611/3509/2605
f 2609/3505/2601 2606/3504/2600 2613/3511/2607
f 2613/3511/2607 2612/3510/2606 2609/3505/2601
f 2614/3512/2608 2612/3510/2606 2613/3511/2607
f 2615/3513/2609 2614/3512/2608 2613/3511/2607
f 2613/3511/2607 2606/3504/2600 2615/3513/2609
f 2616/3514/2610 2615/3513/2609 2617/3515/2611
f 2618/3516/2612 2615/3513/2609 2616/3514/2610
f 2615/3513/2609 2605/3503/2599 2617/3515/2611
f 2618/3516/2612 2614/3512/2608 2615/3513/2609
f 2615/3513/2609 2606/3504/2600 2605/3503/2599
f 2618/3516/2612 2616/3514/2610 2620/3517/2613
f 2618/3516/2612 2619/3518/2614 2614/3512/2608
f 2619/3518/2614 2618/3516/2612 2620/3517/2613
f 2620/3517/2613 2616/3514/2610 2621/3519/2615
f 2622/3520/2616 2619/3518/2614 2620/3517/2613
f 2622/3520/2616 2620/3517/2613 2621/3519/2615
f 2621/3521/2615 2623/3522/2617 2622/3523/2616
f 2623/3522/2617 2624/3524/2618 2622/3523/2616
f 2624/3525/2618 2619/3518/2614 2622/3520/2616
f 2623/3522/2617 2625/3526/2619 2624/3524/2618
f 2625/3527/2619 2626/3528/2620 2624/3525/2618
f 2624/3525/2618 2626/3528/2620 2619/3518/2614
f 2626/3528/2620 2627/3529/2621 2619/3518/2614
f 2626/3528/2620 2628/3530/2622 2627/3529/2621
f 2626/3528/2620 2629/3531/2623 2628/3530/2622
f 2625/3527/2619 2629/3531/2623 2626/3528/2620
f 2630/3532/2624 2629/3533/2623 2625/3526/2619
f 2628/3534/2622 2629/3533/2623 2630/3532/2624
f 2630/3532/2624 2631/3535/2625 2634/3536/2626
f 2635/3537/2627 2631/3535/2625 2630/3532/2624
f 2632/3538/2628 2630/3532/2624 2623/3522/2617
f 2632/3538/2628 2633/3539/2629 2630/3532/2624
f 2633/3539/2629 2635/3537/2627 2630/3532/2624
f 2630/3532/2624 2634/3536/2626 2628/3534/2622
f 2630/3532/2624 2625/3526/2619 2623/3522/2617
f 2638/3540/2630 2636/3541/2631 2635/3537/2627
f 2636/3541/2631 2637/3542/2632 2635/3537/2627
f 2635/3537/2627 2637/3542/2632 2631/3535/2625
f 2638/3540/2630 2635/3537/2627 2633/3539/2629
f 2639/3543/2633 2638/3540/2630 2641/3544/2634
f 2639/3543/2633 2640/3545/2635 2638/3540/2630
f 2641/3544/2634 2638/3540/2630 2633/3539/2629
f 2640/3545/2635 2636/3541/2631 2638/3540/2630
f 2642/3546/2636 2641/3544/2634 2633/3539/2629
f 2643/3547/2637 2641/3548/2634 2642/3549/2636
f 2643/3547/2637 2644/3550/2638 2641/3548/2634
f 2639/3551/2633 2641/3548/2634 2644/3550/2638
f 2644/3550/2638 2645/3552/2639 2646/3553/2640
f 2645/3552/2639 2644/3550/2638 2647/3554/2641
f 2644/3550/2638 2646/3553/2640 2648/3555/2642
f 2647/3554/2641 2644/3550/2638 2643/3547/2637
f 2648/3555/2642 2639/3551/2633 2644/3550/2638
f 2649/3556/2643 2648/3555/2642 2650/3557/2644
f 2649/3556/2643 2651/3558/2645 2648/3555/2642
f 2651/3558/2645 2639/3551/2633 2648/3555/2642
f 2650/3557/2644 2648/3555/2642 2646/3553/2640
f 2656/3559/2646 2651/3558/2645 2649/3556/2643
f 2651/3558/2645 2652/3560/2647 2639/3551/2633
f 2653/3561/2648 2652/3560/2647 2651/3558/2645
f 2651/3558/2645 2654/3562/2649 2653/3561/2648
f 2651/3558/2645 2655/3563/2650 2654/3562/2649
f 2656/3559/2646 2655/3563/2650 2651/3558/2645
f 2657/3564/2651 2656/3559/2646 2658/3565/2652
f 2657/3564/2651 2655/3563/2650 2656/3559/2646
f 2658/3565/2652 2656/3559/2646 2649/3556/2643
f 2659/3566/2653 2658/3565/2652 2661/3567/2654
f 2659/3566/2653 2660/3568/2655 2658/3565/2652
f 2660/3568/2655 2657/3564/2651 2658/3565/2652
f 2661/3567/2654 2658/3565/2652 2662/3569/2656
f 2658/3565/2652 2650/3557/2644 2662/3569/2656
f 2658/3565/2652 2649/3556/2643 2650/3557/2644
f 2661/3567/2654 2662/3569/2656 2647/3554/2641
f 2645/3552/2639 2647/3554/2641 2662/3569/2656
f 2662/3569/2656 2646/3553/2640 2645/3552/2639
f 2662/3569/2656 2650/3557/2644 2646/3553/2640
f 2659/3566/2653 2661/3567/2654 2663/3570/2657
f 2661/3567/2654 2664/3571/2658 2663/3570/2657
f 2647/3554/2641 2664/3571/2658 2661/3567/2654
f 2663/3570/2657 2664/3571/2658 2665/3572/2659
f 2665/3572/2659 2664/3571/2658 2666/3573/2660
f 2667/3574/2661 2666/3573/2660 2664/3571/2658
f 2647/3554/2641 2667/3574/2661 2664/3571/2658
f 2668/3575/2662 2670/3576/2663 2667/3574/2661
f 2667/3574/2661 2669/3577/2664 2668/3575/2662
f 2673/3578/2665 2669/3577/2664 2667/3574/2661
f 2667/3574/2661 2670/3576/2663 2666/3573/2660
f 2671/3579/2666 2667/3574/2661 2647/3554/2641
f 2667/3574/2661 2671/3579/2666 2672/3580/2667
f 2667/3574/2661 2672/3580/2667 2673/3578/2665
f 2673/3578/2665 2674/3581/2668 2675/3582/2669
f 2673/3578/2665 2672/3580/2667 2674/3581/2668
f 2673/3578/2665 2675/3582/2669 2677/3583/2670
f 2676/3584/2671 2669/3577/2664 2673/3578/2665
f 2673/3578/2665 2677/3583/2670 2676/3584/2671
f 2676/3584/2671 2677/3583/2670 2678/3585/2672
f 2677/3583/2670 2675/3582/2669 2679/3586/2673
f 2677/3583/2670 2679/3586/2673 2678/3585/2672
f 2679/3586/2673 2680/3587/2674 2681/3588/2675
f 2679/3586/2673 2682/3589/2676 2680/3587/2674
f 2678/3585/2672 2679/3586/2673 2681/3588/2675
f 2675/3582/2669 2682/3589/2676 2679/3586/2673
f 2682/3589/2676 2683/3590/2677 2684/3591/2678
f 2675/3582/2669 2683/3590/2677 2682/3589/2676
f 2682/3589/2676 2684/3591/2678 2680/3587/2674
f 2685/3592/2679 2680/3587/2674 2684/3591/2678
f 2684/3591/2678 2689/3593/2680 2685/3592/2679
f 2684/3591/2678 2686/3594/2681 2689/3593/2680
f 2688/3595/2682 2686/3594/2681 2684/3591/2678
f 2684/3591/2678 2687/3596/2683 2688/3595/2682
f 2684/3591/2678 2683/3590/2677 2687/3596/2683
f 2685/3592/2679 2689/3593/2680 2690/3597/2684
f 2691/3598/2685 2690/3597/2684 2689/3593/2680
f 2691/3598/2685 2689/3593/2680 2692/3599/2686
f 2692/3599/2686 2689/3593/2680 2686/3594/2681
f 2693/3600/2687 2692/3599/2686 2694/3601/2688
f 2693/3600/2687 2691/3598/2685 2692/3599/2686
f 2694/3601/2688 2692/3599/2686 2695/3602/2689
f 2692/3599/2686 2686/3594/2681 2695/3602/2689
f 2695/3602/2689 2688/3595/2682 2687/3596/2683
f 2695/3602/2689 2687/3596/2683 2696/3603/2690
f 2697/3604/2691 2695/3602/2689 2696/3603/2690
f 2695/3602/2689 2686/3594/2681 2688/3595/2682
f 2694/3601/2688 2695/3602/2689 2697/3604/2691
f 2697/3604/2691 2698/3605/2692 2702/3606/2693
f 2697/3604/2691 2700/3607/2694 2698/3605/2692
f 2697/3604/2691 2699/3608/2695 2694/3601/2688
f 2697/3604/2691 2701/3609/2696 2699/3608/2695
f 2703/3610/2697 2700/3607/2694 2697/3604/2691
f 2702/3606/2693 2701/3609/2696 2697/3604/2691
f 2697/3604/2691 2696/3603/2690 2703/3610/2697
f 2683/3590/2677 2700/3607/2694 2703/3610/2697
f 2683/3590/2677 2703/3610/2697 2696/3603/2690
f 2702/3606/2693 2698/3605/2692 2704/3611/2698
f 2702/3606/2693 2642/3549/2636 2701/3609/2696
f 2643/3547/2637 2642/3549/2636 2702/3606/2693
f 2702/3606/2693 2704/3611/2698 2643/3547/2637
f 2672/3580/2667 2704/3611/2698 2698/3605/2692
f 2705/3612/2699 2704/3611/2698 2672/3580/2667
f 2643/3547/2637 2704/3611/2698 2705/3612/2699
f 2643/3547/2637 2705/3612/2699 2671/3579/2666
f 2672/3580/2667 2671/3579/2666 2705/3612/2699
f 2701/3613/2696 2706/3614/2700 2699/3615/2695
f 2642/3546/2636 2632/3538/2628 2701/3613/2696
f 2701/3613/2696 2632/3538/2628 2706/3614/2700
f 2706/3614/2700 2707/3616/2701 2708/3617/2702
f 2706/3614/2700 2623/3522/2617 2707/3616/2701
f 2699/3615/2695 2706/3614/2700 2708/3617/2702
f 2632/3538/2628 2623/3522/2617 2706/3614/2700
f 2708/3617/2702 2710/3618/2703 2709/3619/2704
f 2709/3619/2704 2712/3620/2705 2708/3617/2702
f 2708/3617/2702 2707/3616/2701 2710/3618/2703
f 2699/3615/2695 2708/3617/2702 2711/3621/2706
f 2711/3621/2706 2708/3617/2702 2712/3620/2705
f 2713/3622/2707 2712/3620/2705 2714/3623/2708
f 2713/3622/2707 2711/3621/2706 2712/3620/2705
f 2714/3623/2708 2712/3620/2705 2709/3619/2704
f 2713/3624/2707 2714/3625/2708 2715/3626/2709
f 2715/3626/2709 2714/3625/2708 2716/3627/2710
f 2714/3623/2708 2709/3619/2704 2716/3628/2710
f 2715/3626/2709 2716/3627/2710 2555/3629/2544
f 2716/3628/2710 2717/3630/2711 2555/3426/2544
f 2716/3628/2710 2709/3619/2704 2717/3630/2711
f 2718/3631/2712 2723/3632/2713 2717/3630/2711
f 2718/3631/2712 2717/3630/2711 2719/3633/2714
f 2709/3619/2704 2710/3618/2703 2717/3630/2711
f 2710/3618/2703 2721/3634/2715 2717/3630/2711
f 2719/3633/2714 2717/3630/2711 2720/3635/2716
f 2717/3630/2711 2722/3636/2717 2720/3635/2716
f 2717/3630/2711 2724/3637/2718 2548/3424/2542
f 2548/3424/2542 2555/3426/2544 2717/3630/2711
f 2717/3630/2711 2721/3634/2715 2722/3636/2717
f 2717/3630/2711 2723/3632/2713 2724/3637/2718
f 2725/3638/2719 2724/3637/2718 2726/3639/2720
f 2724/3637/2718 2725/3638/2719 2548/3424/2542
f 2726/3640/2720 2724/3641/2718 2723/3642/2713
f 2601/3643/2595 2726/3640/2720 2720/3644/2716
f 2591/3485/2587 2726/3639/2720 2601/3498/2595
f 2726/3640/2720 2718/3645/2712 2719/3646/2714
f 2723/3642/2713 2718/3645/2712 2726/3640/2720
f 2726/3640/2720 2719/3646/2714 2720/3644/2716
f 2591/3485/2587 2725/3638/2719 2726/3639/2720
f 2548/3424/2542 2725/3638/2719 2727/3647/2721
f 2727/3647/2721 2725/3638/2719 2591/3485/2587
f 2549/3648/2543 2727/3649/2721 2728/3650/2722
f 2548/3651/2542 2727/3649/2721 2549/3648/2543
f 2728/3652/2722 2727/3647/2721 2591/3485/2587
f 2549/3648/2543 2728/3650/2722 2585/3653/2579
f 2585/3653/2579 2728/3650/2722 2729/3654/2723
f 2591/3485/2587 2729/3655/2723 2728/3652/2722
f 2729/3656/2723 2592/3657/2588 2585/3470/2579
f 2591/3485/2587 2592/3486/2588 2729/3655/2723
f 2730/3658/2724 2720/3644/2716 2722/3659/2717
f 2730/3658/2724 2722/3659/2717 2721/3660/2715
f 2601/3643/2595 2720/3644/2716 2730/3658/2724
f 2601/3643/2595 2730/3658/2724 2617/3515/2611
f 2730/3658/2724 2721/3660/2715 2617/3515/2611
f 2617/3515/2611 2721/3660/2715 2731/3661/2725
f 2710/3618/2703 2731/3662/2725 2721/3634/2715
f 2617/3515/2611 2731/3661/2725 2732/3663/2726
f 2732/3664/2726 2731/3662/2725 2710/3618/2703
f 2616/3514/2610 2617/3515/2611 2732/3663/2726
f 2732/3664/2726 2710/3618/2703 2616/3665/2610
f 2715/3626/2709 2733/3666/2727 2735/3667/2728
f 2733/3666/2727 2715/3626/2709 2734/3668/2729
f 2734/3668/2729 2715/3626/2709 2739/3669/2730
f 2543/3415/2536 2715/3626/2709 2555/3629/2544
f 2735/3667/2728 2740/3670/2731 2715/3626/2709
f 2736/3671/2732 2737/3672/2733 2715/3626/2709
f 2715/3626/2709 2741/3673/2734 2736/3671/2732
f 2715/3626/2709 2737/3672/2733 2738/3674/2735
f 2715/3626/2709 2738/3674/2735 2713/3624/2707
f 2715/3626/2709 2543/3415/2536 2739/3669/2730
f 2715/3626/2709 2740/3670/2731 2741/3673/2734
f 2741/3675/2734 2693/3600/2687 2742/3676/2736
f 2740/3677/2731 2693/3600/2687 2741/3675/2734
f 2741/3675/2734 2742/3676/2736 2736/3678/2732
f 2736/3678/2732 2742/3676/2736 2737/3679/2733
f 2737/3679/2733 2742/3676/2736 2743/3680/2737
f 2699/3608/2695 2743/3680/2737 2742/3676/2736
f 2694/3601/2688 2699/3608/2695 2742/3676/2736
f 2694/3601/2688 2742/3676/2736 2693/3600/2687
f 2737/3681/2733 2743/3682/2737 2738/3683/2735
f 2738/3683/2735 2743/3682/2737 2711/3621/2706
f 2711/3621/2706 2743/3682/2737 2699/3615/2695
f 2740/3677/2731 2735/3684/2728 2693/3600/2687
f 2734/3668/2729 2739/3669/2730 2744/3685/2738
f 2744/3685/2738 2739/3669/2730 2745/3686/2739
f 2745/3687/2739 2739/3688/2730 2747/3689/2740
f 2739/3688/2730 2746/3690/2741 2747/3689/2740
f 2739/3669/2730 2543/3415/2536 2746/3691/2741
f 2745/3687/2739 2747/3689/2740 2748/3692/2742
f 2748/3692/2742 2747/3689/2740 2751/3693/2743
f 2747/3694/2740 2750/3695/2744 2749/3696/2745
f 2749/3697/2745 2751/3693/2743 2747/3689/2740
f 2747/3694/2740 2746/3691/2741 2750/3695/2744
f 2752/3698/2746 2751/3693/2743 2753/3699/2747
f 2748/3692/2742 2751/3693/2743 2752/3698/2746
f 2749/3697/2745 2753/3699/2747 2751/3693/2743
f 2755/3700/2748 2754/3701/2749 2753/3699/2747
f 2757/3702/2750 2753/3699/2747 2754/3701/2749
f 2755/3703/2748 2753/3704/2747 2749/3696/2745
f 2756/3705/2751 2753/3699/2747 2757/3702/2750
f 2752/3698/2746 2753/3699/2747 2756/3705/2751
f 2757/3702/2750 2754/3701/2749 2758/3706/2752
f 2758/3706/2752 2759/3707/2753 2757/3702/2750
f 2757/3702/2750 2759/3707/2753 2760/3708/2754
f 2757/3702/2750 2760/3708/2754 2756/3705/2751
f 2756/3705/2751 2760/3708/2754 2763/3709/2755
f 2760/3708/2754 2761/3710/2756 2763/3709/2755
f 2760/3708/2754 2762/3711/2757 2761/3710/2756
f 2759/3707/2753 2762/3711/2757 2760/3708/2754
f 2763/3709/2755 2761/3710/2756 2765/3712/2758
f 2763/3709/2755 2745/3687/2739 2748/3692/2742
f 2763/3713/2755 2766/3714/2759 2745/3686/2739
f 2763/3713/2755 2765/3715/2758 2764/3716/2760
f 2764/3716/2760 2766/3714/2759 2763/3713/2755
f 2752/3698/2746 2763/3709/2755 2748/3692/2742
f 2756/3705/2751 2763/3709/2755 2752/3698/2746
f 2764/3716/2760 2767/3717/2761 2766/3714/2759
f 2767/3717/2761 2768/3718/2762 2766/3714/2759
f 2766/3714/2759 2768/3718/2762 2769/3719/2763
f 2766/3714/2759 2769/3719/2763 2733/3666/2727
f 2733/3666/2727 2734/3668/2729 2766/3714/2759
f 2766/3714/2759 2734/3668/2729 2744/3685/2738
f 2766/3714/2759 2744/3685/2738 2745/3686/2739
f 2769/3719/2763 2735/3667/2728 2733/3666/2727
f 2768/3718/2762 2735/3667/2728 2769/3719/2763
f 2768/3718/2762 2767/3717/2761 2771/3720/2764
f 2768/3718/2762 2770/3721/2765 2735/3667/2728
f 2771/3720/2764 2770/3721/2765 2768/3718/2762
f 2771/3720/2764 2772/3722/2766 2774/3723/2767
f 2771/3720/2764 2767/3717/2761 2772/3722/2766
f 2770/3721/2765 2771/3720/2764 2773/3724/2768
f 2773/3724/2768 2771/3720/2764 2774/3723/2767
f 2775/3725/2769 2774/3723/2767 2777/3726/2770
f 2773/3724/2768 2774/3723/2767 2775/3725/2769
f 2774/3723/2767 2772/3722/2766 2776/3727/2771
f 2774/3723/2767 2776/3727/2771 2777/3726/2770
f 2775/3725/2769 2777/3726/2770 2778/3728/2772
f 2777/3726/2770 2779/3729/2773 2778/3728/2772
f 2777/3726/2770 2776/3727/2771 2779/3729/2773
f 2780/3730/2774 2779/3729/2773 2776/3727/2771
f 2780/3730/2774 2781/3731/2775 2779/3729/2773
f 2778/3728/2772 2779/3729/2773 2781/3731/2775
f 2783/3732/2776 2781/3731/2775 2780/3730/2774
f 2782/3733/2777 2781/3731/2775 2783/3732/2776
f 2778/3728/2772 2781/3731/2775 2782/3733/2777
f 2783/3732/2776 2784/3734/2778 2785/3735/2779
f 2784/3734/2778 2783/3732/2776 2786/3736/2780
f 2780/3730/2774 2786/3736/2780 2783/3732/2776
f 2782/3733/2777 2783/3732/2776 2785/3735/2779
f 652/833/651 2786/3736/2780 2787/3737/2781
f 2786/3736/2780 2788/3738/2782 2787/3737/2781
f 2780/3730/2774 2788/3738/2782 2786/3736/2780
f 2784/3734/2778 2786/3736/2780 652/833/651
f 2789/3739/2783 2788/3738/2782 2780/3730/2774
f 2788/3738/2782 2789/3739/2783 2787/3737/2781
f 2780/3740/2774 2790/3741/2784 2789/3742/2783
f 2787/3743/2781 2789/3742/2783 2790/3741/2784
f 2780/3730/2774 2791/3744/2785 2790/3745/2784
f 2791/3746/2785 2793/3747/2786 2790/3748/2784
f 2792/3749/2787 2790/3748/2784 2793/3747/2786
f 2787/3750/2781 2790/3751/2784 2792/3752/2787
f 2792/3749/2787 2793/3747/2786 2796/3753/2788
f 2795/3754/2789 2794/3755/2790 2793/3747/2786
f 2796/3753/2788 2793/3747/2786 2794/3755/2790
f 2791/3746/2785 2795/3754/2789 2793/3747/2786
f 2796/3753/2788 2794/3755/2790 2797/3756/2791
f 2796/3753/2788 2797/3756/2791 2798/3757/2792
f 2798/3757/2792 2800/3758/2793 2796/3753/2788
f 2796/3753/2788 2799/3759/2794 2792/3749/2787
f 2801/3760/2795 2799/3759/2794 2796/3753/2788
f 2802/3761/2796 2796/3753/2788 2800/3758/2793
f 2801/3760/2795 2796/3753/2788 2802/3761/2796
f 2803/3762/2797 2801/3760/2795 2802/3761/2796
f 2803/3762/2797 2802/3761/2796 2804/3763/2798
f 2804/3763/2798 2802/3761/2796 2800/3758/2793
f 2806/3764/2799 2803/3765/2797 2804/3766/2798
f 2807/3767/2800 2804/3766/2798 2805/3768/2801
f 2804/3763/2798 2800/3758/2793 2805/3769/2801
f 2806/3764/2799 2804/3766/2798 2807/3767/2800
f 2807/3767/2800 2805/3768/2801 2809/3770/2802
f 2807/3771/2800 2808/3772/2803 2806/3773/2799
f 2809/3774/2802 2808/3772/2803 2807/3771/2800
f 2810/3775/2804 2754/3776/2749 2809/3770/2802
f 2809/3770/2802 2805/3768/2801 2810/3775/2804
f 2809/3770/2802 2754/3776/2749 2811/3777/2805
f 2809/3770/2802 2811/3777/2805 2812/3778/2806
f 2813/3779/2807 2809/3774/2802 2812/3780/2806
f 2813/3779/2807 2808/3772/2803 2809/3774/2802
f 2816/3781/2808 2808/3772/2803 2813/3779/2807
f 2814/3782/2809 2816/3781/2808 2813/3779/2807
f 2815/3783/2810 2814/3782/2809 2813/3779/2807
f 2815/3783/2810 2813/3779/2807 2812/3780/2806
f 2814/3782/2809 2817/3784/2811 2816/3781/2808
f 2817/3784/2811 2818/3785/2812 2816/3781/2808
f 2816/3781/2808 2818/3785/2812 2808/3772/2803
f 2806/3773/2799 2818/3785/2812 2820/3786/2813
f 2806/3773/2799 2808/3772/2803 2818/3785/2812
f 2820/3787/2813 2818/3788/2812 2819/3789/2814
f 2817/3790/2811 2819/3789/2814 2818/3788/2812
f 2820/3786/2813 2819/3791/2814 580/762/578
f 580/762/578 588/761/587 2820/3786/2813
f 2820/3786/2813 2821/3792/2815 2822/3793/2816
f 2820/3786/2813 588/761/587 2821/3792/2815
f 2820/3786/2813 2822/3793/2816 2806/3773/2799
f 2822/3794/2816 2823/3795/2817 2803/3765/2797
f 632/808/632 2823/3795/2817 2822/3794/2816
f 2822/3794/2816 2803/3765/2797 2806/3764/2799
f 633/809/633 2822/3794/2816 2821/3796/2815
f 632/808/632 2822/3794/2816 633/809/633
f 632/808/632 638/819/636 2823/3795/2817
f 638/3797/636 2824/3798/2818 2823/3799/2817
f 2823/3800/2817 2824/3801/2818 2801/3802/2795
f 2823/3803/2817 2801/3760/2795 2803/3762/2797
f 638/3804/636 637/3805/635 2824/3806/2818
f 637/3805/635 2825/3807/2819 2824/3806/2818
f 2824/3801/2818 2799/3808/2794 2801/3802/2795
f 2824/3809/2818 2825/3810/2819 2799/3759/2794
f 2792/3752/2787 2825/3811/2819 2787/3750/2781
f 2792/3749/2787 2799/3759/2794 2825/3810/2819
f 637/3812/635 641/3813/639 2825/3814/2819
f 2787/3815/2781 2825/3814/2819 641/3813/639
f 633/809/633 2821/3796/2815 2826/3816/2820
f 588/761/587 2826/3817/2820 2821/3792/2815
f 2826/3816/2820 591/3818/586 633/809/633
f 588/761/587 591/760/586 2826/3817/2820
f 2819/3789/2814 2828/3819/2821 580/751/578
f 2827/3820/2822 2819/3789/2814 2817/3790/2811
f 2827/3820/2822 2828/3819/2821 2819/3789/2814
f 580/751/578 2828/3819/2821 582/752/579
f 582/752/579 2828/3819/2821 2827/3820/2822
f 2829/3821/2823 2827/3820/2822 2830/3822/2824
f 2829/3821/2823 582/752/579 2827/3820/2822
f 2827/3820/2822 2817/3790/2811 2814/3823/2809
f 2830/3822/2824 2827/3820/2822 2814/3823/2809
f 2830/3822/2824 2834/3824/2825 2829/3821/2823
f 2830/3822/2824 2831/3825/2826 2834/3824/2825
f 2830/3822/2824 2832/3826/2827 2831/3825/2826
f 2833/3827/2828 2832/3826/2827 2830/3822/2824
f 2830/3822/2824 2814/3823/2809 2833/3827/2828
f 2831/3825/2826 578/750/577 2834/3824/2825
f 2834/3824/2825 578/750/577 582/752/579
f 2834/3824/2825 582/752/579 2829/3821/2823
f 2833/3827/2828 2837/3828/2829 2835/3829/2830
f 2835/3829/2830 2836/3830/2831 2833/3827/2828
f 2833/3827/2828 2836/3830/2831 2832/3826/2827
f 2833/3827/2828 2814/3823/2809 2837/3828/2829
f 2838/3831/2832 2837/3832/2829 2814/3782/2809
f 2840/3833/2833 2837/3834/2829 2838/3835/2832
f 2835/3829/2830 2837/3828/2829 2839/3836/2834
f 2840/3833/2833 2839/3837/2834 2837/3834/2829
f 2840/3833/2833 2811/3838/2805 2755/3700/2748
f 2840/3839/2833 2838/3840/2832 2811/3777/2805
f 2755/3700/2748 2839/3837/2834 2840/3833/2833
f 2750/3695/2744 2839/3836/2834 2749/3696/2745
f 2835/3829/2830 2839/3836/2834 2750/3695/2744
f 2839/3836/2834 2755/3703/2748 2749/3696/2745
f 2838/3831/2832 2814/3782/2809 2815/3783/2810
f 2811/3777/2805 2838/3840/2832 2815/3841/2810
f 2835/3829/2830 2841/3842/2835 2836/3830/2831
f 2841/3842/2835 2537/3410/2531 2836/3830/2831
f 2836/3830/2831 564/735/562 2832/3826/2827
f 2836/3830/2831 2537/3410/2531 564/735/562
f 2543/3415/2536 2841/3842/2835 2835/3829/2830
f 2543/3415/2536 2537/3410/2531 2841/3842/2835
f 2835/3829/2830 2746/3691/2741 2543/3415/2536
f 2750/3695/2744 2746/3691/2741 2835/3829/2830
f 2832/3826/2827 564/735/562 571/742/569
f 2832/3826/2827 2842/3843/2836 2831/3825/2826
f 2832/3826/2827 571/742/569 2842/3843/2836
f 2831/3825/2826 2842/3843/2836 576/748/575
f 571/742/569 576/748/575 2842/3843/2836
f 576/748/575 577/749/576 2831/3825/2826
f 2831/3825/2826 577/749/576 578/750/577
f 2811/3777/2805 2815/3841/2810 2812/3778/2806
f 2811/3838/2805 2754/3701/2749 2755/3700/2748
f 2843/3844/2837 2810/3845/2804 2846/3846/2838
f 2844/3847/2839 2810/3845/2804 2843/3844/2837
f 2845/3848/2840 2810/3775/2804 2844/3849/2839
f 2810/3775/2804 2758/3850/2752 2754/3776/2749
f 2810/3845/2804 2805/3769/2801 2800/3758/2793
f 2846/3846/2838 2810/3845/2804 2800/3758/2793
f 2845/3848/2840 2759/3851/2753 2810/3775/2804
f 2759/3851/2753 2758/3850/2752 2810/3775/2804
f 2846/3846/2838 2847/3852/2841 2848/3853/2842
f 2798/3757/2792 2847/3852/2841 2846/3846/2838
f 2846/3846/2838 2848/3853/2842 2843/3844/2837
f 2846/3846/2838 2800/3758/2793 2798/3757/2792
f 2847/3852/2841 2849/3854/2843 2848/3853/2842
f 2850/3855/2844 2848/3853/2842 2849/3854/2843
f 2850/3855/2844 2843/3844/2837 2848/3853/2842
f 2844/3847/2839 2843/3844/2837 2850/3855/2844
f 2850/3856/2844 2853/3857/2845 2844/3849/2839
f 2850/3855/2844 2851/3858/2846 2852/3859/2847
f 2849/3854/2843 2851/3858/2846 2850/3855/2844
f 2850/3855/2844 2852/3859/2847 2853/3860/2845
f 2844/3849/2839 2853/3857/2845 2854/3861/2848
f 2853/3860/2845 2852/3859/2847 2795/3754/2789
f 2761/3710/2756 2853/3862/2845 2795/3863/2789
f 2854/3864/2848 2853/3862/2845 2761/3710/2756
f 2761/3710/2756 2845/3865/2840 2854/3864/2848
f 2844/3849/2839 2854/3861/2848 2845/3848/2840
f 2851/3858/2846 2797/3756/2791 2852/3859/2847
f 2852/3859/2847 2797/3756/2791 2795/3754/2789
f 2851/3858/2846 2847/3852/2841 2797/3756/2791
f 2849/3854/2843 2847/3852/2841 2851/3858/2846
f 2798/3757/2792 2797/3756/2791 2847/3852/2841
f 2762/3711/2757 2845/3865/2840 2761/3710/2756
f 2762/3866/2757 2759/3851/2753 2845/3848/2840
f 2795/3754/2789 2797/3756/2791 2794/3755/2790
f 2761/3867/2756 2795/3754/2789 2791/3746/2785
f 2764/3716/2760 2765/3715/2758 2791/3744/2785
f 2791/3868/2785 2765/3712/2758 2761/3710/2756
f 2764/3716/2760 2791/3744/2785 2780/3730/2774
f 2787/3737/2781 641/821/639 640/820/638
f 640/820/638 642/822/640 2787/3737/2781
f 653/834/652 2787/3737/2781 642/822/640
f 652/833/651 2787/3737/2781 653/834/652
f 2785/3735/2779 652/833/651 654/832/650
f 2785/3735/2779 2784/3734/2778 652/833/651
f 654/832/650 2855/3869/2849 2785/3735/2779
f 2785/3735/2779 2855/3869/2849 2856/3870/2850
f 2785/3735/2779 2856/3870/2850 2857/3871/2851
f 2785/3735/2779 2857/3871/2851 2782/3733/2777
f 2858/3872/2852 2782/3733/2777 2857/3871/2851
f 2856/3870/2850 2858/3872/2852 2857/3871/2851
f 2860/3873/2853 2858/3872/2852 2859/3874/2854
f 2856/3870/2850 2859/3874/2854 2858/3872/2852
f 2861/3875/2855 2858/3872/2852 2860/3873/2853
f 2861/3875/2855 2775/3725/2769 2858/3872/2852
f 2775/3725/2769 2778/3728/2772 2858/3872/2852
f 2858/3872/2852 2778/3728/2772 2782/3733/2777
f 2865/3876/2856 2861/3875/2855 2862/3877/2857
f 2868/3878/2858 2862/3877/2857 2861/3875/2855
f 2863/3879/2859 2775/3725/2769 2861/3875/2855
f 2864/3880/2860 2863/3879/2859 2861/3875/2855
f 2864/3880/2860 2861/3875/2855 2865/3876/2856
f 2866/3881/2861 2861/3875/2855 2860/3873/2853
f 2867/3882/2862 2861/3875/2855 2866/3881/2861
f 2867/3882/2862 2868/3878/2858 2861/3875/2855
f 2869/3883/2863 2868/3884/2858 2867/3885/2862
f 2869/3883/2863 2870/3886/2864 2868/3884/2858
f 2870/3886/2864 2871/3887/2865 2868/3884/2858
f 2868/3884/2858 2871/3887/2865 2862/3888/2857
f 2693/3600/2687 2871/3887/2865 2870/3886/2864
f 2693/3600/2687 2862/3888/2857 2871/3887/2865
f 2870/3886/2864 2872/3889/2866 2693/3600/2687
f 2872/3889/2866 2870/3886/2864 2869/3883/2863
f 2693/3600/2687 2872/3889/2866 2873/3890/2867
f 2873/3890/2867 2872/3889/2866 2869/3883/2863
f 2693/3600/2687 2873/3890/2867 2874/3891/2868
f 2875/3892/2869 2873/3890/2867 2869/3883/2863
f 2874/3891/2868 2873/3890/2867 2875/3892/2869
f 2876/3893/2870 2874/3891/2868 2875/3892/2869
f 2878/3894/2871 2876/3893/2870 2875/3892/2869
f 2875/3892/2869 2869/3883/2863 2877/3895/2872
f 2879/3896/2873 2875/3892/2869 2877/3895/2872
f 2878/3894/2871 2875/3892/2869 2879/3896/2873
f 2880/3897/2874 2879/3896/2873 2881/3898/2875
f 2880/3897/2874 2878/3894/2871 2879/3896/2873
f 2881/3899/2875 2879/3900/2873 2882/3901/2876
f 2879/3900/2873 2883/3902/2877 2882/3901/2876
f 2879/3900/2873 2877/3903/2872 2883/3902/2877
f 2885/3904/2878 2884/3905/2879 2883/3902/2877
f 2882/3901/2876 2883/3902/2877 2884/3905/2879
f 2877/3903/2872 2885/3904/2878 2883/3902/2877
f 2867/3885/2862 2885/3906/2878 2869/3883/2863
f 2877/3895/2872 2869/3883/2863 2885/3906/2878
f 2885/3904/2878 2886/3907/2880 2884/3905/2879
f 2887/3908/2881 2886/3907/2880 2885/3904/2878
f 2866/3881/2861 2887/3908/2881 2885/3904/2878
f 2866/3881/2861 2885/3904/2878 2867/3882/2862
f 2887/3908/2881 2888/3909/2882 2886/3907/2880
f 2889/3910/2883 2888/3909/2882 2887/3908/2881
f 2890/3911/2884 2887/3908/2881 2866/3881/2861
f 2890/3911/2884 2889/3910/2883 2887/3908/2881
f 2891/3912/2885 2890/3911/2884 670/850/668
f 2891/3912/2885 2892/3913/2886 2890/3911/2884
f 2890/3911/2884 671/851/669 670/850/668
f 2890/3911/2884 2860/3873/2853 671/851/669
f 2866/3881/2861 2860/3873/2853 2890/3911/2884
f 2892/3913/2886 2889/3910/2883 2890/3911/2884
f 674/855/673 2892/3913/2886 2891/3912/2885
f 2893/3914/2887 2892/3913/2886 674/855/673
f 2893/3914/2887 2889/3910/2883 2892/3913/2886
f 2893/3914/2887 684/866/683 2894/3915/2888
f 674/855/673 684/866/683 2893/3914/2887
f 2894/3915/2888 2889/3910/2883 2893/3914/2887
f 2895/3916/2889 2894/3915/2888 684/866/683
f 2895/3916/2889 2896/3917/2890 2894/3915/2888
f 2896/3917/2890 2888/3909/2882 2894/3915/2888
f 2894/3915/2888 2888/3909/2882 2889/3910/2883
f 2897/3918/2891 2886/3907/2880 2896/3917/2890
f 2897/3918/2891 2896/3917/2890 2895/3916/2889
f 2896/3917/2890 2886/3907/2880 2888/3909/2882
f 2897/3918/2891 2895/3916/2889 2881/3899/2875
f 2881/3899/2875 2882/3901/2876 2897/3918/2891
f 2882/3901/2876 2884/3905/2879 2897/3918/2891
f 2897/3918/2891 2884/3905/2879 2886/3907/2880
f 2895/3916/2889 2898/3919/2892 2881/3899/2875
f 2895/3916/2889 683/867/682 2898/3919/2892
f 684/866/683 683/867/682 2895/3916/2889
f 2898/3919/2892 2899/3920/2893 2901/3921/2894
f 683/865/682 2899/3922/2893 2898/3923/2892
f 2881/3899/2875 2898/3919/2892 2900/3924/2895
f 2901/3921/2894 2900/3924/2895 2898/3919/2892
f 2899/3922/2893 2903/3925/2896 2901/3926/2894
f 2901/3921/2894 2902/3927/2897 2900/3924/2895
f 2905/3928/2898 2902/3929/2897 2901/3926/2894
f 2901/3926/2894 2903/3925/2896 2904/3930/2899
f 2901/3926/2894 2904/3930/2899 2905/3928/2898
f 2905/3928/2898 2906/3931/2900 2902/3929/2897
f 2905/3928/2898 2907/3932/2901 2906/3931/2900
f 2904/3930/2899 2907/3932/2901 2905/3928/2898
f 2904/3930/2899 2908/3933/2902 2907/3932/2901
f 2911/3934/2903 2907/3932/2901 2908/3933/2902
f 2907/3932/2901 2912/3935/2904 2909/3936/2905
f 2909/3936/2905 2910/3937/2906 2907/3932/2901
f 2907/3932/2901 2910/3937/2906 2906/3931/2900
f 2911/3934/2903 2913/3938/2907 2907/3932/2901
f 2907/3932/2901 2913/3938/2907 2912/3935/2904
f 2914/3939/2908 2913/3938/2907 2911/3934/2903
f 2914/3939/2908 2912/3935/2904 2913/3938/2907
f 2915/3940/2909 2914/3939/2908 2911/3934/2903
f 2915/3940/2909 2918/3941/2910 2914/3939/2908
f 2914/3939/2908 2916/3942/2911 2917/3943/2912
f 2918/3941/2910 2916/3942/2911 2914/3939/2908
f 2914/3939/2908 2917/3943/2912 2919/3944/2913
f 2919/3944/2913 2912/3935/2904 2914/3939/2908
f 2920/3945/2914 2919/3946/2913 2921/3947/2915
f 2920/3945/2914 2912/3948/2904 2919/3946/2913
f 2921/3947/2915 2919/3946/2913 2922/3949/2916
f 2919/3946/2913 2923/3950/2917 2922/3949/2916
f 2919/3946/2913 2917/3951/2912 2923/3950/2917
f 2923/3950/2917 2665/3572/2659 2924/3952/2918
f 2923/3950/2917 2925/3953/2919 2665/3572/2659
f 2922/3949/2916 2923/3950/2917 2924/3952/2918
f 2917/3951/2912 2925/3953/2919 2923/3950/2917
f 2928/3954/2920 2665/3572/2659 2925/3953/2919
f 2925/3953/2919 2926/3955/2921 2930/3956/2922
f 2927/3957/2923 2926/3955/2921 2925/3953/2919
f 2917/3951/2912 2927/3957/2923 2925/3953/2919
f 2928/3954/2920 2925/3953/2919 2929/3958/2924
f 2925/3953/2919 2930/3956/2922 2929/3958/2924
f 2932/3959/2925 2929/3958/2924 2930/3956/2922
f 2931/3960/2926 2930/3956/2922 2926/3955/2921
f 2932/3959/2925 2930/3956/2922 2931/3960/2926
f 2933/3961/2927 2932/3959/2925 2935/3962/2928
f 2933/3961/2927 2934/3963/2929 2932/3959/2925
f 2934/3963/2929 2929/3958/2924 2932/3959/2925
f 2935/3962/2928 2932/3959/2925 2931/3960/2926
f 2935/3962/2928 2936/3964/2930 2937/3965/2931
f 2939/3966/2932 2936/3967/2930 2935/3968/2928
f 2935/3968/2928 2931/3969/2926 2939/3966/2932
f 2935/3970/2928 2937/3971/2931 2938/3972/2933
f 2935/3962/2928 2938/3973/2933 2933/3961/2927
f 2939/3966/2932 2940/3974/2934 2942/3975/2935
f 2939/3966/2932 2931/3969/2926 2940/3974/2934
f 2939/3966/2932 2943/3976/2936 2936/3967/2930
f 2941/3977/2937 2939/3966/2932 2942/3975/2935
f 2944/3978/2938 2939/3966/2932 2941/3977/2937
f 2944/3978/2938 2943/3976/2936 2939/3966/2932
f 2945/3979/2939 2944/3978/2938 2946/3980/2940
f 2945/3979/2939 2943/3976/2936 2944/3978/2938
f 2946/3980/2940 2944/3978/2938 2947/3981/2941
f 2941/3977/2937 2947/3981/2941 2944/3978/2938
f 2941/3977/2937 2948/3982/2942 2947/3981/2941
f 2946/3980/2940 2947/3981/2941 2948/3982/2942
f 2949/3983/2943 2948/3982/2942 2941/3977/2937
f 2949/3983/2943 2946/3980/2940 2948/3982/2942
f 2949/3983/2943 2941/3977/2937 2950/3984/2944
f 2950/3984/2944 2946/3980/2940 2949/3983/2943
f 2950/3984/2944 2951/3985/2945 2946/3980/2940
f 2952/3986/2946 2951/3985/2945 2950/3984/2944
f 2950/3984/2944 2953/3987/2947 2952/3986/2946
f 2950/3984/2944 2941/3977/2937 2953/3987/2947
f 2952/3986/2946 2953/3987/2947 2957/3988/2948
f 2955/3989/2949 2953/3987/2947 2941/3977/2937
f 2954/3990/2950 2958/3991/2951 2953/3987/2947
f 2954/3990/2950 2953/3987/2947 2955/3989/2949
f 2953/3987/2947 2959/3992/2952 2956/3993/2953
f 2953/3987/2947 2956/3993/2953 2957/3988/2948
f 2953/3987/2947 2958/3991/2951 2959/3992/2952
f 2956/3993/2953 2959/3992/2952 2960/3994/2954
f 2960/3994/2954 2959/3992/2952 2958/3991/2951
f 2960/3994/2954 2958/3991/2951 2961/3995/2955
f 2961/3995/2955 2964/3996/2956 2960/3994/2954
f 2956/3993/2953 2960/3994/2954 2957/3988/2948
f 2960/3994/2954 2962/3997/2957 2963/3998/2958
f 2960/3994/2954 2964/3996/2956 2962/3997/2957
f 2957/3988/2948 2960/3994/2954 2963/3998/2958
f 2961/3995/2955 2965/3999/2959 2964/3996/2956
f 2966/4000/2960 859/1074/857 2964/3996/2956
f 859/1074/857 861/1076/859 2964/3996/2956
f 2967/4001/2961 2964/3996/2956 2965/3999/2959
f 2966/4000/2960 2964/3996/2956 2967/4001/2961
f 2964/3996/2956 862/1077/860 2962/3997/2957
f 2964/3996/2956 861/1076/859 862/1077/860
f 2967/4001/2961 2969/4002/2962 2968/4003/2963
f 2968/4003/2963 2966/4000/2960 2967/4001/2961
f 2967/4001/2961 2970/4004/2964 2969/4002/2962
f 2965/3999/2959 2970/4004/2964 2967/4001/2961
f 2965/3999/2959 2971/4005/2965 2970/4004/2964
f 2972/4006/2966 2970/4004/2964 2971/4005/2965
f 2969/4002/2962 2970/4004/2964 2972/4006/2966
f 2971/4005/2965 2973/4007/2967 2972/4006/2966
f 2972/4006/2966 2973/4007/2967 2974/4008/2968
f 2969/4002/2962 2972/4006/2966 2918/3941/2910
f 2918/3941/2910 2972/4006/2966 2916/3942/2911
f 2972/4006/2966 2974/4008/2968 2916/3942/2911
f 2974/4008/2968 2975/4009/2969 2942/3975/2935
f 2974/4008/2968 2955/3989/2949 2975/4009/2969
f 2940/3974/2934 2974/4008/2968 2942/3975/2935
f 2940/3974/2934 2927/4010/2923 2974/4008/2968
f 2973/4007/2967 2955/3989/2949 2974/4008/2968
f 2916/3942/2911 2974/4008/2968 2927/4010/2923
f 2941/3977/2937 2942/3975/2935 2975/4009/2969
f 2955/3989/2949 2941/3977/2937 2975/4009/2969
f 2971/4005/2965 2976/4011/2970 2973/4007/2967
f 2973/4007/2967 2976/4011/2970 2958/3991/2951
f 2958/3991/2951 2954/3990/2950 2973/4007/2967
f 2973/4007/2967 2954/3990/2950 2955/3989/2949
f 2961/3995/2955 2976/4011/2970 2971/4005/2965
f 2958/3991/2951 2976/4011/2970 2961/3995/2955
f 2961/3995/2955 2971/4005/2965 2965/3999/2959
f 2968/4003/2963 2969/4002/2962 2977/4012/2971
f 2918/3941/2910 2977/4012/2971 2969/4002/2962
f 2968/4003/2963 2977/4012/2971 2978/4013/2972
f 2980/4014/2973 2977/4012/2971 2918/3941/2910
f 2978/4013/2972 2977/4012/2971 2979/4015/2974
f 2979/4015/2974 2977/4012/2971 2980/4014/2973
f 2979/4015/2974 2980/4014/2973 2982/4016/2975
f 2982/4016/2975 2980/4014/2973 2981/4017/2976
f 2980/4014/2973 2918/3941/2910 2981/4017/2976
f 2982/4016/2975 2983/4018/2977 2979/4015/2974
f 2982/4016/2975 2981/4017/2976 2908/3933/2902
f 2908/3933/2902 2986/4019/2978 2982/4016/2975
f 2982/4016/2975 2988/4020/2979 2983/4018/2977
f 2984/4021/2980 2985/4022/2981 2982/4016/2975
f 2982/4016/2975 2987/4023/2982 2984/4021/2980
f 2982/4016/2975 2985/4022/2981 2988/4020/2979
f 2982/4016/2975 2986/4019/2978 2987/4023/2982
f 2989/4024/2983 2983/4018/2977 2988/4020/2979
f 2988/4020/2979 2985/4022/2981 2989/4024/2983
f 2989/4024/2983 692/877/690 2991/4025/2984
f 2990/4026/2985 692/877/690 2989/4024/2983
f 2989/4024/2983 2992/4027/2986 2990/4026/2985
f 2989/4024/2983 2991/4025/2984 2978/4013/2972
f 2978/4013/2972 2979/4015/2974 2989/4024/2983
f 2989/4024/2983 2979/4015/2974 2983/4018/2977
f 2989/4024/2983 2985/4022/2981 2992/4027/2986
f 2992/4027/2986 2993/4028/2987 2990/4026/2985
f 2984/4021/2980 2993/4028/2987 2992/4027/2986
f 2984/4021/2980 2992/4027/2986 2985/4022/2981
f 2990/4026/2985 2993/4028/2987 2994/4029/2988
f 682/864/681 2994/4029/2988 2993/4028/2987
f 2984/4021/2980 682/864/681 2993/4028/2987
f 691/876/689 2994/4029/2988 2995/4030/2989
f 2995/4030/2989 2994/4029/2988 682/864/681
f 2990/4026/2985 2994/4029/2988 691/876/689
f 691/876/689 2995/4030/2989 687/871/686
f 682/864/681 687/871/686 2995/4030/2989
f 714/899/712 2991/4025/2984 712/897/710
f 714/899/712 2966/4000/2960 2991/4025/2984
f 711/896/709 2991/4025/2984 692/877/690
f 712/897/710 2991/4025/2984 711/896/709
f 2978/4013/2972 2991/4025/2984 2968/4003/2963
f 2968/4003/2963 2991/4025/2984 2966/4000/2960
f 691/876/689 692/877/690 2990/4026/2985
f 2986/4019/2978 2899/3922/2893 2987/4023/2982
f 2987/4023/2982 682/864/681 2984/4021/2980
f 2987/4023/2982 2899/3922/2893 682/864/681
f 2986/4019/2978 2996/4031/2990 2899/3922/2893
f 2908/3933/2902 2996/4031/2990 2986/4019/2978
f 2899/3922/2893 2996/4031/2990 2903/3925/2896
f 2903/3925/2896 2996/4031/2990 2908/3933/2902
f 2908/3933/2902 2981/4017/2976 2915/3940/2909
f 2981/4017/2976 2918/3941/2910 2915/3940/2909
f 857/1072/855 2966/4000/2960 714/899/712
f 857/1072/855 859/1074/857 2966/4000/2960
f 2963/3998/2958 2962/3997/2957 3000/4032/2991
f 2963/3998/2958 2997/4033/2992 2999/4034/2993
f 3001/4035/2994 2997/4033/2992 2963/3998/2958
f 2963/3998/2958 2999/4034/2993 2998/4036/2995
f 2957/3988/2948 2963/3998/2958 2998/4036/2995
f 2963/3998/2958 3000/4032/2991 3001/4035/2994
f 3001/4035/2994 3000/4032/2991 3003/4037/2996
f 3001/4035/2994 3002/4038/2997 2997/4033/2992
f 3004/4039/2998 3002/4038/2997 3001/4035/2994
f 3001/4035/2994 3003/4037/2996 3004/4039/2998
f 3004/4039/2998 3003/4037/2996 3005/4040/2999
f 3005/4040/2999 3006/4041/3000 3004/4039/2998
f 3004/4039/2998 3006/4041/3000 3002/4038/2997
f 3002/4038/2997 3006/4041/3000 2951/3985/2945
f 2951/3985/2945 3006/4041/3000 3007/4042/3001
f 3006/4041/3000 3008/4043/3002 3007/4042/3001
f 3005/4040/2999 3008/4043/3002 3006/4041/3000
f 3007/4042/3001 3008/4043/3002 3009/4044/3003
f 3005/4040/2999 3009/4044/3003 3008/4043/3002
f 3007/4042/3001 3009/4044/3003 3010/4045/3004
f 3011/4046/3005 3010/4045/3004 3009/4044/3003
f 3011/4046/3005 3009/4044/3003 3005/4040/2999
f 3005/4040/2999 3012/4047/3006 3011/4046/3005
f 3012/4048/3006 3013/4049/3007 3011/4050/3005
f 3013/4049/3007 3014/4051/3008 3011/4050/3005
f 3011/4050/3005 3014/4051/3008 3010/4052/3004
f 3013/4049/3007 3015/4053/3009 3014/4051/3008
f 3016/4054/3010 3014/4051/3008 3015/4053/3009
f 3010/4052/3004 3014/4051/3008 3016/4054/3010
f 3019/4055/3011 3017/4056/3012 3016/4054/3010
f 3017/4056/3012 3020/4057/3013 3016/4054/3010
f 3018/4058/3014 3016/4054/3010 3021/4059/3015
f 3019/4055/3011 3016/4054/3010 3018/4058/3014
f 3016/4054/3010 3020/4057/3013 3007/4060/3001
f 3016/4054/3010 3007/4060/3001 3010/4052/3004
f 3016/4054/3010 3015/4053/3009 3021/4059/3015
f 3023/4061/3016 3021/4059/3015 3015/4053/3009
f 3018/4058/3014 3021/4059/3015 3022/4062/3017
f 3022/4062/3017 3021/4059/3015 3023/4061/3016
f 3024/4063/3018 3022/4062/3017 3023/4061/3016
f 3025/4064/3019 3024/4063/3018 3023/4061/3016
f 3012/4048/3006 3023/4061/3016 3013/4049/3007
f 3025/4064/3019 3023/4061/3016 3012/4048/3006
f 3023/4061/3016 3015/4053/3009 3013/4049/3007
f 893/1109/891 3026/4065/3020 3025/4064/3019
f 3026/4065/3020 3024/4063/3018 3025/4064/3019
f 893/1109/891 3025/4064/3019 892/1107/890
f 892/1107/890 3025/4064/3019 3012/4048/3006
f 3026/4065/3020 3027/4066/3021 3024/4063/3018
f 3028/4067/3022 3027/4066/3021 3026/4065/3020
f 895/1114/893 3026/4065/3020 893/1109/891
f 895/1114/893 909/1131/907 3026/4065/3020
f 3026/4065/3020 909/1131/907 910/1132/908
f 3026/4065/3020 910/1132/908 3028/4067/3022
f 3028/4067/3022 915/1138/914 914/1137/913
f 3028/4067/3022 910/1132/908 915/1138/914
f 3029/4068/3023 3028/4067/3022 3031/4069/3024
f 3029/4068/3023 3030/4070/3025 3028/4067/3022
f 3028/4067/3022 3030/4070/3025 3027/4066/3021
f 3031/4069/3024 3028/4067/3022 3032/4071/3026
f 914/1137/913 3032/4071/3026 3028/4067/3022
f 3031/4069/3024 3032/4071/3026 3033/4072/3027
f 3033/4072/3027 3032/4071/3026 3034/4073/3028
f 923/1145/921 3032/4071/3026 914/1137/913
f 923/1145/921 3034/4073/3028 3032/4071/3026
f 922/1144/920 3034/4073/3028 923/1145/921
f 922/1144/920 3035/4074/3029 3034/4073/3028
f 3034/4073/3028 3035/4074/3029 3036/4075/3030
f 3037/4076/3031 3034/4073/3028 3036/4075/3030
f 3033/4072/3027 3034/4073/3028 3037/4076/3031
f 3037/4076/3031 3036/4075/3030 3038/4077/3032
f 3039/4078/3033 3033/4072/3027 3037/4076/3031
f 3039/4078/3033 3037/4076/3031 3038/4077/3032
f 3042/4079/3034 3040/4080/3035 3039/4081/3033
f 3041/4082/3036 3039/4081/3033 3040/4080/3035
f 3041/4083/3036 3033/4072/3027 3039/4078/3033
f 3038/4077/3032 3042/4084/3034 3039/4078/3033
f 3042/4079/3034 3044/4085/3037 3040/4080/3035
f 3042/4079/3034 3043/4086/3038 3045/4087/3039
f 3038/4077/3032 3043/4088/3038 3042/4084/3034
f 3045/4087/3039 3044/4085/3037 3042/4079/3034
f 3045/4089/3039 3046/4090/3040 3047/4091/3041
f 3045/4087/3039 3043/4086/3038 3046/4092/3040
f 3045/4089/3039 3047/4091/3041 2652/4093/2647
f 3044/4085/3037 3045/4087/3039 2652/3560/2647
f 3047/4091/3041 3048/4094/3042 3049/4095/3043
f 3047/4091/3041 3046/4090/3040 3048/4094/3042
f 3047/4091/3041 3049/4095/3043 2640/3545/2635
f 2652/4093/2647 3047/4091/3041 2640/3545/2635
f 3049/4095/3043 3050/4096/3044 3051/4097/3045
f 3049/4095/3043 3048/4094/3042 3050/4096/3044
f 3049/4095/3043 3051/4097/3045 2640/3545/2635
f 3051/4097/3045 3050/4096/3044 3054/4098/3046
f 2640/3545/2635 3051/4097/3045 2636/3541/2631
f 3051/4097/3045 3052/4099/3047 2636/3541/2631
f 3053/4100/3048 3052/4099/3047 3051/4097/3045
f 3051/4097/3045 3054/4098/3046 3053/4100/3048
f 3054/4101/3046 3050/4102/3044 3038/4077/3032
f 3038/4077/3032 3053/4103/3048 3054/4101/3046
f 3055/4104/3049 3053/4103/3048 3056/4105/3050
f 3057/4106/3051 3053/4103/3048 3055/4104/3049
f 3053/4103/3048 3059/4107/3052 3056/4105/3050
f 3057/4106/3051 3058/4108/3053 3053/4103/3048
f 3038/4077/3032 3059/4107/3052 3053/4103/3048
f 3053/4100/3048 3058/4109/3053 3052/4099/3047
f 3059/4107/3052 3036/4075/3030 3060/4110/3054
f 3038/4077/3032 3036/4075/3030 3059/4107/3052
f 3059/4107/3052 3060/4110/3054 3056/4105/3050
f 3060/4110/3054 3036/4075/3030 3035/4074/3029
f 3061/4111/3055 3060/4110/3054 926/1149/925
f 3061/4111/3055 3062/4112/3056 3060/4110/3054
f 3056/4105/3050 3060/4110/3054 3062/4112/3056
f 926/1149/925 3060/4110/3054 3035/4074/3029
f 3056/4105/3050 3062/4112/3056 3063/4113/3057
f 3063/4113/3057 3062/4112/3056 3064/4114/3058
f 3064/4114/3058 3062/4112/3056 3065/4115/3059
f 3066/4116/3060 3065/4115/3059 3062/4112/3056
f 3066/4116/3060 3062/4112/3056 3061/4111/3055
f 3066/4116/3060 3061/4111/3055 925/1148/924
f 3066/4116/3060 925/1148/924 3067/4117/3061
f 3067/4117/3061 3065/4115/3059 3066/4116/3060
f 3067/4117/3061 925/1148/924 3068/4118/3062
f 3068/4118/3062 3069/4119/3063 3067/4117/3061
f 3067/4117/3061 3069/4119/3063 3065/4115/3059
f 3065/4115/3059 3069/4119/3063 3070/4120/3063
f 3068/4118/3062 3070/4120/3063 3069/4119/3063
f 3065/4115/3059 3070/4120/3063 3071/4121/3064
f 3071/4121/3064 3070/4120/3063 3068/4118/3062
f 3072/4122/3065 3065/4115/3059 3071/4121/3064
f 3073/4123/3066 3072/4122/3065 3071/4121/3064
f 937/1160/936 3071/4121/3064 3068/4118/3062
f 3073/4123/3066 3071/4121/3064 937/1160/936
f 3073/4123/3066 3074/4124/3067 3072/4122/3065
f 3075/4125/3068 3074/4124/3067 3073/4123/3066
f 937/1160/936 3075/4125/3068 3073/4123/3066
f 3076/4126/3069 3077/4127/3070 3075/4125/3068
f 937/1160/936 3076/4126/3069 3075/4125/3068
f 3075/4125/3068 3077/4127/3070 3074/4124/3067
f 3080/4128/3071 3074/4124/3067 3077/4127/3070
f 3078/4129/3072 3079/4130/3073 3077/4127/3070
f 3077/4127/3070 3076/4126/3069 3078/4129/3072
f 3077/4127/3070 3079/4130/3073 3082/4131/3074
f 3080/4128/3071 3077/4127/3070 3081/4132/3075
f 3077/4127/3070 3082/4131/3074 3081/4132/3075
f 3082/4131/3074 3089/4133/3076 3081/4132/3075
f 3082/4131/3074 3087/4134/3077 3083/4135/3078
f 3083/4135/3078 3086/4136/3079 3082/4131/3074
f 3084/4137/3080 3088/4138/3081 3082/4131/3074
f 3079/4130/3073 3084/4137/3080 3082/4131/3074
f 3082/4131/3074 3085/4139/3082 3089/4133/3076
f 3086/4136/3079 3085/4139/3082 3082/4131/3074
f 3082/4131/3074 3088/4138/3081 3087/4134/3077
f 3081/4132/3075 3089/4133/3076 3090/4140/3083
f 3091/4141/3084 3090/4140/3083 3089/4133/3076
f 3085/4139/3082 3092/4142/3085 3089/4133/3076
f 3091/4141/3084 3089/4133/3076 3092/4142/3085
f 3085/4139/3082 3094/4143/3086 3092/4142/3085
f 3092/4142/3085 3093/4144/3087 3091/4141/3084
f 3094/4143/3086 3093/4144/3087 3092/4142/3085
f 3095/4145/3088 3094/4143/3086 3085/4139/3082
f 3094/4143/3086 3096/4146/3089 3093/4144/3087
f 3095/4145/3088 3096/4146/3089 3094/4143/3086
f 3097/4147/3090 3096/4146/3089 3101/4148/3091
f 3097/4147/3090 3102/4149/3092 3096/4146/3089
f 3096/4146/3089 3098/4150/3093 3103/4151/3094
f 3096/4146/3089 3099/4152/3095 3098/4150/3093
f 3095/4145/3088 3099/4152/3095 3096/4146/3089
f 3100/4153/3096 3096/4146/3089 3102/4149/3092
f 3100/4153/3096 3093/4144/3087 3096/4146/3089
f 3101/4148/3091 3096/4146/3089 3103/4151/3094
f 3098/4150/3093 3104/4154/3097 3103/4151/3094
f 3103/4151/3094 3104/4154/3097 3105/4155/3098
f 3103/4151/3094 3105/4155/3098 3101/4148/3091
f 3101/4148/3091 3105/4155/3098 3106/4156/3099
f 3105/4155/3098 3107/4157/3100 3106/4156/3099
f 3105/4155/3098 3108/4158/3101 3107/4157/3100
f 3104/4154/3097 3108/4158/3101 3105/4155/3098
f 3109/4159/3102 3107/4157/3100 3108/4158/3101
f 3109/4159/3102 3108/4158/3101 3111/4160/3103
f 3113/4161/3104 3108/4158/3101 3110/4162/3105
f 3104/4154/3097 3110/4162/3105 3108/4158/3101
f 3111/4160/3103 3108/4158/3101 3112/4163/3106
f 3112/4163/3106 3108/4158/3101 3113/4161/3104
f 3114/4164/3107 3113/4161/3104 3115/4165/3108
f 3114/4164/3107 3112/4163/3106 3113/4161/3104
f 3115/4165/3108 3113/4161/3104 3116/4166/3109
f 3113/4161/3104 3110/4162/3105 3116/4166/3109
f 3115/4165/3108 3116/4166/3109 3117/4167/3110
f 3117/4167/3110 3116/4166/3109 3118/4168/3111
f 3116/4166/3109 3110/4162/3105 3118/4168/3111
f 3119/4169/3112 3123/4170/3113 3118/4168/3111
f 965/1188/964 3119/4169/3112 3118/4168/3111
f 3118/4168/3111 3120/4171/3114 3121/4172/3115
f 3118/4168/3111 3110/4162/3105 3120/4171/3114
f 965/1188/964 3118/4168/3111 3124/4173/3116
f 3124/4173/3116 3118/4168/3111 3121/4172/3115
f 3118/4168/3111 3122/4174/3117 3117/4167/3110
f 3118/4168/3111 3123/4170/3113 3122/4174/3117
f 3083/4135/3078 3087/4134/3077 3124/4173/3116
f 3125/4175/3118 3083/4135/3078 3124/4173/3116
f 3125/4175/3118 3124/4173/3116 3126/4176/3119
f 3124/4173/3116 3087/4134/3077 3088/4138/3081
f 3124/4173/3116 3088/4138/3081 965/1188/964
f 3124/4173/3116 3121/4172/3115 3126/4176/3119
f 3120/4171/3114 3126/4176/3119 3121/4172/3115
f 3120/4171/3114 3125/4175/3118 3126/4176/3119
f 3128/4177/3120 3125/4175/3118 3120/4171/3114
f 3128/4177/3120 3127/4178/3121 3125/4175/3118
f 3127/4178/3121 3083/4135/3078 3125/4175/3118
f 3104/4154/3097 3128/4177/3120 3120/4171/3114
f 3128/4177/3120 3099/4152/3095 3085/4139/3082
f 3104/4154/3097 3099/4152/3095 3128/4177/3120
f 3085/4139/3082 3127/4178/3121 3128/4177/3120
f 3085/4139/3082 3086/4136/3079 3127/4178/3121
f 3127/4178/3121 3086/4136/3079 3083/4135/3078
f 3129/4179/3122 3123/4170/3113 1111/1389/1107
f 3122/4174/3117 3123/4170/3113 3129/4179/3122
f 3130/4180/3123 1109/1390/1108 3123/4170/3113
f 3123/4170/3113 1109/1390/1108 1111/1389/1107
f 3130/4180/3123 3123/4170/3113 3119/4169/3112
f 3131/4181/3124 1109/1390/1108 3130/4180/3123
f 3130/4180/3123 3119/4169/3112 965/1188/964
f 965/1188/964 3131/4181/3124 3130/4180/3123
f 3131/4181/3124 1112/1391/1109 1109/1390/1108
f 1106/1387/1105 1112/1391/1109 3131/4181/3124
f 1107/1386/1104 1106/1387/1105 3131/4181/3124
f 965/1188/964 966/1187/963 3131/4181/3124
f 966/1187/963 1107/1386/1104 3131/4181/3124
f 3129/4179/3122 1111/1389/1107 1119/1402/1117
f 3122/4174/3117 3129/4179/3122 3117/4167/3110
f 3117/4167/3110 3129/4179/3122 3132/4182/3125
f 1119/1402/1117 3132/4182/3125 3129/4179/3122
f 3117/4167/3110 3132/4182/3125 3115/4165/3108
f 1119/1402/1117 3115/4165/3108 3132/4182/3125
f 3120/4171/3114 3110/4162/3105 3104/4154/3097
f 3114/4164/3107 3115/4165/3108 1119/1402/1117
f 3134/4183/3126 3114/4164/3107 1119/1402/1117
f 3133/4184/3127 3112/4163/3106 3114/4164/3107
f 3133/4184/3127 3114/4164/3107 3134/4183/3126
f 3133/4184/3127 3134/4183/3126 3136/4185/3128
f 3136/4185/3128 3134/4183/3126 3135/4186/3129
f 3137/4187/3130 3135/4186/3129 3134/4183/3126
f 3134/4183/3126 1119/1402/1117 3137/4187/3130
f 3137/4187/3130 3138/4188/3131 3139/4189/3132
f 3137/4187/3130 1119/1402/1117 3138/4188/3131
f 3137/4187/3130 3140/4190/3133 3135/4186/3129
f 3139/4189/3132 3140/4190/3133 3137/4187/3130
f 3142/4191/3134 3140/4190/3133 3141/4192/3135
f 3143/4193/3136 3141/4192/3135 3140/4190/3133
f 3143/4193/3136 3140/4190/3133 3139/4189/3132
f 3135/4186/3129 3140/4190/3133 3142/4191/3134
f 3139/4189/3132 3138/4188/3131 3143/4193/3136
f 3138/4188/3131 3144/4194/3137 3143/4193/3136
f 3143/4193/3136 3144/4194/3137 3145/4195/3138
f 3145/4195/3138 3146/4196/3139 3143/4193/3136
f 3146/4196/3139 3141/4192/3135 3143/4193/3136
f 3145/4195/3138 3147/4197/3140 3146/4196/3139
f 3147/4197/3140 3141/4192/3135 3146/4196/3139
f 3145/4195/3138 3148/4198/3141 3147/4197/3140
f 3148/4198/3141 3149/4199/3142 3147/4197/3140
f 3147/4197/3140 3149/4199/3142 3141/4192/3135
f 3142/4191/3134 3149/4199/3142 3150/4200/3143
f 3148/4198/3141 3150/4200/3143 3149/4199/3142
f 3141/4192/3135 3149/4199/3142 3142/4191/3134
f 3153/4201/3144 3150/4200/3143 3148/4198/3141
f 3151/4202/3145 3150/4200/3143 3153/4201/3144
f 3151/4203/3145 3152/4204/3146 3150/4205/3143
f 3142/4191/3134 3150/4200/3143 3152/4206/3146
f 3154/4207/3147 3153/4201/3144 3148/4198/3141
f 3151/4202/3145 3153/4201/3144 3154/4207/3147
f 3155/4208/3148 3159/4209/3149 3154/4207/3147
f 3170/4210/3150 3155/4208/3148 3154/4207/3147
f 3157/4211/3151 3154/4207/3147 3156/4212/3152
f 3154/4207/3147 3148/4198/3141 3156/4212/3152
f 3168/4213/3153 3154/4207/3147 3157/4211/3151
f 3154/4207/3147 3158/4214/3154 3163/4215/3155
f 3169/4216/3156 3158/4214/3154 3154/4207/3147
f 3154/4207/3147 3159/4209/3149 3166/4217/3157
f 3154/4207/3147 3160/4218/3158 3161/4219/3159
f 3164/4220/3160 3160/4218/3158 3154/4207/3147
f 3154/4207/3147 3161/4219/3159 3151/4202/3145
f 3162/4221/3161 3169/4216/3156 3154/4207/3147
f 3165/4222/3162 3162/4221/3161 3154/4207/3147
f 3154/4207/3147 3163/4215/3155 3170/4210/3150
f 3154/4207/3147 3166/4217/3157 3164/4220/3160
f 3165/4222/3162 3154/4207/3147 3167/4223/3163
f 3168/4213/3153 3167/4223/3163 3154/4207/3147
f 3163/4215/3155 3171/4224/3164 3170/4210/3150
f 3170/4210/3150 3171/4224/3164 3172/4225/3165
f 3170/4210/3150 3172/4225/3165 3155/4208/3148
f 3172/4225/3165 3173/4226/3166 3107/4157/3100
f 3171/4224/3164 3173/4226/3166 3172/4225/3165
f 3172/4225/3165 3107/4157/3100 3109/4159/3102
f 3155/4208/3148 3172/4225/3165 3109/4159/3102
f 3097/4147/3090 3106/4156/3099 3173/4226/3166
f 3173/4226/3166 3106/4156/3099 3107/4157/3100
f 3097/4147/3090 3173/4226/3166 3171/4224/3164
f 3163/4215/3155 3158/4214/3154 3171/4224/3164
f 3171/4224/3164 3158/4214/3154 3097/4147/3090
f 3169/4216/3156 3102/4149/3092 3158/4214/3154
f 3162/4221/3161 3175/4227/3167 3169/4216/3156
f 3174/4228/3168 3169/4216/3156 3175/4227/3167
f 3174/4228/3168 3102/4149/3092 3169/4216/3156
f 3175/4227/3167 3057/4106/3051 3176/4229/3169
f 3177/4230/3170 3057/4106/3051 3175/4227/3167
f 3175/4227/3167 3176/4229/3169 3174/4228/3168
f 3178/4231/3171 3177/4230/3170 3175/4227/3167
f 3178/4231/3171 3175/4227/3167 3162/4221/3161
f 3179/4232/3172 3178/4231/3171 3162/4221/3161
f 3181/4233/3173 3178/4231/3171 3179/4232/3172
f 3180/4234/3174 3177/4230/3170 3178/4231/3171
f 3180/4234/3174 3178/4231/3171 3181/4233/3173
f 3181/4233/3173 3185/4235/3175 3182/4236/3176
f 3182/4236/3176 3180/4234/3174 3181/4233/3173
f 3181/4233/3173 3179/4232/3172 3183/4237/3177
f 3183/4237/3177 3184/4238/3178 3181/4233/3173
f 3181/4233/3173 3184/4238/3178 3185/4235/3175
f 3186/4239/3179 3185/4235/3175 3184/4238/3178
f 3186/4239/3179 3182/4236/3176 3185/4235/3175
f 3186/4239/3179 3189/4240/3180 3187/4241/3181
f 3186/4239/3179 3187/4241/3181 3188/4242/3182
f 3188/4242/3182 3182/4236/3176 3186/4239/3179
f 3186/4239/3179 3190/4243/3183 3189/4240/3180
f 3184/4238/3178 3190/4243/3183 3186/4239/3179
f 3191/4244/3184 3192/4245/3185 3190/4243/3183
f 3191/4244/3184 3190/4243/3183 3183/4237/3177
f 3197/4246/3186 3189/4240/3180 3190/4243/3183
f 3183/4237/3177 3190/4243/3183 3184/4238/3178
f 3190/4243/3183 3192/4245/3185 3193/4247/3187
f 3190/4243/3183 3193/4247/3187 3194/4248/3188
f 3194/4248/3188 3195/4249/3189 3190/4243/3183
f 3190/4243/3183 3195/4249/3189 3196/4250/3190
f 3190/4243/3183 3196/4250/3190 3197/4246/3186
f 3197/4246/3186 3198/4251/3191 3189/4240/3180
f 3197/4246/3186 3196/4250/3190 3198/4251/3191
f 3196/4250/3190 3199/4252/3192 3198/4251/3191
f 3200/4253/3193 3198/4251/3191 3199/4252/3192
f 3189/4240/3180 3198/4251/3191 3200/4253/3193
f 3200/4253/3193 3201/4254/3194 3202/4255/3195
f 3203/4256/3196 3201/4254/3194 3200/4253/3193
f 3200/4253/3193 3202/4255/3195 3205/4257/3197
f 3200/4253/3193 3199/4252/3192 3203/4256/3196
f 3200/4253/3193 3204/4258/3198 3189/4240/3180
f 3200/4253/3193 3206/4259/3199 3204/4258/3198
f 3205/4257/3197 3206/4259/3199 3200/4253/3193
f 3207/4260/3200 3206/4259/3199 3208/4261/3201
f 3204/4258/3198 3206/4259/3199 3207/4260/3200
f 3205/4257/3197 3208/4261/3201 3206/4259/3199
f 3210/4262/3202 3209/4263/3203 3208/4264/3201
f 3211/4265/3204 3208/4264/3201 3209/4263/3203
f 3210/4266/3202 3208/4261/3201 3205/4257/3197
f 3207/4267/3200 3208/4264/3201 3211/4265/3204
f 3212/4268/3205 3211/4269/3204 3213/4270/3206
f 3212/4268/3205 3207/4260/3200 3211/4269/3204
f 3211/4265/3204 3209/4263/3203 3213/4271/3206
f 3212/4268/3205 3213/4270/3206 3214/4272/3207
f 3213/4271/3206 3215/4273/3208 3214/4274/3207
f 3213/4271/3206 3209/4263/3203 3215/4273/3208
f 3216/4275/3209 3215/4273/3208 3209/4263/3203
f 3216/4275/3209 3217/4276/3210 3215/4273/3208
f 3214/4274/3207 3215/4273/3208 3217/4276/3210
f 3218/4277/3211 3217/4276/3210 3216/4275/3209
f 3218/4277/3211 3219/4278/3212 3217/4276/3210
f 3221/4279/3213 3217/4276/3210 3219/4278/3212
f 3220/4280/3214 3217/4276/3210 3221/4279/3213
f 3214/4274/3207 3217/4276/3210 3220/4280/3214
f 3222/4281/3215 3221/4279/3213 3223/4282/3216
f 3222/4281/3215 3220/4280/3214 3221/4279/3213
f 3221/4279/3213 3226/4283/3217 3223/4282/3216
f 3221/4279/3213 3219/4278/3212 3224/4284/3218
f 3224/4284/3218 3225/4285/3219 3221/4279/3213
f 3221/4279/3213 3225/4285/3219 3226/4283/3217
f 3228/4286/3220 3223/4282/3216 3226/4283/3217
f 3231/4287/3221 3226/4283/3217 3225/4285/3219
f 3227/4288/3222 3226/4283/3217 3231/4287/3221
f 3227/4288/3222 3230/4289/3223 3226/4283/3217
f 3228/4286/3220 3226/4283/3217 3229/4290/3224
f 3229/4290/3224 3226/4283/3217 3230/4289/3223
f 3231/4291/3221 3234/4292/3225 3227/4293/3222
f 3231/4287/3221 3225/4285/3219 3232/4294/3226
f 3232/4294/3226 3233/4295/3227 3231/4287/3221
f 3231/4296/3221 3233/4297/3227 3234/4298/3225
f 3236/4299/3228 3235/4300/3229 3234/4301/3225
f 3227/4302/3222 3234/4303/3225 3235/4304/3229
f 3234/4301/3225 3233/4295/3227 3236/4299/3228
f 3236/4299/3228 3237/4305/3230 3235/4300/3229
f 3239/4306/3231 3237/4305/3230 3236/4299/3228
f 3240/4307/3232 3238/4308/3233 3236/4309/3228
f 3238/4310/3233 3239/4306/3231 3236/4299/3228
f 3240/4307/3232 3236/4309/3228 3233/4311/3227
f 3241/4312/3234 3240/4307/3232 3243/4313/3235
f 3241/4312/3234 3238/4308/3233 3240/4307/3232
f 3232/4314/3226 3240/4307/3232 3233/4311/3227
f 3232/4314/3226 3242/4315/3236 3240/4307/3232
f 3243/4313/3235 3240/4307/3232 3242/4315/3236
f 3244/4316/3237 3241/4312/3234 3243/4313/3235
f 3243/4313/3235 3242/4315/3236 3245/4317/3238
f 3243/4318/3235 3247/4319/3239 3244/4320/3237
f 3245/4321/3238 3246/4322/3240 3243/4318/3235
f 3243/4318/3235 3246/4322/3240 3247/4319/3239
f 3246/4322/3240 3250/4323/3241 3247/4319/3239
f 3247/4319/3239 3249/4324/3242 3248/4325/3243
f 3244/4320/3237 3247/4319/3239 3248/4325/3243
f 3247/4319/3239 3250/4323/3241 3249/4324/3242
f 3251/4326/3244 3249/4324/3242 3250/4323/3241
f 3251/4326/3244 3250/4323/3241 3252/4327/3245
f 3252/4327/3245 3250/4323/3241 3253/4328/3246
f 3246/4322/3240 3253/4328/3246 3250/4323/3241
f 3252/4327/3245 3253/4328/3246 3254/4329/3247
f 3255/4330/3248 3254/4329/3247 3253/4328/3246
f 3255/4330/3248 3253/4328/3246 3246/4322/3240
f 3245/4321/3238 3255/4330/3248 3246/4322/3240
f 3256/4331/3249 3255/4330/3248 3245/4321/3238
f 3256/4331/3249 3257/4332/3250 3255/4330/3248
f 3257/4332/3250 3254/4329/3247 3255/4330/3248
f 3258/4333/3251 3257/4332/3250 3256/4331/3249
f 3258/4333/3251 3259/4334/3252 3257/4332/3250
f 3257/4332/3250 3260/4335/3253 3254/4329/3247
f 3259/4334/3252 3260/4335/3253 3257/4332/3250
f 3261/4336/3254 3254/4329/3247 3260/4335/3253
f 3261/4336/3254 3260/4335/3253 3262/4337/3255
f 3259/4334/3252 3263/4338/3256 3260/4335/3253
f 3262/4337/3255 3260/4335/3253 3263/4338/3256
f 3262/4337/3255 3263/4338/3256 3266/4339/3257
f 3265/4340/3258 3264/4341/3259 3263/4338/3256
f 3266/4339/3257 3263/4338/3256 3264/4341/3259
f 3265/4340/3258 3263/4338/3256 3259/4334/3252
f 3262/4337/3255 3266/4339/3257 3267/4342/3260
f 3267/4342/3260 3266/4339/3257 3268/4343/3261
f 3266/4339/3257 3269/4344/3262 3268/4343/3261
f 3266/4339/3257 3264/4341/3259 3269/4344/3262
f 3269/4344/3262 3264/4341/3259 3270/4345/3263
f 3269/4344/3262 3270/4345/3263 3271/4346/3264
f 3269/4344/3262 3271/4346/3264 3272/4347/3265
f 3268/4343/3261 3269/4344/3262 3272/4347/3265
f 3273/4348/3266 3272/4347/3265 3274/4349/3267
f 3268/4343/3261 3272/4347/3265 3273/4348/3266
f 3272/4347/3265 3275/4350/3268 3274/4349/3267
f 3272/4347/3265 3271/4346/3264 3275/4350/3268
f 3275/4350/3268 3276/4351/3269 3278/4352/3270
f 3271/4346/3264 3276/4351/3269 3275/4350/3268
f 3275/4350/3268 3278/4352/3270 3277/4353/3271
f 3274/4349/3267 3275/4350/3268 3277/4353/3271
f 3276/4351/3269 3279/4354/3272 3278/4352/3270
f 3278/4352/3270 3279/4354/3272 3280/4355/3273
f 3278/4352/3270 3280/4355/3273 3281/4356/3274
f 3277/4353/3271 3278/4352/3270 3281/4356/3274
f 3281/4356/3274 3280/4355/3273 3283/4357/3275
f 3282/4358/3276 3281/4359/3274 3284/4360/3277
f 3277/4361/3271 3281/4359/3274 3282/4358/3276
f 3281/4359/3274 3283/4362/3275 3284/4360/3277
f 3282/4358/3276 3284/4360/3277 3285/4363/3278
f 3284/4360/3277 3286/4364/3279 3285/4363/3278
f 3284/4360/3277 3287/4365/3280 3286/4364/3279
f 3284/4360/3277 3283/4362/3275 3288/4366/3281
f 3288/4366/3281 3287/4365/3280 3284/4360/3277
f 3290/4367/3282 3288/4366/3281 3283/4362/3275
f 3288/4368/3281 3292/4369/3283 3287/4370/3280
f 3289/4371/3284 3288/4368/3281 3290/4372/3282
f 3289/4371/3284 3291/4373/3285 3288/4368/3281
f 3291/4373/3285 3292/4369/3283 3288/4368/3281
f 3291/4373/3285 3293/4374/3286 3292/4369/3283
f 3293/4374/3286 3287/4370/3280 3292/4369/3283
f 3294/4375/3287 3296/4376/3288 3293/4377/3286
f 3291/4373/3285 3294/4378/3287 3293/4374/3286
f 3293/4377/3286 3297/4379/3289 3295/4380/3290
f 3295/4381/3290 3286/4364/3279 3293/4382/3286
f 3293/4382/3286 3286/4364/3279 3287/4365/3280
f 3293/4377/3286 3296/4376/3288 3297/4379/3289
f 3295/4380/3290 3297/4379/3289 3298/4383/3291
f 3298/4383/3291 3297/4379/3289 3296/4376/3288
f 3295/4380/3290 3298/4383/3291 3301/4384/3292
f 3300/4385/3293 3298/4383/3291 3296/4376/3288
f 3301/4384/3292 3298/4383/3291 3299/4386/3294
f 1775/2233/1773 3299/4386/3294 3298/4383/3291
f 1775/2233/1773 3298/4383/3291 3300/4385/3293
f 3302/4387/3295 3295/4381/3290 3301/4388/3292
f 3302/4387/3295 3301/4388/3292 3303/4389/3296
f 3301/4388/3292 3305/4390/3297 3303/4389/3296
f 3301/4388/3292 3304/4391/3298 3305/4390/3297
f 3306/4392/3299 3304/4391/3298 3301/4388/3292
f 3301/4384/3292 3299/4386/3294 3306/4393/3299
f 3306/4392/3299 3308/4394/3300 3304/4391/3298
f 3306/4392/3299 3307/4395/3301 3308/4394/3300
f 3310/4396/3302 3307/4395/3301 3306/4392/3299
f 3306/4393/3299 3309/4397/3303 3310/4398/3302
f 3306/4393/3299 3299/4386/3294 3309/4397/3303
f 3310/4396/3302 3311/4399/3304 3307/4395/3301
f 3313/4400/3305 3311/4399/3304 3310/4396/3302
f 3310/4398/3302 3312/4401/3306 3314/4402/3307
f 3310/4398/3302 3309/4397/3303 3312/4401/3306
f 3310/4396/3302 3314/4403/3307 3313/4400/3305
f 3314/4402/3307 3315/4404/3308 3317/4405/3309
f 3314/4402/3307 3312/4401/3306 3315/4404/3308
f 3313/4400/3305 3314/4403/3307 3316/4406/3310
f 3314/4403/3307 3319/4407/3311 3316/4406/3310
f 3317/4408/3309 3318/4409/3312 3314/4403/3307
f 3314/4403/3307 3318/4409/3312 3319/4407/3311
f 3321/4410/3313 3316/4406/3310 3319/4407/3311
f 3320/4411/3314 3319/4407/3311 3318/4409/3312
f 3321/4410/3313 3319/4407/3311 3320/4411/3314
f 3313/4400/3305 3316/4406/3310 3321/4410/3313
f 3323/4412/3315 3313/4400/3305 3321/4410/3313
f 3324/4413/3316 3321/4410/3313 3322/4414/3317
f 3320/4411/3314 3322/4414/3317 3321/4410/3313
f 3323/4412/3315 3321/4410/3313 3324/4413/3316
f 3324/4413/3316 3325/4415/3318 3323/4412/3315
f 3324/4416/3316 3267/4342/3260 3325/4417/3318
f 3326/4418/3319 3267/4342/3260 3324/4416/3316
f 3324/4416/3316 3322/4419/3317 3326/4418/3319
f 3326/4418/3319 3262/4337/3255 3267/4342/3260
f 3261/4336/3254 3262/4337/3255 3326/4418/3319
f 3326/4418/3319 3327/4420/3320 3261/4336/3254
f 3326/4418/3319 3322/4419/3317 3327/4420/3320
f 3328/4421/3321 3327/4420/3320 3329/4422/3322
f 3328/4421/3321 3252/4327/3245 3327/4420/3320
f 3329/4422/3322 3327/4420/3320 3322/4419/3317
f 3261/4336/3254 3327/4420/3320 3252/4327/3245
f 3330/4423/3323 3328/4421/3321 3329/4422/3322
f 3329/4424/3322 3322/4414/3317 3320/4411/3314
f 3331/4425/3324 3329/4424/3322 3320/4411/3314
f 3330/4426/3323 3329/4424/3322 3331/4425/3324
f 3332/4427/3325 3331/4425/3324 3335/4428/3326
f 3333/4429/3327 3331/4425/3324 3332/4427/3325
f 3331/4425/3324 3320/4411/3314 3334/4430/3328
f 3333/4429/3327 3330/4426/3323 3331/4425/3324
f 3334/4430/3328 3335/4428/3326 3331/4425/3324
f 3335/4428/3326 3317/4408/3309 3336/4431/3329
f 3334/4430/3328 3317/4408/3309 3335/4428/3326
f 3335/4428/3326 3336/4431/3329 3332/4427/3325
f 3336/4431/3329 3339/4432/3330 3332/4427/3325
f 3336/4433/3329 3340/4434/3331 3337/4435/3332
f 3337/4436/3332 3338/4437/3333 3336/4431/3329
f 3336/4431/3329 3338/4437/3333 3339/4432/3330
f 3336/4433/3329 3341/4438/3334 3340/4434/3331
f 3317/4405/3309 3341/4438/3334 3336/4433/3329
f 3317/4405/3309 3315/4404/3308 3341/4438/3334
f 1775/2233/1773 3340/4434/3331 3341/4438/3334
f 3341/4438/3334 3315/4404/3308 1775/2233/1773
f 3337/4435/3332 3340/4434/3331 3342/4439/3335
f 1775/2233/1773 3342/4439/3335 3340/4434/3331
f 3337/4435/3332 3342/4439/3335 3344/4440/3336
f 3344/4440/3336 3342/4439/3335 3343/4441/3337
f 3343/4441/3337 3342/4439/3335 1775/2233/1773
f 3345/4442/3338 3337/4436/3332 3344/4443/3336
f 3345/4442/3338 3344/4443/3336 3346/4444/3339
f 3344/4440/3336 3343/4441/3337 3348/4445/3340
f 3346/4444/3339 3344/4443/3336 3347/4446/3341
f 3347/4446/3341 3344/4443/3336 3348/4447/3340
f 3347/4446/3341 3348/4447/3340 3349/4448/3342
f 3348/4447/3340 3352/4449/3343 3349/4448/3342
f 3348/4445/3340 3353/4450/3344 3350/4451/3345
f 3350/4451/3345 3351/4452/3346 3348/4445/3340
f 3348/4445/3340 3351/4452/3346 3352/4453/3343
f 3348/4445/3340 3343/4441/3337 3353/4450/3344
f 3350/4451/3345 3353/4450/3344 3354/4454/3347
f 1775/2233/1773 3354/4454/3347 3353/4450/3344
f 1775/2233/1773 3353/4450/3344 3343/4441/3337
f 3355/4455/3348 3354/4454/3347 1776/2232/1772
f 3350/4451/3345 3354/4454/3347 3355/4455/3348
f 1776/2232/1772 3354/4454/3347 1775/2233/1773
f 3356/4456/3349 3355/4457/3348 3357/4458/3350
f 3356/4459/3349 3350/4451/3345 3355/4455/3348
f 3355/4457/3348 3359/4460/3351 3357/4458/3350
f 3355/4455/3348 1776/2232/1772 1774/2231/1771
f 1774/4461/1771 3358/4462/3352 3355/4457/3348
f 3355/4457/3348 3358/4462/3352 3359/4460/3351
f 3357/4458/3350 3359/4460/3351 3361/4463/3353
f 3359/4460/3351 3358/4462/3352 3360/4464/3354
f 3361/4463/3353 3359/4460/3351 3360/4464/3354
f 3361/4465/3353 3362/4466/3355 3363/4467/3356
f 3364/4468/3357 3362/4466/3355 3361/4465/3353
f 3361/4463/3353 3363/4469/3356 3357/4458/3350
f 3361/4465/3353 3360/4470/3354 3364/4468/3357
f 3364/4468/3357 3365/4471/3358 3362/4466/3355
f 3366/4472/3359 3365/4471/3358 3364/4468/3357
f 3364/4468/3357 3367/4473/3360 3366/4472/3359
f 3364/4468/3357 3360/4470/3354 3367/4473/3360
f 1801/2261/1798 3367/4474/3360 1802/2260/1797
f 1806/2269/1803 3367/4473/3360 1801/2267/1798
f 3360/4470/3354 1802/4475/1797 3367/4473/3360
f 1806/2269/1803 3366/4472/3359 3367/4473/3360
f 3366/4472/3359 3368/4476/3361 3365/4471/3358
f 1810/2271/1805 3368/4476/3361 3366/4472/3359
f 1810/2271/1805 3366/4472/3359 1806/2269/1803
f 1810/2271/1805 3369/4477/3362 3368/4476/3361
f 3368/4476/3361 3369/4477/3362 3370/4478/3363
f 3371/4479/3364 3365/4471/3358 3368/4476/3361
f 3368/4476/3361 3370/4478/3363 3371/4479/3364
f 3371/4479/3364 3370/4478/3363 3372/4480/3365
f 3371/4479/3364 3372/4480/3365 3373/4481/3366
f 3373/4481/3366 3374/4482/3367 3371/4479/3364
f 3371/4479/3364 3374/4482/3367 3365/4471/3358
f 3365/4471/3358 3374/4482/3367 3362/4466/3355
f 3375/4483/3368 3362/4466/3355 3374/4482/3367
f 3375/4483/3368 3374/4482/3367 3376/4484/3369
f 3376/4484/3369 3374/4482/3367 3373/4481/3366
f 3376/4484/3369 3377/4485/3370 3375/4483/3368
f 3376/4484/3369 3378/4486/3371 3377/4485/3370
f 3379/4487/3372 3378/4486/3371 3376/4484/3369
f 3376/4484/3369 3373/4481/3366 3379/4487/3372
f 3379/4487/3372 3380/4488/3373 3381/4489/3374
f 3373/4481/3366 3380/4488/3373 3379/4487/3372
f 3379/4487/3372 3381/4489/3374 3382/4490/3375
f 3379/4487/3372 3382/4490/3375 3378/4486/3371
f 3382/4490/3375 3381/4489/3374 3383/4491/3376
f 3382/4490/3375 3385/4492/3377 3378/4486/3371
f 3382/4490/3375 3383/4491/3376 3384/4493/3378
f 3382/4490/3375 3384/4493/3378 3385/4492/3377
f 3378/4486/3371 3385/4492/3377 3386/4494/3379
f 3385/4492/3377 3387/4495/3380 3386/4494/3379
f 3385/4492/3377 3388/4496/3381 3387/4495/3380
f 3384/4493/3378 3388/4496/3381 3385/4492/3377
f 3384/4493/3378 3389/4497/3382 3388/4496/3381
f 3389/4497/3382 3391/4498/3383 3388/4496/3381
f 3388/4496/3381 3390/4499/3384 3387/4495/3380
f 3388/4496/3381 3391/4498/3383 3390/4499/3384
f 3391/4498/3383 3392/4500/3385 3394/4501/3386
f 3389/4497/3382 3392/4500/3385 3391/4498/3383
f 3393/4502/3387 3390/4499/3384 3391/4498/3383
f 3391/4498/3383 3394/4501/3386 3393/4502/3387
f 3394/4501/3386 3328/4421/3321 3330/4423/3323
f 3394/4501/3386 3251/4326/3244 3328/4421/3321
f 3392/4500/3385 3251/4326/3244 3394/4501/3386
f 3393/4502/3387 3394/4501/3386 3330/4423/3323
f 3393/4502/3387 3395/4503/3388 3390/4499/3384
f 3333/4504/3327 3395/4503/3388 3393/4502/3387
f 3393/4502/3387 3330/4423/3323 3333/4504/3327
f 3395/4505/3388 3397/4506/3389 3396/4507/3390
f 3395/4503/3388 3396/4508/3390 3390/4499/3384
f 3333/4429/3327 3339/4432/3330 3395/4505/3388
f 3395/4505/3388 3338/4437/3333 3397/4506/3389
f 3339/4432/3330 3338/4437/3333 3395/4505/3388
f 3397/4506/3389 3337/4436/3332 3345/4442/3338
f 3337/4436/3332 3397/4506/3389 3338/4437/3333
f 3396/4507/3390 3397/4506/3389 3345/4442/3338
f 3396/4507/3390 3345/4442/3338 3346/4444/3339
f 3398/4509/3391 3396/4507/3390 3346/4444/3339
f 3387/4495/3380 3390/4499/3384 3396/4508/3390
f 3387/4495/3380 3396/4508/3390 3398/4510/3391
f 3398/4509/3391 3346/4444/3339 3347/4446/3341
f 3399/4511/3392 3398/4509/3391 3347/4446/3341
f 3386/4494/3379 3398/4510/3391 3399/4512/3392
f 3386/4494/3379 3387/4495/3380 3398/4510/3391
f 3399/4511/3392 3347/4446/3341 3349/4448/3342
f 3349/4448/3342 3352/4449/3343 3399/4511/3392
f 3400/4513/3393 3399/4512/3392 3352/4453/3343
f 3377/4485/3370 3399/4512/3392 3400/4513/3393
f 3377/4485/3370 3386/4494/3379 3399/4512/3392
f 3375/4483/3368 3377/4485/3370 3400/4513/3393
f 3363/4467/3356 3400/4513/3393 3401/4514/3394
f 3400/4513/3393 3351/4452/3346 3401/4514/3394
f 3400/4513/3393 3352/4453/3343 3351/4452/3346
f 3375/4483/3368 3400/4513/3393 3363/4467/3356
f 3401/4515/3394 3350/4516/3345 3356/4517/3349
f 3350/4516/3345 3401/4515/3394 3351/4518/3346
f 3363/4467/3356 3401/4514/3394 3356/4459/3349
f 3392/4500/3385 3402/4519/3395 3249/4324/3242
f 3389/4497/3382 3402/4519/3395 3392/4500/3385
f 3392/4500/3385 3249/4324/3242 3251/4326/3244
f 3248/4325/3243 3249/4324/3242 3402/4519/3395
f 3248/4325/3243 3402/4519/3395 3403/4520/3396
f 3403/4520/3396 3402/4519/3395 3404/4521/3397
f 3389/4497/3382 3404/4521/3397 3402/4519/3395
f 3405/4522/3398 3404/4521/3397 3383/4491/3376
f 3384/4493/3378 3383/4491/3376 3404/4521/3397
f 3384/4493/3378 3404/4521/3397 3389/4497/3382
f 3403/4520/3396 3404/4521/3397 3405/4522/3398
f 3406/4523/3399 3403/4520/3396 3405/4522/3398
f 2608/4524/2603 3405/4522/3398 3407/4525/3400
f 3406/4523/3399 3405/4522/3398 2608/4524/2603
f 3405/4522/3398 3383/4491/3376 3407/4525/3400
f 3407/4525/3400 3381/4489/3374 3408/4526/3401
f 3407/4525/3400 3383/4491/3376 3381/4489/3374
f 2607/4527/2602 3407/4525/3400 3408/4526/3401
f 2608/4524/2603 3407/4525/3400 2607/4527/2602
f 3408/4526/3401 3380/4488/3373 3410/4528/3402
f 3408/4526/3401 3381/4489/3374 3380/4488/3373
f 3409/4529/3403 3408/4526/3401 3410/4528/3402
f 2607/4527/2602 3408/4526/3401 3409/4529/3403
f 3410/4528/3402 3380/4488/3373 3372/4480/3365
f 3411/4530/3404 3410/4528/3402 3412/4531/3405
f 3409/4529/3403 3410/4528/3402 3411/4530/3404
f 3410/4528/3402 3372/4480/3365 3412/4531/3405
f 3411/4530/3404 3412/4531/3405 3414/4532/3406
f 3412/4531/3405 3370/4478/3363 3413/4533/3407
f 3414/4532/3406 3412/4531/3405 3413/4533/3407
f 3412/4531/3405 3372/4480/3365 3370/4478/3363
f 3414/4534/3406 3415/4535/3408 3411/4536/3404
f 3414/4537/3406 3416/4538/3409 3415/4539/3408
f 3417/4540/3410 3416/4538/3409 3414/4537/3406
f 3414/4532/3406 3413/4533/3407 3417/4541/3410
f 3417/4540/3410 3420/4542/3411 3416/4538/3409
f 3417/4541/3410 3421/4543/3412 3418/4544/3413
f 3418/4545/3413 3419/4546/3414 3417/4540/3410
f 3419/4546/3414 3420/4542/3411 3417/4540/3410
f 3417/4541/3410 3413/4533/3407 3421/4543/3412
f 3421/4543/3412 1809/2273/1807 1813/2275/1809
f 3421/4543/3412 3369/4477/3362 1809/2273/1807
f 3413/4533/3407 3369/4477/3362 3421/4543/3412
f 3418/4544/3413 3421/4543/3412 1813/2275/1809
f 3422/4547/3415 3420/4542/3411 3423/4548/3416
f 3422/4547/3415 3416/4538/3409 3420/4542/3411
f 3419/4546/3414 3423/4548/3416 3420/4542/3411
f 2576/3461/2571 3422/4549/3415 3423/4550/3416
f 3425/4551/3417 3424/4552/3418 3423/4548/3416
f 3424/4553/3418 3426/4554/3419 3423/4550/3416
f 3425/4551/3417 3423/4548/3416 3419/4546/3414
f 2576/3461/2571 3423/4550/3416 3426/4554/3419
f 3426/4554/3419 3429/4555/3420 3427/4556/3421
f 3427/4556/3421 2577/3462/2572 3426/4554/3419
f 3428/4557/3422 3426/4554/3419 3424/4553/3418
f 3428/4557/3422 3429/4555/3420 3426/4554/3419
f 3426/4554/3419 2577/3462/2572 2576/3461/2571
f 3427/4556/3421 3429/4555/3420 3430/4558/3423
f 3430/4558/3423 3429/4555/3420 3432/4559/3424
f 3431/4560/3425 3429/4555/3420 3428/4557/3422
f 3431/4560/3425 3432/4559/3424 3429/4555/3420
f 3433/4561/3426 3432/4559/3424 3431/4560/3425
f 3432/4559/3424 3433/4561/3426 3434/4562/3427
f 3432/4559/3424 3434/4562/3427 3430/4558/3423
f 3433/4561/3426 3435/4563/3428 3434/4562/3427
f 3434/4562/3427 3435/4563/3428 3436/4564/3429
f 3434/4562/3427 3436/4564/3429 3437/4565/3430
f 3430/4558/3423 3434/4562/3427 3437/4565/3430
f 3437/4566/3430 3442/4567/3431 3438/4568/3432
f 3438/4568/3432 3441/4569/3433 3437/4566/3430
f 3437/4565/3430 3436/4564/3429 3442/4570/3431
f 3430/4558/3423 3437/4565/3430 3439/4571/3434
f 3437/4566/3430 3440/4572/3435 3439/4573/3434
f 3437/4566/3430 3441/4569/3433 3440/4572/3435
f 3436/4564/3429 3444/4574/3436 3442/4570/3431
f 3438/4568/3432 3442/4567/3431 3443/4575/3437
f 3446/4576/3438 3443/4575/3437 3442/4567/3431
f 3442/4570/3431 3444/4574/3436 3447/4577/3439
f 3442/4570/3431 3447/4577/3439 3445/4578/3440
f 3445/4579/3440 3446/4576/3438 3442/4567/3431
f 3448/4580/3441 3447/4581/3439 3444/4582/3436
f 3448/4580/3441 3445/4583/3440 3447/4581/3439
f 3449/4584/3442 3448/4585/3441 3450/4586/3443
f 3449/4587/3442 3451/4588/3444 3448/4580/3441
f 3450/4586/3443 3448/4585/3441 3455/4589/3445
f 3448/4580/3441 3451/4588/3444 3453/4590/3446
f 3448/4580/3441 3452/4591/3447 3456/4592/3448
f 3453/4590/3446 3452/4591/3447 3448/4580/3441
f 3454/4593/3449 3448/4580/3441 3444/4582/3436
f 3457/4594/3450 3448/4580/3441 3454/4593/3449
f 3448/4585/3441 3457/4595/3450 3455/4589/3445
f 3446/4596/3438 3445/4583/3440 3448/4580/3441
f 3448/4580/3441 3456/4592/3448 3446/4596/3438
f 3457/4597/3450 3458/4598/3451 3455/4599/3445
f 3457/4597/3450 3459/4600/3452 3458/4598/3451
f 3454/4601/3449 3459/4600/3452 3457/4597/3450
f 3458/4598/3451 3459/4600/3452 3436/4564/3429
f 3436/4564/3429 3459/4600/3452 3444/4574/3436
f 3459/4600/3452 3454/4601/3449 3444/4574/3436
f 3435/4563/3428 3458/4598/3451 3436/4564/3429
f 3455/4599/3445 3458/4598/3451 3435/4563/3428
f 3460/4602/3453 3456/4603/3448 3452/4604/3447
f 3456/4603/3448 3460/4602/3453 3446/4576/3438
f 3460/4602/3453 3452/4604/3447 3461/4605/3454
f 3446/4606/3438 3460/4607/3453 3443/4608/3437
f 3462/4609/3455 3443/4575/3437 3460/4602/3453
f 3463/4610/3456 3460/4602/3453 3461/4605/3454
f 3462/4609/3455 3460/4602/3453 3463/4610/3456
f 3463/4610/3456 3461/4605/3454 3465/4611/3457
f 3464/4612/3458 3463/4610/3456 3451/4613/3444
f 3464/4612/3458 3462/4609/3455 3463/4610/3456
f 3451/4613/3444 3463/4610/3456 3465/4611/3457
f 3461/4605/3454 3452/4604/3447 3465/4611/3457
f 3452/4604/3447 3453/4614/3446 3465/4611/3457
f 3451/4613/3444 3465/4611/3457 3453/4614/3446
f 3451/4613/3444 3466/4615/3459 3464/4612/3458
f 3466/4615/3459 3462/4609/3455 3464/4612/3458
f 3451/4613/3444 3467/4616/3460 3466/4615/3459
f 3467/4616/3460 3468/4617/3461 3466/4615/3459
f 3466/4615/3459 3468/4617/3461 3462/4609/3455
f 3462/4609/3455 3468/4617/3461 3470/4618/3462
f 3468/4617/3461 3469/4619/3463 3470/4618/3462
f 3468/4617/3461 3471/4620/3464 3469/4619/3463
f 3467/4616/3460 3471/4620/3464 3468/4617/3461
f 3471/4620/3464 3467/4616/3460 3451/4613/3444
f 3471/4620/3464 3472/4621/3465 3469/4619/3463
f 3471/4620/3464 3451/4613/3444 3472/4621/3465
f 3469/4619/3463 3472/4621/3465 3473/4622/3466
f 3472/4621/3465 3474/4623/3467 3473/4622/3466
f 3472/4621/3465 3451/4613/3444 3474/4623/3467
f 3473/4622/3466 3474/4623/3467 3475/4624/3468
f 3451/4613/3444 3476/4625/3469 3474/4623/3467
f 3476/4625/3469 3475/4624/3468 3474/4623/3467
f 3451/4613/3444 3477/4626/3470 3476/4625/3469
f 3477/4626/3470 3478/4627/3471 3476/4625/3469
f 3476/4625/3469 3478/4627/3471 3475/4624/3468
f 1901/2400/1899 3478/4627/3471 3480/4628/3472
f 1900/2397/1896 3478/4627/3471 1901/2400/1899
f 3475/4624/3468 3478/4627/3471 3479/4629/3473
f 3479/4629/3473 3478/4627/3471 1898/2396/1895
f 3478/4627/3471 1900/2397/1896 1898/2396/1895
f 3477/4626/3470 3480/4628/3472 3478/4627/3471
f 1901/2400/1899 3480/4628/3472 1902/2401/1900
f 1902/2401/1900 3480/4628/3472 1903/2402/1901
f 1903/2402/1901 3480/4628/3472 3481/4630/3474
f 3482/4631/3475 3480/4628/3472 3477/4626/3470
f 3482/4631/3475 3481/4630/3474 3480/4628/3472
f 3483/4632/3476 3481/4630/3474 3482/4631/3475
f 3483/4632/3476 3482/4631/3475 3484/4633/3477
f 3484/4633/3477 3482/4631/3475 3477/4626/3470
f 3484/4633/3477 3477/4626/3470 3451/4613/3444
f 3486/4634/3478 1876/2356/1872 3484/4635/3477
f 1876/2359/1872 3485/4636/3479 3484/4633/3477
f 3484/4633/3477 3485/4636/3479 3488/4637/3480
f 3449/4587/3442 3484/4638/3477 3451/4588/3444
f 3486/4639/3478 3484/4638/3477 3487/4640/3481
f 3487/4640/3481 3484/4638/3477 3449/4587/3442
f 3484/4633/3477 3488/4637/3480 3483/4632/3476
f 3488/4637/3480 3481/4630/3474 3483/4632/3476
f 3485/4636/3479 3481/4630/3474 3488/4637/3480
f 3487/4641/3481 3489/4642/3482 3486/4643/3478
f 3449/4584/3442 3450/4586/3443 3487/4641/3481
f 3487/4641/3481 3450/4586/3443 3489/4642/3482
f 3486/4643/3478 3489/4642/3482 3490/4644/3483
f 3490/4644/3483 3489/4642/3482 1878/4645/1873
f 1878/4645/1873 3489/4642/3482 1864/2337/1860
f 1818/2338/1814 3489/4642/3482 3450/4586/3443
f 1818/2338/1814 1864/2337/1860 3489/4642/3482
f 3490/4646/3483 1876/2356/1872 3486/4634/3478
f 3490/4646/3483 1878/2357/1873 1876/2356/1872
f 3485/4636/3479 3493/4647/3484 3481/4630/3474
f 3491/4648/3485 3493/4647/3484 3485/4636/3479
f 3485/4636/3479 3492/4649/3486 3491/4648/3485
f 1876/2359/1872 3492/4649/3486 3485/4636/3479
f 1903/2402/1901 3481/4630/3474 3493/4647/3484
f 3493/4647/3484 3495/4650/3487 1903/2402/1901
f 3491/4648/3485 3494/4651/3488 3493/4647/3484
f 3494/4651/3488 3495/4650/3487 3493/4647/3484
f 1903/2402/1901 3495/4650/3487 1904/2403/1902
f 1885/4652/1883 3495/4653/3487 3494/4654/3488
f 3496/4655/3489 3495/4653/3487 1885/4652/1883
f 1904/4656/1902 3495/4653/3487 3496/4655/3489
f 3496/4657/3489 1885/2375/1883 1886/2374/1882
f 1886/2385/1882 1904/4656/1902 3496/4655/3489
f 3497/4658/3490 3494/4651/3488 3491/4648/3485
f 1885/2376/1883 3494/4659/3488 3497/4660/3490
f 3491/4648/3485 3498/4661/3491 3497/4658/3490
f 3497/4660/3490 3498/4662/3491 1885/2376/1883
f 3498/4661/3491 3492/4649/3486 3499/4663/3492
f 3492/4649/3486 3498/4661/3491 3491/4648/3485
f 1885/2376/1883 3498/4662/3491 3499/4664/3492
f 3499/4663/3492 1876/2359/1872 1877/2358/1874
f 3499/4663/3492 3492/4649/3486 1876/2359/1872
f 1885/2376/1883 3499/4664/3492 1877/2369/1874
f 3479/4629/3473 3500/4665/3493 3475/4624/3468
f 3479/4629/3473 3501/4666/3494 3500/4665/3493
f 1897/2395/1894 3501/4666/3494 3479/4629/3473
f 3479/4629/3473 1898/2396/1895 1897/2395/1894
f 3501/4666/3494 3502/4667/3495 3500/4665/3493
f 1896/2393/1892 3502/4667/3495 3501/4666/3494
f 1896/2393/1892 3501/4666/3494 1897/2395/1894
f 3503/4668/3496 3502/4667/3495 1896/2393/1892
f 3503/4668/3496 3504/4669/3497 3502/4667/3495
f 3500/4665/3493 3502/4667/3495 3469/4619/3463
f 3502/4667/3495 3504/4669/3497 3469/4619/3463
f 3469/4619/3463 3504/4669/3497 3505/4670/3498
f 3505/4670/3498 3504/4669/3497 3503/4668/3496
f 3469/4619/3463 3505/4670/3498 3506/4671/3499
f 3507/4672/3500 3506/4671/3499 3505/4670/3498
f 3505/4670/3498 3503/4668/3496 3507/4672/3500
f 3507/4672/3500 3503/4668/3496 3438/4568/3432
f 3507/4672/3500 3438/4568/3432 3508/4673/3501
f 3508/4673/3501 3506/4671/3499 3507/4672/3500
f 3508/4673/3501 3462/4609/3455 3470/4618/3462
f 3509/4674/3502 3462/4609/3455 3508/4673/3501
f 3508/4673/3501 3470/4618/3462 3506/4671/3499
f 3508/4673/3501 3438/4568/3432 3509/4674/3502
f 3438/4568/3432 3443/4575/3437 3509/4674/3502
f 3509/4674/3502 3443/4575/3437 3462/4609/3455
f 3470/4618/3462 3469/4619/3463 3506/4671/3499
f 3503/4668/3496 1896/2393/1892 3438/4568/3432
f 3475/4624/3468 3500/4665/3493 3473/4622/3466
f 3500/4665/3493 3469/4619/3463 3473/4622/3466
f 3510/4675/3503 3455/4589/3445 3431/4676/3425
f 3433/4561/3426 3431/4560/3425 3455/4599/3445
f 3450/4586/3443 3455/4589/3445 3510/4675/3503
f 3455/4599/3445 3435/4563/3428 3433/4561/3426
f 1815/4677/1811 3450/4586/3443 3510/4675/3503
f 3510/4675/3503 3511/4678/3504 1816/4679/1813
f 3510/4675/3503 3431/4676/3425 3511/4678/3504
f 1815/4677/1811 3510/4675/3503 1816/4679/1813
f 1816/4679/1813 3511/4678/3504 3512/4680/3505
f 3511/4678/3504 3428/4681/3422 3512/4680/3505
f 3511/4678/3504 3431/4676/3425 3428/4681/3422
f 3512/4680/3505 3425/4551/3417 3418/4545/3413
f 3512/4680/3505 3424/4552/3418 3425/4551/3417
f 1816/4679/1813 3512/4680/3505 3418/4545/3413
f 3512/4680/3505 3428/4681/3422 3424/4552/3418
f 1818/2338/1814 3450/4586/3443 1815/4677/1811
f 3438/4568/3432 1896/2393/1892 3441/4569/3433
f 3441/4569/3433 3513/4682/3506 3514/4683/3507
f 1896/2393/1892 3513/4682/3506 3441/4569/3433
f 3441/4569/3433 3514/4683/3507 3440/4572/3435
f 3513/4682/3506 3515/4684/3508 3514/4683/3507
f 3515/4684/3508 3516/4685/3509 3514/4683/3507
f 3514/4683/3507 3516/4685/3509 3440/4572/3435
f 3515/4684/3508 3517/4686/3510 3516/4685/3509
f 3440/4572/3435 3516/4685/3509 3517/4686/3510
f 3518/4687/3511 3517/4686/3510 3515/4684/3508
f 2524/3399/2520 3517/4686/3510 3518/4687/3511
f 3440/4572/3435 3517/4686/3510 2524/3399/2520
f 3515/4684/3508 3519/4688/3512 3518/4687/3511
f 3518/4687/3511 3519/4688/3512 3520/4689/3513
f 3518/4687/3511 3520/4689/3513 3521/4690/3514
f 2524/3399/2520 3518/4687/3511 3521/4690/3514
f 3521/4690/3514 3520/4689/3513 3524/4691/3515
f 3521/4690/3514 2517/3388/2511 2524/3399/2520
f 3521/4690/3514 3522/4692/3516 3523/4693/3517
f 3524/4691/3515 3522/4692/3516 3521/4690/3514
f 3521/4690/3514 3523/4693/3517 2517/3388/2511
f 3524/4691/3515 3520/4689/3513 3525/4694/3518
f 3522/4692/3516 3524/4691/3515 3526/4695/3519
f 3526/4695/3519 3524/4691/3515 3525/4694/3518
f 3526/4695/3519 3525/4694/3518 3528/4696/3520
f 3526/4695/3519 3527/4697/3521 3529/4698/3522
f 3528/4696/3520 3527/4697/3521 3526/4695/3519
f 3526/4695/3519 3529/4698/3522 3522/4692/3516
f 3522/4692/3516 3529/4698/3522 3523/4693/3517
f 3530/4699/3523 3529/4698/3522 3527/4697/3521
f 3523/4693/3517 3529/4698/3522 3530/4699/3523
f 2437/3270/2432 3530/4700/3523 2430/3271/2426
f 3530/4699/3523 2428/3259/2424 2430/3258/2426
f 2437/3270/2432 3523/4701/3517 3530/4700/3523
f 3531/4702/3524 3538/4703/3525 3530/4699/3523
f 3530/4699/3523 3535/4704/3526 3531/4702/3524
f 3530/4699/3523 2427/4705/2423 2428/3259/2424
f 3530/4699/3523 3532/4706/3527 3537/4707/3528
f 3533/4708/3529 3532/4706/3527 3530/4699/3523
f 3530/4699/3523 3527/4697/3521 3533/4708/3529
f 3530/4699/3523 3534/4709/3530 3535/4704/3526
f 3536/4710/3531 3534/4709/3530 3530/4699/3523
f 3530/4699/3523 3537/4707/3528 3536/4710/3531
f 3530/4699/3523 3538/4703/3525 2427/4705/2423
f 3531/4711/3524 3539/4712/3532 3538/4713/3525
f 3538/4713/3525 3539/4712/3532 3540/4714/3533
f 3541/4715/3534 3538/4713/3525 3540/4714/3533
f 2426/3253/2422 2427/3254/2423 3538/4713/3525
f 2426/3253/2422 3538/4713/3525 3541/4715/3534
f 3542/4716/3535 3541/4715/3534 3540/4714/3533
f 2419/3244/2413 3541/4715/3534 3542/4716/3535
f 2419/3244/2413 2426/3253/2422 3541/4715/3534
f 3543/4717/3536 3542/4716/3535 3539/4712/3532
f 3543/4717/3536 3545/4718/3537 3542/4716/3535
f 3542/4716/3535 3544/4719/3538 2419/3244/2413
f 3542/4716/3535 3546/4720/3539 3544/4719/3538
f 3545/4718/3537 3546/4720/3539 3542/4716/3535
f 3542/4716/3535 3540/4714/3533 3539/4712/3532
f 3546/4720/3539 3550/4721/3540 3547/4722/3541
f 3547/4722/3541 3548/4723/3542 3546/4720/3539
f 3546/4720/3539 3548/4723/3542 2413/3239/2408
f 3545/4718/3537 3549/4724/3543 3546/4720/3539
f 3546/4720/3539 3549/4724/3543 3550/4721/3540
f 3546/4720/3539 2413/3239/2408 3544/4719/3538
f 3549/4725/3543 3553/4726/3544 3550/4727/3540
f 3554/4728/3545 3550/4727/3540 3551/4729/3546
f 3550/4727/3540 3552/4730/3547 3551/4729/3546
f 3550/4727/3540 3553/4726/3544 3552/4730/3547
f 3547/4731/3541 3550/4727/3540 3554/4728/3545
f 3554/4728/3545 3551/4729/3546 3555/4732/3548
f 3555/4732/3548 1899/2398/1897 3554/4728/3545
f 3554/4728/3545 1899/2398/1897 3548/4733/3542
f 3554/4728/3545 3548/4733/3542 3547/4731/3541
f 3555/4732/3548 3519/4688/3512 3515/4684/3508
f 3555/4732/3548 3551/4729/3546 3519/4688/3512
f 1907/2394/1893 3555/4732/3548 3515/4684/3508
f 1907/2394/1893 1899/2398/1897 3555/4732/3548
f 3556/4734/3549 3553/4726/3544 3557/4735/3550
f 3556/4734/3549 3552/4730/3547 3553/4726/3544
f 3545/4736/3537 3553/4726/3544 3549/4725/3543
f 3545/4736/3537 3558/4737/3551 3553/4726/3544
f 3557/4738/3550 3553/4739/3544 3558/4740/3551
f 3543/4717/3536 3558/4740/3551 3545/4718/3537
f 3543/4717/3536 3559/4741/3552 3558/4740/3551
f 3558/4740/3551 3534/4742/3530 3557/4738/3550
f 3558/4740/3551 3559/4741/3552 3534/4742/3530
f 3539/4712/3532 3559/4741/3552 3543/4717/3536
f 3531/4711/3524 3559/4741/3552 3539/4712/3532
f 3534/4709/3530 3559/4743/3552 3535/4704/3526
f 3535/4744/3526 3559/4741/3552 3531/4711/3524
f 3557/4735/3550 3536/4710/3531 3556/4734/3549
f 3557/4735/3550 3534/4709/3530 3536/4710/3531
f 3556/4734/3549 3537/4707/3528 3532/4706/3527
f 3560/4745/3553 3556/4734/3549 3532/4706/3527
f 3556/4734/3549 3536/4710/3531 3537/4707/3528
f 3560/4745/3553 3552/4730/3547 3556/4734/3549
f 3561/4746/3554 3551/4729/3546 3560/4745/3553
f 3562/4747/3555 3561/4746/3554 3560/4745/3553
f 3560/4745/3553 3532/4706/3527 3562/4747/3555
f 3560/4745/3553 3551/4729/3546 3552/4730/3547
f 3562/4747/3555 3533/4708/3529 3528/4696/3520
f 3528/4696/3520 3561/4746/3554 3562/4747/3555
f 3562/4747/3555 3532/4706/3527 3533/4708/3529
f 3519/4688/3512 3561/4746/3554 3525/4694/3518
f 3528/4696/3520 3525/4694/3518 3561/4746/3554
f 3551/4729/3546 3561/4746/3554 3519/4688/3512
f 1899/2398/1897 3563/4748/3556 3548/4733/3542
f 3548/4723/3542 3563/4749/3556 2413/3239/2408
f 1899/2398/1897 3564/4750/3557 3563/4748/3556
f 2413/3239/2408 3563/4749/3556 1916/2418/1912
f 3563/4749/3556 3564/4751/3557 1916/2418/1912
f 1899/2398/1897 1912/2412/1909 3564/4750/3557
f 3564/4751/3557 1912/2413/1909 1916/2418/1912
f 3544/4719/3538 2413/3239/2408 3565/4752/3558
f 2419/3244/2413 3544/4719/3538 3565/4752/3558
f 2413/3239/2408 2415/3240/2409 3565/4752/3558
f 2419/3244/2413 3565/4752/3558 2415/3240/2409
f 3528/4696/3520 3533/4708/3529 3527/4697/3521
f 3519/4688/3512 3525/4694/3518 3520/4689/3513
f 2517/3388/2511 3523/4693/3517 2518/3389/2512
f 2518/4753/2512 3523/4701/3517 2437/3270/2432
f 3513/4682/3506 1907/2394/1893 3515/4684/3508
f 1896/2393/1892 1907/2394/1893 3513/4682/3506
f 3439/4573/3434 3440/4572/3435 2525/3398/2519
f 3440/4572/3435 2524/3399/2520 2525/3398/2519
f 3439/4573/3434 2525/3398/2519 3566/4754/3559
f 3567/4755/3560 3439/4571/3434 3566/4756/3559
f 3567/4755/3560 3430/4558/3423 3439/4571/3434
f 3567/4755/3560 2569/3452/2563 2570/3455/2565
f 3568/4757/3561 2569/3452/2563 3567/4755/3560
f 3566/4756/3559 3568/4757/3561 3567/4755/3560
f 3427/4556/3421 3430/4558/3423 3567/4755/3560
f 3567/4755/3560 2570/3455/2565 3427/4556/3421
f 2569/3452/2563 3568/4757/3561 2527/4758/2522
f 2525/3398/2519 2523/3397/2518 3568/4759/3561
f 2527/3401/2522 3568/4759/3561 2523/3397/2518
f 2525/3398/2519 3568/4759/3561 3566/4754/3559
f 3427/4556/3421 2570/3455/2565 2577/3462/2572
f 3418/4545/3413 3425/4551/3417 3419/4546/3414
f 3569/4760/3562 3416/4538/3409 3422/4547/3415
f 3569/4761/3562 3422/4549/3415 2576/3461/2571
f 3569/4760/3562 3415/4539/3408 3416/4538/3409
f 3570/4762/3563 3415/4539/3408 3569/4760/3562
f 2576/3461/2571 3570/4763/3563 3569/4761/3562
f 2581/4764/2576 3571/4765/3564 3570/4766/3563
f 2576/3461/2571 2581/3466/2576 3570/4763/3563
f 3570/4766/3563 3571/4765/3564 3415/4535/3408
f 3411/4536/3404 3571/4765/3564 3572/4767/3565
f 2581/4764/2576 3572/4767/3565 3571/4765/3564
f 3415/4535/3408 3571/4765/3564 3411/4536/3404
f 3572/4767/3565 3573/4768/3566 3409/4769/3403
f 3574/4770/3567 3573/4768/3566 3572/4767/3565
f 3411/4536/3404 3572/4767/3565 3409/4769/3403
f 3574/4770/3567 3572/4767/3565 2580/4771/2575
f 2580/4771/2575 3572/4767/3565 2581/4764/2576
f 2579/3463/2573 3574/4772/3567 2580/3465/2575
f 2579/3476/2573 3575/4773/3568 3574/4774/3567
f 3576/4775/3569 3574/4772/3567 3575/4776/3568
f 3576/4777/3569 3573/4768/3566 3574/4770/3567
f 3576/4777/3569 3577/4778/3570 3573/4768/3566
f 3576/4775/3569 2589/3480/2583 3577/4779/3570
f 3576/4775/3569 3578/4780/3571 2589/3480/2583
f 3575/4776/3568 3578/4780/3571 3576/4775/3569
f 3578/4781/3571 3575/4773/3568 2579/3476/2573
f 2579/3476/2573 2588/3477/2582 3578/4781/3571
f 3578/4780/3571 2588/3478/2582 2589/3480/2583
f 3573/4768/3566 3577/4778/3570 2593/4782/2585
f 3577/4779/3570 2589/3480/2583 2593/3483/2585
f 3409/4769/3403 3573/4768/3566 2596/3490/2591
f 3573/4768/3566 2593/4782/2585 2596/3490/2591
f 3418/4544/3413 1813/2275/1809 1816/2279/1813
f 3413/4533/3407 3370/4478/3363 3369/4477/3362
f 3409/4769/3403 2596/3490/2591 2607/3506/2602
f 3406/4783/3399 3579/4784/3572 3581/4785/3573
f 3406/4783/3399 3580/4786/3574 3579/4784/3572
f 2610/3508/2604 3580/4786/3574 3406/4783/3399
f 2608/3507/2603 2610/3508/2604 3406/4783/3399
f 3581/4787/3573 3403/4520/3396 3406/4523/3399
f 3581/4785/3573 3579/4784/3572 3582/4788/3575
f 3581/4787/3573 3248/4325/3243 3403/4520/3396
f 3244/4320/3237 3248/4325/3243 3581/4787/3573
f 3581/4785/3573 3582/4788/3575 3244/4316/3237
f 3582/4788/3575 3583/4789/3576 3244/4316/3237
f 3582/4788/3575 3587/4790/3577 3583/4789/3576
f 3584/4791/3578 3586/4792/3579 3582/4788/3575
f 3584/4791/3578 3582/4788/3575 3585/4793/3580
f 3585/4793/3580 3582/4788/3575 3579/4784/3572
f 3582/4788/3575 3586/4792/3579 3587/4790/3577
f 3588/4794/3581 3587/4790/3577 3590/4795/3582
f 3588/4794/3581 3589/4796/3583 3587/4790/3577
f 3589/4797/3583 3591/4798/3584 3587/4799/3577
f 3590/4795/3582 3587/4790/3577 3586/4792/3579
f 3583/4789/3576 3587/4790/3577 3591/4800/3584
f 3583/4789/3576 3591/4800/3584 3592/4801/3585
f 3589/4797/3583 3592/4802/3585 3591/4798/3584
f 3593/4803/3586 3594/4804/3587 3592/4802/3585
f 3593/4803/3586 3592/4802/3585 3589/4797/3583
f 3592/4801/3585 3594/4805/3587 3583/4789/3576
f 3594/4805/3587 3595/4806/3588 3583/4789/3576
f 3593/4803/3586 3595/4807/3588 3594/4804/3587
f 3583/4789/3576 3595/4806/3588 3596/4808/3589
f 3597/4809/3590 3596/4810/3589 3595/4807/3588
f 3597/4809/3590 3595/4807/3588 3593/4803/3586
f 3600/4811/3591 3598/4812/3592 3597/4809/3590
f 3598/4812/3592 3596/4810/3589 3597/4809/3590
f 3599/4813/3593 3597/4809/3590 3593/4803/3586
f 3600/4811/3591 3597/4809/3590 3599/4813/3593
f 3600/4811/3591 3601/4814/3594 3605/4815/3595
f 3600/4811/3591 3604/4816/3596 3601/4814/3594
f 3599/4813/3593 3604/4816/3596 3600/4811/3591
f 3602/4817/3597 3598/4812/3592 3600/4811/3591
f 3603/4818/3598 3602/4817/3597 3600/4811/3591
f 3603/4818/3598 3600/4811/3591 3605/4815/3595
f 3606/4819/3599 3603/4820/3598 3605/4821/3595
f 3606/4822/3599 3605/4823/3595 3607/4824/3600
f 3607/4825/3600 3605/4826/3595 3601/4827/3594
f 3052/4099/3047 3607/4828/3600 3608/4829/3601
f 3604/4816/3596 3608/4829/3601 3607/4828/3600
f 3607/4828/3600 3601/4814/3594 3604/4816/3596
f 3609/4830/3602 3606/4831/3599 3607/4828/3600
f 3052/4099/3047 3609/4830/3602 3607/4828/3600
f 3610/4832/3603 3606/4831/3599 3609/4830/3602
f 3610/4832/3603 3609/4830/3602 3052/4099/3047
f 3611/4833/3604 3610/4832/3603 3052/4099/3047
f 3612/4834/3605 3610/4832/3603 3611/4833/3604
f 3612/4834/3605 3613/4835/3606 3610/4832/3603
f 3613/4835/3606 3614/4836/3607 3610/4832/3603
f 3610/4832/3603 3614/4836/3607 3606/4831/3599
f 3613/4835/3606 3228/4286/3220 3614/4836/3607
f 3228/4837/3220 3615/4838/3608 3614/4839/3607
f 3614/4840/3607 3615/4841/3608 3603/4820/3598
f 3614/4840/3607 3603/4820/3598 3606/4819/3599
f 3602/4817/3597 3615/4842/3608 3616/4843/3609
f 3228/4844/3220 3616/4845/3609 3615/4846/3608
f 3615/4842/3608 3602/4817/3597 3603/4818/3598
f 3617/4847/3610 3602/4817/3597 3616/4843/3609
f 3617/4847/3610 3616/4843/3609 3228/4286/3220
f 3228/4286/3220 3229/4290/3224 3617/4847/3610
f 3239/4306/3231 3602/4817/3597 3617/4847/3610
f 3617/4847/3610 3237/4305/3230 3239/4306/3231
f 3617/4847/3610 3229/4290/3224 3230/4289/3223
f 3617/4848/3610 3230/4849/3223 3237/4850/3230
f 3618/4851/3611 3613/4835/3606 3612/4834/3605
f 3618/4851/3611 3619/4852/3612 3613/4835/3606
f 3619/4852/3612 3228/4286/3220 3613/4835/3606
f 3619/4852/3612 3223/4282/3216 3228/4286/3220
f 3223/4282/3216 3619/4852/3612 3618/4851/3611
f 3223/4282/3216 3618/4851/3611 3222/4281/3215
f 3222/4281/3215 3618/4851/3611 3612/4834/3605
f 3611/4833/3604 3620/4853/3613 3612/4834/3605
f 3222/4281/3215 3612/4834/3605 3620/4853/3613
f 3611/4833/3604 3621/4854/3614 3620/4853/3613
f 3620/4853/3613 3621/4854/3614 3222/4281/3215
f 3222/4281/3215 3621/4854/3614 3622/4855/3615
f 3623/4856/3616 3622/4855/3615 3621/4854/3614
f 3624/4857/3617 3621/4854/3614 3611/4833/3604
f 3623/4856/3616 3621/4854/3614 3624/4857/3617
f 3052/4099/3047 3623/4856/3616 3624/4857/3617
f 3052/4099/3047 3624/4857/3617 3611/4833/3604
f 3625/4858/3618 3623/4856/3616 3052/4099/3047
f 3625/4858/3618 3622/4855/3615 3623/4856/3616
f 3625/4858/3618 3626/4859/3619 3622/4855/3615
f 3627/4860/3620 3626/4859/3619 3625/4858/3618
f 3625/4858/3618 3052/4099/3047 3627/4860/3620
f 3627/4861/3620 3628/4862/3621 3631/4863/3622
f 3629/4864/3623 3628/4862/3621 3627/4861/3620
f 3627/4861/3620 3631/4863/3622 3626/4865/3619
f 3627/4860/3620 3052/4099/3047 3630/4866/3624
f 3627/4861/3620 3630/4867/3624 3629/4864/3623
f 3212/4268/3205 3631/4863/3622 3628/4862/3621
f 3214/4272/3207 3631/4863/3622 3212/4268/3205
f 3214/4272/3207 3626/4865/3619 3631/4863/3622
f 3629/4864/3623 3630/4867/3624 3632/4868/3625
f 3052/4099/3047 3632/4869/3625 3630/4866/3624
f 3629/4864/3623 3632/4868/3625 3633/4870/3626
f 3633/4870/3626 3632/4868/3625 3634/4871/3627
f 3052/4099/3047 3634/4872/3627 3632/4869/3625
f 3635/4873/3628 3634/4872/3627 3052/4099/3047
f 3633/4870/3626 3634/4871/3627 3635/4874/3628
f 3052/4099/3047 3636/4875/3629 3635/4873/3628
f 3635/4874/3628 3636/4876/3629 3633/4870/3626
f 3637/4877/3630 3636/4876/3629 3058/4108/3053
f 3637/4877/3630 3633/4870/3626 3636/4876/3629
f 3052/4099/3047 3058/4109/3053 3636/4875/3629
f 3177/4230/3170 3637/4877/3630 3058/4108/3053
f 3638/4878/3631 3633/4870/3626 3637/4877/3630
f 3639/4879/3632 3637/4877/3630 3177/4230/3170
f 3639/4879/3632 3638/4878/3631 3637/4877/3630
f 3639/4879/3632 3177/4230/3170 3180/4234/3174
f 3639/4879/3632 3180/4234/3174 3638/4878/3631
f 3188/4242/3182 3638/4878/3631 3182/4236/3176
f 3640/4880/3633 3638/4878/3631 3188/4242/3182
f 3638/4878/3631 3180/4234/3174 3182/4236/3176
f 3638/4878/3631 3640/4880/3633 3633/4870/3626
f 3633/4870/3626 3640/4880/3633 3641/4881/3634
f 3188/4242/3182 3641/4881/3634 3640/4880/3633
f 3629/4864/3623 3641/4881/3634 3628/4862/3621
f 3188/4242/3182 3628/4862/3621 3641/4881/3634
f 3633/4870/3626 3641/4881/3634 3629/4864/3623
f 3212/4268/3205 3628/4862/3621 3188/4242/3182
f 3214/4274/3207 3622/4855/3615 3626/4859/3619
f 3222/4281/3215 3622/4855/3615 3214/4274/3207
f 3608/4829/3601 3642/4882/3635 3052/4099/3047
f 3642/4882/3635 3608/4829/3601 3604/4816/3596
f 3643/4883/3636 3642/4882/3635 3604/4816/3596
f 3052/4099/3047 3642/4882/3635 3643/4883/3636
f 3644/4884/3637 3643/4885/3636 3599/4886/3593
f 3052/4099/3047 3643/4883/3636 3644/4887/3637
f 3599/4813/3593 3643/4883/3636 3604/4816/3596
f 3645/4888/3638 3644/4884/3637 3599/4886/3593
f 3644/4887/3637 3645/4889/3638 3052/4099/3047
f 3645/4888/3638 3593/4890/3586 3646/4891/3639
f 3052/4099/3047 3645/4889/3638 3646/4892/3639
f 3599/4886/3593 3593/4890/3586 3645/4888/3638
f 3646/4891/3639 3593/4890/3586 3647/4893/3640
f 3646/4891/3639 3647/4893/3640 3648/4894/3641
f 3052/4099/3047 3646/4892/3639 3648/4895/3641
f 3052/4099/3047 3648/4895/3641 3649/4896/3642
f 3648/4894/3641 3647/4893/3640 3649/4897/3642
f 3649/4896/3642 3650/4898/3643 2636/3541/2631
f 3052/4099/3047 3649/4896/3642 2636/3541/2631
f 3649/4897/3642 3588/4794/3581 3650/4899/3643
f 3649/4897/3642 3647/4893/3640 3588/4794/3581
f 3650/4899/3643 3588/4794/3581 2637/4900/2632
f 2636/3541/2631 3650/4898/3643 2637/3542/2632
f 3647/4893/3640 3589/4796/3583 3588/4794/3581
f 3647/4893/3640 3593/4890/3586 3589/4796/3583
f 3602/4817/3597 3651/4901/3644 3598/4812/3592
f 3652/4902/3645 3651/4901/3644 3602/4817/3597
f 3239/4306/3231 3652/4902/3645 3602/4817/3597
f 3241/4312/3234 3652/4903/3645 3238/4308/3233
f 3238/4310/3233 3652/4902/3645 3239/4306/3231
f 3651/4904/3644 3652/4903/3645 3241/4312/3234
f 3241/4312/3234 3598/4905/3592 3651/4904/3644
f 3241/4312/3234 3596/4808/3589 3598/4905/3592
f 3583/4789/3576 3596/4808/3589 3241/4312/3234
f 2631/4906/2625 3590/4795/3582 3653/4907/3646
f 2637/4900/2632 3590/4795/3582 2631/4906/2625
f 2637/4900/2632 3588/4794/3581 3590/4795/3582
f 3653/4907/3646 3590/4795/3582 3584/4791/3578
f 3590/4795/3582 3586/4792/3579 3584/4791/3578
f 3653/4907/3646 3654/4908/3647 2631/4906/2625
f 3653/4907/3646 3584/4791/3578 3585/4793/3580
f 3653/4907/3646 3655/4909/3648 3654/4908/3647
f 3653/4907/3646 3585/4793/3580 3655/4909/3648
f 3654/4908/3647 3655/4909/3648 3656/4910/3649
f 3657/4911/3650 3656/4910/3649 3655/4909/3648
f 3655/4909/3648 3579/4784/3572 3657/4911/3650
f 3585/4793/3580 3579/4784/3572 3655/4909/3648
f 3658/4912/3651 3656/4910/3649 3657/4911/3650
f 3580/4786/3574 3658/4912/3651 3657/4911/3650
f 3657/4911/3650 3579/4784/3572 3580/4786/3574
f 3658/4912/3651 2627/3529/2621 3656/4910/3649
f 3659/4913/3652 2627/3529/2621 3658/4912/3651
f 3580/4786/3574 3659/4913/3652 3658/4912/3651
f 2627/3529/2621 3659/4913/3652 3660/4914/3653
f 2610/3508/2604 3660/4914/3653 3659/4913/3652
f 2610/3508/2604 3659/4913/3652 3580/4786/3574
f 2619/3518/2614 3660/4914/3653 2611/3509/2605
f 2627/3529/2621 3660/4914/3653 2619/3518/2614
f 2610/3508/2604 2611/3509/2605 3660/4914/3653
f 3661/4915/3654 3656/4910/3649 2628/3530/2622
f 3654/4908/3647 3656/4910/3649 3661/4915/3654
f 2627/3529/2621 2628/3530/2622 3656/4910/3649
f 2631/4906/2625 3661/4915/3654 2634/4916/2626
f 2631/4906/2625 3654/4908/3647 3661/4915/3654
f 3661/4915/3654 2628/3530/2622 2634/4916/2626
f 3244/4316/3237 3583/4789/3576 3241/4312/3234
f 3378/4486/3371 3386/4494/3379 3377/4485/3370
f 3373/4481/3366 3372/4480/3365 3380/4488/3373
f 3363/4467/3356 3362/4466/3355 3375/4483/3368
f 1810/2271/1805 1809/2273/1807 3369/4477/3362
f 3357/4458/3350 3363/4469/3356 3356/4456/3349
f 3360/4464/3354 3662/4917/3655 1802/2260/1797
f 3360/4464/3354 3358/4462/3352 3662/4917/3655
f 3662/4917/3655 1774/4461/1771 3663/4918/3656
f 1774/4461/1771 3662/4917/3655 3358/4462/3352
f 1802/2260/1797 3662/4917/3655 3663/4918/3656
f 3663/4918/3656 1774/4461/1771 1773/4919/1769
f 1802/2260/1797 3663/4918/3656 1800/2259/1796
f 3663/4918/3656 1773/4919/1769 1800/2259/1796
f 3332/4427/3325 3339/4432/3330 3333/4429/3327
f 3317/4408/3309 3334/4430/3328 3318/4409/3312
f 3320/4411/3314 3318/4409/3312 3334/4430/3328
f 3251/4326/3244 3252/4327/3245 3328/4421/3321
f 3325/4415/3318 3273/4920/3266 3664/4921/3657
f 3325/4417/3318 3268/4343/3261 3273/4348/3266
f 3323/4412/3315 3325/4415/3318 3664/4921/3657
f 3267/4342/3260 3268/4343/3261 3325/4417/3318
f 3664/4921/3657 3273/4920/3266 3665/4922/3658
f 3323/4412/3315 3664/4921/3657 3311/4399/3304
f 3664/4921/3657 3307/4395/3301 3311/4399/3304
f 3665/4922/3658 3308/4394/3300 3664/4921/3657
f 3664/4921/3657 3308/4394/3300 3307/4395/3301
f 3665/4922/3658 3304/4391/3298 3308/4394/3300
f 3305/4390/3297 3304/4391/3298 3665/4922/3658
f 3665/4922/3658 3666/4923/3659 3305/4390/3297
f 3273/4920/3266 3274/4924/3267 3665/4922/3658
f 3665/4922/3658 3274/4924/3267 3666/4923/3659
f 3305/4390/3297 3666/4923/3659 3303/4389/3296
f 3666/4923/3659 3282/4358/3276 3303/4389/3296
f 3666/4923/3659 3277/4361/3271 3282/4358/3276
f 3274/4924/3267 3277/4361/3271 3666/4923/3659
f 3311/4399/3304 3313/4400/3305 3323/4412/3315
f 1775/2233/1773 3315/4404/3308 3312/4401/3306
f 1775/2233/1773 3312/4401/3306 3309/4397/3303
f 3309/4397/3303 3299/4386/3294 1775/2233/1773
f 3303/4389/3296 3282/4358/3276 3302/4387/3295
f 3285/4363/3278 3295/4381/3290 3302/4387/3295
f 3285/4363/3278 3302/4387/3295 3282/4358/3276
f 3294/4375/3287 3300/4385/3293 3296/4376/3288
f 3667/4925/3660 3300/4385/3293 3294/4375/3287
f 3667/4925/3660 1775/2233/1773 3300/4385/3293
f 3668/4926/3661 1775/2233/1773 3667/4925/3660
f 3667/4927/3660 3670/4928/3662 3668/4929/3661
f 3669/4930/3663 3667/4927/3660 3671/4931/3664
f 3667/4927/3660 3669/4930/3663 3670/4928/3662
f 3671/4931/3664 3667/4927/3660 3294/4378/3287
f 3672/4932/3665 3671/4931/3664 3673/4933/3666
f 3672/4932/3665 3669/4930/3663 3671/4931/3664
f 3671/4931/3664 3294/4378/3287 3673/4933/3666
f 3673/4933/3666 3294/4378/3287 3291/4373/3285
f 3673/4933/3666 3291/4373/3285 3289/4371/3284
f 3289/4371/3284 3672/4932/3665 3673/4933/3666
f 3672/4932/3665 3674/4934/3667 3675/4935/3668
f 3676/4936/3669 3674/4934/3667 3672/4932/3665
f 3289/4371/3284 3676/4936/3669 3672/4932/3665
f 3675/4935/3668 3669/4930/3663 3672/4932/3665
f 3290/4937/3282 3677/4938/3670 3676/4939/3669
f 3677/4938/3670 3678/4940/3671 3676/4939/3669
f 3676/4939/3669 3678/4940/3671 3674/4941/3667
f 3290/4372/3282 3676/4936/3669 3289/4371/3284
f 3679/4942/3672 3680/4943/3673 3678/4940/3671
f 3677/4938/3670 3679/4942/3672 3678/4940/3671
f 3678/4940/3671 3680/4943/3673 3681/4944/3674
f 3678/4940/3671 3681/4944/3674 3674/4941/3667
f 3674/4941/3667 3681/4944/3674 3682/4945/3675
f 3681/4944/3674 1734/2180/1730 3682/4945/3675
f 3681/4944/3674 1731/2177/1727 1734/2180/1730
f 3680/4943/3673 1731/2177/1727 3681/4944/3674
f 3674/4934/3667 3682/4946/3675 3675/4935/3668
f 3675/4935/3668 3682/4946/3675 3683/4947/3676
f 3682/4946/3675 3684/4948/3677 3683/4947/3676
f 3682/4945/3675 1734/2180/1730 3684/4949/3677
f 3684/4948/3677 1740/4950/1737 3685/4951/3678
f 3684/4949/3677 1735/2181/1731 1740/2187/1737
f 1734/2180/1730 1735/2181/1731 3684/4949/3677
f 3683/4947/3676 3684/4948/3677 3685/4951/3678
f 3685/4951/3678 3687/4952/3679 3686/4953/3680
f 3686/4953/3680 3688/4954/3681 3685/4951/3678
f 3683/4947/3676 3685/4951/3678 3689/4955/3682
f 3685/4951/3678 1740/4950/1737 3687/4952/3679
f 3689/4955/3682 3685/4951/3678 3688/4954/3681
f 3688/4954/3681 3668/4929/3661 3689/4955/3682
f 3668/4929/3661 3690/4956/3683 3689/4955/3682
f 3690/4956/3683 3683/4947/3676 3689/4955/3682
f 3690/4956/3683 3670/4928/3662 3675/4935/3668
f 3668/4929/3661 3670/4928/3662 3690/4956/3683
f 3675/4935/3668 3683/4947/3676 3690/4956/3683
f 3686/4953/3680 3691/4957/3684 3688/4954/3681
f 3688/4954/3681 3691/4957/3684 3668/4929/3661
f 3692/4958/3685 1778/2235/1775 3691/4959/3684
f 3691/4957/3684 3693/4960/3686 3692/4961/3685
f 3691/4957/3684 3686/4953/3680 3693/4960/3686
f 3691/4959/3684 1777/2234/1774 3668/4926/3661
f 3691/4959/3684 1778/2235/1775 1777/2234/1774
f 3687/4952/3679 3693/4960/3686 3686/4953/3680
f 3687/4952/3679 3694/4962/3687 3693/4960/3686
f 3692/4961/3685 3693/4960/3686 3694/4962/3687
f 3695/4963/3688 3694/4962/3687 3687/4952/3679
f 3695/4963/3688 3696/4964/3689 3694/4962/3687
f 3692/4961/3685 3694/4962/3687 3696/4964/3689
f 3697/4965/3690 3696/4964/3689 3695/4963/3688
f 3697/4965/3690 3692/4961/3685 3696/4964/3689
f 3697/4965/3690 1768/2224/1765 3692/4961/3685
f 3698/4966/3691 1768/2224/1765 3697/4965/3690
f 3698/4966/3691 3697/4965/3690 3699/4967/3692
f 3699/4967/3692 3697/4965/3690 3695/4963/3688
f 3699/4967/3692 1759/2207/1755 3698/4966/3691
f 3699/4967/3692 1758/2205/1754 1759/2207/1755
f 1743/4968/1739 1758/2205/1754 3699/4967/3692
f 3699/4967/3692 3695/4963/3688 1743/4968/1739
f 1759/2207/1755 1767/2223/1764 3698/4966/3691
f 1767/2223/1764 1768/2224/1765 3698/4966/3691
f 1743/4968/1739 3695/4963/3688 1741/4969/1738
f 3687/4952/3679 1741/4969/1738 3695/4963/3688
f 1768/2226/1765 1779/2236/1776 3692/4958/3685
f 3692/4958/3685 1779/2236/1776 1778/2235/1775
f 1740/4950/1737 1741/4969/1738 3687/4952/3679
f 3679/4942/3672 3700/4970/3693 3680/4943/3673
f 3680/4943/3673 3700/4970/3693 1729/2175/1725
f 3680/4943/3673 1729/2175/1725 1731/2177/1727
f 3702/4971/3694 3700/4970/3693 3701/4972/3695
f 3679/4942/3672 3701/4972/3695 3700/4970/3693
f 1728/2176/1726 3700/4970/3693 3702/4971/3694
f 1728/2176/1726 1729/2175/1725 3700/4970/3693
f 3702/4971/3694 3701/4972/3695 3705/4973/3696
f 3703/4974/3697 3702/4971/3694 3705/4973/3696
f 3704/4975/3698 3702/4971/3694 3703/4974/3697
f 3704/4975/3698 1728/2176/1726 3702/4971/3694
f 3705/4973/3696 3701/4972/3695 3708/4976/3699
f 3706/4977/3700 3705/4973/3696 3707/4978/3701
f 3703/4974/3697 3705/4973/3696 3706/4977/3700
f 3705/4973/3696 3708/4976/3699 3707/4978/3701
f 3710/4979/3702 3708/4976/3699 3701/4972/3695
f 3707/4978/3701 3708/4976/3699 3709/4980/3703
f 3710/4979/3702 3709/4980/3703 3708/4976/3699
f 3711/4981/3704 3710/4979/3702 3677/4938/3670
f 3710/4979/3702 3679/4942/3672 3677/4938/3670
f 3712/4982/3705 3710/4979/3702 3711/4981/3704
f 3710/4979/3702 3701/4972/3695 3679/4942/3672
f 3712/4982/3705 3709/4980/3703 3710/4979/3702
f 3712/4982/3705 3280/4355/3273 3279/4354/3272
f 3279/4354/3272 3713/4983/3706 3712/4982/3705
f 3712/4982/3705 3713/4983/3706 3709/4980/3703
f 3711/4981/3704 3280/4355/3273 3712/4982/3705
f 3716/4984/3707 3713/4983/3706 3714/4985/3708
f 3279/4354/3272 3714/4985/3708 3713/4983/3706
f 3715/4986/3709 3713/4983/3706 3716/4984/3707
f 3715/4986/3709 3709/4980/3703 3713/4983/3706
f 3716/4984/3707 3714/4985/3708 3717/4987/3710
f 3719/4988/3711 3716/4989/3707 3717/4990/3710
f 3718/4991/3712 3716/4989/3707 3719/4988/3711
f 3718/4992/3712 3715/4986/3709 3716/4984/3707
f 3719/4988/3711 3720/4993/3713 3722/4994/3714
f 3721/4995/3715 3720/4993/3713 3719/4988/3711
f 3719/4988/3711 3717/4990/3710 3721/4995/3715
f 3719/4988/3711 3722/4994/3714 3718/4991/3712
f 3723/4996/3716 3722/4994/3714 3720/4993/3713
f 3724/4997/3717 3722/4994/3714 3723/4996/3716
f 3724/4997/3717 3725/4998/3718 3722/4994/3714
f 3722/4994/3714 3725/4998/3718 3718/4991/3712
f 3718/4991/3712 3725/4998/3718 3726/4999/3719
f 3727/5000/3720 3726/4999/3719 3725/4998/3718
f 3727/5000/3720 3725/4998/3718 3724/4997/3717
f 3728/5001/3721 3726/4999/3719 3727/5000/3720
f 3727/5002/3720 3729/5003/3722 3728/5004/3721
f 3727/5002/3720 3730/5005/3723 3729/5003/3722
f 3724/5006/3717 3730/5005/3723 3727/5002/3720
f 3731/5007/3724 3729/5003/3722 3730/5005/3723
f 3724/5006/3717 3732/5008/3725 3730/5005/3723
f 3732/5008/3725 3731/5007/3724 3730/5005/3723
f 3732/5008/3725 3734/5009/3726 3733/5010/3727
f 3733/5010/3727 3731/5007/3724 3732/5008/3725
f 3734/5009/3726 3732/5008/3725 3724/5006/3717
f 3723/5011/3716 3734/5009/3726 3724/5006/3717
f 3723/5011/3716 3735/5012/3728 3734/5009/3726
f 3733/5010/3727 3734/5009/3726 3735/5012/3728
f 3736/5013/3729 3735/5012/3728 3723/5011/3716
f 3733/5010/3727 3735/5012/3728 3736/5013/3729
f 3723/5011/3716 3737/5014/3730 3736/5013/3729
f 3733/5010/3727 3736/5013/3729 3737/5014/3730
f 3738/5015/3731 3737/5014/3730 3723/5011/3716
f 3738/5015/3731 3733/5010/3727 3737/5014/3730
f 3723/5011/3716 3739/5016/3732 3738/5015/3731
f 3739/5016/3732 3740/5017/3733 3738/5015/3731
f 3738/5015/3731 3740/5017/3733 3733/5010/3727
f 3739/5016/3732 3741/5018/3734 3740/5017/3733
f 3740/5017/3733 3741/5018/3734 3743/5019/3735
f 3742/5020/3736 3740/5017/3733 3744/5021/3737
f 3742/5020/3736 3733/5010/3727 3740/5017/3733
f 3744/5021/3737 3740/5017/3733 3743/5019/3735
f 3744/5022/3737 3745/5023/3738 3742/5024/3736
f 3744/5022/3737 3747/5025/3739 3745/5023/3738
f 3744/5021/3737 3743/5019/3735 3746/5026/3740
f 3746/5027/3740 3747/5025/3739 3744/5022/3737
f 3747/5025/3739 3748/5028/3741 3745/5023/3738
f 3747/5025/3739 3749/5029/3742 3748/5028/3741
f 3750/5030/3743 3749/5029/3742 3747/5025/3739
f 3751/5031/3744 3747/5025/3739 3746/5027/3740
f 3202/4255/3195 3750/5030/3743 3747/5025/3739
f 3202/4255/3195 3747/5025/3739 3751/5031/3744
f 3205/4257/3197 3202/4255/3195 3751/5031/3744
f 3205/4257/3197 3751/5031/3744 3752/5032/3745
f 3751/5031/3744 3746/5027/3740 3752/5032/3745
f 3753/5033/3746 3216/4275/3209 3752/5034/3745
f 3752/5034/3745 3746/5026/3740 3753/5033/3746
f 3752/5032/3745 3210/4266/3202 3205/4257/3197
f 3752/5034/3745 3216/4275/3209 3210/4262/3202
f 3753/5033/3746 3754/5035/3747 3755/5036/3748
f 3746/5026/3740 3754/5035/3747 3753/5033/3746
f 3755/5036/3748 3756/5037/3749 3753/5033/3746
f 3753/5033/3746 3218/4277/3211 3216/4275/3209
f 3753/5033/3746 3756/5037/3749 3218/4277/3211
f 3757/5038/3750 3225/4285/3219 3756/5037/3749
f 3755/5036/3748 3757/5038/3750 3756/5037/3749
f 3756/5037/3749 3224/4284/3218 3218/4277/3211
f 3756/5037/3749 3225/4285/3219 3224/4284/3218
f 3757/5038/3750 3762/5039/3751 3758/5040/3752
f 3758/5040/3752 3759/5041/3753 3757/5038/3750
f 3757/5038/3750 3759/5041/3753 3760/5042/3754
f 3757/5038/3750 3760/5042/3754 3225/4285/3219
f 3757/5038/3750 3761/5043/3755 3762/5039/3751
f 3763/5044/3756 3761/5043/3755 3757/5038/3750
f 3763/5044/3756 3757/5038/3750 3755/5036/3748
f 3755/5036/3748 3764/5045/3757 3763/5044/3756
f 3764/5045/3757 3765/5046/3758 3763/5044/3756
f 3763/5044/3756 3766/5047/3759 3761/5043/3755
f 3763/5044/3756 3765/5046/3758 3766/5047/3759
f 3765/5048/3758 3767/5049/3760 3766/5050/3759
f 3766/5050/3759 3767/5049/3760 3768/5051/3761
f 3766/5050/3759 3768/5051/3761 3761/5052/3755
f 3761/5052/3755 3768/5051/3761 3769/5053/3762
f 3771/5054/3763 3768/5051/3761 3767/5049/3760
f 3770/5055/3764 3769/5053/3762 3768/5051/3761
f 3770/5055/3764 3768/5051/3761 3771/5054/3763
f 3771/5056/3763 3265/4340/3258 3770/5057/3764
f 3771/5056/3763 3773/5058/3765 3265/4340/3258
f 3772/5059/3766 3773/5058/3765 3771/5056/3763
f 3771/5054/3763 3767/5049/3760 3772/5060/3766
f 3774/5061/3767 3270/4345/3263 3773/5058/3765
f 3772/5059/3766 3774/5061/3767 3773/5058/3765
f 3773/5058/3765 3264/4341/3259 3265/4340/3258
f 3773/5058/3765 3270/4345/3263 3264/4341/3259
f 3717/4987/3710 3775/5062/3768 3774/5061/3767
f 3721/4995/3715 3717/4990/3710 3774/5063/3767
f 3774/5061/3767 3775/5062/3768 3270/4345/3263
f 3721/5064/3715 3774/5061/3767 3772/5059/3766
f 3271/4346/3264 3270/4345/3263 3775/5062/3768
f 3271/4346/3264 3775/5062/3768 3276/4351/3269
f 3717/4987/3710 3714/4985/3708 3775/5062/3768
f 3276/4351/3269 3775/5062/3768 3714/4985/3708
f 3772/5060/3766 3776/5065/3769 3721/4995/3715
f 3772/5060/3766 3777/5066/3770 3776/5065/3769
f 3767/5049/3760 3777/5066/3770 3772/5060/3766
f 3765/5048/3758 3777/5066/3770 3767/5049/3760
f 3778/5067/3771 3777/5066/3770 3765/5048/3758
f 3778/5067/3771 3776/5065/3769 3777/5066/3770
f 3765/5046/3758 3780/5068/3772 3778/5069/3771
f 3778/5069/3771 3779/5070/3773 3781/5071/3774
f 3778/5069/3771 3780/5068/3772 3779/5070/3773
f 3781/5072/3774 3782/5073/3775 3778/5067/3771
f 3782/5073/3775 3776/5065/3769 3778/5067/3771
f 3721/4995/3715 3782/5073/3775 3720/4993/3713
f 3781/5072/3774 3720/4993/3713 3782/5073/3775
f 3776/5065/3769 3782/5073/3775 3721/4995/3715
f 3781/5071/3774 3783/5074/3776 3741/5018/3734
f 3779/5070/3773 3783/5074/3776 3781/5071/3774
f 3781/5071/3774 3741/5018/3734 3723/5011/3716
f 3723/4996/3716 3720/4993/3713 3781/5072/3774
f 3743/5019/3735 3783/5074/3776 3779/5070/3773
f 3741/5018/3734 3783/5074/3776 3743/5019/3735
f 3754/5035/3747 3779/5070/3773 3780/5068/3772
f 3754/5035/3747 3780/5068/3772 3784/5075/3777
f 3765/5046/3758 3784/5075/3777 3780/5068/3772
f 3754/5035/3747 3784/5075/3777 3755/5036/3748
f 3764/5045/3757 3784/5075/3777 3765/5046/3758
f 3755/5036/3748 3784/5075/3777 3764/5045/3757
f 3743/5019/3735 3779/5070/3773 3754/5035/3747
f 3770/5057/3764 3259/4334/3252 3258/4333/3251
f 3258/5076/3251 3785/5077/3778 3770/5055/3764
f 3770/5057/3764 3265/4340/3258 3259/4334/3252
f 3785/5077/3778 3769/5053/3762 3770/5055/3764
f 3762/5078/3751 3785/5077/3778 3758/5079/3752
f 3762/5078/3751 3769/5053/3762 3785/5077/3778
f 3785/5077/3778 3786/5080/3779 3758/5079/3752
f 3258/5076/3251 3786/5080/3779 3785/5077/3778
f 3787/5081/3780 3786/5082/3779 3258/5083/3251
f 3758/5084/3752 3786/5082/3779 3787/5081/3780
f 3256/5085/3249 3787/5081/3780 3258/5083/3251
f 3256/5085/3249 3788/5086/3781 3787/5081/3780
f 3759/5087/3753 3787/5081/3780 3788/5086/3781
f 3758/5084/3752 3787/5081/3780 3759/5087/3753
f 3245/4317/3238 3788/5086/3781 3256/5085/3249
f 3245/4317/3238 3789/5088/3782 3788/5086/3781
f 3760/5089/3754 3788/5086/3781 3789/5088/3782
f 3759/5087/3753 3788/5086/3781 3760/5089/3754
f 3790/5090/3783 3789/5088/3782 3242/4315/3236
f 3760/5089/3754 3789/5088/3782 3790/5090/3783
f 3242/4315/3236 3789/5088/3782 3245/4317/3238
f 3790/5090/3783 3242/4315/3236 3232/4314/3226
f 3225/4285/3219 3790/5091/3783 3232/4294/3226
f 3225/4285/3219 3760/5042/3754 3790/5091/3783
f 3761/5052/3755 3769/5053/3762 3762/5078/3751
f 3746/5026/3740 3743/5019/3735 3754/5035/3747
f 3791/5092/3784 3750/5030/3743 3792/5093/3785
f 3791/5092/3784 3749/5029/3742 3750/5030/3743
f 3792/5093/3785 3750/5030/3743 3201/4254/3194
f 3201/4254/3194 3750/5030/3743 3202/4255/3195
f 3793/5094/3786 3791/5092/3784 3792/5093/3785
f 3792/5093/3785 3794/5095/3787 3793/5094/3786
f 3792/5093/3785 3201/4254/3194 3794/5095/3787
f 3795/5096/3788 3794/5095/3787 3201/4254/3194
f 3793/5094/3786 3794/5095/3787 3795/5096/3788
f 3201/4254/3194 3796/5097/3789 3795/5096/3788
f 3797/5098/3790 3795/5096/3788 3796/5097/3789
f 3797/5098/3790 3793/5094/3786 3795/5096/3788
f 3797/5098/3790 3798/5099/3791 3799/5100/3792
f 3796/5097/3789 3798/5099/3791 3797/5098/3790
f 3800/5101/3793 3793/5094/3786 3797/5098/3790
f 3799/5100/3792 3800/5101/3793 3797/5098/3790
f 3801/5102/3794 3802/5103/3795 3800/5101/3793
f 3799/5100/3792 3801/5102/3794 3800/5101/3793
f 3800/5101/3793 3802/5103/3795 3793/5094/3786
f 3802/5103/3795 3803/5104/3796 3793/5094/3786
f 3804/5105/3797 3803/5104/3796 3802/5103/3795
f 3805/5106/3798 3804/5105/3797 3802/5103/3795
f 3801/5102/3794 3805/5106/3798 3802/5103/3795
f 3806/5107/3799 3808/5108/3800 3805/5106/3798
f 3806/5107/3799 3805/5106/3798 3807/5109/3801
f 3807/5109/3801 3805/5106/3798 3801/5102/3794
f 3805/5106/3798 3808/5108/3800 3804/5105/3797
f 3808/5108/3800 3809/5110/3802 3804/5105/3797
f 3810/5111/3803 3809/5110/3802 3808/5108/3800
f 3806/5107/3799 3810/5111/3803 3808/5108/3800
f 3810/5111/3803 3811/5112/3804 3813/5113/3805
f 3810/5111/3803 3812/5114/3806 3811/5112/3804
f 3815/5115/3807 3812/5116/3806 3810/5117/3803
f 3813/5113/3805 3809/5110/3802 3810/5111/3803
f 3814/5118/3808 3810/5111/3803 3806/5107/3799
f 3814/5119/3808 3815/5115/3807 3810/5117/3803
f 3815/5115/3807 3816/5120/3809 3817/5121/3810
f 3814/5119/3808 3816/5120/3809 3815/5115/3807
f 3817/5121/3810 3812/5116/3806 3815/5115/3807
f 3817/5121/3810 3816/5120/3809 3818/5122/3811
f 3817/5121/3810 3818/5122/3811 3819/5123/3812
f 3819/5123/3812 3812/5116/3806 3817/5121/3810
f 3819/5123/3812 3822/5124/3813 3820/5125/3814
f 3820/5125/3814 3821/5126/3815 3819/5123/3812
f 3812/5116/3806 3819/5123/3812 3821/5126/3815
f 3819/5123/3812 3818/5122/3811 3822/5124/3813
f 3822/5127/3813 3823/5128/3816 3820/5129/3814
f 3818/5130/3811 3823/5128/3816 3822/5127/3813
f 3824/5131/3817 3833/5132/3818 3823/5133/3816
f 3824/5134/3817 3823/5128/3816 3798/5135/3791
f 3825/5136/3819 3832/5137/3820 3823/5128/3816
f 3825/5138/3819 3823/5139/3816 3826/5140/3821
f 3826/5140/3821 3823/5139/3816 3827/5141/3822
f 3828/5142/3823 3827/5143/3822 3823/5133/3816
f 3823/5133/3816 3829/5144/3824 3828/5142/3823
f 3823/5133/3816 3833/5132/3818 3829/5144/3824
f 3823/5128/3816 3807/5145/3801 3799/5146/3792
f 3798/5135/3791 3823/5128/3816 3799/5146/3792
f 3823/5128/3816 3830/5147/3825 3807/5145/3801
f 3831/5148/3826 3830/5147/3825 3823/5128/3816
f 3818/5130/3811 3831/5148/3826 3823/5128/3816
f 3823/5128/3816 3832/5137/3820 3820/5129/3814
f 3833/5149/3818 3201/4254/3194 3203/4256/3196
f 3824/5150/3817 3201/4254/3194 3833/5149/3818
f 3833/5149/3818 3203/4256/3196 3834/5151/3827
f 3834/5151/3827 3835/5152/3828 3833/5149/3818
f 3833/5153/3818 3835/5154/3828 3829/5155/3824
f 3835/5152/3828 3834/5151/3827 3836/5156/3829
f 3829/5155/3824 3835/5154/3828 3837/5157/3830
f 3837/5158/3830 3835/5152/3828 3836/5156/3829
f 3837/5158/3830 3836/5156/3829 3838/5159/3831
f 3837/5157/3830 3838/5160/3831 3829/5155/3824
f 3838/5159/3831 3836/5156/3829 3839/5161/3832
f 3829/5155/3824 3838/5160/3831 3839/5162/3832
f 3839/5161/3832 3836/5156/3829 3841/5163/3833
f 3829/5155/3824 3839/5162/3832 3840/5164/3834
f 3839/5161/3832 3841/5163/3833 3840/5165/3834
f 3836/5156/3829 3842/5166/3835 3841/5163/3833
f 3843/5167/3836 3841/5163/3833 3842/5166/3835
f 3843/5167/3836 3844/5168/3837 3841/5163/3833
f 3840/5165/3834 3841/5163/3833 3844/5168/3837
f 3846/5169/3838 3844/5168/3837 3845/5170/3839
f 3843/5167/3836 3845/5170/3839 3844/5168/3837
f 3840/5165/3834 3844/5168/3837 3846/5169/3838
f 3846/5171/3838 3829/5155/3824 3840/5164/3834
f 3846/5171/3838 3847/5172/3840 3829/5155/3824
f 3846/5169/3838 3845/5170/3839 3847/5173/3840
f 3847/5173/3840 3845/5170/3839 3848/5174/3841
f 3847/5172/3840 3848/5175/3841 3829/5155/3824
f 3848/5176/3841 3849/5177/3842 3850/5178/3843
f 3848/5174/3841 3845/5170/3839 3849/5179/3842
f 3829/5155/3824 3848/5175/3841 3850/5180/3843
f 3850/5178/3843 3851/5181/3844 3852/5182/3845
f 3850/5178/3843 3849/5177/3842 3851/5181/3844
f 3829/5155/3824 3850/5180/3843 3852/5183/3845
f 3852/5182/3845 3851/5181/3844 3854/5184/3846
f 3852/5182/3845 3854/5184/3846 3853/5185/3847
f 3853/5185/3847 3855/5186/3848 3852/5182/3845
f 3852/5183/3845 3855/5187/3848 3829/5155/3824
f 3853/5185/3847 3856/5188/3849 3855/5186/3848
f 3829/5155/3824 3855/5187/3848 3856/5189/3849
f 3853/5185/3847 3857/5190/3850 3856/5188/3849
f 3829/5155/3824 3856/5189/3849 3857/5191/3850
f 3858/5192/3851 3857/5191/3850 3859/5193/3852
f 3829/5155/3824 3857/5191/3850 3858/5192/3851
f 3853/5185/3847 3859/5194/3852 3857/5190/3850
f 3859/5193/3852 3861/5195/3853 3858/5192/3851
f 3854/5184/3846 3860/5196/3854 3859/5194/3852
f 3860/5196/3854 3861/5197/3853 3859/5194/3852
f 3854/5184/3846 3859/5194/3852 3853/5185/3847
f 3860/5196/3854 3862/5198/3855 3861/5197/3853
f 3858/5192/3851 3861/5195/3853 3862/5199/3855
f 3863/5200/3856 3862/5198/3855 3860/5196/3854
f 3863/5200/3856 3864/5201/3857 3862/5198/3855
f 3858/5192/3851 3862/5199/3855 3864/5202/3857
f 3858/5203/3851 3864/5204/3857 3866/5205/3858
f 1415/1806/1411 3865/5206/3859 3864/5201/3857
f 3866/5205/3858 3864/5204/3857 3865/5207/3859
f 1415/1806/1411 3864/5201/3857 3863/5200/3856
f 3866/5208/3858 3867/5209/3860 3828/5142/3823
f 3866/5205/3858 3868/5210/3861 3867/5211/3860
f 3828/5142/3823 3858/5212/3851 3866/5208/3858
f 3866/5205/3858 3865/5207/3859 3868/5210/3861
f 1415/1806/1411 3869/5213/3862 3868/5214/3861
f 3867/5211/3860 3868/5210/3861 3869/5215/3862
f 3868/5214/3861 3865/5206/3859 1415/1806/1411
f 1415/1806/1411 3870/5216/3863 3869/5213/3862
f 3867/5211/3860 3869/5215/3862 3870/5217/3863
f 3871/5218/3864 3870/5216/3863 1415/1806/1411
f 3871/5218/3864 3872/5219/3865 3870/5216/3863
f 3870/5217/3863 3872/5220/3865 3867/5211/3860
f 3873/5221/3866 3872/5219/3865 3871/5218/3864
f 3867/5211/3860 3872/5220/3865 3873/5222/3866
f 3867/5211/3860 3873/5222/3866 3828/5223/3823
f 3873/5221/3866 3871/5218/3864 3874/5224/3867
f 3874/5224/3867 3875/5225/3868 3873/5221/3866
f 3828/5223/3823 3873/5222/3866 3875/5226/3868
f 3874/5224/3867 3876/5227/3869 3875/5225/3868
f 3828/5223/3823 3875/5226/3868 3876/5228/3869
f 3877/5229/3870 3876/5227/3869 3874/5224/3867
f 3877/5229/3870 3878/5230/3871 3876/5227/3869
f 3827/5141/3822 3876/5228/3869 3878/5231/3871
f 3828/5223/3823 3876/5228/3869 3827/5141/3822
f 3879/5232/3872 3878/5230/3871 3877/5229/3870
f 3879/5232/3872 3826/5233/3821 3878/5230/3871
f 3827/5141/3822 3878/5231/3871 3826/5140/3821
f 3881/5234/3873 3880/5235/3874 3879/5232/3872
f 3880/5235/3874 3826/5233/3821 3879/5232/3872
f 3882/5236/3875 3879/5232/3872 3877/5229/3870
f 3882/5236/3875 3881/5234/3873 3879/5232/3872
f 3882/5236/3875 3874/5224/3867 3871/5218/3864
f 3877/5229/3870 3874/5224/3867 3882/5236/3875
f 3883/5237/3876 3881/5234/3873 3882/5236/3875
f 3882/5236/3875 3885/5238/3877 3883/5237/3876
f 3882/5236/3875 3871/5218/3864 3884/5239/3878
f 3884/5239/3878 3887/5240/3879 3882/5236/3875
f 3882/5236/3875 3886/5241/3880 3885/5238/3877
f 3882/5236/3875 3887/5240/3879 3886/5241/3880
f 3888/5242/3881 3886/5241/3880 3887/5240/3879
f 3888/5242/3881 3887/5240/3879 3889/5243/3882
f 3884/5239/3878 3889/5243/3882 3887/5240/3879
f 3889/5243/3882 3890/5244/3883 3891/5245/3884
f 3892/5246/3885 3890/5244/3883 3889/5243/3882
f 3889/5243/3882 3891/5245/3884 3888/5242/3881
f 3892/5246/3885 3889/5243/3882 3884/5239/3878
f 3884/5239/3878 3893/5247/3886 3892/5246/3885
f 3892/5246/3885 3893/5247/3886 3890/5244/3883
f 3894/5248/3887 3893/5247/3886 3884/5239/3878
f 3890/5244/3883 3893/5247/3886 3894/5248/3887
f 3890/5244/3883 3894/5248/3887 1436/1828/1433
f 3894/5248/3887 3884/5239/3878 1422/1814/1419
f 1422/1814/1419 3895/5249/3888 3894/5248/3887
f 1436/1828/1433 3894/5248/3887 3895/5249/3888
f 3896/5250/3888 3895/5249/3888 1422/1814/1419
f 1436/1828/1433 3895/5249/3888 3896/5250/3888
f 1422/1814/1419 1435/1827/1432 3896/5250/3888
f 1435/1827/1432 1436/1828/1433 3896/5250/3888
f 3890/5244/3883 3897/5251/3889 3891/5245/3884
f 3899/5252/3890 3891/5245/3884 3897/5251/3889
f 3888/5242/3881 3891/5245/3884 3898/5253/3891
f 3900/5254/3892 3898/5253/3891 3891/5245/3884
f 3900/5254/3892 3891/5245/3884 3899/5252/3890
f 3899/5252/3890 3901/5255/3893 3900/5254/3892
f 3900/5254/3892 3901/5255/3893 3902/5256/3894
f 3903/5257/3895 3898/5253/3891 3900/5254/3892
f 3900/5254/3892 3902/5256/3894 3903/5257/3895
f 3903/5257/3895 1629/2032/1627 1630/2033/1628
f 3903/5257/3895 3902/5256/3894 1629/2032/1627
f 1630/2033/1628 3904/5258/3896 3903/5257/3895
f 3903/5257/3895 3904/5258/3896 3898/5253/3891
f 3904/5258/3896 3905/5259/3897 3898/5253/3891
f 3904/5258/3896 3908/5260/3898 3905/5259/3897
f 3907/5261/3899 3906/5262/3900 3904/5258/3896
f 3906/5262/3900 3908/5260/3898 3904/5258/3896
f 1630/2033/1628 1635/2038/1633 3904/5258/3896
f 3907/5261/3899 3904/5258/3896 1635/2038/1633
f 3909/5263/3901 3908/5260/3898 3906/5262/3900
f 3910/5264/3902 3908/5260/3898 3909/5263/3901
f 3908/5260/3898 3910/5264/3902 3905/5259/3897
f 3910/5264/3902 3911/5265/3903 3905/5259/3897
f 3909/5263/3901 3911/5265/3903 3910/5264/3902
f 3905/5259/3897 3911/5265/3903 3912/5266/3904
f 3909/5263/3901 3912/5266/3904 3911/5265/3903
f 3905/5259/3897 3912/5266/3904 3913/5267/3905
f 3881/5234/3873 3912/5266/3904 3909/5263/3901
f 3881/5234/3873 3913/5267/3905 3912/5266/3904
f 3883/5237/3876 3913/5267/3905 3881/5234/3873
f 3898/5253/3891 3913/5267/3905 3883/5237/3876
f 3898/5253/3891 3905/5259/3897 3913/5267/3905
f 3909/5263/3901 3914/5268/3906 3881/5234/3873
f 3909/5263/3901 3915/5269/3907 3914/5268/3906
f 3909/5263/3901 3906/5262/3900 3917/5270/3908
f 3916/5271/3909 3915/5269/3907 3909/5263/3901
f 3917/5270/3908 3916/5271/3909 3909/5263/3901
f 3917/5270/3908 3906/5262/3900 3919/5272/3910
f 3917/5270/3908 3919/5272/3910 3918/5273/3911
f 3918/5273/3911 3813/5274/3805 3917/5270/3908
f 3812/5116/3806 3821/5126/3815 3917/5270/3908
f 3917/5270/3908 3811/5275/3804 3812/5116/3806
f 3917/5270/3908 3821/5126/3815 3916/5271/3909
f 3917/5270/3908 3813/5274/3805 3811/5275/3804
f 3907/5261/3899 3918/5273/3911 3919/5272/3910
f 3919/5272/3910 3906/5262/3900 3907/5261/3899
f 3920/5276/3912 3809/5277/3802 3918/5273/3911
f 3920/5276/3912 3918/5273/3911 3907/5261/3899
f 3918/5273/3911 3809/5277/3802 3813/5274/3805
f 3920/5278/3912 3921/5279/3913 3922/5280/3914
f 3907/5261/3899 3921/5281/3913 3920/5276/3912
f 3804/5105/3797 3809/5110/3802 3920/5278/3912
f 3804/5105/3797 3920/5278/3912 3922/5280/3914
f 3922/5280/3914 3923/5282/3915 3803/5104/3796
f 3922/5280/3914 3921/5279/3913 3923/5282/3915
f 3922/5280/3914 3803/5104/3796 3804/5105/3797
f 3924/5283/3916 3926/5284/3917 3923/5282/3915
f 3923/5282/3915 3927/5285/3918 3924/5283/3916
f 3803/5104/3796 3923/5282/3915 3791/5092/3784
f 3923/5282/3915 3925/5286/3919 3791/5092/3784
f 3923/5282/3915 3926/5284/3917 3925/5286/3919
f 3923/5282/3915 3928/5287/3920 3927/5285/3918
f 3921/5279/3913 3928/5287/3920 3923/5282/3915
f 1635/2038/1633 3928/5288/3920 3907/5261/3899
f 1635/2038/1633 3927/5289/3918 3928/5288/3920
f 3907/5261/3899 3928/5288/3920 3921/5281/3913
f 1636/2035/1630 3927/5289/3918 1635/2038/1633
f 3924/5283/3916 3927/5285/3918 1636/5290/1630
f 3924/5283/3916 3929/5291/3921 3926/5284/3917
f 3929/5291/3921 3930/5292/3922 3926/5284/3917
f 3926/5284/3917 3930/5292/3922 3931/5293/3923
f 3926/5284/3917 3931/5293/3923 3932/5294/3924
f 3932/5294/3924 3933/5295/3925 3926/5284/3917
f 3926/5284/3917 3933/5295/3925 3934/5296/3926
f 3926/5284/3917 3934/5296/3926 3935/5297/3927
f 3935/5297/3927 3937/5298/3928 3926/5284/3917
f 3926/5284/3917 3936/5299/3929 3925/5286/3919
f 3926/5284/3917 3937/5298/3928 3936/5299/3929
f 3935/5297/3927 3939/5300/3930 3937/5298/3928
f 3937/5298/3928 3940/5301/3931 3938/5302/3932
f 3938/5302/3932 3936/5299/3929 3937/5298/3928
f 3937/5298/3928 3939/5300/3930 3940/5301/3931
f 3942/5303/3933 3940/5301/3931 3941/5304/3934
f 3939/5300/3930 3941/5304/3934 3940/5301/3931
f 3943/5305/3935 3940/5301/3931 3942/5303/3933
f 3943/5305/3935 3938/5302/3932 3940/5301/3931
f 3944/5306/3936 3938/5302/3932 3943/5305/3935
f 3945/5307/3937 3943/5305/3935 3942/5303/3933
f 3944/5306/3936 3943/5305/3935 3945/5307/3937
f 3946/5308/3938 3945/5307/3937 3952/5309/3939
f 3946/5308/3938 3947/5310/3940 3945/5307/3937
f 3952/5309/3939 3945/5307/3937 3942/5303/3933
f 3945/5307/3937 3948/5311/3941 3944/5306/3936
f 3947/5310/3940 3949/5312/3942 3945/5307/3937
f 3945/5307/3937 3951/5313/3943 3948/5311/3941
f 3945/5307/3937 3949/5312/3942 3950/5314/3944
f 3950/5314/3944 3951/5313/3943 3945/5307/3937
f 3952/5309/3939 3942/5303/3933 3953/5315/3945
f 3952/5309/3939 3953/5315/3945 3946/5308/3938
f 3946/5308/3938 3953/5315/3945 3954/5316/3946
f 3954/5316/3946 3953/5315/3945 3941/5304/3934
f 3941/5304/3934 3953/5315/3945 3942/5303/3933
f 3946/5308/3938 3954/5316/3946 3955/5317/3947
f 3954/5316/3946 3941/5304/3934 3939/5300/3930
f 3939/5300/3930 3955/5317/3947 3954/5316/3946
f 3956/5318/3948 3955/5317/3947 3973/5319/3949
f 3956/5318/3948 3958/5320/3950 3955/5317/3947
f 3973/5319/3949 3955/5317/3947 3957/5321/3951
f 3955/5317/3947 3971/5322/3952 3957/5321/3951
f 3955/5317/3947 3958/5320/3950 3959/5323/3953
f 3959/5323/3953 3960/5324/3954 3955/5317/3947
f 3972/5325/3955 3946/5308/3938 3955/5317/3947
f 3955/5317/3947 3960/5324/3954 3961/5326/3956
f 3955/5317/3947 3961/5326/3956 3962/5327/3957
f 3962/5327/3957 3964/5328/3958 3955/5317/3947
f 3939/5300/3930 3963/5329/3959 3955/5317/3947
f 3963/5329/3959 3971/5322/3952 3955/5317/3947
f 3955/5317/3947 3964/5328/3958 3965/5330/3960
f 3955/5317/3947 3965/5330/3960 3966/5331/3961
f 3966/5331/3961 3967/5332/3962 3955/5317/3947
f 3955/5317/3947 3967/5332/3962 3968/5333/3963
f 3955/5317/3947 3968/5333/3963 3970/5334/3964
f 3969/5335/3965 3955/5317/3947 3970/5334/3964
f 3972/5325/3955 3955/5317/3947 3969/5335/3965
f 3973/5319/3949 3974/5336/3966 3976/5337/3967
f 3973/5319/3949 3975/5338/3968 3974/5336/3966
f 3957/5321/3951 3975/5338/3968 3973/5319/3949
f 3976/5337/3967 3977/5339/3969 3973/5319/3949
f 3973/5319/3949 3977/5339/3969 3956/5318/3948
f 3976/5337/3967 3978/5340/3970 3977/5339/3969
f 3977/5339/3969 3979/5341/3971 3956/5318/3948
f 3977/5339/3969 3978/5340/3970 3979/5341/3971
f 3956/5342/3948 3979/5343/3971 3983/5344/3972
f 3980/5345/3973 3959/5323/3953 3979/5341/3971
f 3981/5346/3974 3980/5345/3973 3979/5341/3971
f 3981/5346/3974 3979/5341/3971 3982/5347/3975
f 3982/5347/3975 3979/5341/3971 3978/5340/3970
f 3979/5341/3971 3958/5320/3950 3983/5348/3972
f 3979/5341/3971 3959/5323/3953 3958/5320/3950
f 3983/5348/3972 3958/5320/3950 3956/5318/3948
f 3982/5347/3975 3986/5349/3976 3981/5346/3974
f 3985/5350/3977 3982/5347/3975 3984/5351/3978
f 3982/5347/3975 3978/5340/3970 3984/5351/3978
f 3985/5350/3977 3986/5349/3976 3982/5347/3975
f 3986/5349/3976 3987/5352/3979 3981/5346/3974
f 3986/5349/3976 3988/5353/3980 3987/5352/3979
f 3989/5354/3981 3988/5353/3980 3986/5349/3976
f 3986/5355/3976 3731/5007/3724 3989/5356/3981
f 3985/5350/3977 3990/5357/3982 3986/5349/3976
f 3990/5358/3982 3991/5359/3983 3986/5355/3976
f 3986/5355/3976 3991/5359/3983 3731/5007/3724
f 3991/5359/3983 3992/5360/3984 3731/5007/3724
f 3991/5359/3983 3995/5361/3985 3992/5360/3984
f 3990/5358/3982 3993/5362/3986 3991/5359/3983
f 3993/5362/3986 3994/5363/3987 3991/5359/3983
f 3991/5359/3983 3994/5363/3987 3995/5361/3985
f 3994/5363/3987 3728/5004/3721 3995/5361/3985
f 3728/5004/3721 3992/5360/3984 3995/5361/3985
f 3993/5362/3986 3996/5364/3988 3994/5363/3987
f 3996/5364/3988 3997/5365/3989 3994/5363/3987
f 3994/5363/3987 3997/5365/3989 3728/5004/3721
f 3997/5365/3989 3998/5366/3990 4000/5367/3991
f 3997/5365/3989 3999/5368/3992 3998/5366/3990
f 3996/5364/3988 3999/5368/3992 3997/5365/3989
f 4000/5369/3991 4001/5370/3993 3997/5371/3989
f 3997/5371/3989 4002/5372/3994 3728/5001/3721
f 3997/5371/3989 4001/5370/3993 4002/5372/3994
f 4002/5372/3994 4003/5373/3995 3728/5001/3721
f 4002/5372/3994 4001/5370/3993 3706/5374/3700
f 4004/5375/3996 4003/5373/3995 4002/5372/3994
f 4004/5375/3996 4002/5372/3994 3706/5374/3700
f 4004/5376/3996 3715/4986/3709 3718/4992/3712
f 3718/4991/3712 3726/4999/3719 4004/5375/3996
f 3706/4977/3700 3707/4978/3701 4004/5376/3996
f 4004/5376/3996 3707/4978/3701 3715/4986/3709
f 3726/4999/3719 4003/5373/3995 4004/5375/3996
f 3728/5001/3721 4003/5373/3995 3726/4999/3719
f 3706/5374/3700 4001/5370/3993 4005/5377/3997
f 4000/5369/3991 4005/5377/3997 4001/5370/3993
f 3703/5378/3697 4005/5377/3997 4006/5379/3998
f 4007/5380/3999 4006/5379/3998 4005/5377/3997
f 3706/5374/3700 4005/5377/3997 3703/5378/3697
f 4007/5380/3999 4005/5377/3997 4000/5369/3991
f 4007/5381/3999 4008/5382/4000 4010/5383/4001
f 4000/5367/3991 4008/5382/4000 4007/5381/3999
f 1698/2136/1695 4006/5379/3998 4007/5380/3999
f 4007/5381/3999 4009/5384/4002 1698/2137/1695
f 4007/5381/3999 4010/5383/4001 4009/5384/4002
f 4011/5385/4003 4010/5383/4001 4008/5382/4000
f 4011/5385/4003 4009/5384/4002 4010/5383/4001
f 4013/5386/4004 4011/5385/4003 4012/5387/4005
f 4011/5385/4003 4008/5382/4000 4012/5387/4005
f 1690/2127/1688 1691/2126/1687 4011/5385/4003
f 1691/2126/1687 4009/5384/4002 4011/5385/4003
f 1690/2127/1688 4011/5385/4003 4013/5386/4004
f 4016/5388/4006 1690/2128/1688 4013/5389/4004
f 4013/5386/4004 4012/5387/4005 4014/5390/4007
f 4015/5391/4008 4013/5389/4004 4014/5392/4007
f 4016/5388/4006 4013/5389/4004 4015/5391/4008
f 4016/5388/4006 4018/5393/4009 4017/5394/4010
f 4017/5394/4010 4020/5395/4011 4016/5388/4006
f 4016/5388/4006 4019/5396/4012 4018/5393/4009
f 4015/5391/4008 4019/5396/4012 4016/5388/4006
f 1687/2117/1683 1690/2128/1688 4016/5388/4006
f 4016/5388/4006 4020/5395/4011 1687/2117/1683
f 4020/5395/4011 4021/5397/4013 1687/2117/1683
f 4021/5397/4013 4020/5395/4011 1667/2088/1663
f 1667/2088/1663 4020/5395/4011 4017/5394/4010
f 1669/2091/1666 4021/5397/4013 1667/2088/1663
f 1669/2091/1666 1685/2115/1681 4021/5397/4013
f 1687/2117/1683 4021/5397/4013 1685/2115/1681
f 4019/5396/4012 1665/2086/1661 4018/5393/4009
f 4022/5398/4014 1665/2086/1661 4019/5396/4012
f 4015/5391/4008 4022/5398/4014 4019/5396/4012
f 4022/5398/4014 1666/2089/1664 1665/2086/1661
f 4023/5399/4015 4022/5398/4014 4015/5391/4008
f 4023/5399/4015 1666/2089/1664 4022/5398/4014
f 4024/5400/4016 4023/5399/4015 4015/5391/4008
f 4025/5401/4017 4023/5399/4015 4024/5400/4016
f 4025/5401/4017 1666/2089/1664 4023/5399/4015
f 4024/5400/4016 4026/5402/4018 4025/5401/4017
f 4026/5402/4018 1666/2089/1664 4025/5401/4017
f 4026/5402/4018 4027/5403/4019 1666/2089/1664
f 4028/5404/4020 4027/5403/4019 4026/5402/4018
f 4024/5400/4016 4028/5404/4020 4026/5402/4018
f 4028/5404/4020 4029/5405/4021 4027/5403/4019
f 4030/5406/4022 3974/5336/3966 4028/5404/4020
f 3974/5336/3966 4029/5405/4021 4028/5404/4020
f 3985/5350/3977 4028/5404/4020 4024/5400/4016
f 3985/5350/3977 4030/5406/4022 4028/5404/4020
f 3984/5351/3978 4030/5406/4022 3985/5350/3977
f 4030/5406/4022 3984/5351/3978 3978/5340/3970
f 3976/5337/3967 4030/5406/4022 3978/5340/3970
f 3974/5336/3966 4030/5406/4022 3976/5337/3967
f 4027/5403/4019 4029/5405/4021 4031/5407/4023
f 3975/5338/3968 4029/5405/4021 3974/5336/3966
f 4031/5407/4023 4029/5405/4021 3975/5338/3968
f 4032/5408/4024 4027/5403/4019 4031/5407/4023
f 4035/5409/4025 4032/5408/4024 4031/5407/4023
f 4033/5410/4026 4031/5407/4023 4034/5411/4027
f 4035/5409/4025 4031/5407/4023 4033/5410/4026
f 4031/5407/4023 3975/5338/3968 4034/5411/4027
f 4039/5412/4028 4032/5408/4024 4035/5409/4025
f 4035/5409/4025 4037/5413/4029 4036/5414/4030
f 4039/5412/4028 4035/5409/4025 4036/5414/4030
f 4035/5409/4025 4038/5415/4031 4037/5413/4029
f 4033/5410/4026 4038/5415/4031 4035/5409/4025
f 4032/5408/4024 4039/5412/4028 1666/2089/1664
f 1666/2089/1664 4039/5412/4028 4040/5416/4032
f 4036/5414/4030 4040/5416/4032 4039/5412/4028
f 4040/5416/4032 4041/5417/4033 1648/2059/1645
f 1666/2089/1664 4040/5416/4032 1648/2059/1645
f 4036/5414/4030 4041/5417/4033 4040/5416/4032
f 1648/2059/1645 4041/5417/4033 4042/5418/4034
f 4043/5419/4035 4041/5417/4033 4036/5414/4030
f 4043/5419/4035 4042/5418/4034 4041/5417/4033
f 4036/5414/4030 4046/5420/4036 4043/5419/4035
f 4044/5421/4037 4042/5418/4034 4043/5419/4035
f 4045/5422/4038 4044/5421/4037 4043/5419/4035
f 4043/5419/4035 4047/5423/4039 4045/5422/4038
f 4043/5419/4035 4046/5420/4036 4047/5423/4039
f 4048/5424/4040 4047/5423/4039 4046/5420/4036
f 4048/5424/4040 4044/5421/4037 4047/5423/4039
f 4044/5421/4037 4045/5422/4038 4047/5423/4039
f 4036/5414/4030 4037/5413/4029 4048/5424/4040
f 4048/5424/4040 4037/5413/4029 4038/5415/4031
f 4038/5415/4031 4044/5421/4037 4048/5424/4040
f 4036/5414/4030 4048/5424/4040 4046/5420/4036
f 4044/5421/4037 4033/5410/4026 3971/5322/3952
f 4038/5415/4031 4033/5410/4026 4044/5421/4037
f 4044/5421/4037 4050/5425/4041 4042/5418/4034
f 4049/5426/4042 4050/5425/4041 4044/5421/4037
f 4044/5421/4037 3971/5322/3952 4049/5426/4042
f 4050/5425/4041 4052/5427/4043 4051/5428/4044
f 4051/5428/4044 4054/5429/4045 4050/5425/4041
f 4049/5426/4042 4052/5427/4043 4050/5425/4041
f 4050/5425/4041 4053/5430/4046 4042/5418/4034
f 4050/5425/4041 4054/5429/4045 4053/5430/4046
f 4055/5431/4047 4053/5430/4046 4054/5429/4045
f 4055/5431/4047 4054/5429/4045 3929/5291/3921
f 3929/5291/3921 4054/5429/4045 4051/5428/4044
f 1645/2063/1641 1650/2060/1646 4055/5431/4047
f 1650/2060/1646 4053/5430/4046 4055/5431/4047
f 4055/5431/4047 3929/5291/3921 3924/5283/3916
f 1645/2063/1641 4055/5431/4047 3924/5283/3916
f 1650/2060/1646 4042/5418/4034 4053/5430/4046
f 3929/5291/3921 4052/5427/4043 3930/5292/3922
f 4051/5428/4044 4052/5427/4043 3929/5291/3921
f 4049/5426/4042 3971/5322/3952 4052/5427/4043
f 3971/5322/3952 4056/5432/4048 4052/5427/4043
f 3930/5292/3922 4052/5427/4043 4056/5432/4048
f 4057/5433/4049 3930/5292/3922 4056/5432/4048
f 3971/5322/3952 4057/5433/4049 4056/5432/4048
f 4057/5433/4049 3931/5293/3923 3930/5292/3922
f 4058/5434/4050 3931/5293/3923 4057/5433/4049
f 4058/5434/4050 4057/5433/4049 3971/5322/3952
f 4059/5435/4051 4060/5436/4052 4058/5434/4050
f 4059/5435/4051 4058/5434/4050 3971/5322/3952
f 4060/5436/4052 3932/5294/3924 4058/5434/4050
f 4058/5434/4050 3932/5294/3924 3931/5293/3923
f 4060/5436/4052 4061/5437/4053 4062/5438/4054
f 4059/5435/4051 4061/5437/4053 4060/5436/4052
f 4060/5436/4052 4062/5438/4054 3932/5294/3924
f 4061/5437/4053 4063/5439/4055 4062/5438/4054
f 3934/5296/3926 4062/5438/4054 3939/5300/3930
f 3933/5295/3925 4062/5438/4054 3934/5296/3926
f 4062/5438/4054 4063/5439/4055 3939/5300/3930
f 3932/5294/3924 4062/5438/4054 3933/5295/3925
f 4061/5437/4053 4059/5435/4051 4063/5439/4055
f 3939/5300/3930 4063/5439/4055 3963/5329/3959
f 4063/5439/4055 3971/5322/3952 3963/5329/3959
f 4063/5439/4055 4059/5435/4051 3971/5322/3952
f 1648/2059/1645 4042/5418/4034 1650/2060/1646
f 4033/5410/4026 4034/5411/4027 3971/5322/3952
f 4034/5411/4027 3975/5338/3968 3971/5322/3952
f 4027/5403/4019 4032/5408/4024 1666/2089/1664
f 4015/5391/4008 4014/5392/4007 4024/5400/4016
f 4024/5400/4016 3990/5357/3982 3985/5350/3977
f 4024/5400/4016 4014/5392/4007 3990/5357/3982
f 1664/2087/1662 4017/5394/4010 4018/5393/4009
f 1664/2087/1662 4018/5393/4009 1665/2086/1661
f 1667/2088/1663 4017/5394/4010 1664/2087/1662
f 4014/5390/4007 3993/5362/3986 3990/5358/3982
f 4014/5390/4007 4012/5387/4005 3993/5362/3986
f 3993/5362/3986 4012/5387/4005 3999/5368/3992
f 4012/5387/4005 3998/5366/3990 3999/5368/3992
f 4012/5387/4005 4008/5382/4000 3998/5366/3990
f 1691/2126/1687 4064/5440/4056 4009/5384/4002
f 1698/2137/1695 4009/5384/4002 4064/5440/4056
f 1691/2126/1687 1693/2129/1689 4064/5440/4056
f 1698/2137/1695 4064/5440/4056 1693/2129/1689
f 4000/5367/3991 3998/5366/3990 4008/5382/4000
f 3703/5378/3697 4006/5379/3998 3704/5441/3698
f 4006/5379/3998 4065/5442/4057 3704/5441/3698
f 1698/2136/1695 4065/5442/4057 4006/5379/3998
f 1700/2135/1694 4065/5442/4057 1698/2136/1695
f 3704/5441/3698 4065/5442/4057 1700/2135/1694
f 3999/5368/3992 3996/5364/3988 3993/5362/3986
f 3731/5007/3724 3992/5360/3984 3729/5003/3722
f 3728/5004/3721 3729/5003/3722 3992/5360/3984
f 3989/5354/3981 4066/5443/4058 4068/5444/4059
f 3742/5020/3736 4066/5445/4058 3989/5356/3981
f 4067/5446/4060 3988/5353/3980 3989/5354/3981
f 3989/5356/3981 3733/5010/3727 3742/5020/3736
f 3989/5356/3981 3731/5007/3724 3733/5010/3727
f 3989/5354/3981 4068/5444/4059 4067/5446/4060
f 4068/5447/4059 3965/5448/3960 4072/5449/4061
f 4068/5450/4059 4070/5451/4062 3965/5452/3960
f 4069/5453/4063 4070/5454/4062 4068/5444/4059
f 4066/5443/4058 4069/5453/4063 4068/5444/4059
f 3980/5345/3973 3988/5353/3980 4068/5444/4059
f 3988/5353/3980 4067/5446/4060 4068/5444/4059
f 3980/5455/3973 4068/5456/4059 4071/5457/4064
f 4071/5458/4064 4068/5447/4059 4072/5449/4061
f 3962/5459/3957 4072/5460/4061 3964/5461/3958
f 4072/5460/4061 3965/5462/3960 3964/5461/3958
f 4071/5463/4064 4072/5460/4061 3962/5459/3957
f 4071/5464/4064 3960/5324/3954 3980/5345/3973
f 4071/5464/4064 3961/5326/3956 3960/5324/3954
f 3962/5327/3957 3961/5326/3956 4071/5464/4064
f 4070/5451/4062 3966/5465/3961 3965/5452/3960
f 4074/5466/4065 4073/5467/4066 4070/5454/4062
f 3967/5468/3962 4070/5451/4062 4073/5469/4066
f 3966/5465/3961 4070/5451/4062 3967/5468/3962
f 4069/5453/4063 4074/5466/4065 4070/5454/4062
f 4075/5470/4067 4073/5467/4066 4074/5466/4065
f 4069/5453/4063 4066/5443/4058 4074/5466/4065
f 3742/5024/3736 4074/5466/4065 4066/5443/4058
f 4075/5470/4067 4074/5466/4065 3742/5024/3736
f 4075/5470/4067 4076/5471/4068 4073/5467/4066
f 4077/5472/4069 4076/5471/4068 4075/5470/4067
f 3742/5024/3736 4077/5472/4069 4075/5470/4067
f 3742/5024/3736 4078/5473/4070 4077/5472/4069
f 4077/5472/4069 4078/5473/4070 4076/5471/4068
f 3969/5474/3965 4078/5475/4070 3972/5476/3955
f 3969/5335/3965 4076/5471/4068 4078/5473/4070
f 3972/5325/3955 4078/5473/4070 4079/5477/4071
f 4079/5477/4071 4078/5473/4070 4080/5478/4072
f 4080/5478/4072 4078/5473/4070 3742/5024/3736
f 3742/5479/3736 4081/5480/4073 4080/5481/4072
f 4079/5477/4071 4080/5478/4072 4081/5482/4073
f 3745/5023/3738 4082/5483/4074 4081/5482/4073
f 4081/5482/4073 4082/5483/4074 4079/5477/4071
f 3742/5024/3736 3745/5023/3738 4081/5482/4073
f 3950/5314/3944 4082/5483/4074 4083/5484/4075
f 3949/5312/3942 4082/5483/4074 3950/5314/3944
f 3745/5023/3738 4083/5484/4075 4082/5483/4074
f 3949/5312/3942 4079/5477/4071 4082/5483/4074
f 3950/5314/3944 4083/5484/4075 4084/5485/4076
f 4084/5485/4076 4083/5484/4075 3745/5023/3738
f 3745/5023/3738 4085/5486/4077 4084/5485/4076
f 4085/5486/4077 3951/5313/3943 4084/5485/4076
f 3950/5314/3944 4084/5485/4076 3951/5313/3943
f 3936/5299/3929 4085/5486/4077 3745/5023/3738
f 3936/5299/3929 3951/5313/3943 4085/5486/4077
f 4087/5487/4078 4079/5477/4071 4086/5488/4079
f 4079/5477/4071 3947/5310/3940 4086/5488/4079
f 3947/5310/3940 4079/5477/4071 3949/5312/3942
f 3972/5325/3955 4079/5477/4071 4087/5487/4078
f 3972/5325/3955 4087/5487/4078 4086/5488/4079
f 4086/5488/4079 3947/5310/3940 3946/5308/3938
f 4086/5488/4079 3946/5308/3938 3972/5325/3955
f 4088/5489/4080 4076/5471/4068 3969/5335/3965
f 4076/5471/4068 4088/5489/4080 4073/5467/4066
f 3969/5335/3965 3970/5334/3964 4088/5489/4080
f 3968/5333/3963 4088/5489/4080 3970/5334/3964
f 3968/5490/3963 4073/5469/4066 4088/5491/4080
f 3967/5468/3962 4073/5469/4066 3968/5490/3963
f 3987/5352/3979 3988/5353/3980 3980/5345/3973
f 3987/5352/3979 3980/5345/3973 3981/5346/3974
f 3980/5345/3973 3960/5324/3954 3959/5323/3953
f 3975/5338/3968 3957/5321/3951 3971/5322/3952
f 3936/5299/3929 3948/5311/3941 3951/5313/3943
f 3944/5306/3936 3948/5311/3941 3936/5299/3929
f 3938/5302/3932 3944/5306/3936 3936/5299/3929
f 3934/5296/3926 3939/5300/3930 3935/5297/3927
f 3745/5023/3738 4089/5492/4081 3936/5299/3929
f 3925/5286/3919 3936/5299/3929 4089/5492/4081
f 3745/5023/3738 3748/5028/3741 4089/5492/4081
f 3925/5286/3919 4089/5492/4081 3748/5028/3741
f 3748/5028/3741 3791/5092/3784 3925/5286/3919
f 3924/5283/3916 1646/5493/1640 1643/5494/1639
f 3924/5283/3916 1643/5494/1639 1645/2063/1641
f 3924/5283/3916 1644/5495/1642 1646/5493/1640
f 1633/5496/1629 1644/5495/1642 3924/5283/3916
f 3924/5283/3916 1636/5290/1630 1633/5496/1629
f 3820/5125/3814 3916/5271/3909 3821/5126/3815
f 3915/5269/3907 3916/5271/3909 3820/5125/3814
f 3820/5125/3814 3914/5268/3906 3915/5269/3907
f 3881/5234/3873 3914/5268/3906 4090/5497/4082
f 4090/5497/4082 3914/5268/3906 3820/5125/3814
f 4090/5497/4082 3832/5498/3820 3825/5499/3819
f 3820/5125/3814 3832/5498/3820 4090/5497/4082
f 3881/5234/3873 4090/5497/4082 3880/5235/3874
f 4090/5497/4082 3825/5499/3819 3880/5235/3874
f 3901/5255/3893 4091/5500/4083 3902/5256/3894
f 3902/5256/3894 4092/5501/4084 1629/2032/1627
f 3902/5256/3894 4091/5500/4083 4092/5501/4084
f 1629/2032/1627 4092/5501/4084 1631/2031/1626
f 4091/5500/4083 4093/5502/4085 4092/5501/4084
f 4092/5501/4084 4094/5503/4086 1631/2031/1626
f 4092/5501/4084 4093/5502/4085 4094/5503/4086
f 1631/2031/1626 4094/5503/4086 1606/1997/1602
f 4095/5504/4087 4094/5503/4086 4093/5502/4085
f 1607/1998/1603 4094/5503/4086 4095/5504/4087
f 1607/1998/1603 1606/1997/1602 4094/5503/4086
f 4096/5505/4088 4095/5504/4087 4098/5506/4089
f 4097/5507/4090 4095/5504/4087 4096/5505/4088
f 4097/5507/4090 1607/1998/1603 4095/5504/4087
f 4095/5504/4087 4093/5502/4085 4098/5506/4089
f 4098/5506/4089 4099/5508/4091 4096/5505/4088
f 4098/5506/4089 4093/5502/4085 4099/5508/4091
f 4091/5500/4083 4099/5508/4091 4093/5502/4085
f 4100/5509/4092 4099/5508/4091 4091/5500/4083
f 4096/5505/4088 4099/5508/4091 4100/5509/4092
f 3901/5255/3893 4100/5509/4092 4091/5500/4083
f 4101/5510/4093 4100/5509/4092 3901/5255/3893
f 4096/5505/4088 4100/5509/4092 4101/5510/4093
f 4102/5511/4094 4101/5510/4093 4103/5512/4095
f 4102/5511/4094 4096/5505/4088 4101/5510/4093
f 3899/5252/3890 4101/5510/4093 3901/5255/3893
f 4104/5513/4096 4101/5510/4093 3899/5252/3890
f 4103/5512/4095 4101/5510/4093 4104/5513/4096
f 4103/5512/4095 4104/5513/4096 4105/5514/4097
f 4104/5513/4096 3897/5251/3889 4105/5514/4097
f 3899/5252/3890 3897/5251/3889 4104/5513/4096
f 4106/5515/4098 4103/5512/4095 4105/5514/4097
f 4107/5516/4099 4106/5515/4098 4105/5514/4097
f 4107/5516/4099 4105/5514/4097 3897/5251/3889
f 1436/1828/1433 1438/1829/1434 4107/5516/4099
f 1438/1829/1434 4106/5515/4098 4107/5516/4099
f 3890/5244/3883 4107/5516/4099 3897/5251/3889
f 1436/1828/1433 4107/5516/4099 3890/5244/3883
f 1438/1829/1434 4108/5517/4100 4106/5515/4098
f 4108/5517/4100 4103/5512/4095 4106/5515/4098
f 4109/5518/4101 4112/5519/4102 4108/5517/4100
f 4109/5518/4101 4108/5517/4100 4110/5520/4103
f 4110/5520/4103 4108/5517/4100 4111/5521/4104
f 4111/5521/4104 4108/5517/4100 4113/5522/4105
f 1437/1830/1435 1443/1834/1439 4108/5517/4100
f 4113/5522/4105 4108/5517/4100 1443/1834/1439
f 4108/5517/4100 4112/5519/4102 4103/5512/4095
f 1437/1830/1435 4108/5517/4100 1438/1829/1434
f 4114/5523/4106 1571/1963/1568 4113/5522/4105
f 4114/5523/4106 4113/5522/4105 1506/1897/1502
f 1506/1897/1502 4113/5522/4105 4115/5524/4107
f 4113/5522/4105 4116/5525/4108 4115/5524/4107
f 4113/5522/4105 1443/1834/1439 1442/1833/1438
f 1442/1833/1438 1446/1836/1441 4113/5522/4105
f 1446/1836/1441 1449/1841/1446 4113/5522/4105
f 4113/5522/4105 1449/1841/1446 4116/5525/4108
f 4113/5522/4105 1575/1967/1572 4111/5521/4104
f 1571/1963/1568 1575/1967/1572 4113/5522/4105
f 1456/1848/1453 4115/5524/4107 4116/5525/4108
f 1448/1840/1445 4116/5525/4108 1449/1841/1446
f 1456/1848/1453 4116/5525/4108 1448/1840/1445
f 4117/5526/4109 1506/1897/1502 4115/5524/4107
f 4117/5526/4109 4115/5524/4107 1456/1848/1453
f 4119/5527/4110 4118/5528/4111 4117/5526/4109
f 4118/5528/4111 1506/1897/1502 4117/5526/4109
f 4119/5527/4110 4117/5526/4109 1455/1847/1452
f 1455/1847/1452 4117/5526/4109 1456/1848/1453
f 1464/1856/1461 4119/5527/4110 1455/1847/1452
f 4120/5529/4112 4118/5528/4111 4119/5527/4110
f 4120/5529/4112 4119/5527/4110 1464/1856/1461
f 4121/5530/4113 4125/5531/4114 4120/5529/4112
f 1478/1868/1473 4121/5530/4113 4120/5529/4112
f 1478/1868/1473 4120/5529/4112 4122/5532/4115
f 4120/5529/4112 4124/5533/4116 4122/5532/4115
f 1464/1856/1461 4123/5534/4117 4120/5529/4112
f 4120/5529/4112 4123/5534/4117 4124/5533/4116
f 4120/5529/4112 4125/5531/4114 4118/5528/4111
f 4121/5530/4113 4126/5535/4118 4125/5531/4114
f 4125/5531/4114 1507/1899/1504 4118/5528/4111
f 4125/5531/4114 1508/1900/1505 1507/1899/1504
f 4126/5535/4118 1508/1900/1505 4125/5531/4114
f 4127/5536/4119 4126/5535/4118 4121/5530/4113
f 4127/5536/4119 1500/1892/1497 4126/5535/4118
f 4126/5535/4118 1511/1901/1506 1508/1900/1505
f 1500/1892/1497 1511/1901/1506 4126/5535/4118
f 1493/1886/1491 1500/1892/1497 4127/5536/4119
f 4127/5536/4119 1487/1879/1484 1493/1886/1491
f 1477/1869/1474 4127/5536/4119 4121/5530/4113
f 1479/1870/1475 4127/5536/4119 1477/1869/1474
f 1479/1870/1475 1487/1879/1484 4127/5536/4119
f 4122/5532/4115 4124/5533/4116 1463/1855/1460
f 1463/1855/1460 4124/5533/4116 4123/5534/4117
f 1463/1855/1460 4123/5534/4117 1464/1856/1461
f 1463/1855/1460 1478/1868/1473 4122/5532/4115
f 1477/1869/1474 4121/5530/4113 1478/1868/1473
f 4118/5528/4111 1507/1899/1504 1506/1897/1502
f 1506/1897/1502 1564/1955/1560 4114/5523/4106
f 4114/5523/4106 1564/1955/1560 1566/1957/1562
f 1566/1957/1562 1571/1963/1568 4114/5523/4106
f 4128/5537/4120 4112/5519/4102 4129/5538/4121
f 4103/5512/4095 4112/5519/4102 4128/5537/4120
f 4112/5519/4102 4109/5518/4101 4129/5538/4121
f 4128/5537/4120 4129/5538/4121 4130/5539/4122
f 4130/5539/4122 4129/5538/4121 4131/5540/4123
f 4129/5538/4121 4132/5541/4124 4131/5540/4123
f 4129/5538/4121 4109/5518/4101 4132/5541/4124
f 4132/5541/4124 4134/5542/4125 4133/5543/4126
f 4131/5540/4123 4132/5541/4124 4133/5543/4126
f 4132/5541/4124 4110/5520/4103 4134/5542/4125
f 4109/5518/4101 4110/5520/4103 4132/5541/4124
f 4111/5521/4104 4134/5542/4125 4110/5520/4103
f 1575/1967/1572 4134/5542/4125 4111/5521/4104
f 4133/5543/4126 4134/5542/4125 1574/1966/1571
f 1575/1967/1572 1574/1966/1571 4134/5542/4125
f 4133/5543/4126 1574/1966/1571 1577/1968/1573
f 1592/1984/1589 4133/5543/4126 1577/1968/1573
f 4131/5540/4123 4133/5543/4126 1592/1984/1589
f 4130/5539/4122 4131/5540/4123 1594/1987/1592
f 1594/1987/1592 4131/5540/4123 1592/1984/1589
f 4130/5539/4122 1604/1994/1599 4128/5537/4120
f 4130/5539/4122 1598/1990/1595 1604/1994/1599
f 1594/1987/1592 1598/1990/1595 4130/5539/4122
f 4128/5537/4120 1604/1994/1599 4135/5544/4127
f 4128/5537/4120 4135/5544/4127 4103/5512/4095
f 4135/5544/4127 1603/1995/1600 4097/5507/4090
f 1604/1994/1599 1603/1995/1600 4135/5544/4127
f 4103/5512/4095 4135/5544/4127 4102/5511/4094
f 4135/5544/4127 4097/5507/4090 4102/5511/4094
f 4102/5511/4094 4097/5507/4090 4096/5505/4088
f 1603/1995/1600 1607/1998/1603 4097/5507/4090
f 3888/5242/3881 3898/5253/3891 3883/5237/3876
f 3883/5237/3876 3885/5238/3877 3888/5242/3881
f 3885/5238/3877 3886/5241/3880 3888/5242/3881
f 3884/5239/3878 4136/5545/4128 1419/1807/1412
f 3884/5239/3878 3871/5218/3864 4136/5545/4128
f 1422/1814/1419 3884/5239/3878 1419/1807/1412
f 1415/1806/1411 4136/5545/4128 3871/5218/3864
f 1415/1806/1411 1419/1807/1412 4136/5545/4128
f 3880/5235/3874 3825/5499/3819 3826/5233/3821
f 1412/1805/1410 3863/5200/3856 3860/5196/3854
f 1415/1806/1411 3863/5200/3856 1412/1805/1410
f 1412/1805/1410 3860/5196/3854 4139/5546/4129
f 4138/5547/4130 3860/5196/3854 3854/5184/3846
f 4137/5548/4131 3860/5196/3854 4138/5547/4130
f 4137/5548/4131 4139/5546/4129 3860/5196/3854
f 4141/5549/4132 4140/5550/4133 4139/5546/4129
f 4139/5546/4129 4140/5550/4133 1412/1805/1410
f 4141/5549/4132 4139/5546/4129 4142/5551/4134
f 4139/5546/4129 4143/5552/4135 4142/5551/4134
f 4137/5548/4131 4143/5552/4135 4139/5546/4129
f 4142/5551/4134 4143/5552/4135 4144/5553/4136
f 4145/5554/4137 4144/5553/4136 4143/5552/4135
f 4137/5548/4131 4145/5554/4137 4143/5552/4135
f 4145/5554/4137 4146/5555/4138 4144/5553/4136
f 4145/5556/4137 4147/5557/4139 4146/5558/4138
f 4148/5559/4140 4147/5557/4139 4145/5556/4137
f 4138/5547/4130 4145/5554/4137 4137/5548/4131
f 4145/5554/4137 4138/5547/4130 3854/5184/3846
f 3854/5184/3846 3851/5181/3844 4145/5554/4137
f 4145/5556/4137 3849/5179/3842 4148/5559/4140
f 4145/5554/4137 3851/5181/3844 3849/5177/3842
f 4148/5559/4140 3849/5179/3842 3845/5170/3839
f 4148/5559/4140 3845/5170/3839 3843/5167/3836
f 3843/5167/3836 4150/5560/4141 4148/5559/4140
f 4148/5559/4140 4149/5561/4142 4147/5557/4139
f 4148/5559/4140 4150/5560/4141 4149/5561/4142
f 4151/5562/4143 4149/5561/4142 4150/5560/4141
f 4151/5562/4143 4150/5560/4141 4153/5563/4144
f 3843/5167/3836 4152/5564/4145 4150/5560/4141
f 4153/5563/4144 4150/5560/4141 4152/5564/4145
f 4153/5563/4144 4152/5564/4145 4155/5565/4146
f 4153/5563/4144 4154/5566/4147 4151/5562/4143
f 4153/5563/4144 4157/5567/4148 4154/5566/4147
f 4155/5565/4146 4156/5568/4149 4153/5563/4144
f 4156/5568/4149 4157/5567/4148 4153/5563/4144
f 3138/4188/3131 4158/5569/4150 4157/5567/4148
f 4156/5568/4149 3138/4188/3131 4157/5567/4148
f 4158/5569/4150 4154/5566/4147 4157/5567/4148
f 4159/5570/4151 4154/5566/4147 4158/5569/4150
f 3138/4188/3131 4159/5570/4151 4158/5569/4150
f 1121/1406/1118 4159/5570/4151 3138/4188/3131
f 1121/1406/1118 4160/5571/4152 4159/5570/4151
f 4160/5571/4152 4161/5572/4153 4159/5570/4151
f 4159/5570/4151 4161/5572/4153 4154/5566/4147
f 4161/5572/4153 4163/5573/4154 4154/5566/4147
f 4162/5574/4155 4161/5572/4153 4160/5571/4152
f 4162/5574/4155 4164/5575/4156 4161/5572/4153
f 4164/5575/4156 4163/5573/4154 4161/5572/4153
f 1124/1405/1119 4164/5575/4156 4162/5574/4155
f 4164/5575/4156 1127/1413/1125 1131/1418/1130
f 1124/1405/1119 1127/1413/1125 4164/5575/4156
f 4164/5575/4156 1131/1418/1130 4165/5576/4157
f 4165/5576/4157 4166/5577/4158 4164/5575/4156
f 4164/5575/4156 4166/5577/4158 4163/5573/4154
f 4165/5576/4157 4167/5578/4159 4166/5577/4158
f 4168/5579/4160 4166/5577/4158 4167/5578/4159
f 4154/5566/4147 4166/5577/4158 4168/5579/4160
f 4154/5566/4147 4163/5573/4154 4166/5577/4158
f 4168/5580/4160 4172/5581/4161 4169/5582/4162
f 4169/5583/4162 4171/5584/4163 4168/5579/4160
f 4168/5579/4160 4167/5578/4159 4170/5585/4159
f 4170/5585/4159 4174/5586/4164 4168/5579/4160
f 4173/5587/4165 4168/5579/4160 4171/5584/4163
f 4168/5580/4160 4174/5588/4164 4172/5581/4161
f 4151/5562/4143 4154/5566/4147 4168/5579/4160
f 4151/5562/4143 4168/5579/4160 4173/5587/4165
f 4165/5576/4157 4174/5586/4164 4170/5585/4159
f 4165/5589/4157 4176/5590/4166 4174/5588/4164
f 4175/5591/4167 4172/5581/4161 4174/5588/4164
f 4176/5590/4166 4175/5591/4167 4174/5588/4164
f 1131/5592/1130 4176/5590/4166 4165/5589/4157
f 1131/5592/1130 4178/5593/4168 4176/5590/4166
f 4180/5594/4169 4177/5595/4170 4176/5590/4166
f 4177/5595/4170 4175/5591/4167 4176/5590/4166
f 4178/5593/4168 4179/5596/4171 4176/5590/4166
f 4181/5597/4172 4176/5590/4166 4179/5596/4171
f 4180/5594/4169 4176/5590/4166 4181/5597/4172
f 1192/1520/1192 4180/5594/4169 4181/5597/4172
f 1192/1520/1192 4181/5597/4172 4179/5596/4171
f 4182/5598/4173 4180/5594/4169 1192/1520/1192
f 4182/5598/4173 4177/5595/4170 4180/5594/4169
f 4177/5595/4170 4182/5598/4173 4183/5599/4174
f 1192/1520/1192 4183/5599/4174 4182/5598/4173
f 4183/5599/4174 4184/5600/4175 4177/5595/4170
f 4185/5601/4176 4184/5600/4175 4183/5599/4174
f 1192/1520/1192 4185/5601/4176 4183/5599/4174
f 1413/1803/1408 4185/5601/4176 1192/1520/1192
f 1413/1803/1408 4186/5602/4177 4185/5601/4176
f 4186/5602/4177 4184/5600/4175 4185/5601/4176
f 4187/5603/4178 4186/5602/4177 1413/1803/1408
f 4186/5602/4177 4172/5581/4161 4184/5600/4175
f 4186/5602/4177 4187/5603/4178 4172/5581/4161
f 4187/5603/4178 1413/1803/1408 4188/5604/4179
f 4141/5549/4132 4187/5603/4178 4188/5604/4179
f 4141/5549/4132 4172/5581/4161 4187/5603/4178
f 4188/5604/4179 1413/1803/1408 4189/5605/4180
f 4188/5604/4179 4190/5606/4181 4141/5549/4132
f 4188/5604/4179 4189/5605/4180 4190/5606/4181
f 4190/5606/4181 4189/5605/4180 4191/5607/4182
f 4141/5549/4132 4190/5606/4181 4191/5607/4182
f 4141/5549/4132 4191/5607/4182 4192/5608/4183
f 4189/5605/4180 4192/5608/4183 4191/5607/4182
f 4189/5605/4180 1412/1805/1410 4192/5608/4183
f 1412/1805/1410 4140/5550/4133 4192/5608/4183
f 4192/5608/4183 4140/5550/4133 4141/5549/4132
f 1413/1803/1408 1412/1805/1410 4189/5605/4180
f 4177/5595/4170 4184/5600/4175 4172/5581/4161
f 1196/1521/1193 4179/5596/4171 4193/5609/4184
f 4178/5593/4168 4193/5609/4184 4179/5596/4171
f 1196/1521/1193 1192/1520/1192 4179/5596/4171
f 4194/5610/4185 4193/5609/4184 4178/5593/4168
f 1196/1521/1193 4193/5609/4184 4194/5610/4185
f 4194/5610/4185 4195/5611/4186 1196/1521/1193
f 4196/5612/4187 4194/5610/4185 4178/5593/4168
f 4195/5611/4186 4194/5610/4185 4196/5612/4187
f 1131/5592/1130 1132/5613/1129 4196/5612/4187
f 4196/5612/4187 4178/5593/4168 1131/5592/1130
f 4196/5612/4187 1145/1436/1142 1143/1435/1141
f 4196/5612/4187 1132/5613/1129 1145/1436/1142
f 4197/5614/4188 4196/5612/4187 1143/1435/1141
f 4195/5611/4186 4196/5612/4187 4197/5614/4188
f 1196/1521/1193 4197/5614/4188 4198/5615/4189
f 1196/1521/1193 4195/5611/4186 4197/5614/4188
f 4197/5616/4188 1143/5617/1141 1149/5618/1146
f 4199/5619/4190 4197/5616/4188 1149/5618/1146
f 4198/5615/4189 4197/5614/4188 4199/5620/4190
f 1149/5621/1146 4200/5622/4191 4199/5623/4190
f 4199/5620/4190 4200/5624/4191 4198/5615/4189
f 1149/1441/1146 1147/1440/1145 4200/5624/4191
f 1152/1444/1149 4200/5624/4191 1147/1440/1145
f 1152/1444/1149 4198/5615/4189 4200/5624/4191
f 4201/5625/4192 1196/1521/1193 4198/5615/4189
f 4201/5625/4192 4198/5615/4189 1152/1444/1149
f 1161/1457/1158 4202/5626/4193 4201/5627/4192
f 4202/5628/4193 1196/1521/1193 4201/5625/4192
f 1161/1457/1158 4201/5627/4192 1152/1456/1149
f 4202/5628/4193 4203/5629/4194 1196/1521/1193
f 4204/5630/4195 4203/5631/4194 4202/5626/4193
f 4204/5630/4195 4202/5626/4193 1161/1457/1158
f 1185/5632/1181 4204/5630/4195 1178/1504/1173
f 1200/5633/1183 4204/5630/4195 1185/5632/1181
f 4204/5634/4195 1161/1460/1158 1178/1493/1173
f 1200/5633/1183 4203/5631/4194 4204/5630/4195
f 1196/1521/1193 4203/5629/4194 1200/1511/1183
f 4177/5595/4170 4172/5581/4161 4175/5591/4167
f 4171/5584/4163 4147/5557/4139 4173/5587/4165
f 4173/5587/4165 4147/5557/4139 4149/5561/4142
f 4173/5587/4165 4149/5561/4142 4151/5562/4143
f 4169/5582/4162 4172/5581/4161 4142/5551/4134
f 4142/5551/4134 4172/5581/4161 4141/5549/4132
f 4169/5583/4162 4146/5558/4138 4171/5584/4163
f 4171/5584/4163 4146/5558/4138 4147/5557/4139
f 4170/5585/4159 4167/5578/4159 4165/5576/4157
f 4169/5582/4162 4144/5553/4136 4146/5555/4138
f 4142/5551/4134 4144/5553/4136 4169/5582/4162
f 1121/1406/1118 4162/5574/4155 4160/5571/4152
f 1121/1406/1118 1124/1405/1119 4162/5574/4155
f 4205/5635/4196 4156/5568/4149 4155/5565/4146
f 4156/5568/4149 4205/5635/4196 3138/4188/3131
f 4205/5635/4196 4206/5636/4197 3138/4188/3131
f 4205/5635/4196 4207/5637/4198 4206/5636/4197
f 4208/5638/4199 4207/5637/4198 4205/5635/4196
f 4208/5638/4199 4205/5635/4196 4155/5565/4146
f 4208/5638/4199 4211/5639/4200 4207/5637/4198
f 4155/5565/4146 4209/5640/4201 4208/5638/4199
f 4208/5638/4199 4209/5640/4201 4210/5641/4202
f 4210/5641/4202 4211/5639/4200 4208/5638/4199
f 4211/5639/4200 4212/5642/4203 4217/5643/4204
f 4214/5644/4205 4212/5642/4203 4211/5639/4200
f 3196/5645/3190 4211/5646/4200 4213/5647/4206
f 3196/5645/3190 4207/5648/4198 4211/5646/4200
f 4215/5649/4207 4213/5650/4206 4211/5639/4200
f 4210/5641/4202 4214/5644/4205 4211/5639/4200
f 4215/5649/4207 4211/5639/4200 4216/5651/4208
f 4216/5651/4208 4211/5639/4200 4217/5643/4204
f 4209/5640/4201 4217/5643/4204 4212/5642/4203
f 4209/5640/4201 4216/5651/4208 4217/5643/4204
f 3843/5167/3836 4216/5651/4208 4209/5640/4201
f 3843/5167/3836 4215/5649/4207 4216/5651/4208
f 3842/5166/3835 4213/5650/4206 4215/5649/4207
f 3842/5166/3835 4215/5649/4207 3843/5167/3836
f 4209/5640/4201 4212/5642/4203 4214/5644/4205
f 4209/5640/4201 4214/5644/4205 4210/5641/4202
f 3836/5156/3829 4213/5650/4206 3842/5166/3835
f 3836/5156/3829 3834/5151/3827 4213/5650/4206
f 4213/5647/4206 3834/5652/3827 3196/5645/3190
f 4209/5640/4201 4152/5564/4145 3843/5167/3836
f 4155/5565/4146 4152/5564/4145 4209/5640/4201
f 4206/5653/4197 4207/5648/4198 3196/5645/3190
f 4219/5654/4209 4206/5636/4197 3196/4250/3190
f 4206/5636/4197 4218/5655/4210 3144/4194/3137
f 4218/5655/4210 4206/5636/4197 4219/5654/4209
f 3138/4188/3131 4206/5636/4197 3144/4194/3137
f 4219/5654/4209 3196/4250/3190 4222/5656/4211
f 4219/5654/4209 4221/5657/4212 4218/5655/4210
f 4219/5654/4209 4220/5658/4213 4221/5657/4212
f 4222/5656/4211 4220/5658/4213 4219/5654/4209
f 4222/5656/4211 3196/4250/3190 4223/5659/4214
f 4223/5659/4214 4224/5660/4215 4222/5656/4211
f 4222/5656/4211 4224/5660/4215 4220/5658/4213
f 4224/5660/4215 4225/5661/4216 4220/5658/4213
f 4227/5662/4217 4225/5661/4216 4224/5660/4215
f 4226/5663/4218 4224/5660/4215 4223/5659/4214
f 4226/5663/4218 4227/5662/4217 4224/5660/4215
f 4227/5662/4217 4229/5664/4219 4225/5661/4216
f 4231/5665/4220 4228/5666/4221 4227/5662/4217
f 4228/5666/4221 4229/5664/4219 4227/5662/4217
f 4230/5667/4222 4227/5662/4217 4226/5663/4218
f 4230/5667/4222 4233/5668/4223 4227/5662/4217
f 4231/5665/4220 4227/5662/4217 4232/5669/4224
f 4232/5669/4224 4227/5662/4217 4233/5668/4223
f 4234/5670/4225 4232/5669/4224 4233/5668/4223
f 4235/5671/4226 4233/5668/4223 4230/5667/4222
f 4234/5670/4225 4233/5668/4223 3195/4249/3189
f 3195/4249/3189 4233/5668/4223 4235/5671/4226
f 3195/4249/3189 4235/5671/4226 3196/4250/3190
f 4235/5671/4226 4230/5667/4222 3196/4250/3190
f 4231/5665/4220 4232/5669/4224 4234/5670/4225
f 4236/5672/4227 4231/5665/4220 4234/5670/4225
f 4234/5670/4225 4237/5673/4228 4236/5672/4227
f 3194/4248/3188 4237/5673/4228 4234/5670/4225
f 3194/4248/3188 4234/5670/4225 3195/4249/3189
f 4236/5672/4227 4237/5673/4228 4238/5674/4229
f 4237/5673/4228 4239/5675/4230 4238/5674/4229
f 4239/5675/4230 4237/5673/4228 4241/5676/4231
f 3193/4247/3187 4237/5673/4228 3194/4248/3188
f 3193/4247/3187 4240/5677/4232 4237/5673/4228
f 4241/5676/4231 4237/5673/4228 4240/5677/4232
f 4241/5676/4231 4229/5664/4219 4239/5675/4230
f 4242/5678/4233 4229/5664/4219 4241/5676/4231
f 4241/5676/4231 4240/5677/4232 4242/5678/4233
f 4242/5678/4233 4244/5679/4234 4229/5664/4219
f 4242/5678/4233 4243/5680/4235 3168/4213/3153
f 3168/4213/3153 4244/5679/4234 4242/5678/4233
f 4242/5678/4233 4240/5677/4232 4243/5680/4235
f 4244/5679/4234 4225/5661/4216 4229/5664/4219
f 4244/5679/4234 4220/5658/4213 4225/5661/4216
f 3168/4213/3153 4220/5658/4213 4244/5679/4234
f 4243/5680/4235 4246/5681/4236 4245/5682/4237
f 3168/4213/3153 4243/5680/4235 4245/5682/4237
f 4243/5680/4235 4240/5677/4232 4246/5681/4236
f 3183/4237/3177 4246/5681/4236 3191/4244/3184
f 3183/4237/3177 3179/4232/3172 4246/5681/4236
f 4245/5682/4237 4246/5681/4236 4247/5683/4238
f 4247/5683/4238 4246/5681/4236 3165/4222/3162
f 4246/5681/4236 3179/4232/3172 3165/4222/3162
f 3191/4244/3184 4246/5681/4236 4240/5677/4232
f 3168/4213/3153 4245/5682/4237 4247/5683/4238
f 4247/5683/4238 3165/4222/3162 3167/4223/3163
f 4247/5683/4238 3167/4223/3163 3168/4213/3153
f 3192/4245/3185 4240/5677/4232 3193/4247/3187
f 3191/4244/3184 4240/5677/4232 3192/4245/3185
f 4249/5684/4239 4239/5675/4230 4229/5664/4219
f 4248/5685/4240 4239/5675/4230 4249/5684/4239
f 4248/5685/4240 4238/5674/4229 4239/5675/4230
f 4249/5684/4239 4228/5666/4221 4231/5665/4220
f 4249/5684/4239 4229/5664/4219 4228/5666/4221
f 4236/5672/4227 4249/5684/4239 4231/5665/4220
f 4248/5685/4240 4249/5684/4239 4236/5672/4227
f 4236/5672/4227 4238/5674/4229 4248/5685/4240
f 3196/4250/3190 4230/5667/4222 4226/5663/4218
f 3196/4250/3190 4226/5663/4218 4223/5659/4214
f 3144/4194/3137 4221/5657/4212 3145/4195/3138
f 3144/4194/3137 4218/5655/4210 4221/5657/4212
f 4250/5686/4241 4221/5657/4212 4220/5658/4213
f 3145/4195/3138 4221/5657/4212 4250/5686/4241
f 3145/4195/3138 4250/5686/4241 3157/4211/3151
f 3168/4213/3153 4250/5686/4241 4220/5658/4213
f 3157/4211/3151 4250/5686/4241 3168/4213/3153
f 3828/5142/3823 3829/5144/3824 3858/5212/3851
f 3834/5151/3827 3203/4256/3196 3196/4250/3190
f 3806/5107/3799 3831/5687/3826 3814/5118/3808
f 3806/5107/3799 3830/5688/3825 3831/5687/3826
f 3814/5118/3808 3831/5687/3826 3816/5689/3809
f 3816/5690/3809 3831/5148/3826 3818/5130/3811
f 3807/5109/3801 3830/5688/3825 3806/5107/3799
f 3824/5150/3817 3798/5099/3791 3201/4254/3194
f 3807/5109/3801 3801/5102/3794 3799/5100/3792
f 3793/5094/3786 3803/5104/3796 3791/5092/3784
f 3201/4254/3194 3798/5099/3791 3796/5097/3789
f 3748/5028/3741 3749/5029/3742 3791/5092/3784
f 3723/5011/3716 3741/5018/3734 3739/5016/3732
f 3707/4978/3701 3709/4980/3703 3715/4986/3709
f 3276/4351/3269 3714/4985/3708 3279/4354/3272
f 3711/4981/3704 3283/4357/3275 3280/4355/3273
f 3290/4937/3282 3283/4357/3275 3711/4981/3704
f 3711/4981/3704 3677/4938/3670 3290/4937/3282
f 1725/2171/1721 1728/2176/1726 3704/4975/3698
f 3704/5441/3698 1700/2135/1694 1725/2168/1721
f 3675/4935/3668 3670/4928/3662 3669/4930/3663
f 3668/4926/3661 1777/2234/1774 1775/2233/1773
f 3295/4381/3290 3285/4363/3278 3286/4364/3279
f 3252/4327/3245 3254/4329/3247 3261/4336/3254
f 3237/4305/3230 3230/4289/3223 3227/4288/3222
f 3227/4302/3222 3235/4304/3229 3237/5691/3230
f 3224/4284/3218 3219/4278/3212 3218/4277/3211
f 3214/4274/3207 3220/4280/3214 3222/4281/3215
f 3216/4275/3209 3209/4263/3203 3210/4262/3202
f 3188/4242/3182 3207/4260/3200 3212/4268/3205
f 3188/4242/3182 4251/5692/4242 3207/4260/3200
f 4251/5692/4242 3204/4258/3198 3207/4260/3200
f 3187/4241/3181 3204/4258/3198 4251/5692/4242
f 3187/4241/3181 4251/5692/4242 3188/4242/3182
f 3187/4241/3181 3189/4240/3180 3204/4258/3198
f 3196/4250/3190 3203/4256/3196 3199/4252/3192
f 3179/4232/3172 3162/4221/3161 3165/4222/3162
f 3177/4230/3170 3058/4108/3053 3057/4106/3051
f 3057/4106/3051 3055/4104/3049 3176/4229/3169
f 3176/4229/3169 3090/4140/3083 3091/4141/3084
f 3174/4228/3168 3176/4229/3169 3091/4141/3084
f 3176/4229/3169 3055/4104/3049 3090/4140/3083
f 3174/4228/3168 3091/4141/3084 4252/5693/4243
f 4252/5693/4243 3100/4153/3096 3174/4228/3168
f 3174/4228/3168 3100/4153/3096 3102/4149/3092
f 4252/5693/4243 3091/4141/3084 3093/4144/3087
f 4252/5693/4243 3093/4144/3087 3100/4153/3096
f 3164/4220/3160 3166/4217/3157 4253/5694/4244
f 3159/4209/3149 4254/5695/4245 3166/4217/3157
f 4253/5694/4244 3166/4217/3157 4254/5695/4245
f 4253/5694/4244 4254/5695/4245 4255/5696/4246
f 3159/4209/3149 3109/4159/3102 4254/5695/4245
f 4254/5695/4245 3109/4159/3102 4256/5697/4247
f 4255/5696/4246 4254/5695/4245 4256/5697/4247
f 4255/5696/4246 4256/5697/4247 4257/5698/4248
f 4257/5698/4248 4256/5697/4247 3111/4160/3103
f 4256/5697/4247 3109/4159/3102 3111/4160/3103
f 4258/5699/4249 4255/5696/4246 4257/5698/4248
f 4257/5698/4248 3111/4160/3103 3136/4185/3128
f 4258/5699/4249 4257/5698/4248 3136/4185/3128
f 4259/5700/4250 4255/5696/4246 4258/5699/4249
f 4258/5699/4249 3142/4191/3134 4259/5700/4250
f 4258/5699/4249 3135/4186/3129 3142/4191/3134
f 3136/4185/3128 3135/4186/3129 4258/5699/4249
f 4259/5700/4250 4253/5694/4244 4255/5696/4246
f 3160/4218/3158 4259/5700/4250 3161/4219/3159
f 3160/4218/3158 3164/4220/3160 4259/5700/4250
f 3161/5701/3159 4259/5702/4250 3151/4203/3145
f 4259/5702/4250 3152/4204/3146 3151/4203/3145
f 4259/5700/4250 3142/4191/3134 3152/4206/3146
f 3164/4220/3160 4253/5694/4244 4259/5700/4250
f 3155/4208/3148 3109/4159/3102 3159/4209/3149
f 3158/4214/3154 3102/4149/3092 3097/4147/3090
f 3145/4195/3138 3157/4211/3151 3156/4212/3152
f 3156/4212/3152 3148/4198/3141 3145/4195/3138
f 1119/1401/1117 1121/1403/1118 3138/5703/3131
f 3136/4185/3128 3111/4160/3103 3112/4163/3106
f 3136/4185/3128 3112/4163/3106 3133/4184/3127
f 3101/4148/3091 3106/4156/3099 3097/4147/3090
f 3098/4150/3093 3099/4152/3095 3104/4154/3097
f 3085/4139/3082 3099/4152/3095 3095/4145/3088
f 3055/4104/3049 3056/4105/3050 3090/4140/3083
f 3090/4140/3083 3056/4105/3050 3063/4113/3057
f 3080/4128/3071 3090/4140/3083 4262/5704/4251
f 3081/4132/3075 3090/4140/3083 3080/4128/3071
f 3090/4140/3083 3063/4113/3057 3064/4114/3058
f 3064/4114/3058 4260/5705/4252 3090/4140/3083
f 3090/4140/3083 4260/5705/4252 4261/5706/4253
f 3090/4140/3083 4261/5706/4253 4262/5704/4251
f 4262/5704/4251 3074/4124/3067 3080/4128/3071
f 4262/5704/4251 4263/5707/4254 3074/4124/3067
f 4261/5706/4253 4263/5707/4254 4262/5704/4251
f 4263/5707/4254 3065/4115/3059 3072/4122/3065
f 4263/5707/4254 4260/5705/4252 3065/4115/3059
f 4261/5706/4253 4260/5705/4252 4263/5707/4254
f 4263/5707/4254 3072/4122/3065 3074/4124/3067
f 3064/4114/3058 3065/4115/3059 4260/5705/4252
f 965/1188/964 3088/4138/3081 967/1189/965
f 3084/4137/3080 967/1189/965 3088/4138/3081
f 4264/5708/4255 967/1189/965 3084/4137/3080
f 3079/4130/3073 4264/5708/4255 3084/4137/3080
f 952/1174/950 4264/5708/4255 3079/4130/3073
f 952/1174/950 4265/5709/4256 4264/5708/4255
f 4265/5709/4256 963/1186/962 4264/5708/4255
f 4264/5708/4255 963/1186/962 967/1189/965
f 959/1182/958 4265/5709/4256 952/1174/950
f 959/1182/958 963/1186/962 4265/5709/4256
f 3079/4130/3073 4266/5710/4257 954/1176/952
f 3078/4129/3072 4266/5710/4257 3079/4130/3073
f 3079/4130/3073 954/1176/952 952/1174/950
f 4266/5710/4257 3078/4129/3072 3076/4126/3069
f 4266/5710/4257 3076/4126/3069 937/1160/936
f 937/1160/936 954/1176/952 4266/5710/4257
f 3068/4118/3062 925/1148/924 928/1147/923
f 937/1160/936 3068/4118/3062 928/1147/923
f 925/1148/924 3061/4111/3055 926/1149/925
f 3038/4077/3032 3050/4102/3044 3048/5711/3042
f 3038/4077/3032 3048/5711/3042 3046/5712/3040
f 3046/5712/3040 3043/4088/3038 3038/4077/3032
f 3040/4080/3035 3044/4085/3037 2653/3561/2648
f 2653/3561/2648 3044/4085/3037 2652/3560/2647
f 3040/4080/3035 4267/5713/4258 3041/4082/3036
f 3033/4072/3027 3041/4083/3036 4267/5714/4258
f 3040/4080/3035 4268/5715/4259 4267/5713/4258
f 4267/5714/4258 4268/5716/4259 4269/5717/4260
f 4267/5714/4258 4269/5717/4260 3033/4072/3027
f 3033/4072/3027 4269/5717/4260 4270/5718/4261
f 4271/5719/4262 4270/5718/4261 4269/5717/4260
f 4269/5717/4260 4268/5716/4259 4271/5719/4262
f 4271/5719/4262 4272/5720/4263 4270/5718/4261
f 4273/5721/4264 4272/5720/4263 4271/5719/4262
f 4271/5722/4262 4268/5715/4259 3040/4080/3035
f 3040/4080/3035 4273/5723/4264 4271/5722/4262
f 3040/4080/3035 4274/5724/4265 4273/5723/4264
f 4274/5725/4265 4275/5726/4266 4273/5721/4264
f 4273/5721/4264 4275/5726/4266 4272/5720/4263
f 4275/5726/4266 4277/5727/4267 4272/5720/4263
f 4275/5726/4266 4276/5728/4268 4277/5727/4267
f 4278/5729/4269 4276/5728/4268 4275/5726/4266
f 4275/5726/4266 4274/5725/4265 4278/5729/4269
f 4278/5730/4269 4274/5724/4265 3040/4080/3035
f 3040/4080/3035 4276/5731/4268 4278/5730/4269
f 4272/5720/4263 4277/5727/4267 4282/5732/4270
f 4276/5728/4268 4279/5733/4271 4277/5727/4267
f 4277/5727/4267 4279/5733/4271 4280/5734/4272
f 4277/5727/4267 4280/5734/4272 4281/5735/4273
f 4284/5736/4274 4277/5727/4267 4281/5735/4273
f 4283/5737/4275 4282/5732/4270 4277/5727/4267
f 4283/5737/4275 4277/5727/4267 4284/5736/4274
f 4284/5736/4274 4281/5735/4273 4285/5738/4276
f 4285/5738/4276 4286/5739/4277 4284/5736/4274
f 4284/5736/4274 4286/5739/4277 4287/5740/4278
f 4284/5736/4274 4287/5740/4278 4283/5737/4275
f 4287/5740/4278 4291/5741/4279 4288/5742/4280
f 4287/5740/4278 4288/5742/4280 4289/5743/4281
f 4283/5737/4275 4287/5740/4278 4289/5743/4281
f 4286/5739/4277 4290/5744/4282 4287/5740/4278
f 4287/5740/4278 4290/5744/4282 4291/5741/4279
f 4293/5745/4283 4291/5741/4279 4290/5744/4282
f 4292/5746/4284 4291/5741/4279 4293/5745/4283
f 4292/5746/4284 4288/5742/4280 4291/5741/4279
f 4293/5747/4283 4290/5748/4282 4296/5749/4285
f 4295/5750/4286 4292/5746/4284 4293/5745/4283
f 4294/5751/4287 4293/5745/4283 4296/5752/4285
f 4295/5750/4286 4293/5745/4283 4294/5751/4287
f 4296/5749/4285 4290/5748/4282 4299/5753/4288
f 4296/5749/4285 4299/5753/4288 4297/5754/4289
f 4297/5754/4289 4298/5755/4290 4296/5749/4285
f 4294/5751/4287 4296/5752/4285 4298/5756/4290
f 4300/5757/4291 4299/5753/4288 4286/5758/4277
f 4300/5757/4291 4297/5754/4289 4299/5753/4288
f 4286/5758/4277 4299/5753/4288 4290/5748/4282
f 4300/5757/4291 4301/5759/4292 3040/4080/3035
f 4301/5759/4292 4300/5757/4291 4286/5758/4277
f 3040/4080/3035 4302/5760/4293 4300/5757/4291
f 4302/5760/4293 4297/5754/4289 4300/5757/4291
f 3040/4080/3035 4305/5761/4294 4302/5760/4293
f 4302/5760/4293 4303/5762/4295 4297/5754/4289
f 4304/5763/4296 4303/5762/4295 4302/5760/4293
f 4302/5760/4293 4305/5761/4294 4304/5763/4296
f 4306/5764/4297 4305/5761/4294 3040/4080/3035
f 4306/5764/4297 4304/5763/4296 4305/5761/4294
f 3040/4080/3035 4307/5765/4298 4306/5764/4297
f 4307/5765/4298 4308/5766/4299 4306/5764/4297
f 4306/5764/4297 4308/5766/4299 4304/5763/4296
f 4310/5767/4300 4308/5766/4299 4307/5765/4298
f 4309/5768/4301 4308/5766/4299 4310/5767/4300
f 4309/5768/4301 4304/5763/4296 4308/5766/4299
f 3040/4080/3035 4310/5767/4300 4307/5765/4298
f 4309/5768/4301 4310/5767/4300 3040/4080/3035
f 4311/5769/4302 4304/5763/4296 4309/5768/4301
f 4309/5768/4301 4313/5770/4303 4311/5769/4302
f 3040/4080/3035 4312/5771/4304 4309/5768/4301
f 4309/5768/4301 4312/5771/4304 4313/5770/4303
f 4313/5770/4303 4312/5771/4304 4323/5772/4305
f 4311/5769/4302 4313/5770/4303 4314/5773/4306
f 4314/5773/4306 4313/5770/4303 4315/5774/4307
f 4313/5770/4303 4322/5775/4308 4315/5774/4307
f 4313/5770/4303 4316/5776/4309 4317/5777/4310
f 4323/5772/4305 4316/5776/4309 4313/5770/4303
f 4317/5777/4310 4318/5778/4311 4313/5770/4303
f 4313/5770/4303 4318/5778/4311 4319/5779/4312
f 4313/5770/4303 4319/5779/4312 4320/5780/4313
f 4320/5780/4313 4321/5781/4314 4313/5770/4303
f 4313/5770/4303 4321/5781/4314 4322/5775/4308
f 4326/5782/4315 4323/5772/4305 4312/5771/4304
f 4326/5782/4315 4324/5783/4316 4323/5772/4305
f 4325/5784/4317 4323/5772/4305 4324/5783/4316
f 4316/5776/4309 4323/5772/4305 4325/5784/4317
f 4327/5785/4318 4326/5782/4315 3040/4080/3035
f 4327/5785/4318 4324/5783/4316 4326/5782/4315
f 3040/4080/3035 4326/5782/4315 4312/5771/4304
f 3040/4080/3035 4328/5786/4319 4327/5785/4318
f 4328/5786/4319 4329/5787/4320 4327/5785/4318
f 4327/5785/4318 4329/5787/4320 4324/5783/4316
f 4330/5788/4321 4329/5787/4320 4331/5789/4322
f 4330/5788/4321 4324/5783/4316 4329/5787/4320
f 4328/5786/4319 4331/5789/4322 4329/5787/4320
f 4331/5789/4322 4332/5790/4323 4330/5788/4321
f 4332/5790/4323 4331/5789/4322 4328/5786/4319
f 4332/5790/4323 4334/5791/4324 4333/5792/4325
f 4330/5788/4321 4332/5790/4323 4333/5792/4325
f 4328/5786/4319 4334/5791/4324 4332/5790/4323
f 4333/5792/4325 4334/5791/4324 2654/3562/2649
f 3040/4080/3035 4334/5791/4324 4328/5786/4319
f 2653/3561/2648 4334/5791/4324 3040/4080/3035
f 2653/3561/2648 2654/3562/2649 4334/5791/4324
f 4335/5793/4326 4333/5792/4325 4336/5794/4327
f 4330/5788/4321 4333/5792/4325 4335/5793/4326
f 4333/5792/4325 2654/3562/2649 4336/5794/4327
f 4335/5793/4326 4336/5794/4327 2660/3568/2655
f 4336/5794/4327 2655/3563/2650 2657/3564/2651
f 2660/3568/2655 4336/5794/4327 2657/3564/2651
f 4336/5794/4327 2654/3562/2649 2655/3563/2650
f 4335/5793/4326 4337/5795/4328 4330/5788/4321
f 4335/5793/4326 2660/3568/2655 4337/5795/4328
f 4338/5796/4329 4337/5795/4328 4339/5797/4330
f 4338/5796/4329 4330/5788/4321 4337/5795/4328
f 4337/5795/4328 2663/3570/2657 4340/5798/4331
f 2660/3568/2655 2663/3570/2657 4337/5795/4328
f 4339/5797/4330 4337/5795/4328 2934/3963/2929
f 4337/5795/4328 4340/5798/4331 2934/3963/2929
f 4340/5798/4331 2928/3954/2920 2934/3963/2929
f 4340/5798/4331 2665/3572/2659 2928/3954/2920
f 2663/3570/2657 2665/3572/2659 4340/5798/4331
f 4339/5797/4330 4341/5799/4332 4338/5796/4329
f 4339/5797/4330 2934/3963/2929 2933/3961/2927
f 2933/3961/2927 4342/5800/4333 4339/5797/4330
f 4339/5797/4330 4342/5800/4333 4341/5799/4332
f 4342/5800/4333 4346/5801/4334 4343/5802/4335
f 4344/5803/4336 4342/5800/4333 4343/5802/4335
f 4344/5803/4336 4341/5799/4332 4342/5800/4333
f 4342/5800/4333 4345/5804/4337 4346/5801/4334
f 2938/3973/2933 4345/5804/4337 4342/5800/4333
f 2933/3961/2927 2938/3973/2933 4342/5800/4333
f 4346/5801/4334 4345/5804/4337 4347/5805/4338
f 4346/5801/4334 4347/5805/4338 4343/5802/4335
f 4343/5802/4335 4347/5805/4338 4348/5806/4339
f 4347/5805/4338 4350/5807/4340 4348/5806/4339
f 4347/5805/4338 4345/5804/4337 4349/5808/4341
f 4347/5805/4338 4349/5808/4341 4352/5809/4342
f 4347/5810/4338 4351/5811/4343 4350/5812/4340
f 4352/5813/4342 4351/5811/4343 4347/5810/4338
f 4352/5809/4342 2937/3965/2931 2936/3964/2930
f 2936/5814/2930 2945/5815/2939 4352/5813/4342
f 2945/5815/2939 4353/5816/4344 4352/5813/4342
f 4352/5813/4342 4353/5816/4344 4351/5811/4343
f 4352/5809/4342 4349/5808/4341 2937/3965/2931
f 4354/5817/4345 4353/5816/4344 3017/4056/3012
f 4354/5817/4345 4351/5811/4343 4353/5816/4344
f 3017/4056/3012 4353/5816/4344 3020/4057/3013
f 2945/5815/2939 3020/4057/3013 4353/5816/4344
f 4295/5750/4286 4351/5811/4343 4354/5817/4345
f 4354/5817/4345 4355/5818/4346 4295/5750/4286
f 4356/5819/4347 4354/5817/4345 3017/4056/3012
f 4354/5817/4345 4357/5820/4348 4355/5818/4346
f 4357/5820/4348 4354/5817/4345 4356/5819/4347
f 4357/5820/4348 4358/5821/4349 4355/5818/4346
f 4357/5820/4348 4359/5822/4350 4358/5821/4349
f 4356/5819/4347 4359/5822/4350 4357/5820/4348
f 4356/5819/4347 4360/5823/4351 4359/5822/4350
f 4359/5822/4350 4360/5823/4351 4361/5824/4352
f 4361/5824/4352 4358/5821/4349 4359/5822/4350
f 4365/5825/4353 4361/5824/4352 4360/5823/4351
f 4283/5737/4275 4289/5743/4281 4361/5824/4352
f 4283/5737/4275 4361/5824/4352 4362/5826/4354
f 4362/5826/4354 4361/5824/4352 4363/5827/4355
f 4364/5828/4356 4363/5827/4355 4361/5824/4352
f 4364/5828/4356 4361/5824/4352 4365/5825/4353
f 4361/5824/4352 4289/5743/4281 4358/5821/4349
f 3019/4055/3011 4364/5828/4356 4365/5825/4353
f 3019/4055/3011 4365/5825/4353 4366/5829/4357
f 4366/5829/4357 4365/5825/4353 4360/5823/4351
f 4366/5829/4357 3017/4056/3012 3019/4055/3011
f 4356/5819/4347 3017/4056/3012 4366/5829/4357
f 4366/5829/4357 4360/5823/4351 4356/5819/4347
f 3018/4058/3014 4367/5830/4358 4364/5828/4356
f 4367/5830/4358 4363/5827/4355 4364/5828/4356
f 3018/4058/3014 4364/5828/4356 3019/4055/3011
f 4367/5830/4358 4370/5831/4359 4363/5827/4355
f 4368/5832/4360 4367/5830/4358 3018/4058/3014
f 4368/5832/4360 4369/5833/4361 4367/5830/4358
f 4367/5830/4358 4369/5833/4361 4370/5831/4359
f 3027/4066/3021 4370/5831/4359 3024/4063/3018
f 3027/4066/3021 4371/5834/4362 4370/5831/4359
f 4363/5827/4355 4370/5831/4359 4371/5834/4362
f 3024/4063/3018 4370/5831/4359 4369/5833/4361
f 4372/5835/4363 4371/5834/4362 3027/4066/3021
f 4363/5827/4355 4371/5834/4362 4372/5835/4363
f 3030/4070/3025 4372/5835/4363 3027/4066/3021
f 4373/5836/4364 4363/5827/4355 4372/5835/4363
f 4373/5836/4364 4372/5835/4363 4374/5837/4365
f 3030/4070/3025 4374/5837/4365 4372/5835/4363
f 4374/5837/4365 4375/5838/4366 4373/5836/4364
f 4375/5838/4366 4374/5837/4365 3030/4070/3025
f 4375/5838/4366 3030/4070/3025 4376/5839/4367
f 4375/5838/4366 4376/5839/4367 4377/5840/4368
f 4373/5836/4364 4375/5838/4366 4377/5840/4368
f 4377/5840/4368 4376/5839/4367 4378/5841/4369
f 4373/5836/4364 4377/5840/4368 4362/5826/4354
f 4377/5840/4368 4378/5841/4369 4282/5732/4270
f 4362/5826/4354 4377/5840/4368 4282/5732/4270
f 4376/5839/4367 3029/4068/3023 4378/5841/4369
f 4282/5732/4270 4378/5841/4369 4379/5842/4370
f 3029/4068/3023 4379/5842/4370 4378/5841/4369
f 4282/5732/4270 4379/5842/4370 4380/5843/4371
f 3029/4068/3023 4380/5843/4371 4379/5842/4370
f 3031/4069/3024 4380/5843/4371 3029/4068/3023
f 3031/4069/3024 4381/5844/4372 4380/5843/4371
f 4381/5844/4372 4282/5732/4270 4380/5843/4371
f 4270/5718/4261 4381/5844/4372 3031/4069/3024
f 4381/5844/4372 4270/5718/4261 4272/5720/4263
f 4272/5720/4263 4282/5732/4270 4381/5844/4372
f 4376/5839/4367 3030/4070/3025 3029/4068/3023
f 4362/5826/4354 4363/5827/4355 4373/5836/4364
f 3024/4063/3018 4369/5833/4361 4368/5832/4360
f 3024/4063/3018 4368/5832/4360 3022/4062/3017
f 3018/4058/3014 3022/4062/3017 4368/5832/4360
f 4362/5826/4354 4282/5732/4270 4283/5737/4275
f 4355/5818/4346 4358/5821/4349 4382/5845/4373
f 4289/5743/4281 4382/5845/4373 4358/5821/4349
f 4355/5818/4346 4382/5845/4373 4288/5742/4280
f 4289/5743/4281 4288/5742/4280 4382/5845/4373
f 4355/5818/4346 4292/5746/4284 4295/5750/4286
f 4355/5818/4346 4288/5742/4280 4292/5746/4284
f 4295/5750/4286 4350/5812/4340 4351/5811/4343
f 4294/5751/4287 4350/5812/4340 4295/5750/4286
f 4348/5806/4339 4350/5807/4340 4383/5846/4374
f 4294/5847/4287 4383/5846/4374 4350/5807/4340
f 4386/5848/4375 4315/5774/4307 4383/5846/4374
f 4322/5775/4308 4383/5846/4374 4315/5774/4307
f 4384/5849/4376 4383/5846/4374 4385/5850/4377
f 4348/5806/4339 4383/5846/4374 4384/5849/4376
f 4322/5775/4308 4385/5850/4377 4383/5846/4374
f 4386/5848/4375 4383/5846/4374 4294/5847/4287
f 4314/5773/4306 4315/5774/4307 4386/5848/4375
f 4386/5848/4375 4388/5851/4378 4387/5852/4379
f 4387/5852/4379 4314/5773/4306 4386/5848/4375
f 4386/5848/4375 4298/5755/4290 4388/5851/4378
f 4294/5847/4287 4298/5755/4290 4386/5848/4375
f 4303/5762/4295 4387/5852/4379 4388/5851/4378
f 4303/5762/4295 4388/5851/4378 4297/5754/4289
f 4297/5754/4289 4388/5851/4378 4298/5755/4290
f 4311/5769/4302 4387/5852/4379 4303/5762/4295
f 4311/5769/4302 4314/5773/4306 4387/5852/4379
f 4384/5849/4376 4385/5850/4377 4320/5780/4313
f 4320/5780/4313 4385/5850/4377 4321/5781/4314
f 4321/5781/4314 4385/5850/4377 4322/5775/4308
f 4389/5853/4380 4384/5849/4376 4318/5778/4311
f 4390/5854/4381 4384/5849/4376 4389/5853/4380
f 4390/5854/4381 4348/5806/4339 4384/5849/4376
f 4319/5779/4312 4318/5778/4311 4384/5849/4376
f 4319/5779/4312 4384/5849/4376 4320/5780/4313
f 4344/5803/4336 4348/5806/4339 4390/5854/4381
f 4390/5854/4381 4341/5799/4332 4344/5803/4336
f 4390/5854/4381 4389/5853/4380 4341/5799/4332
f 4341/5799/4332 4389/5853/4380 4325/5784/4317
f 4389/5853/4380 4316/5776/4309 4325/5784/4317
f 4317/5777/4310 4316/5776/4309 4389/5853/4380
f 4389/5853/4380 4318/5778/4311 4317/5777/4310
f 2938/5855/2933 4349/5856/4341 4345/5857/4337
f 2937/5858/2931 4349/5856/4341 2938/5855/2933
f 4343/5802/4335 4348/5806/4339 4344/5803/4336
f 4341/5799/4332 4325/5784/4317 4391/5859/4382
f 4338/5796/4329 4341/5799/4332 4391/5859/4382
f 4391/5859/4382 4325/5784/4317 4392/5860/4383
f 4338/5796/4329 4391/5859/4382 4393/5861/4384
f 4393/5861/4384 4391/5859/4382 4392/5860/4383
f 4393/5861/4384 4394/5862/4385 4338/5796/4329
f 4394/5862/4385 4393/5861/4384 4324/5783/4316
f 4392/5860/4383 4324/5783/4316 4393/5861/4384
f 4394/5862/4385 4330/5788/4321 4338/5796/4329
f 4394/5862/4385 4324/5783/4316 4330/5788/4321
f 4325/5784/4317 4324/5783/4316 4392/5860/4383
f 4303/5762/4295 4304/5763/4296 4311/5769/4302
f 3040/4080/3035 4301/5759/4292 4395/5863/4386
f 4395/5863/4386 4301/5759/4292 4285/5864/4276
f 4285/5864/4276 4301/5759/4292 4286/5758/4277
f 4395/5863/4386 4396/5865/4387 3040/4080/3035
f 4285/5864/4276 4396/5865/4387 4395/5863/4386
f 3040/4080/3035 4396/5865/4387 4397/5866/4388
f 4397/5866/4388 4396/5865/4387 4281/5867/4273
f 4285/5738/4276 4281/5735/4273 4396/5868/4387
f 3040/4080/3035 4397/5866/4388 4398/5869/4389
f 4281/5735/4273 4398/5870/4389 4397/5871/4388
f 4281/5735/4273 4280/5734/4272 4398/5870/4389
f 4398/5869/4389 4280/5872/4272 3040/4080/3035
f 3040/4080/3035 4280/5872/4272 4279/5873/4271
f 3040/4080/3035 4279/5873/4271 4276/5731/4268
f 3033/4072/3027 4270/5718/4261 3031/4069/3024
f 926/1149/925 3035/4074/3029 927/1150/926
f 927/1150/926 3035/4074/3029 922/1144/920
f 2946/3980/2940 3007/4042/3001 3020/5874/3013
f 2946/3980/2940 3020/5874/3013 2945/3979/2939
f 888/1104/887 3012/4047/3006 3003/4037/2996
f 3005/4040/2999 3003/4037/2996 3012/4047/3006
f 892/1107/890 3012/4048/3006 888/1110/887
f 2951/3985/2945 3007/4042/3001 2946/3980/2940
f 3003/4037/2996 4399/5875/4390 4400/5876/4391
f 3000/4032/2991 4399/5875/4390 3003/4037/2996
f 3003/4037/2996 4400/5876/4391 889/1103/886
f 888/1104/887 3003/4037/2996 889/1103/886
f 4399/5875/4390 869/1084/867 4400/5876/4391
f 4400/5876/4391 869/1084/867 887/1102/885
f 4400/5876/4391 887/1102/885 889/1103/886
f 3000/4032/2991 4401/5877/4392 4399/5875/4390
f 4401/5877/4392 866/1081/864 4399/5875/4390
f 4399/5875/4390 866/1081/864 869/1084/867
f 4401/5877/4392 863/1078/861 866/1081/864
f 2962/3997/2957 4401/5877/4392 3000/4032/2991
f 2962/3997/2957 862/1077/860 4401/5877/4392
f 862/1077/860 863/1078/861 4401/5877/4392
f 2997/4033/2992 3002/4038/2997 2951/3985/2945
f 2999/4034/2993 2997/4033/2992 2952/3986/2946
f 2952/3986/2946 2998/4036/2995 2999/4034/2993
f 2952/3986/2946 2957/3988/2948 2998/4036/2995
f 2952/3986/2946 2997/4033/2992 2951/3985/2945
f 2936/3967/2930 2943/3976/2936 2945/3979/2939
f 4402/5878/4393 2927/4010/2923 2940/3974/2934
f 2931/3969/2926 4402/5878/4393 2940/3974/2934
f 2931/3960/2926 2926/3955/2921 4402/5879/4393
f 2927/3957/2923 4402/5879/4393 2926/3955/2921
f 2934/3963/2929 2928/3954/2920 2929/3958/2924
f 2916/3942/2911 2927/4010/2923 2917/3943/2912
f 2924/3952/2918 2665/3572/2659 2666/3573/2660
f 2922/3949/2916 2924/3952/2918 2676/3584/2671
f 2676/3584/2671 2924/3952/2918 2670/3576/2663
f 2924/3952/2918 2666/3573/2660 2670/3576/2663
f 2922/3949/2916 4404/5880/4394 4403/5881/4395
f 2921/3947/2915 2922/3949/2916 4403/5881/4395
f 2676/3584/2671 2678/3585/2672 2922/3949/2916
f 2922/3949/2916 2678/3585/2672 4404/5880/4394
f 4404/5880/4394 2681/3588/2675 4403/5881/4395
f 2678/3585/2672 2681/3588/2675 4404/5880/4394
f 2681/3588/2675 4405/5882/4396 4403/5881/4395
f 4405/5882/4396 2921/3947/2915 4403/5881/4395
f 2681/3588/2675 4406/5883/4397 4405/5882/4396
f 4405/5882/4396 4406/5883/4397 4407/5884/4398
f 4405/5882/4396 4407/5884/4398 2909/5885/2905
f 2909/5885/2905 2920/3945/2914 4405/5882/4396
f 4405/5882/4396 2920/3945/2914 2921/3947/2915
f 4409/5886/4399 4407/5884/4398 4406/5883/4397
f 2909/5885/2905 4407/5884/4398 2910/5887/2906
f 4408/5888/4400 2910/5887/2906 4407/5884/4398
f 4408/5888/4400 4407/5884/4398 4409/5886/4399
f 4410/5889/4401 4409/5886/4399 4411/5890/4402
f 4410/5889/4401 4412/5891/4403 4409/5886/4399
f 4409/5886/4399 4406/5883/4397 4411/5890/4402
f 4412/5891/4403 4413/5892/4404 4409/5886/4399
f 4409/5886/4399 4413/5892/4404 4414/5893/4405
f 4409/5886/4399 4414/5893/4405 4408/5888/4400
f 4416/5894/4406 4414/5893/4405 4413/5892/4404
f 4415/5895/4407 4408/5888/4400 4414/5893/4405
f 4415/5895/4407 4414/5893/4405 4416/5894/4406
f 4416/5894/4406 4418/5896/4408 4415/5895/4407
f 4416/5894/4406 4413/5892/4404 4417/5897/4409
f 4420/5898/4410 4416/5894/4406 4417/5897/4409
f 4419/5899/4411 4418/5896/4408 4416/5894/4406
f 4419/5899/4411 4416/5894/4406 4420/5898/4410
f 4423/5900/4412 4420/5898/4410 4421/5901/4413
f 4420/5898/4410 4417/5897/4409 4421/5901/4413
f 4422/5902/4414 4419/5899/4411 4420/5898/4410
f 4422/5902/4414 4420/5898/4410 4423/5900/4412
f 4423/5900/4412 4421/5901/4413 4424/5903/4415
f 4424/5903/4415 4422/5902/4414 4423/5900/4412
f 4427/5904/4416 4425/5905/4417 4424/5903/4415
f 4425/5905/4417 4426/5906/4418 4424/5903/4415
f 4436/5907/4419 4424/5903/4415 4426/5906/4418
f 4427/5904/4416 4424/5903/4415 4428/5908/4420
f 4424/5903/4415 4430/5909/4421 4428/5908/4420
f 4424/5903/4415 4435/5910/4422 4429/5911/4423
f 4429/5911/4423 4430/5909/4421 4424/5903/4415
f 4431/5912/4424 4434/5913/4425 4424/5903/4415
f 4431/5912/4424 4424/5903/4415 4432/5914/4426
f 4432/5914/4426 4424/5903/4415 4433/5915/4427
f 4433/5915/4427 4424/5903/4415 4436/5907/4419
f 4424/5903/4415 4434/5913/4425 4422/5902/4414
f 4424/5903/4415 4421/5901/4413 4435/5910/4422
f 4436/5907/4419 4437/5916/4428 4440/5917/4429
f 4438/5918/4430 4437/5916/4428 4436/5907/4419
f 4436/5907/4419 4426/5906/4418 4438/5918/4430
f 4433/5915/4427 4436/5907/4419 4439/5919/4431
f 4439/5919/4431 4436/5907/4419 4440/5917/4429
f 4440/5917/4429 2874/3891/2868 2876/3893/2870
f 4440/5917/4429 4437/5916/4428 2874/3891/2868
f 4442/5920/4432 4440/5917/4429 2876/3893/2870
f 4439/5919/4431 4440/5917/4429 4441/5921/4433
f 4441/5921/4433 4440/5917/4429 4442/5920/4432
f 2880/3897/2874 4441/5921/4433 4442/5920/4432
f 4442/5920/4432 2878/3894/2871 2880/3897/2874
f 4442/5920/4432 2876/3893/2870 2878/3894/2871
f 4443/5922/4434 4439/5919/4431 4441/5921/4433
f 4443/5922/4434 4441/5921/4433 2880/3897/2874
f 4443/5922/4434 4431/5912/4424 4432/5914/4426
f 4443/5922/4434 4434/5913/4425 4431/5912/4424
f 4443/5922/4434 4432/5914/4426 4433/5915/4427
f 4433/5915/4427 4439/5919/4431 4443/5922/4434
f 4422/5902/4414 4434/5913/4425 4443/5922/4434
f 4443/5922/4434 4444/5923/4435 4419/5899/4411
f 2880/3897/2874 4444/5923/4435 4443/5922/4434
f 4443/5922/4434 4419/5899/4411 4422/5902/4414
f 2880/3897/2874 2900/5924/2895 4444/5923/4435
f 2900/5924/2895 2902/5925/2897 4444/5923/4435
f 4444/5923/4435 2902/5925/2897 4418/5896/4408
f 4444/5923/4435 4418/5896/4408 4419/5899/4411
f 4438/5918/4430 4426/5906/4418 4445/5926/4436
f 4445/5926/4436 4437/5916/4428 4438/5918/4430
f 2693/3600/2687 4437/5916/4428 4445/5926/4436
f 2693/3600/2687 4445/5926/4436 4426/5906/4418
f 2874/3891/2868 4437/5916/4428 2693/3600/2687
f 4421/5901/4413 4417/5897/4409 4435/5910/4422
f 4429/5911/4423 4435/5910/4422 4417/5897/4409
f 4429/5911/4423 4417/5897/4409 4430/5909/4421
f 4417/5897/4409 4412/5891/4403 4430/5909/4421
f 4446/5927/4437 4430/5909/4421 4412/5891/4403
f 4446/5927/4437 4428/5908/4420 4430/5909/4421
f 4446/5927/4437 4412/5891/4403 4410/5889/4401
f 4410/5889/4401 2690/3597/2684 4446/5927/4437
f 4446/5927/4437 2690/3597/2684 4428/5908/4420
f 4427/5928/4416 4428/5929/4420 4447/5930/4438
f 4447/5931/4438 4428/5908/4420 2690/3597/2684
f 4447/5931/4438 2690/3597/2684 2691/3598/2685
f 4447/5931/4438 2691/3598/2685 2693/3600/2687
f 2693/3600/2687 4448/5932/4439 4447/5931/4438
f 4447/5931/4438 4448/5932/4439 4427/5904/4416
f 2693/3600/2687 4425/5905/4417 4448/5932/4439
f 4448/5932/4439 4425/5905/4417 4427/5904/4416
f 4426/5906/4418 4425/5905/4417 2693/3600/2687
f 4418/5896/4408 4449/5933/4440 4450/5934/4441
f 2902/5925/2897 4449/5933/4440 4418/5896/4408
f 4418/5896/4408 4450/5934/4441 4415/5895/4407
f 4450/5934/4441 4408/5888/4400 4415/5895/4407
f 4450/5934/4441 4451/5935/4442 4408/5888/4400
f 4449/5933/4440 4451/5935/4442 4450/5934/4441
f 4451/5935/4442 2910/5887/2906 4408/5888/4400
f 4449/5933/4440 2906/5936/2900 4451/5935/4442
f 4451/5937/4442 2906/3931/2900 2910/3937/2906
f 2902/5925/2897 2906/5936/2900 4449/5933/4440
f 4417/5897/4409 4413/5892/4404 4412/5891/4403
f 4411/5890/4402 4452/5938/4443 4410/5889/4401
f 4411/5890/4402 2680/3587/2674 2685/3592/2679
f 2685/3592/2679 4452/5938/4443 4411/5890/4402
f 4411/5890/4402 4406/5883/4397 2680/3587/2674
f 4452/5938/4443 2690/3597/2684 4410/5889/4401
f 2685/3592/2679 2690/3597/2684 4452/5938/4443
f 2681/3588/2675 2680/3587/2674 4406/5883/4397
f 2909/5885/2905 2912/3948/2904 2920/3945/2914
f 2908/3933/2902 2915/3940/2909 2911/3934/2903
f 2903/3925/2896 2908/3933/2902 2904/3930/2899
f 2881/3898/2875 2900/5924/2895 2880/3897/2874
f 683/865/682 682/864/681 2899/3922/2893
f 674/855/673 2891/3912/2885 670/850/668
f 2693/3600/2687 2865/5939/2856 2862/3888/2857
f 2864/5940/2860 2865/5939/2856 2693/3600/2687
f 2693/3600/2687 4453/5941/4444 2864/5940/2860
f 4453/5942/4444 2863/3879/2859 2864/3880/2860
f 2693/3600/2687 4454/5943/4445 4453/5941/4444
f 4453/5942/4444 4454/5944/4445 2863/3879/2859
f 2863/3879/2859 4454/5944/4445 2775/3725/2769
f 4454/5944/4445 4455/5945/4446 2775/3725/2769
f 4455/5946/4446 4454/5943/4445 2693/3600/2687
f 4455/5945/4446 4456/5947/4447 2775/3725/2769
f 2693/3600/2687 4456/5948/4447 4455/5946/4446
f 2775/3725/2769 4456/5947/4447 4457/5949/4448
f 2693/3600/2687 4457/5950/4448 4456/5948/4447
f 2775/3725/2769 4457/5949/4448 2773/3724/2768
f 2773/5951/2768 4457/5950/4448 2693/3600/2687
f 2860/3873/2853 2859/3874/2854 4458/5952/4449
f 2860/3873/2853 4458/5952/4449 671/851/669
f 4459/5953/4450 671/851/669 4458/5952/4449
f 4459/5953/4450 4458/5952/4449 4460/5954/4451
f 4458/5952/4449 4461/5955/4452 4460/5954/4451
f 4458/5952/4449 2859/3874/2854 4461/5955/4452
f 654/832/650 4461/5955/4452 2855/3869/2849
f 4460/5954/4451 4461/5955/4452 654/832/650
f 2859/3874/2854 2855/3869/2849 4461/5955/4452
f 654/832/650 4459/5953/4450 4460/5954/4451
f 657/839/657 4459/5953/4450 654/832/650
f 657/839/657 666/843/661 4459/5953/4450
f 666/843/661 671/851/669 4459/5953/4450
f 2855/3869/2849 2859/3874/2854 2856/3870/2850
f 2776/3727/2771 2764/3716/2760 2780/3730/2774
f 2772/3722/2766 2764/3716/2760 2776/3727/2771
f 2693/3600/2687 2770/5956/2765 2773/5951/2768
f 2772/3722/2766 2767/3717/2761 2764/3716/2760
f 2693/3600/2687 2735/3684/2728 2770/5956/2765
f 2738/3683/2735 2711/3621/2706 2713/3622/2707
f 2616/3665/2610 2710/3618/2703 2707/3616/2701
f 2616/3665/2610 2707/3616/2701 2621/3521/2615
f 2621/3521/2615 2707/3616/2701 2623/3522/2617
f 2674/3581/2668 2698/3605/2692 2700/3607/2694
f 2674/3581/2668 2700/3607/2694 2683/3590/2677
f 2672/3580/2667 2698/3605/2692 2674/3581/2668
f 2696/3603/2690 2687/3596/2683 2683/3590/2677
f 2675/3582/2669 2674/3581/2668 2683/3590/2677
f 2676/3584/2671 2670/3576/2663 2668/3575/2662
f 2668/3575/2662 2669/3577/2664 2676/3584/2671
f 2647/3554/2641 2643/3547/2637 2671/3579/2666
f 2659/3566/2653 2663/3570/2657 2660/3568/2655
f 2652/4093/2647 2640/3545/2635 2639/3543/2633
f 2642/3546/2636 2633/3539/2629 2632/3538/2628
f 2619/3518/2614 2611/3509/2605 2612/3510/2606
f 2614/3512/2608 2619/3518/2614 2612/3510/2606
f 2617/3515/2611 4462/5957/4453 2601/3643/2595
f 2617/3515/2611 2605/3503/2599 4462/5957/4453
f 2601/3498/2595 4462/5958/4453 2602/3499/2596
f 2602/3499/2596 4462/5958/4453 2604/5959/2598
f 2604/5959/2598 4462/5958/4453 2605/5960/2599
f 2597/3492/2592 2591/3485/2587 2601/3498/2595
f 2596/3490/2591 2593/4782/2585 2594/3491/2589
f 2585/3470/2579 2592/3657/2588 2586/3471/2580
f 4464/5961/4454 2549/3425/2543 2585/3469/2579
f 2585/3469/2579 4463/5962/4455 4464/5961/4454
f 2585/3469/2579 2583/3467/2577 4463/5962/4455
f 4463/5962/4455 4465/5963/4456 4464/5961/4454
f 2552/3427/2545 2549/3425/2543 4464/5961/4454
f 4464/5961/4454 4465/5963/4456 4466/5964/4457
f 4464/5961/4454 4466/5964/4457 2552/3427/2545
f 2572/3456/2566 4467/5965/4458 4466/5964/4457
f 4467/5965/4458 4468/5966/4459 4466/5964/4457
f 4468/5966/4459 4469/5967/4460 4466/5964/4457
f 2552/3427/2545 4466/5964/4457 4469/5967/4460
f 2572/3456/2566 4466/5964/4457 2575/3459/2569
f 2575/3459/2569 4466/5964/4457 4465/5963/4456
f 2550/3428/2546 4469/5967/4460 4470/5968/4461
f 4470/5968/4461 4469/5967/4460 4468/5966/4459
f 2552/3427/2545 4469/5967/4460 2554/3430/2548
f 2554/3430/2548 4469/5967/4460 2550/3428/2546
f 2550/3428/2546 4470/5968/4461 4471/5969/4462
f 4471/5969/4462 4470/5968/4461 4468/5966/4459
f 4471/5969/4462 4467/5965/4458 2563/3444/2558
f 4468/5966/4459 4467/5965/4458 4471/5969/4462
f 4471/5970/4462 2563/5971/2558 2550/5972/2546
f 2566/3447/2559 2563/3444/2558 4467/5965/4458
f 2566/3447/2559 4467/5965/4458 2572/3456/2566
f 2575/3459/2569 4465/5963/4456 2583/3467/2577
f 4463/5962/4455 2583/3467/2577 4465/5963/4456
f 2527/3401/2522 4472/5973/4463 2569/5974/2563
f 4472/5975/4463 2568/3453/2564 2569/3452/2563
f 4472/5975/4463 4473/5976/4464 2568/3453/2564
f 4472/5973/4463 2528/3402/2523 4473/5977/4464
f 2527/3401/2522 2528/3402/2523 4472/5973/4463
f 2561/3441/2555 4473/5977/4464 2532/3406/2527
f 2561/3441/2555 2565/3449/2561 4473/5977/4464
f 2568/5978/2564 4473/5977/4464 2565/3449/2561
f 2532/3406/2527 4473/5977/4464 2528/3402/2523
f 2550/5972/2546 2563/5971/2558 2551/5979/2547
f 2532/3406/2527 2559/3440/2554 2561/3441/2555
f 2532/3406/2527 4474/5980/4465 2559/3440/2554
f 2539/3414/2535 2559/3440/2554 4474/5980/4465
f 2539/3414/2535 4474/5980/4465 2540/3412/2533
f 2540/3412/2533 4474/5980/4465 2532/3406/2527
f 2555/3629/2544 2545/3418/2539 2543/3415/2536
f 2495/3355/2490 564/735/562 2537/3410/2531
f 2494/3392/2488 2530/3403/2524 2531/3404/2525
f 2520/3393/2514 2494/3392/2488 2531/3404/2525
f 2531/3404/2525 2522/3395/2516 2520/3393/2514
f 2518/5981/2512 2437/3304/2432 2513/3383/2507
f 2498/3360/2493 2515/3387/2510 2500/3361/2494
f 2515/3387/2510 2502/3363/2496 2500/3361/2494
f 2515/3387/2510 2503/3364/2497 2502/3363/2496
f 2497/3357/2491 2489/3347/2484 2488/3345/2482
f 4475/5982/4466 4476/5983/4467 2495/3355/2490
f 4475/5982/4466 2495/3355/2490 2491/3349/2486
f 2495/3355/2490 4476/5983/4467 564/735/562
f 4476/5984/4467 1332/1716/1328 1327/1711/1324
f 4475/5982/4466 1332/1717/1328 4476/5983/4467
f 4477/5985/4468 564/735/562 4476/5983/4467
f 4477/5985/4468 4476/5983/4467 4478/5986/4469
f 4478/5986/4469 4476/5983/4467 1327/1712/1324
f 4478/5986/4469 4482/5987/4470 4477/5985/4468
f 4479/5988/4471 4481/5989/4472 4478/5986/4469
f 4479/5988/4471 4478/5986/4469 4480/5990/4473
f 4480/5990/4473 4478/5986/4469 4483/5991/4474
f 4478/5986/4469 4481/5989/4472 4482/5987/4470
f 4478/5986/4469 1327/1712/1324 4483/5991/4474
f 1327/1712/1324 4484/5992/4475 4483/5991/4474
f 4484/5992/4475 4480/5990/4473 4483/5991/4474
f 4485/5993/4476 4480/5990/4473 4484/5992/4475
f 1327/1712/1324 4485/5993/4476 4484/5992/4475
f 4486/5994/4477 4487/5995/4478 4485/5993/4476
f 4486/5994/4477 4485/5993/4476 1327/1712/1324
f 4487/5995/4478 4488/5996/4479 4485/5993/4476
f 4485/5993/4476 4488/5996/4479 4480/5990/4473
f 4490/5997/4480 4488/5996/4479 4487/5995/4478
f 4489/5998/4481 4480/5990/4473 4488/5996/4479
f 4489/5998/4481 4488/5996/4479 4490/5997/4480
f 4489/5998/4481 4490/5997/4480 4493/5999/4482
f 4490/5997/4480 4487/5995/4478 4491/6000/4483
f 4490/5997/4480 4491/6000/4483 4492/6001/4484
f 4493/5999/4482 4490/5997/4480 4492/6001/4484
f 568/739/566 4494/6002/4485 4493/5999/4482
f 4494/6002/4485 4495/6003/4486 4493/5999/4482
f 4493/5999/4482 4495/6003/4486 4496/6004/4487
f 4493/5999/4482 4496/6004/4487 4489/5998/4481
f 4493/5999/4482 4492/6001/4484 4497/6005/4488
f 561/732/560 4493/5999/4482 4497/6005/4488
f 568/739/566 4493/5999/4482 561/732/560
f 4497/6005/4488 4498/6006/4489 558/731/559
f 561/732/560 4497/6005/4488 558/731/559
f 4497/6005/4488 4492/6001/4484 4498/6006/4489
f 558/731/559 4498/6006/4489 559/733/558
f 559/733/558 4498/6006/4489 560/730/558
f 4498/6006/4489 557/728/556 560/730/558
f 4498/6006/4489 4499/6007/4490 557/728/556
f 4492/6001/4484 4499/6007/4490 4498/6006/4489
f 4499/6007/4490 4501/6008/4491 4500/6009/4492
f 4500/6009/4492 4502/6010/4493 4499/6007/4490
f 4492/6001/4484 4501/6008/4491 4499/6007/4490
f 4499/6007/4490 4502/6010/4493 557/728/556
f 4500/6009/4492 4503/6011/4494 4502/6010/4493
f 4502/6010/4493 4503/6011/4494 4504/6012/4495
f 4502/6010/4493 4504/6012/4495 557/728/556
f 4504/6012/4495 542/712/540 545/715/543
f 4503/6011/4494 542/712/540 4504/6012/4495
f 4504/6012/4495 545/715/543 553/724/552
f 557/728/556 4504/6012/4495 553/724/552
f 4500/6009/4492 4505/6013/4496 4503/6011/4494
f 542/712/540 4503/6011/4494 4505/6013/4496
f 4500/6009/4492 4507/6014/4497 4505/6013/4496
f 522/695/523 4506/6015/4498 4505/6013/4496
f 4505/6013/4496 4506/6015/4498 540/713/541
f 540/713/541 542/712/540 4505/6013/4496
f 4505/6013/4496 4507/6014/4497 522/695/523
f 4500/6009/4492 4501/6008/4491 4507/6014/4497
f 523/693/521 522/695/523 4507/6014/4497
f 4508/6016/4499 4507/6014/4497 4501/6008/4491
f 523/693/521 4507/6014/4497 4508/6016/4499
f 4509/6017/4500 4508/6016/4499 4511/6018/4501
f 4509/6017/4500 4510/6019/4502 4508/6016/4499
f 4511/6018/4501 4508/6016/4499 4501/6008/4491
f 4508/6016/4499 4510/6019/4502 523/693/521
f 4512/6020/4503 4511/6018/4501 4513/6021/4504
f 4512/6020/4503 4509/6017/4500 4511/6018/4501
f 4511/6018/4501 4501/6008/4491 4492/6001/4484
f 4492/6001/4484 4514/6022/4505 4511/6018/4501
f 4511/6018/4501 4515/6023/4506 4513/6021/4504
f 4511/6018/4501 4514/6022/4505 4515/6023/4506
f 4515/6023/4506 4516/6024/4507 4518/6025/4508
f 4517/6026/4509 4516/6024/4507 4515/6023/4506
f 4514/6022/4505 4517/6026/4509 4515/6023/4506
f 4515/6023/4506 4518/6025/4508 4513/6021/4504
f 4519/6027/4510 4518/6025/4508 4516/6024/4507
f 4520/6028/4511 4518/6025/4508 4519/6027/4510
f 4513/6021/4504 4518/6025/4508 4520/6028/4511
f 4521/6029/4512 4523/6030/4513 4520/6028/4511
f 4520/6028/4511 4519/6027/4510 4521/6029/4512
f 4520/6028/4511 4523/6030/4513 4522/6031/4514
f 4512/6020/4503 4520/6028/4511 4522/6031/4514
f 4513/6021/4504 4520/6028/4511 4512/6020/4503
f 4522/6031/4514 4523/6030/4513 4524/6032/4515
f 4521/6029/4512 4524/6032/4515 4523/6030/4513
f 4526/6033/4516 4524/6032/4515 4525/6034/4517
f 1313/1690/1311 4525/6034/4517 4524/6032/4515
f 4522/6031/4514 4524/6032/4515 4526/6033/4516
f 1313/1690/1311 4524/6032/4515 4521/6029/4512
f 4526/6033/4516 4525/6034/4517 4528/6035/4518
f 4509/6017/4500 4526/6033/4516 4527/6036/4519
f 4522/6031/4514 4526/6033/4516 4509/6017/4500
f 4527/6036/4519 4526/6033/4516 4528/6035/4518
f 4528/6035/4518 4525/6034/4517 4529/6037/4520
f 4527/6036/4519 4528/6035/4518 4529/6037/4520
f 4530/6038/4521 4529/6037/4520 4525/6034/4517
f 4530/6038/4521 1310/1682/1304 4529/6037/4520
f 1310/1682/1304 4527/6036/4519 4529/6037/4520
f 4530/6038/4521 1308/1683/1305 1310/1682/1304
f 1313/1690/1311 1308/1683/1305 4530/6038/4521
f 4530/6038/4521 4525/6034/4517 1313/1690/1311
f 4527/6036/4519 4510/6019/4502 4509/6017/4500
f 4527/6036/4519 4531/6039/4522 4510/6019/4502
f 4532/6040/4523 4531/6039/4522 4527/6036/4519
f 1310/1682/1304 4532/6040/4523 4527/6036/4519
f 4532/6040/4523 473/640/471 4531/6039/4522
f 1305/1671/1300 473/640/471 4532/6040/4523
f 1305/1671/1300 4532/6040/4523 1310/1682/1304
f 4531/6039/4522 470/641/472 474/642/473
f 4531/6039/4522 474/642/473 523/693/521
f 523/693/521 4510/6019/4502 4531/6039/4522
f 4531/6039/4522 471/643/472 470/641/472
f 472/644/474 471/643/472 4531/6039/4522
f 473/640/471 472/644/474 4531/6039/4522
f 4522/6031/4514 4509/6017/4500 4512/6020/4503
f 4521/6029/4512 1324/1707/1321 1313/1690/1311
f 4521/6029/4512 1329/1715/1327 1324/1707/1321
f 1330/1714/1326 1329/1715/1327 4521/6029/4512
f 4521/6029/4512 1328/1713/1325 1330/1714/1326
f 4521/6029/4512 4519/6027/4510 1328/1713/1325
f 1327/1712/1324 4519/6027/4510 4533/6041/4524
f 1328/1713/1325 4519/6027/4510 1327/1712/1324
f 4519/6027/4510 4516/6024/4507 4533/6041/4524
f 1327/1712/1324 4533/6041/4524 4486/5994/4477
f 4533/6041/4524 4516/6024/4507 4517/6026/4509
f 4533/6041/4524 4517/6026/4509 4486/5994/4477
f 4486/5994/4477 4517/6026/4509 4487/5995/4478
f 4491/6000/4483 4487/5995/4478 4517/6026/4509
f 4491/6000/4483 4517/6026/4509 4514/6022/4505
f 4492/6001/4484 4491/6000/4483 4514/6022/4505
f 540/713/541 4506/6015/4498 541/714/542
f 522/695/523 541/714/542 4506/6015/4498
f 4496/6004/4487 4479/5988/4471 4480/5990/4473
f 4495/6003/4486 4479/5988/4471 4496/6004/4487
f 4496/6004/4487 4480/5990/4473 4489/5998/4481
f 4495/6003/4486 4481/5989/4472 4479/5988/4471
f 4495/6003/4486 4494/6002/4485 4482/5987/4470
f 4482/5987/4470 4481/5989/4472 4495/6003/4486
f 4494/6002/4485 564/735/562 4482/5987/4470
f 4494/6002/4485 565/737/564 564/735/562
f 566/738/565 565/737/564 4494/6002/4485
f 566/738/565 4494/6002/4485 568/739/566
f 4477/5985/4468 4482/5987/4470 564/735/562
f 4534/6042/4525 4475/5982/4466 2491/3349/2486
f 4475/5982/4466 4534/6042/4525 4535/6043/4526
f 4475/5982/4466 4535/6043/4526 1332/1717/1328
f 1332/1717/1328 4535/6043/4526 1336/1718/1329
f 4535/6043/4526 1338/1725/1334 1336/1718/1329
f 4535/6043/4526 4534/6042/4525 1338/1725/1334
f 2491/3349/2486 2478/3336/2475 4534/6042/4525
f 4534/6042/4525 4536/6044/4527 1338/1725/1334
f 2478/3336/2475 4536/6044/4527 4534/6042/4525
f 2478/3336/2475 2479/3337/2476 4536/6044/4527
f 1338/1725/1334 4536/6044/4527 2479/3337/2476
f 1369/3339/1365 2479/3337/2476 2480/3338/2472
f 1338/1725/1334 2479/3337/2476 1369/3339/1365
f 2463/3315/2458 2475/3329/2470 2468/3316/2460
f 1370/1761/1366 2473/3326/2468 1371/1762/1367
f 2473/3326/2468 1382/1775/1380 1379/1770/1375
f 2473/3326/2468 4537/6045/4528 1382/1775/1380
f 1371/1762/1367 2473/3326/2468 1372/1763/1368
f 2470/3323/2465 4537/6045/4528 2473/3326/2468
f 2473/3326/2468 1379/1770/1375 1372/1763/1368
f 1383/1774/1379 1382/1775/1380 4537/6045/4528
f 1383/1774/1379 4537/6045/4528 4538/6046/4529
f 2470/3323/2465 4538/6046/4529 4537/6045/4528
f 4539/6047/4530 4538/6046/4529 2470/3323/2465
f 4539/6047/4530 4540/6048/4531 4538/6046/4529
f 4538/6046/4529 4540/6048/4531 1383/1774/1379
f 4541/6049/4532 2454/3305/2450 4540/6048/4531
f 4540/6048/4531 2454/3305/2450 2451/3298/2446
f 2451/3298/2446 2442/3279/2437 4540/6048/4531
f 4540/6048/4531 2442/3279/2437 4542/6050/4533
f 1383/1774/1379 4540/6048/4531 1381/1772/1377
f 4540/6048/4531 4542/6050/4533 1381/1772/1377
f 4541/6049/4532 4540/6048/4531 4539/6047/4530
f 1482/1873/1478 4543/6051/4534 4542/6050/4533
f 2442/3279/2437 1482/1873/1478 4542/6050/4533
f 4542/6050/4533 4543/6051/4534 4544/6052/4535
f 4542/6050/4533 4544/6052/4535 1381/1772/1377
f 4544/6052/4535 4545/6053/4536 4546/6054/4537
f 4543/6051/4534 4545/6053/4536 4544/6052/4535
f 4544/6052/4535 4546/6054/4537 1386/1778/1383
f 1381/1772/1377 4544/6052/4535 1386/1778/1383
f 4546/6054/4537 4545/6053/4536 1482/1873/1478
f 1386/1778/1383 4546/6054/4537 4547/6055/4538
f 1482/1873/1478 4547/6055/4538 4546/6054/4537
f 1386/1778/1383 4547/6055/4538 1393/1784/1389
f 1482/1873/1478 1472/1863/1468 4547/6055/4538
f 1393/1784/1389 4547/6055/4538 1472/1863/1468
f 1482/1873/1478 4545/6053/4536 4543/6051/4534
f 4541/6049/4532 2470/3323/2465 2471/3325/2467
f 2471/3325/2467 2454/3305/2450 4541/6049/4532
f 4539/6047/4530 2470/3323/2465 4541/6049/4532
f 2471/3325/2467 2460/3310/2455 2454/3305/2450
f 2453/3303/2449 2456/3381/2451 2437/3304/2432
f 2438/3272/2433 2448/3290/2443 2437/3270/2432
f 2438/3274/2433 2440/3278/2435 2443/3282/2439
f 1488/1874/1479 2433/3263/2428 2421/3247/2416
f 2411/3237/2406 2422/3249/2418 2418/3245/2414
f 2415/3240/2409 2414/3242/2411 2419/3244/2413
f 1492/1883/1488 2411/3237/2406 1494/1884/1489
f 2409/3236/2405 4548/6056/4539 1503/1895/1500
f 2409/3236/2405 2406/3232/2401 4548/6056/4539
f 1496/1887/1492 2409/3236/2405 1497/1888/1493
f 1497/1888/1493 2409/3236/2405 1503/1895/1500
f 4548/6056/4539 2406/3232/2401 1502/1894/1499
f 4548/6056/4539 1502/1894/1499 1503/1895/1500
f 1502/1894/1499 2406/3232/2401 2404/3230/2399
f 1510/1903/1508 1504/1893/1498 2404/3230/2399
f 1502/1894/1499 2404/3230/2399 1504/1893/1498
f 4549/6057/4540 2402/3229/2398 2396/3223/2392
f 4549/6057/4540 1509/1902/1507 2402/3229/2398
f 1510/1903/1508 2402/3229/2398 1509/1902/1507
f 1529/1920/1525 4549/6057/4540 2396/3223/2392
f 1527/1918/1523 4549/6057/4540 1529/1920/1525
f 1513/1905/1510 1509/1902/1507 4549/6057/4540
f 1527/1918/1523 1513/1905/1510 4549/6057/4540
f 2387/6058/2382 2399/6059/2394 2398/6060/2393
f 2389/3210/2384 2393/6061/2389 2399/6059/2394
f 2389/3210/2384 2399/6059/2394 2387/6058/2382
f 2398/3224/2393 1921/2419/1913 4550/6062/4541
f 2387/6058/2382 2398/6060/2393 4550/6063/4541
f 1921/2419/1913 4551/6064/4542 4550/6062/4541
f 1928/6065/1924 4550/6066/4541 4551/6067/4542
f 2387/6058/2382 4550/6063/4541 1928/6068/1924
f 1921/2419/1913 4552/6069/4543 4551/6064/4542
f 1928/6065/1924 4551/6067/4542 4552/6070/4543
f 4553/6071/4544 1928/6065/1924 4552/6070/4543
f 4553/6072/4544 4552/6069/4543 1921/2419/1913
f 1920/6073/1918 1924/2432/1921 4553/6071/4544
f 1921/2419/1913 1920/2424/1918 4553/6072/4544
f 4553/6071/4544 1924/2432/1921 1928/6065/1924
f 2389/3210/2384 2395/6074/2391 2394/6075/2390
f 2389/3210/2384 2386/3209/2383 2395/6074/2391
f 2394/6075/2390 2393/6061/2389 2389/3210/2384
f 1931/2445/1928 2380/3195/2375 1927/2442/1925
f 1931/2445/1928 1951/2477/1949 2380/3195/2375
f 2380/3195/2375 1951/2477/1949 2377/3191/2373
f 2373/3184/2368 1532/1923/1528 1530/1921/1526
f 1947/2470/1942 1954/2480/1952 1945/2471/1943
f 1943/2605/1939 1941/2465/1938 1884/2464/1881
f 1933/6076/1929 1938/6077/1934 1935/6078/1931
f 1888/2377/1884 1938/6077/1934 1933/6076/1929
f 1888/2377/1884 1884/2372/1881 1938/6077/1934
f 1933/2446/1929 4554/6079/4545 1888/6080/1884
f 1933/2446/1929 4555/6081/4546 4554/6079/4545
f 4556/6082/4547 4555/6081/4546 1933/2446/1929
f 1930/2448/1926 4556/6082/4547 1933/2446/1929
f 1910/2411/1908 4556/6083/4547 1930/2443/1926
f 4555/6084/4546 4556/6083/4547 1910/2411/1908
f 1910/2411/1908 4554/6085/4545 4555/6084/4546
f 1888/6080/1884 4554/6079/4545 4557/6086/4548
f 1910/2411/1908 4557/6087/4548 4554/6085/4545
f 1906/2407/1904 4557/6087/4548 1910/2411/1908
f 1888/6080/1884 4557/6086/4548 4558/6088/4549
f 1906/2407/1904 4558/6089/4549 4557/6087/4548
f 1889/2379/1885 4558/6088/4549 1894/2391/1891
f 1894/2392/1891 4558/6089/4549 1906/2407/1904
f 1888/6080/1884 4558/6088/4549 1889/2379/1885
f 1917/2427/1915 1924/2432/1921 1918/6090/1916
f 1918/6090/1916 1924/2432/1921 1919/6091/1917
f 1924/2432/1921 1920/6073/1918 1919/6091/1917
f 1905/6092/1903 1886/2385/1882 1890/2382/1887
f 1886/2385/1882 1905/6092/1903 1904/4656/1902
f 1864/2337/1860 1874/2353/1870 1879/6093/1876
f 1878/4645/1873 1864/2337/1860 1879/6093/1876
f 1851/2324/1848 1857/2328/1852 4559/6094/4550
f 4559/6094/4550 1857/2328/1852 1827/2289/1822
f 1857/2328/1852 1826/2290/1823 1827/2289/1822
f 1851/2324/1848 4559/6094/4550 1845/2315/1842
f 1829/2292/1825 4559/6094/4550 1827/2289/1822
f 1845/2315/1842 4559/6094/4550 1834/2316/1831
f 1834/2316/1831 4559/6094/4550 1829/2292/1825
f 1848/2320/1844 1756/2201/1751 1753/2199/1749
f 1831/2296/1827 1788/2248/1784 1835/2299/1830
f 1831/2296/1827 1832/2298/1829 1788/2248/1784
f 1788/2248/1784 1832/2298/1829 1789/2249/1786
f 1791/2250/1787 1789/2249/1786 1832/2298/1829
f 1800/2259/1796 1773/4919/1769 1798/2258/1795
f 1798/2258/1795 1773/4919/1769 1783/2245/1779
f 1788/2246/1784 1785/2242/1782 1780/2238/1778
f 1768/2226/1765 1769/2225/1766 1779/2236/1776
f 1759/2207/1755 1763/2214/1760 1767/2223/1764
f 1743/2189/1739 1744/2190/1740 1758/2204/1754
f 1744/2190/1740 1749/2196/1746 1758/2204/1754
f 1738/2184/1734 1737/2183/1733 1746/2192/1742
f 1725/2168/1721 1699/2138/1696 1703/2142/1699
f 1700/2135/1694 1699/2138/1696 1725/2168/1721
f 1716/2156/1712 1713/2153/1709 1714/2155/1711
f 1682/2119/1678 1680/2109/1676 1679/2108/1675
f 1674/2099/1671 1675/2101/1672 1597/1988/1593
f 1597/1988/1593 1675/2101/1672 1601/1991/1596
f 1675/2101/1672 1670/2096/1668 1601/1991/1596
f 1648/2059/1645 1659/2078/1656 1666/2089/1664
f 1616/2006/1611 1663/2095/1659 1661/2081/1657
f 1616/2006/1611 1661/2081/1657 1612/2002/1607
f 1648/2059/1645 1649/2058/1644 1659/2078/1656
f 1649/2058/1644 1654/2071/1653 1659/2078/1656
f 4560/6095/4551 1612/2002/1607 1655/2074/1649
f 1655/2065/1649 1652/2067/1648 4560/6096/4551
f 4561/6097/4552 1612/2002/1607 4560/6095/4551
f 4560/6096/4551 1652/2067/1648 4561/6098/4552
f 1652/2067/1648 1610/6099/1608 4561/6098/4552
f 4561/6097/4552 1610/2003/1608 1612/2002/1607
f 1652/2064/1648 1618/2023/1614 4562/6100/4553
f 1652/2064/1648 1624/2021/1620 1618/2023/1614
f 1611/6101/1609 1652/2067/1648 4562/6102/4553
f 1610/6099/1608 1652/2067/1648 1611/6101/1609
f 1618/2009/1614 1615/2011/1613 4562/6102/4553
f 4562/6102/4553 1614/6103/1612 1613/6104/1610
f 1611/6101/1609 4562/6102/4553 1613/6104/1610
f 4562/6102/4553 1615/2011/1613 1614/6103/1612
f 1644/6105/1642 1633/2034/1629 1634/2036/1631
f 1624/2048/1620 1639/2043/1636 1638/6106/1635
f 1624/2048/1620 1638/6106/1635 1628/6107/1624
f 1631/2031/1626 1606/1997/1602 1609/2000/1605
f 1628/6108/1624 1627/6109/1623 1624/2019/1620
f 1624/2019/1620 1627/6109/1623 1622/2017/1618
f 1609/2000/1605 1620/2014/1616 1623/2027/1621
f 1601/1991/1596 1616/2006/1611 1600/1992/1597
f 1568/1959/1564 1556/1947/1552 1553/1945/1550
f 1551/1941/1546 1550/1942/1547 1559/1950/1555
f 1522/1913/1518 1551/1941/1546 1559/1950/1555
f 1521/1912/1517 1538/1930/1535 1551/1941/1546
f 1521/1912/1517 1551/1941/1546 1522/1913/1518
f 1524/1915/1520 1538/1930/1535 1521/1912/1517
f 1515/1907/1512 1513/1905/1510 1527/1918/1523
f 1500/1892/1497 1499/1891/1496 1511/1901/1506
f 1493/1886/1491 1485/1878/1483 1486/1880/1485
f 1487/1879/1484 1485/1878/1483 1493/1886/1491
f 1492/1883/1488 1491/1882/1487 1488/1874/1479
f 1488/1874/1479 1491/1882/1487 1483/1876/1481
f 1484/1875/1480 1472/1863/1468 1482/1873/1478
f 1484/1875/1480 1480/1871/1476 1472/1863/1468
f 1472/1863/1468 1480/1871/1476 1474/1864/1469
f 1463/1855/1460 1467/1858/1463 1473/1866/1471
f 1397/1786/1391 1468/1859/1464 4563/6110/4554
f 1468/1859/1464 1458/1849/1454 1459/1851/1456
f 1459/1851/1456 1460/1852/1457 1468/1859/1464
f 1468/1859/1464 1460/1852/1457 1461/1853/1458
f 1468/1859/1464 1461/1853/1458 4563/6110/4554
f 4563/6110/4554 4569/6111/4555 4564/6112/4556
f 4563/6110/4554 4564/6112/4556 1397/1786/1391
f 4563/6110/4554 1461/1853/1458 4565/6113/4557
f 4563/6110/4554 4565/6113/4557 4566/6114/4558
f 4566/6114/4558 4567/6115/4559 4563/6110/4554
f 4563/6110/4554 4567/6115/4559 4568/6116/4560
f 4563/6110/4554 4568/6116/4560 1427/1822/1427
f 4563/6110/4554 1427/1822/1427 4569/6111/4555
f 4569/6111/4555 1428/1820/1425 1421/1813/1418
f 1421/1813/1418 1401/1792/1397 4569/6111/4555
f 4569/6111/4555 1427/1822/1427 1428/1820/1425
f 4564/6112/4556 4569/6111/4555 1401/1792/1397
f 4567/6115/4559 4570/6117/4561 4568/6116/4560
f 4568/6116/4560 1431/1821/1426 1427/1822/1427
f 4568/6116/4560 4570/6117/4561 1431/1821/1426
f 4566/6114/4558 4570/6117/4561 4567/6115/4559
f 4571/6118/4562 1429/1823/1428 4570/6117/4561
f 1429/1823/1428 1431/1821/1426 4570/6117/4561
f 1445/1837/1442 4570/6117/4561 1451/1842/1447
f 4566/6114/4558 1451/1842/1447 4570/6117/4561
f 4571/6118/4562 4570/6117/4561 1445/1837/1442
f 4571/6118/4562 1445/1837/1442 4572/6119/4563
f 4572/6119/4563 1429/1823/1428 4571/6118/4562
f 4572/6119/4563 1445/1837/1442 1440/1831/1436
f 4572/6119/4563 1440/1831/1436 1430/1819/1424
f 4572/6119/4563 1430/1819/1424 1429/1823/1428
f 4565/6113/4557 1451/1842/1447 4566/6114/4558
f 1461/1853/1458 1451/1842/1447 4565/6113/4557
f 4564/6112/4556 1401/1792/1397 1398/1790/1395
f 1397/1786/1391 4564/6112/4556 1398/1790/1395
f 1465/1857/1462 1455/1847/1452 1454/1845/1450
f 1464/1856/1461 1455/1847/1452 1465/1857/1462
f 1422/1814/1419 1432/1824/1429 1435/1827/1432
f 1418/1811/1416 1417/1810/1415 1422/1814/1419
f 1422/1814/1419 1419/1807/1412 1418/1811/1416
f 1421/1813/1418 1402/1793/1398 1401/1792/1397
f 1421/1813/1418 1403/1794/1399 1402/1793/1398
f 1192/1520/1192 1193/1519/1191 1413/1803/1408
f 1189/1517/1189 1410/1801/1406 1191/1518/1190
f 1406/1797/1402 1410/1801/1406 1189/1517/1189
f 1193/1519/1191 1191/1518/1190 1410/1801/1406
f 1406/1797/1402 1189/1517/1189 1388/1779/1384
f 1340/1727/1336 1338/1725/1334 1369/3339/1365
f 1355/1747/1352 1349/1736/1345 1364/1756/1361
f 1363/1754/1359 1187/1513/1185 1362/1753/1358
f 1362/1753/1358 4573/6120/4564 1360/1752/1357
f 1187/1513/1185 4574/6121/4565 1362/1753/1358
f 4574/6121/4565 4573/6120/4564 1362/1753/1358
f 4575/6122/4566 4574/6123/4565 4576/6124/4567
f 4575/6125/4566 4573/6126/4564 4574/6127/4565
f 1187/1513/1185 4576/6128/4567 4574/6121/4565
f 4576/6124/4567 4577/6129/4568 4575/6122/4566
f 4577/6130/4568 4576/6128/4567 1187/1513/1185
f 4575/6122/4566 4577/6129/4568 1197/6131/1187
f 1197/1515/1187 4577/6130/4568 1187/1513/1185
f 4575/6122/4566 1197/6131/1187 1203/1530/1199
f 4575/6132/4566 1203/1532/1199 1204/1531/1200
f 4578/6133/4569 4573/6126/4564 4575/6125/4566
f 1204/1531/1200 4578/6134/4569 4575/6132/4566
f 1204/1531/1200 4579/6135/4570 4578/6134/4569
f 4579/6136/4570 1359/6137/1355 4578/6133/4569
f 4578/6133/4569 1360/6138/1357 4573/6126/4564
f 4578/6133/4569 1359/6137/1355 1360/6138/1357
f 4580/6139/4571 4579/6135/4570 1204/1531/1200
f 4580/6140/4571 4581/6141/4572 4579/6136/4570
f 4579/6136/4570 1361/6142/1356 1359/6137/1355
f 4579/6136/4570 4581/6141/4572 4582/6143/4573
f 4582/6143/4573 4583/6144/4574 4579/6136/4570
f 4579/6136/4570 4583/6144/4574 1361/6142/1356
f 4584/6145/4575 4583/6146/4574 4582/6147/4573
f 1357/1748/1353 1361/1751/1356 4583/6146/4574
f 1357/1748/1353 4583/6146/4574 4584/6145/4575
f 1352/1741/1347 1357/1748/1353 4584/6145/4575
f 4586/6148/4576 4584/6145/4575 4585/6149/4577
f 4582/6147/4573 4585/6149/4577 4584/6145/4575
f 1352/1741/1347 4584/6145/4575 4586/6148/4576
f 1352/1741/1347 4586/6148/4576 4588/6150/4578
f 4586/6148/4576 4585/6149/4577 4587/6151/4579
f 4589/6152/4580 4586/6148/4576 4587/6151/4579
f 4588/6150/4578 4586/6148/4576 4589/6152/4580
f 4589/6152/4580 4590/6153/4581 4594/6154/4582
f 4595/6155/4583 4590/6153/4581 4589/6152/4580
f 4591/6156/4584 4589/6152/4580 4593/6157/4585
f 4592/6158/4586 4589/6152/4580 4591/6156/4584
f 4592/6158/4586 4595/6155/4583 4589/6152/4580
f 4589/6152/4580 4587/6151/4579 4593/6157/4585
f 4589/6152/4580 4594/6154/4582 4588/6150/4578
f 4597/6159/4587 4595/6160/4583 4580/6140/4571
f 4596/6161/4588 4580/6140/4571 4595/6160/4583
f 4596/6162/4588 4595/6155/4583 4592/6158/4586
f 4590/6163/4581 4595/6160/4583 4597/6159/4587
f 4597/6164/4587 4594/6154/4582 4590/6153/4581
f 4598/6165/4589 4594/6154/4582 4597/6164/4587
f 4597/6159/4587 4580/6140/4571 4598/6166/4589
f 4599/6167/4590 4600/6168/4591 4598/6165/4589
f 4598/6166/4589 4580/6140/4571 4599/6169/4590
f 4598/6165/4589 4600/6168/4591 4594/6154/4582
f 4599/6170/4590 4603/6171/4592 4600/6172/4591
f 4601/6173/4593 4600/6172/4591 4602/6174/4594
f 4588/6150/4578 4600/6168/4591 4601/6175/4593
f 4600/6172/4591 4603/6171/4592 4602/6174/4594
f 4588/6150/4578 4594/6154/4582 4600/6168/4591
f 1213/1549/1209 4603/6171/4592 1214/1550/1210
f 4602/6174/4594 4603/6171/4592 1213/1549/1209
f 4604/6176/4595 4603/6171/4592 4599/6170/4590
f 4604/6177/4595 1214/6178/1210 4603/6179/4592
f 4599/6169/4590 4580/6140/4571 4604/6180/4595
f 1215/6181/1212 1214/6182/1210 4604/6183/4595
f 4604/6180/4595 4580/6140/4571 1215/6184/1212
f 1213/6185/1209 4605/6186/4596 4602/6187/4594
f 4601/6173/4593 4602/6174/4594 4605/6188/4596
f 1223/6189/1219 4605/6188/4596 1213/1549/1209
f 1223/6189/1219 4606/6190/4597 4605/6188/4596
f 4605/6188/4596 4606/6190/4597 4601/6173/4593
f 4606/6190/4597 4607/6191/4598 4601/6173/4593
f 1223/6189/1219 4607/6191/4598 4606/6190/4597
f 4608/6192/4599 4609/6193/4600 4607/6191/4598
f 1326/1721/1322 4608/6192/4599 4607/6191/4598
f 1326/1721/1322 4607/6191/4598 1223/6189/1219
f 4601/6173/4593 4607/6191/4598 4609/6193/4600
f 4608/6192/4599 1346/1730/1339 4609/6193/4600
f 4601/6173/4593 4609/6193/4600 4588/6194/4578
f 1346/1730/1339 1342/1729/1338 4609/6193/4600
f 4609/6193/4600 1342/1729/1338 1344/1731/1340
f 4609/6193/4600 1344/1731/1340 1351/1743/1348
f 4588/6194/4578 4609/6193/4600 1351/1743/1348
f 4610/6195/4601 4608/6192/4599 1326/1721/1322
f 1345/1733/1342 1346/1730/1339 4608/6192/4599
f 4608/6192/4599 4610/6195/4601 1345/1733/1342
f 1343/1732/1341 1345/1733/1342 4610/6195/4601
f 1326/1721/1322 1343/1732/1341 4610/6195/4601
f 4592/6158/4586 4581/6196/4572 4596/6162/4588
f 4581/6141/4572 4580/6140/4571 4596/6161/4588
f 4581/6196/4572 4593/6157/4585 4587/6151/4579
f 4591/6156/4584 4593/6157/4585 4581/6196/4572
f 4591/6156/4584 4581/6196/4572 4592/6158/4586
f 4588/6150/4578 1351/1742/1348 1352/1741/1347
f 4581/6196/4572 4587/6151/4579 4582/6147/4573
f 4582/6147/4573 4587/6151/4579 4585/6149/4577
f 1204/1531/1200 1215/6197/1212 4580/6139/4571
f 1354/1745/1350 1357/1748/1353 1352/1741/1347
f 1351/1743/1348 1344/1731/1340 1348/1735/1344
f 1326/1721/1322 1335/1720/1330 1343/1732/1341
f 1222/1564/1218 1326/1709/1322 1223/1565/1219
f 1305/1671/1300 1304/1673/1301 473/640/471
f 1293/1659/1288 1297/1665/1294 4611/6198/4602
f 1296/1666/1295 4612/6199/4603 1297/1665/1294
f 1297/1665/1294 4613/6200/4604 4611/6198/4602
f 1297/1665/1294 4612/6199/4603 4613/6200/4604
f 4614/6201/4605 4613/6200/4604 4612/6199/4603
f 4615/6202/4606 4613/6200/4604 4614/6201/4605
f 4611/6198/4602 4613/6200/4604 4615/6202/4606
f 4615/6202/4606 1251/1618/1247 4616/6203/4607
f 4614/6201/4605 1251/1618/1247 4615/6202/4606
f 4615/6202/4606 4616/6203/4607 1265/1632/1261
f 1292/1660/1289 4615/6202/4606 1265/1632/1261
f 4611/6198/4602 4615/6202/4606 1292/1660/1289
f 1251/1618/1247 1254/1621/1250 4616/6203/4607
f 4616/6203/4607 1254/1621/1250 1263/1631/1260
f 4616/6203/4607 1263/1631/1260 1265/1632/1261
f 1250/1617/1246 1251/1618/1247 4614/6201/4605
f 4614/6201/4605 4612/6199/4603 1250/1617/1246
f 1296/1666/1295 4617/6204/4608 4612/6199/4603
f 4617/6204/4608 1248/1616/1245 4612/6199/4603
f 1250/1617/1246 4612/6199/4603 1248/1616/1245
f 4618/6205/4609 4617/6204/4608 1296/1666/1295
f 4618/6205/4609 1247/1613/1242 4617/6204/4608
f 4617/6204/4608 1247/1613/1242 1248/1616/1245
f 1232/1579/1228 4619/6206/4610 4618/6205/4609
f 4619/6206/4610 1244/1612/1238 4618/6205/4609
f 4618/6205/4609 1244/1612/1238 1247/1613/1242
f 1232/1579/1228 4618/6205/4609 1296/1666/1295
f 4619/6206/4610 1240/6207/1237 1244/1612/1238
f 1233/1583/1230 1240/6207/1237 4619/6206/4610
f 1233/1583/1230 4619/6206/4610 1232/1579/1228
f 1292/1660/1289 1293/1659/1288 4611/6198/4602
f 4622/6208/4611 4620/6209/4612 1260/1627/1256
f 4620/6209/4612 4625/6210/4613 1260/1627/1256
f 1260/1627/1256 4621/6211/4614 1259/1626/1255
f 1260/1627/1256 4625/6210/4613 4621/6211/4614
f 4622/6208/4611 1260/1627/1256 4623/6212/4615
f 4623/6212/4615 1260/1627/1256 4624/6213/4616
f 1260/1627/1256 1255/1622/1251 4624/6213/4616
f 4625/6214/4613 4620/6215/4612 285/410/286
f 285/410/286 4626/6216/4617 4625/6214/4613
f 4625/6210/4613 4626/6217/4617 4621/6211/4614
f 4626/6217/4617 4627/6218/4618 343/486/343
f 285/410/286 4627/6219/4618 4626/6216/4617
f 4621/6211/4614 4626/6217/4617 343/486/343
f 343/486/343 4627/6218/4618 340/483/340
f 340/6220/340 4627/6219/4618 285/410/286
f 1246/1614/1243 4624/6213/4616 1255/1622/1251
f 1243/1610/1240 4624/6213/4616 1246/1614/1243
f 1243/1610/1240 4623/6212/4615 4624/6213/4616
f 1242/1609/1239 4622/6208/4611 4623/6212/4615
f 1242/1609/1239 4623/6212/4615 1243/1610/1240
f 1217/6221/1214 4620/6209/4612 4622/6208/4611
f 1239/1603/1235 1217/6221/1214 4622/6208/4611
f 1239/1603/1235 4622/6208/4611 1242/1609/1239
f 4621/6211/4614 343/486/343 1259/1626/1255
f 285/410/286 4620/6215/4612 1217/1559/1214
f 343/486/343 342/485/342 1259/1626/1255
f 1246/1614/1243 1255/1622/1251 1252/1620/1249
f 1233/1583/1230 1231/6222/1229 1240/6207/1237
f 1218/1602/1215 1217/6221/1214 1239/1603/1235
f 1211/6223/1207 1175/6224/1171 1174/6225/1170
f 1211/6223/1207 4629/6226/4619 1175/6224/1171
f 4628/6227/4620 4629/6226/4619 1211/6223/1207
f 1211/1542/1207 1208/6228/1204 4628/6229/4620
f 1211/1542/1207 1209/1544/1205 1208/6228/1204
f 4628/6229/4620 1207/6230/1203 4629/6231/4619
f 4629/6226/4619 4630/6232/4621 1175/6224/1171
f 4629/6231/4619 1207/6230/1203 4630/6233/4621
f 1176/6234/1172 4630/6232/4621 4631/6235/4622
f 4630/6233/4621 1206/6236/1202 4631/6237/4622
f 1175/6224/1171 4630/6232/4621 1176/6234/1172
f 4630/6233/4621 1207/6230/1203 1206/6236/1202
f 4631/6235/4622 4632/6238/4623 1176/6234/1172
f 4631/6237/4622 1199/1512/1184 4632/6239/4623
f 4631/6237/4622 1206/6236/1202 1199/1512/1184
f 1176/6234/1172 4632/6238/4623 4633/6240/4624
f 4632/6239/4623 1199/1512/1184 4633/6241/4624
f 1176/6234/1172 4633/6240/4624 4634/6242/4625
f 1199/1512/1184 4634/6243/4625 4633/6241/4624
f 1177/1500/1174 4634/6242/4625 4635/6244/4626
f 1176/6234/1172 4634/6242/4625 1177/1500/1174
f 1199/1512/1184 4635/6245/4626 4634/6243/4625
f 1177/1500/1174 4635/6244/4626 1181/1499/1178
f 1181/6246/1178 4635/6245/4626 1199/1512/1184
f 4628/6229/4620 1208/6228/1204 1207/6230/1203
f 1194/1528/1194 1203/1530/1199 1195/6247/1195
f 1203/1530/1199 1198/6248/1197 1195/6247/1195
f 1203/1530/1199 1197/6131/1187 1198/6248/1197
f 1180/1507/1176 1181/6246/1178 1199/1512/1184
f 1185/5632/1181 1178/1504/1173 1186/6249/1182
f 1186/6249/1182 1178/1504/1173 1182/1501/1179
f 1158/1451/1156 1150/1439/1144 1141/1430/1138
f 1147/1440/1145 1148/1442/1147 1152/1444/1149
f 1132/5613/1129 1144/1438/1143 1145/1436/1142
f 1132/5613/1129 1130/1437/1127 1144/1438/1143
f 278/1485/279 1138/1426/1135 1117/1410/1115
f 1117/1410/1115 1134/1420/1132 1135/1419/1131
f 1117/1410/1115 1135/1419/1131 1125/1411/1123
f 1123/1409/1122 1122/1408/1121 1127/1413/1125
f 1123/1409/1122 1127/1413/1125 1124/1405/1119
f 1119/1402/1117 1111/1389/1107 1113/1394/1112
f 1094/1369/1092 1118/1397/1114 1110/1392/1110
f 1095/1371/1094 4636/6250/4627 1118/1397/1114
f 282/406/280 1118/1397/1114 4636/6250/4627
f 1095/1371/1094 1118/1397/1114 1094/1369/1092
f 4637/6251/4628 4636/6250/4627 1095/1371/1094
f 282/406/280 4636/6250/4627 4637/6251/4628
f 4638/6252/4629 4637/6251/4628 273/392/274
f 4637/6251/4628 4638/6252/4629 282/406/280
f 273/392/274 4637/6251/4628 1095/1371/1094
f 282/406/280 4638/6252/4629 274/393/275
f 273/392/274 274/393/275 4638/6252/4629
f 282/399/280 278/398/279 1117/1399/1115
f 966/1187/963 1091/1366/1089 1107/1386/1104
f 966/1187/963 969/1191/967 1091/1366/1089
f 960/1181/957 970/1193/969 961/1184/960
f 960/1181/957 956/1178/954 970/1193/969
f 957/1180/956 956/1178/954 960/1181/957
f 952/1174/950 953/1175/951 959/1182/958
f 942/1165/941 945/1167/943 943/1166/942
f 930/1153/929 920/1142/918 919/1141/917
f 913/1136/912 923/1145/921 914/1137/913
f 917/1139/915 907/1129/905 905/1127/903
f 895/1114/893 896/1115/894 909/1131/907
f 900/1122/899 881/1096/879 879/1094/877
f 870/1085/868 887/1102/885 869/1084/867
f 885/1100/883 887/1102/885 870/1085/868
f 876/1091/874 885/1100/883 872/1087/870
f 872/1087/870 885/1100/883 870/1085/868
f 836/1041/834 834/1043/832 877/1093/876
f 843/1053/841 867/1083/866 841/1051/839
f 841/1051/839 867/1083/866 853/1068/851
f 714/899/712 715/900/713 857/1072/855
f 841/1051/839 853/1068/851 842/1052/840
f 87/1338/87 822/1024/820 96/1022/97
f 807/1001/804 4639/6253/4630 815/1014/814
f 102/163/102 815/1014/814 4639/6253/4630
f 100/162/101 815/1014/814 102/163/102
f 807/1001/804 805/1000/803 4639/6253/4630
f 102/163/102 4639/6253/4630 805/1000/803
f 811/1006/809 727/913/725 809/1005/808
f 809/1005/808 727/913/725 729/915/726
f 809/1005/808 729/915/726 734/922/732
f 805/1000/803 806/1002/805 102/163/102
f 102/163/102 806/1002/805 800/995/798
f 737/925/735 803/997/800 735/923/733
f 737/925/735 4640/6254/4631 803/997/800
f 803/997/800 4640/6254/4631 797/992/795
f 802/998/801 735/923/733 803/997/800
f 4641/6255/4632 4640/6254/4631 737/925/735
f 4641/6255/4632 793/988/791 4640/6254/4631
f 4640/6254/4631 791/986/789 797/992/795
f 4640/6254/4631 793/988/791 791/986/789
f 737/925/735 738/926/736 4641/6255/4632
f 4641/6255/4632 738/926/736 745/933/743
f 4641/6255/4632 4642/6256/4633 793/988/791
f 4641/6255/4632 745/933/743 4642/6256/4633
f 4642/6256/4633 745/933/743 749/937/747
f 4642/6256/4633 792/989/792 793/988/791
f 4642/6256/4633 764/952/762 792/989/792
f 4642/6256/4633 749/937/747 764/952/762
f 734/922/732 735/923/733 802/998/801
f 102/163/102 800/995/798 111/173/112
f 792/989/792 766/955/765 786/981/784
f 764/952/762 766/955/765 792/989/792
f 785/980/783 126/190/126 117/178/117
f 782/976/781 126/190/126 785/980/783
f 778/969/776 127/206/128 780/971/778
f 126/979/126 780/971/778 127/206/128
f 133/205/135 127/206/128 778/969/776
f 4643/6257/4634 773/960/770 770/957/767
f 434/588/436 773/960/770 4643/6257/4634
f 434/588/436 436/586/434 773/960/770
f 4643/6257/4634 4644/6258/4635 4645/6259/4636
f 762/951/761 4644/6258/4635 4643/6257/4634
f 4643/6257/4634 770/957/767 762/951/761
f 4643/6257/4634 4645/6259/4636 434/588/436
f 4644/6258/4635 483/652/482 4645/6259/4636
f 4645/6259/4636 483/652/482 438/591/438
f 4645/6259/4636 438/591/438 434/588/436
f 4644/6258/4635 482/651/481 483/652/482
f 502/674/502 482/651/481 4644/6258/4635
f 762/951/761 502/674/502 4644/6258/4635
f 762/951/761 770/957/767 761/949/759
f 501/673/501 502/674/502 762/951/761
f 754/943/753 4646/6260/4637 758/945/755
f 758/945/755 4646/6260/4637 4647/6261/4638
f 758/945/755 4647/6261/4638 756/944/754
f 4649/6262/4639 4648/6263/4640 4647/6261/4638
f 756/944/754 4647/6261/4638 4648/6263/4640
f 4647/6261/4638 4646/6260/4637 4649/6262/4639
f 4649/6262/4639 604/778/602 4648/6263/4640
f 607/781/605 604/778/602 4649/6262/4639
f 607/781/605 4649/6262/4639 608/782/606
f 608/782/606 4649/6262/4639 4646/6260/4637
f 4648/6263/4640 604/778/602 605/780/604
f 757/946/756 4648/6263/4640 605/780/604
f 756/944/754 4648/6263/4640 757/946/756
f 608/782/606 4646/6260/4637 754/943/753
f 4650/6264/4641 500/671/499 757/946/756
f 757/946/756 605/780/604 4650/6264/4641
f 4650/6264/4641 4651/6265/4642 500/671/499
f 4650/6264/4641 601/775/599 4651/6265/4642
f 4650/6264/4641 605/780/604 601/775/599
f 500/671/499 4651/6265/4642 4652/6266/4643
f 601/775/599 4652/6266/4643 4651/6265/4642
f 601/775/599 4653/6267/4644 4652/6266/4643
f 500/671/499 4652/6266/4643 4653/6267/4644
f 596/771/595 4653/6267/4644 601/775/599
f 596/771/595 4654/6268/4645 4653/6267/4644
f 4654/6268/4645 500/671/499 4653/6267/4644
f 548/719/547 4654/6268/4645 596/771/595
f 548/719/547 500/671/499 4654/6268/4645
f 754/943/753 609/783/607 608/782/606
f 751/939/749 609/783/607 754/943/753
f 615/790/614 613/788/612 751/939/749
f 746/934/744 615/790/614 751/939/749
f 751/939/749 613/788/612 609/783/607
f 744/932/742 615/790/614 746/934/744
f 740/928/738 4655/6269/4646 744/932/742
f 744/932/742 4655/6269/4646 615/790/614
f 740/928/738 4658/6270/4647 4655/6269/4646
f 4655/6269/4646 4656/6271/4648 615/790/614
f 4655/6269/4646 4657/6272/4649 4656/6271/4648
f 4658/6270/4647 4657/6272/4649 4655/6269/4646
f 4659/6273/4650 4660/6274/4651 4658/6270/4647
f 742/930/740 4659/6273/4650 4658/6270/4647
f 742/930/740 4658/6270/4647 740/928/738
f 4658/6270/4647 4660/6274/4651 4661/6275/4652
f 4658/6270/4647 4661/6275/4652 4657/6272/4649
f 4662/6276/4653 4661/6275/4652 4660/6274/4651
f 4663/6277/4654 4661/6275/4652 4662/6276/4653
f 4663/6277/4654 4657/6272/4649 4661/6275/4652
f 4664/6278/4655 4657/6272/4649 4663/6277/4654
f 661/838/656 4664/6278/4655 4663/6277/4654
f 661/838/656 4663/6277/4654 656/836/654
f 656/836/654 4663/6277/4654 4662/6276/4653
f 4665/6279/4656 4656/6271/4648 4664/6278/4655
f 660/842/660 4665/6279/4656 4664/6278/4655
f 660/842/660 4664/6278/4655 661/838/656
f 4664/6278/4655 4656/6271/4648 4657/6272/4649
f 649/829/647 628/802/626 4665/6279/4656
f 650/830/648 649/829/647 4665/6279/4656
f 650/830/648 4665/6279/4656 660/842/660
f 4665/6279/4656 628/802/626 4656/6271/4648
f 656/836/654 4662/6276/4653 4666/6280/4657
f 4666/6280/4657 4662/6276/4653 4667/6281/4658
f 4662/6276/4653 4660/6274/4651 4667/6281/4658
f 4666/6280/4657 4667/6281/4658 694/6282/694
f 694/6282/694 4667/6281/4658 697/6283/696
f 4667/6281/4658 4668/6284/4659 697/6283/696
f 4667/6281/4658 4660/6274/4651 4668/6284/4659
f 4659/6273/4650 4668/6284/4659 4660/6274/4651
f 4669/6285/4660 4668/6284/4659 4659/6273/4650
f 697/6283/696 4668/6284/4659 700/6286/698
f 4669/6285/4660 700/6286/698 4668/6284/4659
f 4659/6273/4650 4670/6287/4661 4669/6285/4660
f 4669/6285/4660 4670/6287/4661 731/919/729
f 702/6288/701 700/6286/698 4669/6285/4660
f 4669/6285/4660 731/919/729 702/6288/701
f 4659/6273/4650 741/931/741 4670/6287/4661
f 732/920/730 4670/6287/4661 741/931/741
f 731/919/729 4670/6287/4661 732/920/730
f 659/837/655 656/836/654 4666/6280/4657
f 689/873/687 4666/6280/4657 694/6282/694
f 659/837/655 4666/6280/4657 689/873/687
f 741/931/741 4659/6273/4650 742/930/740
f 615/790/614 4656/6271/4648 628/802/626
f 702/888/701 731/6289/729 728/6290/727
f 702/888/701 728/6290/727 703/889/702
f 703/889/702 728/6290/727 725/910/723
f 703/889/702 725/910/723 705/891/704
f 711/896/709 692/877/690 695/878/691
f 693/880/693 699/884/697 708/892/705
f 693/880/693 708/892/705 695/878/691
f 691/876/689 687/871/686 686/869/684
f 677/858/676 659/837/655 689/873/687
f 674/855/673 673/854/672 684/866/683
f 658/841/659 659/837/655 677/858/676
f 665/848/666 671/851/669 666/843/661
f 653/834/652 642/822/640 645/825/643
f 649/829/647 627/801/625 628/802/626
f 647/828/646 627/801/625 649/829/647
f 647/828/646 631/805/629 627/801/625
f 635/810/634 590/765/590 4671/6291/4662
f 633/809/633 590/765/590 635/810/634
f 635/810/634 4671/6291/4662 623/798/622
f 635/810/634 623/798/622 622/796/620
f 4671/6291/4662 590/765/590 593/767/591
f 623/798/622 4671/6291/4662 621/797/621
f 612/787/611 621/797/621 4671/6291/4662
f 612/787/611 4671/6291/4662 599/774/598
f 599/774/598 4671/6291/4662 595/770/594
f 4671/6291/4662 593/767/591 595/770/594
f 633/809/633 591/3818/586 590/765/590
f 4672/6292/4663 621/797/621 612/787/611
f 621/797/621 4672/6292/4663 611/786/610
f 611/786/610 4672/6292/4663 612/787/611
f 593/767/591 590/765/590 589/764/589
f 557/728/556 553/724/552 555/725/553
f 526/698/526 541/714/542 522/695/523
f 523/693/521 474/642/473 478/650/480
f 498/669/497 516/687/515 519/691/519
f 476/645/475 519/691/519 479/646/476
f 498/669/497 519/691/519 476/645/475
f 507/677/505 516/687/515 498/669/497
f 438/591/438 483/652/482 440/595/440
f 469/638/469 460/624/460 458/623/458
f 442/600/444 432/584/433 435/587/435
f 145/219/147 431/581/431 148/220/148
f 363/505/362 362/507/364 429/577/429
f 349/492/349 357/502/359 361/504/361
f 336/479/336 359/498/355 344/488/345
f 353/497/354 344/488/345 359/498/355
f 351/494/351 357/502/359 349/492/349
f 339/6293/339 340/6220/340 285/410/286
f 285/410/286 334/478/335 339/6293/339
f 326/464/327 325/463/326 331/472/331
f 4673/6294/4664 4674/6295/4665 328/468/329
f 285/410/286 4673/6296/4664 328/467/329
f 328/468/329 4674/6295/4665 315/452/315
f 328/468/329 315/452/315 323/460/323
f 4674/6295/4665 4675/6297/4666 313/451/314
f 4673/6294/4664 4675/6297/4666 4674/6295/4665
f 4674/6295/4665 313/451/314 315/452/315
f 4676/6298/4667 4675/6297/4666 288/6299/285
f 288/409/285 4675/6300/4666 285/410/286
f 285/410/286 4675/6300/4666 4673/6296/4664
f 4676/6298/4667 313/451/314 4675/6297/4666
f 4677/6301/4668 4676/6298/4667 288/6299/285
f 4678/6302/4669 4676/6298/4667 4677/6301/4668
f 4678/6302/4669 306/444/307 4676/6298/4667
f 4679/6303/4670 313/451/314 4676/6298/4667
f 306/444/307 4679/6303/4670 4676/6298/4667
f 4679/6303/4670 312/448/311 313/451/314
f 306/444/307 312/448/311 4679/6303/4670
f 4678/6302/4669 305/443/306 306/444/307
f 4678/6302/4669 4680/6304/4671 305/443/306
f 4677/6301/4668 4680/6304/4671 4678/6302/4669
f 4677/6301/4668 286/6305/288 4680/6304/4671
f 4680/6304/4671 286/6305/288 4681/6306/4672
f 296/6307/297 305/6308/306 4680/6309/4671
f 292/6310/292 4680/6309/4671 4681/6311/4672
f 296/6307/297 4680/6309/4671 292/6310/292
f 290/6312/290 4681/6313/4672 286/6314/288
f 4681/6315/4672 290/418/290 291/417/291
f 292/419/292 4681/6315/4672 291/417/291
f 287/6316/289 286/6305/288 4677/6301/4668
f 4677/6301/4668 288/6299/285 287/6316/289
f 323/460/323 315/452/315 318/453/316
f 317/457/320 323/460/323 318/453/316
f 307/445/308 312/448/311 306/444/307
f 294/6317/294 305/6308/306 295/6318/295
f 295/6318/295 305/6308/306 296/6307/297
f 283/6319/281 285/6320/286 278/6321/279
f 279/396/278 277/395/277 269/384/269
f 269/384/269 277/395/277 271/385/270
f 261/377/262 264/379/264 272/390/273
f 261/377/262 272/390/273 260/376/261
f 254/371/256 267/383/268 263/378/263
f 257/372/257 263/378/263 258/374/259
f 254/371/256 263/378/263 257/372/257
f 249/361/249 236/360/236 234/6322/235
f 249/361/249 234/6322/235 227/6323/227
f 234/339/235 229/331/229 227/328/227
f 231/335/232 233/334/231 4682/6324/4673
f 4682/6324/4673 233/334/231 217/1228/217
f 217/1228/217 4683/6325/4674 4682/6324/4673
f 231/335/232 4682/6324/4673 4683/6325/4674
f 4683/6325/4674 215/314/216 231/335/232
f 217/1228/217 215/314/216 4683/6325/4674
f 219/317/219 220/318/220 231/335/232
f 231/335/232 215/314/216 219/317/219
f 231/335/232 220/318/220 224/324/224
f 196/287/197 214/305/214 216/1348/215
f 198/290/199 214/305/214 196/287/197
f 198/290/199 208/300/209 214/305/214
f 186/281/187 195/286/196 183/1346/183
f 157/231/156 191/276/192 156/232/157
f 57/6326/57 169/6327/167 171/1321/171
f 57/6326/57 171/1321/171 60/1320/61
f 56/6328/56 169/6327/167 57/6326/57
f 56/6328/56 166/6329/166 169/6327/167
f 4684/6330/4675 166/6331/166 56/6332/56
f 4684/6330/4675 4685/6333/4676 166/6331/166
f 4685/6334/4676 162/245/162 166/244/166
f 48/6335/48 4685/6333/4676 4684/6330/4675
f 48/6335/48 4686/6336/4677 4685/6333/4676
f 4686/6337/4677 4687/6338/4678 4685/6334/4676
f 4685/6334/4676 4687/6338/4678 162/245/162
f 4690/6339/4679 4687/6340/4678 4688/6341/4680
f 4686/6337/4677 4688/6342/4680 4687/6338/4678
f 4689/6343/4681 4691/6344/4682 4687/6340/4678
f 4689/6343/4681 4687/6340/4678 4690/6339/4679
f 4687/6340/4678 4691/6344/4682 159/236/161
f 4687/6340/4678 159/236/161 162/237/162
f 154/230/155 4691/6344/4682 4689/6343/4681
f 154/230/155 159/236/161 4691/6344/4682
f 143/213/142 4689/6343/4681 4690/6339/4679
f 4690/6339/4679 4688/6341/4680 142/215/144
f 142/215/144 143/213/142 4690/6339/4679
f 143/213/142 154/230/155 4689/6343/4681
f 129/198/129 131/202/132 4688/6342/4680
f 129/198/129 4688/6342/4680 4686/6337/4677
f 142/215/144 4688/6341/4680 139/210/139
f 131/201/132 139/210/139 4688/6341/4680
f 46/6345/47 129/196/129 4686/6336/4677
f 46/6345/47 4686/6336/4677 48/6335/48
f 48/75/48 4684/6346/4675 49/76/49
f 49/76/49 4684/6346/4675 56/89/56
f 136/209/138 137/208/137 146/217/146
f 137/208/137 134/204/134 132/203/133
f 45/195/46 129/196/129 46/6345/47
f 118/179/118 117/178/117 126/190/126
f 123/184/123 124/185/124 43/70/44
f 43/70/44 124/185/124 45/71/46
f 4692/6347/4683 121/6348/121 123/6349/123
f 40/68/41 123/6349/123 43/67/44
f 4692/6347/4683 123/6349/123 40/68/41
f 4693/6350/4684 121/182/121 4692/6351/4683
f 4694/6352/4685 4693/6350/4684 4692/6351/4683
f 4694/6352/4685 4692/6351/4683 39/61/40
f 39/61/40 4692/6351/4683 40/62/41
f 29/39/29 4694/6352/4685 31/41/31
f 29/39/29 4695/6353/4686 4694/6352/4685
f 4695/6353/4686 4693/6350/4684 4694/6352/4685
f 31/6354/31 4694/6355/4685 39/60/40
f 4695/6353/4686 4696/6356/4687 4693/6350/4684
f 4697/6357/4688 4696/6356/4687 4695/6353/4686
f 27/37/27 4695/6353/4686 29/39/29
f 27/37/27 4697/6357/4688 4695/6353/4686
f 4698/6358/4689 4700/6359/4690 4697/6357/4688
f 4698/6358/4689 4697/6357/4688 4699/6360/4691
f 25/35/25 4699/6360/4691 4697/6357/4688
f 4697/6357/4688 4700/6359/4690 4696/6356/4687
f 25/35/25 4697/6357/4688 27/37/27
f 4698/6358/4689 106/167/106 4700/6359/4690
f 108/169/108 4700/6359/4690 106/167/106
f 4696/6356/4687 4700/6359/4690 108/169/108
f 4699/6360/4691 4703/6361/4692 4698/6358/4689
f 24/34/24 4699/6360/4691 25/35/25
f 24/34/24 4701/6362/4693 4699/6360/4691
f 4701/6362/4693 4702/6363/4694 4699/6360/4691
f 4699/6360/4691 4702/6363/4694 4703/6361/4692
f 4702/6363/4694 105/166/105 4703/6361/4692
f 4703/6361/4692 105/166/105 106/167/106
f 4703/6361/4692 106/167/106 4698/6358/4689
f 4702/6363/4694 4704/6364/4695 105/166/105
f 4705/6365/4696 4704/6366/4695 4702/6367/4694
f 4701/6362/4693 4705/6368/4696 4702/6363/4694
f 4706/6369/4697 93/6370/93 4705/6365/4696
f 4707/6371/4698 4706/6372/4697 4705/6368/4696
f 4707/6371/4698 4705/6368/4696 4701/6362/4693
f 4705/6365/4696 93/6370/93 4704/6366/4695
f 4708/6373/4699 4707/6374/4698 4701/6375/4693
f 4710/6376/4700 4707/6374/4698 4708/6373/4699
f 4710/6376/4700 4709/6377/4701 4707/6374/4698
f 4709/6378/4701 4706/6372/4697 4707/6371/4698
f 4711/6379/4702 4709/6377/4701 4710/6376/4700
f 4712/6380/4703 4711/6381/4702 4710/6382/4700
f 4712/6380/4703 4710/6382/4700 4713/6383/4704
f 4713/6383/4704 4710/6382/4700 4708/6384/4699
f 18/6385/19 4712/6386/4703 4713/6387/4704
f 4713/6383/4704 4708/6384/4699 23/33/23
f 19/6388/20 4713/6387/4704 23/6389/23
f 18/6385/19 4713/6387/4704 19/6388/20
f 4715/6390/4705 4714/6391/4706 4712/6386/4703
f 4714/6392/4706 4711/6381/4702 4712/6380/4703
f 4715/6390/4705 4712/6386/4703 18/6385/19
f 4716/6393/4707 4715/6394/4705 18/29/19
f 4716/6395/4707 4714/6391/4706 4715/6390/4705
f 4716/6395/4707 4717/6396/4708 4714/6391/4706
f 17/27/18 4717/6397/4708 4716/6398/4707
f 4716/6393/4707 18/29/19 17/28/18
f 4717/6399/4708 4718/6400/4709 4714/6392/4706
f 4717/6399/4708 4719/6401/4710 4718/6400/4709
f 17/27/18 15/26/17 4717/6397/4708
f 15/6402/17 4719/6401/4710 4717/6399/4708
f 4720/6403/4711 66/6404/66 4719/6405/4710
f 15/6402/17 4720/6406/4711 4719/6401/4710
f 4719/6405/4710 68/6407/68 4718/6408/4709
f 4719/6405/4710 66/6404/66 68/6407/68
f 4721/6409/4712 65/6410/65 4720/6403/4711
f 14/6411/16 4721/6412/4712 4720/6406/4711
f 14/6411/16 4720/6406/4711 15/6402/17
f 4720/6403/4711 65/6410/65 66/6404/66
f 2/6413/3 4722/6414/4713 4721/6409/4712
f 3/4/4 2/3/3 4721/6412/4712
f 3/4/4 4721/6412/4712 14/6411/16
f 4721/6409/4712 4722/6414/4713 65/6410/65
f 4722/6415/4713 59/103/59 65/102/65
f 4722/6415/4713 54/87/55 59/103/59
f 2/6413/3 53/6416/53 4722/6414/4713
f 53/83/53 54/87/55 4722/6415/4713
f 4718/6400/4709 4723/6417/4714 4714/6392/4706
f 4718/6418/4709 4724/6419/4715 4723/6420/4714
f 4718/6418/4709 68/6421/68 4724/6419/4715
f 4723/6420/4714 4724/6419/4715 4727/6422/4716
f 68/108/68 4725/6423/4717 4724/6424/4715
f 4724/6424/4715 4725/6423/4717 4726/6425/4718
f 4724/6424/4715 4726/6425/4718 4727/6426/4716
f 4727/6426/4716 4726/6425/4718 4728/6427/4719
f 4727/6426/4716 4728/6427/4719 4709/6378/4701
f 4711/6379/4702 4727/6422/4716 4709/6377/4701
f 4723/6420/4714 4727/6422/4716 4711/6379/4702
f 4726/6428/4718 90/6429/90 4728/6430/4719
f 4709/6378/4701 4728/6427/4719 4706/6372/4697
f 4728/6430/4719 91/6431/91 4706/6369/4697
f 4728/6430/4719 90/6429/90 91/6431/91
f 4726/6428/4718 4729/6432/4720 90/6429/90
f 4725/6433/4717 4729/6432/4720 4726/6428/4718
f 4725/6433/4717 71/6434/71 4729/6432/4720
f 71/115/71 80/6435/81 4729/6436/4720
f 4729/6436/4720 80/6435/81 83/145/83
f 4729/6436/4720 83/145/83 90/144/90
f 68/108/68 69/109/69 4725/6423/4717
f 69/111/69 71/112/71 4725/6437/4717
f 4714/6392/4706 4723/6417/4714 4711/6381/4702
f 23/33/23 4708/6384/4699 24/34/24
f 4708/6373/4699 4701/6375/4693 24/6438/24
f 4706/6369/4697 91/6431/91 93/6370/93
f 93/150/93 94/151/94 4704/6364/4695
f 4704/6364/4695 94/151/94 99/160/99
f 4704/6364/4695 99/160/99 105/166/105
f 4696/6356/4687 120/181/120 4693/6350/4684
f 108/169/108 4730/6439/4721 4696/6356/4687
f 4696/6356/4687 4730/6439/4721 120/181/120
f 108/169/108 109/171/110 4730/6439/4721
f 4730/6439/4721 109/171/110 114/175/114
f 4730/6439/4721 114/175/114 120/181/120
f 4693/6350/4684 120/181/120 121/182/121
f 103/164/103 102/163/102 111/173/112
f 88/141/88 87/140/87 96/155/97
f 71/115/71 74/117/74 80/6435/81
f 63/99/63 62/98/62 72/116/73
f 6/6440/2 53/6441/53 2/6442/3
f 6/6440/2 51/6443/51 53/6441/53
f 5/56/8 51/6443/51 6/6440/2
f 5/56/8 37/55/38 51/6443/51
f 31/6354/31 39/60/40 34/52/33
f 13/23/15 33/6444/34 9/16/11
f 19/6388/20 23/6389/23 20/6445/21
f 10/14/9 3/7/4 14/25/16
f 9/51/11 4/10/7 7/9/6
