# Blender v2.82 (sub 7) OBJ File: 'motoman.blend'
# www.blender.org
mtllib arm_left_link_6_b.mtl
o arm_left_link_6_b.projected_link_b1.023
v 0.136781 1.127738 -0.018756
v 0.136960 1.125000 -0.017881
v 0.138630 1.125000 -0.021359
v 0.136318 1.127738 -0.022059
v 0.133429 1.125000 -0.018890
v 0.135463 1.125000 -0.022586
v 0.131477 1.125000 -0.012935
v 0.142954 1.125000 -0.001678
v 0.140595 1.125000 0.001376
v 0.144840 1.125000 -0.002394
v 0.133593 1.125000 -0.029103
v 0.143464 1.125000 -0.010699
v 0.122832 1.125000 -0.024647
v 0.122009 1.125000 -0.034300
v 0.127434 1.125000 -0.034843
v 0.123979 1.108001 -0.037256
v 0.130648 1.108001 -0.032118
v 0.120448 1.125000 -0.039272
v 0.121282 1.127316 -0.036998
v 0.119224 1.125000 -0.036956
v 0.120307 1.127775 -0.034092
v 0.112480 1.125000 -0.042418
v 0.110500 1.125000 -0.038422
v 0.109890 1.125000 -0.032032
v 0.098173 1.125000 -0.033552
v 0.122355 1.127000 -0.025170
v 0.109890 1.127000 -0.032032
v 0.099083 1.127000 -0.033674
v 0.107932 1.127000 -0.028835
v 0.100611 1.127000 -0.030819
v 0.114307 1.127000 -0.025565
v 0.115480 1.127000 -0.026889
v 0.116103 1.127000 -0.025267
v 0.115126 1.121253 -0.026076
v 0.117949 1.127000 -0.018460
v 0.104493 1.127000 -0.016418
v 0.127128 1.127000 -0.015443
v 0.125544 1.127000 -0.014328
v 0.113783 1.127000 -0.010342
v 0.125624 1.127000 -0.005166
v 0.131079 1.127000 -0.013344
v 0.128508 1.127000 0.006804
v 0.134256 1.127000 0.000765
v 0.117666 1.127000 0.000450
v 0.132537 1.127000 0.000879
v 0.129727 1.127000 0.000481
v 0.127221 1.127000 -0.013711
v 0.126249 1.121253 -0.014611
v 0.130752 1.127000 0.001895
v 0.130476 1.121253 0.000511
v 0.115776 1.127000 0.010147
v 0.116994 1.127301 -0.004376
v 0.117008 1.127301 0.005882
v 0.113370 1.127301 0.012745
v 0.115902 1.127301 0.002016
v 0.114737 1.127301 0.006869
v 0.112945 1.127301 0.010169
v 0.113601 1.139801 0.009099
v 0.115510 1.139801 0.004488
v 0.115902 1.139801 -0.000487
v 0.113865 1.139801 0.003079
v 0.112415 1.139801 -0.005841
v 0.109521 1.139801 0.011107
v 0.112534 1.137300 0.007548
v 0.114057 1.137300 0.002520
v 0.112829 1.137300 -0.005292
v 0.109652 1.137300 -0.009720
v 0.105846 1.137300 -0.005406
v 0.108388 1.137300 -0.000610
v 0.107897 1.137300 -0.002381
v 0.107199 1.137300 -0.003745
v 0.107223 1.060981 -0.003708
v 0.107827 1.060981 -0.002547
v 0.106346 1.060981 -0.004890
v 0.105627 1.060981 -0.005599
v 0.111395 1.053001 -0.011074
v 0.114546 1.053001 -0.006905
v 0.107291 1.053001 -0.013961
v 0.106844 1.053001 -0.019889
v 0.120439 1.053001 -0.006425
v 0.114442 1.053001 -0.015767
v 0.114442 1.054500 -0.015767
v 0.119317 1.054500 -0.009483
v 0.121724 1.054500 -0.000467
v 0.142787 1.054500 -0.013806
v 0.134474 1.054500 -0.028469
v 0.137060 1.054500 -0.025112
v 0.141235 1.054500 -0.017749
v 0.139320 1.054500 -0.021529
v 0.138831 1.089450 -0.022356
v 0.140848 1.089450 -0.018566
v 0.142468 1.089450 -0.014685
v 0.140107 1.090001 -0.021171
v 0.139259 1.096000 -0.022715
v 0.141807 1.096000 -0.017695
v 0.143332 1.090001 -0.013759
v 0.136510 1.090001 -0.026806
v 0.136565 1.089450 -0.025793
v 0.132316 1.090001 -0.031551
v 0.135160 1.096000 -0.028431
v 0.128325 1.096000 -0.034992
v 0.133621 1.096000 -0.032936
v 0.145996 1.096000 -0.011502
v 0.125471 1.096000 -0.040712
v 0.141775 1.096000 -0.025134
v 0.126353 1.096000 -0.042498
v 0.126250 1.096000 -0.044701
v 0.141836 1.096000 -0.022807
v 0.137123 1.096000 -0.036358
v 0.131930 1.096000 -0.040846
v 0.138671 1.108001 -0.034670
v 0.131930 1.108001 -0.040846
v 0.126250 1.108001 -0.044701
v 0.133297 1.108001 -0.032748
v 0.139314 1.108001 -0.021121
v 0.145672 1.108001 -0.011314
v 0.134994 1.108001 -0.027527
v 0.126169 1.108001 -0.041754
v 0.142471 1.108001 -0.025493
v 0.141313 1.108001 -0.023805
v 0.137490 1.108001 -0.024126
v 0.137490 1.125000 -0.024126
v 0.139314 1.125000 -0.021121
v 0.141473 1.125000 -0.016699
v 0.141473 1.108001 -0.016699
v 0.143464 1.108001 -0.010699
v 0.144840 1.108001 -0.002394
v 0.148223 1.108001 0.000574
v 0.144578 1.108001 0.006375
v 0.150086 1.108001 -0.000778
v 0.148253 1.096000 0.001354
v 0.149301 1.108001 0.002403
v 0.149430 1.096000 -0.000772
v 0.151103 1.096000 0.000370
v 0.145653 1.096000 -0.001346
v 0.152500 1.096000 0.000765
v 0.150919 1.108001 0.001115
v 0.144488 1.096000 -0.009698
v 0.145263 1.090001 -0.005549
v 0.144881 1.089450 -0.004489
v 0.145175 1.089450 -0.000294
v 0.145750 1.090001 0.000765
v 0.144197 1.089450 -0.008638
v 0.143964 1.054500 -0.009735
v 0.144754 1.054500 -0.005572
v 0.143475 1.089450 -0.011605
v 0.145151 1.054500 -0.001354
v 0.145151 1.054500 0.002884
v 0.145079 1.089450 0.003910
v 0.144754 1.054500 0.007102
v 0.143964 1.054500 0.011265
v 0.144592 1.089450 0.008086
v 0.120352 1.054500 0.008764
v 0.139320 1.054500 0.023058
v 0.141235 1.054500 0.019278
v 0.142787 1.054500 0.015336
v 0.112438 1.054500 0.018358
v 0.121287 1.053001 0.005274
v 0.116076 1.053001 0.015429
v 0.108884 1.053001 0.014488
v 0.113793 1.053001 0.009697
v 0.107160 1.053001 0.021427
v 0.097881 1.053001 0.022420
v 0.103667 1.054500 0.022408
v 0.103744 1.053001 0.016764
v 0.100000 1.060981 0.009265
v 0.101563 1.060981 0.009116
v 0.102565 1.060981 0.008869
v 0.098743 1.053001 0.017148
v 0.093858 1.053001 0.016005
v 0.097436 1.060981 0.008869
v 0.098438 1.060981 0.009116
v 0.098173 1.137300 0.009066
v 0.100000 1.137300 0.009265
v 0.098840 1.137300 0.014774
v 0.101828 1.137300 0.009066
v 0.107689 1.137300 0.012533
v 0.103569 1.137300 0.008479
v 0.105144 1.137300 0.007532
v 0.103671 1.060981 0.008431
v 0.105017 1.060981 0.007624
v 0.105895 1.060981 0.006889
v 0.106479 1.137300 0.006268
v 0.106620 1.060981 0.006093
v 0.107489 1.060981 0.004786
v 0.108095 1.060981 0.003338
v 0.115510 1.053001 0.006335
v 0.107510 1.137300 0.004746
v 0.108191 1.137300 0.003039
v 0.108488 1.137300 0.001225
v 0.108345 1.060981 0.002383
v 0.108491 1.060981 0.001158
v 0.116324 1.053001 0.002649
v 0.116131 1.053001 -0.002364
v 0.108416 1.060981 -0.000410
v 0.108197 1.060981 -0.001487
v 0.101161 1.139801 0.014774
v 0.096277 1.139801 0.016275
v 0.101252 1.139801 0.016666
v 0.106640 1.139801 0.015173
v 0.094276 1.139801 0.013816
v 0.092737 1.139801 0.015021
v 0.088205 1.139801 0.007797
v 0.090480 1.137300 0.011107
v 0.088349 1.139801 0.011532
v 0.087871 1.127301 0.011124
v 0.091666 1.127301 0.014365
v 0.085264 1.139801 0.006869
v 0.085264 1.127301 0.006869
v 0.084099 1.139801 0.002016
v 0.084197 1.127301 0.003268
v 0.084490 1.139801 -0.002959
v 0.086705 1.139801 -0.003799
v 0.084099 1.127301 -0.000487
v 0.082665 1.127301 -0.003097
v 0.085264 1.127301 -0.005339
v 0.087871 1.127301 -0.009594
v 0.086264 1.127301 -0.010663
v 0.087871 1.139801 -0.009594
v 0.085744 1.139801 -0.006499
v 0.091666 1.139801 -0.012835
v 0.092312 1.139801 -0.011003
v 0.096277 1.139801 -0.014745
v 0.101161 1.139801 -0.013244
v 0.088908 1.137300 -0.007869
v 0.096550 1.137300 -0.012862
v 0.105153 1.137300 -0.012431
v 0.100919 1.137300 -0.007685
v 0.095618 1.137300 -0.006518
v 0.099081 1.137300 -0.007685
v 0.097286 1.137300 -0.007290
v 0.097055 1.060981 -0.007204
v 0.095637 1.060981 -0.006530
v 0.098064 1.060981 -0.007512
v 0.097492 1.053001 -0.015474
v 0.092709 1.053001 -0.013961
v 0.099216 1.060981 -0.007698
v 0.100785 1.060981 -0.007698
v 0.101937 1.060981 -0.007512
v 0.102509 1.053001 -0.015474
v 0.102946 1.060981 -0.007204
v 0.095447 1.053001 -0.020512
v 0.085304 1.053001 -0.015280
v 0.090026 1.054500 -0.018573
v 0.099016 1.054500 -0.021080
v 0.088472 1.054500 -0.042940
v 0.105287 1.054500 -0.044125
v 0.101060 1.054500 -0.044423
v 0.096824 1.054500 -0.044323
v 0.092616 1.054500 -0.043828
v 0.107561 1.054500 -0.019754
v 0.125002 1.054500 -0.036891
v 0.121366 1.054500 -0.039067
v 0.117542 1.054500 -0.040892
v 0.113564 1.054500 -0.042352
v 0.109467 1.054500 -0.043433
v 0.108886 1.089450 -0.043549
v 0.112967 1.089450 -0.042531
v 0.106314 1.090001 -0.044498
v 0.114524 1.090001 -0.042567
v 0.116935 1.089450 -0.041138
v 0.120757 1.089450 -0.039382
v 0.124398 1.089450 -0.037278
v 0.122239 1.090001 -0.039161
v 0.127571 1.090001 -0.035744
v 0.117458 1.096000 -0.041378
v 0.127829 1.089450 -0.034845
v 0.128418 1.054500 -0.034384
v 0.131018 1.089450 -0.032104
v 0.133939 1.089450 -0.029078
v 0.131585 1.054500 -0.031569
v 0.109075 1.096000 -0.044071
v 0.123503 1.096000 -0.041514
v 0.112375 1.096000 -0.045419
v 0.120072 1.096000 -0.047693
v 0.113588 1.096000 -0.049946
v 0.106867 1.096000 -0.051233
v 0.101603 1.096000 -0.049130
v 0.099930 1.096000 -0.050272
v 0.100000 1.096000 -0.051735
v 0.106867 1.108001 -0.051233
v 0.112375 1.108001 -0.045419
v 0.115772 1.108001 -0.049258
v 0.101419 1.108001 -0.049085
v 0.100000 1.108001 -0.051735
v 0.099740 1.108001 -0.050344
v 0.098539 1.096000 -0.049502
v 0.098444 1.108001 -0.048915
v 0.095791 1.108001 -0.043988
v 0.099824 1.108001 -0.047284
v 0.087921 1.108001 -0.044906
v 0.098539 1.096000 -0.047968
v 0.100519 1.096000 -0.047368
v 0.087734 1.096000 -0.045231
v 0.093686 1.096000 -0.044498
v 0.089537 1.090001 -0.043722
v 0.097890 1.090001 -0.044887
v 0.085477 1.096000 -0.042567
v 0.102111 1.096000 -0.044887
v 0.079608 1.096000 -0.040189
v 0.081541 1.090001 -0.041042
v 0.080189 1.089450 -0.039860
v 0.084051 1.089450 -0.041526
v 0.088052 1.089450 -0.042825
v 0.074173 1.090001 -0.036938
v 0.073011 1.089450 -0.035492
v 0.076499 1.089450 -0.037843
v 0.067685 1.090001 -0.031551
v 0.070804 1.096000 -0.034395
v 0.075916 1.096000 -0.038132
v 0.066300 1.096000 -0.032856
v 0.064841 1.096000 -0.028431
v 0.055765 1.096000 -0.027416
v 0.057062 1.096000 -0.025522
v 0.074004 1.096000 -0.041514
v 0.068071 1.096000 -0.040846
v 0.061330 1.096000 -0.034670
v 0.076296 1.096000 -0.040937
v 0.074313 1.108001 -0.040745
v 0.076669 1.108001 -0.042453
v 0.076853 1.096000 -0.042498
v 0.075836 1.108001 -0.040560
v 0.066487 1.108001 -0.032531
v 0.063759 1.108001 -0.025827
v 0.069353 1.108001 -0.032118
v 0.074237 1.108001 -0.036131
v 0.077806 1.108001 -0.038381
v 0.056871 1.108001 -0.025594
v 0.058551 1.108001 -0.024335
v 0.054534 1.108001 -0.025485
v 0.068071 1.108001 -0.040846
v 0.061330 1.108001 -0.034670
v 0.056995 1.108001 -0.029348
v 0.073694 1.108001 -0.042283
v 0.075782 1.108001 -0.045759
v 0.074990 1.108001 -0.043713
v 0.084228 1.108001 -0.049258
v 0.075782 1.096000 -0.045759
v 0.084228 1.096000 -0.049258
v 0.075180 1.096000 -0.043640
v 0.093154 1.096000 -0.051236
v 0.093154 1.108001 -0.051236
v 0.056100 1.108001 -0.022807
v 0.052419 1.108001 -0.021423
v 0.051543 1.096000 -0.019307
v 0.055671 1.108001 -0.024752
v 0.055671 1.096000 -0.023985
v 0.056933 1.096000 -0.022347
v 0.056494 1.096000 -0.013064
v 0.060075 1.096000 -0.021474
v 0.058551 1.096000 -0.023635
v 0.057717 1.108001 -0.022442
v 0.053816 1.096000 -0.011610
v 0.054737 1.096000 -0.005549
v 0.049592 1.096000 -0.000130
v 0.049289 1.096000 -0.012823
v 0.048003 1.096000 -0.006102
v 0.047500 1.096000 0.000765
v 0.048003 1.108001 -0.006102
v 0.053816 1.108001 -0.011610
v 0.049978 1.108001 -0.015007
v 0.049359 1.108001 -0.000091
v 0.047500 1.108001 0.000765
v 0.051594 1.108001 -0.000204
v 0.056536 1.108001 -0.010699
v 0.051919 1.096000 0.000415
v 0.051221 1.108001 0.002156
v 0.055358 1.108001 0.006022
v 0.055161 1.108001 -0.002394
v 0.055127 1.125000 -0.002065
v 0.055998 1.125000 -0.008660
v 0.058127 1.125000 -0.001208
v 0.057801 1.125000 -0.014719
v 0.060814 1.125000 -0.009735
v 0.065598 1.125000 -0.001069
v 0.067673 1.125000 -0.010895
v 0.063407 1.125000 -0.018705
v 0.064797 1.125000 -0.022374
v 0.060345 1.125000 -0.020506
v 0.061995 1.127232 -0.020389
v 0.065158 1.127775 -0.019727
v 0.071292 1.125000 -0.018280
v 0.069938 1.127000 -0.015885
v 0.078847 1.125000 -0.026179
v 0.078779 1.127000 -0.026051
v 0.090067 1.127000 -0.032068
v 0.084650 1.127000 -0.025043
v 0.080776 1.127000 -0.017183
v 0.083742 1.127000 -0.026627
v 0.085261 1.127000 -0.026706
v 0.084611 1.121207 -0.025781
v 0.092088 1.127000 -0.017073
v 0.083412 1.127000 -0.005580
v 0.098957 1.127000 -0.030192
v 0.100187 1.127000 -0.028945
v 0.095879 1.127301 -0.016294
v 0.106947 1.127301 -0.015581
v 0.091666 1.127301 -0.012835
v 0.101252 1.127301 -0.015137
v 0.096277 1.127301 -0.014745
v 0.100000 1.139801 -0.015235
v 0.103724 1.139801 -0.014745
v 0.106104 1.127301 -0.013972
v 0.108335 1.139801 -0.012835
v 0.109405 1.127301 -0.012179
v 0.112129 1.139801 -0.009594
v 0.107795 1.139801 -0.011166
v 0.114637 1.139801 -0.005523
v 0.113093 1.127301 -0.008231
v 0.113370 1.127301 -0.011215
v 0.115510 1.127301 -0.002959
v 0.100253 1.121207 -0.030024
v 0.072292 1.127000 -0.008258
v 0.082436 1.127000 0.004800
v 0.087498 1.127000 0.013725
v 0.078215 1.127000 0.013343
v 0.083412 1.127301 0.007110
v 0.089666 1.127301 0.015209
v 0.098699 1.127301 0.018586
v 0.095056 1.127301 0.015982
v 0.097597 1.127000 0.018310
v 0.092869 1.127000 0.027381
v 0.112578 1.127000 0.022551
v 0.109472 1.127000 0.015681
v 0.106947 1.127301 0.017111
v 0.103724 1.127301 0.016275
v 0.110359 1.127301 0.012894
v 0.107264 1.127301 0.015021
v 0.111314 1.139801 0.012079
v 0.098749 1.127301 0.016666
v 0.106384 1.127000 0.034619
v 0.113396 1.127000 0.032505
v 0.121936 1.127000 0.027219
v 0.126024 1.127000 0.016825
v 0.126206 1.127000 0.015110
v 0.099617 1.127000 0.032755
v 0.099232 1.127000 0.030607
v 0.100952 1.127000 0.030965
v 0.115201 1.127000 0.026507
v 0.114546 1.127000 0.028064
v 0.129134 1.127000 0.018991
v 0.099083 1.127000 0.035204
v 0.099998 1.125000 0.035131
v 0.089205 1.127000 0.033391
v 0.081727 1.127000 0.029970
v 0.083845 1.127000 0.029067
v 0.089205 1.125000 0.033391
v 0.089500 1.125000 0.039951
v 0.081727 1.125000 0.029970
v 0.073629 1.127000 0.022629
v 0.073629 1.125000 0.022629
v 0.077855 1.125000 0.035527
v 0.080702 1.125000 0.038383
v 0.081589 1.125000 0.041772
v 0.078903 1.126894 0.038628
v 0.079026 1.127775 0.035580
v 0.074266 1.125000 0.037620
v 0.067845 1.125000 0.032175
v 0.077830 1.108001 0.039868
v 0.070928 1.108001 0.035048
v 0.066371 1.108001 0.030666
v 0.067404 1.108001 0.033874
v 0.074156 1.108001 0.042484
v 0.076296 1.108001 0.042466
v 0.075180 1.096000 0.042096
v 0.073694 1.096000 0.043453
v 0.074420 1.108001 0.044836
v 0.075074 1.096000 0.045084
v 0.073750 1.108001 0.046231
v 0.077813 1.108001 0.048346
v 0.076535 1.108001 0.044530
v 0.087625 1.108001 0.046949
v 0.084228 1.108001 0.050787
v 0.076804 1.096000 0.043831
v 0.085510 1.108001 0.043316
v 0.093597 1.108001 0.045252
v 0.089558 1.125000 0.044486
v 0.097893 1.125000 0.045666
v 0.097947 1.125000 0.043612
v 0.101179 1.125000 0.040998
v 0.101541 1.126350 0.044359
v 0.099089 1.127775 0.042245
v 0.104214 1.125000 0.045567
v 0.110443 1.125000 0.044486
v 0.102107 1.108001 0.045666
v 0.110443 1.108001 0.044486
v 0.101419 1.108001 0.050615
v 0.099930 1.108001 0.048728
v 0.111675 1.108001 0.045737
v 0.116487 1.108001 0.042636
v 0.116487 1.125000 0.042636
v 0.123656 1.108001 0.042484
v 0.123920 1.108001 0.044836
v 0.122171 1.108001 0.039868
v 0.127464 1.108001 0.036412
v 0.124006 1.125000 0.038827
v 0.120336 1.125000 0.040908
v 0.121960 1.125675 0.039496
v 0.118791 1.125000 0.037861
v 0.119567 1.127775 0.036946
v 0.123138 1.126388 0.036407
v 0.119577 1.125000 0.033788
v 0.127464 1.125000 0.036412
v 0.132156 1.125000 0.032175
v 0.132156 1.108001 0.032175
v 0.142502 1.108001 0.027038
v 0.137448 1.108001 0.025628
v 0.133109 1.108001 0.033362
v 0.141612 1.108001 0.032694
v 0.145467 1.108001 0.027015
v 0.125844 1.108001 0.042664
v 0.135435 1.108001 0.039435
v 0.141612 1.096000 0.032694
v 0.135435 1.096000 0.039435
v 0.128182 1.108001 0.045001
v 0.125986 1.108001 0.044728
v 0.120072 1.108001 0.049222
v 0.130113 1.096000 0.043770
v 0.126250 1.096000 0.046231
v 0.120072 1.096000 0.049222
v 0.125336 1.096000 0.045176
v 0.123456 1.096000 0.044516
v 0.111863 1.096000 0.046061
v 0.123889 1.096000 0.042445
v 0.116411 1.096000 0.043470
v 0.118460 1.090001 0.042572
v 0.112520 1.090001 0.044768
v 0.122239 1.096000 0.040690
v 0.110464 1.096000 0.045252
v 0.102111 1.096000 0.046417
v 0.101094 1.096000 0.049296
v 0.106314 1.090001 0.046028
v 0.108886 1.089450 0.045079
v 0.104729 1.089450 0.045713
v 0.100530 1.089450 0.045959
v 0.100000 1.090001 0.046515
v 0.096327 1.089450 0.045813
v 0.093686 1.090001 0.046028
v 0.093686 1.096000 0.046028
v 0.086171 1.096000 0.044271
v 0.098906 1.096000 0.049116
v 0.087625 1.096000 0.046949
v 0.086412 1.096000 0.051476
v 0.093133 1.096000 0.052762
v 0.100000 1.096000 0.053265
v 0.099170 1.096000 0.051468
v 0.093133 1.108001 0.052762
v 0.100000 1.108001 0.053265
v 0.099634 1.108001 0.051788
v 0.098444 1.108001 0.050085
v 0.101236 1.096000 0.051359
v 0.104576 1.108001 0.053065
v 0.104576 1.096000 0.053065
v 0.111353 1.096000 0.051972
v 0.111353 1.108001 0.051972
v 0.079929 1.096000 0.049222
v 0.073750 1.096000 0.046231
v 0.067079 1.096000 0.034062
v 0.068071 1.096000 0.042376
v 0.068071 1.108001 0.042376
v 0.061330 1.108001 0.036200
v 0.056995 1.108001 0.030878
v 0.058226 1.108001 0.026484
v 0.062877 1.096000 0.037888
v 0.058389 1.096000 0.032694
v 0.056956 1.096000 0.026966
v 0.053477 1.096000 0.024984
v 0.053477 1.108001 0.024984
v 0.049978 1.108001 0.016537
v 0.055576 1.108001 0.025335
v 0.056195 1.108001 0.026873
v 0.056871 1.108001 0.023906
v 0.055576 1.096000 0.025335
v 0.049978 1.096000 0.016537
v 0.057062 1.096000 0.023978
v 0.058171 1.096000 0.019166
v 0.058368 1.108001 0.024420
v 0.058686 1.096000 0.025712
v 0.054704 1.096000 0.012627
v 0.055513 1.096000 0.011228
v 0.049563 1.096000 0.002123
v 0.051086 1.096000 0.002308
v 0.047999 1.096000 0.007611
v 0.047999 1.108001 0.007611
v 0.055029 1.108001 0.012440
v 0.049563 1.108001 0.002123
v 0.057122 1.108001 0.014254
v 0.060389 1.108001 0.022012
v 0.055358 1.125000 0.006022
v 0.057122 1.125000 0.014254
v 0.058813 1.125000 0.002444
v 0.066805 1.125000 0.019619
v 0.060389 1.125000 0.022012
v 0.061606 1.125000 0.020403
v 0.062118 1.126763 0.023515
v 0.062142 1.127775 0.020436
v 0.065645 1.127700 0.021576
v 0.065329 1.125000 0.023498
v 0.063719 1.125000 0.027386
v 0.063719 1.108001 0.027386
v 0.066951 1.125000 0.009778
v 0.065939 1.127000 0.005328
v 0.067915 1.127000 0.013311
v 0.073032 1.127000 0.015110
v 0.072609 1.127000 0.016828
v 0.073437 1.121207 0.016040
v 0.074438 1.127000 0.016152
v 0.066229 1.127000 -0.005601
v 0.068496 1.127000 0.001478
v 0.069334 1.121207 0.000689
v 0.068919 1.127000 -0.000240
v 0.070325 1.127000 0.000802
v 0.059826 1.127738 -0.000193
v 0.057012 1.127607 0.001869
v 0.054348 1.096000 0.002876
v 0.054348 1.090001 -0.001346
v 0.054737 1.090001 0.007079
v 0.055582 1.089450 0.009132
v 0.055997 1.090001 0.013285
v 0.054996 1.089450 0.004966
v 0.055052 1.045601 0.005486
v 0.054800 1.054500 0.000765
v 0.054800 1.089450 0.000765
v 0.054996 1.089450 -0.003437
v 0.055582 1.089450 -0.007602
v 0.054999 1.054500 -0.003468
v 0.055593 1.054500 -0.007663
v 0.058048 1.054500 0.000575
v 0.055523 1.054500 0.003291
v 0.060079 1.054500 0.000109
v 0.057779 1.045901 0.000799
v 0.055327 1.045901 0.003581
v 0.058626 1.045601 0.001041
v 0.060079 1.045901 0.000109
v 0.073415 1.045901 0.000225
v 0.073415 1.054500 0.000225
v 0.075424 1.054500 0.000719
v 0.059679 1.054500 -0.019661
v 0.061769 1.054500 -0.023347
v 0.064195 1.054500 -0.026821
v 0.066935 1.054500 -0.030053
v 0.069966 1.054500 -0.033014
v 0.073261 1.054500 -0.035678
v 0.076791 1.054500 -0.038021
v 0.080525 1.054500 -0.040024
v 0.084430 1.054500 -0.041669
v 0.069758 1.089450 -0.032826
v 0.066766 1.089450 -0.029869
v 0.064062 1.089450 -0.026648
v 0.062297 1.090001 -0.025063
v 0.058193 1.090001 -0.017695
v 0.061670 1.089450 -0.023188
v 0.059609 1.089450 -0.019522
v 0.057943 1.054500 -0.015795
v 0.057898 1.089450 -0.015679
v 0.056552 1.089450 -0.011695
v 0.055513 1.090001 -0.009698
v 0.056577 1.054500 -0.011784
v 0.075689 1.045901 0.000945
v 0.077568 1.054500 0.002461
v 0.079204 1.054500 -0.005633
v 0.078061 1.053001 0.000039
v 0.083162 1.054500 -0.013319
v 0.079843 1.053001 -0.007712
v 0.086932 1.053001 -0.009196
v 0.084536 1.053001 -0.004789
v 0.083629 1.053001 -0.001125
v 0.092174 1.060981 -0.002547
v 0.092915 1.060981 -0.003930
v 0.091804 1.060981 -0.001487
v 0.091612 1.137300 -0.000610
v 0.092104 1.137300 -0.002381
v 0.091584 1.060981 -0.000410
v 0.091510 1.060981 0.001158
v 0.083677 1.053001 0.002649
v 0.091656 1.060981 0.002383
v 0.078593 1.053001 0.005667
v 0.085006 1.053001 0.007487
v 0.091905 1.060981 0.003338
v 0.092512 1.060981 0.004786
v 0.083658 1.053001 0.015334
v 0.080340 1.053001 0.010551
v 0.086894 1.053001 0.010756
v 0.093381 1.060981 0.006093
v 0.089546 1.053001 0.013442
v 0.094106 1.060981 0.006889
v 0.094983 1.060981 0.007624
v 0.089561 1.053001 0.020075
v 0.090242 1.054500 0.020334
v 0.086931 1.054500 0.019194
v 0.086342 1.045901 0.018121
v 0.087525 1.045901 0.021491
v 0.087529 1.054500 0.022715
v 0.097862 1.054500 0.022612
v 0.086788 1.054500 0.024412
v 0.137060 1.054500 0.026642
v 0.134474 1.054500 0.029999
v 0.131585 1.054500 0.033099
v 0.128418 1.054500 0.035914
v 0.121366 1.054500 0.040596
v 0.125002 1.054500 0.038421
v 0.127829 1.089450 0.036375
v 0.124398 1.089450 0.038808
v 0.120757 1.089450 0.040911
v 0.125828 1.090001 0.038468
v 0.130822 1.090001 0.034575
v 0.129196 1.096000 0.035924
v 0.133279 1.096000 0.032149
v 0.133297 1.096000 0.033686
v 0.126169 1.096000 0.043283
v 0.142038 1.096000 0.026718
v 0.145467 1.096000 0.027015
v 0.144288 1.096000 0.025865
v 0.148458 1.096000 0.020837
v 0.150711 1.096000 0.014353
v 0.147581 1.108001 0.022952
v 0.143454 1.096000 0.023972
v 0.150023 1.108001 0.016537
v 0.151998 1.108001 0.007632
v 0.146184 1.108001 0.013140
v 0.143454 1.108001 0.023972
v 0.142879 1.108001 0.014254
v 0.144288 1.108001 0.025865
v 0.141727 1.108001 0.024659
v 0.141775 1.096000 0.024366
v 0.142143 1.096000 0.018223
v 0.137704 1.096000 0.026592
v 0.139926 1.090001 0.023003
v 0.135160 1.090001 0.029961
v 0.136565 1.089450 0.027323
v 0.133939 1.089450 0.030607
v 0.131018 1.089450 0.033633
v 0.138875 1.089450 0.023809
v 0.140848 1.089450 0.020095
v 0.142468 1.089450 0.016214
v 0.143332 1.090001 0.015288
v 0.145263 1.090001 0.007079
v 0.143719 1.089450 0.012200
v 0.145196 1.096000 0.007413
v 0.146184 1.096000 0.013140
v 0.150221 1.096000 0.002156
v 0.151998 1.096000 0.007632
v 0.140609 1.108001 0.020154
v 0.137448 1.125000 0.025628
v 0.140609 1.125000 0.020154
v 0.137943 1.126763 0.023000
v 0.142879 1.125000 0.014254
v 0.137583 1.125000 0.019902
v 0.134763 1.125000 0.022911
v 0.144742 1.125012 0.005979
v 0.131661 1.125000 0.014129
v 0.135692 1.127775 0.020469
v 0.125171 1.125000 0.024001
v 0.134256 1.125000 0.000765
v 0.132708 1.127000 0.011585
v 0.127662 1.127000 0.016115
v 0.126800 1.121207 0.015844
v 0.113320 1.125000 0.032325
v 0.143813 1.126725 0.001452
v 0.140561 1.127775 0.000174
v 0.152500 1.108001 0.000765
v 0.152002 1.108001 -0.006081
v 0.152002 1.096000 -0.006081
v 0.150023 1.096000 -0.015007
v 0.143963 1.096000 -0.023016
v 0.150023 1.108001 -0.015007
v 0.146524 1.096000 -0.023454
v 0.143914 1.096000 -0.025152
v 0.141612 1.096000 -0.031165
v 0.146524 1.108001 -0.023454
v 0.144153 1.108001 -0.023088
v 0.143006 1.108001 -0.029348
v 0.144104 1.108001 -0.025080
v 0.142670 1.108001 -0.022347
v 0.117542 1.054500 0.042422
v 0.116935 1.089450 0.042667
v 0.112967 1.089450 0.044061
v 0.113564 1.054500 0.043882
v 0.109467 1.054500 0.044962
v 0.105287 1.054500 0.045655
v 0.101060 1.054500 0.045952
v 0.096824 1.054500 0.045853
v 0.092616 1.054500 0.045358
v 0.079108 1.054500 0.035178
v 0.086788 1.045901 0.024412
v 0.079108 1.045901 0.035178
v 0.077610 1.054500 0.036509
v 0.088472 1.054500 0.044470
v 0.084431 1.054500 0.043199
v 0.092155 1.089450 0.045276
v 0.088052 1.089450 0.044355
v 0.084051 1.089450 0.043056
v 0.087480 1.090001 0.044768
v 0.081541 1.090001 0.042572
v 0.074173 1.090001 0.038468
v 0.077762 1.096000 0.040690
v 0.076499 1.089450 0.039373
v 0.080189 1.089450 0.041390
v 0.080525 1.054500 0.041554
v 0.076791 1.054500 0.039551
v 0.074078 1.054500 0.037055
v 0.072597 1.054500 0.036701
v 0.069937 1.045901 0.034479
v 0.073741 1.045901 0.037057
v 0.073011 1.089450 0.037021
v 0.069758 1.089450 0.034356
v 0.066766 1.089450 0.031399
v 0.069179 1.090001 0.034575
v 0.066547 1.045901 0.031155
v 0.060726 1.045601 0.021897
v 0.063925 1.045901 0.027993
v 0.072360 1.045601 0.033814
v 0.086254 1.045601 0.021708
v 0.080211 1.045601 0.010615
v 0.076674 1.045901 0.036867
v 0.075277 1.045601 0.001830
v 0.083183 1.045901 0.014889
v 0.080121 1.045901 0.009939
v 0.078093 1.045901 0.003735
v 0.064062 1.089450 0.028177
v 0.061601 1.045901 0.024606
v 0.059594 1.045901 0.021021
v 0.061670 1.089450 0.024718
v 0.059609 1.089450 0.021052
v 0.064841 1.090001 0.029961
v 0.061103 1.090001 0.024849
v 0.062297 1.096000 0.026592
v 0.058193 1.090001 0.019225
v 0.056552 1.089450 0.013224
v 0.057898 1.089450 0.017209
v 0.057943 1.045901 0.017325
v 0.056577 1.045901 0.013314
v 0.055631 1.045901 0.009387
v 0.067122 1.096000 0.032550
v 0.070804 1.096000 0.035924
v 0.094856 1.137300 0.007532
v 0.096330 1.060981 0.008431
v 0.096431 1.137300 0.008479
v 0.093522 1.137300 0.006268
v 0.092491 1.137300 0.004746
v 0.091810 1.137300 0.003039
v 0.086135 1.137300 0.003669
v 0.085944 1.137300 -0.001581
v 0.091513 1.137300 0.001225
v 0.092965 1.137300 -0.004005
v 0.094155 1.137300 -0.005406
v 0.093655 1.060981 -0.004890
v 0.094374 1.060981 -0.005599
v 0.089515 1.053001 -0.011949
v 0.084689 1.121207 0.027420
v 0.084611 1.127000 0.026424
v 0.085625 1.127000 0.027841
v 0.116155 1.127000 0.028197
v 0.115313 1.121207 0.027307
v 0.099928 1.121207 0.031462
v 0.071533 1.127000 -0.014859
v 0.074047 1.127000 -0.013711
v 0.073954 1.127000 -0.015443
v 0.073374 1.121207 -0.014519
v 0.088313 1.125000 -0.031643
v 0.080568 1.125000 -0.032642
v 0.097523 1.125000 -0.040772
v 0.095791 1.125000 -0.043988
v 0.080948 1.125000 -0.036363
v 0.063759 1.125000 -0.025827
v 0.069353 1.125000 -0.032118
v 0.077481 1.125000 -0.033597
v 0.087520 1.125000 -0.042418
v 0.080654 1.127775 -0.034746
v 0.076789 1.126350 -0.035484
v 0.078347 1.127063 -0.037736
v 0.076022 1.125000 -0.037256
v 0.081569 1.125000 -0.040287
v 0.081569 1.108001 -0.040287
v 0.087520 1.108001 -0.042418
v 0.059436 1.108001 -0.018603
v 0.099058 1.127100 -0.042585
v 0.104210 1.125000 -0.043988
v 0.104210 1.108001 -0.043988
v 0.109607 1.108001 -0.043189
v 0.101535 1.125000 -0.040579
v 0.101038 1.127738 -0.040024
v 0.116469 1.108001 -0.041060
v 0.124384 1.108001 -0.040580
v 0.123194 1.108001 -0.042283
v 0.122188 1.108001 -0.046816
v 0.124680 1.108001 -0.043640
v 0.124680 1.096000 -0.043640
v 0.092155 1.089450 -0.043747
v 0.096327 1.089450 -0.044283
v 0.100530 1.089450 -0.044429
v 0.104729 1.089450 -0.044184
v 0.102714 1.137300 -0.007290
v 0.104363 1.060981 -0.006530
v 0.104383 1.137300 -0.006518
v 0.075509 0.984525 0.029765
v 0.074419 0.981239 0.029265
v 0.074152 0.983412 0.033018
v 0.074444 0.986421 0.029265
v 0.075240 0.984955 0.035791
v 0.078748 0.970441 0.029765
v 0.077980 0.989381 0.029765
v 0.077597 0.983532 0.029765
v 0.079066 0.977124 0.029765
v 0.083673 0.969712 0.029765
v 0.079864 0.975070 0.038765
v 0.077980 0.980621 0.038765
v 0.077597 0.986469 0.038765
v 0.086101 0.979726 0.038765
v 0.085098 0.986204 0.038765
v 0.086245 0.990861 0.038765
v 0.085098 0.983798 0.033765
v 0.085483 0.988579 0.033765
v 0.087364 0.992992 0.033765
v 0.086597 0.986141 0.033765
v 0.089016 0.992425 0.033765
v 0.092057 0.997567 0.033765
v 0.096118 0.997677 0.033765
v 0.086983 0.988390 0.038065
v 0.090429 0.994174 0.038065
v 0.096062 0.997862 0.038065
v 0.088202 0.984462 0.038315
v 0.091333 0.993154 0.038315
v 0.098948 0.997032 0.038440
v 0.091915 0.983912 0.038565
v 0.094009 0.990676 0.038565
v 0.099221 0.993359 0.039415
v 0.092089 0.987457 0.040265
v 0.095304 0.992002 0.040265
v 0.093580 0.994379 0.043265
v 0.100000 0.996257 0.043265
v 0.087852 1.006051 0.043265
v 0.110810 0.997489 0.043265
v 0.107692 0.993122 0.043265
v 0.104105 0.992366 0.040265
v 0.107469 0.988587 0.040265
v 0.103866 0.992292 0.038565
v 0.109423 0.991129 0.038315
v 0.108060 0.986775 0.038565
v 0.105768 0.979581 0.038565
v 0.108203 0.983049 0.040265
v 0.110580 0.978892 0.038315
v 0.110466 0.976550 0.038065
v 0.107053 0.973546 0.038065
v 0.102041 0.973428 0.038315
v 0.113068 0.982188 0.038065
v 0.112501 0.980584 0.033765
v 0.113258 0.987274 0.038065
v 0.113258 0.987274 0.033765
v 0.112877 0.992431 0.033765
v 0.114758 0.987399 0.033765
v 0.110745 0.992951 0.033765
v 0.104944 0.997302 0.033765
v 0.110315 0.993329 0.038065
v 0.107948 0.997564 0.033765
v 0.102382 0.999675 0.038765
v 0.108494 0.997305 0.038765
v 0.113068 0.991859 0.038765
v 0.099406 0.999746 0.033765
v 0.097010 0.999650 0.038765
v 0.090667 0.996432 0.038765
v 0.098532 1.007404 0.038765
v 0.092783 1.006261 0.038765
v 0.090070 1.005137 0.029765
v 0.095620 1.007021 0.029765
v 0.086974 1.003183 0.038765
v 0.081332 0.997474 0.038765
v 0.083673 1.000289 0.029765
v 0.075873 0.994030 0.029765
v 0.082867 1.004238 0.029765
v 0.079864 0.994931 0.029765
v 0.078740 0.992217 0.038765
v 0.075873 0.994030 0.027765
v 0.082867 1.004238 0.027765
v 0.094207 1.010008 0.029765
v 0.093031 1.009913 0.027765
v 0.100000 1.010953 0.027765
v 0.106969 1.009913 0.029765
v 0.101469 1.007404 0.029765
v 0.107217 1.006261 0.029765
v 0.104381 1.007021 0.038765
v 0.109931 1.005137 0.038765
v 0.112474 1.003669 0.029765
v 0.115289 1.001328 0.038765
v 0.116881 0.999804 0.029765
v 0.120373 0.994234 0.038765
v 0.122069 0.988647 0.029765
v 0.120137 0.994931 0.029765
v 0.122356 0.984266 0.038765
v 0.114567 0.982633 0.038765
v 0.121261 0.977784 0.038765
v 0.114279 0.980862 0.033765
v 0.111518 0.975601 0.038765
v 0.118668 0.972527 0.038765
v 0.114804 0.968120 0.038765
v 0.106410 0.971493 0.038765
v 0.110720 0.974700 0.033765
v 0.108887 0.974903 0.033765
v 0.104456 0.972399 0.033765
v 0.104031 0.970824 0.033765
v 0.101652 0.970155 0.038765
v 0.097010 0.970351 0.033765
v 0.097888 0.971823 0.033765
v 0.091067 0.973117 0.033765
v 0.092002 0.974186 0.033765
v 0.101274 0.971679 0.038065
v 0.096062 0.972139 0.038065
v 0.092002 0.974186 0.038065
v 0.092148 0.975642 0.038315
v 0.088856 0.977468 0.038065
v 0.086935 0.982182 0.038065
v 0.087919 0.979540 0.033765
v 0.086568 0.978630 0.033765
v 0.088809 0.975086 0.038765
v 0.094767 0.971202 0.038765
v 0.083673 0.969712 0.038765
v 0.088750 0.965515 0.029765
v 0.090070 0.964864 0.038765
v 0.095620 0.962980 0.038765
v 0.092783 0.963740 0.029765
v 0.093031 0.960088 0.029765
v 0.098532 0.962597 0.029765
v 0.100000 0.959048 0.029765
v 0.104381 0.962980 0.029765
v 0.101469 0.962597 0.038765
v 0.107217 0.963740 0.038765
v 0.111250 0.965515 0.038765
v 0.109931 0.964864 0.029765
v 0.108470 0.960558 0.029765
v 0.114804 0.968120 0.029765
v 0.117134 0.965763 0.029765
v 0.124128 0.975971 0.029765
v 0.120890 0.969742 0.027765
v 0.114790 0.963675 0.027765
v 0.118668 0.972527 0.029765
v 0.121261 0.977784 0.029765
v 0.124300 0.984803 0.029765
v 0.122308 0.982064 0.029765
v 0.125556 0.986421 0.029265
v 0.125936 0.983566 0.028765
v 0.124534 0.985942 0.035979
v 0.125516 0.983204 0.035828
v 0.126206 0.983742 0.032144
v 0.126908 0.985112 0.027765
v 0.126894 0.985217 0.031825
v 0.125500 0.982789 0.033119
v 0.152500 0.984522 0.031860
v 0.152500 0.983233 0.032497
v 0.152500 0.982596 0.033786
v 0.152500 0.977491 0.032475
v 0.152500 0.982662 0.027155
v 0.152500 0.991370 0.030587
v 0.154319 0.988881 0.027770
v 0.152500 0.986363 0.032226
v 0.154272 0.980580 0.028231
v 0.153707 0.975741 0.022945
v 0.154399 0.987763 0.022659
v 0.154871 0.982360 0.021191
v 0.153922 0.977082 0.033538
v 0.153828 0.976480 0.039265
v 0.152500 0.977001 0.040659
v 0.152500 0.982691 0.035222
v 0.152414 0.982442 0.041201
v 0.150498 0.970808 0.041265
v 0.151089 1.011876 0.041265
v 0.149619 0.978444 0.041265
v 0.149091 0.977052 0.041265
v 0.147158 0.977004 0.041265
v 0.152269 0.969747 0.039265
v 0.147429 0.962596 0.041265
v 0.146089 0.959860 0.041265
v 0.148960 0.961179 0.039265
v 0.144259 0.953289 0.039265
v 0.149138 0.961476 0.022945
v 0.151896 0.968521 0.022945
v 0.146229 0.956208 0.022945
v 0.144887 0.952716 0.020283
v 0.149482 0.960342 0.020146
v 0.140604 0.948724 0.022945
v 0.138298 0.946302 0.039265
v 0.134754 0.942911 0.022236
v 0.139332 0.945241 0.018765
v 0.133595 0.939527 0.017520
v 0.146116 0.951156 0.015729
v 0.139218 0.943006 0.012175
v 0.144934 0.949344 0.010249
v 0.134082 0.938811 0.010550
v 0.137589 0.942762 0.007896
v 0.126067 0.934407 0.008293
v 0.145189 0.952991 0.007085
v 0.129421 0.938376 0.006899
v 0.139282 0.946573 0.006847
v 0.131260 0.941583 0.006765
v 0.136556 0.946005 0.006765
v 0.142695 0.952844 0.006765
v 0.139773 0.949292 0.012765
v 0.133069 0.943007 0.012765
v 0.122966 0.940169 0.015765
v 0.125387 0.937964 0.012765
v 0.133653 0.947520 0.015765
v 0.135352 0.955645 0.015765
v 0.129356 0.949649 0.015765
v 0.124216 0.945891 0.015765
v 0.140301 0.954647 0.015765
v 0.140144 0.962641 0.015765
v 0.146221 0.964977 0.015765
v 0.145302 0.956633 0.012765
v 0.149491 0.964812 0.012765
v 0.146523 0.958584 0.006765
v 0.149491 0.964812 0.006765
v 0.150367 0.962189 0.006995
v 0.154338 0.975856 0.006995
v 0.152218 0.973588 0.006765
v 0.153302 0.980401 0.006765
v 0.152218 0.973588 0.012765
v 0.153401 0.982701 0.012765
v 0.149290 0.974228 0.015765
v 0.143569 0.970398 0.015765
v 0.150407 0.982830 0.015765
v 0.145511 0.978652 0.015765
v 0.145902 0.982878 0.028265
v 0.144731 0.974480 0.028265
v 0.146000 0.985001 0.015765
v 0.145511 0.991349 0.015765
v 0.150034 0.991496 0.015765
v 0.147039 1.003020 0.015765
v 0.152218 0.996413 0.012765
v 0.153302 0.989600 0.012765
v 0.153401 0.987300 0.006765
v 0.152218 0.996413 0.006765
v 0.154646 0.995252 0.007186
v 0.151238 1.005011 0.006832
v 0.149491 1.005189 0.006765
v 0.145302 1.013368 0.006765
v 0.149491 1.005189 0.012765
v 0.146523 1.011418 0.012765
v 0.142762 1.011778 0.015765
v 0.142695 1.017158 0.012765
v 0.136556 1.023996 0.012765
v 0.139773 1.020709 0.006765
v 0.135232 1.021001 0.015765
v 0.129356 1.020352 0.015765
v 0.135352 1.014356 0.015765
v 0.127691 1.027176 0.015765
v 0.129336 1.029681 0.012765
v 0.121249 1.034046 0.012765
v 0.127117 1.031067 0.005965
v 0.133504 1.026670 0.006754
v 0.141106 1.028322 0.006713
v 0.148434 1.021066 0.006834
v 0.138377 1.032676 0.005598
v 0.149805 1.028745 0.007271
v 0.151422 1.013219 0.008771
v 0.151933 1.029533 0.009457
v 0.144607 1.036823 0.003073
v 0.150513 1.036378 0.005555
v 0.150468 1.043683 -0.002319
v 0.152218 1.044697 0.000802
v 0.144705 1.039637 -0.001857
v 0.137867 1.039742 -0.011558
v 0.128297 1.038869 -0.003296
v 0.131210 1.037664 0.000542
v 0.144705 1.040767 -0.011206
v 0.147713 1.042626 -0.010804
v 0.142178 1.041080 -0.019689
v 0.139365 1.041786 -0.026856
v 0.145133 1.043881 -0.021534
v 0.135394 1.040213 -0.026356
v 0.129389 1.039608 -0.023052
v 0.124496 1.039979 -0.034962
v 0.129680 1.040723 -0.034725
v 0.135292 1.042515 -0.033278
v 0.130136 1.043782 -0.039383
v 0.140972 1.045057 -0.029860
v 0.137614 1.047737 -0.035240
v 0.145048 1.047697 -0.025249
v 0.142400 1.049904 -0.030162
v 0.138563 1.049904 -0.034805
v 0.134115 1.049904 -0.039118
v 0.130671 1.049284 -0.041759
v 0.126184 1.047091 -0.044005
v 0.125697 1.049904 -0.044996
v 0.131999 1.075768 -0.040823
v 0.126894 1.075844 -0.044331
v 0.129992 1.087755 -0.045168
v 0.124953 1.087755 -0.048082
v 0.122527 1.075844 -0.046664
v 0.119888 1.087373 -0.050288
v 0.118857 1.075844 -0.048238
v 0.121952 1.049904 -0.046925
v 0.120062 1.047321 -0.047220
v 0.117054 1.049904 -0.048868
v 0.112594 1.075768 -0.050181
v 0.110297 1.045964 -0.049472
v 0.111229 1.049904 -0.050482
v 0.105134 1.049904 -0.051466
v 0.106173 1.075691 -0.051337
v 0.112213 1.086419 -0.052413
v 0.102558 1.081647 -0.052736
v 0.101114 1.075691 -0.051711
v 0.098057 1.049904 -0.051661
v 0.094981 1.075691 -0.051462
v 0.092145 1.049904 -0.051122
v 0.092063 1.081647 -0.052260
v 0.089973 1.075691 -0.050758
v 0.085699 1.086419 -0.051884
v 0.085610 1.075691 -0.049714
v 0.085564 1.049904 -0.049692
v 0.086317 1.047246 -0.049317
v 0.081143 1.075844 -0.048238
v 0.081639 1.049904 -0.048418
v 0.076466 1.049284 -0.046057
v 0.077042 1.075844 -0.046456
v 0.079682 1.088138 -0.050196
v 0.074395 1.087755 -0.047757
v 0.073106 1.075844 -0.044331
v 0.073193 1.049904 -0.044370
v 0.067477 1.087819 -0.043333
v 0.069366 1.075844 -0.041879
v 0.068658 1.049904 -0.041323
v 0.065438 1.075844 -0.038741
v 0.060531 1.081647 -0.035488
v 0.060355 1.075768 -0.033623
v 0.064178 1.049904 -0.037561
v 0.068953 1.047321 -0.040962
v 0.061933 1.047401 -0.034582
v 0.060120 1.049904 -0.033375
v 0.057601 1.049904 -0.030162
v 0.055649 1.047482 -0.026452
v 0.054687 1.049904 -0.025746
v 0.056572 1.075844 -0.028719
v 0.053461 1.075768 -0.023462
v 0.052668 1.085083 -0.025828
v 0.055963 1.088265 -0.031987
v 0.051481 1.094001 -0.025004
v 0.061369 1.088519 -0.038278
v 0.056534 1.094001 -0.032833
v 0.062615 1.096000 -0.036618
v 0.061118 1.094001 -0.038117
v 0.056129 1.096000 -0.028887
v 0.056364 1.096000 -0.024481
v 0.050253 1.096000 -0.016812
v 0.057262 1.096000 -0.022918
v 0.050649 1.096000 -0.000303
v 0.055456 1.096000 -0.011909
v 0.047239 1.096000 -0.003726
v 0.046553 1.094001 -0.011947
v 0.048554 1.094001 -0.018650
v 0.047545 1.087883 -0.015221
v 0.049533 1.087755 -0.020769
v 0.050619 1.075921 -0.017044
v 0.047638 1.082262 -0.011503
v 0.052731 1.049904 -0.022039
v 0.048863 1.071519 -0.011006
v 0.050099 1.049904 -0.015422
v 0.051310 1.047582 -0.017548
v 0.048198 1.055107 -0.007713
v 0.048673 1.048801 -0.009675
v 0.047669 1.050057 -0.002137
v 0.048023 1.045486 -0.001202
v 0.049910 1.045517 -0.010594
v 0.050939 1.042798 -0.005279
v 0.052401 1.043358 -0.014310
v 0.054307 1.040674 -0.006089
v 0.055484 1.043087 -0.021250
v 0.056726 1.040611 -0.014403
v 0.062256 1.039771 -0.013315
v 0.060879 1.040902 -0.024450
v 0.072310 1.040201 -0.033794
v 0.072829 1.039535 -0.023812
v 0.064572 1.042700 -0.033200
v 0.060065 1.043626 -0.029541
v 0.071666 1.043054 -0.039850
v 0.078062 1.045517 -0.045641
v 0.077648 1.040611 -0.039340
v 0.083886 1.042515 -0.045513
v 0.083499 1.040587 -0.042130
v 0.087502 1.041632 -0.045685
v 0.092384 1.043596 -0.048858
v 0.091350 1.042344 -0.047499
v 0.094685 1.042749 -0.048424
v 0.095535 1.042828 -0.001235
v 0.091096 1.042313 -0.001235
v 0.086709 1.041457 -0.001235
v 0.091716 1.037855 -0.001235
v 0.098850 1.038439 -0.001235
v 0.107144 1.038003 -0.001235
v 0.094261 1.038142 0.012765
v 0.101151 1.038488 0.012765
v 0.100000 1.043001 -0.001235
v 0.108021 1.037846 0.012765
v 0.108627 1.034628 0.015765
v 0.113079 1.036835 0.000778
v 0.114772 1.036421 0.012765
v 0.118620 1.035141 0.003083
v 0.120058 1.031296 0.015765
v 0.122360 1.025144 0.015765
v 0.114603 1.028569 0.015765
v 0.114603 1.028569 0.028265
v 0.122360 1.025144 0.028265
v 0.106349 1.030511 0.015765
v 0.106349 1.030511 0.028265
v 0.097878 1.030903 0.015765
v 0.095669 1.035185 0.015765
v 0.089480 1.029731 0.015765
v 0.086070 1.033493 0.015765
v 0.085243 1.036373 0.012765
v 0.076661 1.033086 0.012765
v 0.077507 1.033478 0.004560
v 0.086310 1.036649 0.001033
v 0.073203 1.037123 0.000998
v 0.081045 1.037827 -0.001235
v 0.078199 1.038747 -0.001235
v 0.077172 1.038316 -0.002363
v 0.082402 1.040266 -0.001235
v 0.081111 1.039833 -0.035717
v 0.078340 1.038803 -0.010588
v 0.061550 1.039411 -0.002994
v 0.056155 1.038623 0.000410
v 0.050536 1.039320 0.002580
v 0.062576 1.035718 0.003585
v 0.055336 1.033173 0.005608
v 0.057042 1.028749 0.006707
v 0.071935 1.030527 0.006211
v 0.049958 1.030785 0.007317
v 0.051219 1.018854 0.006938
v 0.048986 1.018793 0.008234
v 0.048085 1.020384 0.009486
v 0.047614 1.038753 0.007213
v 0.047500 1.052570 0.007753
v 0.047528 1.025028 0.011292
v 0.047484 1.006368 0.017557
v 0.047918 1.009270 0.009140
v 0.046365 1.002937 0.007855
v 0.049235 1.006222 0.006839
v 0.045192 1.001922 0.012817
v 0.045353 0.997678 0.018415
v 0.042624 0.991710 0.012865
v 0.044212 0.996024 0.008212
v 0.045219 0.992834 0.007011
v 0.042500 0.987501 0.014130
v 0.044546 0.987501 0.006889
v 0.046559 0.987501 0.006765
v 0.049687 1.003041 0.006765
v 0.047340 0.994156 0.006765
v 0.047340 0.994156 0.012765
v 0.049687 1.003041 0.012765
v 0.051586 0.998907 0.015765
v 0.056127 1.009913 0.015765
v 0.053520 1.011393 0.012765
v 0.061043 1.017060 0.015765
v 0.058728 1.018965 0.012765
v 0.053520 1.011393 0.006765
v 0.058728 1.018965 0.006765
v 0.065156 1.025532 0.012765
v 0.065745 1.025972 0.006740
v 0.070637 1.029723 0.012765
v 0.075127 1.028802 0.015765
v 0.081440 1.027036 0.015765
v 0.067110 1.023260 0.015765
v 0.074032 1.022910 0.015765
v 0.081440 1.027036 0.028265
v 0.067508 1.017493 0.015765
v 0.074032 1.022910 0.028265
v 0.069010 1.018995 0.028265
v 0.073864 1.020463 0.029765
v 0.088596 1.020463 0.029765
v 0.072430 1.010346 0.029765
v 0.089866 1.028088 0.029765
v 0.061331 1.006539 0.029765
v 0.064649 1.014356 0.028265
v 0.078213 1.015460 0.029765
v 0.082354 1.017933 0.025965
v 0.073155 1.010987 0.025965
v 0.075966 1.009683 0.025965
v 0.084156 1.015496 0.025965
v 0.067819 1.004154 0.025965
v 0.070869 1.003230 0.025965
v 0.069603 1.000796 0.027765
v 0.074651 1.008402 0.027765
v 0.066763 0.994065 0.025965
v 0.064575 0.997148 0.025965
v 0.062837 0.989626 0.025965
v 0.064575 0.997148 0.029765
v 0.067819 1.004154 0.029765
v 0.062837 0.989626 0.029765
v 0.056162 0.991116 0.029765
v 0.055974 0.978859 0.029765
v 0.054099 0.982878 0.028265
v 0.056432 0.999603 0.028265
v 0.054490 0.991349 0.028265
v 0.063116 0.979041 0.029765
v 0.067234 0.967282 0.029765
v 0.062678 0.981907 0.025965
v 0.059509 0.967122 0.029765
v 0.064106 0.974320 0.025965
v 0.067915 0.972455 0.025965
v 0.067058 0.967187 0.025965
v 0.065793 0.983177 0.025965
v 0.065988 0.990480 0.027765
v 0.065939 0.980437 0.027765
v 0.073285 0.985361 0.027765
v 0.069799 0.991479 0.027765
v 0.069096 0.969971 0.027765
v 0.069040 0.976274 0.027765
v 0.070932 0.978598 0.027765
v 0.069314 0.978233 0.027765
v 0.069980 0.978578 0.043265
v 0.068671 0.977258 0.043265
v 0.069314 0.975877 0.043265
v 0.066032 0.977133 0.043265
v 0.066823 0.986676 0.043265
v 0.070742 0.991344 0.043265
v 0.065474 0.989868 0.043265
v 0.066821 0.995817 0.043265
v 0.068952 0.992277 0.043265
v 0.076801 0.985114 0.043265
v 0.091018 0.978217 0.043265
v 0.071890 0.992361 0.043265
v 0.088647 0.984472 0.043265
v 0.071705 0.993884 0.043265
v 0.071949 0.976660 0.043265
v 0.086837 0.964283 0.043265
v 0.074319 0.969247 0.043265
v 0.074319 0.998914 0.043265
v 0.071582 0.978149 0.043265
v 0.071949 0.977450 0.027765
v 0.071067 0.975664 0.027765
v 0.073660 0.970174 0.027765
v 0.078676 0.964811 0.027765
v 0.075873 0.975971 0.027765
v 0.075380 0.961025 0.027765
v 0.076724 0.963574 0.027765
v 0.081110 0.967327 0.027765
v 0.087899 0.962042 0.027765
v 0.085211 0.963675 0.029765
v 0.079711 0.962943 0.027765
v 0.085173 0.958298 0.027765
v 0.077926 0.961769 0.027765
v 0.079386 0.962323 0.043265
v 0.079338 0.964459 0.043265
v 0.077689 0.964882 0.043265
v 0.076818 0.963958 0.043265
v 0.077260 0.962114 0.043265
v 0.074551 0.961166 0.043265
v 0.083189 0.954454 0.043265
v 0.068741 0.969364 0.043265
v 0.071769 0.964379 0.039770
v 0.077400 0.958224 0.039770
v 0.083617 0.954028 0.039770
v 0.076998 0.957025 0.037796
v 0.086271 0.947039 0.037274
v 0.071384 0.957021 0.037265
v 0.068406 0.966821 0.037708
v 0.087260 0.950960 0.037798
v 0.093922 0.948414 0.039649
v 0.091886 0.950972 0.040487
v 0.092904 0.946702 0.037710
v 0.094010 0.942486 0.039461
v 0.088984 0.940840 0.039060
v 0.079126 0.945248 0.037796
v 0.080182 0.943055 0.040017
v 0.083095 0.941919 0.041265
v 0.091887 0.940318 0.041265
v 0.108114 0.940318 0.041265
v 0.105445 0.945047 0.041265
v 0.080000 0.938937 0.041265
v 0.094684 0.946175 0.041265
v 0.102590 0.950229 0.041265
v 0.101673 0.950282 0.043265
v 0.112417 0.952329 0.043265
v 0.113321 0.952774 0.039926
v 0.121645 0.957446 0.039770
v 0.122857 0.956945 0.037796
v 0.110135 0.949239 0.037622
v 0.106088 0.948604 0.039325
v 0.121157 0.957286 0.043265
v 0.122104 0.961690 0.043265
v 0.123252 0.962707 0.043265
v 0.127121 0.962953 0.043265
v 0.127013 0.962684 0.039770
v 0.113164 0.959320 0.043265
v 0.100000 0.964283 0.043265
v 0.120614 0.962057 0.043265
v 0.108713 0.956808 0.043265
v 0.107063 0.956641 0.043265
v 0.119423 0.969247 0.043265
v 0.109585 0.955546 0.043265
v 0.110573 0.953349 0.043265
v 0.120182 0.963710 0.043265
v 0.120826 0.964587 0.027765
v 0.120162 0.962758 0.027765
v 0.121709 0.964943 0.043265
v 0.122476 0.964754 0.027765
v 0.123067 0.964230 0.043265
v 0.123347 0.963491 0.027765
v 0.127655 0.964455 0.027765
v 0.122803 0.962057 0.027765
v 0.126341 0.970174 0.027765
v 0.124952 0.978174 0.027765
v 0.132523 0.974242 0.027765
v 0.129455 0.975416 0.027765
v 0.128086 0.976773 0.027765
v 0.129478 0.978506 0.027765
v 0.129288 0.978578 0.043265
v 0.127979 0.977258 0.043265
v 0.128622 0.975877 0.043265
v 0.130240 0.975512 0.043265
v 0.131257 0.976660 0.043265
v 0.130890 0.975960 0.027765
v 0.132200 0.971624 0.043265
v 0.134519 0.979518 0.043265
v 0.134519 0.979518 0.041265
v 0.131926 0.970643 0.040267
v 0.136620 0.974827 0.041265
v 0.134118 0.973250 0.038993
v 0.131441 0.966821 0.037796
v 0.132762 0.963177 0.037265
v 0.139144 0.972180 0.037606
v 0.140608 0.973461 0.039476
v 0.142941 0.968297 0.039135
v 0.137853 0.961209 0.037738
v 0.139365 0.960695 0.039697
v 0.129919 0.951490 0.037868
v 0.134037 0.953545 0.039689
v 0.118770 0.949437 0.037265
v 0.120262 0.944794 0.037804
v 0.112711 0.941888 0.037804
v 0.106506 0.942812 0.038987
v 0.110117 0.939942 0.039649
v 0.118348 0.942517 0.039691
v 0.114088 0.940813 0.041265
v 0.125020 0.945949 0.041265
v 0.120000 0.938937 0.041265
v 0.110854 0.933869 0.041265
v 0.101095 0.937736 0.041265
v 0.101327 0.935998 0.041265
v 0.100000 0.938103 0.041265
v 0.123295 0.938003 0.041265
v 0.119076 0.934010 0.039265
v 0.127376 0.937940 0.039265
v 0.131628 0.943255 0.041265
v 0.133132 0.941736 0.039265
v 0.141006 0.952419 0.041265
v 0.133623 0.952943 0.041265
v 0.126763 0.947483 0.039222
v 0.140606 0.962796 0.041265
v 0.143641 0.970228 0.041265
v 0.142780 0.972799 0.041265
v 0.146064 1.011876 0.041265
v 0.150581 1.044428 0.041265
v 0.145750 1.009938 0.041265
v 0.145750 1.030001 0.041265
v 0.147481 0.979669 0.041265
v 0.146435 0.978494 0.041265
v 0.146064 1.046076 0.041265
v 0.145239 1.033884 0.041265
v 0.142602 1.049488 0.041265
v 0.141062 1.046441 0.041265
v 0.141461 1.044734 0.041265
v 0.145659 1.031651 0.041265
v 0.145610 1.031928 0.018832
v 0.145131 1.029383 0.017240
v 0.143994 1.035170 0.016582
v 0.144873 1.034957 0.018765
v 0.145750 1.028702 0.021995
v 0.145750 1.018731 0.036837
v 0.145434 1.023368 0.026995
v 0.143467 1.011087 0.037041
v 0.145570 1.011276 0.039421
v 0.144283 1.023688 0.022667
v 0.142190 1.021213 0.023657
v 0.140816 1.027181 0.014598
v 0.133574 1.028792 0.016155
v 0.138475 1.020284 0.024388
v 0.137139 1.031222 0.012937
v 0.133903 1.030380 0.014326
v 0.140957 1.034212 0.013392
v 0.143640 1.029802 0.014708
v 0.126760 1.038181 0.012825
v 0.137167 1.041315 0.012786
v 0.137501 1.044001 0.011623
v 0.142388 1.044108 0.014431
v 0.130070 1.042319 0.012196
v 0.141632 1.042066 0.018173
v 0.143662 1.037621 0.018765
v 0.141282 1.044414 0.020478
v 0.142646 1.044801 0.017331
v 0.139707 1.044923 0.023469
v 0.140444 1.042204 0.023432
v 0.142159 1.039625 0.028942
v 0.139474 1.041325 0.028222
v 0.138483 1.044499 0.025491
v 0.136386 1.043259 0.028468
v 0.136510 1.095501 0.028335
v 0.138898 1.095501 0.024849
v 0.140954 1.095501 0.021157
v 0.135679 1.096000 0.030441
v 0.131488 1.096000 0.043338
v 0.140421 1.096000 0.034842
v 0.126110 1.096000 0.038880
v 0.124450 1.096000 0.042670
v 0.142488 1.096000 0.026520
v 0.142083 1.096000 0.024801
v 0.130822 1.095501 0.034575
v 0.142264 1.096000 0.019426
v 0.133810 1.095501 0.031586
v 0.134047 1.048233 0.031320
v 0.131146 1.053299 0.034258
v 0.130971 1.048550 0.033971
v 0.127628 1.053301 0.037231
v 0.128658 1.052482 0.035307
v 0.106104 1.052500 0.035287
v 0.123745 1.052693 0.039287
v 0.127710 1.050001 0.035265
v 0.114314 1.052500 0.042634
v 0.113078 1.052711 0.044142
v 0.103709 1.052765 0.046028
v 0.092357 1.052500 0.044418
v 0.093067 1.052711 0.045563
v 0.081980 1.052749 0.042319
v 0.074738 1.052721 0.038463
v 0.078961 1.052500 0.037649
v 0.084838 1.052500 0.035269
v 0.081656 1.050001 0.035265
v 0.099685 1.052084 0.035267
v 0.127710 1.048476 0.035522
v 0.081457 1.048215 0.035624
v 0.127710 1.047362 0.036021
v 0.080851 1.046736 0.036491
v 0.079757 1.045863 0.037483
v 0.128421 1.046412 0.036812
v 0.132918 1.045335 0.036470
v 0.128375 1.045055 0.039668
v 0.127710 1.045569 0.037989
v 0.077200 1.045321 0.038511
v 0.072291 1.045061 0.039730
v 0.074217 1.045467 0.038199
v 0.071661 1.046509 0.036675
v 0.073731 1.053299 0.038199
v 0.068726 1.045307 0.037561
v 0.067929 1.044834 0.041265
v 0.066976 1.046807 0.033347
v 0.069537 1.048280 0.034890
v 0.062088 1.041963 0.030203
v 0.059636 1.042559 0.022992
v 0.057743 1.039572 0.027233
v 0.057810 1.039592 0.041265
v 0.061887 1.041718 0.041265
v 0.062193 1.043549 0.026504
v 0.063978 1.043103 0.028962
v 0.063491 1.095501 0.028335
v 0.065758 1.047601 0.031093
v 0.067531 1.049283 0.032986
v 0.066191 1.095501 0.031586
v 0.069179 1.095501 0.034575
v 0.065983 1.096000 0.032523
v 0.065142 1.096000 0.040371
v 0.081013 1.096000 0.042557
v 0.072430 1.095501 0.037274
v 0.059638 1.096000 0.023246
v 0.058009 1.096000 0.026023
v 0.074950 1.096000 0.042670
v 0.074306 1.096000 0.044293
v 0.076128 1.096000 0.044142
v 0.074396 1.085001 0.043999
v 0.075399 1.085001 0.042565
v 0.075726 1.084625 0.043883
v 0.077205 1.096000 0.048467
v 0.090621 1.096000 0.046752
v 0.100000 1.095501 0.046515
v 0.099280 1.096000 0.049561
v 0.092175 1.096000 0.053051
v 0.107784 1.096000 0.046875
v 0.091594 1.095501 0.045736
v 0.095779 1.095501 0.046320
v 0.092744 1.053301 0.045914
v 0.096420 1.053301 0.046370
v 0.100029 1.053301 0.046515
v 0.103610 1.053301 0.046368
v 0.104222 1.095501 0.046320
v 0.105953 1.053301 0.046126
v 0.108407 1.095501 0.045736
v 0.108646 1.053301 0.045690
v 0.113385 1.053301 0.044493
v 0.112520 1.095501 0.044768
v 0.116527 1.095501 0.043425
v 0.115590 1.096000 0.044159
v 0.120393 1.095501 0.041719
v 0.124085 1.095501 0.039662
v 0.123946 1.096000 0.044346
v 0.125702 1.096000 0.044133
v 0.124560 1.084625 0.044136
v 0.123965 1.085001 0.042919
v 0.123840 1.096000 0.048047
v 0.115506 1.096000 0.051396
v 0.132870 1.094001 0.044717
v 0.123687 1.094001 0.050334
v 0.130221 1.087755 0.046521
v 0.120051 1.087883 0.051832
v 0.114969 1.094001 0.053624
v 0.124677 1.087373 0.049707
v 0.118857 1.075844 0.049768
v 0.124611 1.075921 0.047119
v 0.129118 1.075844 0.044454
v 0.126248 1.051001 0.046233
v 0.122186 1.051001 0.048347
v 0.117955 1.051001 0.050099
v 0.123663 1.050001 0.046231
v 0.113587 1.051001 0.051476
v 0.130851 1.049994 0.041994
v 0.131844 1.053000 0.042448
v 0.106689 1.050001 0.051582
v 0.089980 1.050001 0.051143
v 0.078845 1.050001 0.047481
v 0.069150 1.049994 0.041994
v 0.068921 1.049786 0.041560
v 0.067331 1.050538 0.041265
v 0.069890 1.051001 0.043772
v 0.072644 1.075691 0.045549
v 0.066424 1.055001 0.041124
v 0.073753 1.051001 0.046233
v 0.067757 1.075768 0.042150
v 0.062583 1.056443 0.037745
v 0.070926 1.081647 0.045813
v 0.061415 1.075959 0.036291
v 0.063490 1.088075 0.041696
v 0.058520 1.087691 0.036593
v 0.068033 1.088519 0.045459
v 0.064588 1.094001 0.042766
v 0.056731 1.094001 0.034578
v 0.052464 1.087755 0.027988
v 0.051481 1.094001 0.026534
v 0.056129 1.096000 0.030417
v 0.051749 1.096000 0.022576
v 0.056224 1.096000 0.026320
v 0.056746 1.096000 0.024753
v 0.056561 1.084625 0.025588
v 0.057804 1.085001 0.026048
v 0.057281 1.085001 0.024447
v 0.054899 1.096000 0.010852
v 0.054446 1.095501 0.004986
v 0.055029 1.095501 0.009171
v 0.055997 1.095501 0.013285
v 0.057340 1.095501 0.017292
v 0.051378 1.096000 0.001273
v 0.047998 1.096000 0.009682
v 0.053849 1.096000 -0.001369
v 0.059047 1.095501 0.021157
v 0.059835 1.044470 0.022667
v 0.061081 1.045215 0.024812
v 0.058520 1.044702 0.020046
v 0.061103 1.095501 0.024849
v 0.056948 1.044336 0.014496
v 0.057233 1.045001 0.017010
v 0.058539 1.041734 0.016544
v 0.055715 1.034494 0.016557
v 0.059745 1.036062 0.013420
v 0.055751 1.036316 0.018765
v 0.061088 1.041932 0.013547
v 0.062155 1.044001 0.011829
v 0.075153 1.044001 0.010783
v 0.074000 1.044001 -0.013235
v 0.060228 1.044001 -0.012922
v 0.055647 1.044023 0.002510
v 0.071772 1.042392 0.012090
v 0.080501 1.043638 0.010816
v 0.083754 1.040017 0.013115
v 0.068609 1.037643 0.012793
v 0.072782 1.034627 0.014376
v 0.062409 1.028072 0.014086
v 0.059213 1.028472 0.013758
v 0.056161 1.028565 0.015515
v 0.059637 1.019468 0.025376
v 0.062251 1.025323 0.016972
v 0.063250 1.019662 0.026568
v 0.064983 1.027483 0.016458
v 0.066715 1.017704 0.034443
v 0.070892 1.021494 0.034379
v 0.069750 1.031345 0.015921
v 0.075416 1.024702 0.034379
v 0.074620 1.033984 0.016228
v 0.080806 1.027382 0.034596
v 0.079006 1.036118 0.016022
v 0.084260 1.038256 0.015451
v 0.086985 1.029846 0.034379
v 0.086773 1.028455 0.035821
v 0.090658 1.030768 0.034379
v 0.087805 1.039662 0.014496
v 0.098031 1.042454 0.012014
v 0.095228 1.036222 0.024130
v 0.096688 1.030764 0.035488
v 0.101241 1.031679 0.034379
v 0.102682 1.041346 0.013574
v 0.108250 1.041890 0.012372
v 0.107590 1.040631 0.014132
v 0.112538 1.039591 0.014519
v 0.107636 1.031052 0.034379
v 0.106397 1.030055 0.035729
v 0.113016 1.029846 0.034379
v 0.118519 1.026077 0.036075
v 0.117403 1.028351 0.034379
v 0.122367 1.035605 0.015931
v 0.116872 1.037828 0.015614
v 0.123691 1.036350 0.014236
v 0.127655 1.032735 0.016228
v 0.122088 1.026122 0.034379
v 0.126657 1.023338 0.034379
v 0.129627 1.020679 0.034812
v 0.135015 1.013950 0.036030
v 0.127716 1.019308 0.036771
v 0.134933 1.019577 0.029105
v 0.124478 1.018820 0.037253
v 0.112983 1.020179 0.037265
v 0.129938 1.010455 0.037310
v 0.108989 1.026801 0.037124
v 0.095221 1.024805 0.037256
v 0.096118 1.028821 0.036869
v 0.085679 1.024196 0.037173
v 0.077645 1.013121 0.037978
v 0.087297 1.019063 0.037796
v 0.077259 1.022390 0.036898
v 0.071123 1.012490 0.037263
v 0.065710 0.996979 0.037792
v 0.060108 0.993895 0.037265
v 0.071062 1.006967 0.037796
v 0.060640 1.011896 0.035961
v 0.070402 1.018801 0.036089
v 0.056068 1.000630 0.037562
v 0.054496 0.995001 0.039311
v 0.054910 0.993382 0.039333
v 0.059080 0.992293 0.037641
v 0.055542 1.012383 0.037632
v 0.057309 1.019128 0.027102
v 0.054451 1.019092 0.033800
v 0.054526 1.013995 0.039083
v 0.055523 1.021160 0.026970
v 0.054615 1.029046 0.018499
v 0.054331 1.031152 0.019298
v 0.054251 1.023127 0.030441
v 0.054250 1.030001 0.041265
v 0.054256 1.013904 0.040671
v 0.054250 0.995001 0.041265
v 0.053936 1.011876 0.041265
v 0.047500 1.038211 0.041265
v 0.051779 0.979841 0.041265
v 0.053172 0.979313 0.041265
v 0.053622 0.978251 0.041265
v 0.053711 0.960235 0.041265
v 0.047500 1.011875 0.041265
v 0.047500 0.998462 0.039537
v 0.047490 1.001084 0.022429
v 0.047586 0.982827 0.041236
v 0.047500 1.004022 0.020816
v 0.047500 0.993001 0.040659
v 0.047500 0.985001 0.047946
v 0.047500 1.026165 0.047946
v 0.047527 1.038065 0.041265
v 0.050543 1.030503 0.041265
v 0.050500 1.011876 0.041265
v 0.050735 0.979967 0.041265
v 0.048983 1.043020 0.041265
v 0.050500 0.993075 0.041265
v 0.047500 0.985001 0.041265
v 0.047999 0.978155 0.045265
v 0.047999 0.978155 0.041265
v 0.047507 0.984187 0.045265
v 0.051300 0.979416 0.045265
v 0.049015 0.984399 0.052196
v 0.051851 0.984702 0.045265
v 0.053533 0.984804 0.057624
v 0.054863 0.984020 0.045265
v 0.055844 0.983398 0.059359
v 0.057213 0.982015 0.045265
v 0.057730 0.981196 0.060598
v 0.058362 0.979149 0.045265
v 0.053809 0.977433 0.045265
v 0.056341 0.973502 0.045265
v 0.053634 0.972016 0.045265
v 0.051481 0.976176 0.045265
v 0.053318 0.978810 0.041265
v 0.058048 0.976076 0.045265
v 0.058393 0.978760 0.060846
v 0.057892 0.975713 0.060122
v 0.064915 0.979308 0.064640
v 0.055473 0.972871 0.057871
v 0.062063 0.971775 0.061925
v 0.062896 0.964378 0.060538
v 0.068599 0.964378 0.063630
v 0.072260 0.971321 0.066960
v 0.055102 0.967787 0.056234
v 0.059550 0.957868 0.055672
v 0.051085 0.971568 0.052634
v 0.053088 0.965441 0.053238
v 0.050666 0.967381 0.048858
v 0.057352 0.957153 0.053013
v 0.052854 0.962157 0.048858
v 0.049978 0.969229 0.041265
v 0.052419 0.962813 0.041265
v 0.055890 0.956730 0.048402
v 0.061564 0.949675 0.049370
v 0.055260 0.958063 0.041265
v 0.056995 0.954888 0.041265
v 0.061330 0.949566 0.041265
v 0.066254 0.944783 0.041265
v 0.067557 0.947679 0.041265
v 0.062904 0.952227 0.041265
v 0.064309 0.950809 0.049964
v 0.060260 0.955925 0.050466
v 0.057309 0.960206 0.041265
v 0.055141 0.964820 0.041265
v 0.056691 0.961145 0.049801
v 0.057562 0.961561 0.051796
v 0.055146 0.965362 0.050207
v 0.058604 0.970744 0.054942
v 0.055866 0.968520 0.050855
v 0.060235 0.965636 0.055465
v 0.055207 0.967117 0.041265
v 0.057045 0.969997 0.041265
v 0.050820 0.976831 0.041265
v 0.054925 0.987283 0.041265
v 0.058020 0.985513 0.041265
v 0.061329 0.976917 0.041265
v 0.059780 0.973084 0.045983
v 0.060402 0.982524 0.041265
v 0.061345 0.979800 0.041265
v 0.061425 0.977650 0.057442
v 0.061177 0.980526 0.057555
v 0.059025 0.984925 0.057271
v 0.060418 0.982536 0.057040
v 0.061402 0.976430 0.057698
v 0.064507 0.980138 0.061126
v 0.065222 0.971223 0.060152
v 0.070448 0.960287 0.059478
v 0.073258 0.966290 0.062831
v 0.073104 0.977363 0.064981
v 0.080235 0.976467 0.067353
v 0.076293 0.985001 0.066731
v 0.071902 0.985001 0.065054
v 0.067894 0.985001 0.063209
v 0.066273 1.015822 0.062362
v 0.070239 1.013883 0.064313
v 0.064009 0.985001 0.061116
v 0.060568 0.985855 0.058990
v 0.062025 1.018597 0.059914
v 0.057500 1.022053 0.056867
v 0.066261 1.019693 0.062153
v 0.059412 1.028194 0.057563
v 0.062007 1.035817 0.056827
v 0.065646 1.029846 0.060441
v 0.053883 1.025356 0.054047
v 0.051231 1.030529 0.051437
v 0.054380 1.034413 0.052825
v 0.051069 1.032405 0.049872
v 0.057545 1.035979 0.052499
v 0.053642 1.035138 0.050787
v 0.056873 1.035958 0.041265
v 0.052418 1.034083 0.041265
v 0.061876 1.036215 0.055103
v 0.062163 1.036296 0.041265
v 0.052255 1.046912 0.041265
v 0.058503 1.046034 0.041265
v 0.058426 1.049381 0.041265
v 0.060901 1.046831 0.045265
v 0.060796 1.043561 0.045265
v 0.058398 1.044433 0.045265
v 0.061837 1.046552 0.041265
v 0.061837 1.044449 0.041265
v 0.068603 1.041688 0.041265
v 0.065503 1.037812 0.041265
v 0.071523 1.045482 0.041265
v 0.074177 1.046459 0.041265
v 0.072588 1.045774 0.055470
v 0.070022 1.044056 0.055179
v 0.069139 1.041399 0.057347
v 0.067771 1.040104 0.056255
v 0.065080 1.037546 0.056435
v 0.074440 1.044324 0.057677
v 0.074229 1.036634 0.060658
v 0.070144 1.033280 0.061029
v 0.076207 1.027383 0.064020
v 0.084322 1.022283 0.066681
v 0.080042 1.035883 0.061336
v 0.099534 1.022308 0.067153
v 0.100000 1.044682 0.057566
v 0.117533 1.032547 0.062765
v 0.075296 1.045706 0.056794
v 0.124705 1.045715 0.056785
v 0.124705 1.044682 0.057566
v 0.127135 1.045014 0.056734
v 0.132019 1.040426 0.056495
v 0.124756 1.034335 0.061588
v 0.124705 1.046374 0.055671
v 0.130465 1.043490 0.055251
v 0.127457 1.045966 0.054873
v 0.124939 1.046501 0.054807
v 0.135330 1.037172 0.057475
v 0.137600 1.031396 0.058640
v 0.129689 1.032259 0.061379
v 0.135304 1.037331 0.056238
v 0.142637 1.034912 0.054578
v 0.138611 1.036150 0.054802
v 0.143891 1.035847 0.051851
v 0.136094 1.036891 0.041265
v 0.139370 1.036043 0.041265
v 0.145279 1.035535 0.041265
v 0.138804 1.044271 0.041265
v 0.138559 1.044816 0.045265
v 0.131398 1.041688 0.041265
v 0.129327 1.044922 0.041265
v 0.138422 1.046911 0.041265
v 0.142179 1.046430 0.041265
v 0.141837 1.044449 0.045265
v 0.133745 1.038351 0.041265
v 0.139456 1.039046 0.045265
v 0.140901 1.046948 0.045265
v 0.152406 1.039001 0.045265
v 0.150993 1.042706 0.045265
v 0.146505 1.047838 0.045265
v 0.152474 1.038065 0.041265
v 0.150684 1.043416 0.041265
v 0.146505 1.047838 0.041265
v 0.141574 1.049381 0.041265
v 0.141574 1.049381 0.045265
v 0.133500 1.049500 0.045265
v 0.120001 1.049500 0.041265
v 0.077888 1.049500 0.048874
v 0.127555 1.049193 0.050518
v 0.080000 1.049500 0.041265
v 0.080000 1.046501 0.041265
v 0.080000 1.047126 0.041265
v 0.126726 1.046251 0.041265
v 0.120000 1.046501 0.041265
v 0.122112 1.049500 0.048874
v 0.122112 1.049374 0.050683
v 0.122112 1.048848 0.053249
v 0.077888 1.049374 0.050683
v 0.077888 1.048848 0.053249
v 0.072613 1.049358 0.049938
v 0.066500 1.049480 0.046319
v 0.072489 1.048432 0.053763
v 0.066492 1.047204 0.054319
v 0.065949 1.043027 0.059424
v 0.071549 1.045232 0.058468
v 0.066454 1.044956 0.045265
v 0.065538 1.042192 0.045265
v 0.063888 1.040396 0.060305
v 0.063309 1.039963 0.045265
v 0.061055 1.039135 0.059761
v 0.060545 1.039046 0.045265
v 0.047595 1.039001 0.045265
v 0.051993 1.039001 0.053612
v 0.047516 1.034952 0.047363
v 0.048577 1.032730 0.051609
v 0.055580 1.034616 0.057976
v 0.051185 1.031302 0.055326
v 0.055370 1.026769 0.058817
v 0.050615 1.026037 0.055150
v 0.053351 1.024010 0.057492
v 0.057603 1.020622 0.060601
v 0.050491 0.985001 0.055047
v 0.049041 0.985001 0.053252
v 0.048110 0.985001 0.051380
v 0.049008 1.026165 0.053198
v 0.048091 1.026165 0.051330
v 0.047678 1.026165 0.049742
v 0.047694 0.985001 0.049820
v 0.062334 1.018834 0.063528
v 0.057974 0.985001 0.060859
v 0.063388 0.985001 0.064220
v 0.067222 1.014537 0.066190
v 0.067857 0.985001 0.066508
v 0.074465 0.983102 0.069213
v 0.071560 1.013988 0.068070
v 0.077307 1.015004 0.069939
v 0.063259 1.026590 0.063299
v 0.077680 1.010070 0.070348
v 0.071049 1.024241 0.066680
v 0.080590 1.021613 0.069451
v 0.063785 1.035090 0.061805
v 0.071494 1.034486 0.064153
v 0.079889 1.032686 0.065845
v 0.068363 1.041049 0.061197
v 0.075605 1.042634 0.061309
v 0.077888 1.043957 0.060495
v 0.078376 1.039517 0.063044
v 0.077888 1.041769 0.061979
v 0.122112 1.040799 0.062481
v 0.122112 1.042899 0.061285
v 0.122112 1.045010 0.059544
v 0.127457 1.043717 0.060135
v 0.133504 1.047299 0.053894
v 0.133955 1.043259 0.059282
v 0.132838 1.041040 0.060927
v 0.125367 1.039149 0.062975
v 0.128161 1.047124 0.056169
v 0.122112 1.048160 0.055069
v 0.122112 1.047102 0.056979
v 0.077888 1.047698 0.055929
v 0.077888 1.046021 0.058451
v 0.120658 1.037799 0.063780
v 0.107732 1.024277 0.069536
v 0.116248 1.027455 0.068081
v 0.127412 1.032448 0.064940
v 0.136074 1.035612 0.061759
v 0.133623 1.024511 0.064984
v 0.125632 1.022344 0.067988
v 0.119169 1.021387 0.069613
v 0.107471 1.016862 0.072023
v 0.113081 1.012175 0.072215
v 0.110141 1.007079 0.073041
v 0.101249 1.009738 0.073490
v 0.117399 1.008947 0.071690
v 0.123008 1.010775 0.070107
v 0.127845 1.016889 0.068107
v 0.121518 0.985001 0.070594
v 0.128653 1.012841 0.068044
v 0.128605 0.985001 0.068055
v 0.135722 0.978837 0.064303
v 0.134908 0.985001 0.065128
v 0.128117 0.978366 0.067879
v 0.132584 1.014408 0.066308
v 0.136416 1.017883 0.064274
v 0.142873 1.024884 0.060003
v 0.140954 1.019546 0.061589
v 0.139759 0.985001 0.062330
v 0.144401 0.985001 0.059199
v 0.143038 0.982322 0.060122
v 0.142788 0.982015 0.045265
v 0.145138 0.984020 0.045265
v 0.145311 0.984119 0.058519
v 0.141716 0.979531 0.060846
v 0.141845 0.976446 0.060409
v 0.141639 0.979149 0.045265
v 0.141953 0.976076 0.045265
v 0.146163 0.978727 0.045265
v 0.143659 0.973502 0.045265
v 0.149374 0.978810 0.045265
v 0.148150 0.984702 0.045265
v 0.147537 0.976176 0.045265
v 0.146062 0.977833 0.041265
v 0.148548 0.980104 0.041265
v 0.148802 0.976746 0.041265
v 0.143899 0.986707 0.041265
v 0.151754 0.977037 0.041265
v 0.148530 0.990192 0.041265
v 0.152500 0.985001 0.041265
v 0.152494 0.984187 0.045265
v 0.149500 0.993075 0.041265
v 0.152500 0.985001 0.047946
v 0.152500 1.028322 0.047849
v 0.152500 1.011876 0.041265
v 0.152500 0.993001 0.040659
v 0.152500 0.998462 0.039537
v 0.152500 1.001935 0.022038
v 0.149500 1.011876 0.041265
v 0.152500 1.038001 0.041265
v 0.152500 1.038001 0.036083
v 0.152165 1.040618 0.041265
v 0.152442 1.039253 0.036509
v 0.151974 1.041828 0.037214
v 0.152500 1.075498 0.000765
v 0.152398 1.074019 0.004210
v 0.151963 1.071949 0.008942
v 0.152925 1.079213 0.005885
v 0.151106 1.072357 0.012731
v 0.150258 1.076074 0.015763
v 0.153548 1.081571 -0.002650
v 0.153209 1.087755 0.014020
v 0.154832 1.088519 -0.002439
v 0.154526 1.088647 0.007307
v 0.154827 1.094001 0.004261
v 0.153607 1.094001 0.012915
v 0.151400 1.094001 0.020162
v 0.151244 1.096000 0.014108
v 0.152762 1.096000 0.004131
v 0.151908 1.096000 -0.009272
v 0.146217 1.096000 0.013140
v 0.150452 1.096000 0.000265
v 0.149630 1.096000 0.001832
v 0.154629 1.094001 -0.005055
v 0.154116 1.088775 -0.008810
v 0.152860 1.094001 -0.014204
v 0.152441 1.087755 -0.015296
v 0.149570 1.094001 -0.022922
v 0.146706 1.096000 -0.024012
v 0.142476 1.096000 -0.025122
v 0.145679 1.096000 -0.010148
v 0.143882 1.096000 -0.024028
v 0.138936 1.096000 -0.035000
v 0.144854 1.094001 -0.030958
v 0.145936 1.088010 -0.029226
v 0.140498 1.094001 -0.036432
v 0.141213 1.086739 -0.035005
v 0.139506 1.075844 -0.033798
v 0.135706 1.075691 -0.037697
v 0.135641 1.085943 -0.040377
v 0.143429 1.075844 -0.028719
v 0.135413 1.094001 -0.041237
v 0.127805 1.094001 -0.046617
v 0.131488 1.096000 -0.041809
v 0.119673 1.096000 -0.048192
v 0.135963 1.096000 -0.029194
v 0.125511 1.096000 -0.042664
v 0.125440 1.096000 -0.041104
v 0.126378 1.096000 -0.036812
v 0.123894 1.096000 -0.042149
v 0.124369 1.085001 -0.041098
v 0.125288 1.084625 -0.041896
v 0.124235 1.085001 -0.042783
v 0.112674 1.096000 -0.043779
v 0.116527 1.095501 -0.041896
v 0.112520 1.095501 -0.043239
v 0.108407 1.095501 -0.044206
v 0.104222 1.095501 -0.044790
v 0.102240 1.096000 -0.051949
v 0.097727 1.096000 -0.045160
v 0.100726 1.096000 -0.049230
v 0.100690 1.085001 -0.047736
v 0.099619 1.096000 -0.047730
v 0.100042 1.084813 -0.049428
v 0.098921 1.096000 -0.049137
v 0.084551 1.096000 -0.049684
v 0.099214 1.085001 -0.048095
v 0.074231 1.094001 -0.047755
v 0.083937 1.094001 -0.051682
v 0.094175 1.094001 -0.053913
v 0.086507 1.096000 -0.043740
v 0.072237 1.096000 -0.044325
v 0.074207 1.096000 -0.042360
v 0.075976 1.096000 -0.042598
v 0.066402 1.094001 -0.042702
v 0.076325 1.085001 -0.041689
v 0.075257 1.096000 -0.040952
v 0.075399 1.085001 -0.043171
v 0.077519 1.096000 -0.039597
v 0.066418 1.096000 -0.031357
v 0.079608 1.095501 -0.040189
v 0.075916 1.095501 -0.038132
v 0.072430 1.095501 -0.035744
v 0.069691 1.053301 -0.033498
v 0.069179 1.095501 -0.033045
v 0.072470 1.053301 -0.035775
v 0.075425 1.053301 -0.037820
v 0.070674 1.052787 -0.033964
v 0.063324 1.052730 -0.025794
v 0.070219 1.052500 -0.032817
v 0.080655 1.052711 -0.040088
v 0.068020 1.053301 -0.031951
v 0.066081 1.053301 -0.029935
v 0.066191 1.095501 -0.030057
v 0.063491 1.095501 -0.026806
v 0.061103 1.095501 -0.023319
v 0.063043 1.053301 -0.026171
v 0.060034 1.053301 -0.021425
v 0.058188 1.052665 -0.015092
v 0.057573 1.053301 -0.016305
v 0.059047 1.095501 -0.019628
v 0.057340 1.095501 -0.015762
v 0.059638 1.096000 -0.021717
v 0.058084 1.096000 -0.024485
v 0.056692 1.085001 -0.024720
v 0.058280 1.085001 -0.023922
v 0.056973 1.084625 -0.023473
v 0.056008 1.053301 -0.011793
v 0.055997 1.095501 -0.011755
v 0.055440 1.053298 -0.009601
v 0.055029 1.095501 -0.007642
v 0.054446 1.095501 -0.003456
v 0.055166 1.045001 -0.008303
v 0.054688 1.045001 -0.005548
v 0.055596 1.044351 -0.007185
v 0.054415 1.045001 -0.003096
v 0.054277 1.045001 0.001674
v 0.054250 1.095501 0.000765
v 0.054842 1.044471 0.006415
v 0.054484 1.045001 0.005364
v 0.055228 1.045001 0.010086
v 0.056109 1.045001 0.013666
v 0.060144 1.044259 -0.013548
v 0.056186 1.048923 -0.011376
v 0.059511 1.052503 -0.014231
v 0.061283 1.045001 -0.014235
v 0.074000 1.045001 -0.014235
v 0.074000 1.052500 -0.014235
v 0.076951 1.052500 -0.013326
v 0.083556 1.052500 -0.040705
v 0.075550 1.044657 -0.013800
v 0.078888 1.044591 -0.010651
v 0.070821 1.044402 -0.013969
v 0.079963 1.047729 -0.005852
v 0.079155 1.048501 -0.011266
v 0.079754 1.044497 -0.008235
v 0.079000 1.044001 -0.008235
v 0.080098 1.044397 0.009852
v 0.079997 1.045098 0.006354
v 0.119622 1.043530 0.010904
v 0.080615 1.045003 0.008352
v 0.119386 1.044783 0.009052
v 0.119386 1.045165 0.007773
v 0.120216 1.044531 0.008531
v 0.118670 1.045251 0.003561
v 0.120000 1.047488 -0.003465
v 0.120198 1.044398 -0.013219
v 0.118801 1.045375 -0.000233
v 0.124694 1.044001 0.010772
v 0.120800 1.044001 -0.013219
v 0.121794 1.044103 -0.016319
v 0.135646 1.044001 -0.023120
v 0.133317 1.044526 -0.025559
v 0.126260 1.044320 -0.020991
v 0.138293 1.044291 -0.023457
v 0.143095 1.044001 -0.005378
v 0.142264 1.044212 -0.015464
v 0.141493 1.044801 -0.018456
v 0.142909 1.044801 -0.015092
v 0.144025 1.044801 -0.011681
v 0.145088 1.044254 -0.000500
v 0.144862 1.044801 -0.008192
v 0.145272 1.044801 -0.005836
v 0.144971 1.095501 -0.007642
v 0.144004 1.095501 -0.011755
v 0.145555 1.095501 -0.003456
v 0.145579 1.044801 -0.003180
v 0.145748 1.044801 0.000405
v 0.145750 1.095501 0.000765
v 0.145573 1.096000 0.007086
v 0.144004 1.095501 0.013285
v 0.144971 1.095501 0.009171
v 0.145555 1.095501 0.004986
v 0.145000 1.044801 0.009015
v 0.145506 1.044801 0.005462
v 0.145696 1.044801 0.002996
v 0.144413 1.044801 0.011745
v 0.143808 1.044801 0.013936
v 0.142661 1.095501 0.017292
v 0.142661 1.095501 -0.015762
v 0.140954 1.095501 -0.019628
v 0.142264 1.096000 -0.017896
v 0.142420 1.096000 -0.023254
v 0.138898 1.095501 -0.023319
v 0.138989 1.053299 -0.023171
v 0.136510 1.095501 -0.026806
v 0.137833 1.053301 -0.024959
v 0.133242 1.052749 -0.030002
v 0.136300 1.053301 -0.027079
v 0.133080 1.053301 -0.030809
v 0.133810 1.095501 -0.030057
v 0.130822 1.095501 -0.033045
v 0.130404 1.053301 -0.033417
v 0.127629 1.053301 -0.035700
v 0.127571 1.095501 -0.035744
v 0.124085 1.095501 -0.038132
v 0.123717 1.053301 -0.038338
v 0.120266 1.053301 -0.040251
v 0.120393 1.095501 -0.040189
v 0.122198 1.052749 -0.038688
v 0.111022 1.052711 -0.043236
v 0.115773 1.052500 -0.041302
v 0.128037 1.052500 -0.033737
v 0.115826 1.053301 -0.042142
v 0.112177 1.053301 -0.043333
v 0.107354 1.053301 -0.044370
v 0.101589 1.052711 -0.044514
v 0.103653 1.053301 -0.044835
v 0.100063 1.053301 -0.044985
v 0.095345 1.053301 -0.044731
v 0.100000 1.095501 -0.044985
v 0.095779 1.095501 -0.044790
v 0.091594 1.095501 -0.044206
v 0.087480 1.095501 -0.043239
v 0.091444 1.053301 -0.044178
v 0.086756 1.053301 -0.043007
v 0.092090 1.052711 -0.043900
v 0.101021 1.052500 -0.043860
v 0.104285 1.052500 -0.023225
v 0.094518 1.052500 -0.022871
v 0.085593 1.052500 -0.018890
v 0.083263 1.048501 -0.016948
v 0.079706 1.052500 -0.013025
v 0.088774 1.048501 -0.020958
v 0.094476 1.048501 -0.023055
v 0.102788 1.048501 -0.023445
v 0.091822 1.048501 -0.015506
v 0.109405 1.048501 -0.021807
v 0.102756 1.048501 -0.016842
v 0.094150 1.047078 -0.015280
v 0.103095 1.047063 -0.015977
v 0.109016 1.046486 -0.012674
v 0.114536 1.048501 -0.010110
v 0.116384 1.048501 -0.017275
v 0.120001 1.048501 -0.013301
v 0.119425 1.052500 -0.015118
v 0.112136 1.052500 -0.020464
v 0.121279 1.052500 -0.017061
v 0.130715 1.052501 -0.025017
v 0.134925 1.052500 -0.025773
v 0.137792 1.050711 -0.024363
v 0.136348 1.044801 -0.025273
v 0.139429 1.044801 -0.022440
v 0.113953 1.046077 -0.006615
v 0.112725 1.045251 -0.004034
v 0.098993 1.045613 -0.013720
v 0.093437 1.045285 -0.010103
v 0.080615 1.045251 0.006765
v 0.083772 1.045251 -0.000995
v 0.084397 1.046068 -0.004987
v 0.083874 1.048501 -0.008313
v 0.088987 1.046693 -0.011614
v 0.083132 1.053301 -0.041760
v 0.083474 1.095501 -0.041896
v 0.078654 1.053301 -0.039677
v 0.143847 1.085001 -0.023545
v 0.142489 1.084625 -0.023606
v 0.142502 1.085001 -0.024925
v 0.074566 1.084813 -0.041997
v 0.094183 1.088519 -0.053838
v 0.101166 1.094001 -0.054161
v 0.104364 1.088647 -0.053937
v 0.110432 1.094001 -0.053174
v 0.119398 1.094001 -0.050635
v 0.145314 1.049904 -0.025746
v 0.145487 1.075997 -0.025497
v 0.147269 1.049904 -0.022039
v 0.149296 1.087564 -0.023110
v 0.147429 1.075844 -0.021761
v 0.149305 1.049904 -0.017272
v 0.149003 1.075844 -0.018092
v 0.150599 1.049904 -0.013173
v 0.150430 1.075844 -0.013853
v 0.151611 1.075691 -0.008681
v 0.152965 1.081647 -0.007739
v 0.152306 1.075691 -0.003749
v 0.152239 1.049859 -0.004446
v 0.152472 1.047220 0.000109
v 0.152500 1.040233 0.007402
v 0.152500 1.031740 0.011487
v 0.152440 1.019374 0.011187
v 0.152500 1.008359 0.016574
v 0.155057 0.999268 0.016624
v 0.154360 1.003489 0.012419
v 0.152989 0.999795 0.021112
v 0.153187 0.996731 0.022945
v 0.155862 0.991784 0.018006
v 0.157350 0.982853 0.013952
v 0.156628 0.994741 0.012175
v 0.157316 0.988165 0.010550
v 0.156906 0.979458 0.008676
v 0.155957 0.997283 0.008926
v 0.156309 0.986098 0.007499
v 0.152825 1.006148 0.008225
v 0.156472 0.975002 0.011572
v 0.155512 0.971678 0.008425
v 0.153255 0.964551 0.008425
v 0.153855 0.964930 0.012175
v 0.149504 0.956201 0.009697
v 0.151697 0.960081 0.013952
v 0.155249 0.970179 0.015729
v 0.152825 0.968730 0.020283
v 0.155014 0.977075 0.019524
v 0.153030 0.997449 0.039253
v 0.153921 0.992924 0.036143
v 0.151527 1.049284 -0.008933
v 0.149339 1.047321 -0.015689
v 0.150526 1.045517 -0.008684
v 0.148733 1.096000 0.000269
v 0.148527 1.085001 0.001049
v 0.149575 1.084625 0.000231
v 0.150452 1.085001 0.001264
v 0.143785 1.096000 0.025082
v 0.146706 1.096000 0.025541
v 0.146887 1.094001 0.029292
v 0.141614 1.087819 0.036421
v 0.140461 1.094001 0.037928
v 0.146556 1.087755 0.029770
v 0.149274 1.087437 0.024712
v 0.144812 1.075997 0.028101
v 0.147702 1.076074 0.022718
v 0.151826 1.087755 0.018769
v 0.148992 1.068948 0.019570
v 0.145743 1.065392 0.026483
v 0.150095 1.067637 0.018049
v 0.149161 1.051684 0.034511
v 0.140537 1.062259 0.034141
v 0.145896 1.060905 0.029297
v 0.147694 1.048328 0.039615
v 0.143396 1.054267 0.036696
v 0.137999 1.052232 0.039656
v 0.136446 1.055615 0.038629
v 0.136942 1.075997 0.038101
v 0.133168 1.075844 0.041448
v 0.133778 1.052049 0.041265
v 0.138732 1.046258 0.041265
v 0.130985 1.049646 0.041457
v 0.131217 1.049638 0.041265
v 0.100000 1.046076 0.041265
v 0.069390 1.049273 0.041271
v 0.061556 1.045884 0.041265
v 0.100000 1.045001 0.041265
v 0.061015 1.044368 0.041265
v 0.059992 1.047021 0.041265
v 0.061425 1.046032 0.027265
v 0.059807 1.047091 0.027265
v 0.060699 1.044150 0.027265
v 0.060000 1.045501 0.026273
v 0.058478 1.045774 0.027265
v 0.059090 1.044182 0.027265
v 0.058576 1.045451 0.041265
v 0.059415 1.043958 0.041265
v 0.056049 1.037031 0.041265
v 0.054552 1.032768 0.041265
v 0.056780 1.049273 0.041265
v 0.051431 1.047617 0.039325
v 0.048628 1.042523 0.041265
v 0.055452 1.050544 0.039769
v 0.060565 1.052937 0.038697
v 0.064901 1.053222 0.040413
v 0.055139 1.059954 0.030635
v 0.058518 1.060755 0.033051
v 0.056502 1.063790 0.030050
v 0.052760 1.066474 0.023923
v 0.049932 1.056686 0.028333
v 0.052688 1.056759 0.031940
v 0.050007 1.069781 0.016865
v 0.052070 1.076074 0.022210
v 0.055383 1.075997 0.028356
v 0.049853 1.076093 0.016313
v 0.047919 1.087755 0.017855
v 0.046224 1.084633 0.009048
v 0.045640 1.088903 0.008461
v 0.047244 1.094001 0.016006
v 0.045217 1.094001 0.004550
v 0.045285 1.094001 -0.004478
v 0.045047 1.084581 -0.002466
v 0.045000 1.072822 0.008047
v 0.045000 1.078059 -0.006735
v 0.045737 1.086593 -0.006574
v 0.045000 1.076501 -0.001735
v 0.045000 1.078384 -0.000494
v 0.045000 1.077998 0.002601
v 0.046826 1.078682 -0.007610
v 0.046141 1.067352 -0.006842
v 0.047826 1.067299 -0.007888
v 0.047095 1.057943 -0.007098
v 0.045000 1.055749 -0.004672
v 0.046099 1.054338 -0.004047
v 0.046583 1.053148 0.003727
v 0.046365 1.056858 0.008364
v 0.045000 1.055736 0.005944
v 0.045000 1.061501 0.003265
v 0.045000 1.059810 0.001054
v 0.045000 1.059000 -0.006735
v 0.045000 1.061501 -0.001735
v 0.050500 1.061501 0.003265
v 0.050500 1.059641 0.000884
v 0.050500 1.061501 -0.001735
v 0.050500 1.076501 -0.001735
v 0.050500 1.078056 0.000935
v 0.050500 1.076501 0.003265
v 0.045000 1.076501 0.003265
v 0.047500 1.057493 0.010904
v 0.046931 1.066196 0.009493
v 0.047523 1.065186 0.011173
v 0.047860 1.069143 0.010737
v 0.047636 1.075495 0.010079
v 0.048649 1.070200 0.012792
v 0.048424 1.042986 0.037731
v 0.047728 1.040491 0.036762
v 0.047500 1.038001 0.036083
v 0.132072 1.044834 0.041265
v 0.137671 1.041834 0.041265
v 0.139195 1.044333 0.041265
v 0.140938 1.044143 0.041265
v 0.138478 1.045774 0.027265
v 0.139829 1.044092 0.027265
v 0.141166 1.040379 0.041265
v 0.143035 1.038583 0.041265
v 0.144486 1.036029 0.041265
v 0.141556 1.045117 0.027265
v 0.140000 1.045501 0.026273
v 0.140503 1.046827 0.027265
v 0.137053 1.042249 0.030062
v 0.135390 1.086419 0.042299
v 0.140656 1.075997 0.033949
v 0.150888 1.044430 0.038418
v 0.151187 1.069831 0.013573
v 0.142033 1.085001 0.025148
v 0.142891 1.084813 0.026207
v 0.143558 1.085001 0.024516
v 0.149500 1.030001 0.041265
v 0.149500 0.993075 0.049743
v 0.149500 1.027619 0.049743
v 0.149255 1.027619 0.050835
v 0.148978 1.031256 0.050409
v 0.148718 1.032701 0.041265
v 0.147426 1.034449 0.050399
v 0.144092 1.027985 0.055398
v 0.148521 1.027675 0.051960
v 0.148554 0.992792 0.051921
v 0.145670 1.025234 0.054409
v 0.142189 1.021791 0.057098
v 0.145472 0.989863 0.054551
v 0.141637 0.985672 0.057013
v 0.140586 0.986722 0.058231
v 0.148705 0.990990 0.050759
v 0.149246 0.993075 0.050873
v 0.146028 0.987825 0.051614
v 0.141781 0.985408 0.055534
v 0.139921 0.983073 0.056757
v 0.140637 0.984140 0.041265
v 0.142955 0.969997 0.041265
v 0.138808 0.975961 0.041265
v 0.138596 0.978837 0.041265
v 0.139965 0.973321 0.041265
v 0.139162 0.981663 0.041265
v 0.138788 0.980321 0.057717
v 0.138583 0.977528 0.057361
v 0.140162 0.972804 0.055772
v 0.134998 0.978732 0.061243
v 0.136434 0.968023 0.058346
v 0.135989 0.985001 0.061118
v 0.132104 0.985001 0.063211
v 0.127868 0.982749 0.065031
v 0.128093 0.972451 0.063759
v 0.119810 0.977807 0.067516
v 0.118020 0.967608 0.066153
v 0.125846 0.965423 0.063002
v 0.126641 0.956934 0.059371
v 0.131757 0.961979 0.059091
v 0.139968 0.960716 0.053364
v 0.133442 0.955275 0.055121
v 0.130031 0.947547 0.052057
v 0.137332 0.953327 0.051190
v 0.141255 0.957713 0.049743
v 0.143590 0.961866 0.050256
v 0.137867 0.953153 0.049743
v 0.133379 0.948473 0.049743
v 0.129049 0.944979 0.041265
v 0.126031 0.943064 0.049743
v 0.134082 0.949103 0.041265
v 0.135435 0.946330 0.041265
v 0.141612 0.953071 0.041265
v 0.138461 0.953915 0.041265
v 0.143297 0.961106 0.041265
v 0.144531 0.957713 0.041265
v 0.148458 0.964929 0.041265
v 0.145318 0.958834 0.048555
v 0.138882 0.950876 0.051528
v 0.148751 0.965929 0.049011
v 0.144098 0.958977 0.052467
v 0.139285 0.950358 0.048708
v 0.132246 0.944358 0.050934
v 0.132498 0.943831 0.047946
v 0.128182 0.940765 0.041265
v 0.125170 0.939588 0.050934
v 0.124709 0.938735 0.047946
v 0.122188 0.937419 0.041265
v 0.118012 0.936644 0.051716
v 0.116728 0.935308 0.048402
v 0.110863 0.933952 0.049440
v 0.114655 0.934730 0.041265
v 0.100491 0.934645 0.041265
v 0.106500 0.932930 0.046942
v 0.101144 0.932651 0.041265
v 0.112223 0.937960 0.041265
v 0.115061 0.937899 0.041265
v 0.101837 0.937318 0.041265
v 0.100702 0.937945 0.045265
v 0.100796 0.934561 0.045265
v 0.098756 0.937994 0.041265
v 0.104515 0.944806 0.041265
v 0.108534 0.940833 0.041265
v 0.106963 0.942760 0.054067
v 0.110453 0.938840 0.050958
v 0.113661 0.939950 0.052837
v 0.113163 0.937798 0.049979
v 0.106400 0.943961 0.056977
v 0.096532 0.947852 0.060217
v 0.108739 0.948100 0.059802
v 0.103734 0.945204 0.056937
v 0.100396 0.945979 0.057782
v 0.101880 0.945813 0.041265
v 0.099061 0.945907 0.041265
v 0.097305 0.945552 0.057260
v 0.095486 0.944806 0.041265
v 0.093097 0.943324 0.055488
v 0.090487 0.946023 0.058499
v 0.090555 0.939853 0.051510
v 0.088369 0.939647 0.052941
v 0.091467 0.940833 0.041265
v 0.097848 0.936043 0.041265
v 0.088525 0.938154 0.041265
v 0.086259 0.937770 0.041265
v 0.086751 0.937792 0.049992
v 0.080951 0.939457 0.049954
v 0.079282 0.940918 0.051487
v 0.081388 0.939274 0.041265
v 0.073733 0.943070 0.049743
v 0.072708 0.943704 0.041265
v 0.069929 0.946850 0.051521
v 0.068474 0.946864 0.049743
v 0.076565 0.946577 0.054869
v 0.068474 0.952703 0.054707
v 0.075812 0.953633 0.058867
v 0.062945 0.958594 0.054509
v 0.080848 0.956934 0.062107
v 0.082016 0.948868 0.058303
v 0.084808 0.943555 0.055576
v 0.089792 0.952832 0.062294
v 0.098366 0.952030 0.062705
v 0.094881 0.958594 0.065505
v 0.087565 0.960287 0.065145
v 0.091140 0.967169 0.067841
v 0.081629 0.966301 0.065739
v 0.087323 0.976467 0.069010
v 0.090748 0.985001 0.070147
v 0.084143 0.985001 0.068959
v 0.093613 0.978704 0.070124
v 0.100904 0.971560 0.069413
v 0.102284 0.978478 0.070293
v 0.096875 0.985001 0.070695
v 0.095737 1.007522 0.070557
v 0.100700 0.995658 0.070754
v 0.106858 1.006681 0.070420
v 0.105323 0.985001 0.070533
v 0.105075 1.011570 0.070131
v 0.111297 1.008572 0.069782
v 0.095403 1.016447 0.069135
v 0.117705 1.016978 0.067684
v 0.107452 1.018415 0.068484
v 0.118160 1.024650 0.065667
v 0.127949 1.023192 0.063976
v 0.121507 1.012989 0.067266
v 0.129771 1.015439 0.064225
v 0.137104 1.022680 0.060174
v 0.133500 1.015771 0.062477
v 0.137913 1.018548 0.059958
v 0.125778 1.011723 0.065976
v 0.121192 1.009932 0.067555
v 0.123703 0.985001 0.066733
v 0.118007 0.985001 0.068477
v 0.115918 1.008327 0.068969
v 0.113240 0.985001 0.069521
v 0.111555 0.976467 0.069177
v 0.108865 0.967157 0.067930
v 0.110729 0.960714 0.065577
v 0.101311 0.963701 0.067439
v 0.103768 0.956096 0.064529
v 0.113037 0.952832 0.061783
v 0.119283 0.952030 0.059728
v 0.118531 0.958594 0.063085
v 0.121396 0.947155 0.055967
v 0.120519 0.941046 0.051607
v 0.117677 0.938813 0.049745
v 0.121617 0.940523 0.041265
v 0.089512 1.016067 0.068923
v 0.083404 1.011869 0.068554
v 0.074890 1.013125 0.066147
v 0.074230 1.021014 0.065012
v 0.080537 1.009342 0.068074
v 0.085723 1.007956 0.069315
v 0.090690 1.006996 0.070143
v 0.071819 0.940765 0.041265
v 0.068673 0.943060 0.048858
v 0.076623 0.938161 0.048858
v 0.077813 0.937419 0.041265
v 0.082044 0.935667 0.041265
v 0.086172 0.934570 0.048858
v 0.088648 0.933794 0.041265
v 0.094463 0.932802 0.045265
v 0.102288 0.932600 0.045265
v 0.098135 0.936024 0.045265
v 0.093500 0.934186 0.051923
v 0.093595 0.937278 0.045265
v 0.093850 0.938414 0.057208
v 0.094690 0.940166 0.045265
v 0.095443 0.941051 0.059359
v 0.097002 0.942214 0.045265
v 0.100000 0.942953 0.045265
v 0.097885 0.942612 0.060598
v 0.097544 0.946152 0.062793
v 0.100389 0.942930 0.060846
v 0.102999 0.942214 0.045265
v 0.103337 0.942009 0.060122
v 0.105376 0.947020 0.063053
v 0.112176 0.937632 0.055417
v 0.097832 0.953281 0.066552
v 0.109822 0.957192 0.067633
v 0.116334 0.950713 0.063295
v 0.113967 0.943747 0.059710
v 0.105815 0.939218 0.057871
v 0.106495 0.934869 0.053389
v 0.106406 0.937278 0.045265
v 0.105311 0.940166 0.045265
v 0.121568 0.940561 0.055058
v 0.122025 0.946971 0.059494
v 0.127885 0.944279 0.055053
v 0.127544 0.951134 0.059638
v 0.135868 0.950641 0.054690
v 0.132678 0.957192 0.060118
v 0.120871 0.958532 0.065639
v 0.126050 0.966679 0.066539
v 0.111076 0.964378 0.069944
v 0.116775 0.968055 0.069823
v 0.119458 0.978366 0.070761
v 0.113289 0.973652 0.071626
v 0.104704 0.968055 0.071631
v 0.107663 0.976948 0.072827
v 0.102317 0.985001 0.073691
v 0.097153 0.971775 0.072443
v 0.098080 0.979782 0.073412
v 0.109439 0.985001 0.073148
v 0.103999 1.006417 0.073649
v 0.115723 0.985001 0.072097
v 0.098895 1.006341 0.073738
v 0.092965 0.985001 0.073383
v 0.092326 1.007821 0.073298
v 0.084897 1.008037 0.072186
v 0.084035 1.011909 0.071810
v 0.093471 1.014850 0.072538
v 0.092774 1.021101 0.070777
v 0.086443 1.029277 0.067432
v 0.078483 0.985001 0.070594
v 0.084277 0.985001 0.072097
v 0.081058 0.976003 0.070674
v 0.087544 0.979308 0.072460
v 0.088783 0.968077 0.070815
v 0.095876 0.962566 0.070103
v 0.084891 0.957192 0.066669
v 0.081502 0.966679 0.068988
v 0.076809 0.959872 0.065417
v 0.074966 0.950292 0.060304
v 0.082565 0.951134 0.063295
v 0.067323 0.957192 0.060118
v 0.068981 0.949356 0.056886
v 0.079029 0.944003 0.057817
v 0.066083 0.947113 0.053138
v 0.073395 0.941665 0.053138
v 0.079438 0.938448 0.053138
v 0.086973 0.935851 0.053138
v 0.088254 0.937939 0.055916
v 0.090902 0.942189 0.059560
v 0.088940 0.950292 0.064280
v 0.103667 0.960754 0.069570
v 0.133875 0.964378 0.062366
v 0.133004 0.971775 0.064774
v 0.139599 0.971775 0.060984
v 0.142137 0.966573 0.057868
v 0.143393 0.973779 0.058891
v 0.145446 0.972321 0.057059
v 0.148604 0.971606 0.053789
v 0.146367 0.972016 0.045265
v 0.150698 0.971363 0.045265
v 0.150612 0.971324 0.048728
v 0.147321 0.966720 0.053315
v 0.142125 0.959765 0.055369
v 0.152002 0.978155 0.045265
v 0.144827 0.965969 0.041265
v 0.144645 0.966737 0.050338
v 0.144238 0.966394 0.051690
v 0.142754 0.970233 0.052037
v 0.139112 0.975073 0.056408
v 0.152500 0.985465 0.036676
v 0.152500 0.987039 0.035627
v 0.125500 0.987340 0.034896
v 0.126136 0.986303 0.036425
v 0.152500 0.987405 0.033786
v 0.125685 0.986868 0.032714
v 0.126777 0.984505 0.036699
v 0.152500 0.983638 0.036304
v 0.152365 1.026165 0.049410
v 0.152021 1.033950 0.049788
v 0.150010 1.032915 0.054017
v 0.151901 1.026165 0.051353
v 0.150992 1.026165 0.053201
v 0.148204 1.039001 0.053334
v 0.140624 1.032357 0.060412
v 0.146622 1.035797 0.056403
v 0.139404 1.039045 0.059607
v 0.136282 1.040359 0.060244
v 0.136692 1.039963 0.045265
v 0.134463 1.042192 0.045265
v 0.133546 1.044956 0.045265
v 0.150330 0.985001 0.054140
v 0.149559 1.026165 0.054990
v 0.151565 0.985001 0.052093
v 0.152307 0.985001 0.049820
v 0.151551 0.984320 0.051173
v 0.148099 0.984922 0.056292
v 0.145812 1.023330 0.058116
v 0.050176 1.044369 0.045265
v 0.057149 1.049095 0.045265
v 0.075044 1.046500 0.054807
v 0.075296 1.046372 0.055676
v 0.050506 1.028601 0.049728
v 0.050736 1.027619 0.050794
v 0.050500 0.993075 0.049743
v 0.050594 0.993075 0.050484
v 0.051231 0.991189 0.050792
v 0.050994 0.993047 0.051362
v 0.052307 0.991836 0.052687
v 0.051479 1.027619 0.051959
v 0.056324 0.989048 0.055987
v 0.053642 0.988060 0.051466
v 0.052156 0.988995 0.041265
v 0.050785 0.991389 0.041265
v 0.058298 0.985255 0.055182
v 0.049303 0.971363 0.045265
v 0.046979 0.997498 0.039253
v 0.046088 0.992985 0.036540
v 0.047500 0.986877 0.035100
v 0.047500 0.991571 0.030570
v 0.047497 0.985648 0.036278
v 0.074235 0.986546 0.035667
v 0.073795 0.984180 0.036143
v 0.047500 0.983974 0.036044
v 0.047500 0.982991 0.034692
v 0.047500 0.977001 0.040659
v 0.047500 0.977315 0.032661
v 0.046083 0.977056 0.036217
v 0.050568 0.967695 0.041265
v 0.046647 0.974085 0.039265
v 0.049177 0.965464 0.039265
v 0.046908 0.972900 0.022945
v 0.049063 0.965687 0.022945
v 0.045328 0.975803 0.020091
v 0.047093 0.968810 0.020146
v 0.044966 0.980188 0.027503
v 0.042500 0.985429 0.026404
v 0.042500 0.979454 0.021156
v 0.047500 0.981007 0.027602
v 0.043990 0.978389 0.020758
v 0.042961 0.977025 0.011295
v 0.044633 0.970339 0.015729
v 0.045782 0.966029 0.012175
v 0.042500 0.982501 0.006995
v 0.045195 0.976487 0.007081
v 0.043838 0.974283 0.008684
v 0.046873 0.963872 0.008676
v 0.047146 0.967921 0.007175
v 0.051124 0.958799 0.007135
v 0.047634 0.974732 0.006765
v 0.050463 0.964793 0.006765
v 0.048125 0.972486 0.012765
v 0.053520 0.958608 0.006765
v 0.051424 0.962701 0.012765
v 0.054148 0.963952 0.015765
v 0.050570 0.975308 0.015765
v 0.055961 0.954710 0.012765
v 0.058431 0.956409 0.015765
v 0.058728 0.951037 0.006765
v 0.061801 0.947614 0.012765
v 0.068769 0.941624 0.012765
v 0.065156 0.944469 0.006765
v 0.063943 0.949711 0.015765
v 0.070521 0.944056 0.015765
v 0.070645 0.949649 0.015765
v 0.064649 0.955645 0.015765
v 0.059857 0.962641 0.015765
v 0.067508 0.952508 0.028265
v 0.062091 0.959032 0.028265
v 0.069945 0.952793 0.029765
v 0.057965 0.966440 0.028265
v 0.056432 0.970398 0.015765
v 0.055270 0.974480 0.028265
v 0.054490 0.978652 0.015765
v 0.054000 0.985001 0.015765
v 0.054490 0.991349 0.015765
v 0.049734 0.988252 0.015765
v 0.048500 0.982501 0.014704
v 0.048500 0.986528 0.014717
v 0.046559 0.987501 0.012765
v 0.048500 0.982731 0.021946
v 0.048500 0.985510 0.023385
v 0.048500 0.987501 0.021265
v 0.042500 0.987039 0.022627
v 0.042500 0.984101 0.023125
v 0.042500 0.989754 0.023837
v 0.044377 0.990670 0.023977
v 0.045374 0.990327 0.028898
v 0.046606 0.995670 0.023513
v 0.047500 0.986267 0.026495
v 0.047500 0.985635 0.032311
v 0.047500 0.984352 0.032268
v 0.073085 0.985037 0.032223
v 0.047500 0.983339 0.033057
v 0.073855 0.986301 0.032657
v 0.074500 0.987024 0.034110
v 0.047500 0.986877 0.033429
v 0.042500 0.982501 0.021265
v 0.046559 0.982501 0.012765
v 0.045694 0.982501 0.006808
v 0.056432 0.999603 0.015765
v 0.059857 1.007360 0.015765
v 0.059857 1.007360 0.028265
v 0.063292 1.012722 0.015765
v 0.074057 0.957993 0.029765
v 0.077640 0.944857 0.028265
v 0.072279 0.948292 0.028265
v 0.085934 0.943032 0.029765
v 0.083612 0.951549 0.029765
v 0.076979 0.955463 0.025965
v 0.083525 0.951370 0.025965
v 0.098418 0.947784 0.029765
v 0.090771 0.948706 0.025965
v 0.092734 0.951412 0.025965
v 0.098409 0.947584 0.025965
v 0.082552 0.955394 0.025965
v 0.088313 0.952592 0.027765
v 0.081727 0.955795 0.027765
v 0.073629 0.963137 0.025965
v 0.071411 0.960811 0.025965
v 0.090687 0.954854 0.027765
v 0.097944 0.950681 0.027765
v 0.096253 0.954824 0.027765
v 0.092055 0.953647 0.027765
v 0.090660 0.954678 0.043265
v 0.093149 0.954111 0.027765
v 0.090741 0.953498 0.043265
v 0.093446 0.954627 0.043265
v 0.096253 0.953349 0.043265
v 0.090782 0.951286 0.043265
v 0.098878 0.954608 0.043265
v 0.099743 0.953257 0.043265
v 0.093413 0.956284 0.043265
v 0.092822 0.956808 0.027765
v 0.093693 0.955546 0.027765
v 0.091375 0.956641 0.043265
v 0.091288 0.956808 0.027765
v 0.096884 0.959428 0.027765
v 0.106969 0.960088 0.027765
v 0.103748 0.956299 0.027765
v 0.103748 0.953349 0.027765
v 0.101005 0.953920 0.027765
v 0.100415 0.955375 0.027765
v 0.106420 0.955764 0.027765
v 0.107946 0.956997 0.027765
v 0.107399 0.953879 0.027765
v 0.106552 0.954678 0.043265
v 0.103748 0.953349 0.043265
v 0.108493 0.953879 0.043265
v 0.109337 0.954627 0.027765
v 0.109305 0.956284 0.027765
v 0.113396 0.953260 0.027765
v 0.114827 0.958298 0.027765
v 0.121936 0.958546 0.027765
v 0.121314 0.961690 0.027765
v 0.129514 0.967610 0.025965
v 0.122687 0.959074 0.025965
v 0.114199 0.953705 0.025965
v 0.103422 0.950826 0.025965
v 0.120431 0.953614 0.025965
v 0.113561 0.950092 0.025965
v 0.106384 0.951146 0.027765
v 0.106115 0.948053 0.025965
v 0.112628 0.949836 0.029765
v 0.120431 0.953614 0.029765
v 0.125015 0.948484 0.029765
v 0.114127 0.942852 0.029765
v 0.102045 0.940785 0.029765
v 0.093652 0.939490 0.028265
v 0.110521 0.940270 0.028265
v 0.102123 0.939099 0.028265
v 0.110521 0.940270 0.015765
v 0.104245 0.939197 0.015765
v 0.097878 0.939099 0.015765
v 0.089480 0.940270 0.015765
v 0.098643 0.934556 0.015765
v 0.087136 0.936300 0.015765
v 0.110757 0.935791 0.015765
v 0.096549 0.931612 0.012765
v 0.103448 0.931661 0.012765
v 0.103448 0.931661 0.006765
v 0.112534 0.933040 0.006765
v 0.112534 0.933040 0.012765
v 0.119137 0.935040 0.012765
v 0.119137 0.935040 0.006765
v 0.125387 0.937964 0.006765
v 0.120863 0.933969 0.006899
v 0.112062 0.929380 0.008293
v 0.119244 0.931394 0.008293
v 0.111267 0.931073 0.006899
v 0.101799 0.928108 0.008293
v 0.097006 0.930239 0.006886
v 0.083121 0.932517 0.006899
v 0.089714 0.932549 0.006765
v 0.096549 0.931612 0.006765
v 0.086569 0.929651 0.008293
v 0.093096 0.928464 0.008293
v 0.096403 0.927746 0.011467
v 0.086468 0.929234 0.013952
v 0.095315 0.928324 0.016761
v 0.083220 0.931368 0.018279
v 0.087882 0.931311 0.020769
v 0.076725 0.932593 0.013063
v 0.074462 0.935845 0.019903
v 0.068873 0.936843 0.013952
v 0.070889 0.936073 0.008293
v 0.078700 0.932229 0.008293
v 0.070989 0.938559 0.006842
v 0.072614 0.939099 0.006765
v 0.080881 0.935087 0.006765
v 0.058219 0.948051 0.007280
v 0.065120 0.940782 0.007499
v 0.063406 0.940789 0.010249
v 0.057520 0.946563 0.008926
v 0.054524 0.949946 0.012461
v 0.051482 0.954537 0.008926
v 0.058884 0.944974 0.013952
v 0.053485 0.954543 0.019524
v 0.061608 0.945227 0.020283
v 0.056375 0.951980 0.021857
v 0.057034 0.951479 0.039265
v 0.059560 0.948585 0.022945
v 0.051486 0.960256 0.022945
v 0.053185 0.957200 0.039265
v 0.056966 0.955010 0.041265
v 0.063855 0.956098 0.041265
v 0.063393 0.947545 0.041265
v 0.068689 0.940459 0.039265
v 0.072860 0.940114 0.041265
v 0.072440 0.947603 0.041265
v 0.061647 0.946355 0.039265
v 0.065901 0.942535 0.022945
v 0.072461 0.938029 0.022945
v 0.066760 0.940832 0.020283
v 0.076622 0.935831 0.039265
v 0.082238 0.933519 0.022802
v 0.089743 0.931497 0.022945
v 0.084735 0.932718 0.039265
v 0.084912 0.934955 0.041265
v 0.091320 0.931230 0.039265
v 0.097806 0.932593 0.041265
v 0.098262 0.930561 0.039265
v 0.095110 0.930726 0.022659
v 0.101627 0.930528 0.022945
v 0.103277 0.929547 0.019524
v 0.108408 0.931232 0.022945
v 0.113429 0.931283 0.020010
v 0.105619 0.927896 0.013952
v 0.115422 0.929884 0.015729
v 0.123043 0.932449 0.011572
v 0.113069 0.929042 0.012175
v 0.117759 0.933291 0.021899
v 0.123422 0.932873 0.016275
v 0.127529 0.936932 0.020010
v 0.129689 0.935887 0.013952
v 0.129677 0.939388 0.022945
v 0.121837 0.935093 0.022854
v 0.110234 0.931531 0.039265
v 0.103400 0.930619 0.039265
v 0.099469 0.935076 0.041265
v 0.098519 0.936906 0.041265
v 0.100192 0.934992 0.025265
v 0.098499 0.935982 0.025265
v 0.098682 0.937411 0.025265
v 0.100000 0.936501 0.024273
v 0.101409 0.936672 0.025265
v 0.100000 0.938103 0.025265
v 0.073090 0.947270 0.039686
v 0.065284 0.954404 0.039688
v 0.058565 0.965151 0.038982
v 0.070720 0.950927 0.037831
v 0.064305 0.957217 0.037985
v 0.060392 0.968431 0.037356
v 0.057668 0.971690 0.039161
v 0.063713 0.974036 0.038970
v 0.067146 0.972601 0.040488
v 0.061211 0.974569 0.041265
v 0.056044 0.991840 0.041265
v 0.063213 0.990716 0.041265
v 0.056595 0.971229 0.041265
v 0.065274 0.983479 0.041265
v 0.066575 0.995401 0.039958
v 0.070657 1.003998 0.039894
v 0.063556 0.991278 0.038916
v 0.069527 1.001945 0.043265
v 0.075557 1.009983 0.043265
v 0.079012 1.008100 0.043265
v 0.076986 1.007490 0.043265
v 0.081303 1.014530 0.043265
v 0.075716 1.010246 0.039770
v 0.076831 1.005942 0.043265
v 0.078093 1.005070 0.043265
v 0.076986 1.005928 0.027765
v 0.073660 0.999828 0.027765
v 0.077260 1.007887 0.027765
v 0.079386 1.005740 0.027765
v 0.079760 1.006161 0.043265
v 0.085173 1.011704 0.027765
v 0.079338 1.007875 0.027765
v 0.081005 1.013639 0.027765
v 0.089205 1.017627 0.027765
v 0.090486 1.014936 0.027765
v 0.091856 1.016293 0.027765
v 0.091688 1.016178 0.043265
v 0.090486 1.014373 0.043265
v 0.091117 1.013296 0.027765
v 0.092640 1.013111 0.027765
v 0.091856 1.013016 0.043265
v 0.093290 1.013560 0.043265
v 0.096253 1.012192 0.043265
v 0.100291 1.014522 0.043265
v 0.094835 1.019575 0.043265
v 0.103748 1.012192 0.043265
v 0.098975 1.015209 0.043265
v 0.093522 1.015202 0.043265
v 0.093657 1.014259 0.027765
v 0.093290 1.015749 0.027765
v 0.096253 1.015178 0.027765
v 0.102734 1.019147 0.027765
v 0.099958 1.016714 0.027765
v 0.103748 1.013703 0.027765
v 0.099710 1.014522 0.027765
v 0.098863 1.015308 0.027765
v 0.099501 1.016652 0.043265
v 0.101067 1.015830 0.043265
v 0.102292 1.019877 0.043265
v 0.107063 1.015949 0.043265
v 0.106552 1.013986 0.043265
v 0.109512 1.018633 0.043265
v 0.102105 1.019877 0.039770
v 0.090938 1.018759 0.039770
v 0.110585 1.018346 0.040017
v 0.105910 1.020515 0.037971
v 0.096074 1.021119 0.037796
v 0.118301 1.015744 0.038086
v 0.125574 1.008646 0.039954
v 0.128052 1.008120 0.037832
v 0.116833 1.015687 0.039770
v 0.118653 1.014459 0.043265
v 0.125090 1.009335 0.043265
v 0.113812 1.011437 0.043265
v 0.122429 1.008100 0.043265
v 0.120771 1.008067 0.043265
v 0.121510 1.008347 0.027765
v 0.120140 1.006427 0.043265
v 0.120140 1.006991 0.027765
v 0.111630 1.007885 0.027765
v 0.120771 1.005350 0.027765
v 0.120890 1.000259 0.027765
v 0.114827 1.011704 0.027765
v 0.121936 1.011455 0.027765
v 0.109041 1.013419 0.027765
v 0.109329 1.015390 0.027765
v 0.113396 1.016741 0.027765
v 0.107399 1.013187 0.027765
v 0.106420 1.015072 0.027765
v 0.108341 1.013052 0.043265
v 0.109489 1.014069 0.043265
v 0.109124 1.015687 0.043265
v 0.107946 1.016305 0.027765
v 0.103748 1.016653 0.027765
v 0.101005 1.015319 0.027765
v 0.113320 1.016561 0.025965
v 0.102749 1.019342 0.025965
v 0.122687 1.010927 0.025965
v 0.118443 1.017595 0.025965
v 0.111368 1.020684 0.025965
v 0.102842 1.022255 0.025965
v 0.094536 1.018929 0.025965
v 0.092271 1.021644 0.025965
v 0.100911 1.022352 0.029765
v 0.111368 1.020684 0.029765
v 0.118443 1.017595 0.029765
v 0.106116 1.028839 0.029765
v 0.121539 1.023670 0.029765
v 0.132089 1.015643 0.029765
v 0.124734 1.013121 0.029765
v 0.129356 1.020352 0.028265
v 0.133995 1.015991 0.028265
v 0.137910 1.010969 0.028265
v 0.142036 1.003561 0.028265
v 0.140144 1.007360 0.015765
v 0.138835 1.006631 0.029765
v 0.143675 0.991603 0.029765
v 0.136783 0.999321 0.029765
v 0.138509 0.998192 0.029765
v 0.136829 0.996592 0.029765
v 0.138378 0.997661 0.043265
v 0.141958 0.997073 0.043265
v 0.140217 1.001675 0.043265
v 0.136829 0.999409 0.043265
v 0.136807 0.996410 0.043265
v 0.133352 0.995498 0.043265
v 0.135478 0.997727 0.043265
v 0.135067 0.998439 0.029765
v 0.133755 1.002900 0.043265
v 0.129035 1.004681 0.043265
v 0.137893 1.002934 0.040566
v 0.131229 1.004119 0.038788
v 0.123200 1.000622 0.043265
v 0.121510 1.005070 0.043265
v 0.128975 0.994240 0.043265
v 0.128260 0.992277 0.043265
v 0.120718 0.985114 0.043265
v 0.123176 1.006161 0.043265
v 0.123128 1.007059 0.027765
v 0.122294 1.005165 0.027765
v 0.126341 0.999828 0.027765
v 0.124952 0.991827 0.027765
v 0.129514 1.002391 0.027765
v 0.128772 0.994240 0.027765
v 0.127960 0.992844 0.027765
v 0.130421 0.994408 0.027765
v 0.131293 0.993145 0.027765
v 0.131013 0.993884 0.043265
v 0.131198 0.992361 0.043265
v 0.134176 0.985838 0.043265
v 0.135732 0.990759 0.043265
v 0.130890 0.978149 0.043265
v 0.138359 0.985472 0.043265
v 0.135000 0.985001 0.041265
v 0.137199 0.988363 0.043265
v 0.135999 0.988857 0.043265
v 0.130049 0.991344 0.043265
v 0.130749 0.991711 0.027765
v 0.129107 0.991479 0.027765
v 0.133689 0.985001 0.027765
v 0.133673 0.992283 0.027765
v 0.134062 0.989560 0.025965
v 0.133771 0.978631 0.025965
v 0.131257 0.977450 0.027765
v 0.137373 0.982589 0.025965
v 0.135118 0.972243 0.025965
v 0.135999 0.988857 0.025965
v 0.137273 0.988375 0.025965
v 0.137773 0.988663 0.029765
v 0.137497 0.984520 0.029765
v 0.135892 0.975030 0.029765
v 0.143791 0.977859 0.029765
v 0.140165 0.966148 0.029765
v 0.134199 0.956602 0.029765
v 0.142036 0.966440 0.028265
v 0.137910 0.959032 0.028265
v 0.131311 0.964454 0.029765
v 0.131311 0.964454 0.025965
v 0.126433 0.958471 0.029765
v 0.126433 0.958471 0.025965
v 0.132493 0.952508 0.028265
v 0.125969 0.947091 0.028265
v 0.118561 0.942965 0.028265
v 0.118561 0.942965 0.015765
v 0.138556 0.990384 0.029765
v 0.138425 0.989469 0.043265
v 0.137699 0.991351 0.043265
v 0.141790 0.989052 0.043265
v 0.141915 0.991354 0.041265
v 0.140082 0.986539 0.041265
v 0.140695 0.974531 0.041265
v 0.144549 1.005086 0.041265
v 0.143647 1.005575 0.038804
v 0.141382 1.000157 0.041265
v 0.136738 1.004146 0.038116
v 0.137237 0.991573 0.029765
v 0.135744 0.990857 0.025965
v 0.136245 0.994474 0.027865
v 0.133941 1.000828 0.025965
v 0.129975 1.007451 0.025965
v 0.131549 1.005017 0.029765
v 0.124734 1.013121 0.025965
v 0.129514 1.002391 0.025965
v 0.124128 0.994030 0.029765
v 0.117134 1.004238 0.029765
v 0.108757 0.978078 0.043265
v 0.111354 0.985529 0.043265
v 0.105474 0.978782 0.040265
v 0.100787 0.973635 0.043265
v 0.100598 0.976611 0.040265
v 0.095864 0.974323 0.043265
v 0.095495 0.978049 0.040265
v 0.097003 0.977333 0.038565
v 0.091987 0.982380 0.040265
v 0.144244 0.997589 0.028265
v 0.145511 0.991349 0.028265
v 0.143569 0.999603 0.015765
v 0.097878 1.030903 0.028265
v 0.089480 1.029731 0.028265
v 0.087870 1.017780 0.043265
v 0.081595 1.014804 0.039770
v 0.071985 0.993145 0.027765
v 0.071114 0.994408 0.027765
v 0.069464 0.994240 0.027765
v 0.069667 0.994240 0.043265
v 0.068653 0.992844 0.027765
v 0.071441 0.991711 0.027765
v 0.058679 0.990506 0.039487
v 0.057457 0.966340 0.041265
v 0.048765 0.962498 0.018765
v 0.050387 0.956172 0.013952
v 0.048759 0.958948 0.010970
v 0.076661 0.936915 0.012765
v 0.086372 0.933406 0.012765
v 0.077970 0.939611 0.015765
v 0.081440 0.942965 0.015765
v 0.075785 0.945891 0.015765
v 0.085398 0.941432 0.028265
v 0.101152 0.954307 0.043265
v 0.100133 0.955445 0.043265
v 0.099002 0.954990 0.027765
v 0.099287 0.953515 0.027765
v 0.051964 0.976730 0.041265
v 0.050554 0.977506 0.041265
v 0.050542 0.978896 0.041265
v 0.050451 0.978118 0.025265
v 0.051684 0.976678 0.025265
v 0.053103 0.977120 0.025265
v 0.051972 0.978251 0.024273
v 0.053545 0.978539 0.025265
v 0.052629 0.979709 0.025265
v 0.051145 0.979619 0.025265
v 0.053433 0.977484 0.041265
v 0.074500 0.982986 0.034679
v 0.141106 1.013459 0.034359
v 0.049457 1.096000 0.001022
v 0.049322 1.085001 0.001055
v 0.050869 1.084813 0.001298
v 0.050599 1.085001 -0.000247
v 0.072459 1.094001 0.048273
v 0.082802 1.094001 0.052942
v 0.076031 1.086483 0.049743
v 0.076737 1.075691 0.047798
v 0.081607 1.075844 0.049944
v 0.084510 1.087755 0.053328
v 0.085873 1.075844 0.051335
v 0.093892 1.088519 0.055349
v 0.091867 1.094001 0.055098
v 0.092348 1.081647 0.053845
v 0.089973 1.075691 0.052287
v 0.094409 1.075691 0.052955
v 0.098304 1.081647 0.054405
v 0.100279 1.075844 0.053251
v 0.101889 1.087883 0.055576
v 0.105820 1.094001 0.055394
v 0.105855 1.075844 0.052942
v 0.107255 1.087755 0.055135
v 0.098833 1.094001 0.055740
v 0.105603 1.096000 0.053336
v 0.099619 1.096000 0.051270
v 0.101075 1.096000 0.050265
v 0.099961 1.085001 0.051193
v 0.100644 1.084813 0.049998
v 0.098822 1.085001 0.049974
v 0.110274 1.075844 0.052255
v 0.113959 1.087755 0.053794
v 0.114619 1.075844 0.051195
v 0.109116 1.051001 0.052467
v 0.104575 1.051001 0.053065
v 0.100000 1.051001 0.053265
v 0.095426 1.051001 0.053065
v 0.090885 1.051001 0.052467
v 0.086414 1.051001 0.051476
v 0.082046 1.051001 0.050099
v 0.077815 1.051001 0.048347
v 0.125763 1.085001 0.043591
v 0.123705 1.053301 0.039875
v 0.127571 1.095501 0.037274
v 0.118609 1.053301 0.042519
v 0.087880 1.053301 0.044878
v 0.084248 1.053301 0.043698
v 0.087480 1.095501 0.044768
v 0.083474 1.095501 0.043425
v 0.079774 1.053301 0.041801
v 0.079608 1.095501 0.041719
v 0.075916 1.095501 0.039662
v 0.076616 1.053301 0.040078
v 0.146547 0.978656 0.025265
v 0.146966 0.977052 0.025265
v 0.148028 0.978251 0.024273
v 0.148412 0.976695 0.025265
v 0.149526 0.977683 0.025265
v 0.149347 0.979161 0.025265
v 0.149122 0.979486 0.041265
v 0.148028 0.979853 0.025265
v 0.070932 0.975512 0.043265
v 0.089551 0.989791 0.043265
v 0.131411 1.035276 0.003635
v 0.122502 1.033530 0.004612
v 0.120289 1.037843 -0.001101
v 0.121802 1.038747 -0.001235
v 0.117599 1.040266 -0.001235
v 0.113292 1.041457 -0.001235
v 0.115267 1.040934 -0.043452
v 0.108905 1.042313 -0.001235
v 0.111008 1.041929 -0.046464
v 0.106567 1.042610 -0.048112
v 0.117894 1.043626 -0.045990
v 0.121378 1.041214 -0.041170
v 0.119224 1.039715 -0.033424
v 0.121635 1.038813 -0.010955
v 0.102927 1.046024 -0.050468
v 0.102515 1.042940 -0.048840
v 0.104466 1.042828 -0.001235
v 0.098085 1.042979 -0.048896
v 0.095648 1.047091 -0.050890
v 0.125500 0.982534 0.034381
v 0.102794 0.997961 0.038065
vt 0.909151 0.338433
vt 0.909151 0.340113
vt 0.908285 0.339050
vt 0.891599 0.339716
vt 0.890543 0.340044
vt 0.890612 0.338697
vt 0.891599 0.338433
vt 0.419385 0.762013
vt 0.418172 0.762013
vt 0.418388 0.760738
vt 0.533705 0.929337
vt 0.536921 0.925490
vt 0.534974 0.928698
vt 0.420480 0.762124
vt 0.419385 0.762124
vt 0.419629 0.760738
vt 0.534513 0.933218
vt 0.534748 0.930599
vt 0.530098 0.932298
vt 0.532529 0.927209
vt 0.534949 0.921095
vt 0.536837 0.922225
vt 0.536068 0.922089
vt 0.532592 0.935851
vt 0.530491 0.936037
vt 0.764358 0.958525
vt 0.757756 0.959774
vt 0.757766 0.957381
vt 0.764349 0.961116
vt 0.757748 0.962488
vt 0.756854 0.962163
vt 0.530343 0.937144
vt 0.921756 0.875955
vt 0.921096 0.876609
vt 0.921127 0.875335
vt 0.921756 0.877522
vt 0.104827 0.337353
vt 0.105617 0.336241
vt 0.105849 0.337353
vt 0.098554 0.336241
vt 0.098554 0.337401
vt 0.097547 0.337003
vt 0.530260 0.938045
vt 0.527462 0.939820
vt 0.529626 0.937250
vt 0.526418 0.938440
vt 0.525719 0.936049
vt 0.521378 0.937476
vt 0.997332 0.000185
vt 0.998109 0.000000
vt 0.998097 0.005027
vt 0.997320 0.005027
vt 0.998095 0.009575
vt 0.939425 0.904449
vt 0.942116 0.899645
vt 0.941332 0.902480
vt 0.945332 0.896900
vt 0.945415 0.898152
vt 0.997318 0.009222
vt 0.943415 0.900299
vt 0.941989 0.902677
vt 0.923812 0.877573
vt 0.923175 0.877573
vt 0.923455 0.875335
vt 0.941460 0.903141
vt 0.948364 0.690774
vt 0.948877 0.690766
vt 0.948877 0.692971
vt 0.909884 0.412291
vt 0.909194 0.412192
vt 0.909884 0.410039
vt 0.942249 0.905761
vt 0.947090 0.903689
vt 0.945282 0.907586
vt 0.940599 0.908671
vt 0.939849 0.908627
vt 0.942450 0.911706
vt 0.938981 0.910124
vt 0.940174 0.909216
vt 0.940828 0.915421
vt 0.943956 0.916239
vt 0.942259 0.914404
vt 0.946217 0.911934
vt 0.941417 0.915108
vt 0.913980 0.067261
vt 0.913313 0.065089
vt 0.913980 0.064997
vt 0.930945 0.064721
vt 0.930945 0.066968
vt 0.930299 0.066888
vt 0.937851 0.064721
vt 0.938186 0.066951
vt 0.937573 0.066951
vt 0.942212 0.915079
vt 0.814186 0.242029
vt 0.815268 0.241888
vt 0.815268 0.244137
vt 0.946270 0.690926
vt 0.946797 0.690766
vt 0.946797 0.693061
vt 0.910529 0.065232
vt 0.911180 0.064997
vt 0.911180 0.067366
vt 0.948826 0.914744
vt 0.205592 0.681080
vt 0.205742 0.679210
vt 0.205742 0.683406
vt 0.354450 0.727250
vt 0.354579 0.725594
vt 0.354579 0.729355
vt 0.945456 0.910201
vt 0.947554 0.913583
vt 0.947125 0.912084
vt 0.950156 0.915103
vt 0.948503 0.913445
vt 0.949768 0.914167
vt 0.956189 0.681928
vt 0.961046 0.681527
vt 0.960985 0.682805
vt 0.956122 0.683714
vt 0.960941 0.684687
vt 0.897123 0.337947
vt 0.895521 0.336860
vt 0.895751 0.336053
vt 0.956104 0.685644
vt 0.894331 0.335332
vt 0.998585 0.299243
vt 0.998619 0.295765
vt 0.999582 0.295988
vt 0.894313 0.332856
vt 0.998640 0.302302
vt 0.999569 0.300964
vt 0.898871 0.337729
vt 0.999553 0.299034
vt 0.999636 0.294230
vt 0.748910 0.157809
vt 0.746693 0.156641
vt 0.749487 0.155375
vt 0.751597 0.155460
vt 0.751004 0.157611
vt 0.750179 0.157526
vt 0.749588 0.157591
vt 0.981791 0.810827
vt 0.981631 0.781229
vt 0.982169 0.781238
vt 0.982719 0.810845
vt 0.982249 0.810834
vt 0.982831 0.781255
vt 0.983437 0.829743
vt 0.983158 0.829742
vt 0.985391 0.826638
vt 0.983003 0.810855
vt 0.985062 0.813853
vt 0.906655 0.915520
vt 0.906273 0.913940
vt 0.906875 0.915679
vt 0.983404 0.813813
vt 0.983796 0.826634
vt 0.905948 0.912854
vt 0.905533 0.910590
vt 0.906053 0.912134
vt 0.907204 0.914414
vt 0.764774 0.833936
vt 0.765356 0.833936
vt 0.765348 0.836887
vt 0.906624 0.912033
vt 0.907889 0.917850
vt 0.906403 0.907095
vt 0.907658 0.912664
vt 0.907342 0.911164
vt 0.906712 0.908367
vt 0.907026 0.909728
vt 0.920264 0.907056
vt 0.920584 0.908496
vt 0.920594 0.907467
vt 0.920898 0.909973
vt 0.922748 0.906475
vt 0.923168 0.908383
vt 0.920099 0.905328
vt 0.921198 0.910286
vt 0.919960 0.905752
vt 0.919646 0.903532
vt 0.922232 0.904308
vt 0.921879 0.902593
vt 0.921571 0.901829
vt 0.574099 0.948672
vt 0.571765 0.950223
vt 0.571777 0.947567
vt 0.921094 0.899655
vt 0.922824 0.906430
vt 0.923720 0.910733
vt 0.921001 0.898968
vt 0.921759 0.901270
vt 0.922665 0.905540
vt 0.920849 0.898127
vt 0.921290 0.899577
vt 0.866893 0.962278
vt 0.871547 0.962880
vt 0.871539 0.964898
vt 0.866882 0.964898
vt 0.871532 0.967105
vt 0.872619 0.900056
vt 0.870751 0.898877
vt 0.873813 0.897103
vt 0.866875 0.967104
vt 0.876281 0.896119
vt 0.866151 0.907139
vt 0.869373 0.903957
vt 0.870313 0.902972
vt 0.873566 0.900518
vt 0.876065 0.897243
vt 0.871541 0.901892
vt 0.868843 0.902772
vt 0.868547 0.902035
vt 0.574763 0.112345
vt 0.574819 0.113515
vt 0.568244 0.113504
vt 0.574897 0.114838
vt 0.568366 0.115441
vt 0.535631 0.931039
vt 0.568188 0.112335
vt 0.536104 0.929762
vt 0.535862 0.929902
vt 0.536602 0.927921
vt 0.568123 0.110616
vt 0.574697 0.110626
vt 0.568063 0.108284
vt 0.868187 0.905451
vt 0.574638 0.108295
vt 0.866933 0.907557
vt 0.865718 0.910589
vt 0.864192 0.911429
vt 0.568025 0.105059
vt 0.574600 0.105070
vt 0.865082 0.913934
vt 0.863631 0.912032
vt 0.992452 0.177075
vt 0.993170 0.177001
vt 0.993170 0.181683
vt 0.863601 0.910761
vt 0.924660 0.915636
vt 0.924554 0.914819
vt 0.929176 0.914529
vt 0.929334 0.915224
vt 0.978038 0.981446
vt 0.977393 0.981364
vt 0.978038 0.976750
vt 0.924755 0.915394
vt 0.924684 0.915249
vt 0.924395 0.914615
vt 0.923794 0.911428
vt 0.999831 0.724734
vt 0.999098 0.724604
vt 0.999831 0.719999
vt 0.921814 0.913415
vt 0.921956 0.915461
vt 0.921664 0.913859
vt 0.921362 0.912276
vt 0.922256 0.915826
vt 0.908276 0.915803
vt 0.907970 0.914215
vt 0.921138 0.911146
vt 0.908574 0.917414
vt 0.908860 0.919033
vt 0.922237 0.917068
vt 0.909132 0.920647
vt 0.909389 0.922241
vt 0.922504 0.918666
vt 0.908469 0.921383
vt 0.907692 0.920147
vt 0.909626 0.923801
vt 0.909843 0.925315
vt 0.910038 0.926767
vt 0.908866 0.925083
vt 0.908212 0.924049
vt 0.908334 0.926378
vt 0.907920 0.923719
vt 0.907752 0.921868
vt 0.272637 0.766534
vt 0.273215 0.764489
vt 0.273222 0.767943
vt 0.272632 0.763134
vt 0.273214 0.760889
vt 0.908106 0.926797
vt 0.907911 0.924611
vt 0.977972 0.339114
vt 0.977366 0.339114
vt 0.976515 0.336004
vt 0.978456 0.336003
vt 0.976977 0.339115
vt 0.974522 0.336008
vt 0.907778 0.924778
vt 0.907545 0.924362
vt 0.980352 0.336005
vt 0.978968 0.339115
vt 0.978579 0.339114
vt 0.978681 0.368733
vt 0.977972 0.368733
vt 0.747161 0.161993
vt 0.747484 0.162627
vt 0.745943 0.164176
vt 0.747936 0.163176
vt 0.977263 0.368733
vt 0.744795 0.160835
vt 0.746983 0.161304
vt 0.976587 0.368734
vt 0.746956 0.160593
vt 0.976548 0.339115
vt 0.975977 0.368736
vt 0.976026 0.339117
vt 0.975686 0.339118
vt 0.975459 0.368738
vt 0.978295 0.781266
vt 0.978455 0.810860
vt 0.978156 0.810873
vt 0.972619 0.336016
vt 0.976975 0.813853
vt 0.978951 0.810845
vt 0.978872 0.781248
vt 0.979505 0.810833
vt 0.978256 0.813821
vt 0.747768 0.158650
vt 0.747358 0.159234
vt 0.745385 0.158205
vt 0.747083 0.159892
vt 0.979525 0.781234
vt 0.979872 0.810828
vt 0.980225 0.781227
vt 0.748293 0.158168
vt 0.980345 0.810824
vt 0.979675 0.813803
vt 0.907357 0.919164
vt 0.907012 0.917249
vt 0.981622 0.813797
vt 0.907580 0.920576
vt 0.981375 0.810823
vt 0.980954 0.810822
vt 0.980938 0.781225
vt 0.738418 0.995963
vt 0.738422 0.999205
vt 0.737450 0.998494
vt 0.737448 0.995061
vt 0.999636 0.302836
vt 0.902356 0.337138
vt 0.900671 0.338433
vt 0.738422 0.993290
vt 0.904255 0.336585
vt 0.902731 0.337771
vt 0.904375 0.335363
vt 0.905131 0.335426
vt 0.905802 0.333363
vt 0.998505 0.219649
vt 0.998684 0.221995
vt 0.997603 0.220932
vt 0.905050 0.332123
vt 0.737457 0.991814
vt 0.937698 0.275787
vt 0.942549 0.275600
vt 0.942545 0.277076
vt 0.873313 0.478798
vt 0.878167 0.478636
vt 0.878122 0.480484
vt 0.937694 0.277493
vt 0.905802 0.331196
vt 0.873275 0.480482
vt 0.878106 0.482382
vt 0.905141 0.329377
vt 0.873260 0.481893
vt 0.873260 0.483350
vt 0.903056 0.328048
vt 0.903951 0.327849
vt 0.878114 0.484306
vt 0.957803 0.906031
vt 0.957066 0.904773
vt 0.957003 0.903621
vt 0.955689 0.903412
vt 0.873279 0.485218
vt 0.878167 0.486837
vt 0.873320 0.486835
vt 0.953960 0.902542
vt 0.954269 0.901862
vt 0.878134 0.485663
vt 0.901441 0.326419
vt 0.902790 0.326969
vt 0.899522 0.326177
vt 0.899705 0.326908
vt 0.975995 0.284414
vt 0.971144 0.284411
vt 0.971139 0.282940
vt 0.897624 0.326539
vt 0.896366 0.328064
vt 0.999471 0.642601
vt 0.999474 0.646033
vt 0.998502 0.644390
vt 0.998684 0.212360
vt 0.998487 0.215147
vt 0.997600 0.213565
vt 0.998508 0.647351
vt 0.752788 0.158720
vt 0.753430 0.156339
vt 0.755393 0.159031
vt 0.998502 0.641051
vt 0.753177 0.159314
vt 0.753532 0.160684
vt 0.755393 0.162568
vt 0.753429 0.159979
vt 0.979919 0.859359
vt 0.979273 0.859360
vt 0.979280 0.829741
vt 0.980615 0.859358
vt 0.980221 0.829739
vt 0.979829 0.829740
vt 0.978137 0.826634
vt 0.979991 0.826632
vt 0.980668 0.829739
vt 0.981277 0.829739
vt 0.981329 0.859358
vt 0.981724 0.829739
vt 0.981938 0.826632
vt 0.905693 0.912296
vt 0.982116 0.829740
vt 0.905534 0.912316
vt 0.905129 0.910399
vt 0.764764 0.839926
vt 0.765347 0.841310
vt 0.764768 0.843413
vt 0.765356 0.845244
vt 0.905160 0.912441
vt 0.905484 0.912915
vt 0.905775 0.910066
vt 0.905658 0.911062
vt 0.903963 0.901756
vt 0.904035 0.901400
vt 0.904263 0.901137
vt 0.904417 0.901233
vt 0.906136 0.910538
vt 0.904135 0.901193
vt 0.764766 0.836609
vt 0.905533 0.903916
vt 0.905270 0.903100
vt 0.905025 0.902418
vt 0.904800 0.901877
vt 0.904597 0.901481
vt 0.574293 0.956188
vt 0.587857 0.955958
vt 0.587855 0.957548
vt 0.574291 0.957772
vt 0.587853 0.959171
vt 0.574076 0.958771
vt 0.574296 0.954647
vt 0.574079 0.955584
vt 0.587859 0.954413
vt 0.574299 0.953163
vt 0.587863 0.952928
vt 0.574303 0.951748
vt 0.574086 0.952588
vt 0.571753 0.954444
vt 0.574092 0.950516
vt 0.574307 0.950416
vt 0.587867 0.951516
vt 0.587871 0.950188
vt 0.574312 0.949176
vt 0.919655 0.904508
vt 0.919357 0.903363
vt 0.906101 0.905923
vt 0.587876 0.948958
vt 0.905811 0.904860
vt 0.920346 0.898439
vt 0.920360 0.897910
vt 0.920794 0.899434
vt 0.571748 0.957699
vt 0.920977 0.899356
vt 0.919792 0.895711
vt 0.920451 0.897009
vt 0.920093 0.896175
vt 0.919767 0.896537
vt 0.919636 0.896107
vt 0.919540 0.895548
vt 0.866863 0.974630
vt 0.871520 0.974631
vt 0.871519 0.977296
vt 0.871522 0.972022
vt 0.884147 0.895271
vt 0.881581 0.897012
vt 0.880619 0.895272
vt 0.886025 0.896542
vt 0.866867 0.971173
vt 0.866862 0.977296
vt 0.886765 0.896206
vt 0.886783 0.895657
vt 0.887134 0.896856
vt 0.767083 0.994478
vt 0.767736 0.994478
vt 0.767673 0.999135
vt 0.768212 0.999133
vt 0.924196 0.895271
vt 0.924251 0.895823
vt 0.919644 0.896407
vt 0.890772 0.899259
vt 0.887723 0.898946
vt 0.886476 0.897359
vt 0.924405 0.896440
vt 0.919748 0.896994
vt 0.999823 0.717590
vt 0.999056 0.717544
vt 0.999823 0.712925
vt 0.919828 0.898340
vt 0.919851 0.897215
vt 0.919589 0.898085
vt 0.571747 0.963672
vt 0.574075 0.962041
vt 0.574076 0.965282
vt 0.571750 0.966856
vt 0.571746 0.960402
vt 0.919698 0.899112
vt 0.920070 0.898156
vt 0.574081 0.968383
vt 0.919672 0.900045
vt 0.571754 0.969133
vt 0.574088 0.971241
vt 0.574296 0.968907
vt 0.574293 0.967409
vt 0.574291 0.965858
vt 0.574097 0.973755
vt 0.574304 0.971691
vt 0.574300 0.970339
vt 0.571763 0.972546
vt 0.571757 0.970564
vt 0.919744 0.902903
vt 0.919693 0.900847
vt 0.919783 0.902296
vt 0.919946 0.905744
vt 0.919997 0.904600
vt 0.919777 0.905026
vt 0.919464 0.902231
vt 0.919404 0.899562
vt 0.919516 0.899773
vt 0.919261 0.899842
vt 0.927466 0.999721
vt 0.926576 0.999721
vt 0.926692 0.995065
vt 0.927283 0.995065
vt 0.028376 0.991981
vt 0.027652 0.991981
vt 0.028322 0.987333
vt 0.027724 0.987331
vt 0.919428 0.899174
vt 0.894816 0.901133
vt 0.894972 0.901920
vt 0.897830 0.905747
vt 0.895562 0.901978
vt 0.900140 0.909519
vt 0.898298 0.908517
vt 0.896713 0.905663
vt 0.895204 0.903733
vt 0.894045 0.902581
vt 0.897928 0.902463
vt 0.900880 0.909183
vt 0.901753 0.909420
vt 0.901147 0.907750
vt 0.899956 0.905370
vt 0.877714 0.987700
vt 0.882348 0.986973
vt 0.882386 0.988440
vt 0.882451 0.990448
vt 0.871547 0.992294
vt 0.866890 0.992294
vt 0.866880 0.989681
vt 0.877798 0.990442
vt 0.895925 0.901447
vt 0.895428 0.899955
vt 0.871537 0.989682
vt 0.866871 0.986691
vt 0.895555 0.900797
vt 0.892531 0.897920
vt 0.871528 0.986692
vt 0.866866 0.983415
vt 0.871522 0.983416
vt 0.919174 0.897933
vt 0.919206 0.896560
vt 0.919298 0.898745
vt 0.254832 0.961357
vt 0.254179 0.961365
vt 0.254182 0.956707
vt 0.923857 0.897909
vt 0.254832 0.956699
vt 0.866862 0.979952
vt 0.871519 0.979953
vt 0.919356 0.895767
vt 0.889326 0.896421
vt 0.923912 0.898460
vt 0.924036 0.899045
vt 0.900938 0.910304
vt 0.901263 0.909603
vt 0.902212 0.911137
vt 0.877650 0.984609
vt 0.882316 0.985424
vt 0.924524 0.905235
vt 0.924669 0.905977
vt 0.920006 0.906337
vt 0.041286 0.965999
vt 0.040821 0.965999
vt 0.040832 0.961343
vt 0.920156 0.906958
vt 0.924505 0.904908
vt 0.920190 0.908142
vt 0.977393 0.985977
vt 0.978020 0.986022
vt 0.977394 0.990647
vt 0.920770 0.910508
vt 0.920783 0.911074
vt 0.920315 0.907279
vt 0.920121 0.906459
vt 0.978020 0.990688
vt 0.921221 0.913387
vt 0.921424 0.915479
vt 0.920970 0.913203
vt 0.920557 0.910630
vt 0.882250 0.979539
vt 0.877596 0.979533
vt 0.877589 0.976875
vt 0.921418 0.915830
vt 0.877616 0.982123
vt 0.900746 0.919246
vt 0.900862 0.914738
vt 0.902596 0.917313
vt 0.902596 0.913773
vt 0.882280 0.982967
vt 0.901580 0.919477
vt 0.902211 0.919957
vt 0.882242 0.976881
vt 0.899582 0.918117
vt 0.899759 0.914855
vt 0.475671 0.999835
vt 0.474768 0.999852
vt 0.474804 0.995194
vt 0.268189 0.999870
vt 0.267278 0.999888
vt 0.267466 0.995236
vt 0.475671 0.995177
vt 0.900689 0.920172
vt 0.898803 0.921290
vt 0.654758 0.968466
vt 0.648166 0.968590
vt 0.648151 0.966044
vt 0.654758 0.971733
vt 0.654735 0.965262
vt 0.505442 0.931101
vt 0.503533 0.931039
vt 0.503798 0.928045
vt 0.502721 0.928589
vt 0.648122 0.963717
vt 0.504661 0.933218
vt 0.506627 0.927452
vt 0.508133 0.931047
vt 0.507082 0.934332
vt 0.506050 0.935240
vt 0.542828 0.689481
vt 0.543890 0.688536
vt 0.543890 0.690030
vt 0.507878 0.935629
vt 0.510047 0.933599
vt 0.872927 0.243594
vt 0.871971 0.242885
vt 0.872927 0.242517
vt 0.872065 0.241616
vt 0.937699 0.993316
vt 0.936940 0.994224
vt 0.936897 0.991406
vt 0.937817 0.997146
vt 0.937042 0.997191
vt 0.513495 0.936064
vt 0.948625 0.895591
vt 0.953569 0.895271
vt 0.951819 0.896094
vt 0.998109 0.017071
vt 0.997333 0.017098
vt 0.997322 0.012720
vt 0.954730 0.898600
vt 0.951845 0.896801
vt 0.958558 0.896818
vt 0.939412 0.244175
vt 0.938823 0.244175
vt 0.939161 0.241927
vt 0.951303 0.896377
vt 0.703299 0.337835
vt 0.703906 0.337728
vt 0.703906 0.339989
vt 0.933512 0.066973
vt 0.932874 0.066973
vt 0.933261 0.064721
vt 0.951034 0.900944
vt 0.945938 0.898684
vt 0.949954 0.901967
vt 0.070198 0.718707
vt 0.070300 0.716297
vt 0.070300 0.720646
vt 0.956241 0.902961
vt 0.946087 0.898022
vt 0.946462 0.904459
vt 0.948425 0.903444
vt 0.952048 0.902248
vt 0.950141 0.902559
vt 0.971137 0.279707
vt 0.975988 0.279224
vt 0.975988 0.281154
vt 0.971137 0.281152
vt 0.975990 0.282943
vt 0.971138 0.278261
vt 0.895217 0.328123
vt 0.896316 0.327173
vt 0.975991 0.277340
vt 0.971143 0.276471
vt 0.894136 0.329723
vt 0.975995 0.276058
vt 0.971149 0.274996
vt 0.893603 0.331580
vt 0.894667 0.330149
vt 0.998696 0.293641
vt 0.999474 0.640024
vt 0.998506 0.639302
vt 0.956213 0.689185
vt 0.961019 0.688668
vt 0.961132 0.690206
vt 0.893663 0.333431
vt 0.956138 0.687601
vt 0.946351 0.906081
vt 0.945948 0.908135
vt 0.945245 0.907208
vt 0.946234 0.910365
vt 0.960948 0.686618
vt 0.205629 0.683742
vt 0.354579 0.745297
vt 0.354461 0.747953
vt 0.354462 0.745458
vt 0.947069 0.904818
vt 0.354579 0.748906
vt 0.949792 0.064721
vt 0.949792 0.067026
vt 0.949325 0.066919
vt 0.905269 0.067270
vt 0.904555 0.065101
vt 0.905269 0.064997
vt 0.932739 0.064721
vt 0.932874 0.066969
vt 0.932233 0.066969
vt 0.959348 0.899811
vt 0.958690 0.906182
vt 0.354471 0.738570
vt 0.354579 0.737617
vt 0.354579 0.741630
vt 0.961828 0.908137
vt 0.354453 0.759745
vt 0.354565 0.758834
vt 0.354565 0.762362
vt 0.958855 0.910156
vt 0.958849 0.907136
vt 0.958453 0.911081
vt 0.958206 0.909369
vt 0.958191 0.907435
vt 0.956176 0.914035
vt 0.956840 0.912434
vt 0.419525 0.631802
vt 0.419409 0.632230
vt 0.419412 0.628721
vt 0.957623 0.911210
vt 0.419530 0.627879
vt 0.952419 0.918179
vt 0.956475 0.913726
vt 0.959888 0.915751
vt 0.952032 0.915282
vt 0.419411 0.635430
vt 0.419530 0.636408
vt 0.953163 0.915231
vt 0.954051 0.914299
vt 0.951176 0.914538
vt 0.952630 0.914608
vt 0.937695 0.282889
vt 0.942544 0.281757
vt 0.942546 0.283130
vt 0.942549 0.284329
vt 0.956266 0.680775
vt 0.961132 0.680474
vt 0.937699 0.284700
vt 0.898499 0.338425
vt 0.937692 0.280799
vt 0.942543 0.279827
vt 0.955766 0.913413
vt 0.937692 0.278868
vt 0.942544 0.278393
vt 0.354450 0.720451
vt 0.354584 0.719299
vt 0.354584 0.721447
vt 0.959449 0.919596
vt 0.956929 0.920892
vt 0.954191 0.921626
vt 0.958458 0.918112
vt 0.952903 0.920397
vt 0.950300 0.921626
vt 0.952368 0.920018
vt 0.946248 0.920383
vt 0.946826 0.919034
vt 0.946415 0.918506
vt 0.957966 0.918580
vt 0.958771 0.918898
vt 0.997776 0.579118
vt 0.997001 0.581596
vt 0.997000 0.578763
vt 0.997002 0.574928
vt 0.962324 0.916984
vt 0.997778 0.574928
vt 0.963200 0.914466
vt 0.964082 0.914332
vt 0.997006 0.572022
vt 0.512716 0.910089
vt 0.517057 0.911167
vt 0.513083 0.912611
vt 0.510490 0.914455
vt 0.997782 0.572022
vt 0.997015 0.568872
vt 0.997791 0.568872
vt 0.507949 0.917839
vt 0.508613 0.912617
vt 0.509487 0.911323
vt 0.085939 0.336354
vt 0.087050 0.336241
vt 0.087050 0.337352
vt 0.508730 0.911381
vt 0.509577 0.909967
vt 0.508973 0.912544
vt 0.782207 0.338897
vt 0.782207 0.340128
vt 0.781147 0.339855
vt 0.507097 0.912080
vt 0.742914 0.960452
vt 0.742909 0.963298
vt 0.742178 0.962252
vt 0.505054 0.914619
vt 0.749508 0.961837
vt 0.749514 0.959153
vt 0.742920 0.957955
vt 0.887482 0.932227
vt 0.890492 0.930981
vt 0.888650 0.933527
vt 0.892580 0.929703
vt 0.891922 0.930832
vt 0.749519 0.957381
vt 0.887844 0.933341
vt 0.999095 0.119181
vt 0.999925 0.119213
vt 0.999350 0.123852
vt 0.999925 0.123872
vt 0.929654 0.930854
vt 0.929821 0.931751
vt 0.925134 0.932035
vt 0.888354 0.934396
vt 0.925288 0.932653
vt 0.999019 0.573551
vt 0.999839 0.573569
vt 0.999169 0.578213
vt 0.888490 0.934981
vt 0.886779 0.935441
vt 0.887581 0.934103
vt 0.667395 0.849521
vt 0.668198 0.849551
vt 0.667505 0.854177
vt 0.884293 0.932889
vt 0.884152 0.935828
vt 0.883190 0.934088
vt 0.999839 0.578226
vt 0.749504 0.964821
vt 0.742905 0.966393
vt 0.881077 0.932944
vt 0.749502 0.967961
vt 0.512407 0.908357
vt 0.515659 0.908083
vt 0.742904 0.969629
vt 0.515488 0.907304
vt 0.779000 0.338897
vt 0.779000 0.340150
vt 0.777923 0.339704
vt 0.517078 0.908845
vt 0.826627 0.591988
vt 0.826627 0.593479
vt 0.825776 0.592780
vt 0.516930 0.907554
vt 0.516111 0.908553
vt 0.517897 0.906884
vt 0.742904 0.972082
vt 0.742382 0.971044
vt 0.520343 0.906846
vt 0.749503 0.974498
vt 0.742906 0.974498
vt 0.749502 0.971264
vt 0.749506 0.976842
vt 0.874780 0.931239
vt 0.877829 0.932386
vt 0.878395 0.933729
vt 0.874210 0.931610
vt 0.877674 0.934319
vt 0.872653 0.930031
vt 0.742908 0.976843
vt 0.749510 0.979045
vt 0.869662 0.930241
vt 0.870738 0.928505
vt 0.869958 0.929372
vt 0.869029 0.926751
vt 0.742913 0.979757
vt 0.749514 0.981096
vt 0.742911 0.978334
vt 0.742651 0.978964
vt 0.522776 0.907114
vt 0.524364 0.907494
vt 0.525065 0.907922
vt 0.525717 0.909022
vt 0.525911 0.908022
vt 0.523999 0.908767
vt 0.796848 0.339652
vt 0.797856 0.338897
vt 0.797856 0.340133
vt 0.524280 0.909091
vt 0.524596 0.910263
vt 0.527401 0.908692
vt 0.749519 0.982913
vt 0.742922 0.982913
vt 0.742917 0.981097
vt 0.529493 0.909967
vt 0.867152 0.925122
vt 0.867612 0.924752
vt 0.568458 0.091662
vt 0.575032 0.091673
vt 0.574858 0.094205
vt 0.864135 0.921937
vt 0.866162 0.921827
vt 0.869117 0.929256
vt 0.865766 0.927228
vt 0.863998 0.924155
vt 0.863018 0.921679
vt 0.931395 0.929434
vt 0.926825 0.930243
vt 0.926566 0.927641
vt 0.931136 0.926832
vt 0.796809 0.992401
vt 0.792152 0.992401
vt 0.792145 0.989591
vt 0.868038 0.929945
vt 0.868891 0.930026
vt 0.870747 0.932226
vt 0.796800 0.988843
vt 0.792140 0.986448
vt 0.796804 0.990339
vt 0.796797 0.986448
vt 0.926949 0.931922
vt 0.926992 0.932878
vt 0.926892 0.932479
vt 0.926998 0.934047
vt 0.926788 0.932234
vt 0.926524 0.932873
vt 0.926493 0.931864
vt 0.926662 0.931441
vt 0.931227 0.930648
vt 0.931394 0.931546
vt 0.999091 0.593521
vt 0.999820 0.593494
vt 0.999820 0.598154
vt 0.969197 0.045748
vt 0.969194 0.043445
vt 0.971524 0.044239
vt 0.971520 0.041980
vt 0.971527 0.046545
vt 0.926491 0.930778
vt 0.926425 0.932570
vt 0.926400 0.934154
vt 0.926238 0.933050
vt 0.969199 0.048155
vt 0.971528 0.049786
vt 0.968985 0.048771
vt 0.968984 0.047158
vt 0.968986 0.050400
vt 0.969200 0.050605
vt 0.968986 0.052032
vt 0.969200 0.053056
vt 0.971528 0.053056
vt 0.925944 0.932936
vt 0.926318 0.934095
vt 0.925813 0.933313
vt 0.925586 0.932296
vt 0.971527 0.055974
vt 0.926381 0.935512
vt 0.926081 0.935048
vt 0.925259 0.932167
vt 0.792134 0.975997
vt 0.796791 0.975996
vt 0.796791 0.978662
vt 0.926633 0.935676
vt 0.926485 0.934992
vt 0.796793 0.973387
vt 0.878842 0.934368
vt 0.880623 0.935829
vt 0.792134 0.978662
vt 0.877988 0.935443
vt 0.878250 0.934914
vt 0.792137 0.972539
vt 0.930939 0.933657
vt 0.931092 0.934303
vt 0.925982 0.995065
vt 0.926557 0.995041
vt 0.926557 0.999703
vt 0.999253 0.167178
vt 0.999945 0.167166
vt 0.999945 0.171825
vt 0.999144 0.171837
vt 0.926544 0.934942
vt 0.999821 0.611385
vt 0.999019 0.611425
vt 0.999069 0.606760
vt 0.876277 0.934983
vt 0.796791 0.980438
vt 0.792134 0.980438
vt 0.796793 0.983066
vt 0.926907 0.935134
vt 0.926765 0.935580
vt 0.792136 0.983067
vt 0.873810 0.933999
vt 0.796795 0.970868
vt 0.925722 0.934214
vt 0.792140 0.970047
vt 0.792142 0.968468
vt 0.796799 0.968468
vt 0.925324 0.933097
vt 0.924290 0.928474
vt 0.924883 0.931647
vt 0.792147 0.966260
vt 0.796804 0.966260
vt 0.792154 0.963638
vt 0.894020 0.932223
vt 0.890958 0.933997
vt 0.877753 0.964350
vt 0.882451 0.962959
vt 0.882386 0.965079
vt 0.896103 0.930570
vt 0.896006 0.928802
vt 0.796809 0.964240
vt 0.877821 0.962278
vt 0.882332 0.967411
vt 0.923921 0.927987
vt 0.923244 0.925061
vt 0.923488 0.925804
vt 0.924415 0.929953
vt 0.877679 0.967404
vt 0.882280 0.970732
vt 0.899954 0.925725
vt 0.897925 0.928632
vt 0.897103 0.928589
vt 0.896741 0.929120
vt 0.927904 0.924377
vt 0.928028 0.924962
vt 0.999191 0.004669
vt 0.999978 0.004698
vt 0.999308 0.009334
vt 0.896734 0.927939
vt 0.927849 0.923825
vt 0.923334 0.925186
vt 0.923290 0.924661
vt 0.922562 0.921847
vt 0.901391 0.967412
vt 0.900819 0.967353
vt 0.901391 0.962730
vt 0.922448 0.920334
vt 0.923000 0.922818
vt 0.923459 0.925318
vt 0.999817 0.606743
vt 0.999125 0.606691
vt 0.999817 0.602066
vt 0.900813 0.962667
vt 0.922379 0.919795
vt 0.921636 0.916405
vt 0.921896 0.918444
vt 0.921575 0.916341
vt 0.877596 0.974213
vt 0.882250 0.974220
vt 0.877626 0.970726
vt 0.898390 0.923749
vt 0.901449 0.922509
vt 0.901318 0.920299
vt 0.897448 0.924261
vt 0.895564 0.926926
vt 0.648142 0.974946
vt 0.654735 0.974948
vt 0.654688 0.978000
vt 0.648166 0.971730
vt 0.502287 0.922225
vt 0.505576 0.919480
vt 0.503792 0.926604
vt 0.502218 0.925490
vt 0.503542 0.919557
vt 0.648096 0.977997
vt 0.502963 0.919032
vt 0.847059 0.241888
vt 0.847059 0.243906
vt 0.845982 0.243697
vt 0.503458 0.918354
vt 0.782918 0.338897
vt 0.783291 0.340098
vt 0.782207 0.340098
vt 0.542828 0.688536
vt 0.542828 0.689963
vt 0.541693 0.689571
vt 0.846014 0.242337
vt 0.822095 0.591988
vt 0.822095 0.593402
vt 0.821115 0.592372
vt 0.416942 0.761604
vt 0.418172 0.760738
vt 0.418172 0.761998
vt 0.504731 0.918108
vt 0.503836 0.916743
vt 0.654640 0.980127
vt 0.648047 0.980124
vt 0.647386 0.978602
vt 0.654601 0.981434
vt 0.647987 0.982035
vt 0.893856 0.928682
vt 0.896126 0.928008
vt 0.506350 0.923220
vt 0.937715 0.982018
vt 0.936920 0.983396
vt 0.937042 0.978326
vt 0.937673 0.985139
vt 0.936882 0.987621
vt 0.937817 0.978330
vt 0.964221 0.902992
vt 0.965207 0.906025
vt 0.963894 0.907662
vt 0.965239 0.910261
vt 0.964385 0.908142
vt 0.963645 0.908292
vt 0.917180 0.875335
vt 0.917587 0.877555
vt 0.916921 0.877555
vt 0.908839 0.064997
vt 0.909156 0.067244
vt 0.908447 0.067244
vt 0.945167 0.693019
vt 0.944622 0.690803
vt 0.945167 0.690766
vt 0.961885 0.899450
vt 0.962591 0.902245
vt 0.937660 0.989375
vt 0.961851 0.902395
vt 0.917587 0.875412
vt 0.918249 0.875335
vt 0.918249 0.877569
vt 0.908503 0.412286
vt 0.907793 0.412286
vt 0.908182 0.410039
vt 0.962100 0.901765
vt 0.945297 0.066969
vt 0.944751 0.066969
vt 0.944908 0.064721
vt 0.409573 0.762067
vt 0.410258 0.760738
vt 0.410754 0.762067
vt 0.105849 0.336678
vt 0.106890 0.336241
vt 0.106890 0.337332
vt 0.503073 0.926983
vt 0.107914 0.336241
vt 0.107914 0.337335
vt 0.106890 0.336956
vt 0.647129 0.970140
vt 0.925989 0.914686
vt 0.926145 0.915531
vt 0.694253 0.980280
vt 0.694844 0.980280
vt 0.694845 0.984937
vt 0.694201 0.984937
vt 0.921778 0.916608
vt 0.268189 0.995214
vt 0.921535 0.915678
vt 0.681986 0.955744
vt 0.684322 0.954124
vt 0.684309 0.957379
vt 0.681985 0.959017
vt 0.684319 0.960642
vt 0.681777 0.956560
vt 0.681784 0.954937
vt 0.682001 0.953321
vt 0.668224 0.958195
vt 0.664774 0.956361
vt 0.681777 0.958192
vt 0.681782 0.959820
vt 0.681793 0.961428
vt 0.668229 0.959834
vt 0.905845 0.918599
vt 0.905566 0.916980
vt 0.905936 0.918512
vt 0.668240 0.961454
vt 0.905301 0.915374
vt 0.906039 0.919561
vt 0.765478 0.881470
vt 0.764458 0.878194
vt 0.765478 0.878129
vt 0.905969 0.918326
vt 0.770779 0.562982
vt 0.767441 0.562875
vt 0.767441 0.562087
vt 0.770896 0.562653
vt 0.770783 0.563932
vt 0.764431 0.881534
vt 0.770778 0.562090
vt 0.770782 0.556914
vt 0.767445 0.556912
vt 0.906498 0.918495
vt 0.906400 0.918315
vt 0.903924 0.903684
vt 0.767446 0.556131
vt 0.904620 0.910772
vt 0.904438 0.909355
vt 0.904280 0.908017
vt 0.904149 0.906771
vt 0.904045 0.905627
vt 0.903970 0.904595
vt 0.903907 0.902903
vt 0.587859 0.968778
vt 0.587863 0.970226
vt 0.587867 0.971595
vt 0.903920 0.902259
vt 0.587857 0.967264
vt 0.587855 0.965696
vt 0.587871 0.972872
vt 0.574308 0.972952
vt 0.587876 0.974047
vt 0.574313 0.974111
vt 0.681975 0.969921
vt 0.668424 0.969992
vt 0.668381 0.968774
vt 0.681932 0.968706
vt 0.682118 0.968114
vt 0.682203 0.970561
vt 0.684409 0.966750
vt 0.682052 0.965309
vt 0.681894 0.967395
vt 0.684485 0.969387
vt 0.668342 0.967457
vt 0.668309 0.966055
vt 0.681861 0.965999
vt 0.668280 0.964578
vt 0.681833 0.964531
vt 0.681810 0.963003
vt 0.682007 0.962242
vt 0.668258 0.963039
vt 0.905054 0.913795
vt 0.904826 0.912257
vt 0.684350 0.963534
vt 0.770784 0.556031
vt 0.767450 0.555298
vt 0.906189 0.916052
vt 0.906683 0.919152
vt 0.603334 0.875027
vt 0.602751 0.875816
vt 0.602766 0.872832
vt 0.603353 0.871908
vt 0.905795 0.913099
vt 0.603353 0.877957
vt 0.905497 0.915356
vt 0.905622 0.914759
vt 0.905844 0.916454
vt 0.905964 0.918326
vt 0.602793 0.878682
vt 0.909207 0.916209
vt 0.906063 0.917858
vt 0.909337 0.917147
vt 0.909277 0.916741
vt 0.938352 0.911657
vt 0.938455 0.912336
vt 0.909403 0.917560
vt 0.909506 0.918159
vt 0.906319 0.919300
vt 0.909594 0.918627
vt 0.906688 0.921143
vt 0.906361 0.920475
vt 0.909666 0.918991
vt 0.909783 0.919542
vt 0.906969 0.922385
vt 0.907176 0.924148
vt 0.906747 0.922334
vt 0.907235 0.923400
vt 0.909899 0.920037
vt 0.909976 0.920339
vt 0.980261 0.339118
vt 0.979920 0.339117
vt 0.982027 0.336010
vt 0.907683 0.925935
vt 0.272634 0.757922
vt 0.273216 0.757657
vt 0.272635 0.756636
vt 0.273222 0.755362
vt 0.908368 0.926851
vt 0.908112 0.925508
vt 0.908294 0.925930
vt 0.904745 0.925681
vt 0.905010 0.926963
vt 0.908690 0.926769
vt 0.910208 0.928146
vt 0.908459 0.927503
vt 0.910652 0.933544
vt 0.910353 0.929440
vt 0.910470 0.930636
vt 0.910560 0.931726
vt 0.910620 0.932698
vt 0.955412 0.040912
vt 0.955408 0.039588
vt 0.968972 0.039815
vt 0.955415 0.042321
vt 0.968976 0.041144
vt 0.969189 0.040589
vt 0.968979 0.042555
vt 0.971514 0.039284
vt 0.969184 0.038655
vt 0.971509 0.037703
vt 0.926264 0.927468
vt 0.926369 0.928055
vt 0.926390 0.928927
vt 0.926791 0.931752
vt 0.123766 0.999745
vt 0.122880 0.999762
vt 0.122917 0.995104
vt 0.174688 0.990675
vt 0.173887 0.990702
vt 0.173966 0.986048
vt 0.174688 0.986008
vt 0.926305 0.925455
vt 0.926176 0.925355
vt 0.930875 0.924645
vt 0.925983 0.923081
vt 0.926190 0.925020
vt 0.930312 0.920622
vt 0.925616 0.920594
vt 0.926035 0.924300
vt 0.930668 0.923084
vt 0.929773 0.917211
vt 0.862175 0.913787
vt 0.863909 0.916362
vt 0.862175 0.917327
vt 0.864033 0.920695
vt 0.862559 0.919963
vt 0.865064 0.917061
vt 0.864627 0.921101
vt 0.863559 0.921343
vt 0.999255 0.053963
vt 1.000000 0.053975
vt 1.000000 0.058628
vt 0.843863 0.976001
vt 0.843194 0.976002
vt 0.843212 0.971345
vt 0.843863 0.971344
vt 0.926009 0.924458
vt 0.930597 0.923761
vt 0.926030 0.925326
vt 0.925605 0.922109
vt 0.923573 0.924349
vt 0.923891 0.927028
vt 0.923687 0.927317
vt 0.923548 0.926051
vt 0.923798 0.928486
vt 0.924065 0.928809
vt 0.955405 0.038362
vt 0.968969 0.038580
vt 0.923384 0.924699
vt 0.923196 0.923271
vt 0.922986 0.921781
vt 0.923160 0.921387
vt 0.922667 0.918241
vt 0.924972 0.917965
vt 0.922754 0.920242
vt 0.925390 0.920149
vt 0.925203 0.918020
vt 0.924777 0.915935
vt 0.999802 0.680085
vt 0.999039 0.680128
vt 0.999176 0.675457
vt 0.999802 0.675418
vt 0.965232 0.931286
vt 0.964551 0.931258
vt 0.965232 0.926626
vt 0.930782 0.924667
vt 0.865427 0.919487
vt 0.568283 0.094195
vt 0.574753 0.096325
vt 0.568178 0.096315
vt 0.574676 0.098612
vt 0.533584 0.913938
vt 0.532452 0.914252
vt 0.532311 0.913066
vt 0.567584 0.095213
vt 0.568101 0.098601
vt 0.534877 0.916022
vt 0.091282 0.336396
vt 0.092336 0.336241
vt 0.092336 0.337372
vt 0.531161 0.913310
vt 0.530623 0.916881
vt 0.536189 0.919041
vt 0.117956 0.336241
vt 0.117956 0.337277
vt 0.116925 0.337171
vt 0.531610 0.914205
vt 0.527436 0.913588
vt 0.532585 0.921787
vt 0.821056 0.322090
vt 0.821964 0.320155
vt 0.821741 0.323976
vt 0.820930 0.324959
vt 0.821637 0.329158
vt 0.820864 0.329156
vt 0.943555 0.918671
vt 0.946142 0.919134
vt 0.940455 0.066995
vt 0.939896 0.066910
vt 0.940455 0.064721
vt 0.934142 0.064816
vt 0.934770 0.064721
vt 0.934770 0.066994
vt 0.918908 0.877575
vt 0.918249 0.877484
vt 0.918908 0.875335
vt 0.821705 0.334479
vt 0.522325 0.911273
vt 0.821299 0.318908
vt 0.997011 0.587624
vt 0.997780 0.584285
vt 0.997791 0.588877
vt 0.997004 0.584315
vt 0.574615 0.101667
vt 0.568031 0.101809
vt 0.536116 0.920853
vt 0.567394 0.103567
vt 0.534942 0.921588
vt 0.822966 0.338758
vt 0.822966 0.340175
vt 0.822012 0.339253
vt 0.798839 0.338897
vt 0.798839 0.340143
vt 0.797856 0.339537
vt 0.531983 0.912080
vt 0.986373 0.995102
vt 0.987065 0.995100
vt 0.987065 0.999757
vt 0.999255 0.058617
vt 0.863128 0.911408
vt 0.929325 0.914584
vt 0.862560 0.911143
vt 0.863322 0.908590
vt 0.924277 0.912779
vt 0.928847 0.911970
vt 0.923611 0.909376
vt 0.928181 0.908567
vt 0.922877 0.906341
vt 0.922929 0.906163
vt 0.922732 0.905525
vt 0.927499 0.905353
vt 0.922252 0.903236
vt 0.864817 0.905375
vt 0.866846 0.902468
vt 0.867710 0.902805
vt 0.867896 0.902055
vt 0.926989 0.903116
vt 0.868668 0.900530
vt 0.999911 0.180792
vt 0.999277 0.180781
vt 0.999911 0.176134
vt 0.999891 0.162393
vt 0.999118 0.162393
vt 0.999089 0.157736
vt 0.926492 0.901100
vt 0.999918 0.157736
vt 0.999224 0.733229
vt 0.999799 0.733218
vt 0.999799 0.737876
vt 0.868208 0.903211
vt 0.927310 0.905241
vt 0.927451 0.905793
vt 0.998975 0.737890
vt 0.999081 0.176121
vt 0.986193 0.999759
vt 0.955417 0.043803
vt 0.968981 0.044037
vt 0.955419 0.045346
vt 0.968983 0.045575
vt 0.910626 0.934832
vt 0.910569 0.935262
vt 0.910654 0.934258
vt 0.955421 0.046935
vt 0.955422 0.048556
vt 0.910483 0.935544
vt 0.955423 0.050196
vt 0.910368 0.935676
vt 0.955423 0.051840
vt 0.910227 0.935655
vt 0.955422 0.053474
vt 0.910060 0.935483
vt 0.908943 0.931649
vt 0.905184 0.928083
vt 0.905668 0.932229
vt 0.952073 0.058727
vt 0.955410 0.058726
vt 0.955412 0.059306
vt 0.908985 0.932164
vt 0.909868 0.935161
vt 0.955420 0.056653
vt 0.955421 0.055083
vt 0.968985 0.055245
vt 0.909654 0.934692
vt 0.968986 0.053651
vt 0.968983 0.056798
vt 0.969199 0.055466
vt 0.969196 0.057773
vt 0.971523 0.059241
vt 0.969192 0.060636
vt 0.968979 0.059733
vt 0.968981 0.058299
vt 0.955416 0.059621
vt 0.955418 0.058170
vt 0.955413 0.061252
vt 0.909418 0.934080
vt 0.909164 0.933330
vt 0.908910 0.932387
vt 0.908839 0.932258
vt 0.952075 0.060808
vt 0.955413 0.060677
vt 0.968973 0.062354
vt 0.952072 0.062286
vt 0.968976 0.061089
vt 0.968970 0.063518
vt 0.969187 0.062578
vt 0.681984 0.944970
vt 0.681940 0.946156
vt 0.665049 0.946256
vt 0.665098 0.944923
vt 0.952069 0.063605
vt 0.952065 0.064626
vt 0.951941 0.065873
vt 0.951955 0.061347
vt 0.665011 0.947516
vt 0.903929 0.922858
vt 0.904871 0.927072
vt 0.905247 0.931756
vt 0.904072 0.927250
vt 0.905704 0.932885
vt 0.952075 0.059670
vt 0.904426 0.924459
vt 0.903179 0.919521
vt 0.903511 0.920217
vt 0.903995 0.922579
vt 0.903246 0.919161
vt 0.770902 0.556191
vt 0.902783 0.921002
vt 0.902596 0.919289
vt 0.664978 0.948860
vt 0.664850 0.949922
vt 0.681901 0.947440
vt 0.664950 0.950276
vt 0.681867 0.948813
vt 0.681838 0.950262
vt 0.682125 0.946738
vt 0.682072 0.948769
vt 0.684415 0.948077
vt 0.684357 0.951011
vt 0.682031 0.950989
vt 0.681796 0.953337
vt 0.681814 0.951774
vt 0.664908 0.953305
vt 0.664927 0.951731
vt 0.664896 0.954840
vt 0.684485 0.945705
vt 0.923633 0.925639
vt 0.924189 0.927896
vt 0.682188 0.944893
vt 0.971517 0.061946
vt 0.971513 0.063378
vt 0.924534 0.929170
vt 0.925077 0.930963
vt 0.925090 0.931510
vt 0.908861 0.926667
vt 0.272631 0.760882
vt 0.979397 0.339115
vt 0.979969 0.368736
vt 0.979357 0.368734
vt 0.748495 0.163615
vt 0.748904 0.166100
vt 0.749136 0.163923
vt 0.980488 0.368738
vt 0.749829 0.164085
vt 0.938845 0.914379
vt 0.938981 0.914956
vt 0.750541 0.164095
vt 0.938708 0.913729
vt 0.751239 0.163952
vt 0.752238 0.165922
vt 0.753981 0.164866
vt 0.751891 0.163662
vt 0.997482 0.218038
vt 0.997490 0.216000
vt 0.938576 0.913037
vt 0.752465 0.163238
vt 0.752935 0.162702
vt 0.602804 0.870643
vt 0.753280 0.162078
vt 0.938269 0.911033
vt 0.909166 0.915839
vt 0.938212 0.910492
vt 0.753482 0.161394
vt 0.978512 0.829743
vt 0.978791 0.829742
vt 0.978706 0.859361
vt 0.909141 0.915565
vt 0.976899 0.826637
vt 0.905519 0.913697
vt 0.764777 0.846074
vt 0.770902 0.564038
vt 0.763699 0.881674
vt 0.999019 0.602037
vt 0.999978 0.009357
vt 0.925708 0.999736
vt 0.999821 0.606743
vt 0.123766 0.995087
vt 0.999019 0.598186
vt 0.888421 0.340062
vt 0.887376 0.338892
vt 0.888421 0.338433
vt 0.668198 0.854224
vt 0.745147 0.067066
vt 0.744141 0.066867
vt 0.745147 0.064794
vt 0.910529 0.067266
vt 0.909846 0.067169
vt 0.910529 0.064997
vt 0.962407 0.913751
vt 0.962364 0.914425
vt 0.940532 0.244195
vt 0.939972 0.244137
vt 0.940532 0.241927
vt 0.952401 0.920769
vt 0.938186 0.064779
vt 0.938787 0.064721
vt 0.938787 0.066957
vt 0.936007 0.066988
vt 0.935388 0.066906
vt 0.936007 0.064721
vt 0.913980 0.065075
vt 0.914643 0.064997
vt 0.914643 0.067264
vt 0.927757 0.067004
vt 0.927099 0.066887
vt 0.927757 0.064721
vt 0.911891 0.412294
vt 0.911214 0.412294
vt 0.911463 0.410039
vt 0.820047 0.338100
vt 0.820858 0.337906
vt 0.820858 0.340192
vt 0.958244 0.897481
vt 0.957653 0.898372
vt 0.817127 0.064896
vt 0.817846 0.067144
vt 0.816870 0.067144
vt 0.912989 0.064997
vt 0.913313 0.067253
vt 0.912640 0.067253
vt 0.957329 0.897783
vt 0.536652 0.854619
vt 0.536652 0.856877
vt 0.535718 0.856785
vt 0.998098 0.013401
vt 0.517491 0.937461
vt 0.514621 0.938402
vt 0.521658 0.940274
vt 0.521234 0.941625
vt 0.517977 0.941625
vt 0.409568 0.861563
vt 0.409568 0.862914
vt 0.408426 0.862032
vt 0.515037 0.939793
vt 0.507736 0.937020
vt 0.510321 0.939014
vt 0.513518 0.938989
vt 0.924024 0.065560
vt 0.924024 0.067194
vt 0.923236 0.066291
vt 0.408430 0.861138
vt 0.540527 0.688536
vt 0.540527 0.689982
vt 0.539535 0.689629
vt 0.539337 0.688852
vt 0.922459 0.066430
vt 0.922459 0.067335
vt 0.921723 0.066910
vt 0.757747 0.977577
vt 0.757752 0.979729
vt 0.756951 0.978826
vt 0.514088 0.940528
vt 0.515559 0.941244
vt 0.764347 0.979037
vt 0.764344 0.977577
vt 0.757743 0.975269
vt 0.764340 0.975269
vt 0.892784 0.901542
vt 0.890715 0.900235
vt 0.757740 0.972060
vt 0.764337 0.972060
vt 0.764358 0.982314
vt 0.757761 0.982314
vt 0.513230 0.940489
vt 0.922220 0.065560
vt 0.764351 0.980420
vt 0.647941 0.957117
vt 0.654533 0.957119
vt 0.654620 0.959487
vt 0.648028 0.959485
vt 0.506603 0.935101
vt 0.654688 0.962234
vt 0.648081 0.961505
vt 0.647191 0.961571
vt 0.899326 0.911617
vt 0.900296 0.910306
vt 0.522312 0.940879
vt 0.757740 0.968793
vt 0.756928 0.970791
vt 0.757743 0.965582
vt 0.764339 0.966697
vt 0.524434 0.941016
vt 0.523169 0.939911
vt 0.764337 0.968793
vt 0.897827 0.340163
vt 0.896870 0.338935
vt 0.897827 0.338433
vt 0.122900 0.337313
vt 0.121992 0.336797
vt 0.122900 0.336241
vt 0.522859 0.939766
vt 0.884544 0.898239
vt 0.882439 0.898089
vt 0.764343 0.964033
vt 0.879670 0.898320
vt 0.876515 0.899131
vt 0.876641 0.897837
vt 0.877232 0.897292
vt 0.406057 0.978048
vt 0.405393 0.978044
vt 0.406057 0.973407
vt 0.909181 0.988886
vt 0.908608 0.988832
vt 0.909181 0.984210
vt 0.876785 0.896653
vt 0.877992 0.895659
vt 0.512746 0.999638
vt 0.512008 0.999498
vt 0.512746 0.994903
vt 0.920871 0.898539
vt 0.925441 0.897730
vt 0.843844 0.980660
vt 0.843194 0.980660
vt 0.843254 0.976002
vt 0.871527 0.969504
vt 0.866871 0.968682
vt 0.999802 0.675375
vt 0.999039 0.675418
vt 0.999111 0.670750
vt 0.999802 0.670708
vt 0.824821 0.340145
vt 0.823893 0.339314
vt 0.824821 0.338758
vt 0.820170 0.999102
vt 0.819448 0.999045
vt 0.820170 0.994439
vt 0.819424 0.994345
vt 0.037844 0.966060
vt 0.038497 0.966051
vt 0.038497 0.970708
vt 0.571774 0.974857
vt 0.574290 0.964266
vt 0.587853 0.964088
vt 0.574289 0.962647
vt 0.587852 0.962456
vt 0.574289 0.961016
vt 0.574290 0.959386
vt 0.587852 0.960812
vt 0.843202 0.962036
vt 0.843872 0.962022
vt 0.843194 0.966687
vt 0.843872 0.966665
vt 0.767022 0.999135
vt 0.982026 0.859359
vt 0.982666 0.829741
vt 0.982674 0.859360
vt 0.752279 0.158223
vt 0.751675 0.157847
vt 0.983243 0.859361
vt 0.927233 0.904591
vt 0.389236 0.972384
vt 0.388555 0.972356
vt 0.389236 0.967725
vt 0.575032 0.116626
vt 0.820944 0.334636
vt 0.821964 0.339038
vt 0.821205 0.339239
vt 0.080450 0.337415
vt 0.081197 0.336241
vt 0.081562 0.337415
vt 0.797011 0.334350
vt 0.801137 0.338149
vt 0.797382 0.335641
vt 0.585625 0.285461
vt 0.584370 0.285826
vt 0.585023 0.284282
vt 0.585498 0.283125
vt 0.796253 0.333976
vt 0.796737 0.332253
vt 0.586365 0.285579
vt 0.799773 0.335939
vt 0.797897 0.334210
vt 0.802873 0.337302
vt 0.897802 0.987940
vt 0.897791 0.985220
vt 0.901286 0.985985
vt 0.901281 0.983899
vt 0.897786 0.982789
vt 0.793838 0.159696
vt 0.793541 0.157441
vt 0.796565 0.158396
vt 0.793838 0.155186
vt 0.796673 0.155855
vt 0.901277 0.981649
vt 0.990167 0.134584
vt 0.992097 0.132990
vt 0.992120 0.135487
vt 0.797463 0.154169
vt 0.990198 0.136444
vt 0.992160 0.137310
vt 0.734698 0.157359
vt 0.736091 0.156124
vt 0.735748 0.157106
vt 0.737803 0.155394
vt 0.738113 0.155997
vt 0.990247 0.138183
vt 0.740347 0.155375
vt 0.741513 0.156436
vt 0.994318 0.817928
vt 0.994322 0.815669
vt 0.995987 0.817202
vt 0.994320 0.820435
vt 0.995987 0.819550
vt 0.771794 0.165556
vt 0.769181 0.165556
vt 0.772862 0.164369
vt 0.766833 0.164411
vt 0.769342 0.165052
vt 0.995991 0.815595
vt 0.772308 0.163022
vt 0.766537 0.163283
vt 0.769637 0.163667
vt 0.767708 0.162461
vt 0.923709 0.789218
vt 0.923712 0.786534
vt 0.924369 0.787841
vt 0.924373 0.785981
vt 0.924049 0.785330
vt 0.914823 0.474326
vt 0.915869 0.475547
vt 0.915562 0.476676
vt 0.914638 0.472173
vt 0.913780 0.474788
vt 0.917699 0.476174
vt 0.909573 0.477573
vt 0.918940 0.479209
vt 0.918753 0.477135
vt 0.145861 0.934256
vt 0.146252 0.933943
vt 0.146524 0.934285
vt 0.919567 0.475568
vt 0.145825 0.935671
vt 0.766424 0.158618
vt 0.767141 0.160701
vt 0.768147 0.158207
vt 0.146480 0.936361
vt 0.145826 0.937808
vt 0.146524 0.939185
vt 0.771001 0.157543
vt 0.770274 0.155802
vt 0.771077 0.155375
vt 0.772757 0.155916
vt 0.768681 0.155627
vt 0.773792 0.157564
vt 0.813139 0.995146
vt 0.813092 0.992920
vt 0.814771 0.993539
vt 0.814746 0.990933
vt 0.766948 0.156574
vt 0.813078 0.990945
vt 0.744795 0.162409
vt 0.743969 0.164323
vt 0.743515 0.163955
vt 0.744338 0.161690
vt 0.741505 0.165624
vt 0.814765 0.988769
vt 0.744795 0.159647
vt 0.814831 0.987169
vt 0.813102 0.988641
vt 0.743883 0.158913
vt 0.993381 0.592596
vt 0.995308 0.590374
vt 0.995323 0.592812
vt 0.993366 0.589224
vt 0.687459 0.092898
vt 0.686111 0.091498
vt 0.687459 0.090075
vt 0.681468 0.486850
vt 0.680095 0.485471
vt 0.681468 0.483928
vt 0.742990 0.156740
vt 0.995306 0.588296
vt 0.993377 0.586449
vt 0.995323 0.585942
vt 0.802225 0.151639
vt 0.799567 0.152383
vt 0.801117 0.148802
vt 0.804272 0.152036
vt 0.803392 0.148802
vt 0.897791 0.974033
vt 0.897798 0.973127
vt 0.901287 0.973508
vt 0.901281 0.974884
vt 0.901295 0.972882
vt 0.798673 0.149534
vt 0.897785 0.976113
vt 0.796093 0.151280
vt 0.901276 0.977273
vt 0.795042 0.331227
vt 0.795042 0.326424
vt 0.796167 0.327512
vt 0.796123 0.330063
vt 0.797152 0.324557
vt 0.897783 0.978308
vt 0.897783 0.980515
vt 0.901275 0.979389
vt 0.794708 0.153085
vt 0.990334 0.523070
vt 0.990320 0.527242
vt 0.989543 0.527241
vt 0.989558 0.523069
vt 0.989524 0.529836
vt 0.797408 0.322090
vt 0.990302 0.529763
vt 0.990291 0.530388
vt 0.801514 0.319321
vt 0.799052 0.320514
vt 0.800304 0.321331
vt 0.798515 0.322736
vt 0.076311 0.972958
vt 0.076241 0.973315
vt 0.072784 0.973107
vt 0.802395 0.320436
vt 0.897806 0.972791
vt 0.805589 0.149391
vt 0.804507 0.149008
vt 0.807559 0.150528
vt 0.072720 0.973755
vt 0.076184 0.974242
vt 0.072667 0.975152
vt 0.809310 0.152384
vt 0.806419 0.153401
vt 0.076143 0.975674
vt 0.072632 0.977826
vt 0.810708 0.155469
vt 0.807747 0.155820
vt 0.072650 0.981662
vt 0.076125 0.979923
vt 0.076122 0.977516
vt 0.810708 0.159413
vt 0.807620 0.159445
vt 0.805927 0.161891
vt 0.809800 0.161798
vt 0.992454 0.190310
vt 0.994393 0.189611
vt 0.994399 0.192155
vt 0.992465 0.193830
vt 0.992452 0.187492
vt 0.808416 0.163602
vt 0.806611 0.164987
vt 0.803671 0.163068
vt 0.994392 0.187114
vt 0.992455 0.185740
vt 0.994398 0.185401
vt 0.742078 0.166025
vt 0.739425 0.166793
vt 0.738967 0.166243
vt 0.737053 0.165753
vt 0.736511 0.166080
vt 0.992460 0.185070
vt 0.994407 0.184993
vt 0.735060 0.164149
vt 0.734418 0.164325
vt 0.734047 0.161906
vt 0.733498 0.161953
vt 0.996237 0.641032
vt 0.996235 0.643556
vt 0.994565 0.642244
vt 0.996250 0.645906
vt 0.994582 0.645909
vt 0.994569 0.644275
vt 0.775409 0.159302
vt 0.775533 0.161062
vt 0.775019 0.161302
vt 0.994602 0.647228
vt 0.775063 0.162763
vt 0.773874 0.164339
vt 0.995993 0.821953
vt 0.996000 0.823714
vt 0.994328 0.822946
vt 0.994339 0.824886
vt 0.733720 0.159201
vt 0.734343 0.159309
vt 0.992107 0.131231
vt 0.990158 0.132602
vt 0.990187 0.130532
vt 0.992164 0.129814
vt 0.797244 0.160368
vt 0.799218 0.162297
vt 0.794882 0.162024
vt 0.985107 0.644856
vt 0.985130 0.646950
vt 0.981637 0.646952
vt 0.981612 0.644327
vt 0.901295 0.987936
vt 0.796950 0.164354
vt 0.985098 0.643241
vt 0.798920 0.165491
vt 0.981602 0.642121
vt 0.805419 0.337532
vt 0.807100 0.337215
vt 0.807980 0.338330
vt 0.809191 0.336321
vt 0.985093 0.640981
vt 0.810439 0.337135
vt 0.810979 0.334915
vt 0.985097 0.638731
vt 0.981602 0.639847
vt 0.801759 0.163217
vt 0.803392 0.166080
vt 0.801117 0.166080
vt 0.981610 0.637658
vt 0.805061 0.165710
vt 0.981622 0.636153
vt 0.985110 0.636642
vt 0.812343 0.333094
vt 0.812820 0.334793
vt 0.814452 0.331227
vt 0.985130 0.634858
vt 0.813189 0.330983
vt 0.814452 0.326424
vt 0.813460 0.328725
vt 0.987495 0.529878
vt 0.987395 0.525814
vt 0.988218 0.528275
vt 0.988303 0.530720
vt 0.997211 0.707183
vt 0.997246 0.703993
vt 0.998009 0.704835
vt 0.813137 0.326473
vt 0.076184 0.984148
vt 0.076241 0.986225
vt 0.072750 0.986269
vt 0.076311 0.987992
vt 0.072820 0.988036
vt 0.812570 0.323559
vt 0.812533 0.324873
vt 0.076151 0.982473
vt 0.072693 0.984192
vt 0.811013 0.322818
vt 0.673620 0.179605
vt 0.673020 0.179951
vt 0.672609 0.177370
vt 0.812617 0.322765
vt 0.988692 0.140508
vt 0.987994 0.140178
vt 0.988692 0.139194
vt 0.813364 0.323595
vt 0.673620 0.177180
vt 0.988334 0.137784
vt 0.832761 0.593435
vt 0.832434 0.592423
vt 0.832761 0.591988
vt 0.986438 0.522772
vt 0.986552 0.522189
vt 0.988126 0.522224
vt 0.987752 0.522840
vt 0.724545 0.986400
vt 0.725117 0.986134
vt 0.724807 0.996338
vt 0.567554 0.986868
vt 0.567554 0.997057
vt 0.567167 0.997296
vt 0.725307 0.996339
vt 0.567051 0.986842
vt 0.898729 0.455549
vt 0.900549 0.454815
vt 0.900800 0.455312
vt 0.900811 0.457532
vt 0.901303 0.455554
vt 0.900685 0.454102
vt 0.168526 0.992251
vt 0.168435 0.994348
vt 0.167790 0.992704
vt 0.900032 0.452170
vt 0.898949 0.453084
vt 0.993266 0.237307
vt 0.993959 0.236504
vt 0.993959 0.239725
vt 0.899155 0.456294
vt 0.897120 0.458201
vt 0.896419 0.455609
vt 0.901226 0.457642
vt 0.896970 0.453530
vt 0.167887 0.994781
vt 0.903451 0.457859
vt 0.168526 0.997526
vt 0.167978 0.997005
vt 0.904180 0.455592
vt 0.903988 0.457696
vt 0.901859 0.455512
vt 0.819499 0.111088
vt 0.820182 0.115612
vt 0.819438 0.113199
vt 0.818922 0.113396
vt 0.820166 0.099672
vt 0.820563 0.112654
vt 0.820761 0.113197
vt 0.821511 0.113225
vt 0.821331 0.118815
vt 0.904242 0.460153
vt 0.903471 0.460513
vt 0.819492 0.116017
vt 0.820731 0.119359
vt 0.821836 0.119884
vt 0.897176 0.465995
vt 0.903496 0.463933
vt 0.903516 0.467135
vt 0.822514 0.122445
vt 0.897142 0.461051
vt 0.897162 0.463865
vt 0.896080 0.464301
vt 0.897194 0.469070
vt 0.896152 0.467397
vt 0.903532 0.470028
vt 0.896931 0.471508
vt 0.895582 0.470471
vt 0.894392 0.467976
vt 0.893032 0.471360
vt 0.895111 0.472869
vt 0.892409 0.473153
vt 0.892270 0.468732
vt 0.891370 0.471521
vt 0.470326 0.860638
vt 0.467072 0.862173
vt 0.471705 0.859165
vt 0.891538 0.475120
vt 0.891030 0.467324
vt 0.466340 0.863618
vt 0.463922 0.865986
vt 0.469549 0.861845
vt 0.467408 0.863452
vt 0.988712 0.228001
vt 0.989061 0.230725
vt 0.986574 0.229644
vt 0.464892 0.865980
vt 0.236158 0.960142
vt 0.236131 0.962053
vt 0.233812 0.961398
vt 0.986909 0.232162
vt 0.010551 0.891000
vt 0.013799 0.889526
vt 0.014594 0.890512
vt 0.010056 0.892689
vt 0.007604 0.893008
vt 0.233780 0.964214
vt 0.011576 0.893763
vt 0.008917 0.895703
vt 0.007080 0.895023
vt 0.013772 0.892630
vt 0.006661 0.898098
vt 0.004190 0.898630
vt 0.005044 0.895491
vt 0.986215 0.226735
vt 0.985843 0.223521
vt 0.988158 0.223289
vt 0.002947 0.898376
vt 0.988438 0.225733
vt 0.459918 0.874665
vt 0.461731 0.869448
vt 0.462018 0.870482
vt 0.463293 0.868128
vt 0.460785 0.873829
vt 0.987785 0.219865
vt 0.460229 0.876448
vt 0.987509 0.217220
vt 0.985469 0.220096
vt 0.985105 0.216563
vt 0.000376 0.905000
vt 0.001376 0.901577
vt 0.002459 0.901993
vt 0.004882 0.900867
vt 0.003643 0.903916
vt 0.001515 0.905224
vt 0.855017 0.152710
vt 0.854970 0.149435
vt 0.859839 0.151027
vt 0.859809 0.148558
vt 0.859895 0.154257
vt 0.003075 0.906321
vt 0.859792 0.146104
vt 0.002882 0.908784
vt 0.001139 0.908569
vt 0.001596 0.913167
vt 0.000007 0.910329
vt 0.000000 0.907652
vt 0.984843 0.213902
vt 0.987245 0.214556
vt 0.986914 0.211056
vt 0.984599 0.211288
vt 0.460535 0.886027
vt 0.459410 0.882176
vt 0.460328 0.882676
vt 0.460052 0.879120
vt 0.461209 0.886131
vt 0.986619 0.207706
vt 0.462669 0.889385
vt 0.986367 0.204608
vt 0.984303 0.207938
vt 0.000527 0.913858
vt 0.001291 0.916424
vt 0.984108 0.205575
vt 0.002711 0.916782
vt 0.002415 0.918854
vt 0.983944 0.203413
vt 0.005045 0.920770
vt 0.983771 0.200858
vt 0.986166 0.201851
vt 0.004359 0.921844
vt 0.005397 0.918215
vt 0.007337 0.920873
vt 0.007566 0.923589
vt 0.006786 0.924457
vt 0.983657 0.198764
vt 0.983606 0.197191
vt 0.986260 0.197996
vt 0.009625 0.926615
vt 0.986032 0.199636
vt 0.464664 0.892341
vt 0.466974 0.894777
vt 0.463995 0.895265
vt 0.469362 0.896611
vt 0.461300 0.892306
vt 0.460615 0.895254
vt 0.464966 0.897009
vt 0.460299 0.889201
vt 0.890856 0.437877
vt 0.891705 0.437497
vt 0.891492 0.443825
vt 0.890166 0.434908
vt 0.460188 0.898201
vt 0.462470 0.898496
vt 0.887086 0.432109
vt 0.888296 0.431651
vt 0.462378 0.899594
vt 0.460063 0.901047
vt 0.409678 0.937461
vt 0.409077 0.934808
vt 0.409678 0.931560
vt 0.883499 0.434066
vt 0.883640 0.433450
vt 0.887272 0.433857
vt 0.886697 0.434684
vt 0.467646 0.899095
vt 0.468753 0.899628
vt 0.883794 0.432633
vt 0.880344 0.433437
vt 0.879623 0.432265
vt 0.877558 0.433277
vt 0.877752 0.434011
vt 0.879029 0.434427
vt 0.874400 0.434478
vt 0.874496 0.434023
vt 0.875058 0.433146
vt 0.874282 0.431058
vt 0.872679 0.432841
vt 0.941913 0.620509
vt 0.943108 0.620683
vt 0.942606 0.622688
vt 0.876383 0.431970
vt 0.878168 0.430804
vt 0.876251 0.430051
vt 0.874445 0.430188
vt 0.945484 0.622226
vt 0.945477 0.623955
vt 0.944637 0.623587
vt 0.945247 0.620888
vt 0.955524 0.621399
vt 0.944399 0.619146
vt 0.945493 0.618956
vt 0.955559 0.619416
vt 0.960183 0.620616
vt 0.960187 0.618658
vt 0.955562 0.617720
vt 0.945495 0.617501
vt 0.960042 0.616691
vt 0.955564 0.616295
vt 0.944493 0.616768
vt 0.945498 0.615599
vt 0.943969 0.612977
vt 0.955537 0.613863
vt 0.945500 0.613338
vt 0.955508 0.611370
vt 0.945500 0.610972
vt 0.959674 0.613712
vt 0.957821 0.609965
vt 0.955508 0.609407
vt 0.945499 0.608225
vt 0.955506 0.607026
vt 0.945497 0.605931
vt 0.957818 0.605893
vt 0.955504 0.605083
vt 0.955501 0.603391
vt 0.959668 0.603422
vt 0.945494 0.603377
vt 0.944462 0.603671
vt 0.945491 0.601855
vt 0.955557 0.601658
vt 0.945245 0.599849
vt 0.955553 0.600067
vt 0.960177 0.599037
vt 0.960331 0.601087
vt 0.955549 0.598541
vt 0.945482 0.598579
vt 0.960193 0.596355
vt 0.955544 0.597091
vt 0.945476 0.596821
vt 0.955538 0.595568
vt 0.945469 0.595085
vt 0.957783 0.593665
vt 0.955498 0.593599
vt 0.944473 0.596937
vt 0.944491 0.594216
vt 0.945460 0.593512
vt 0.118254 0.890511
vt 0.117041 0.890549
vt 0.116597 0.889606
vt 0.116935 0.900583
vt 0.119670 0.889542
vt 0.119930 0.890467
vt 0.118788 0.900555
vt 0.120787 0.900479
vt 0.116211 0.902866
vt 0.117506 0.905363
vt 0.119854 0.904079
vt 0.120154 0.907519
vt 0.115136 0.905543
vt 0.117183 0.907596
vt 0.919078 0.199496
vt 0.915631 0.197644
vt 0.918309 0.198167
vt 0.915898 0.196923
vt 0.115192 0.907665
vt 0.118707 0.908365
vt 0.919630 0.201117
vt 0.922934 0.203000
vt 0.921255 0.200260
vt 0.921774 0.205514
vt 0.919534 0.201808
vt 0.925908 0.207280
vt 0.925178 0.209002
vt 0.924913 0.204255
vt 0.923225 0.202128
vt 0.121775 0.905068
vt 0.123901 0.905088
vt 0.122581 0.907475
vt 0.125156 0.907445
vt 0.123240 0.900495
vt 0.121343 0.890438
vt 0.125348 0.902909
vt 0.125562 0.898761
vt 0.123875 0.890398
vt 0.126087 0.889948
vt 0.123067 0.889516
vt 0.126838 0.892387
vt 0.128997 0.890420
vt 0.129366 0.888653
vt 0.125748 0.888694
vt 0.127824 0.887655
vt 0.124339 0.887894
vt 0.127554 0.886882
vt 0.124361 0.886894
vt 0.121688 0.887836
vt 0.124854 0.886652
vt 0.120517 0.887070
vt 0.494851 0.901804
vt 0.490247 0.901034
vt 0.494335 0.901318
vt 0.942665 0.595241
vt 0.941698 0.598244
vt 0.941951 0.593813
vt 0.347912 0.773008
vt 0.347589 0.772584
vt 0.347912 0.769121
vt 0.118530 0.888114
vt 0.117170 0.887823
vt 0.943017 0.593494
vt 0.942816 0.597991
vt 0.941868 0.600313
vt 0.943783 0.600469
vt 0.942618 0.602730
vt 0.941864 0.602582
vt 0.942277 0.604134
vt 0.942557 0.605626
vt 0.943045 0.606026
vt 0.942716 0.606919
vt 0.272492 0.973494
vt 0.272756 0.973140
vt 0.272795 0.991455
vt 0.272453 0.991448
vt 0.272093 0.974192
vt 0.484818 0.901460
vt 0.483101 0.901704
vt 0.482950 0.899964
vt 0.271982 0.991442
vt 0.480173 0.900047
vt 0.481370 0.901815
vt 0.476968 0.899712
vt 0.479636 0.901792
vt 0.354559 0.719019
vt 0.354462 0.719006
vt 0.354559 0.713572
vt 0.872120 0.984368
vt 0.872181 0.984019
vt 0.877513 0.985060
vt 0.877589 0.984611
vt 0.273338 0.664788
vt 0.273194 0.664697
vt 0.273338 0.659239
vt 0.014470 0.928865
vt 0.011967 0.927915
vt 0.014429 0.927590
vt 0.017065 0.929524
vt 0.989061 0.195316
vt 0.988243 0.195763
vt 0.983651 0.195906
vt 0.983609 0.196363
vt 0.987339 0.196430
vt 0.010246 0.925627
vt 0.009732 0.923130
vt 0.012501 0.924909
vt 0.855120 0.133398
vt 0.855209 0.132186
vt 0.860057 0.132133
vt 0.860157 0.131504
vt 0.859968 0.133345
vt 0.015549 0.926148
vt 0.855309 0.131556
vt 0.990922 0.890657
vt 0.990910 0.890777
vt 0.986059 0.890774
vt 0.018774 0.926806
vt 0.019364 0.928581
vt 0.022064 0.926860
vt 0.023146 0.928507
vt 0.023291 0.929667
vt 0.019728 0.929804
vt 0.026779 0.928921
vt 0.872334 0.983058
vt 0.872568 0.981530
vt 0.875692 0.982165
vt 0.876817 0.983853
vt 0.490139 0.900047
vt 0.487086 0.900167
vt 0.485068 0.899601
vt 0.488541 0.898542
vt 0.488578 0.900436
vt 0.862165 0.891470
vt 0.862165 0.893045
vt 0.861854 0.892556
vt 0.488171 0.900581
vt 0.486511 0.901085
vt 0.271383 0.991435
vt 0.270691 0.987799
vt 0.271188 0.978051
vt 0.271559 0.975566
vt 0.270661 0.991428
vt 0.488119 0.900616
vt 0.270803 0.982659
vt 0.270462 0.990989
vt 0.941560 0.601659
vt 0.941422 0.598452
vt 0.494611 0.901175
vt 0.496716 0.900971
vt 0.128848 0.886502
vt 0.497394 0.901815
vt 0.498878 0.901350
vt 0.494284 0.899711
vt 0.497140 0.898866
vt 0.496567 0.897115
vt 0.490759 0.897507
vt 0.499271 0.898045
vt 0.499022 0.893397
vt 0.499888 0.893415
vt 0.132703 0.882981
vt 0.133052 0.878316
vt 0.133525 0.878919
vt 0.726594 0.995599
vt 0.727423 0.991579
vt 0.727423 0.998714
vt 0.132628 0.886036
vt 0.130869 0.886300
vt 0.132829 0.891392
vt 0.134216 0.880712
vt 0.133394 0.874607
vt 0.136655 0.873475
vt 0.132879 0.872127
vt 0.134789 0.871716
vt 0.501222 0.887323
vt 0.500492 0.889744
vt 0.500044 0.888541
vt 0.998999 0.428515
vt 0.999859 0.424758
vt 0.999859 0.429687
vt 0.136965 0.870073
vt 0.134780 0.867717
vt 0.132994 0.869414
vt 0.502195 0.884686
vt 0.501869 0.883432
vt 0.132542 0.868192
vt 0.135271 0.866083
vt 0.132489 0.866114
vt 0.501456 0.881338
vt 0.502236 0.881378
vt 0.501020 0.883902
vt 0.499933 0.887299
vt 0.877589 0.963469
vt 0.877214 0.966041
vt 0.874910 0.965706
vt 0.874402 0.969181
vt 0.876706 0.969516
vt 0.873468 0.967490
vt 0.036041 0.921261
vt 0.038442 0.917313
vt 0.038923 0.919018
vt 0.036952 0.921990
vt 0.873914 0.972498
vt 0.033727 0.923707
vt 0.034501 0.924581
vt 0.873462 0.975560
vt 0.876218 0.972833
vt 0.875766 0.975895
vt 0.498279 0.890459
vt 0.496109 0.893289
vt 0.493250 0.895864
vt 0.873058 0.978276
vt 0.875343 0.978800
vt 0.872792 0.980053
vt 0.875256 0.980768
vt 0.031643 0.926714
vt 0.029290 0.927992
vt 0.027623 0.927365
vt 0.025309 0.926309
vt 0.028396 0.925171
vt 0.031029 0.925720
vt 0.990958 0.886802
vt 0.990946 0.888636
vt 0.986095 0.888633
vt 0.986107 0.886800
vt 0.031222 0.923485
vt 0.990968 0.884498
vt 0.986115 0.885125
vt 0.854056 0.145174
vt 0.854435 0.147616
vt 0.853634 0.147096
vt 0.854435 0.150907
vt 0.853197 0.153962
vt 0.850852 0.152091
vt 0.851117 0.147626
vt 0.850475 0.144699
vt 0.851280 0.140217
vt 0.853306 0.142819
vt 0.707451 0.782240
vt 0.708939 0.780712
vt 0.708913 0.784574
vt 0.707488 0.778897
vt 0.708966 0.778633
vt 0.789629 0.567254
vt 0.787071 0.569162
vt 0.788706 0.566484
vt 0.793283 0.565897
vt 0.792851 0.564802
vt 0.812926 0.987255
vt 0.811463 0.987526
vt 0.811377 0.984796
vt 0.786020 0.568510
vt 0.420471 0.724209
vt 0.420467 0.727312
vt 0.419769 0.726331
vt 0.419766 0.730007
vt 0.419774 0.723672
vt 0.784612 0.572187
vt 0.784101 0.570811
vt 0.782695 0.573457
vt 0.812851 0.984785
vt 0.811318 0.982030
vt 0.812792 0.982019
vt 0.811277 0.979087
vt 0.849246 0.141966
vt 0.847483 0.139544
vt 0.812750 0.979076
vt 0.845262 0.137534
vt 0.847027 0.135552
vt 0.842907 0.133174
vt 0.844627 0.133297
vt 0.841620 0.135630
vt 0.849857 0.137247
vt 0.847425 0.135030
vt 0.836856 0.134805
vt 0.838260 0.132156
vt 0.811255 0.973171
vt 0.812752 0.970477
vt 0.812728 0.974975
vt 0.811255 0.976092
vt 0.782027 0.582293
vt 0.781636 0.579323
vt 0.782877 0.580404
vt 0.783157 0.576171
vt 0.781861 0.576335
vt 0.811276 0.970449
vt 0.419775 0.738328
vt 0.419769 0.734249
vt 0.420468 0.735304
vt 0.420465 0.731418
vt 0.928880 0.947163
vt 0.926039 0.949088
vt 0.926939 0.946459
vt 0.927403 0.951456
vt 0.928880 0.951061
vt 0.420477 0.739251
vt 0.927635 0.943107
vt 0.927669 0.945553
vt 0.927566 0.946314
vt 0.999615 0.935517
vt 0.999063 0.935519
vt 0.999422 0.929502
vt 0.999615 0.929503
vt 0.998656 0.929507
vt 0.907938 0.463610
vt 0.909283 0.463833
vt 0.908797 0.464169
vt 0.998549 0.935523
vt 0.906331 0.466960
vt 0.908977 0.464868
vt 0.905253 0.467765
vt 0.906728 0.469292
vt 0.905945 0.469254
vt 0.909979 0.468395
vt 0.904537 0.470021
vt 0.906913 0.469858
vt 0.916092 0.468874
vt 0.917425 0.463387
vt 0.914072 0.470503
vt 0.906552 0.470332
vt 0.906441 0.472529
vt 0.912260 0.462594
vt 0.910012 0.464612
vt 0.909597 0.465038
vt 0.861693 0.998462
vt 0.861263 0.998447
vt 0.861551 0.992441
vt 0.860979 0.992433
vt 0.861693 0.992462
vt 0.926542 0.946015
vt 0.925864 0.943195
vt 0.860557 0.998455
vt 0.926881 0.945320
vt 0.923908 0.941123
vt 0.924663 0.940639
vt 0.922968 0.942104
vt 0.925016 0.945449
vt 0.925179 0.939647
vt 0.920323 0.940066
vt 0.923502 0.940400
vt 0.997983 0.715187
vt 0.998009 0.717978
vt 0.997214 0.716278
vt 0.997249 0.718988
vt 0.990337 0.512910
vt 0.990342 0.516085
vt 0.989563 0.514037
vt 0.921374 0.938608
vt 0.924193 0.939941
vt 0.999534 0.950262
vt 0.998880 0.950243
vt 0.999534 0.944242
vt 0.998759 0.278466
vt 0.999587 0.278466
vt 0.999017 0.284474
vt 0.999726 0.284487
vt 0.914879 0.461975
vt 0.915315 0.461269
vt 0.999726 0.278487
vt 0.914244 0.461793
vt 0.790561 0.992194
vt 0.791102 0.992197
vt 0.791099 0.998211
vt 0.914134 0.461313
vt 0.790714 0.998210
vt 0.913922 0.459934
vt 0.914644 0.460782
vt 0.790015 0.998211
vt 0.070293 0.531386
vt 0.070293 0.536305
vt 0.070266 0.533315
vt 0.127410 0.689725
vt 0.128829 0.688336
vt 0.128739 0.690809
vt 0.918132 0.459380
vt 0.910369 0.461539
vt 0.127358 0.692027
vt 0.128691 0.693901
vt 0.126635 0.689261
vt 0.610125 0.983897
vt 0.610125 0.986808
vt 0.609649 0.986677
vt 0.127477 0.688191
vt 0.811817 0.918529
vt 0.810968 0.923077
vt 0.810418 0.917817
vt 0.809532 0.924716
vt 0.126523 0.692932
vt 0.811635 0.928089
vt 0.434198 0.617777
vt 0.434198 0.619978
vt 0.433413 0.618890
vt 0.813007 0.917181
vt 0.811786 0.920378
vt 0.812015 0.915792
vt 0.812778 0.915933
vt 0.372950 0.997814
vt 0.372074 0.997287
vt 0.372460 0.995569
vt 0.809303 0.915441
vt 0.811068 0.914393
vt 0.807701 0.836346
vt 0.807215 0.832392
vt 0.808086 0.832874
vt 0.808071 0.919447
vt 0.808568 0.834040
vt 0.808551 0.837490
vt 0.807833 0.838240
vt 0.372961 0.994587
vt 0.373419 0.996855
vt 0.842768 0.127748
vt 0.847373 0.128346
vt 0.836471 0.127664
vt 0.837531 0.125843
vt 0.841713 0.125461
vt 0.846188 0.127173
vt 0.838666 0.123847
vt 0.842824 0.123615
vt 0.373419 0.998704
vt 0.458656 0.577982
vt 0.458656 0.579192
vt 0.458574 0.578742
vt 0.534770 0.740970
vt 0.534782 0.739834
vt 0.535557 0.739841
vt 0.536065 0.741168
vt 0.834516 0.122805
vt 0.534764 0.743167
vt 0.536120 0.743241
vt 0.536884 0.743084
vt 0.835736 0.124196
vt 0.830840 0.121140
vt 0.837302 0.124461
vt 0.117820 0.999638
vt 0.117007 0.998490
vt 0.117820 0.995354
vt 0.927215 0.466889
vt 0.930291 0.467776
vt 0.929744 0.469436
vt 0.929929 0.470002
vt 0.931176 0.470843
vt 0.536119 0.745439
vt 0.534762 0.745550
vt 0.928336 0.464401
vt 0.927364 0.471441
vt 0.921833 0.465969
vt 0.925697 0.464795
vt 0.929173 0.469267
vt 0.928704 0.469736
vt 0.926217 0.465175
vt 0.926756 0.464923
vt 0.927518 0.464381
vt 0.997662 0.370205
vt 0.998390 0.370205
vt 0.998037 0.376220
vt 0.998563 0.376221
vt 0.997411 0.376221
vt 0.928973 0.470448
vt 0.998508 0.370207
vt 0.999446 0.546681
vt 0.999702 0.546697
vt 0.999702 0.552699
vt 0.929568 0.470476
vt 0.999225 0.552692
vt 0.998858 0.546684
vt 0.905420 0.943294
vt 0.904899 0.941078
vt 0.906569 0.940695
vt 0.906778 0.940138
vt 0.998661 0.552704
vt 0.906910 0.941184
vt 0.905228 0.949093
vt 0.905974 0.946397
vt 0.907535 0.943116
vt 0.903029 0.944885
vt 0.904221 0.945335
vt 0.904755 0.945859
vt 0.546754 0.634463
vt 0.547469 0.634465
vt 0.547495 0.640480
vt 0.904218 0.946534
vt 0.747794 0.999559
vt 0.747223 0.999565
vt 0.747476 0.993546
vt 0.546942 0.640478
vt 0.546429 0.640480
vt 0.748113 0.993546
vt 0.929144 0.475465
vt 0.928657 0.475802
vt 0.929757 0.475660
vt 0.929872 0.476245
vt 0.931176 0.474743
vt 0.282147 0.992580
vt 0.282607 0.992565
vt 0.282356 0.998583
vt 0.748332 0.999565
vt 0.930404 0.477842
vt 0.535548 0.752192
vt 0.534772 0.752194
vt 0.534766 0.749066
vt 0.535928 0.748675
vt 0.536884 0.747179
vt 0.827389 0.115774
vt 0.825589 0.114124
vt 0.826428 0.112315
vt 0.535540 0.750445
vt 0.536423 0.749752
vt 0.827560 0.117263
vt 0.827029 0.118670
vt 0.824599 0.115143
vt 0.826553 0.114752
vt 0.823104 0.116628
vt 0.824036 0.114636
vt 0.825042 0.119407
vt 0.294202 0.996613
vt 0.293659 0.993775
vt 0.294442 0.993615
vt 0.832387 0.124075
vt 0.294436 0.990761
vt 0.828071 0.123220
vt 0.826482 0.122398
vt 0.837110 0.126707
vt 0.831783 0.125868
vt 0.834698 0.127035
vt 0.835693 0.127802
vt 0.995731 0.118416
vt 0.996351 0.117625
vt 0.996634 0.119109
vt 0.511621 0.804615
vt 0.510736 0.805444
vt 0.510872 0.803217
vt 0.511621 0.806359
vt 0.996331 0.114521
vt 0.995720 0.116120
vt 0.997073 0.116676
vt 0.995726 0.112050
vt 0.829940 0.125391
vt 0.834155 0.127441
vt 0.831851 0.128138
vt 0.830568 0.128484
vt 0.839608 0.128566
vt 0.835374 0.130152
vt 0.839082 0.129376
vt 0.839181 0.128703
vt 0.832186 0.130058
vt 0.828986 0.128489
vt 0.827361 0.126402
vt 0.826772 0.126986
vt 0.824791 0.125188
vt 0.823770 0.122797
vt 0.826638 0.122632
vt 0.996524 0.111418
vt 0.995748 0.108939
vt 0.996362 0.108793
vt 0.823979 0.118772
vt 0.295047 0.990535
vt 0.295047 0.994462
vt 0.822840 0.115873
vt 0.295019 0.997390
vt 0.822116 0.099698
vt 0.823187 0.114880
vt 0.294259 0.998582
vt 0.822228 0.100452
vt 0.822294 0.086427
vt 0.820533 0.087043
vt 0.822332 0.092666
vt 0.821799 0.112651
vt 0.821399 0.112189
vt 0.822551 0.091162
vt 0.822376 0.092026
vt 0.824073 0.086971
vt 0.823655 0.085121
vt 0.824237 0.086311
vt 0.949167 0.205753
vt 0.957868 0.205635
vt 0.957863 0.206495
vt 0.957870 0.204997
vt 0.948273 0.206987
vt 0.948543 0.204760
vt 0.950395 0.204503
vt 0.949131 0.206917
vt 0.956152 0.200629
vt 0.952331 0.202427
vt 0.956202 0.197630
vt 0.950637 0.202536
vt 0.957152 0.197733
vt 0.975715 0.064938
vt 0.980944 0.065873
vt 0.975298 0.065661
vt 0.972184 0.064135
vt 0.947463 0.203842
vt 0.947542 0.204901
vt 0.972852 0.061299
vt 0.972131 0.061359
vt 0.976039 0.063537
vt 0.973889 0.514166
vt 0.976616 0.514094
vt 0.975465 0.515584
vt 0.975148 0.516841
vt 0.974899 0.513063
vt 0.976984 0.512910
vt 0.978192 0.519594
vt 0.979381 0.515547
vt 0.980453 0.513512
vt 0.980421 0.515412
vt 0.979789 0.518299
vt 0.713072 0.166137
vt 0.714176 0.164434
vt 0.714176 0.167126
vt 0.946713 0.209269
vt 0.948860 0.209625
vt 0.949116 0.207931
vt 0.950884 0.209658
vt 0.947418 0.210430
vt 0.948546 0.210701
vt 0.950889 0.210701
vt 0.949749 0.210529
vt 0.952730 0.209300
vt 0.953044 0.208681
vt 0.951658 0.210517
vt 0.799760 0.338897
vt 0.799760 0.340193
vt 0.798839 0.339119
vt 0.952736 0.230265
vt 0.952786 0.210003
vt 0.951414 0.230302
vt 0.950009 0.230335
vt 0.953542 0.230445
vt 0.664733 0.918717
vt 0.664582 0.920349
vt 0.664323 0.921191
vt 0.949354 0.230550
vt 0.902452 0.236334
vt 0.898015 0.234558
vt 0.899082 0.232292
vt 0.904883 0.235082
vt 0.896070 0.231858
vt 0.903739 0.233956
vt 0.100150 0.965473
vt 0.100164 0.969182
vt 0.099963 0.967299
vt 0.895967 0.231181
vt 0.895124 0.229271
vt 0.664582 0.921988
vt 0.664733 0.923619
vt 0.953962 0.230222
vt 0.953862 0.211895
vt 0.081625 0.968546
vt 0.083586 0.967423
vt 0.099968 0.968457
vt 0.081744 0.967354
vt 0.083267 0.966457
vt 0.083582 0.966059
vt 0.366617 0.970634
vt 0.367740 0.969246
vt 0.367349 0.970193
vt 0.365849 0.972136
vt 0.083276 0.957704
vt 0.082304 0.966089
vt 0.367550 0.978916
vt 0.364630 0.975808
vt 0.363406 0.979948
vt 0.364057 0.976306
vt 0.364126 0.984316
vt 0.363677 0.984058
vt 0.365031 0.988318
vt 0.366589 0.991083
vt 0.366867 0.989436
vt 0.367740 0.987141
vt 0.083277 0.949451
vt 0.083114 0.955213
vt 0.082307 0.948216
vt 0.083273 0.947171
vt 0.081713 0.966089
vt 0.081613 0.948139
vt 0.081279 0.966089
vt 0.081038 0.947904
vt 0.951199 0.066968
vt 0.950767 0.065232
vt 0.951199 0.064721
vt 0.080909 0.966366
vt 0.080697 0.947480
vt 0.080491 0.968111
vt 0.080378 0.966350
vt 0.200933 0.795472
vt 0.200813 0.794806
vt 0.200933 0.794244
vt 0.080580 0.966091
vt 0.080485 0.946488
vt 0.080383 0.944584
vt 0.080543 0.945330
vt 0.083357 0.945533
vt 0.080950 0.944338
vt 0.080482 0.943199
vt 0.083582 0.945142
vt 0.080292 0.942892
vt 0.297460 0.931901
vt 0.300324 0.930394
vt 0.301761 0.930601
vt 0.298686 0.929871
vt 0.299288 0.929219
vt 0.081640 0.943512
vt 0.296024 0.931285
vt 0.294658 0.931751
vt 0.296302 0.932966
vt 0.301748 0.932953
vt 0.301753 0.932000
vt 0.296981 0.931400
vt 0.567859 0.339328
vt 0.567859 0.340044
vt 0.567247 0.339445
vt 0.296720 0.911150
vt 0.297809 0.929603
vt 0.298546 0.928895
vt 0.297986 0.911063
vt 0.760411 0.829458
vt 0.760411 0.831095
vt 0.760088 0.830907
vt 0.099972 0.942214
vt 0.099966 0.943376
vt 0.082033 0.942733
vt 0.760562 0.832725
vt 0.922662 0.227970
vt 0.924416 0.223027
vt 0.925852 0.225733
vt 0.926340 0.219541
vt 0.760562 0.827830
vt 0.920468 0.228800
vt 0.100164 0.942134
vt 0.100146 0.947973
vt 0.099961 0.944639
vt 0.925353 0.218775
vt 0.294740 0.911081
vt 0.298349 0.910876
vt 0.923127 0.228462
vt 0.922451 0.228669
vt 0.396391 0.995099
vt 0.397020 0.995103
vt 0.397020 0.999356
vt 0.139434 0.994899
vt 0.138849 0.994868
vt 0.138916 0.990609
vt 0.396464 0.999339
vt 0.562809 0.492704
vt 0.563215 0.492362
vt 0.563215 0.493040
vt 0.139434 0.990480
vt 0.735219 0.990130
vt 0.734698 0.990003
vt 0.735219 0.985713
vt 0.734512 0.985738
vt 0.917623 0.231692
vt 0.922690 0.230381
vt 0.138260 0.731546
vt 0.138260 0.738207
vt 0.138067 0.735186
vt 0.914207 0.232962
vt 0.915695 0.232285
vt 0.917114 0.231474
vt 0.917976 0.234183
vt 0.914919 0.233947
vt 0.911477 0.234202
vt 0.099946 0.952081
vt 0.099944 0.953706
vt 0.083568 0.952525
vt 0.083567 0.953952
vt 0.099944 0.955344
vt 0.083567 0.955353
vt 0.363339 0.982787
vt 0.363252 0.981392
vt 0.083340 0.952650
vt 0.083567 0.956743
vt 0.083360 0.956781
vt 0.099944 0.956982
vt 0.083567 0.957652
vt 0.099945 0.958606
vt 0.083568 0.958697
vt 0.575724 0.113851
vt 0.575610 0.112802
vt 0.575724 0.110972
vt 0.083341 0.960416
vt 0.083570 0.960535
vt 0.099946 0.960202
vt 0.100141 0.961393
vt 0.099948 0.961756
vt 0.099951 0.963256
vt 0.099955 0.964687
vt 0.911075 0.233890
vt 0.908280 0.234345
vt 0.905306 0.235613
vt 0.936870 0.993310
vt 0.936190 0.993274
vt 0.936870 0.988889
vt 0.904645 0.235789
vt 0.905879 0.236931
vt 0.858559 0.990941
vt 0.859209 0.990945
vt 0.858734 0.995208
vt 0.859209 0.995326
vt 0.909357 0.236940
vt 0.906211 0.237766
vt 0.902101 0.237063
vt 0.830800 0.070501
vt 0.828653 0.070328
vt 0.831218 0.067934
vt 0.827659 0.067893
vt 0.834597 0.067975
vt 0.832595 0.070325
vt 0.909818 0.237699
vt 0.832998 0.075005
vt 0.830768 0.074949
vt 0.829021 0.074959
vt 0.830004 0.084612
vt 0.831579 0.084631
vt 0.833219 0.084650
vt 0.831002 0.085014
vt 0.834912 0.084671
vt 0.837584 0.085095
vt 0.627325 0.995902
vt 0.625347 0.995902
vt 0.625501 0.994259
vt 0.828217 0.084984
vt 0.827847 0.083812
vt 0.273317 0.853195
vt 0.273317 0.855231
vt 0.272978 0.853520
vt 0.625951 0.992184
vt 0.626495 0.992354
vt 0.626916 0.993774
vt 0.852160 0.085305
vt 0.848392 0.085245
vt 0.851876 0.084908
vt 0.852248 0.085387
vt 0.852869 0.085104
vt 0.850934 0.075310
vt 0.852834 0.075310
vt 0.850375 0.084885
vt 0.853244 0.083377
vt 0.855302 0.075276
vt 0.854746 0.082841
vt 0.851631 0.073007
vt 0.854554 0.070557
vt 0.852790 0.070356
vt 0.144140 0.905179
vt 0.146183 0.905403
vt 0.143332 0.907599
vt 0.144066 0.900673
vt 0.854158 0.068250
vt 0.146609 0.907717
vt 0.140144 0.907519
vt 0.140724 0.905112
vt 0.927982 0.222472
vt 0.926344 0.226549
vt 0.141709 0.908365
vt 0.927650 0.220853
vt 0.928090 0.217400
vt 0.927024 0.219391
vt 0.928705 0.218820
vt 0.553164 0.995119
vt 0.553771 0.995096
vt 0.553771 0.999494
vt 0.926610 0.218902
vt 0.792129 0.983032
vt 0.791436 0.983032
vt 0.791519 0.978763
vt 0.792002 0.978618
vt 0.552457 0.340121
vt 0.551964 0.340030
vt 0.552457 0.339602
vt 0.914039 0.988600
vt 0.914667 0.988606
vt 0.914667 0.992875
vt 0.553320 0.999355
vt 0.914158 0.992857
vt 0.925264 0.213630
vt 0.289271 0.911425
vt 0.287646 0.911444
vt 0.289923 0.911235
vt 0.285179 0.911271
vt 0.205657 0.918813
vt 0.205657 0.920452
vt 0.205445 0.919834
vt 0.292426 0.911349
vt 0.290869 0.911393
vt 0.293928 0.911294
vt 0.923875 0.209078
vt 0.925144 0.209675
vt 0.927574 0.212217
vt 0.294532 0.931005
vt 0.293512 0.930958
vt 0.295365 0.930677
vt 0.295364 0.911227
vt 0.205650 0.920452
vt 0.205650 0.922089
vt 0.205445 0.921280
vt 0.292155 0.932106
vt 0.292332 0.930885
vt 0.603268 0.804700
vt 0.603441 0.803428
vt 0.603441 0.805660
vt 0.291357 0.931151
vt 0.292158 0.934997
vt 0.293014 0.934290
vt 0.982935 0.513612
vt 0.982959 0.515286
vt 0.980740 0.515680
vt 0.677069 0.485811
vt 0.678670 0.483928
vt 0.678176 0.486189
vt 0.678670 0.487135
vt 0.858628 0.928981
vt 0.859679 0.926964
vt 0.860483 0.927666
vt 0.858178 0.934006
vt 0.848862 0.933488
vt 0.982342 0.521980
vt 0.980453 0.517304
vt 0.982429 0.520531
vt 0.981041 0.516622
vt 0.849031 0.928162
vt 0.855034 0.926435
vt 0.983249 0.523852
vt 0.985023 0.524500
vt 0.983678 0.518705
vt 0.986221 0.515085
vt 0.985368 0.519770
vt 0.985613 0.513992
vt 0.772635 0.062744
vt 0.772552 0.058163
vt 0.773806 0.058705
vt 0.985134 0.512910
vt 0.771432 0.059565
vt 0.771326 0.058434
vt 0.771306 0.063361
vt 0.770425 0.059467
vt 0.770266 0.066567
vt 0.347745 0.998521
vt 0.346382 0.997819
vt 0.347745 0.990570
vt 0.980576 0.037457
vt 0.973378 0.036534
vt 0.973653 0.034816
vt 0.531629 0.985185
vt 0.531629 0.988307
vt 0.531015 0.987485
vt 0.980516 0.039107
vt 0.973436 0.038339
vt 0.972733 0.037590
vt 0.972755 0.033780
vt 0.980533 0.041110
vt 0.973302 0.039966
vt 0.972109 0.041653
vt 0.973018 0.041926
vt 0.980376 0.043421
vt 0.980944 0.043396
vt 0.980335 0.044812
vt 0.972606 0.043244
vt 0.971528 0.047089
vt 0.976287 0.046313
vt 0.980706 0.047155
vt 0.980226 0.048877
vt 0.972093 0.048937
vt 0.972265 0.050862
vt 0.971569 0.051061
vt 0.980166 0.051369
vt 0.972371 0.052812
vt 0.980119 0.053487
vt 0.980707 0.050934
vt 0.603177 0.671567
vt 0.605512 0.675933
vt 0.603703 0.674081
vt 0.604570 0.675657
vt 0.980083 0.055231
vt 0.972842 0.056750
vt 0.972762 0.054553
vt 0.972168 0.057223
vt 0.972919 0.058887
vt 0.977491 0.520789
vt 0.979679 0.526768
vt 0.980048 0.057112
vt 0.980017 0.058966
vt 0.607108 0.678858
vt 0.605737 0.677298
vt 0.980169 0.060201
vt 0.608323 0.679815
vt 0.608717 0.678995
vt 0.611256 0.681424
vt 0.980621 0.062506
vt 0.977908 0.062233
vt 0.608685 0.677724
vt 0.612249 0.679249
vt 0.604594 0.672340
vt 0.607393 0.673422
vt 0.604432 0.666944
vt 0.602957 0.667556
vt 0.602254 0.667903
vt 0.602470 0.663958
vt 0.604023 0.663256
vt 0.607519 0.656905
vt 0.607715 0.659441
vt 0.606093 0.663530
vt 0.604148 0.659916
vt 0.613084 0.653794
vt 0.609626 0.656511
vt 0.613887 0.651445
vt 0.611040 0.650354
vt 0.607043 0.652857
vt 0.605060 0.657052
vt 0.606513 0.650943
vt 0.614429 0.650945
vt 0.613731 0.649427
vt 0.613085 0.649377
vt 0.773597 0.063310
vt 0.774542 0.067354
vt 0.772493 0.066938
vt 0.774339 0.063161
vt 0.296203 0.940158
vt 0.298853 0.940991
vt 0.300344 0.943550
vt 0.300904 0.942959
vt 0.300999 0.950306
vt 0.292912 0.937139
vt 0.291756 0.937276
vt 0.297548 0.939438
vt 0.293221 0.936333
vt 0.301746 0.936777
vt 0.301520 0.943002
vt 0.301757 0.950314
vt 0.301751 0.943797
vt 0.860500 0.089990
vt 0.860364 0.100210
vt 0.857866 0.100177
vt 0.857838 0.093141
vt 0.858537 0.112619
vt 0.857994 0.112817
vt 0.857813 0.113227
vt 0.857686 0.120217
vt 0.857657 0.106724
vt 0.145185 0.870409
vt 0.145622 0.868291
vt 0.145848 0.875611
vt 0.138548 0.871426
vt 0.137920 0.872566
vt 0.860179 0.111482
vt 0.145852 0.864347
vt 0.145835 0.885824
vt 0.980219 0.757565
vt 0.980100 0.741601
vt 0.982732 0.747120
vt 0.982810 0.757542
vt 0.982657 0.736964
vt 0.409751 0.881603
vt 0.410316 0.879680
vt 0.409741 0.891767
vt 0.410922 0.884538
vt 0.410905 0.891767
vt 0.410905 0.899064
vt 0.410996 0.904150
vt 0.409741 0.902197
vt 0.981261 0.757871
vt 0.982823 0.760189
vt 0.981272 0.760203
vt 0.409935 0.904854
vt 0.978552 0.757789
vt 0.775139 0.985751
vt 0.775298 0.988095
vt 0.773959 0.987802
vt 0.773442 0.985805
vt 0.347632 0.739907
vt 0.347554 0.737213
vt 0.347892 0.737226
vt 0.581003 0.989987
vt 0.580783 0.989951
vt 0.581003 0.985171
vt 0.347892 0.742025
vt 0.772325 0.986241
vt 0.580041 0.989930
vt 0.580483 0.984475
vt 0.771539 0.987146
vt 0.579651 0.983980
vt 0.578947 0.989928
vt 0.773111 0.988708
vt 0.771264 0.988313
vt 0.772366 0.990363
vt 0.771563 0.989474
vt 0.773491 0.990777
vt 0.943394 0.647263
vt 0.944114 0.647391
vt 0.943712 0.648877
vt 0.774077 0.989056
vt 0.905684 0.338552
vt 0.906537 0.338433
vt 0.906537 0.340010
vt 0.578715 0.983886
vt 0.577751 0.989947
vt 0.577530 0.984188
vt 0.576727 0.989981
vt 0.423241 0.637566
vt 0.423073 0.636379
vt 0.425770 0.637841
vt 0.424728 0.634890
vt 0.576403 0.985106
vt 0.422158 0.635252
vt 0.422057 0.633274
vt 0.428693 0.634810
vt 0.425115 0.632025
vt 0.427331 0.632080
vt 0.423870 0.629464
vt 0.421294 0.632342
vt 0.976955 0.764154
vt 0.976300 0.762182
vt 0.978393 0.762736
vt 0.978150 0.765084
vt 0.978206 0.768233
vt 0.977143 0.767932
vt 0.979874 0.764353
vt 0.979861 0.766346
vt 0.982823 0.763621
vt 0.982810 0.766072
vt 0.980014 0.768403
vt 0.982732 0.771076
vt 0.979585 0.771057
vt 0.982787 0.767872
vt 0.982773 0.769077
vt 0.982682 0.772856
vt 0.415719 0.914916
vt 0.415108 0.915949
vt 0.413426 0.913884
vt 0.417019 0.917805
vt 0.417525 0.916681
vt 0.269051 0.757211
vt 0.269239 0.755362
vt 0.272617 0.755864
vt 0.568787 0.327645
vt 0.565248 0.328415
vt 0.565551 0.326497
vt 0.272627 0.758771
vt 0.413548 0.911820
vt 0.272631 0.760486
vt 0.269315 0.759115
vt 0.412706 0.910029
vt 0.412752 0.912651
vt 0.269161 0.760697
vt 0.268540 0.759304
vt 0.272631 0.761377
vt 0.267319 0.762890
vt 0.267113 0.760967
vt 0.268909 0.761942
vt 0.412732 0.909137
vt 0.411029 0.905367
vt 0.272629 0.762550
vt 0.413445 0.908020
vt 0.411650 0.910808
vt 0.410702 0.908318
vt 0.855320 0.243454
vt 0.854083 0.243610
vt 0.854120 0.242040
vt 0.855320 0.241888
vt 0.905640 0.340131
vt 0.411999 0.904599
vt 0.412622 0.901311
vt 0.413824 0.901998
vt 0.414748 0.903158
vt 0.272625 0.765364
vt 0.270795 0.763832
vt 0.415114 0.904215
vt 0.415108 0.905334
vt 0.266304 0.766756
vt 0.272625 0.766479
vt 0.272627 0.767502
vt 0.266346 0.765652
vt 0.266505 0.767509
vt 0.347568 0.774877
vt 0.347912 0.773008
vt 0.347912 0.776431
vt 0.266418 0.768389
vt 0.266247 0.765179
vt 0.930332 0.083101
vt 0.931539 0.081668
vt 0.932462 0.084966
vt 0.930055 0.079643
vt 0.932627 0.079466
vt 0.926994 0.082017
vt 0.931994 0.077483
vt 0.928028 0.075400
vt 0.926935 0.077724
vt 0.924225 0.081665
vt 0.929017 0.084985
vt 0.925755 0.084978
vt 0.927460 0.084981
vt 0.929646 0.096948
vt 0.928106 0.096192
vt 0.930526 0.084988
vt 0.931862 0.085323
vt 0.931296 0.098029
vt 0.933054 0.099376
vt 0.932311 0.101758
vt 0.929651 0.098450
vt 0.934267 0.104179
vt 0.931305 0.104717
vt 0.929891 0.102394
vt 0.934459 0.100662
vt 0.935490 0.102674
vt 0.852451 0.969079
vt 0.853600 0.968195
vt 0.853060 0.969799
vt 0.852807 0.967940
vt 0.853476 0.967488
vt 0.855162 0.967405
vt 0.849116 0.967525
vt 0.849111 0.968393
vt 0.413378 0.882421
vt 0.411649 0.883148
vt 0.849111 0.969838
vt 0.849123 0.967225
vt 0.854493 0.967257
vt 0.415431 0.882289
vt 0.414011 0.878510
vt 0.411586 0.878170
vt 0.413981 0.877211
vt 0.415305 0.878309
vt 0.903416 0.338433
vt 0.903723 0.338437
vt 0.903806 0.339988
vt 0.902799 0.339988
vt 0.854174 0.425688
vt 0.855128 0.425689
vt 0.854156 0.427249
vt 0.855495 0.427249
vt 0.415305 0.879126
vt 0.419064 0.878724
vt 0.417931 0.880197
vt 0.416728 0.881701
vt 0.863234 0.152665
vt 0.861964 0.152665
vt 0.862873 0.151126
vt 0.862058 0.151125
vt 0.854528 0.963963
vt 0.849128 0.964933
vt 0.849129 0.963372
vt 0.849132 0.962909
vt 0.854643 0.963216
vt 0.420094 0.878345
vt 0.928195 0.107918
vt 0.927199 0.108584
vt 0.928537 0.106883
vt 0.854945 0.965563
vt 0.855370 0.965017
vt 0.855013 0.966638
vt 0.849126 0.966532
vt 0.138102 0.836480
vt 0.138309 0.834317
vt 0.138309 0.837832
vt 0.926479 0.108017
vt 0.926559 0.105028
vt 0.928144 0.103725
vt 0.925790 0.101431
vt 0.922639 0.099447
vt 0.924303 0.104735
vt 0.916735 0.099456
vt 0.916560 0.108156
vt 0.909753 0.103438
vt 0.906972 0.108156
vt 0.926148 0.108555
vt 0.906973 0.108559
vt 0.906030 0.108287
vt 0.484224 0.984272
vt 0.487146 0.984630
vt 0.485441 0.984680
vt 0.947952 0.065977
vt 0.948407 0.064721
vt 0.948407 0.067321
vt 0.906950 0.104134
vt 0.902849 0.105242
vt 0.906973 0.108816
vt 0.641361 0.441363
vt 0.641213 0.440718
vt 0.641361 0.440416
vt 0.487530 0.985343
vt 0.486613 0.985169
vt 0.627131 0.441448
vt 0.626754 0.440523
vt 0.627131 0.440416
vt 0.900015 0.104370
vt 0.901967 0.102998
vt 0.905036 0.103328
vt 0.484291 0.984752
vt 0.483890 0.985271
vt 0.483472 0.985311
vt 0.765091 0.944005
vt 0.765484 0.942419
vt 0.765484 0.944469
vt 0.547449 0.597389
vt 0.547505 0.596252
vt 0.547505 0.601504
vt 0.484210 0.990551
vt 0.483930 0.990512
vt 0.445394 0.882388
vt 0.444123 0.882059
vt 0.445174 0.879194
vt 0.033702 0.986077
vt 0.033767 0.985963
vt 0.037844 0.985645
vt 0.447687 0.882585
vt 0.858015 0.425688
vt 0.859293 0.425745
vt 0.858056 0.427240
vt 0.898784 0.338433
vt 0.899791 0.338493
vt 0.898893 0.339994
vt 0.443211 0.881492
vt 0.442300 0.880197
vt 0.441496 0.878942
vt 0.445026 0.878170
vt 0.446484 0.878356
vt 0.859293 0.427310
vt 0.486000 0.990590
vt 0.484741 0.990575
vt 0.313760 0.987180
vt 0.313884 0.988454
vt 0.311650 0.988073
vt 0.311707 0.983047
vt 0.908285 0.340164
vt 0.907436 0.339725
vt 0.908284 0.338433
vt 0.314725 0.987558
vt 0.313137 0.983617
vt 0.570279 0.942672
vt 0.568727 0.942674
vt 0.568697 0.940778
vt 0.315102 0.985388
vt 0.982053 0.239635
vt 0.982049 0.238247
vt 0.983601 0.237885
vt 0.983607 0.239897
vt 0.570253 0.940918
vt 0.570288 0.944627
vt 0.448163 0.877810
vt 0.449785 0.879526
vt 0.446250 0.877211
vt 0.568736 0.944629
vt 0.568737 0.947756
vt 0.570289 0.952976
vt 0.437877 0.877165
vt 0.440487 0.878426
vt 0.567338 0.969272
vt 0.567337 0.952163
vt 0.570291 0.968451
vt 0.566697 0.950049
vt 0.422354 0.878087
vt 0.422354 0.877165
vt 0.437877 0.878329
vt 0.422354 0.878329
vt 0.566634 0.952160
vt 0.565635 0.952145
vt 0.566636 0.969269
vt 0.566925 0.971309
vt 0.565637 0.969253
vt 0.565435 0.971330
vt 0.565212 0.973612
vt 0.568330 0.973675
vt 0.665406 0.858015
vt 0.664430 0.854939
vt 0.666172 0.854479
vt 0.667093 0.859940
vt 0.563208 0.973695
vt 0.563591 0.971596
vt 0.987962 0.373799
vt 0.989019 0.373399
vt 0.989836 0.375522
vt 0.667257 0.854436
vt 0.990774 0.373307
vt 0.668153 0.854381
vt 0.668153 0.860225
vt 0.988569 0.375616
vt 0.987134 0.374699
vt 0.886530 0.238823
vt 0.886326 0.237766
vt 0.892160 0.237965
vt 0.892155 0.239005
vt 0.986823 0.375786
vt 0.888919 0.242319
vt 0.987014 0.380808
vt 0.988946 0.376531
vt 0.892160 0.244014
vt 0.980301 0.738191
vt 0.977807 0.736576
vt 0.981102 0.736613
vt 0.978646 0.739052
vt 0.977175 0.739579
vt 0.423739 0.661013
vt 0.420219 0.660873
vt 0.421653 0.659209
vt 0.419975 0.657881
vt 0.421642 0.656164
vt 0.977266 0.741628
vt 0.420882 0.655074
vt 0.419800 0.655833
vt 0.422565 0.653801
vt 0.421299 0.639864
vt 0.420115 0.639910
vt 0.978141 0.757559
vt 0.977426 0.757544
vt 0.419545 0.639660
vt 0.978043 0.741596
vt 0.978879 0.757567
vt 0.978780 0.741604
vt 0.979401 0.741605
vt 0.979489 0.757568
vt 0.424419 0.653153
vt 0.423024 0.639984
vt 0.425127 0.640036
vt 0.422210 0.639341
vt 0.422962 0.638505
vt 0.426356 0.651532
vt 0.426863 0.640078
vt 0.429447 0.639403
vt 0.428045 0.651360
vt 0.424709 0.656170
vt 0.430268 0.651807
vt 0.427755 0.655332
vt 0.430456 0.649897
vt 0.424836 0.659471
vt 0.431483 0.654400
vt 0.427835 0.659307
vt 0.426559 0.661822
vt 0.431109 0.658685
vt 0.425603 0.662566
vt 0.424828 0.661528
vt 0.429355 0.662502
vt 0.427756 0.663470
vt 0.430459 0.661319
vt 0.430228 0.663034
vt 0.430249 0.662187
vt 0.447397 0.663015
vt 0.447416 0.662202
vt 0.447376 0.663832
vt 0.449462 0.663378
vt 0.563171 0.952029
vt 0.562934 0.949922
vt 0.564492 0.949753
vt 0.565376 0.947691
vt 0.563262 0.947393
vt 0.451986 0.663257
vt 0.451574 0.662389
vt 0.448694 0.661591
vt 0.564178 0.952093
vt 0.564925 0.952125
vt 0.564590 0.969219
vt 0.563602 0.969168
vt 0.430208 0.663832
vt 0.562797 0.969105
vt 0.446880 0.661027
vt 0.441989 0.655674
vt 0.445264 0.656980
vt 0.449549 0.659012
vt 0.452878 0.660312
vt 0.452029 0.655988
vt 0.448950 0.655080
vt 0.446453 0.654654
vt 0.441956 0.652798
vt 0.444175 0.651029
vt 0.445878 0.649814
vt 0.443079 0.649027
vt 0.439607 0.649980
vt 0.448036 0.650571
vt 0.449857 0.652983
vt 0.450206 0.651419
vt 0.447687 0.640558
vt 0.450434 0.640617
vt 0.450303 0.638039
vt 0.453246 0.638284
vt 0.452877 0.640669
vt 0.451716 0.652060
vt 0.453170 0.653440
vt 0.455609 0.656208
vt 0.454914 0.654122
vt 0.454756 0.640708
vt 0.456554 0.640746
vt 0.456050 0.639695
vt 0.140635 0.984478
vt 0.140654 0.990246
vt 0.139804 0.990227
vt 0.141762 0.984219
vt 0.455562 0.638602
vt 0.139856 0.985082
vt 0.456914 0.640411
vt 0.455639 0.637405
vt 0.141799 0.990268
vt 0.142947 0.984411
vt 0.780230 0.988210
vt 0.781991 0.988310
vt 0.781692 0.989470
vt 0.142977 0.990289
vt 0.781715 0.987143
vt 0.780930 0.986238
vt 0.780888 0.990360
vt 0.779555 0.989109
vt 0.779813 0.985802
vt 0.802857 0.338897
vt 0.802857 0.340144
vt 0.802340 0.339207
vt 0.779003 0.987992
vt 0.879117 0.241955
vt 0.879997 0.241616
vt 0.879997 0.243280
vt 0.879101 0.243619
vt 0.448956 0.904097
vt 0.447991 0.904979
vt 0.447152 0.901534
vt 0.449055 0.905400
vt 0.450200 0.905287
vt 0.832236 0.065053
vt 0.833518 0.065258
vt 0.832478 0.066672
vt 0.448949 0.900182
vt 0.450490 0.902197
vt 0.983563 0.214258
vt 0.983567 0.217362
vt 0.982015 0.217049
vt 0.980975 0.217365
vt 0.449326 0.899063
vt 0.450490 0.891767
vt 0.981039 0.234121
vt 0.983584 0.227756
vt 0.904108 0.444206
vt 0.903935 0.451508
vt 0.903482 0.449399
vt 0.896679 0.448112
vt 0.819619 0.099665
vt 0.904021 0.434102
vt 0.450479 0.881603
vt 0.449325 0.891767
vt 0.819754 0.089527
vt 0.902010 0.434118
vt 0.902171 0.433634
vt 0.819898 0.088513
vt 0.904012 0.433100
vt 0.888180 0.419729
vt 0.902436 0.432651
vt 0.889522 0.420294
vt 0.891364 0.421093
vt 0.890155 0.418262
vt 0.893995 0.419530
vt 0.892832 0.420950
vt 0.893284 0.414923
vt 0.886836 0.417358
vt 0.886896 0.414629
vt 0.890677 0.414558
vt 0.892835 0.412499
vt 0.889478 0.412487
vt 0.890056 0.228590
vt 0.888367 0.225649
vt 0.889143 0.225271
vt 0.891131 0.228646
vt 0.891896 0.230883
vt 0.895645 0.412546
vt 0.887513 0.220322
vt 0.889414 0.223547
vt 0.887091 0.222265
vt 0.889936 0.223993
vt 0.892796 0.227575
vt 0.884422 0.414573
vt 0.885862 0.412524
vt 0.882310 0.412610
vt 0.886404 0.218716
vt 0.881906 0.415042
vt 0.878923 0.412743
vt 0.886326 0.215104
vt 0.887250 0.214266
vt 0.889623 0.219112
vt 0.888453 0.209193
vt 0.888609 0.213259
vt 0.888262 0.213855
vt 0.886858 0.211532
vt 0.875799 0.412920
vt 0.876492 0.415197
vt 0.874248 0.415858
vt 0.887631 0.208935
vt 0.873669 0.413077
vt 0.876726 0.419980
vt 0.874751 0.420122
vt 0.873234 0.420316
vt 0.872159 0.416362
vt 0.959773 0.624977
vt 0.959472 0.622811
vt 0.962601 0.622721
vt 0.962593 0.624697
vt 0.888763 0.206474
vt 0.890718 0.203443
vt 0.890144 0.205671
vt 0.962609 0.619765
vt 0.893464 0.201674
vt 0.890360 0.210856
vt 0.892167 0.204504
vt 0.892418 0.205055
vt 0.892701 0.206736
vt 0.892822 0.204457
vt 0.999299 0.013849
vt 0.999899 0.013843
vt 0.999542 0.018117
vt 0.999299 0.013802
vt 0.999902 0.009418
vt 0.999900 0.018256
vt 0.552928 0.339602
vt 0.552928 0.340145
vt 0.552457 0.339689
vt 0.396527 0.990830
vt 0.396937 0.990685
vt 0.397018 0.995099
vt 0.396391 0.995099
vt 0.154443 0.999762
vt 0.153792 0.999704
vt 0.154443 0.995503
vt 0.896616 0.202258
vt 0.512569 0.793559
vt 0.512645 0.795192
vt 0.512353 0.793543
vt 0.406069 0.950056
vt 0.406058 0.955381
vt 0.405867 0.953883
vt 0.512645 0.791926
vt 0.405862 0.958662
vt 0.405863 0.957037
vt 0.899183 0.197816
vt 0.406055 0.961183
vt 0.900119 0.198578
vt 0.901785 0.199613
vt 0.723656 0.996837
vt 0.722993 0.996742
vt 0.723656 0.992487
vt 0.723088 0.992493
vt 0.900734 0.198959
vt 0.993966 0.236504
vt 0.993266 0.236504
vt 0.993701 0.232162
vt 0.900781 0.198352
vt 0.905864 0.196090
vt 0.571732 0.970471
vt 0.571186 0.970507
vt 0.571217 0.966238
vt 0.571732 0.966178
vt 0.561813 0.492362
vt 0.561813 0.492973
vt 0.561256 0.492785
vt 0.977082 0.935640
vt 0.976512 0.935584
vt 0.977082 0.931351
vt 0.911061 0.196251
vt 0.909795 0.195336
vt 0.905742 0.195316
vt 0.901742 0.195984
vt 0.906020 0.198512
vt 0.910637 0.197241
vt 0.913338 0.196031
vt 0.909967 0.197410
vt 0.962582 0.593889
vt 0.962591 0.595937
vt 0.960455 0.593987
vt 0.962601 0.598973
vt 0.742160 0.996178
vt 0.741474 0.996143
vt 0.742160 0.991903
vt 0.549740 0.999184
vt 0.549154 0.999139
vt 0.549740 0.994904
vt 0.549110 0.994882
vt 0.910464 0.197900
vt 0.909847 0.198713
vt 0.915025 0.200085
vt 0.406060 0.969020
vt 0.406069 0.973321
vt 0.405870 0.970991
vt 0.148190 0.847063
vt 0.148190 0.850547
vt 0.147996 0.849737
vt 0.317904 0.921135
vt 0.317904 0.922771
vt 0.317701 0.921941
vt 0.405867 0.969641
vt 0.389495 0.972047
vt 0.389493 0.970971
vt 0.405873 0.972251
vt 0.114978 0.936058
vt 0.115129 0.937688
vt 0.114671 0.934830
vt 0.389491 0.969826
vt 0.480988 0.951703
vt 0.481711 0.950513
vt 0.482374 0.949792
vt 0.389295 0.971666
vt 0.485367 0.946761
vt 0.483088 0.948703
vt 0.482810 0.949598
vt 0.480236 0.953795
vt 0.389497 0.972694
vt 0.274063 0.911075
vt 0.274124 0.927400
vt 0.273344 0.927339
vt 0.483823 0.947907
vt 0.405876 0.973407
vt 0.115129 0.932788
vt 0.114978 0.934419
vt 0.275321 0.911161
vt 0.276671 0.911237
vt 0.273559 0.910875
vt 0.275580 0.927497
vt 0.485210 0.946644
vt 0.277418 0.927592
vt 0.486978 0.945368
vt 0.488904 0.944296
vt 0.489393 0.944524
vt 0.279401 0.927670
vt 0.278100 0.911302
vt 0.807078 0.919410
vt 0.807078 0.921050
vt 0.806870 0.920225
vt 0.279598 0.911356
vt 0.277290 0.911090
vt 0.918854 0.202583
vt 0.281091 0.911222
vt 0.919012 0.201362
vt 0.745032 0.993599
vt 0.745315 0.997856
vt 0.744718 0.997856
vt 0.756204 0.993136
vt 0.756821 0.997395
vt 0.756154 0.997407
vt 0.756821 0.993126
vt 0.041324 0.952361
vt 0.040821 0.948105
vt 0.041324 0.947946
vt 0.548387 0.339602
vt 0.548387 0.340127
vt 0.547889 0.339652
vt 0.146548 0.998338
vt 0.145943 0.993982
vt 0.146548 0.993924
vt 0.146058 0.998226
vt 0.281150 0.927719
vt 0.281151 0.911398
vt 0.347801 0.788539
vt 0.347877 0.790178
vt 0.347568 0.788538
vt 0.282000 0.927738
vt 0.282746 0.911428
vt 0.347877 0.786901
vt 0.282506 0.930956
vt 0.284370 0.911446
vt 0.283574 0.930971
vt 0.851905 0.926010
vt 0.852858 0.925911
vt 0.851271 0.926376
vt 0.850835 0.926186
vt 0.284526 0.930979
vt 0.854709 0.925872
vt 0.286008 0.911451
vt 0.286377 0.930982
vt 0.317910 0.919495
vt 0.317910 0.921135
vt 0.317701 0.920317
vt 0.287809 0.930975
vt 0.288217 0.931168
vt 0.856550 0.926121
vt 0.289643 0.930950
vt 0.857970 0.926265
vt 0.291033 0.930921
vt 0.859356 0.926616
vt 0.776370 0.162992
vt 0.776210 0.161061
vt 0.776370 0.160584
vt 0.995847 0.702932
vt 0.994025 0.701271
vt 0.995847 0.698666
vt 0.848787 0.928119
vt 0.545294 0.995736
vt 0.544732 0.993930
vt 0.545294 0.992237
vt 0.222907 0.992047
vt 0.225819 0.992734
vt 0.222620 0.992488
vt 0.222907 0.987111
vt 0.490814 0.943776
vt 0.489758 0.945019
vt 0.490095 0.950614
vt 0.225817 0.987111
vt 0.490516 0.951732
vt 0.480066 0.954936
vt 0.222774 0.986509
vt 0.225818 0.985965
vt 0.222752 0.985211
vt 0.849845 0.935368
vt 0.848634 0.934066
vt 0.848586 0.932244
vt 0.222675 0.988345
vt 0.592120 0.997897
vt 0.592225 0.996954
vt 0.593594 0.996206
vt 0.593594 0.998337
vt 0.224269 0.985108
vt 0.850785 0.935438
vt 0.850780 0.935714
vt 0.857797 0.935904
vt 0.858174 0.936086
vt 0.593137 0.989993
vt 0.593222 0.991376
vt 0.857210 0.936081
vt 0.856436 0.935832
vt 0.858075 0.951223
vt 0.857350 0.951087
vt 0.857146 0.951415
vt 0.856852 0.951072
vt 0.858004 0.953170
vt 0.855219 0.950780
vt 0.853746 0.950815
vt 0.602919 0.922846
vt 0.603437 0.919454
vt 0.603437 0.924249
vt 0.532937 0.982000
vt 0.533484 0.977238
vt 0.534588 0.985607
vt 0.848708 0.951593
vt 0.848707 0.951347
vt 0.844815 0.957306
vt 0.847501 0.951964
vt 0.843874 0.956381
vt 0.845672 0.953672
vt 0.844673 0.958320
vt 0.858290 0.958127
vt 0.847762 0.959882
vt 0.851674 0.960240
vt 0.846600 0.959557
vt 0.853558 0.961018
vt 0.935974 0.210722
vt 0.934651 0.210702
vt 0.935821 0.210484
vt 0.937311 0.210737
vt 0.850572 0.960891
vt 0.849220 0.960556
vt 0.938890 0.230410
vt 0.938676 0.210748
vt 0.851484 0.961056
vt 0.939595 0.210753
vt 0.937282 0.230398
vt 0.205096 0.954786
vt 0.205571 0.954038
vt 0.205571 0.955677
vt 0.205721 0.957309
vt 0.940521 0.230417
vt 0.940629 0.210756
vt 0.942021 0.210757
vt 0.942161 0.230418
vt 0.944610 0.230606
vt 0.937927 0.230616
vt 0.892152 0.225302
vt 0.946995 0.230385
vt 0.945412 0.230402
vt 0.943796 0.230413
vt 0.945351 0.210741
vt 0.943980 0.210750
vt 0.943026 0.210755
vt 0.854910 0.961247
vt 0.853904 0.961259
vt 0.855867 0.961181
vt 0.857248 0.960995
vt 0.946403 0.210731
vt 0.858309 0.960776
vt 0.859362 0.960022
vt 0.947244 0.210721
vt 0.859161 0.960549
vt 0.948531 0.230363
vt 0.860483 0.960109
vt 0.852514 0.961183
vt 0.205721 0.952406
vt 0.935711 0.230380
vt 0.934189 0.230356
vt 0.934878 0.230569
vt 0.888899 0.213923
vt 0.889729 0.215830
vt 0.930414 0.230479
vt 0.932731 0.230327
vt 0.932790 0.213962
vt 0.932081 0.213946
vt 0.890495 0.211804
vt 0.890141 0.213402
vt 0.931348 0.230292
vt 0.603341 0.731406
vt 0.603270 0.730395
vt 0.603442 0.728780
vt 0.603442 0.732225
vt 0.931239 0.213924
vt 0.929751 0.213877
vt 0.930066 0.213665
vt 0.930052 0.230253
vt 0.890995 0.210245
vt 0.405880 0.948327
vt 0.405884 0.947165
vt 0.928855 0.230210
vt 0.389499 0.949564
vt 0.389502 0.948485
vt 0.928705 0.213838
vt 0.405876 0.949592
vt 0.405873 0.950947
vt 0.389495 0.951085
vt 0.483028 0.971811
vt 0.481914 0.970363
vt 0.481748 0.969802
vt 0.405870 0.952382
vt 0.389493 0.952426
vt 0.389281 0.951675
vt 0.273343 0.648953
vt 0.273343 0.653620
vt 0.273037 0.650816
vt 0.752624 0.580908
vt 0.752624 0.585249
vt 0.752536 0.583404
vt 0.480587 0.967391
vt 0.483803 0.971946
vt 0.485370 0.973859
vt 0.483977 0.972828
vt 0.273067 0.652682
vt 0.389490 0.954151
vt 0.405865 0.955440
vt 0.389488 0.955568
vt 0.389259 0.956016
vt 0.389486 0.957441
vt 0.389256 0.959678
vt 0.389485 0.958878
vt 0.479010 0.961984
vt 0.479726 0.965596
vt 0.479196 0.964189
vt 0.389484 0.960271
vt 0.389484 0.962102
vt 0.405861 0.960300
vt 0.405861 0.961939
vt 0.405861 0.963562
vt 0.389484 0.963615
vt 0.405862 0.965158
vt 0.389256 0.963364
vt 0.389485 0.965434
vt 0.479026 0.958302
vt 0.479243 0.956202
vt 0.479252 0.961756
vt 0.478776 0.959560
vt 0.488563 0.955202
vt 0.487320 0.962523
vt 0.487229 0.958744
vt 0.490697 0.952789
vt 0.861957 0.164943
vt 0.861964 0.167222
vt 0.860407 0.165845
vt 0.860403 0.163710
vt 0.861953 0.161482
vt 0.849584 0.935349
vt 0.845790 0.939041
vt 0.847365 0.936921
vt 0.844957 0.941240
vt 0.860400 0.161499
vt 0.844777 0.944455
vt 0.860400 0.158273
vt 0.847895 0.940236
vt 0.847339 0.944462
vt 0.845390 0.947019
vt 0.860403 0.155704
vt 0.861953 0.157692
vt 0.668173 0.845279
vt 0.668178 0.849521
vt 0.667626 0.848618
vt 0.667616 0.845147
vt 0.667395 0.842846
vt 0.668178 0.840701
vt 0.849911 0.949039
vt 0.847124 0.949732
vt 0.848654 0.951144
vt 0.800207 0.243709
vt 0.798840 0.242899
vt 0.800207 0.241888
vt 0.861964 0.151809
vt 0.861957 0.154643
vt 0.860409 0.152991
vt 0.490104 0.968939
vt 0.488573 0.965489
vt 0.490814 0.968176
vt 0.638340 0.939604
vt 0.638827 0.941154
vt 0.638109 0.941154
vt 0.287304 0.988956
vt 0.287306 0.992610
vt 0.284130 0.990674
vt 0.487243 0.972772
vt 0.534800 0.986791
vt 0.531630 0.987481
vt 0.533024 0.985837
vt 0.534800 0.988611
vt 0.487049 0.974416
vt 0.284210 0.987940
vt 0.287306 0.987323
vt 0.487675 0.975544
vt 0.286616 0.986207
vt 0.284320 0.986764
vt 0.843973 0.957546
vt 0.284126 0.986007
vt 0.932312 0.212941
vt 0.933079 0.210673
vt 0.284326 0.985565
vt 0.845061 0.958746
vt 0.852476 0.951204
vt 0.848946 0.946958
vt 0.851282 0.948899
vt 0.852293 0.948457
vt 0.848579 0.943105
vt 0.850003 0.940977
vt 0.853571 0.937266
vt 0.856593 0.936068
vt 0.852015 0.937471
vt 0.851686 0.935701
vt 0.850713 0.937183
vt 0.849425 0.939207
vt 0.847982 0.941181
vt 0.376174 0.995592
vt 0.376174 0.998669
vt 0.375474 0.996686
vt 0.847681 0.944640
vt 0.225819 0.984895
vt 0.678696 0.339691
vt 0.679696 0.337728
vt 0.680404 0.339691
vt 0.479641 0.954773
vt 0.405863 0.966711
vt 0.389487 0.966839
vt 0.907363 0.198749
vt 0.905730 0.198841
vt 0.908998 0.198808
vt 0.405865 0.968210
vt 0.389489 0.968575
vt 0.389259 0.967799
vt 0.480344 0.952994
vt 0.485049 0.973799
vt 0.523240 0.986793
vt 0.523783 0.991062
vt 0.523216 0.991062
vt 0.037160 0.995648
vt 0.037248 0.999901
vt 0.036524 0.999901
vt 0.523767 0.986648
vt 0.036648 0.995504
vt 0.571728 0.974778
vt 0.571728 0.979082
vt 0.571186 0.979012
vt 0.571739 0.974778
vt 0.571186 0.970512
vt 0.571739 0.970507
vt 0.216313 0.634385
vt 0.216667 0.634012
vt 0.216667 0.634758
vt 0.980453 0.520383
vt 0.980284 0.522352
vt 0.858585 0.942908
vt 0.979924 0.530733
vt 0.281313 0.929406
vt 0.571729 0.966178
vt 0.571267 0.966121
vt 0.571186 0.961894
vt 0.561256 0.492362
vt 0.561256 0.493047
vt 0.560751 0.492595
vt 0.571729 0.961810
vt 0.111703 0.991632
vt 0.112381 0.991518
vt 0.112381 0.995866
vt 0.962616 0.606709
vt 0.962617 0.609422
vt 0.960488 0.606713
vt 0.962610 0.602737
vt 0.899195 0.196899
vt 0.960540 0.610664
vt 0.962617 0.613019
vt 0.896010 0.198586
vt 0.962614 0.616500
vt 0.893157 0.200789
vt 0.877978 0.419845
vt 0.877968 0.429943
vt 0.879431 0.419830
vt 0.879409 0.429869
vt 0.878871 0.415242
vt 0.881261 0.429788
vt 0.880857 0.419768
vt 0.882503 0.419708
vt 0.882854 0.429733
vt 0.884512 0.419713
vt 0.884860 0.417363
vt 0.886427 0.419675
vt 0.888019 0.430669
vt 0.886242 0.429670
vt 0.890873 0.433347
vt 0.892486 0.436618
vt 0.894538 0.445645
vt 0.892411 0.441404
vt 0.894590 0.449079
vt 0.892944 0.447482
vt 0.896328 0.448927
vt 0.897049 0.450100
vt 0.895152 0.451943
vt 0.893610 0.455363
vt 0.892880 0.450794
vt 0.892273 0.453320
vt 0.891574 0.456707
vt 0.891610 0.449842
vt 0.891094 0.454162
vt 0.890940 0.450676
vt 0.458850 0.876007
vt 0.458949 0.878594
vt 0.458860 0.882934
vt 0.459897 0.886433
vt 0.891305 0.446517
vt 0.459780 0.891562
vt 0.892712 0.458435
vt 0.891501 0.459761
vt 0.459546 0.873020
vt 0.891522 0.462590
vt 0.460564 0.870303
vt 0.892976 0.462412
vt 0.893679 0.464351
vt 0.890971 0.463601
vt 0.892039 0.465936
vt 0.894340 0.460326
vt 0.896109 0.460950
vt 0.895789 0.457654
vt 0.903375 0.449775
vt 0.902185 0.451506
vt 0.254449 0.888385
vt 0.254830 0.887016
vt 0.254830 0.890613
vt 0.409712 0.901948
vt 0.409712 0.904067
vt 0.409507 0.902342
vt 0.884502 0.429930
vt 0.884610 0.431418
vt 0.881884 0.430781
vt 0.955489 0.622840
vt 0.890032 0.223302
vt 0.523770 0.995544
vt 0.523105 0.995492
vt 0.523770 0.991116
vt 0.859167 0.999597
vt 0.858559 0.999597
vt 0.859065 0.995326
vt 0.523354 0.991231
vt 0.633057 0.440795
vt 0.633417 0.440416
vt 0.633417 0.441165
vt 0.909205 0.997727
vt 0.908794 0.997567
vt 0.909205 0.993302
vt 0.908608 0.993312
vt 0.517413 0.995423
vt 0.518156 0.995349
vt 0.518156 0.999638
vt 0.894413 0.232112
vt 0.895396 0.231526
vt 0.894837 0.233522
vt 0.899182 0.412661
vt 0.897429 0.415138
vt 0.902526 0.412839
vt 0.901963 0.415198
vt 0.899388 0.415086
vt 0.898393 0.235709
vt 0.898777 0.419695
vt 0.896691 0.419590
vt 0.895125 0.414952
vt 0.898186 0.423771
vt 0.895495 0.422314
vt 0.894910 0.422791
vt 0.901351 0.428938
vt 0.901162 0.425125
vt 0.616235 0.675571
vt 0.616598 0.671797
vt 0.616598 0.677272
vt 0.899293 0.425493
vt 0.903341 0.430266
vt 0.823376 0.083268
vt 0.821674 0.085546
vt 0.822447 0.080688
vt 0.902183 0.428117
vt 0.826078 0.082778
vt 0.825457 0.084082
vt 0.824530 0.080184
vt 0.827092 0.084173
vt 0.902649 0.419915
vt 0.902921 0.427812
vt 0.825992 0.074867
vt 0.827453 0.074942
vt 0.997358 0.565323
vt 0.997358 0.568815
vt 0.996726 0.566948
vt 0.828074 0.085121
vt 0.825140 0.086394
vt 0.828164 0.085119
vt 0.636521 0.440531
vt 0.636738 0.440416
vt 0.636738 0.441437
vt 0.526209 0.725864
vt 0.526135 0.725863
vt 0.526209 0.723741
vt 0.840169 0.086666
vt 0.852064 0.085584
vt 0.855086 0.086940
vt 0.854936 0.088555
vt 0.852608 0.087314
vt 0.855288 0.087531
vt 0.840163 0.087083
vt 0.855699 0.086507
vt 0.573379 0.993977
vt 0.573975 0.993964
vt 0.574093 0.999395
vt 0.574392 0.993980
vt 0.095966 0.336861
vt 0.096316 0.337338
vt 0.095566 0.337338
vt 0.574479 0.999412
vt 0.096481 0.336573
vt 0.573352 0.999412
vt 0.095414 0.336628
vt 0.095951 0.336241
vt 0.321807 0.999178
vt 0.321256 0.999182
vt 0.321311 0.993748
vt 0.321907 0.993744
vt 0.254802 0.951565
vt 0.254179 0.951578
vt 0.254196 0.946143
vt 0.855907 0.087698
vt 0.856507 0.089401
vt 0.857177 0.090404
vt 0.856240 0.087123
vt 0.254802 0.946133
vt 0.857736 0.092066
vt 0.301746 0.934000
vt 0.301745 0.935697
vt 0.856957 0.085649
vt 0.322459 0.999177
vt 0.860085 0.088311
vt 0.857480 0.085165
vt 0.859026 0.086322
vt 0.855510 0.084211
vt 0.045821 0.836011
vt 0.045821 0.839051
vt 0.044967 0.837471
vt 0.853827 0.084076
vt 0.857659 0.081527
vt 0.856350 0.081195
vt 0.858622 0.079017
vt 0.142779 0.894733
vt 0.144654 0.893122
vt 0.141588 0.895880
vt 0.139162 0.896864
vt 0.136387 0.898105
vt 0.140841 0.893025
vt 0.142275 0.893095
vt 0.858593 0.082777
vt 0.138484 0.900576
vt 0.140910 0.900597
vt 0.136168 0.900550
vt 0.136736 0.905043
vt 0.133062 0.905454
vt 0.133299 0.903807
vt 0.136007 0.907455
vt 0.928705 0.214420
vt 0.131537 0.907425
vt 0.133562 0.908242
vt 0.138612 0.908299
vt 0.128818 0.903769
vt 0.128352 0.908231
vt 0.128036 0.907426
vt 0.927777 0.210003
vt 0.130786 0.901216
vt 0.132901 0.899208
vt 0.127165 0.901239
vt 0.129105 0.900635
vt 0.997173 0.056485
vt 0.997271 0.053963
vt 0.997889 0.056263
vt 0.127233 0.904560
vt 0.126849 0.901509
vt 0.129586 0.901365
vt 0.997489 0.060651
vt 0.998141 0.060690
vt 0.126760 0.897109
vt 0.997747 0.064312
vt 0.998141 0.065424
vt 0.142860 1.000000
vt 0.142120 0.996441
vt 0.142860 0.995407
vt 0.827955 0.591988
vt 0.827955 0.593444
vt 0.827398 0.593028
vt 0.128233 0.892057
vt 0.127061 0.893470
vt 0.131256 0.891602
vt 0.127977 0.892588
vt 0.133049 0.893038
vt 0.829067 0.591988
vt 0.829067 0.593436
vt 0.828512 0.593028
vt 0.132094 0.892582
vt 0.131052 0.894818
vt 0.130195 0.894162
vt 0.127175 0.893848
vt 0.129113 0.894818
vt 0.414907 0.337863
vt 0.415999 0.337914
vt 0.415935 0.340047
vt 0.416848 0.337860
vt 0.416848 0.339988
vt 0.414907 0.339990
vt 0.474768 0.988774
vt 0.472828 0.988777
vt 0.473845 0.988054
vt 0.465649 0.988049
vt 0.467783 0.988050
vt 0.467781 0.993871
vt 0.472828 0.994594
vt 0.465646 0.993871
vt 0.473864 0.995196
vt 0.474768 0.994591
vt 0.467783 0.994478
vt 0.465647 0.994603
vt 0.463511 0.994478
vt 0.463510 0.993871
vt 0.465644 0.993871
vt 0.463512 0.988049
vt 0.131044 0.900635
vt 0.465645 0.994454
vt 0.465646 0.988050
vt 0.996947 0.063878
vt 0.571744 0.957214
vt 0.571186 0.955831
vt 0.571744 0.952612
vt 0.134049 0.893302
vt 0.133490 0.896668
vt 0.601184 0.987904
vt 0.600260 0.990417
vt 0.601211 0.984273
vt 0.134150 0.896285
vt 0.133983 0.897825
vt 0.601211 0.991525
vt 0.133722 0.900285
vt 0.600421 0.995024
vt 0.134790 0.898247
vt 0.144474 0.887689
vt 0.144090 0.886711
vt 0.145847 0.887513
vt 0.145128 0.889531
vt 0.143825 0.885742
vt 0.322459 0.993744
vt 0.080355 0.955338
vt 0.945367 0.934620
vt 0.945975 0.933736
vt 0.945975 0.935531
vt 0.827717 0.086981
vt 0.080289 0.967785
vt 0.824950 0.087139
vt 0.825529 0.088117
vt 0.957766 0.209464
vt 0.957693 0.210543
vt 0.955844 0.210752
vt 0.824165 0.088663
vt 0.388555 0.947098
vt 0.389234 0.947123
vt 0.388599 0.952535
vt 0.824273 0.087204
vt 0.303592 0.999693
vt 0.302862 0.999696
vt 0.303381 0.994260
vt 0.302774 0.994264
vt 0.823430 0.089350
vt 0.957835 0.208284
vt 0.957811 0.208952
vt 0.822854 0.090334
vt 0.957853 0.207315
vt 0.128081 0.336693
vt 0.128517 0.336359
vt 0.128517 0.337138
vt 0.389234 0.952566
vt 0.127688 0.336241
vt 0.127738 0.337125
vt 0.303737 0.999696
vt 0.303853 0.994261
vt 0.999732 0.528875
vt 0.999085 0.528844
vt 0.999732 0.523436
vt 0.999076 0.523413
vt 0.998839 0.523413
vt 0.953412 0.209621
vt 0.954850 0.211971
vt 0.079305 0.969712
vt 0.826644 0.070825
vt 0.904242 0.415920
vt 0.824242 0.070257
vt 0.824720 0.067862
vt 0.901042 0.419809
vt 0.902893 0.431676
vt 0.903997 0.431677
vt 0.893167 0.421922
vt 0.492899 0.998375
vt 0.492357 0.998375
vt 0.492945 0.994042
vt 0.057195 0.994966
vt 0.057856 0.994969
vt 0.057856 0.999238
vt 0.057265 0.999236
vt 0.492295 0.994101
vt 0.561813 0.492974
vt 0.562161 0.492362
vt 0.562345 0.492974
vt 0.602972 0.992586
vt 0.603384 0.992639
vt 0.602769 0.996897
vt 0.603437 0.996897
vt 0.449325 0.884733
vt 0.032903 0.976892
vt 0.032169 0.969638
vt 0.035440 0.969303
vt 0.033611 0.983885
vt 0.036789 0.982631
vt 0.037207 0.982584
vt 0.037181 0.984000
vt 0.033705 0.984916
vt 0.037280 0.985212
vt 0.936540 0.065999
vt 0.937057 0.064721
vt 0.937057 0.067379
vt 0.865518 0.241616
vt 0.865518 0.243389
vt 0.864411 0.241694
vt 0.897733 0.101566
vt 0.899450 0.101680
vt 0.897556 0.102958
vt 0.037633 0.982551
vt 0.898838 0.100614
vt 0.036256 0.969095
vt 0.897720 0.088028
vt 0.900187 0.099273
vt 0.898915 0.086887
vt 0.035739 0.968447
vt 0.037112 0.967818
vt 0.900809 0.085661
vt 0.900402 0.085256
vt 0.037844 0.966051
vt 0.035907 0.967156
vt 0.032043 0.968513
vt 0.035873 0.969254
vt 0.992191 0.284659
vt 0.990445 0.282643
vt 0.992095 0.284091
vt 0.991010 0.278597
vt 0.989328 0.278668
vt 0.543619 0.966639
vt 0.544191 0.966741
vt 0.543736 0.967673
vt 0.549737 0.967270
vt 0.992191 0.278547
vt 0.445886 0.902531
vt 0.446785 0.908020
vt 0.445625 0.906729
vt 0.445176 0.905705
vt 0.445094 0.904589
vt 0.445314 0.903492
vt 0.549751 0.968253
vt 0.549753 0.969358
vt 0.543372 0.968756
vt 0.765476 0.789805
vt 0.765476 0.792773
vt 0.765203 0.791720
vt 0.543508 0.969843
vt 0.901507 0.083178
vt 0.900975 0.080264
vt 0.902976 0.082555
vt 0.542050 0.969424
vt 0.902420 0.078404
vt 0.902591 0.084988
vt 0.905654 0.080113
vt 0.904098 0.084984
vt 0.905741 0.084107
vt 0.906527 0.077387
vt 0.909562 0.078229
vt 0.908866 0.082185
vt 0.906220 0.074099
vt 0.904235 0.076057
vt 0.901052 0.075577
vt 0.903583 0.073462
vt 0.902076 0.072713
vt 0.904909 0.070469
vt 0.546169 0.975851
vt 0.545870 0.979256
vt 0.545008 0.976347
vt 0.546390 0.977497
vt 0.546424 0.979317
vt 0.546473 0.981200
vt 0.817707 0.164233
vt 0.817930 0.166895
vt 0.817106 0.165669
vt 0.813572 0.164866
vt 0.816546 0.163053
vt 0.813950 0.166646
vt 0.549753 0.980957
vt 0.441389 0.917729
vt 0.443342 0.916128
vt 0.443867 0.917204
vt 0.446264 0.914588
vt 0.445041 0.914261
vt 0.549706 0.979025
vt 0.549658 0.976163
vt 0.446918 0.911470
vt 0.447397 0.912787
vt 0.448921 0.909986
vt 0.980732 0.207015
vt 0.983562 0.206553
vt 0.983561 0.209469
vt 0.983563 0.204664
vt 0.979582 0.203733
vt 0.980676 0.203544
vt 0.979215 0.207033
vt 0.980555 0.209869
vt 0.979818 0.200999
vt 0.980977 0.200801
vt 0.983567 0.201859
vt 0.979825 0.198927
vt 0.983574 0.199474
vt 0.980985 0.198581
vt 0.979529 0.197560
vt 0.983580 0.197988
vt 0.980817 0.197000
vt 0.980421 0.196288
vt 0.983589 0.196707
vt 0.430306 0.921739
vt 0.430828 0.920702
vt 0.435802 0.921706
vt 0.430559 0.922514
vt 0.981396 0.195752
vt 0.983607 0.195470
vt 0.438726 0.920663
vt 0.435960 0.920476
vt 0.434859 0.920453
vt 0.859293 0.425694
vt 0.860604 0.425688
vt 0.860388 0.427226
vt 0.860604 0.427264
vt 0.859331 0.427249
vt 0.431867 0.917796
vt 0.429633 0.920440
vt 0.433427 0.919338
vt 0.811872 0.157246
vt 0.811479 0.155614
vt 0.816557 0.155495
vt 0.815728 0.157193
vt 0.812222 0.158721
vt 0.817595 0.154997
vt 0.816699 0.158210
vt 0.815602 0.158330
vt 0.817362 0.152604
vt 0.817930 0.150882
vt 0.914077 0.069068
vt 0.917905 0.070573
vt 0.913167 0.070670
vt 0.911261 0.067519
vt 0.817337 0.153959
vt 0.811241 0.154591
vt 0.811000 0.153525
vt 0.816906 0.151495
vt 0.810708 0.152208
vt 0.815904 0.150125
vt 0.202407 0.706351
vt 0.200804 0.706349
vt 0.201972 0.700847
vt 0.921077 0.067401
vt 0.920252 0.069866
vt 0.919240 0.068824
vt 0.816787 0.148802
vt 0.200538 0.702376
vt 0.569016 0.339218
vt 0.567662 0.338099
vt 0.568353 0.337365
vt 0.429280 0.921197
vt 0.426804 0.919338
vt 0.425662 0.920378
vt 0.428363 0.917796
vt 0.199720 0.706351
vt 0.563877 0.336709
vt 0.564026 0.335858
vt 0.567332 0.336614
vt 0.424783 0.920527
vt 0.567697 0.334348
vt 0.568392 0.333766
vt 0.568088 0.331468
vt 0.564345 0.333953
vt 0.564912 0.330504
vt 0.568431 0.329343
vt 0.569016 0.330015
vt 0.924604 0.067897
vt 0.928234 0.070199
vt 0.925656 0.070087
vt 0.928797 0.072465
vt 0.930416 0.071738
vt 0.925946 0.072819
vt 0.930942 0.074752
vt 0.931987 0.073723
vt 0.933033 0.075908
vt 0.923539 0.070970
vt 0.923990 0.074094
vt 0.922457 0.068913
vt 0.920519 0.072502
vt 0.917191 0.072190
vt 0.918542 0.074732
vt 0.921382 0.075390
vt 0.923685 0.077723
vt 0.919993 0.078056
vt 0.921473 0.081662
vt 0.920143 0.084972
vt 0.919032 0.082529
vt 0.922707 0.084974
vt 0.915666 0.082441
vt 0.916202 0.079757
vt 0.917765 0.084971
vt 0.916281 0.089107
vt 0.918207 0.093712
vt 0.914583 0.095284
vt 0.913891 0.093386
vt 0.914487 0.084972
vt 0.918337 0.097178
vt 0.912169 0.094121
vt 0.909683 0.097387
vt 0.913662 0.097943
vt 0.909508 0.100368
vt 0.905710 0.099805
vt 0.908208 0.095839
vt 0.905003 0.096795
vt 0.902159 0.099613
vt 0.903557 0.096928
vt 0.901845 0.098010
vt 0.906551 0.095350
vt 0.908330 0.094652
vt 0.907356 0.084978
vt 0.909566 0.084975
vt 0.910376 0.094027
vt 0.911415 0.084973
vt 0.912069 0.081662
vt 0.913114 0.078051
vt 0.912392 0.075555
vt 0.916046 0.076711
vt 0.915094 0.073764
vt 0.911498 0.072502
vt 0.909076 0.072195
vt 0.909365 0.074737
vt 0.908258 0.070309
vt 0.908601 0.067946
vt 0.816805 0.160872
vt 0.815886 0.160024
vt 0.812992 0.162191
vt 0.812465 0.159794
vt 0.438504 0.919458
vt 0.441052 0.919364
vt 0.920624 0.097031
vt 0.922994 0.095403
vt 0.926300 0.095894
vt 0.926557 0.098958
vt 0.924107 0.094423
vt 0.922094 0.093883
vt 0.920166 0.093509
vt 0.419524 0.918224
vt 0.422892 0.919943
vt 0.419179 0.919365
vt 0.982621 0.774331
vt 0.979621 0.775295
vt 0.979710 0.773514
vt 0.982553 0.775539
vt 0.421505 0.920663
vt 0.423147 0.921343
vt 0.982503 0.776155
vt 0.982423 0.776782
vt 0.979507 0.776544
vt 0.425710 0.922070
vt 0.980798 0.777093
vt 0.427969 0.922462
vt 0.982053 0.195489
vt 0.982064 0.195316
vt 0.901446 0.147974
vt 0.901593 0.151008
vt 0.900228 0.149427
vt 0.899702 0.147676
vt 0.437627 0.620034
vt 0.437248 0.620571
vt 0.434398 0.620651
vt 0.872050 0.987643
vt 0.871547 0.985060
vt 0.873250 0.985060
vt 0.874402 0.985061
vt 0.873695 0.989695
vt 0.898591 0.148127
vt 0.874766 0.990532
vt 0.899505 0.150440
vt 0.897817 0.149042
vt 0.875269 0.985065
vt 0.897556 0.150212
vt 0.875650 0.985069
vt 0.875448 0.991017
vt 0.437948 0.623261
vt 0.438883 0.623890
vt 0.438721 0.625263
vt 0.439852 0.624035
vt 0.875650 0.991117
vt 0.277133 0.985565
vt 0.277133 0.991614
vt 0.276891 0.991575
vt 0.276820 0.985808
vt 0.441752 0.625669
vt 0.441003 0.623703
vt 0.444467 0.622077
vt 0.445111 0.624471
vt 0.441987 0.622640
vt 0.438774 0.628036
vt 0.443392 0.629661
vt 0.445972 0.627199
vt 0.442285 0.620952
vt 0.274098 0.988374
vt 0.275775 0.986647
vt 0.275029 0.991528
vt 0.276132 0.991544
vt 0.899815 0.152647
vt 0.898685 0.152248
vt 0.897870 0.151369
vt 0.273344 0.990873
vt 0.900819 0.150446
vt 0.901500 0.152647
vt 0.443984 0.620630
vt 0.442298 0.620192
vt 0.448084 0.623296
vt 0.448209 0.625793
vt 0.450503 0.624795
vt 0.450314 0.627457
vt 0.453543 0.627333
vt 0.452252 0.629854
vt 0.447665 0.630276
vt 0.449603 0.633484
vt 0.445995 0.633940
vt 0.443817 0.632463
vt 0.444595 0.636083
vt 0.446946 0.637966
vt 0.441314 0.633836
vt 0.442384 0.637314
vt 0.440240 0.640392
vt 0.438642 0.638329
vt 0.443002 0.640454
vt 0.438352 0.635213
vt 0.445440 0.640509
vt 0.440703 0.648716
vt 0.438724 0.648642
vt 0.436161 0.649157
vt 0.436611 0.640309
vt 0.433276 0.649174
vt 0.432907 0.650668
vt 0.436543 0.651894
vt 0.436215 0.654310
vt 0.433684 0.657423
vt 0.430990 0.640177
vt 0.433239 0.640231
vt 0.432068 0.636709
vt 0.434557 0.638051
vt 0.435136 0.633702
vt 0.432321 0.633093
vt 0.437936 0.631626
vt 0.433718 0.629440
vt 0.430558 0.630406
vt 0.429922 0.626666
vt 0.432866 0.627064
vt 0.426896 0.629276
vt 0.427606 0.626246
vt 0.426497 0.625345
vt 0.431552 0.624259
vt 0.429383 0.623296
vt 0.977993 0.773999
vt 0.978073 0.771996
vt 0.977924 0.775155
vt 0.431756 0.622102
vt 0.434702 0.621160
vt 0.435183 0.621985
vt 0.437351 0.622221
vt 0.436176 0.623662
vt 0.435348 0.626795
vt 0.423021 0.629164
vt 0.440974 0.630991
vt 0.452254 0.635521
vt 0.452655 0.632655
vt 0.454810 0.635574
vt 0.455837 0.633574
vt 0.456262 0.636382
vt 0.143918 0.990304
vt 0.143918 0.985016
vt 0.992338 0.775367
vt 0.992338 0.780654
vt 0.991514 0.779933
vt 0.457070 0.635832
vt 0.458298 0.635579
vt 0.990297 0.778641
vt 0.991245 0.775351
vt 0.989553 0.776661
vt 0.779764 0.990773
vt 0.778064 0.990773
vt 0.989550 0.775317
vt 0.982009 0.212032
vt 0.980665 0.212015
vt 0.978887 0.210132
vt 0.978704 0.212063
vt 0.457843 0.633671
vt 0.978093 0.207276
vt 0.455890 0.630929
vt 0.978359 0.203547
vt 0.982011 0.214700
vt 0.777956 0.988092
vt 0.778116 0.985748
vt 0.978225 0.200831
vt 0.449487 0.622945
vt 0.446736 0.621741
vt 0.924024 0.065560
vt 0.924849 0.065565
vt 0.924066 0.067116
vt 0.884197 0.339989
vt 0.883126 0.340074
vt 0.883135 0.338516
vt 0.924849 0.067118
vt 0.884197 0.338433
vt 0.429751 0.917369
vt 0.430845 0.917405
vt 0.447512 0.909583
vt 0.549648 0.974254
vt 0.546133 0.973945
vt 0.549680 0.972720
vt 0.545505 0.972616
vt 0.545613 0.974083
vt 0.549725 0.971476
vt 0.544095 0.971653
vt 0.899395 0.077783
vt 0.899648 0.076029
vt 0.765234 0.790745
vt 0.543866 0.970788
vt 0.549745 0.970470
vt 0.449022 0.883685
vt 0.902414 0.454435
vt 0.902002 0.453829
vt 0.555394 0.986101
vt 0.555394 0.996579
vt 0.555249 0.996579
vt 0.554988 0.986347
vt 0.554636 0.996578
vt 0.901287 0.453694
vt 0.723718 0.985862
vt 0.723904 0.985931
vt 0.723686 0.996339
vt 0.724092 0.996338
vt 0.672528 0.178693
vt 0.986221 0.521569
vt 0.987561 0.521739
vt 0.672154 0.177914
vt 0.554851 0.985725
vt 0.554290 0.986594
vt 0.553787 0.986103
vt 0.553928 0.996576
vt 0.566080 0.986863
vt 0.566494 0.986838
vt 0.566118 0.997289
vt 0.902276 0.455143
vt 0.980432 0.233283
vt 0.980291 0.236283
vt 0.978652 0.235821
vt 0.978923 0.238116
vt 0.978963 0.233241
vt 0.979679 0.233269
vt 0.454671 0.659088
vt 0.457547 0.661723
vt 0.454138 0.661671
vt 0.456964 0.660470
vt 0.977732 0.236828
vt 0.869442 0.480654
vt 0.872338 0.478636
vt 0.872982 0.483606
vt 0.867466 0.484347
vt 0.452916 0.662154
vt 0.867388 0.485616
vt 0.210927 0.986832
vt 0.211925 0.986341
vt 0.211925 0.992193
vt 0.873128 0.484694
vt 0.873260 0.485616
vt 0.313909 0.990400
vt 0.312842 0.990029
vt 0.210892 0.992310
vt 0.311990 0.989151
vt 0.315673 0.990444
vt 0.209147 0.992506
vt 0.209621 0.989083
vt 0.458302 0.659379
vt 0.978574 0.217299
vt 0.979367 0.217337
vt 0.978271 0.233196
vt 0.979723 0.217073
vt 0.980248 0.217360
vt 0.202299 0.713241
vt 0.202442 0.711297
vt 0.202442 0.715574
vt 0.977742 0.217198
vt 0.202307 0.715521
vt 0.457987 0.640744
vt 0.458187 0.656757
vt 0.456761 0.655628
vt 0.458850 0.640792
vt 0.139440 0.985935
vt 0.139444 0.990216
vt 0.887376 0.340059
vt 0.886327 0.339746
vt 0.887376 0.338433
vt 0.833518 0.066813
vt 0.982623 0.735020
vt 0.989054 0.379721
vt 0.981053 0.734493
vt 0.570277 0.979104
vt 0.568710 0.979831
vt 0.568737 0.977280
vt 0.982570 0.733462
vt 0.990774 0.376940
vt 0.570291 0.976793
vt 0.849195 0.961426
vt 0.849205 0.961307
vt 0.854457 0.961259
vt 0.849140 0.962707
vt 0.487700 0.990629
vt 0.487223 0.990601
vt 0.487700 0.985399
vt 0.854388 0.962857
vt 0.926148 0.108816
vt 0.926247 0.108867
vt 0.854726 0.962898
vt 0.906883 0.108867
vt 0.315673 0.987310
vt 0.899791 0.340052
vt 0.603441 0.792943
vt 0.603441 0.794413
vt 0.603300 0.793898
vt 0.852397 0.970569
vt 0.849125 0.977044
vt 0.849140 0.984315
vt 0.852430 0.984310
vt 0.852812 0.970941
vt 0.852718 0.984306
vt 0.853059 0.984304
vt 0.852840 0.985015
vt 0.853576 0.984729
vt 0.853265 0.970916
vt 0.935393 0.101544
vt 0.935072 0.087656
vt 0.855370 0.987184
vt 0.933511 0.086568
vt 0.854864 0.985677
vt 0.853107 0.986148
vt 0.849145 0.985840
vt 0.849142 0.984958
vt 0.411016 0.899718
vt 0.411548 0.900647
vt 0.826060 0.993276
vt 0.824939 0.993358
vt 0.825283 0.989364
vt 0.827309 0.993186
vt 0.827072 0.987788
vt 0.827309 0.986958
vt 0.272631 0.768582
vt 0.267230 0.768493
vt 0.981274 0.762817
vt 0.775191 0.990777
vt 0.426219 0.994511
vt 0.424564 0.994515
vt 0.425231 0.991653
vt 0.426876 0.989621
vt 0.427221 0.994515
vt 0.944114 0.648964
vt 0.145068 0.870028
vt 0.144007 0.868264
vt 0.409709 0.904067
vt 0.409709 0.906184
vt 0.409507 0.905810
vt 0.141710 0.867737
vt 0.143470 0.865917
vt 0.143927 0.865440
vt 0.995518 0.890846
vt 0.995039 0.890844
vt 0.995189 0.880469
vt 0.996107 0.880641
vt 0.996168 0.890846
vt 0.143837 0.864790
vt 0.143313 0.864410
vt 0.145630 0.862086
vt 0.995274 0.970050
vt 0.994755 0.970082
vt 0.994702 0.959916
vt 0.142528 0.862208
vt 0.537075 0.997720
vt 0.536797 0.999508
vt 0.536329 0.996438
vt 0.143889 0.862086
vt 0.145080 0.860943
vt 0.858944 0.117339
vt 0.860183 0.113744
vt 0.860500 0.114882
vt 0.859474 0.118214
vt 0.138754 0.860487
vt 0.145117 0.857638
vt 0.140493 0.863284
vt 0.138786 0.857722
vt 0.137673 0.858904
vt 0.137625 0.861589
vt 0.279075 0.991958
vt 0.277133 0.993672
vt 0.278092 0.991640
vt 0.140033 0.865279
vt 0.138000 0.862962
vt 0.137866 0.862572
vt 0.537075 0.994280
vt 0.536137 0.994459
vt 0.134183 0.862027
vt 0.135927 0.859460
vt 0.132506 0.864144
vt 0.134566 0.857806
vt 0.133183 0.860977
vt 0.132577 0.861852
vt 0.133224 0.856986
vt 0.502775 0.876267
vt 0.502206 0.877097
vt 0.501621 0.873737
vt 0.501807 0.872171
vt 0.500262 0.870122
vt 0.500398 0.872459
vt 0.501296 0.876368
vt 0.398401 0.982589
vt 0.398379 0.978910
vt 0.400712 0.979678
vt 0.400734 0.983432
vt 0.499337 0.870001
vt 0.400697 0.977384
vt 0.040675 0.903446
vt 0.041354 0.907395
vt 0.040246 0.908325
vt 0.039415 0.900110
vt 0.039555 0.903756
vt 0.398358 0.975965
vt 0.037601 0.897039
vt 0.038365 0.900607
vt 0.398338 0.973407
vt 0.400676 0.974622
vt 0.233812 0.989112
vt 0.233780 0.986230
vt 0.236123 0.987716
vt 0.035288 0.894324
vt 0.036653 0.897709
vt 0.236158 0.990406
vt 0.034470 0.895146
vt 0.034087 0.897283
vt 0.036027 0.899942
vt 0.914656 0.986094
vt 0.914688 0.988600
vt 0.909821 0.987395
vt 0.037445 0.902912
vt 0.990979 0.860486
vt 0.990985 0.863038
vt 0.986131 0.861711
vt 0.986124 0.859361
vt 0.831432 0.132988
vt 0.835033 0.131504
vt 0.831798 0.132109
vt 0.838324 0.131504
vt 0.986137 0.864444
vt 0.841558 0.132109
vt 0.990989 0.865929
vt 0.986140 0.867467
vt 0.986140 0.870678
vt 0.985556 0.869183
vt 0.990991 0.869059
vt 0.038350 0.911836
vt 0.038542 0.909373
vt 0.990991 0.871499
vt 0.038293 0.906091
vt 0.986139 0.873967
vt 0.037781 0.914241
vt 0.039791 0.913338
vt 0.990990 0.873970
vt 0.040609 0.911209
vt 0.040367 0.912753
vt 0.040355 0.915752
vt 0.453741 0.998375
vt 0.453167 0.995944
vt 0.453741 0.995364
vt 0.930796 0.995884
vt 0.930442 0.995105
vt 0.930796 0.992562
vt 0.666148 0.998573
vt 0.665460 0.998083
vt 0.666148 0.995575
vt 0.928880 0.995122
vt 0.928945 0.992312
vt 0.930017 0.991746
vt 0.872008 0.962720
vt 0.874785 0.962930
vt 0.875284 0.963134
vt 0.413055 0.337861
vt 0.413831 0.337860
vt 0.413236 0.340189
vt 0.871547 0.962278
vt 0.414377 0.340189
vt 0.139035 0.866957
vt 0.138567 0.865904
vt 0.138762 0.864764
vt 0.013407 0.986014
vt 0.013351 0.987965
vt 0.012672 0.988134
vt 0.013407 0.992340
vt 0.141035 0.867222
vt 0.138959 0.869313
vt 0.139113 0.867340
vt 0.347868 0.793056
vt 0.347868 0.796203
vt 0.347568 0.795405
vt 0.279073 0.993998
vt 0.279075 0.996062
vt 0.278249 0.995577
vt 0.140132 0.865680
vt 0.140564 0.863640
vt 0.142372 0.864937
vt 0.142388 0.865435
vt 0.854010 0.997527
vt 0.853379 0.997114
vt 0.853618 0.987184
vt 0.853120 0.987185
vt 0.854010 0.987184
vt 0.142679 0.864544
vt 0.995910 0.959751
vt 0.995910 0.970059
vt 0.988442 0.520014
vt 0.988612 0.519500
vt 0.990342 0.519634
vt 0.988303 0.518905
vt 0.852889 0.997414
vt 0.989757 0.520081
vt 0.852637 0.987188
vt 0.852607 0.997667
vt 0.586365 0.283685
vt 0.586148 0.284288
vt 0.076382 0.435984
vt 0.075734 0.435984
vt 0.076037 0.435063
vt 0.142821 0.865916
vt 0.995001 0.880366
vt 0.586103 0.283112
vt 0.414907 0.337862
vt 0.023557 0.988044
vt 0.023509 0.987331
vt 0.025872 0.987789
vt 0.138041 0.864144
vt 0.025872 0.990598
vt 0.025119 0.991348
vt 0.024778 0.993658
vt 0.023543 0.993581
vt 0.400734 0.986374
vt 0.398421 0.986412
vt 0.501892 0.879418
vt 0.503129 0.879481
vt 0.397239 0.983764
vt 0.041354 0.911329
vt 0.877553 0.963399
vt 0.986135 0.877222
vt 0.036542 0.917290
vt 0.990986 0.877225
vt 0.986129 0.880332
vt 0.034764 0.920059
vt 0.990980 0.880335
vt 0.851840 0.139873
vt 0.986121 0.883191
vt 0.033125 0.921908
vt 0.990975 0.882518
vt 0.832418 0.135364
vt 0.828429 0.137387
vt 0.827290 0.134099
vt 0.829467 0.132930
vt 0.825103 0.136566
vt 0.811376 0.966051
vt 0.812926 0.964622
vt 0.812818 0.966977
vt 0.811451 0.964562
vt 0.811538 0.963638
vt 0.824356 0.141696
vt 0.354181 0.655389
vt 0.354571 0.652422
vt 0.354571 0.658351
vt 0.791814 0.592787
vt 0.789063 0.591600
vt 0.790071 0.590783
vt 0.786653 0.588269
vt 0.711380 0.893309
vt 0.711380 0.894900
vt 0.711079 0.894754
vt 0.786614 0.589875
vt 0.997242 0.173480
vt 0.997227 0.170833
vt 0.997939 0.173148
vt 0.997921 0.169086
vt 0.997269 0.176098
vt 0.997979 0.176841
vt 0.784084 0.584471
vt 0.784570 0.587684
vt 0.420489 0.742510
vt 0.419787 0.741749
vt 0.783019 0.585120
vt 0.811317 0.968042
vt 0.920144 0.936399
vt 0.922706 0.937630
vt 0.919228 0.937282
vt 0.918694 0.936816
vt 0.997220 0.167048
vt 0.917068 0.937280
vt 0.916403 0.935676
vt 0.918271 0.936998
vt 0.669946 0.493023
vt 0.669492 0.493023
vt 0.669595 0.487009
vt 0.205096 0.941158
vt 0.205663 0.941152
vt 0.205663 0.947168
vt 0.497583 0.999577
vt 0.497174 0.999577
vt 0.496624 0.993565
vt 0.920848 0.460541
vt 0.921296 0.459809
vt 0.922723 0.461572
vt 0.921532 0.461450
vt 0.497636 0.993565
vt 0.920590 0.460921
vt 0.921726 0.459916
vt 0.925140 0.461608
vt 0.127852 0.687127
vt 0.128917 0.687221
vt 0.921196 0.461998
vt 0.923355 0.462509
vt 0.923910 0.462226
vt 0.999385 0.913866
vt 0.999492 0.913891
vt 0.999611 0.919885
vt 0.999135 0.919875
vt 0.998742 0.913868
vt 0.920444 0.461718
vt 0.998963 0.140707
vt 0.999746 0.140699
vt 0.999746 0.146714
vt 0.998971 0.146723
vt 0.998921 0.146721
vt 0.918998 0.938041
vt 0.916831 0.939068
vt 0.918403 0.938044
vt 0.912919 0.939344
vt 0.914161 0.937867
vt 0.997983 0.707749
vt 0.997973 0.711630
vt 0.997197 0.710413
vt 0.997199 0.713141
vt 0.915453 0.937502
vt 0.914156 0.936722
vt 0.913124 0.937665
vt 0.915221 0.936938
vt 0.912534 0.938146
vt 0.334255 0.992248
vt 0.334781 0.992248
vt 0.334634 0.998263
vt 0.912740 0.936935
vt 0.333557 0.992252
vt 0.333858 0.998265
vt 0.925911 0.464038
vt 0.925233 0.463042
vt 0.926718 0.464151
vt 0.998926 0.308630
vt 0.999701 0.308666
vt 0.998975 0.314651
vt 0.999701 0.314693
vt 0.950876 0.992736
vt 0.951539 0.992730
vt 0.951117 0.998741
vt 0.910412 0.936706
vt 0.911989 0.937229
vt 0.951759 0.998749
vt 0.912005 0.937872
vt 0.909866 0.938664
vt 0.909890 0.940750
vt 0.907108 0.938774
vt 0.907804 0.940405
vt 0.907355 0.939992
vt 0.999027 0.976428
vt 0.998549 0.976445
vt 0.998592 0.970424
vt 0.999179 0.970407
vt 0.999592 0.976416
vt 0.996522 0.670708
vt 0.996422 0.668331
vt 0.997082 0.667071
vt 0.997208 0.670484
vt 0.997979 0.157736
vt 0.997944 0.160853
vt 0.997277 0.158011
vt 0.997243 0.161150
vt 0.798348 0.592076
vt 0.802068 0.590915
vt 0.800675 0.592735
vt 0.794019 0.592074
vt 0.797746 0.593367
vt 0.997922 0.164933
vt 0.997227 0.163797
vt 0.913129 0.935872
vt 0.996093 0.354383
vt 0.997567 0.354507
vt 0.997562 0.356089
vt 0.997574 0.353480
vt 0.794750 0.593384
vt 0.996087 0.356094
vt 0.822369 0.146901
vt 0.822176 0.150260
vt 0.819571 0.150846
vt 0.996109 0.353133
vt 0.821299 0.141604
vt 0.819718 0.146091
vt 0.819526 0.144381
vt 0.822447 0.138514
vt 0.820715 0.141312
vt 0.909760 0.976877
vt 0.909762 0.973588
vt 0.914611 0.975231
vt 0.909774 0.970376
vt 0.914624 0.970377
vt 0.914615 0.972771
vt 0.027428 0.892558
vt 0.024278 0.891605
vt 0.024257 0.889818
vt 0.914613 0.978517
vt 0.021831 0.891261
vt 0.028564 0.891176
vt 0.025237 0.888820
vt 0.019538 0.889565
vt 0.022589 0.888425
vt 0.233736 0.972505
vt 0.233733 0.975173
vt 0.232587 0.974454
vt 0.019022 0.888409
vt 0.236064 0.972505
vt 0.236076 0.969033
vt 0.233747 0.969033
vt 0.233761 0.966541
vt 0.236089 0.966540
vt 0.016371 0.888780
vt 0.236108 0.964213
vt 0.476978 0.858909
vt 0.474379 0.859552
vt 0.473731 0.859102
vt 0.471898 0.860559
vt 0.474410 0.858134
vt 0.477233 0.857497
vt 0.477509 0.858172
vt 0.481237 0.857210
vt 0.483052 0.858134
vt 0.480527 0.858557
vt 0.484602 0.857522
vt 0.488388 0.859295
vt 0.485832 0.859176
vt 0.487108 0.858113
vt 0.483202 0.858676
vt 0.483334 0.857172
vt 0.133688 0.843953
vt 0.134962 0.843725
vt 0.135797 0.844151
vt 0.133603 0.844315
vt 0.137001 0.843932
vt 0.989776 0.332107
vt 0.988958 0.332657
vt 0.988631 0.329218
vt 0.989783 0.333919
vt 0.137432 0.844930
vt 0.135325 0.845307
vt 0.137948 0.846534
vt 0.135567 0.846836
vt 0.133398 0.846568
vt 0.133501 0.845196
vt 0.492969 0.861880
vt 0.490106 0.859270
vt 0.493057 0.860916
vt 0.489205 0.860336
vt 0.495111 0.864288
vt 0.492328 0.862057
vt 0.497728 0.865814
vt 0.495199 0.862858
vt 0.133014 0.848307
vt 0.134058 0.848284
vt 0.133466 0.850434
vt 0.498028 0.865249
vt 0.135434 0.849838
vt 0.134797 0.851701
vt 0.133385 0.853435
vt 0.500208 0.868460
vt 0.138465 0.852517
vt 0.137521 0.853468
vt 0.137925 0.849978
vt 0.138929 0.851249
vt 0.145225 0.852333
vt 0.145173 0.854493
vt 0.138820 0.855653
vt 0.145954 0.855679
vt 0.856395 0.122228
vt 0.857876 0.121401
vt 0.856352 0.123601
vt 0.853727 0.121770
vt 0.853862 0.125092
vt 0.854535 0.125565
vt 0.850150 0.127926
vt 0.851772 0.127816
vt 0.850352 0.125022
vt 0.145287 0.850416
vt 0.145381 0.848236
vt 0.139014 0.848999
vt 0.139101 0.847351
vt 0.137993 0.848351
vt 0.145485 0.846561
vt 0.139173 0.845749
vt 0.989856 0.331383
vt 0.990621 0.334301
vt 0.145591 0.845476
vt 0.139326 0.845079
vt 0.848670 0.129571
vt 0.845506 0.130737
vt 0.845447 0.129866
vt 0.842942 0.131280
vt 0.145676 0.844999
vt 0.840245 0.131504
vt 0.840431 0.130716
vt 0.145766 0.844845
vt 0.139285 0.844861
vt 0.989570 0.329298
vt 0.989129 0.326129
vt 0.989510 0.326769
vt 0.897089 0.477489
vt 0.897209 0.477356
vt 0.903538 0.477398
vt 0.989829 0.322193
vt 0.989800 0.324139
vt 0.989285 0.321420
vt 0.988487 0.325221
vt 0.894427 0.477187
vt 0.893047 0.477599
vt 0.892814 0.475963
vt 0.894638 0.475772
vt 0.893732 0.478275
vt 0.896812 0.475774
vt 0.990621 0.320516
vt 0.893734 0.474413
vt 0.896079 0.474059
vt 0.115136 0.997402
vt 0.116059 0.995354
vt 0.116059 0.999398
vt 0.897182 0.474943
vt 0.897212 0.473031
vt 0.903547 0.473612
vt 0.903551 0.475398
vt 0.903542 0.471959
vt 0.897214 0.476866
vt 0.903548 0.476640
vt 0.903543 0.477212
vt 0.838252 0.131455
vt 0.835605 0.131066
vt 0.891539 0.477513
vt 0.891540 0.476504
vt 0.988402 0.328800
vt 0.892757 0.478636
vt 0.891531 0.478334
vt 0.839798 0.129743
vt 0.166058 0.998460
vt 0.165381 0.998462
vt 0.165698 0.992251
vt 0.840176 0.129038
vt 0.923714 0.779114
vt 0.924398 0.779065
vt 0.924398 0.785291
vt 0.923709 0.785330
vt 0.166256 0.992251
vt 0.120481 0.336862
vt 0.120984 0.336509
vt 0.120910 0.337266
vt 0.120494 0.336241
vt 0.120105 0.337266
vt 0.119976 0.336498
vt 0.166566 0.992252
vt 0.166568 0.998462
vt 0.017283 0.992144
vt 0.017409 0.992158
vt 0.017429 0.998364
vt 0.016896 0.998347
vt 0.016226 0.998364
vt 0.016612 0.992142
vt 0.807940 0.826758
vt 0.808547 0.826156
vt 0.808568 0.829741
vt 0.807955 0.829999
vt 0.997891 0.646970
vt 0.997610 0.643029
vt 0.998502 0.646361
vt 0.997230 0.645913
vt 0.807223 0.828964
vt 0.807266 0.826288
vt 0.807782 0.926835
vt 0.810058 0.930842
vt 0.808636 0.930539
vt 0.807583 0.923353
vt 0.812547 0.931304
vt 0.810318 0.932471
vt 0.813007 0.929934
vt 0.077716 0.435873
vt 0.077049 0.435629
vt 0.077716 0.435063
vt 0.812067 0.932171
vt 0.854156 0.108340
vt 0.856944 0.107941
vt 0.854850 0.114616
vt 0.856623 0.115936
vt 0.853319 0.111137
vt 0.998502 0.639302
vt 0.998494 0.640742
vt 0.997679 0.640528
vt 0.852537 0.115350
vt 0.127918 0.699331
vt 0.128682 0.696874
vt 0.128718 0.701804
vt 0.127604 0.695143
vt 0.127468 0.703978
vt 0.852878 0.106506
vt 0.127525 0.707374
vt 0.128811 0.706548
vt 0.126727 0.708539
vt 0.128755 0.704131
vt 0.127011 0.702338
vt 0.127915 0.702106
vt 0.126622 0.704586
vt 0.904242 0.472604
vt 0.904684 0.476479
vt 0.128917 0.709755
vt 0.905903 0.475375
vt 0.906211 0.476526
vt 0.905652 0.475924
vt 0.905716 0.479128
vt 0.457204 0.962928
vt 0.458562 0.962876
vt 0.458532 0.964957
vt 0.127564 0.709873
vt 0.849656 0.421391
vt 0.850260 0.421391
vt 0.850260 0.427407
vt 0.906497 0.475331
vt 0.660319 0.993387
vt 0.660834 0.993383
vt 0.660379 0.999402
vt 0.922356 0.956432
vt 0.925920 0.954703
vt 0.924641 0.957077
vt 0.925552 0.958033
vt 0.924538 0.957838
vt 0.849493 0.427406
vt 0.923709 0.957008
vt 0.661313 0.999402
vt 0.661445 0.993390
vt 0.998753 0.781235
vt 0.999580 0.781225
vt 0.999497 0.787244
vt 0.923732 0.957837
vt 0.921475 0.959334
vt 0.923096 0.960077
vt 0.849431 0.427403
vt 0.849355 0.421389
vt 0.998757 0.787244
vt 0.420489 0.720175
vt 0.420478 0.721980
vt 0.419784 0.721161
vt 0.919921 0.961640
vt 0.919419 0.960598
vt 0.532904 0.992462
vt 0.533472 0.992463
vt 0.533435 0.998478
vt 0.918890 0.961128
vt 0.532698 0.998478
vt 0.532290 0.992465
vt 0.919171 0.959963
vt 0.749201 0.999562
vt 0.748606 0.999562
vt 0.748904 0.993546
vt 0.918422 0.958654
vt 0.918580 0.959894
vt 0.748332 0.993553
vt 0.909547 0.480691
vt 0.908823 0.480877
vt 0.749442 0.993550
vt 0.911181 0.481278
vt 0.909921 0.481155
vt 0.912077 0.482850
vt 0.911501 0.482822
vt 0.913691 0.482748
vt 0.909259 0.483472
vt 0.909677 0.481750
vt 0.002340 0.992306
vt 0.002691 0.992327
vt 0.002796 0.998336
vt 0.002606 0.998319
vt 0.001700 0.992315
vt 0.002034 0.998319
vt 0.908871 0.481717
vt 0.918187 0.960342
vt 0.918332 0.960919
vt 0.917182 0.960703
vt 0.915719 0.959070
vt 0.914270 0.960145
vt 0.914674 0.962256
vt 0.915747 0.961306
vt 0.916169 0.960758
vt 0.915839 0.960455
vt 0.999035 0.995891
vt 0.998683 0.995896
vt 0.998722 0.989881
vt 0.668209 0.809063
vt 0.667631 0.809065
vt 0.667634 0.803050
vt 0.668209 0.803047
vt 0.999475 0.033780
vt 0.999770 0.033802
vt 0.999770 0.039809
vt 0.911394 0.483408
vt 0.912080 0.483440
vt 0.911696 0.485036
vt 0.458493 0.970036
vt 0.458486 0.972911
vt 0.457130 0.972838
vt 0.914358 0.486035
vt 0.914065 0.484656
vt 0.914279 0.483898
vt 0.458488 0.975743
vt 0.457145 0.968553
vt 0.456361 0.970466
vt 0.457229 0.976166
vt 0.456426 0.974290
vt 0.456149 0.977036
vt 0.605897 0.667023
vt 0.456380 0.967134
vt 0.606789 0.670742
vt 0.609445 0.675158
vt 0.456488 0.979231
vt 0.457248 0.982265
vt 0.456426 0.983240
vt 0.457143 0.978665
vt 0.613015 0.678372
vt 0.458505 0.979408
vt 0.458530 0.982058
vt 0.921398 0.485977
vt 0.918238 0.486431
vt 0.920750 0.485042
vt 0.917209 0.484469
vt 0.920201 0.484706
vt 0.357322 0.998504
vt 0.356753 0.998504
vt 0.356866 0.992489
vt 0.356800 0.992487
vt 0.920311 0.484032
vt 0.357520 0.992487
vt 0.911200 0.957902
vt 0.909967 0.959390
vt 0.907896 0.957571
vt 0.907592 0.954960
vt 0.357936 0.998500
vt 0.907648 0.956936
vt 0.907367 0.958100
vt 0.907208 0.959307
vt 0.910532 0.961342
vt 0.912215 0.960045
vt 0.912107 0.960810
vt 0.912852 0.959951
vt 0.334781 0.992250
vt 0.335479 0.992248
vt 0.335066 0.998264
vt 0.913236 0.960681
vt 0.040965 0.999110
vt 0.040337 0.999110
vt 0.040686 0.993094
vt 0.039965 0.993101
vt 0.915246 0.484503
vt 0.915061 0.483937
vt 0.041099 0.993099
vt 0.914806 0.484973
vt 0.319228 0.993747
vt 0.319849 0.993744
vt 0.319822 0.999754
vt 0.319054 0.999768
vt 0.319920 0.993769
vt 0.320156 0.999768
vt 0.914275 0.961290
vt 0.912646 0.961163
vt 0.336004 0.992249
vt 0.335842 0.998264
vt 0.915337 0.960767
vt 0.999511 0.995896
vt 0.999252 0.989877
vt 0.999245 0.039792
vt 0.998956 0.033787
vt 0.996294 0.650191
vt 0.996382 0.648269
vt 0.997082 0.648332
vt 0.996511 0.647496
vt 0.996984 0.650376
vt 0.804323 0.568423
vt 0.800639 0.566320
vt 0.800966 0.565237
vt 0.997208 0.647411
vt 0.807269 0.571474
vt 0.806347 0.568549
vt 0.804004 0.566681
vt 0.796941 0.564406
vt 0.797518 0.565651
vt 0.708919 0.793376
vt 0.707444 0.793379
vt 0.707432 0.790032
vt 0.708906 0.789279
vt 0.707433 0.785961
vt 0.846627 0.159853
vt 0.849167 0.156623
vt 0.850383 0.159613
vt 0.844243 0.161669
vt 0.845718 0.163866
vt 0.708939 0.796209
vt 0.841004 0.165927
vt 0.843120 0.165890
vt 0.841538 0.162957
vt 0.848692 0.162440
vt 0.846066 0.164423
vt 0.840765 0.166639
vt 0.855047 0.135151
vt 0.859895 0.135099
vt 0.855003 0.136773
vt 0.838323 0.167018
vt 0.854970 0.138662
vt 0.859839 0.137334
vt 0.854944 0.141473
vt 0.859803 0.139975
vt 0.835033 0.167018
vt 0.836675 0.166512
vt 0.830666 0.165315
vt 0.833876 0.164808
vt 0.834584 0.164436
vt 0.833650 0.163937
vt 0.999296 0.308117
vt 0.998651 0.308142
vt 0.999054 0.302883
vt 0.999708 0.308137
vt 0.998981 0.023819
vt 0.998412 0.023830
vt 0.998797 0.018582
vt 0.999708 0.302900
vt 0.928138 0.484674
vt 0.927857 0.483947
vt 0.929452 0.485179
vt 0.927967 0.486379
vt 0.927277 0.484956
vt 0.926879 0.482964
vt 0.927154 0.484127
vt 0.999536 0.023793
vt 0.999536 0.018547
vt 0.388803 0.952566
vt 0.389200 0.952567
vt 0.388555 0.957807
vt 0.389248 0.957807
vt 0.925562 0.485522
vt 0.458553 0.983728
vt 0.458560 0.985609
vt 0.456818 0.984593
vt 0.922475 0.482689
vt 0.923632 0.485193
vt 0.457509 0.987209
vt 0.458562 0.988147
vt 0.921036 0.483847
vt 0.921380 0.484539
vt 0.925660 0.481684
vt 0.925806 0.480887
vt 0.924685 0.477009
vt 0.051457 0.998323
vt 0.050711 0.998339
vt 0.051053 0.992313
vt 0.051793 0.992316
vt 0.534044 0.992462
vt 0.534655 0.992470
vt 0.534341 0.998478
vt 0.907057 0.956867
vt 0.906737 0.957603
vt 0.905476 0.954803
vt 0.533746 0.998478
vt 0.906000 0.951695
vt 0.904249 0.955804
vt 0.903882 0.952707
vt 0.904522 0.952639
vt 0.904834 0.952096
vt 0.999651 0.780982
vt 0.999174 0.780973
vt 0.999424 0.774963
vt 0.903542 0.952219
vt 0.999532 0.774989
vt 0.008853 0.992674
vt 0.008970 0.992676
vt 0.008865 0.998690
vt 0.926412 0.481965
vt 0.926773 0.481491
vt 0.929050 0.479891
vt 0.998837 0.774963
vt 0.926588 0.480925
vt 0.929068 0.481259
vt 0.928606 0.481844
vt 0.928837 0.476501
vt 0.929457 0.476671
vt 0.930522 0.480588
vt 0.929490 0.479769
vt 0.929567 0.481329
vt 0.535554 0.754328
vt 0.534780 0.754627
vt 0.914159 0.992884
vt 0.914571 0.992889
vt 0.914437 0.998900
vt 0.913810 0.998900
vt 0.913437 0.992891
vt 0.904387 0.951568
vt 0.903750 0.951661
vt 0.902596 0.949062
vt 0.007795 0.992676
vt 0.008287 0.992673
vt 0.008083 0.998690
vt 0.903526 0.946128
vt 0.902616 0.951889
vt 0.996255 0.660274
vt 0.996223 0.657450
vt 0.996928 0.658492
vt 0.996979 0.662734
vt 0.996316 0.664464
vt 0.903666 0.945549
vt 0.283322 0.998598
vt 0.282939 0.998576
vt 0.283180 0.992568
vt 0.805484 0.588399
vt 0.808185 0.584694
vt 0.808049 0.587224
vt 0.810476 0.581392
vt 0.809933 0.583572
vt 0.810046 0.581084
vt 0.809391 0.580626
vt 0.997584 0.370073
vt 0.996109 0.370205
vt 0.996104 0.368594
vt 0.458305 0.892365
vt 0.458333 0.899078
vt 0.458121 0.893837
vt 0.458813 0.899076
vt 0.458813 0.892362
vt 0.997576 0.367838
vt 0.826517 0.159547
vt 0.829431 0.161883
vt 0.825985 0.162759
vt 0.996094 0.364872
vt 0.830784 0.162759
vt 0.822699 0.159318
vt 0.854435 0.151420
vt 0.827290 0.164423
vt 0.824664 0.162440
vt 0.820589 0.155493
vt 0.820715 0.157210
vt 0.823797 0.155996
vt 0.822447 0.160008
vt 0.997561 0.360630
vt 0.996087 0.360635
vt 0.996086 0.358164
vt 0.997566 0.363765
vt 0.822689 0.153212
vt 0.997560 0.358160
vt 0.805841 0.589762
vt 0.803412 0.591516
vt 0.819526 0.154141
vt 0.855163 0.158802
vt 0.855082 0.155868
vt 0.859968 0.157317
vt 0.855258 0.161413
vt 0.860057 0.160101
vt 0.909821 0.964611
vt 0.909855 0.962256
vt 0.914688 0.963381
vt 0.818922 0.150907
vt 0.860157 0.162516
vt 0.909793 0.967349
vt 0.914663 0.965253
vt 0.818922 0.147616
vt 0.914644 0.967350
vt 0.909208 0.969061
vt 0.016116 0.891848
vt 0.019360 0.891296
vt 0.831220 0.163349
vt 0.997933 0.670607
vt 0.997254 0.670606
vt 0.997656 0.665367
vt 0.997208 0.665375
vt 0.929148 0.482428
vt 0.929760 0.481940
vt 0.930969 0.482461
vt 0.998374 0.665388
vt 0.283326 0.997458
vt 0.283322 0.994351
vt 0.284099 0.995244
vt 0.284099 0.993323
vt 0.283324 0.992856
vt 0.824006 0.114218
vt 0.823620 0.107684
vt 0.824306 0.109562
vt 0.826270 0.110185
vt 0.284105 0.992565
vt 0.567247 0.339328
vt 0.567247 0.340084
vt 0.566644 0.339868
vt 0.822669 0.102341
vt 0.457763 0.989717
vt 0.456806 0.989352
vt 0.956888 0.195494
vt 0.957854 0.195316
vt 0.957870 0.197216
vt 0.823872 0.104270
vt 0.825241 0.103212
vt 0.457794 0.988644
vt 0.284105 0.998631
vt 0.283331 0.999182
vt 0.615117 0.681426
vt 0.615034 0.684163
vt 0.612917 0.684463
vt 0.456553 0.986724
vt 0.614756 0.679319
vt 0.787893 0.064143
vt 0.787890 0.064435
vt 0.782653 0.064072
vt 0.998374 0.670631
vt 0.781177 0.064397
vt 0.317919 0.910494
vt 0.317919 0.912321
vt 0.317701 0.911668
vt 0.781914 0.062982
vt 0.781173 0.060598
vt 0.782649 0.061486
vt 0.894140 0.412384
vt 0.893401 0.410875
vt 0.894140 0.410039
vt 0.951968 0.194498
vt 0.951516 0.193617
vt 0.951968 0.192897
vt 0.810151 0.580308
vt 0.809653 0.573508
vt 0.810476 0.576389
vt 0.782643 0.059055
vt 0.781166 0.058163
vt 0.996617 0.780968
vt 0.995618 0.779670
vt 0.996617 0.777705
vt 0.950003 0.244182
vt 0.948689 0.243512
vt 0.950003 0.240909
vt 0.837504 0.163737
vt 0.834609 0.163688
vt 0.708966 0.798782
vt 0.707492 0.798784
vt 0.707464 0.796212
vt 0.808257 0.570857
vt 0.808972 0.575359
vt 0.996932 0.653584
vt 0.996234 0.653593
vt 0.781177 0.065162
vt 0.787891 0.065162
vt 0.998610 0.780982
vt 0.283322 0.992589
vt 0.988145 0.519649
vt 0.987378 0.518811
vt 0.988190 0.516441
vt 0.806013 0.318908
vt 0.810491 0.320642
vt 0.809016 0.321229
vt 0.987459 0.514957
vt 0.804646 0.320113
vt 0.987585 0.512910
vt 0.988303 0.513623
vt 0.806905 0.320383
vt 0.051933 0.998339
vt 0.922060 0.472306
vt 0.921468 0.475311
vt 0.717505 0.164434
vt 0.718612 0.166298
vt 0.717051 0.166298
vt 0.704545 0.483928
vt 0.704545 0.486857
vt 0.703352 0.485835
vt 0.706919 0.483928
vt 0.706919 0.486818
vt 0.705724 0.485077
vt 0.817252 0.241888
vt 0.817947 0.243727
vt 0.816642 0.243727
vt 0.705724 0.483928
vt 0.705724 0.486873
vt 0.704545 0.485593
vt 0.920262 0.469255
vt 0.922234 0.833949
vt 0.921403 0.832052
vt 0.922234 0.831252
vt 0.830523 0.065053
vt 0.830792 0.066960
vt 0.829599 0.066960
vt 0.918479 0.468520
vt 0.917624 0.469690
vt 0.919615 0.470210
vt 0.999332 0.498807
vt 0.998679 0.499417
vt 0.998663 0.497398
vt 0.923716 0.791600
vt 0.924373 0.791371
vt 0.915600 0.470453
vt 0.924368 0.789808
vt 0.632898 0.180031
vt 0.633916 0.178344
vt 0.634427 0.180031
vt 0.730578 0.164434
vt 0.730578 0.166777
vt 0.729417 0.165134
vt 0.999332 0.495487
vt 0.773491 0.160018
vt 0.998668 0.495579
vt 0.145870 0.939504
vt 0.533472 0.992469
vt 0.851568 0.427407
vt 0.850260 0.427407
vt 0.850575 0.425763
vt 0.832591 0.166639
vt 0.830236 0.165890
vt 0.854944 0.146156
vt 0.854937 0.143756
vt 0.859787 0.142932
vt 0.003131 0.912065
vt 0.003979 0.915245
vt 0.852641 0.157210
vt 0.850909 0.160008
vt 0.986071 0.890655
vt 0.986083 0.889933
vt 0.990934 0.889935
vt 0.853830 0.154141
vt 0.419797 0.719501
vt 0.630257 0.441206
vt 0.629882 0.441010
vt 0.630257 0.440416
vt 0.917856 0.962159
vt 0.347892 0.751979
vt 0.347892 0.756647
vt 0.347589 0.754698
vt 0.457174 0.965061
vt 0.458509 0.967397
vt 0.456491 0.963584
vt 0.907278 0.481505
vt 0.001574 0.998336
vt 0.906841 0.476023
vt 0.926558 0.952107
vt 0.925050 0.952457
vt 0.927496 0.955071
vt 0.926898 0.952595
vt 0.999827 0.077115
vt 0.999350 0.077106
vt 0.999600 0.071096
vt 0.927538 0.952527
vt 0.285183 0.992611
vt 0.285301 0.992613
vt 0.285196 0.998626
vt 0.999708 0.071122
vt 0.905800 0.470051
vt 0.284414 0.998626
vt 0.284617 0.992610
vt 0.284126 0.992612
vt 0.927850 0.951983
vt 0.998786 0.077115
vt 0.999012 0.071096
vt 0.926766 0.951549
vt 0.913025 0.992884
vt 0.913437 0.992889
vt 0.913304 0.998900
vt 0.912676 0.998900
vt 0.126904 0.711024
vt 0.859709 0.925403
vt 0.859939 0.923540
vt 0.860624 0.925288
vt 0.615117 0.652589
vt 0.859212 0.923639
vt 0.860624 0.922480
vt 0.859867 0.921993
vt 0.615083 0.650674
vt 0.610731 0.656159
vt 0.856263 0.117829
vt 0.998494 0.642605
vt 0.301761 0.951479
vt 0.301009 0.950919
vt 0.807123 0.921727
vt 0.137162 0.856481
vt 0.135319 0.854053
vt 0.134140 0.855105
vt 0.497471 0.866962
vt 0.236064 0.977845
vt 0.236075 0.981341
vt 0.233740 0.979165
vt 0.233756 0.983031
vt 0.236095 0.984664
vt 0.031880 0.892995
vt 0.029032 0.890118
vt 0.032545 0.892045
vt 0.236061 0.975172
vt 0.032342 0.895534
vt 0.030349 0.894073
vt 0.914624 0.981710
vt 0.914638 0.983989
vt 0.909782 0.983238
vt 0.909799 0.985419
vt 0.909767 0.980131
vt 0.824664 0.136082
vt 0.997584 0.353052
vt 0.952015 0.992747
vt 0.952015 0.998769
vt 0.924176 0.462854
vt 0.571186 0.940784
vt 0.571742 0.940778
vt 0.571742 0.946794
vt 0.409217 0.919516
vt 0.409729 0.919518
vt 0.409729 0.925531
vt 0.571316 0.946791
vt 0.923611 0.463035
vt 0.985324 0.562281
vt 0.985518 0.562283
vt 0.985538 0.568298
vt 0.985174 0.568297
vt 0.916001 0.937350
vt 0.915888 0.936778
vt 0.984763 0.562282
vt 0.409077 0.925533
vt 0.984679 0.568298
vt 0.334751 0.998265
vt 0.918062 0.937556
vt 0.998570 0.919885
vt 0.859000 0.113532
vt 0.858449 0.113825
vt 0.998832 0.824974
vt 0.999146 0.831184
vt 0.998608 0.831185
vt 0.859012 0.112992
vt 0.231361 0.992808
vt 0.231883 0.992795
vt 0.231883 0.999008
vt 0.231314 0.999017
vt 0.789652 0.339901
vt 0.789122 0.340128
vt 0.789171 0.339510
vt 0.230826 0.992810
vt 0.789652 0.339165
vt 0.788633 0.339822
vt 0.788608 0.339245
vt 0.789068 0.338897
vt 0.999435 0.824974
vt 0.999551 0.831185
vt 0.999517 0.824976
vt 0.999417 0.798291
vt 0.999601 0.798307
vt 0.999608 0.804503
vt 0.999168 0.804494
vt 0.998612 0.804503
vt 0.998712 0.798292
vt 0.999012 0.798287
vt 0.857883 0.113525
vt 0.230768 0.999017
vt 0.995263 0.959605
vt 0.584784 0.283657
vt 0.995807 0.880080
vt 0.996569 0.880369
vt 0.604065 0.657419
vt 0.605233 0.655567
vt 0.768956 0.067354
vt 0.603143 0.659364
vt 0.602481 0.661604
vt 0.979915 0.064861
vt 0.980741 0.055749
vt 0.602212 0.669703
vt 0.601849 0.665597
vt 0.986221 0.529991
vt 0.925798 0.209308
vt 0.040821 0.952361
vt 0.041333 0.952401
vt 0.040830 0.956617
vt 0.041333 0.956660
vt 0.999763 0.053793
vt 0.999160 0.053747
vt 0.999018 0.049480
vt 0.999763 0.049446
vt 0.553785 0.995097
vt 0.553164 0.995087
vt 0.553182 0.990820
vt 0.560751 0.492362
vt 0.560751 0.492972
vt 0.560174 0.492564
vt 0.553785 0.990750
vt 0.851098 0.068202
vt 0.924313 0.229663
vt 0.849672 0.071099
vt 0.849267 0.067401
vt 0.847080 0.068143
vt 0.849343 0.075286
vt 0.847453 0.075198
vt 0.846385 0.070557
vt 0.845796 0.075174
vt 0.843311 0.072886
vt 0.842746 0.070209
vt 0.843561 0.068093
vt 0.844203 0.075211
vt 0.842481 0.075187
vt 0.840999 0.072854
vt 0.840204 0.075097
vt 0.839639 0.070414
vt 0.838040 0.075069
vt 0.838146 0.068020
vt 0.840857 0.068056
vt 0.837557 0.070437
vt 0.913194 0.236215
vt 0.915919 0.236142
vt 0.913360 0.237021
vt 0.918329 0.234910
vt 0.915044 0.234611
vt 0.914376 0.234459
vt 0.354022 0.984572
vt 0.354583 0.984514
vt 0.354583 0.988806
vt 0.777948 0.990097
vt 0.777252 0.990069
vt 0.777948 0.985751
vt 0.968747 0.146169
vt 0.968294 0.146096
vt 0.968747 0.141823
vt 0.777239 0.985797
vt 0.628798 0.440416
vt 0.628798 0.441126
vt 0.628332 0.440680
vt 0.303950 0.994289
vt 0.304426 0.994260
vt 0.304517 0.998531
vt 0.303853 0.998531
vt 0.836326 0.075047
vt 0.834957 0.070404
vt 0.834641 0.075025
vt 0.836646 0.084693
vt 0.838408 0.084716
vt 0.840183 0.084740
vt 0.841958 0.084764
vt 0.843721 0.084788
vt 0.844068 0.085182
vt 0.845457 0.084812
vt 0.847153 0.084837
vt 0.848797 0.084861
vt 0.921273 0.232831
vt 0.215332 0.634363
vt 0.215691 0.634012
vt 0.215691 0.634755
vt 0.874926 0.991199
vt 0.875620 0.991117
vt 0.875620 0.995415
vt 0.936396 0.989010
vt 0.139433 0.999155
vt 0.138849 0.999155
vt 0.139091 0.994899
vt 0.083577 0.964538
vt 0.099959 0.966039
vt 0.254837 0.916930
vt 0.254837 0.918567
vt 0.254654 0.917760
vt 0.083573 0.962561
vt 0.083342 0.964553
vt 0.364643 0.974170
vt 0.912662 0.233498
vt 0.083570 0.950637
vt 0.364480 0.987470
vt 0.363991 0.986076
vt 0.099947 0.950484
vt 0.083573 0.949227
vt 0.099950 0.948928
vt 0.083576 0.947490
vt 0.099953 0.947427
vt 0.099957 0.945993
vt 0.083579 0.946263
vt 0.365950 0.990389
vt 0.365255 0.989183
vt 0.083361 0.948346
vt 0.081071 0.942517
vt 0.229727 0.992797
vt 0.230216 0.992797
vt 0.230161 0.999007
vt 0.230768 0.992795
vt 0.230768 0.999005
vt 0.787081 0.339519
vt 0.787565 0.339866
vt 0.786978 0.340131
vt 0.786518 0.339781
vt 0.999369 0.086726
vt 0.998798 0.086730
vt 0.998844 0.080521
vt 0.999769 0.086730
vt 0.999590 0.080518
vt 0.786544 0.339204
vt 0.999416 0.565722
vt 0.998845 0.565712
vt 0.999222 0.559509
vt 0.998674 0.559508
vt 0.787034 0.338897
vt 0.999664 0.565743
vt 0.999618 0.559521
vt 0.787565 0.339127
vt 0.999664 0.559543
vt 0.229651 0.999006
vt 0.820761 0.112252
vt 0.997073 0.113845
vt 0.829274 0.124790
vt 0.926433 0.064721
vt 0.926433 0.067197
vt 0.925774 0.066260
vt 0.988158 0.524944
vt 0.999592 0.970403
vt 0.907550 0.941116
vt 0.909897 0.464028
vt 0.860519 0.992444
vt 0.999029 0.353052
vt 0.999666 0.353052
vt 0.999694 0.359068
vt 0.998718 0.944226
vt 0.789901 0.992196
vt 0.804690 0.338897
vt 0.989759 0.518075
vt 0.998891 0.359068
vt 0.913331 0.472461
vt 0.815317 0.064896
vt 0.815317 0.066982
vt 0.814157 0.065718
vt 0.912304 0.992891
vt 0.986755 0.197057
vt 0.472575 0.898365
vt 0.467615 0.898160
vt 0.474690 0.899137
vt 0.471102 0.897660
vt 0.471876 0.899387
vt 0.472870 0.900380
vt 0.471272 0.899707
vt 0.474516 0.900928
vt 0.996379 0.748711
vt 0.996693 0.749937
vt 0.996421 0.766285
vt 0.996817 0.766343
vt 0.476198 0.901347
vt 0.996155 0.766226
vt 0.996186 0.748013
vt 0.942398 0.613256
vt 0.942664 0.611531
vt 0.943057 0.615928
vt 0.942007 0.614910
vt 0.942113 0.617283
vt 0.941623 0.618497
vt 0.941517 0.616452
vt 0.273342 0.746528
vt 0.273342 0.750440
vt 0.272961 0.749577
vt 0.997082 0.753880
vt 0.997342 0.762629
vt 0.883717 0.434944
vt 0.874992 0.434744
vt 0.997342 0.766401
vt 0.887489 0.434933
vt 0.943992 0.610116
vt 0.942793 0.609958
vt 0.996122 0.747678
vt 0.996023 0.766168
vt 0.477909 0.901636
vt 0.273081 0.991468
vt 0.273004 0.991462
vt 0.273081 0.972990
vt 0.942807 0.608239
vt 0.272954 0.972962
vt 0.944406 0.607291
vt 0.999643 0.592089
vt 0.998889 0.589149
vt 0.999643 0.585969
vt 0.566676 0.997282
vt 0.832415 0.592923
vt 0.981637 0.634859
vt 0.992248 0.129511
vt 0.990250 0.129548
vt 0.774527 0.157472
vt 0.994574 0.640066
vt 0.996250 0.639396
vt 0.814831 0.995796
vt 0.994591 0.638839
vt 0.992248 0.139536
vt 0.990334 0.140027
vt 0.994407 0.194041
vt 0.765463 0.162186
vt 0.765513 0.158758
vt 0.813189 0.986958
vt 0.996000 0.815342
vt 0.138340 0.821244
vt 0.138340 0.824672
vt 0.138114 0.823831
vn 0.2101 0.8248 0.5249
vn -0.1892 0.9791 0.0747
vn 0.1419 0.9309 0.3366
vn 0.2794 0.9550 -0.0996
vn -0.0229 0.8004 -0.5990
vn 0.7027 0.6899 -0.1737
vn -0.1501 0.9317 -0.3306
vn 0.5319 0.6928 -0.4869
vn 0.4615 0.7496 -0.4743
vn 0.5674 0.7889 -0.2359
vn -0.2873 0.9511 0.1128
vn 0.7498 0.6442 -0.1507
vn -0.0746 0.9553 -0.2862
vn 0.4876 0.6756 -0.5529
vn 0.0217 0.9293 0.3687
vn 0.4640 0.7234 -0.5112
vn 0.3670 0.7259 -0.5817
vn 0.2301 0.5509 -0.8022
vn 0.0229 0.9405 -0.3388
vn -0.3471 0.9372 -0.0337
vn -0.2479 0.6876 0.6825
vn 0.2015 0.6901 -0.6951
vn 0.0000 1.0000 0.0000
vn 0.2055 0.7515 -0.6269
vn -0.0405 0.7338 -0.6781
vn 0.4825 0.6435 -0.5941
vn 0.2323 0.6675 -0.7074
vn -0.0518 0.9640 0.2608
vn 0.0237 0.6441 -0.7645
vn -0.1540 0.9705 0.1852
vn 0.2275 0.9700 -0.0852
vn -0.1852 0.9710 -0.1512
vn 0.0291 0.9991 0.0289
vn 0.0224 0.9788 -0.2034
vn 0.6486 0.6578 -0.3827
vn 0.2363 0.9710 -0.0350
vn -0.1107 0.9716 0.2090
vn 0.6431 0.6950 -0.3215
vn -0.1625 0.9637 -0.2116
vn 0.7413 0.6707 -0.0222
vn 0.1743 0.9799 0.0972
vn 0.2094 0.9778 -0.0020
vn -0.1342 0.9908 0.0177
vn 0.0651 0.9977 0.0202
vn 0.0670 0.9249 -0.3742
vn 0.0872 0.9913 0.0981
vn 0.1381 0.9875 0.0750
vn 0.9363 0.1451 -0.3198
vn 0.9289 0.3205 0.1857
vn 0.6705 0.7400 0.0528
vn 0.6289 0.3375 0.7004
vn 0.6320 0.7352 0.2450
vn 0.5487 0.7356 0.3973
vn 0.6320 0.6829 0.3662
vn 0.7149 0.6778 0.1716
vn -0.6582 0.7477 -0.0876
vn 0.7334 0.6771 -0.0611
vn -0.6025 0.7448 0.2868
vn -0.7289 0.6294 0.2694
vn -0.4326 0.7678 -0.4725
vn -0.7215 0.5639 -0.4018
vn -0.7723 0.6345 -0.0291
vn -0.5487 0.6333 0.5458
vn -0.6722 0.7321 0.1100
vn -0.4716 0.7345 0.4878
vn -0.5712 0.7313 0.3726
vn -0.6362 0.7304 0.2483
vn -0.8477 -0.3862 0.3636
vn -0.6981 -0.3858 0.6032
vn -0.7805 -0.3866 0.4911
vn -0.5971 -0.3854 0.7035
vn -0.2446 -0.9359 0.2535
vn -0.3106 -0.9359 0.1662
vn 0.7409 -0.6344 -0.2206
vn -0.1570 -0.9356 0.3161
vn 0.2006 -0.6853 -0.7001
vn 0.4870 -0.6640 -0.5674
vn 0.4578 -0.8477 -0.2681
vn 0.4242 -0.7563 -0.4980
vn 0.4997 -0.8655 -0.0343
vn 0.5470 -0.6969 -0.4638
vn 0.6787 -0.6970 -0.2313
vn 0.6542 -0.6969 -0.2937
vn 0.5879 -0.6969 -0.4106
vn 0.6238 -0.6969 -0.3536
vn 0.8028 -0.3429 -0.4877
vn 0.8768 -0.2735 -0.3954
vn 0.8171 -0.3753 -0.4375
vn 0.8783 -0.3327 -0.3433
vn 0.5916 -0.7228 -0.3571
vn 0.6355 -0.7230 -0.2708
vn 0.7241 -0.3948 -0.5654
vn 0.8869 -0.3540 -0.2968
vn 0.7529 -0.3761 -0.5401
vn 0.6608 -0.3566 -0.6604
vn 0.5260 -0.7210 -0.4511
vn 0.0000 -1.0000 0.0000
vn 0.4249 -0.7192 -0.5496
vn -0.1659 -0.8899 -0.4248
vn 0.2831 -0.9041 -0.3200
vn -0.4322 -0.8932 0.1241
vn 0.5090 -0.6875 -0.5179
vn 0.3132 -0.8994 0.3048
vn 0.3614 -0.6911 -0.6259
vn 0.4429 -0.6919 -0.5701
vn 0.5242 0.6927 -0.4953
vn 0.4483 0.6911 -0.5669
vn 0.3669 0.6923 -0.6214
vn 0.6113 0.7175 -0.3339
vn 0.5794 0.7171 -0.3873
vn -0.4095 0.9102 -0.0610
vn 0.5324 0.7211 -0.4433
vn 0.4888 0.8716 -0.0372
vn 0.1773 0.8569 0.4840
vn 0.5923 0.6952 -0.4073
vn 0.6293 0.6970 -0.3438
vn 0.6681 0.6923 -0.2726
vn 0.6401 0.7225 -0.2612
vn 0.6685 0.7251 -0.1652
vn 0.6834 0.7284 -0.0477
vn 0.4529 0.8865 0.0941
vn 0.6819 0.7265 0.0849
vn 0.0735 0.9147 -0.3973
vn -0.1049 0.9301 0.3519
vn 0.0806 -0.9176 0.3891
vn 0.3912 -0.9102 -0.1360
vn -0.4734 0.8747 -0.1040
vn 0.7228 -0.6911 0.0001
vn 0.6911 -0.7220 -0.0312
vn 0.6697 -0.7258 -0.1575
vn 0.9219 -0.3620 -0.1379
vn 0.9288 -0.3688 -0.0355
vn 0.9312 -0.3513 -0.0975
vn 0.9387 -0.2782 -0.2032
vn 0.9262 -0.3769 0.0064
vn 0.7100 -0.6969 -0.1005
vn 0.6974 -0.6970 -0.1664
vn 0.9199 -0.3036 -0.2480
vn 0.7163 -0.6969 -0.0336
vn 0.7163 -0.6969 0.0336
vn 0.9388 -0.3376 0.0681
vn 0.7100 -0.6969 0.1006
vn 0.6975 -0.6969 0.1666
vn 0.9234 -0.3471 0.1638
vn 0.4679 -0.8554 0.2220
vn 0.7840 -0.6057 0.1356
vn 0.6789 -0.6969 0.2311
vn 0.6542 -0.6969 0.2937
vn 0.6238 -0.6969 0.3537
vn 0.3468 -0.7952 0.4973
vn 0.6649 -0.4834 0.5694
vn 0.3229 -0.5661 0.7584
vn -0.1955 -0.9364 -0.2915
vn -0.2856 -0.9357 -0.2068
vn 0.0797 -0.8316 0.5496
vn -0.0842 -0.7184 0.6905
vn -0.0848 -0.9368 -0.3393
vn -0.0017 -0.3891 -0.9211
vn -0.1531 -0.3868 -0.9094
vn 0.0270 -0.9355 -0.3522
vn -0.2857 -0.3825 -0.8787
vn 0.1321 -0.9356 -0.3274
vn 0.2785 -0.3848 -0.8799
vn 0.1574 -0.3853 -0.9092
vn 0.1463 0.7321 -0.6653
vn 0.0000 0.7322 -0.6811
vn -0.1463 0.7321 -0.6652
vn 0.0605 0.6529 -0.7550
vn -0.3764 0.6153 -0.6926
vn -0.2861 0.7321 -0.6181
vn -0.4121 0.7321 -0.5423
vn -0.4055 -0.3819 -0.8305
vn -0.5363 -0.3851 -0.7510
vn -0.6406 -0.3804 -0.6670
vn -0.5192 0.7321 -0.4408
vn -0.7256 -0.3858 -0.5698
vn -0.8108 -0.3918 -0.4348
vn -0.6017 0.7322 -0.3190
vn -0.8742 -0.3871 -0.2931
vn -0.3359 -0.9342 -0.1202
vn -0.6563 0.7321 -0.1823
vn -0.9061 -0.3857 -0.1735
vn -0.6801 0.7321 -0.0367
vn -0.9214 -0.3875 -0.0309
vn -0.3564 -0.9337 -0.0330
vn -0.3478 -0.9352 0.0660
vn -0.8891 -0.3854 0.2467
vn -0.9152 -0.3869 0.1126
vn -0.0987 0.7951 -0.5983
vn 0.3063 0.6796 0.6666
vn 0.2306 0.8319 -0.5047
vn -0.1530 0.6829 0.7142
vn 0.0690 0.6754 0.7342
vn -0.3572 0.6752 0.6454
vn -0.5418 0.6777 0.4971
vn 0.5687 0.7580 -0.3193
vn 0.5598 0.5939 -0.5779
vn -0.5076 0.7446 0.4334
vn -0.3703 0.7366 0.5659
vn -0.6804 0.6720 0.2924
vn -0.6157 0.7404 0.2694
vn -0.7338 0.6766 0.0612
vn -0.6628 0.7406 0.1106
vn -0.6744 0.7352 -0.0686
vn 0.6078 0.7641 0.2161
vn -0.7154 0.6814 -0.1545
vn -0.9586 0.2625 -0.1106
vn -0.6189 0.7413 -0.2597
vn -0.5507 0.6760 -0.4896
vn -0.5080 0.7440 -0.4339
vn -0.7831 0.1816 -0.5947
vn -0.6540 0.6757 -0.3401
vn -0.3862 0.6735 -0.6302
vn 0.3189 0.8124 0.4881
vn -0.1900 0.6789 -0.7092
vn -0.0288 0.7945 0.6066
vn 0.2019 0.5924 0.7799
vn 0.6268 0.5924 0.5061
vn -0.0735 0.7321 0.6771
vn -0.2362 0.6411 0.7302
vn 0.0735 0.7321 0.6771
vn 0.3511 0.7322 0.5836
vn 0.2176 0.7321 0.6454
vn 0.4723 -0.3918 0.7895
vn 0.2109 -0.3848 0.8986
vn 0.3310 -0.3856 0.8612
vn 0.1515 -0.9335 0.3248
vn 0.0538 -0.9356 0.3489
vn 0.0717 -0.3869 0.9193
vn -0.0717 -0.3869 0.9193
vn -0.2102 -0.3855 0.8984
vn -0.0537 -0.9355 0.3491
vn -0.3315 -0.3864 0.8607
vn -0.1945 -0.6057 -0.7715
vn 0.0081 -0.8550 -0.5185
vn -0.2376 -0.8536 -0.4636
vn -0.4835 -0.6435 -0.5934
vn -0.1829 -0.6969 -0.6935
vn -0.1172 -0.6969 -0.7075
vn 0.0168 -0.6969 -0.7170
vn 0.0839 -0.6969 -0.7122
vn 0.2378 -0.7818 -0.5763
vn -0.0504 -0.6969 -0.7154
vn 0.3966 -0.6969 -0.5975
vn 0.3390 -0.6969 -0.6320
vn 0.2783 -0.6969 -0.6609
vn 0.2152 -0.6969 -0.6841
vn 0.1502 -0.6969 -0.7013
vn 0.2535 -0.3177 -0.9136
vn 0.2076 -0.2597 -0.9431
vn 0.1294 -0.3649 -0.9220
vn 0.3791 -0.2556 -0.8893
vn 0.3004 -0.3567 -0.8846
vn 0.4178 -0.3203 -0.8502
vn 0.5379 -0.2515 -0.8046
vn 0.4594 -0.3393 -0.8209
vn 0.2763 -0.7219 -0.6344
vn 0.5425 -0.3791 -0.7497
vn 0.5744 -0.3774 -0.7264
vn 0.4508 -0.6969 -0.5577
vn 0.6375 -0.3466 -0.6880
vn 0.7402 -0.2453 -0.6260
vn 0.5011 -0.6969 -0.5130
vn 0.1431 -0.7284 -0.6700
vn 0.3856 -0.9134 -0.1300
vn 0.0941 -0.6943 -0.7135
vn 0.2758 -0.6953 -0.6637
vn 0.1857 -0.6906 -0.6990
vn -0.4233 -0.9014 0.0903
vn -0.0291 -0.8459 0.5325
vn 0.0001 -0.6911 -0.7228
vn 0.1012 0.6931 -0.7137
vn 0.2090 0.6941 -0.6888
vn -0.4129 0.9096 0.0465
vn 0.0001 0.6911 -0.7227
vn 0.0403 0.8900 0.4541
vn 0.4741 0.8804 0.0108
vn 0.4699 -0.8385 0.2760
vn -0.0641 0.7288 -0.6817
vn 0.0038 0.9129 -0.4082
vn 0.4044 -0.8650 -0.2970
vn -0.1787 -0.8718 -0.4560
vn -0.0950 -0.7257 -0.6814
vn -0.0413 -0.3601 -0.9320
vn -0.2120 -0.3601 -0.9085
vn -0.2129 -0.7245 -0.6555
vn 0.0272 -0.7248 -0.6884
vn -0.3740 -0.3658 -0.8522
vn -0.3049 -0.7264 -0.6159
vn -0.5255 -0.3658 -0.7681
vn -0.4333 -0.3082 -0.8469
vn -0.3231 -0.2715 -0.9066
vn -0.2691 -0.3105 -0.9117
vn -0.6590 -0.3600 -0.6604
vn -0.5828 -0.3060 -0.7528
vn -0.4849 -0.2754 -0.8301
vn -0.4453 -0.7245 -0.5261
vn -0.3629 -0.7264 -0.5837
vn -0.0107 -0.9186 0.3951
vn -0.5293 -0.7258 -0.4395
vn -0.6073 -0.6919 -0.3905
vn -0.5350 -0.6880 -0.4903
vn 0.3474 -0.9264 -0.1455
vn -0.2251 -0.8885 -0.3998
vn -0.4418 -0.6880 -0.5757
vn 0.3193 0.8466 -0.4258
vn -0.2358 0.8702 -0.4325
vn -0.4704 0.8733 0.1261
vn -0.4582 -0.8762 0.1488
vn -0.4698 0.8737 0.1262
vn -0.5520 0.7288 -0.4050
vn -0.4736 0.7270 -0.4971
vn -0.4062 0.7244 -0.5570
vn -0.3432 0.7181 -0.6054
vn -0.4418 0.6880 -0.5757
vn 0.0009 0.8714 0.4905
vn -0.6253 0.6941 -0.3567
vn -0.5840 0.6897 -0.4279
vn -0.5303 0.6888 -0.4943
vn 0.5063 0.8564 0.1007
vn -0.3351 0.6880 -0.6437
vn 0.0506 0.8996 0.4337
vn -0.2182 0.6880 -0.6921
vn -0.3351 -0.6880 -0.6437
vn -0.2182 -0.6880 -0.6921
vn 0.0898 -0.9147 0.3939
vn -0.1047 0.6911 -0.7151
vn -0.1047 -0.6911 -0.7151
vn 0.3797 0.8453 -0.3759
vn 0.4704 0.8607 0.1943
vn -0.6567 0.6918 -0.3002
vn -0.6620 -0.6941 -0.2827
vn 0.4795 -0.8773 0.0213
vn 0.0531 -0.8995 -0.4336
vn -0.2169 0.8761 -0.4306
vn -0.6576 -0.7223 -0.2139
vn -0.6018 -0.7263 -0.3320
vn -0.4397 -0.8966 -0.0510
vn -0.6814 -0.7257 -0.0948
vn 0.2394 -0.9230 0.3011
vn -0.7135 -0.6943 -0.0941
vn -0.6990 -0.6906 -0.1857
vn -0.7137 0.6931 -0.1012
vn -0.7228 -0.6911 -0.0001
vn -0.2805 0.9246 0.2576
vn -0.6888 0.6941 -0.2090
vn 0.3149 0.9092 0.2725
vn -0.7228 0.6911 -0.0001
vn -0.6852 0.7268 -0.0464
vn -0.6655 0.7254 -0.1756
vn -0.3509 -0.9209 0.1696
vn -0.2991 0.8827 -0.3624
vn -0.6803 0.7285 0.0806
vn -0.7672 0.6216 -0.1578
vn -0.7082 0.6898 -0.1502
vn 0.1394 0.9437 -0.2999
vn -0.6761 0.6938 -0.2481
vn -0.6102 0.7919 -0.0220
vn -0.5889 0.7804 -0.2102
vn 0.0457 0.9365 0.3476
vn -0.8331 0.4924 -0.2519
vn 0.3091 0.9451 -0.1063
vn 0.6525 0.7116 0.2603
vn -0.4722 0.7999 -0.3703
vn -0.4594 0.8764 0.1444
vn -0.6492 0.6748 -0.3509
vn -0.4460 0.6843 -0.5769
vn -0.3938 0.7546 -0.5248
vn -0.1993 0.6850 -0.7007
vn 0.2228 0.9663 0.1290
vn -0.0177 0.9765 -0.2148
vn -0.2174 0.9611 0.1701
vn -0.0101 0.9982 -0.0585
vn -0.0232 0.9985 -0.0489
vn -0.0585 0.9712 -0.2309
vn 0.0049 0.9717 -0.2361
vn -0.2906 0.9476 -0.1327
vn 0.2593 0.9643 0.0542
vn 0.4984 0.2172 -0.8393
vn 0.0529 0.7394 -0.6712
vn -0.3491 0.7441 -0.5696
vn -0.1597 0.7419 -0.6512
vn -0.0013 0.6790 -0.7341
vn 0.1871 0.6814 -0.7075
vn 0.2450 0.7352 -0.6320
vn 0.3837 0.6785 -0.6263
vn 0.4080 0.7423 -0.5315
vn 0.5604 0.6765 -0.4777
vn -0.3497 0.7617 0.5454
vn 0.5589 0.7392 -0.3756
vn 0.6771 0.6772 -0.2879
vn 0.6096 0.2694 -0.7455
vn 0.6472 0.7438 -0.1668
vn -0.0569 0.9984 0.0065
vn -0.1742 0.9845 0.0200
vn -0.8099 0.3906 0.4375
vn -0.1332 0.9846 0.1127
vn -0.4217 0.2879 0.8598
vn 0.0935 0.2821 0.9548
vn -0.2083 0.7356 0.6446
vn -0.1672 0.8372 0.5206
vn 0.2402 0.9003 0.3630
vn 0.2470 0.1689 0.9542
vn 0.1449 0.7371 0.6600
vn 0.4372 0.7328 0.5214
vn 0.3070 0.7417 0.5963
vn 0.5034 0.6752 0.5391
vn -0.0377 0.7352 0.6768
vn -0.0651 0.6507 0.7565
vn 0.1667 0.5573 0.8134
vn 0.3147 0.6427 0.6984
vn 0.1939 0.9599 0.2025
vn 0.2517 0.9546 -0.1594
vn 0.4945 0.5641 0.6612
vn 0.0142 0.9747 0.2231
vn 0.6669 0.6035 0.4370
vn 0.1451 0.9698 -0.1960
vn 0.1128 0.9657 0.2336
vn -0.2485 0.9638 0.0964
vn 0.0428 0.9825 -0.1809
vn -0.0012 0.7236 0.6902
vn -0.2141 0.6781 0.7031
vn -0.1956 0.7386 0.6451
vn 0.0819 0.9895 -0.1190
vn -0.4064 0.6742 0.6167
vn -0.3681 0.7432 0.5586
vn -0.5669 0.6766 0.4700
vn -0.5189 0.7407 0.4266
vn -0.0610 0.9686 -0.2409
vn 0.3994 0.9101 -0.1100
vn 0.0367 0.7706 -0.6362
vn -0.0177 0.9505 0.3102
vn -0.2422 0.6636 0.7078
vn -0.4921 0.6571 0.5710
vn -0.5085 0.6928 0.5113
vn -0.3392 0.7260 0.5982
vn -0.4395 0.7234 0.5324
vn 0.3108 0.9087 0.2785
vn -0.5111 0.7211 0.4677
vn -0.3081 0.8854 0.3481
vn -0.0155 -0.8947 0.4464
vn 0.4476 -0.8938 0.0279
vn 0.2636 0.9006 -0.3455
vn 0.0560 -0.8889 -0.4546
vn -0.3529 0.8953 -0.2718
vn -0.3669 0.6923 0.6214
vn -0.3002 0.6918 0.6567
vn -0.4100 -0.9111 -0.0410
vn -0.2218 0.7259 0.6510
vn -0.2090 0.6941 0.6888
vn -0.1682 0.6894 0.7045
vn -0.0973 0.7258 0.6810
vn -0.2510 0.9680 -0.0022
vn -0.1335 0.6409 0.7559
vn 0.0788 0.9756 -0.2047
vn -0.3845 0.8748 -0.2948
vn 0.2606 0.9333 0.2469
vn 0.1527 0.6536 0.7412
vn 0.1674 0.6933 0.7009
vn 0.1522 0.7235 0.6732
vn 0.0317 0.7255 0.6874
vn 0.2523 0.7251 0.6407
vn -0.0327 0.9049 0.4242
vn -0.4187 0.9055 -0.0682
vn 0.2421 0.6885 0.6836
vn 0.3409 0.7199 0.6045
vn 0.2949 0.8899 -0.3480
vn 0.2739 0.9227 0.2711
vn 0.4223 0.7240 0.5454
vn 0.5056 0.4690 0.7241
vn 0.4096 0.3478 0.8433
vn 0.2356 0.7928 0.5621
vn 0.3277 0.9228 -0.2025
vn -0.3684 0.9219 0.1197
vn -0.4212 0.9061 0.0390
vn -0.0731 0.9832 -0.1672
vn 0.5034 0.6707 0.5447
vn 0.5000 0.7251 0.4734
vn 0.5256 0.6899 0.4976
vn 0.5677 0.7251 0.3898
vn 0.1171 0.9316 -0.3441
vn -0.3314 0.8835 0.3309
vn 0.4902 0.6880 0.5350
vn 0.5669 0.6911 0.4483
vn 0.6214 0.6923 0.3669
vn 0.4943 -0.6888 0.5303
vn 0.5669 -0.6911 0.4483
vn 0.3905 0.6919 0.6073
vn -0.3264 0.9004 -0.2874
vn 0.2738 0.6900 0.6700
vn 0.3511 -0.6928 0.6298
vn 0.4279 -0.6897 0.5840
vn 0.2668 -0.6911 0.6717
vn -0.1779 -0.8905 -0.4188
vn 0.4042 -0.8856 -0.2288
vn 0.2496 -0.7231 0.6440
vn 0.1971 -0.9157 0.3501
vn 0.2507 -0.3777 0.8913
vn 0.3849 -0.3681 0.8463
vn 0.3407 -0.7245 0.5991
vn 0.1496 -0.7194 0.6783
vn -0.3400 -0.8801 0.3312
vn 0.0328 -0.7216 0.6915
vn 0.1303 -0.3627 0.9227
vn 0.0846 -0.3260 0.9416
vn 0.1859 -0.3330 0.9244
vn 0.0231 -0.3769 0.9259
vn -0.0039 -0.3709 0.9286
vn -0.0755 -0.3327 0.9400
vn -0.1322 -0.3619 0.9228
vn -0.1000 -0.7255 0.6809
vn 0.2832 -0.9183 0.2764
vn -0.2105 -0.7199 0.6613
vn -0.0941 -0.6943 0.7135
vn -0.1857 -0.6906 0.6990
vn -0.1012 0.6931 0.7137
vn -0.0106 -0.6942 0.7197
vn 0.2937 -0.8893 -0.3505
vn 0.4656 0.8836 0.0490
vn -0.0106 0.6942 0.7197
vn 0.0880 0.8950 -0.4373
vn -0.3244 -0.9017 -0.2857
vn 0.0731 0.6942 0.7160
vn 0.0731 -0.6942 0.7160
vn 0.1667 -0.6911 0.7032
vn 0.1667 0.6911 0.7033
vn -0.2758 -0.6953 0.6637
vn -0.3614 -0.6911 0.6259
vn -0.4429 -0.6919 0.5701
vn -0.4483 0.6911 0.5669
vn -0.5242 0.6927 0.4953
vn -0.5788 -0.6927 0.4302
vn -0.5984 0.6875 0.4113
vn -0.3717 0.8668 -0.3324
vn -0.5090 -0.6875 0.5179
vn -0.6458 0.6888 0.3292
vn -0.6437 -0.6880 0.3351
vn 0.0586 -0.8922 -0.4478
vn -0.6921 0.6880 0.2182
vn 0.5121 0.8549 0.0825
vn 0.2320 0.8857 -0.4021
vn 0.1293 0.8543 0.5034
vn 0.4382 -0.8985 0.0260
vn -0.0117 -0.8957 0.4445
vn -0.6921 -0.6880 0.2182
vn -0.6325 -0.7227 0.2786
vn -0.4104 -0.9109 -0.0427
vn -0.4094 0.8689 0.2781
vn -0.6741 -0.7216 0.1576
vn -0.2451 -0.8678 -0.4321
vn -0.7151 -0.6911 0.1047
vn 0.3420 -0.8896 -0.3027
vn -0.7151 0.6911 0.1047
vn 0.3122 0.8898 -0.3328
vn -0.6532 0.7288 0.2055
vn -0.6118 0.7251 0.3160
vn -0.6935 0.6866 0.2181
vn -0.7377 0.6525 0.1731
vn 0.1544 0.9801 -0.1247
vn 0.3800 0.8926 0.2424
vn -0.3067 0.9019 -0.3041
vn -0.8237 0.5152 0.2366
vn -0.5080 0.7234 -0.4675
vn -0.4339 0.7891 0.4348
vn 0.5775 0.8124 0.0802
vn 0.3295 0.9008 0.2829
vn -0.5553 0.6631 0.5018
vn -0.5646 0.7214 0.4009
vn -0.6634 0.7263 0.1798
vn -0.7463 0.5633 0.3544
vn -0.7760 0.6231 0.0977
vn 0.0964 0.9598 0.2635
vn 0.1535 0.9735 -0.1692
vn -0.2344 0.9716 -0.0329
vn -0.0131 0.9999 -0.0018
vn -0.7466 0.6479 -0.1510
vn 0.1534 0.9736 -0.1689
vn -0.2347 0.9715 -0.0330
vn 0.0966 0.9598 0.2633
vn -0.0147 0.9999 -0.0016
vn 0.6617 0.6444 -0.3832
vn -0.1481 0.9710 0.1875
vn -0.6872 -0.7258 0.0318
vn -0.9244 -0.3612 0.1226
vn -0.9319 -0.3599 -0.0431
vn -0.9521 -0.2971 0.0722
vn -0.9257 -0.3335 0.1786
vn -0.8921 -0.3690 0.2605
vn -0.7316 -0.6796 -0.0543
vn -0.7329 -0.6801 -0.0164
vn -0.9551 -0.2959 0.0164
vn -0.9499 -0.2940 -0.1053
vn -0.9410 -0.2981 -0.1603
vn -0.7142 -0.6967 -0.0672
vn -0.3077 -0.7818 -0.5423
vn -0.7047 -0.6967 -0.1337
vn 0.1524 -0.6009 -0.7846
vn -0.4794 -0.5145 -0.7110
vn -0.0769 -0.7370 -0.6715
vn -0.1061 -0.9601 -0.2589
vn -0.7610 -0.5262 -0.3794
vn -0.0990 -0.5553 -0.8257
vn 0.1145 -0.6033 -0.7892
vn 0.0846 -0.7341 -0.6737
vn 0.2894 -0.7604 -0.5814
vn -0.3683 -0.6968 -0.6154
vn -0.6399 -0.6968 -0.3241
vn -0.6067 -0.6968 -0.3826
vn -0.5682 -0.6968 -0.4377
vn -0.5247 -0.6968 -0.4890
vn -0.4766 -0.6968 -0.5360
vn -0.4243 -0.6968 -0.5783
vn -0.3090 -0.6968 -0.6472
vn -0.2470 -0.6968 -0.6733
vn -0.6295 -0.2792 -0.7251
vn -0.7124 -0.3039 -0.6326
vn -0.7521 -0.2830 -0.5951
vn -0.7692 -0.3600 -0.5279
vn -0.8553 -0.3562 -0.3763
vn -0.8175 -0.3019 -0.4904
vn -0.8484 -0.2867 -0.4450
vn -0.6674 -0.6967 -0.2628
vn -0.8946 -0.2999 -0.3311
vn -0.9151 -0.2904 -0.2798
vn -0.9080 -0.3595 -0.2150
vn -0.6891 -0.6967 -0.1991
vn 0.4473 -0.5605 -0.6970
vn -0.1198 -0.7905 -0.6006
vn -0.6398 -0.7475 -0.1785
vn -0.7174 -0.6105 -0.3355
vn -0.7004 -0.7058 -0.1061
vn -0.4404 -0.8299 -0.3424
vn 0.2894 -0.9337 0.2105
vn 0.3343 -0.9336 0.1290
vn 0.7752 -0.3872 0.4990
vn 0.3537 -0.9345 0.0399
vn 0.8888 -0.3876 0.2444
vn 0.8435 -0.3869 0.3726
vn 0.6327 0.7321 0.2522
vn 0.6722 0.7321 0.1101
vn 0.9153 -0.3869 0.1123
vn 0.9216 -0.3868 -0.0304
vn 0.3540 -0.9340 -0.0483
vn 0.9063 -0.3849 -0.1743
vn 0.3304 -0.9336 -0.1390
vn 0.6749 -0.6964 -0.2441
vn 0.8751 -0.3850 -0.2931
vn 0.8111 -0.3916 -0.4344
vn 0.2834 -0.9342 -0.2165
vn 0.5698 -0.6941 -0.4398
vn 0.6543 -0.6791 -0.3327
vn 0.2213 -0.9338 -0.2810
vn 0.7253 -0.3875 -0.5689
vn 0.6404 -0.3855 -0.6643
vn 0.5329 -0.3867 -0.7526
vn -0.2525 -0.7085 0.6590
vn -0.2008 -0.7250 0.6588
vn 0.4585 -0.8341 0.3066
vn 0.6141 -0.7839 0.0911
vn 0.6588 -0.6201 -0.4258
vn 0.8172 -0.5752 -0.0348
vn -0.0785 -0.7859 0.6133
vn 0.5880 -0.6969 0.4105
vn 0.5918 -0.7390 0.3219
vn 0.3390 -0.6969 0.6320
vn 0.5470 -0.6969 0.4638
vn 0.5011 -0.6969 0.5130
vn 0.4509 -0.6969 0.5577
vn 0.3966 -0.6969 0.5974
vn 0.5799 -0.3342 0.7429
vn 0.4973 -0.3338 0.8007
vn 0.5240 -0.3615 0.7712
vn 0.4508 -0.2828 0.8466
vn 0.4351 -0.7189 0.5420
vn 0.6204 -0.3804 0.6858
vn 0.5066 -0.7224 0.4706
vn -0.3930 -0.9044 0.1662
vn 0.6259 -0.6911 0.3613
vn 0.1970 -0.9284 -0.3150
vn 0.6637 -0.6953 0.2759
vn -0.3908 -0.9068 -0.1581
vn 0.6888 0.6941 0.2090
vn 0.6990 -0.6906 0.1857
vn -0.2101 -0.8822 0.4213
vn 0.6567 0.6918 0.3002
vn 0.7137 0.6931 0.1012
vn -0.1693 0.8981 0.4059
vn 0.6601 0.7249 0.1968
vn 0.4096 0.8916 0.1931
vn -0.4475 0.8844 -0.1322
vn 0.3725 -0.8897 0.2639
vn 0.5724 -0.7258 0.3816
vn 0.6404 -0.7224 0.2608
vn 0.8199 -0.3543 0.4497
vn 0.7224 -0.3667 0.5862
vn 0.6979 -0.3383 0.6312
vn 0.7824 -0.2814 0.5555
vn 0.6466 -0.3728 0.6655
vn 0.8019 -0.3413 0.4902
vn 0.8716 -0.2811 0.4015
vn 0.8780 -0.3442 0.3326
vn 0.8915 -0.3476 0.2904
vn 0.9232 -0.3603 0.1333
vn 0.6793 -0.7255 0.1096
vn 0.9308 -0.2809 0.2338
vn 0.7135 -0.6943 0.0941
vn -0.1668 -0.8894 -0.4256
vn 0.6214 0.7251 0.2967
vn 0.5675 0.6115 0.5513
vn 0.7217 0.6488 0.2410
vn 0.0165 0.9504 -0.3106
vn 0.3122 0.8981 0.3097
vn 0.6930 0.6896 0.2099
vn -0.3956 0.7745 -0.4935
vn -0.2348 0.9693 0.0733
vn 0.6148 0.7412 0.2694
vn 0.7326 0.6655 0.1426
vn 0.4785 0.7631 0.4345
vn 0.6636 0.7479 -0.0176
vn 0.7736 0.6041 0.1910
vn -0.2445 0.9692 -0.0278
vn -0.0287 0.9991 0.0293
vn 0.2893 0.7049 0.6476
vn 0.3474 0.9281 0.1339
vn -0.6095 0.7823 -0.1284
vn 0.7228 0.6911 0.0001
vn 0.7151 0.6911 -0.1047
vn 0.7151 -0.6911 -0.1047
vn 0.6921 -0.6880 -0.2182
vn 0.6921 0.6880 -0.2182
vn -0.3458 -0.8888 -0.3006
vn 0.6437 -0.6880 -0.3351
vn -0.3076 -0.8980 0.3146
vn 0.6458 0.6888 -0.3292
vn 0.5788 -0.6927 -0.4302
vn -0.4498 0.8520 -0.2678
vn -0.3831 0.8728 0.3022
vn 0.5984 0.6875 -0.4113
vn 0.0845 0.8670 -0.4910
vn 0.2783 -0.6969 0.6609
vn 0.3406 -0.3308 0.8801
vn 0.2152 -0.6969 0.6841
vn 0.2782 -0.3754 0.8841
vn 0.1502 -0.6969 0.7013
vn 0.0839 -0.6969 0.7122
vn 0.0168 -0.6969 0.7170
vn -0.0504 -0.6969 0.7154
vn -0.1172 -0.6969 0.7075
vn 0.5057 -0.7332 0.4545
vn 0.7136 -0.6120 0.3408
vn 0.5337 -0.6545 0.5354
vn 0.2742 -0.7737 0.5711
vn -0.1829 -0.6969 0.6935
vn -0.2470 -0.6968 0.6733
vn -0.2336 -0.3784 0.8957
vn -0.1789 -0.3212 0.9299
vn -0.3311 -0.3325 0.8830
vn -0.2494 -0.3631 0.8977
vn -0.3797 -0.3573 0.8533
vn -0.3320 -0.7263 0.6018
vn -0.5213 -0.3613 0.7731
vn -0.4860 -0.2883 0.8250
vn -0.4293 -0.3164 0.8459
vn -0.3721 -0.6957 0.6144
vn -0.3090 -0.6969 0.6472
vn -0.5288 -0.0601 0.8466
vn -0.0300 -0.7483 0.6626
vn -0.1919 -0.6165 0.7636
vn -0.6114 -0.3810 0.6935
vn -0.4933 -0.6431 0.5857
vn -0.5791 -0.3134 0.7526
vn -0.6913 -0.3330 0.6412
vn -0.6227 -0.3756 0.6864
vn -0.5591 -0.6478 0.5173
vn -0.6234 -0.6192 0.4774
vn -0.2134 -0.9698 0.1177
vn -0.0317 -0.9971 0.0683
vn 0.3448 -0.9183 -0.1942
vn 0.1333 -0.9911 0.0011
vn 0.2522 -0.6341 0.7309
vn 0.6821 -0.5473 -0.4850
vn 0.0988 -0.9846 -0.1439
vn 0.7061 -0.5950 -0.3838
vn 0.9002 -0.2234 -0.3739
vn -0.6997 -0.5598 0.4438
vn -0.7658 -0.3082 0.5644
vn -0.7590 -0.5338 0.3728
vn -0.7791 -0.3821 0.4970
vn -0.8410 -0.3331 0.4263
vn -0.7168 -0.3659 0.5935
vn -0.7908 -0.3685 0.4887
vn -0.5726 -0.7212 0.3898
vn -0.8516 -0.3652 0.3760
vn -0.8860 -0.3828 0.2615
vn -0.8934 -0.3029 0.3317
vn -0.7681 -0.5972 0.2307
vn -0.7463 -0.6009 0.2862
vn -0.8938 -0.4067 0.1888
vn -0.5038 -0.7211 0.4755
vn -0.4344 -0.7186 0.5430
vn 0.4100 -0.3869 -0.8260
vn 0.4121 0.7321 -0.5423
vn 0.2861 0.7321 -0.6181
vn 0.5192 0.7321 -0.4409
vn 0.6017 0.7322 -0.3190
vn 0.6563 0.7321 -0.1823
vn 0.8576 0.4869 -0.1656
vn 0.8158 0.5732 0.0766
vn 0.6801 0.7321 -0.0367
vn 0.5638 0.7321 0.3822
vn 0.6897 -0.3856 0.6128
vn 0.4684 0.7321 0.4946
vn 0.6004 -0.3872 0.6997
vn 0.2272 -0.9342 0.2750
vn 0.0347 0.9765 0.2126
vn 0.0017 0.9982 0.0593
vn -0.3625 0.9293 -0.0700
vn -0.1879 0.9740 -0.1268
vn -0.0022 0.9988 0.0479
vn 0.0009 1.0000 -0.0035
vn 0.1386 0.9902 0.0151
vn -0.1474 0.9659 -0.2127
vn -0.0317 0.9991 -0.0258
vn -0.1938 0.9446 0.2647
vn -0.2516 0.7997 -0.5451
vn 0.0977 0.9750 0.1994
vn -0.2261 0.9476 0.2256
vn -0.1772 0.6327 -0.7538
vn -0.1901 0.6899 -0.6984
vn 0.4976 0.8428 0.2052
vn 0.4810 0.8716 -0.0940
vn -0.5551 0.6652 -0.4993
vn -0.4957 0.6866 -0.5318
vn -0.2094 0.9342 0.2887
vn -0.1637 0.8452 -0.5088
vn -0.7415 0.6129 0.2728
vn -0.6388 0.4429 -0.6290
vn -0.2247 0.6583 -0.7184
vn -0.2737 0.7214 -0.6361
vn -0.1808 0.7251 -0.6644
vn -0.6189 0.7267 -0.2980
vn -0.1514 0.9512 -0.2690
vn 0.1350 0.6631 -0.7362
vn 0.1516 0.7244 -0.6724
vn 0.2359 0.9456 0.2242
vn 0.0506 0.7240 -0.6879
vn 0.4754 0.7407 0.4746
vn 0.2578 0.7244 -0.6394
vn 0.0875 0.8955 -0.4364
vn 0.4426 0.8947 0.0603
vn -0.0242 0.9189 0.3937
vn 0.3002 0.6918 -0.6567
vn 0.0831 -0.9208 0.3810
vn -0.1497 -0.2676 -0.9518
vn -0.0959 -0.3128 -0.9450
vn 0.0292 -0.2636 -0.9642
vn 0.0804 -0.3152 -0.9456
vn -0.2176 0.7321 0.6454
vn -0.4759 -0.3878 0.7893
vn -0.3511 0.7322 0.5836
vn -0.5225 -0.0286 -0.8521
vn 0.6578 0.4107 -0.6313
vn 0.7678 0.3177 -0.5564
vn -0.2981 0.9266 0.2291
vn -0.8179 0.0082 -0.5753
vn 0.4971 -0.6241 -0.6028
vn 0.7325 -0.1659 -0.6602
vn 0.6269 0.2547 -0.7362
vn 0.6756 0.0521 -0.7354
vn 0.5005 0.4484 -0.7405
vn 0.6571 0.3401 -0.6727
vn 0.7179 0.1454 -0.6807
vn -0.6290 -0.2294 -0.7428
vn 0.7285 -0.0477 -0.6834
vn -0.6675 0.0363 -0.7437
vn -0.7413 -0.0775 -0.6666
vn -0.6023 0.2843 -0.7459
vn -0.7133 0.1758 -0.6784
vn 0.6435 -0.0503 -0.7637
vn -0.6169 0.4290 -0.6598
vn 0.5233 -0.3846 -0.7604
vn -0.3894 0.6426 -0.6599
vn 0.1887 -0.6162 -0.7646
vn 0.5699 -0.5785 -0.5835
vn 0.7493 -0.2264 -0.6223
vn 0.1239 0.0015 -0.9923
vn 0.2553 -0.7823 -0.5681
vn 0.1134 -0.0813 -0.9902
vn 0.6745 0.0869 -0.7331
vn 0.0098 -0.2625 -0.9649
vn 0.5131 -0.4059 -0.7563
vn 0.1081 -0.9244 -0.3657
vn 0.7852 -0.2594 0.5622
vn 0.4887 -0.7154 0.4994
vn -0.0085 -0.3535 0.9354
vn 0.1784 -0.2612 0.9486
vn -0.4600 -0.7774 0.4289
vn 0.0000 0.0000 1.0000
vn -0.2287 -0.2381 0.9439
vn -0.3716 -0.5974 -0.7106
vn -0.7744 -0.4138 0.4784
vn -0.0858 -0.0558 -0.9947
vn -0.6491 -0.1223 -0.7508
vn -0.7812 0.2115 0.5874
vn -0.5205 0.5071 -0.6869
vn -0.1416 0.0703 -0.9874
vn -0.6388 0.4822 -0.5995
vn -0.3879 0.6704 -0.6325
vn -0.7655 0.1575 -0.6239
vn -0.0226 0.1087 -0.9938
vn -0.6279 0.2244 -0.7452
vn -0.6357 -0.1110 -0.7639
vn -0.7573 -0.1454 -0.6366
vn 0.6350 0.4127 -0.6530
vn 0.7691 0.1173 -0.6282
vn -0.5004 -0.3912 -0.7724
vn 0.4003 0.6337 -0.6619
vn -0.2374 -0.5758 -0.7823
vn -0.5782 -0.5201 -0.6286
vn 0.1227 0.6296 -0.7671
vn 0.3773 0.5072 -0.7748
vn -0.0163 0.7323 -0.6808
vn 0.5822 0.3058 -0.7533
vn -0.1457 0.6231 -0.7684
vn -0.4241 0.5170 -0.7435
vn 0.2431 -0.6900 -0.6818
vn 0.0477 -0.7285 -0.6834
vn 0.3132 -0.5957 -0.7396
vn 0.1327 -0.6670 -0.7332
vn 0.4372 -0.5891 -0.6796
vn 0.4851 -0.4698 -0.7375
vn 0.6004 -0.4241 -0.6780
vn 0.6863 -0.2575 -0.6801
vn 0.4982 -0.5676 -0.6554
vn 0.6106 -0.2979 -0.7337
vn 0.6913 -0.2347 -0.6834
vn 0.6029 -0.2546 -0.7561
vn 0.4242 -0.4814 -0.7670
vn 0.1749 -0.6839 -0.7083
vn 0.2241 -0.5514 -0.8036
vn -0.0072 -0.5248 -0.8512
vn -0.2172 -0.7961 -0.5648
vn -0.0445 -0.6785 -0.7332
vn -0.2186 -0.6439 -0.7332
vn -0.1424 -0.7160 -0.6834
vn -0.3311 -0.6523 -0.6818
vn -0.3783 -0.5619 -0.7356
vn -0.5134 -0.5205 -0.6822
vn -0.5085 -0.4363 -0.7423
vn -0.6749 -0.2963 -0.6758
vn -0.7323 -0.0050 -0.6810
vn -0.7197 -0.1450 -0.6790
vn -0.6072 -0.2821 -0.7428
vn 0.6539 -0.0949 -0.7505
vn 0.5173 -0.3978 -0.7577
vn -0.6948 0.2328 -0.6804
vn 0.7213 -0.2256 -0.6548
vn -0.6105 0.4079 -0.6789
vn -0.4932 0.5382 -0.6834
vn 0.2919 -0.5717 -0.7667
vn 0.5344 -0.5208 -0.6657
vn 0.2073 -0.6954 -0.6880
vn -0.4496 0.4848 -0.7502
vn -0.2021 0.6312 -0.7488
vn 0.0541 -0.6472 -0.7604
vn -0.1473 -0.7422 -0.6537
vn 0.1068 0.6533 -0.7495
vn 0.3770 0.5266 -0.7619
vn -0.4469 -0.6009 -0.6626
vn -0.0773 0.7890 -0.6095
vn 0.4581 0.6596 -0.5958
vn 0.2491 0.7568 -0.6043
vn 0.0883 0.1004 -0.9910
vn 0.6652 0.4328 -0.6084
vn 0.7724 0.1661 -0.6130
vn 0.6167 0.2744 -0.7378
vn -0.6592 -0.3305 -0.6754
vn -0.4766 -0.4374 -0.7625
vn -0.2447 -0.6248 -0.7414
vn 0.5321 0.5074 -0.6778
vn 0.3546 0.5704 -0.7408
vn 0.3413 0.6483 -0.6806
vn 0.2084 0.6510 -0.7299
vn 0.1424 0.7160 -0.6834
vn 0.2151 0.7507 -0.6247
vn 0.0445 0.6785 -0.7332
vn -0.0284 0.8012 -0.5977
vn -0.1327 0.6670 -0.7332
vn -0.0477 0.7285 -0.6834
vn -0.2219 0.6930 -0.6859
vn -0.3669 0.6316 -0.6829
vn -0.3013 0.6113 -0.7318
vn -0.2680 0.6980 -0.6640
vn -0.5091 0.5357 -0.6736
vn -0.4502 0.5069 -0.7351
vn -0.6872 0.2916 -0.6654
vn -0.5613 0.3751 -0.7377
vn -0.4507 0.3141 -0.8356
vn -0.3240 0.4989 -0.8038
vn -0.6398 0.2328 -0.7324
vn 0.3683 0.1065 -0.9236
vn -0.6689 0.0717 -0.7399
vn -0.5038 -0.6522 -0.5663
vn 0.8151 -0.2246 -0.5339
vn -0.7438 0.4652 -0.4799
vn 0.0569 0.8449 0.5318
vn 0.5446 0.6284 -0.5555
vn 0.7832 0.4255 0.4534
vn -0.6216 -0.2055 0.7559
vn -0.5335 -0.0241 -0.8454
vn 0.7856 0.0816 0.6132
vn 0.7857 0.4372 0.4376
vn 0.7691 0.6268 0.1245
vn 0.5105 0.1572 0.8453
vn 0.6358 0.6961 0.3333
vn 0.8024 -0.3317 0.4961
vn 0.8625 0.2548 0.4373
vn 0.4909 -0.7533 0.4377
vn 0.9400 -0.0960 0.3273
vn 0.9719 -0.1894 0.1399
vn 0.9745 -0.0340 0.2215
vn 0.8488 0.5102 0.1384
vn 0.9839 0.0609 0.1677
vn 0.8854 0.3287 0.3285
vn 0.7743 0.0529 0.6306
vn 0.7123 -0.0016 0.7019
vn 0.7872 0.5710 -0.2328
vn 0.3807 -0.1098 0.9181
vn 0.0003 -0.0005 1.0000
vn -0.5929 -0.0257 0.8048
vn -0.3037 0.4259 0.8523
vn 0.2782 0.4527 0.8472
vn 0.3638 -0.1555 0.9184
vn 0.8849 -0.2723 0.3778
vn 0.8378 -0.4013 0.3701
vn 0.3551 -0.2051 0.9120
vn 0.8379 -0.5286 0.1359
vn 0.7500 -0.5368 0.3865
vn 0.9411 -0.3052 0.1455
vn 0.8993 -0.4149 0.1378
vn 0.8552 -0.4205 0.3030
vn 0.7436 -0.6501 0.1562
vn 0.7610 -0.5451 0.3518
vn 0.6451 -0.6406 0.4165
vn 0.6244 -0.7560 0.1963
vn 0.6715 -0.6776 0.2998
vn 0.7884 -0.5773 0.2125
vn 0.6874 -0.7262 0.0065
vn 0.5731 -0.7694 0.2819
vn 0.5860 -0.7959 -0.1521
vn 0.7554 -0.6044 -0.2530
vn 0.5405 -0.5994 -0.5904
vn 0.2320 -0.3495 -0.9077
vn 0.4107 -0.7660 -0.4945
vn 0.4528 -0.3261 -0.8298
vn 0.2711 -0.2301 -0.9346
vn -0.3773 0.5325 -0.7577
vn -0.4594 0.4834 -0.7451
vn -0.4967 0.3737 -0.7833
vn -0.6855 0.6189 -0.3833
vn -0.5616 0.7246 -0.3995
vn -0.4487 0.8047 -0.3886
vn -0.1811 0.3465 -0.9204
vn -0.2621 0.2965 -0.9184
vn -0.4477 0.5260 -0.7230
vn -0.5297 0.4398 -0.7252
vn -0.3226 0.2406 -0.9154
vn -0.3614 0.5862 -0.7251
vn -0.6015 0.3350 -0.7252
vn -0.3617 0.1578 -0.9188
vn -0.7833 0.4812 -0.3935
vn -0.8571 0.3445 -0.3831
vn -0.5842 0.2424 -0.7746
vn -0.5448 0.2895 -0.7870
vn 0.3937 -0.0638 -0.9170
vn 0.4132 -0.2187 -0.8840
vn -0.6117 0.1363 -0.7792
vn -0.6055 0.0660 -0.7931
vn -0.9020 0.2041 -0.3805
vn -0.9228 0.0488 -0.3821
vn -0.3923 0.0898 -0.9154
vn -0.6528 0.2188 -0.7252
vn -0.6829 0.1038 -0.7230
vn -0.3973 0.0210 -0.9174
vn -0.8821 0.2205 -0.4163
vn -0.8966 0.0274 -0.4420
vn -0.6855 -0.0056 -0.7280
vn -0.6790 -0.1013 -0.7271
vn -0.3904 -0.0557 -0.9189
vn -0.3684 -0.1365 -0.9196
vn -0.8959 -0.2123 -0.3901
vn -0.9226 -0.0797 -0.3773
vn -0.5794 -0.0357 -0.8143
vn -0.6009 -0.1471 -0.7857
vn 0.3233 0.0927 -0.9417
vn 0.5234 0.0584 -0.8501
vn -0.6203 -0.2520 -0.7428
vn -0.5821 -0.3641 -0.7270
vn -0.8582 -0.3457 -0.3793
vn -0.8137 -0.4446 -0.3743
vn -0.3336 -0.2116 -0.9186
vn -0.7279 -0.5642 -0.3896
vn -0.2767 -0.2813 -0.9188
vn -0.6275 -0.6753 -0.3874
vn -0.5109 -0.4623 -0.7248
vn -0.5306 -0.4404 -0.7241
vn -0.4365 -0.5306 -0.7266
vn -0.2242 -0.3342 -0.9154
vn -0.5085 -0.7712 -0.3830
vn -0.3775 -0.8430 -0.3831
vn -0.2978 -0.7689 -0.5657
vn -0.4132 -0.5986 -0.6862
vn 0.0350 -0.1061 -0.9937
vn 0.2489 -0.0007 -0.9685
vn 0.4541 -0.1345 -0.8807
vn 0.0150 -0.4089 -0.9125
vn 0.7071 0.1388 -0.6934
vn 0.8885 -0.0768 -0.4522
vn 0.2587 -0.4896 -0.8327
vn 0.1008 -0.7042 -0.7028
vn 0.6869 -0.6702 -0.2811
vn 0.9396 -0.2608 -0.2218
vn 0.2718 -0.8964 -0.3500
vn 0.1014 -0.9929 -0.0617
vn 0.3730 -0.9191 -0.1268
vn 0.0390 -0.9825 -0.1817
vn 0.0544 -0.8733 -0.4841
vn 0.6658 -0.7238 -0.1811
vn 0.3977 -0.8999 -0.1788
vn 0.7252 -0.5962 -0.3444
vn 0.4751 -0.8131 -0.3363
vn 0.2113 -0.9634 -0.1650
vn 0.0559 -0.9974 -0.0449
vn 0.0777 -0.9835 -0.1634
vn 0.2686 -0.9043 -0.3318
vn 0.4953 -0.7223 -0.4826
vn 0.6740 -0.3283 -0.6617
vn 0.4764 -0.6054 -0.6376
vn 0.7077 -0.4626 -0.5340
vn 0.8253 -0.3088 -0.4728
vn 0.7930 -0.1611 -0.5875
vn 0.7360 -0.0959 -0.6702
vn 0.6453 -0.1409 -0.7508
vn 0.5817 -0.1863 -0.7917
vn 0.6031 -0.0970 -0.7917
vn 0.4680 -0.3760 -0.7997
vn 0.4913 -0.1074 -0.8643
vn 0.5159 -0.0997 -0.8508
vn 0.5579 -0.0992 -0.8239
vn 0.4498 -0.0969 -0.8878
vn 0.4306 -0.0980 -0.8972
vn 0.4202 -0.1050 -0.9013
vn 0.3433 -0.1059 -0.9332
vn 0.3446 -0.0975 -0.9337
vn 0.3582 -0.3365 -0.8709
vn 0.3007 -0.1352 -0.9441
vn 0.1907 -0.4159 -0.8892
vn 0.2377 -0.0965 -0.9665
vn 0.2137 -0.1462 -0.9658
vn 0.1241 -0.0902 -0.9881
vn 0.0968 -0.1467 -0.9844
vn 0.2188 -0.1236 -0.9679
vn 0.0386 -0.1761 -0.9836
vn 0.0124 -0.0854 -0.9962
vn -0.0219 -0.1274 -0.9916
vn -0.0839 -0.0850 -0.9928
vn -0.1538 -0.1273 -0.9799
vn -0.1265 -0.1805 -0.9754
vn -0.1867 -0.0956 -0.9778
vn -0.2745 -0.0941 -0.9569
vn -0.2501 -0.1177 -0.9610
vn -0.2636 -0.1045 -0.9590
vn -0.2499 -0.3562 -0.9004
vn -0.3603 -0.1539 -0.9200
vn -0.3558 -0.0960 -0.9296
vn -0.4386 -0.1576 -0.8847
vn -0.4342 -0.0984 -0.8954
vn -0.4736 -0.1011 -0.8749
vn -0.3588 -0.0838 -0.9296
vn -0.5112 -0.0963 -0.8540
vn -0.5043 -0.1339 -0.8531
vn -0.5910 -0.1057 -0.7997
vn -0.5835 -0.0945 -0.8066
vn -0.5988 -0.0903 -0.7958
vn -0.6641 -0.0918 -0.7419
vn -0.6757 -0.1196 -0.7274
vn -0.7190 -0.1865 -0.6695
vn -0.7524 -0.0893 -0.6525
vn -0.5687 -0.3570 -0.7410
vn -0.6741 -0.3575 -0.6463
vn -0.7554 -0.1203 -0.6441
vn -0.7983 -0.1316 -0.5877
vn -0.8036 -0.3361 -0.4911
vn -0.8598 -0.0985 -0.5011
vn -0.8219 -0.0947 -0.5617
vn -0.8845 -0.0980 -0.4560
vn -0.8041 -0.0956 -0.5867
vn -0.8579 -0.1441 -0.4932
vn -0.8091 0.3966 -0.4336
vn -0.6945 -0.1072 -0.7114
vn -0.7297 0.3853 -0.5649
vn -0.3416 0.9125 -0.2251
vn -0.2705 0.9235 -0.2720
vn -0.6537 0.3843 -0.6519
vn 0.2546 0.9562 0.1444
vn -0.3519 0.9279 -0.1232
vn 0.3327 0.9383 0.0945
vn -0.0015 0.9591 -0.2831
vn -0.3973 0.9172 -0.0305
vn -0.0481 0.9478 0.3150
vn -0.8894 0.4082 -0.2056
vn -0.8563 0.3986 -0.3284
vn -0.9087 -0.1048 -0.4041
vn -0.9543 -0.1021 -0.2808
vn -0.9283 -0.1028 -0.3571
vn -0.8980 -0.1265 -0.4214
vn -0.9479 -0.1481 -0.2819
vn -0.9408 -0.0530 -0.3348
vn -0.9478 -0.1009 -0.3023
vn -0.9674 -0.1476 -0.2058
vn -0.8829 -0.3144 -0.3486
vn -0.9257 -0.1117 -0.3615
vn -0.9771 -0.1877 -0.1003
vn -0.9339 -0.2976 -0.1980
vn -0.8682 -0.4464 -0.2167
vn -0.6985 -0.6786 -0.2268
vn -0.7075 -0.6645 -0.2405
vn -0.3502 -0.9170 -0.1910
vn -0.3427 -0.9310 -0.1252
vn -0.6680 -0.6681 -0.3277
vn -0.1052 -0.9929 -0.0560
vn -0.3282 -0.9183 -0.2212
vn -0.0656 -0.9964 -0.0535
vn -0.4724 -0.7310 -0.4923
vn -0.1932 -0.9566 -0.2182
vn -0.6214 -0.6211 -0.4776
vn -0.4245 -0.6990 -0.5755
vn -0.1975 -0.9191 -0.3410
vn -0.3753 -0.4677 -0.8002
vn -0.2567 -0.6962 -0.6703
vn -0.0057 -0.9660 -0.2584
vn -0.0208 -0.9221 -0.3863
vn -0.0343 -0.9025 -0.4294
vn -0.1470 -0.5414 -0.8278
vn 0.0025 -0.8909 -0.4541
vn 0.0553 -0.7132 -0.6987
vn 0.1097 -0.7070 -0.6986
vn 0.1639 -0.6964 -0.6987
vn 0.0883 -0.6846 -0.7236
vn 0.0078 -0.6918 -0.7220
vn -0.0687 -0.6863 -0.7240
vn -0.0001 -0.7153 -0.6988
vn -0.1319 -0.9139 -0.3838
vn -0.0272 -0.9170 -0.3979
vn 0.1155 -0.9146 -0.3875
vn -0.2522 -0.8820 -0.3980
vn -0.0649 -0.3838 -0.9211
vn -0.1157 -0.9565 -0.2677
vn -0.1634 -0.9205 -0.3550
vn -0.1593 -0.3648 -0.9174
vn -0.3334 -0.5985 -0.7285
vn -0.2177 -0.6496 -0.7284
vn -0.4458 -0.8003 -0.4010
vn -0.2816 -0.8402 -0.4635
vn -0.0946 -0.6785 -0.7285
vn -0.1266 -0.9073 -0.4010
vn 0.0316 -0.6843 -0.7285
vn 0.0348 -0.3894 -0.9204
vn 0.1568 -0.6669 -0.7284
vn 0.1093 -0.3874 -0.9154
vn 0.2535 -0.8904 -0.3779
vn 0.3874 -0.8343 -0.3921
vn 0.2025 -0.8901 -0.4082
vn 0.1283 -0.9561 -0.2635
vn -0.0500 -0.8422 -0.5369
vn 0.0003 -0.5496 -0.8354
vn 0.1411 -0.9590 -0.2456
vn 0.5941 -0.2092 -0.7766
vn 0.2170 -0.6817 -0.6987
vn 0.1529 -0.9879 -0.0264
vn 0.1090 -0.9922 -0.0606
vn -0.0819 -0.9760 -0.2015
vn -0.1635 -0.9302 -0.3284
vn -0.5404 -0.6371 -0.5496
vn -0.0574 -0.6791 -0.7317
vn -0.0779 -0.4073 -0.9099
vn -0.0473 -0.1191 -0.9917
vn 0.3119 -0.7635 -0.5654
vn -0.3211 -0.1848 -0.9288
vn -0.2731 -0.0001 -0.9620
vn -0.6593 0.0006 -0.7519
vn -0.8766 0.0133 -0.4809
vn -0.9516 -0.1460 -0.2705
vn -0.9880 -0.1302 0.0830
vn -0.9949 -0.0206 -0.0985
vn -0.9123 0.1538 -0.3796
vn -0.9888 0.1302 0.0721
vn -0.7745 0.2346 -0.5875
vn -0.9573 0.2873 0.0322
vn -0.3471 0.1260 -0.9293
vn -0.9283 0.2706 0.2551
vn -0.9858 0.0907 -0.1412
vn -0.8544 0.1371 -0.5012
vn -0.5757 0.0116 -0.8175
vn -0.7327 -0.6699 -0.1191
vn -0.5386 -0.5598 -0.6296
vn 0.5201 -0.5975 -0.6103
vn 0.6263 -0.1150 -0.7711
vn 0.6147 -0.2307 -0.7542
vn 0.9047 -0.1679 -0.3915
vn 0.8665 -0.3157 -0.3867
vn 0.3803 -0.1087 -0.9185
vn 0.3494 -0.1959 -0.9162
vn 0.8060 -0.4577 -0.3753
vn 0.3092 -0.2545 -0.9163
vn 0.7157 -0.5890 -0.3753
vn 0.5847 -0.3344 -0.7391
vn 0.5208 -0.4409 -0.7310
vn 0.4383 -0.5657 -0.6985
vn 0.6094 -0.6971 -0.3778
vn 0.5139 -0.7596 -0.3984
vn 0.1917 -0.3391 -0.9210
vn 0.2767 -0.6267 -0.7284
vn 0.3872 -0.5652 -0.7285
vn 0.2593 -0.3078 -0.9154
vn 0.3597 -0.7995 -0.4811
vn 0.4933 -0.7537 -0.4342
vn 0.4802 -0.4960 -0.7234
vn 0.6012 -0.6452 -0.4715
vn 0.2023 -0.2756 -0.9397
vn 0.0863 -0.3630 -0.9278
vn -0.2160 0.6478 -0.7306
vn -0.3771 0.5314 -0.7585
vn -0.4999 0.4537 -0.7377
vn 0.3253 -0.1826 -0.9278
vn 0.6707 -0.5542 -0.4930
vn -0.3433 0.6656 -0.6626
vn -0.5110 0.5075 -0.6937
vn 0.4497 -0.4968 -0.7422
vn 0.5455 -0.3438 -0.7643
vn 0.2884 -0.5774 -0.7638
vn -0.6251 0.3749 -0.6845
vn 0.5712 -0.4952 -0.6546
vn 0.6672 -0.3183 -0.6734
vn 0.5825 -0.1845 -0.7916
vn -0.6895 0.2364 -0.6846
vn -0.7233 0.0900 -0.6846
vn -0.5863 0.3489 -0.7310
vn -0.6454 0.2213 -0.7310
vn -0.6770 0.0796 -0.7317
vn 0.3694 -0.0534 -0.9277
vn 0.4124 0.0575 -0.9092
vn 0.9063 0.0290 -0.4215
vn -0.6780 -0.1173 -0.7256
vn 0.8402 -0.2816 -0.4634
vn 0.9058 -0.1289 -0.4035
vn -0.6167 -0.3310 -0.7142
vn 0.3402 0.1532 -0.9278
vn -0.7277 -0.2352 -0.6443
vn -0.7430 -0.0494 -0.6674
vn -0.6566 -0.3551 -0.6654
vn 0.5833 0.2028 -0.7865
vn 0.6712 0.0173 -0.7410
vn 0.7694 0.1277 -0.6258
vn 0.7843 -0.0940 -0.6132
vn 0.5642 -0.0727 -0.8224
vn -0.1674 -0.5192 -0.8381
vn 0.2005 0.5193 -0.8307
vn 0.6678 0.3705 -0.6456
vn 0.3988 0.2578 -0.8800
vn 0.3803 -0.3546 -0.8542
vn 0.1440 -0.5313 0.8348
vn 0.5056 -0.0867 0.8584
vn -0.7421 -0.1347 0.6565
vn 0.3551 0.4452 0.8220
vn -0.7657 0.0757 0.6387
vn -0.0644 0.5142 0.8552
vn 0.4372 0.1714 0.8828
vn -0.6790 0.2310 0.6968
vn -0.5288 0.2005 0.8247
vn 0.2654 0.1998 0.9432
vn 0.3278 0.0215 0.9445
vn -0.3673 -0.3453 0.8636
vn -0.5460 0.1368 0.8265
vn -0.3909 -0.3820 0.8374
vn -0.5187 -0.0712 -0.8520
vn 0.0000 0.0000 -1.0000
vn -0.1891 0.4366 -0.8795
vn -0.1069 -0.4123 -0.9047
vn 0.4251 -0.0881 -0.9008
vn 0.4569 0.4220 -0.7830
vn 0.5360 0.2116 -0.8173
vn 0.5437 0.5728 -0.6133
vn 0.2796 0.5706 -0.7721
vn -0.4418 0.1096 -0.8903
vn 0.4570 0.6193 -0.6384
vn 0.0871 0.4289 -0.8991
vn -0.6040 0.5336 -0.5919
vn -0.3890 -0.3111 0.8671
vn 0.1542 -0.5176 0.8416
vn 0.5358 -0.1472 0.8314
vn -0.5282 -0.4938 0.6908
vn 0.2731 0.3797 0.8838
vn -0.6168 -0.7212 0.3153
vn -0.3439 -0.6263 0.6996
vn -0.6462 -0.3448 0.6808
vn -0.7610 -0.5896 0.2708
vn -0.3403 -0.4156 0.8434
vn -0.4585 -0.8526 0.2506
vn -0.2453 -0.4639 0.8513
vn -0.0321 0.0847 0.9959
vn 0.0065 0.0054 0.9999
vn -0.3789 -0.3015 0.8749
vn -0.3537 -0.8129 0.4628
vn -0.4882 -0.0818 0.8689
vn -0.8290 -0.4809 0.2854
vn -0.7876 0.4960 0.3656
vn 0.0266 0.7900 0.6125
vn 0.2302 0.4747 0.8495
vn 0.4081 0.8921 0.1937
vn 0.1747 0.5878 0.7898
vn -0.1550 0.3813 0.9113
vn -0.5204 0.0170 0.8538
vn 0.2468 0.4068 0.8795
vn 0.5084 0.0342 0.8604
vn 0.0894 -0.6519 0.7530
vn 0.0163 -0.7209 0.6928
vn 0.2503 -0.7055 0.6630
vn 0.4375 -0.8456 0.3058
vn 0.4233 -0.5809 0.6953
vn 0.5718 -0.7698 0.2837
vn 0.3558 -0.4290 0.8303
vn 0.2669 -0.2885 0.9195
vn 0.8128 -0.5640 0.1454
vn -0.1353 0.5491 0.8247
vn 0.5672 -0.4525 0.6881
vn 0.7495 -0.6294 0.2054
vn 0.3363 -0.3947 0.8551
vn 0.3823 0.3887 0.8383
vn 0.5047 -0.1659 0.8472
vn -0.2300 -0.4958 0.8374
vn -0.5227 -0.0075 0.8525
vn 0.5108 0.1246 -0.8506
vn 0.3297 -0.4239 -0.8436
vn 0.0506 -0.5245 0.8499
vn -0.2300 -0.4958 -0.8374
vn -0.4655 -0.3213 0.8247
vn -0.5614 -0.0681 -0.8247
vn -0.6367 0.5583 -0.5319
vn -0.3750 0.4233 -0.8247
vn -0.6155 0.1699 -0.7696
vn -0.7376 0.2643 -0.6213
vn 0.1094 0.5194 -0.8475
vn 0.4576 0.0253 -0.8888
vn 0.0857 -0.4614 -0.8830
vn 0.1446 -0.5183 0.8429
vn 0.3627 0.4469 0.8177
vn 0.4961 -0.0921 0.8634
vn -0.1686 0.5199 0.8374
vn -0.5491 0.1353 0.8247
vn 0.6680 -0.2684 0.6940
vn -0.4234 0.3750 -0.8247
vn 0.7174 -0.1238 0.6856
vn 0.6698 -0.1436 0.7285
vn 0.8267 -0.4664 0.3148
vn 0.4193 -0.3107 0.8530
vn 0.0016 -0.4203 0.9074
vn 0.5110 -0.7180 0.4725
vn 0.0147 -0.0246 0.9996
vn -0.1971 -0.4185 0.8866
vn -0.8199 0.1138 0.5611
vn -0.4089 -0.6569 0.6334
vn -0.4111 0.2535 0.8756
vn -0.8052 0.5215 0.2823
vn 0.0068 0.0152 0.9998
vn -0.6950 0.6100 0.3805
vn -0.3477 0.3811 0.8567
vn 0.6908 0.3792 0.6156
vn -0.2565 0.4865 0.8352
vn -0.0272 0.4591 0.8879
vn 0.0947 0.9319 0.3500
vn -0.3897 0.8887 0.2414
vn -0.1790 0.5965 0.7824
vn -0.3264 0.5272 0.7845
vn 0.1774 -0.3681 0.9127
vn 0.0955 -0.5489 0.8304
vn 0.0833 -0.3711 0.9248
vn -0.4519 0.2377 0.8598
vn -0.4097 -0.3405 0.8462
vn 0.3127 -0.8549 0.4140
vn 0.4606 -0.7964 0.3917
vn 0.2329 -0.3048 0.9235
vn 0.5590 -0.7301 0.3929
vn 0.3050 -0.2523 0.9183
vn -0.4577 0.4585 0.7617
vn -0.5386 0.7314 0.4182
vn -0.5841 0.2986 0.7547
vn -0.4045 -0.0723 0.9116
vn -0.3041 -0.1665 0.9380
vn -0.5718 0.1194 0.8116
vn 0.5906 0.3786 0.7126
vn -0.7002 -0.0196 0.7136
vn 0.5144 -0.0726 0.8545
vn 0.2050 -0.5278 0.8242
vn -0.6658 -0.1784 0.7245
vn -0.6865 -0.0828 0.7224
vn -0.5445 0.1425 0.8265
vn 0.1616 0.3746 0.9130
vn -0.2810 -0.3797 0.8814
vn -0.9722 -0.1043 0.2094
vn -0.8076 -0.2782 0.5199
vn -0.8695 0.2549 0.4231
vn -0.9934 0.0808 0.0809
vn -0.9339 -0.3145 0.1700
vn -0.9995 0.0212 0.0252
vn -0.9474 0.2583 0.1892
vn -0.4056 0.4886 0.7725
vn -0.7371 0.5348 0.4129
vn -0.9150 0.2152 0.3413
vn -0.3171 0.7587 0.5690
vn -0.1723 0.6066 0.7761
vn -0.6298 0.2255 0.7433
vn 0.4133 0.7164 0.5620
vn 0.3171 0.5694 0.7584
vn 0.2069 0.8046 0.5566
vn -0.4104 -0.0877 0.9077
vn 0.0290 0.2550 0.9665
vn 0.0699 0.2557 0.9642
vn -0.3068 0.2244 0.9249
vn -0.4976 0.8640 0.0764
vn -0.1387 0.8784 0.4574
vn -0.0432 0.3724 0.9270
vn -0.9977 -0.0027 0.0684
vn -0.8964 -0.4281 0.1146
vn -0.8649 -0.4573 -0.2069
vn -0.9420 0.1983 -0.2705
vn -0.8816 -0.0742 -0.4661
vn -0.8767 0.1742 -0.4483
vn -0.5352 -0.8131 -0.2288
vn -0.6922 -0.7209 -0.0333
vn -0.8199 -0.2360 -0.5216
vn -0.7952 -0.4676 -0.3859
vn -0.7403 0.3984 -0.5415
vn -0.8590 -0.0753 -0.5064
vn -0.8564 0.2331 -0.4606
vn -0.2322 0.9533 -0.1928
vn -0.3490 0.9243 -0.1545
vn 0.2492 0.9112 0.3280
vn 0.3107 0.9154 0.2557
vn 0.0598 0.9572 0.2832
vn 0.0665 0.9633 -0.2600
vn -0.2146 0.9243 -0.3157
vn -0.6627 0.1252 -0.7383
vn 0.2296 0.9480 0.2205
vn -0.6673 0.4014 -0.6273
vn -0.7340 -0.0710 -0.6754
vn -0.6280 0.0694 -0.7750
vn -0.5544 -0.2785 -0.7842
vn -0.3460 0.4830 -0.8043
vn -0.5548 0.3948 -0.7323
vn -0.2651 0.8564 -0.4429
vn 0.0013 0.7153 -0.6988
vn -0.1660 -0.0316 -0.9856
vn -0.0436 0.9929 -0.1105
vn -0.0428 0.8426 -0.5367
vn -0.1497 0.8433 -0.5161
vn 0.0269 0.9930 -0.1145
vn 0.0804 0.8316 -0.5495
vn 0.1991 0.8636 -0.4632
vn 0.2593 0.3320 -0.9069
vn -0.2389 0.7257 -0.6452
vn -0.0583 0.7038 -0.7080
vn 0.0004 0.0183 -0.9998
vn -0.3529 0.0502 -0.9343
vn -0.2119 -0.2887 -0.9337
vn -0.3545 -0.2697 -0.8953
vn -0.1134 -0.5687 -0.8147
vn -0.3321 -0.4573 -0.8249
vn -0.1025 -0.7815 -0.6154
vn -0.2462 -0.5784 -0.7777
vn -0.4919 -0.8343 -0.2490
vn -0.0197 -0.9753 -0.2199
vn 0.1306 -0.8908 -0.4352
vn -0.0776 -0.6944 -0.7154
vn 0.0176 -0.9865 -0.1627
vn 0.1678 -0.6468 -0.7439
vn 0.3443 -0.4198 -0.8397
vn 0.3525 -0.8761 -0.3289
vn 0.5227 0.0522 -0.8509
vn 0.1836 -0.6436 0.7430
vn 0.5369 -0.8367 -0.1080
vn 0.7611 -0.3879 -0.5198
vn 0.6066 -0.2756 -0.7457
vn 0.7794 -0.3793 -0.4986
vn 0.8883 -0.3674 -0.2755
vn 0.7494 -0.6592 -0.0609
vn 0.4289 -0.4823 0.7637
vn 0.3272 -0.6308 0.7036
vn 0.7335 -0.5954 -0.3277
vn 0.7760 0.2862 -0.5620
vn 0.8005 -0.0676 -0.5955
vn 0.7115 -0.0907 -0.6967
vn 0.6500 0.4844 -0.5855
vn 0.6115 0.3787 -0.6947
vn 0.1952 0.9630 -0.1855
vn 0.0475 0.9547 0.2936
vn -0.2579 0.9228 0.2861
vn -0.2574 0.9622 -0.0881
vn 0.5558 -0.3009 -0.7750
vn 0.2295 0.8282 -0.5112
vn 0.3344 0.9243 -0.1840
vn 0.2391 0.9541 -0.1805
vn -0.2460 0.9628 -0.1119
vn 0.7615 0.4966 -0.4165
vn -0.1379 0.4960 0.8573
vn -0.5533 0.7323 -0.3969
vn 0.0506 0.9853 -0.1631
vn -0.1748 0.9113 0.3727
vn -0.0399 0.9763 -0.2128
vn 0.0029 0.2843 -0.9587
vn 0.0681 0.4614 -0.8845
vn 0.1623 0.5544 -0.8162
vn -0.0622 0.9211 0.3843
vn 0.1754 0.9630 0.2045
vn 0.1624 0.2932 -0.9421
vn 0.0613 0.4035 -0.9129
vn 0.0121 0.4098 -0.9120
vn -0.0675 0.2731 -0.9596
vn -0.0686 0.4761 -0.8767
vn -0.1414 0.3710 -0.9178
vn -0.1844 0.5112 -0.8394
vn -0.1691 0.4441 -0.8798
vn -0.2886 0.3065 -0.9070
vn -0.2520 0.1217 -0.9600
vn -0.1436 0.9012 -0.4087
vn -0.3607 0.2747 -0.8913
vn -0.4567 -0.1794 -0.8713
vn -0.4833 0.2115 -0.8495
vn 0.2436 0.9465 -0.2116
vn -0.2544 0.9615 -0.1035
vn 0.2169 0.7562 -0.6173
vn 0.1902 0.9139 0.3585
vn 0.6182 0.5126 0.5958
vn 0.1194 0.9151 0.3851
vn 0.4033 0.3744 0.8350
vn 0.5664 0.3667 0.7381
vn 0.4555 -0.1097 0.8834
vn 0.5529 -0.0917 0.8282
vn 0.2440 0.3763 0.8938
vn 0.3576 -0.0953 0.9290
vn 0.3657 -0.0971 0.9256
vn 0.4635 -0.0991 0.8805
vn 0.5506 -0.0959 0.8292
vn 0.5298 -0.5958 0.6036
vn 0.3708 -0.4453 0.8149
vn 0.2849 -0.5126 0.8100
vn 0.1744 -0.9374 0.3012
vn 0.2311 -0.5126 0.8269
vn 0.0450 -0.9393 0.3401
vn -0.2582 -0.8265 0.5001
vn 0.3541 -0.6418 0.6802
vn 0.5443 -0.1108 0.8315
vn -0.0713 -0.9314 0.3569
vn -0.1419 -0.9380 0.3163
vn -0.5192 -0.4081 0.7509
vn -0.3103 -0.7362 0.6014
vn -0.2994 -0.1074 0.9480
vn -0.5219 -0.0912 0.8481
vn -0.6223 -0.0936 0.7771
vn -0.4462 -0.4831 0.7533
vn -0.5973 0.0185 0.8018
vn -0.7373 -0.0970 0.6685
vn -0.5637 0.2411 0.7900
vn -0.5347 -0.1829 0.8250
vn -0.6720 -0.0999 0.7338
vn -0.5715 -0.0938 0.8152
vn -0.7572 -0.1009 0.6453
vn -0.7172 0.3882 0.5787
vn -0.5936 0.4001 0.6982
vn -0.8235 0.3666 0.4329
vn -0.8625 -0.1063 0.4947
vn -0.3406 0.9108 0.2330
vn -0.3854 0.9084 0.1622
vn 0.2250 0.9554 -0.1913
vn 0.0777 0.9496 0.3036
vn 0.6429 0.7374 -0.2071
vn -0.6246 0.5082 -0.5930
vn -0.1303 0.4897 0.8621
vn 0.3665 0.9265 -0.0845
vn 0.9335 0.3213 -0.1592
vn 0.9939 0.0646 -0.0890
vn 0.3815 0.9242 0.0176
vn 0.9243 0.2575 -0.2818
vn 0.8830 -0.2986 -0.3621
vn 0.8947 0.1976 -0.4006
vn -0.2234 0.9610 -0.1627
vn -0.3965 0.9154 0.0690
vn 0.8811 -0.0945 -0.4634
vn 0.9319 0.1103 -0.3454
vn 0.8440 -0.0278 -0.5355
vn 0.8065 0.2827 -0.5193
vn 0.9599 0.0510 0.2756
vn 0.8897 0.3226 -0.3230
vn 0.6256 0.7797 -0.0271
vn 0.8309 -0.1805 0.5263
vn 0.9241 -0.3680 0.1028
vn 0.4005 -0.0785 0.9129
vn 0.5155 0.1234 0.8480
vn 0.1357 0.9137 0.3831
vn 0.0063 0.8863 0.4630
vn -0.0791 0.9305 0.3576
vn 0.0394 0.3751 0.9261
vn 0.1713 0.9604 0.2197
vn 0.3028 0.9530 0.0078
vn 0.0215 0.6806 0.7324
vn -0.1021 0.6388 0.7626
vn -0.0136 0.1543 0.9879
vn -0.1828 0.5222 0.8330
vn -0.2611 0.5373 0.8019
vn 0.2713 0.3908 0.8796
vn 0.0670 0.8138 0.5773
vn 0.6579 0.3240 0.6798
vn -0.1718 0.7826 0.5983
vn -0.4274 0.7567 0.4947
vn -0.4856 0.6878 0.5395
vn -0.5324 0.6631 0.5261
vn -0.4986 0.6376 0.5872
vn -0.4693 0.7176 0.5146
vn -0.3939 0.6551 0.6446
vn -0.3883 0.7653 0.5133
vn -0.3321 0.7137 0.6167
vn -0.3281 0.8107 0.4849
vn -0.2330 0.8218 0.5199
vn -0.2452 0.8010 0.5461
vn -0.1795 0.5502 0.8155
vn -0.1485 0.8079 0.5702
vn -0.1451 0.8611 0.4872
vn -0.0137 0.7943 0.6073
vn -0.0800 0.9007 0.4270
vn -0.0535 0.7504 0.6588
vn 0.0202 0.8275 0.5611
vn 0.0438 0.8741 0.4837
vn 0.0990 0.8516 0.5147
vn 0.0533 0.7106 0.7016
vn 0.1394 0.8239 0.5492
vn 0.2232 0.8757 0.4282
vn 0.2208 0.7668 0.6026
vn 0.0869 0.6106 0.7872
vn 0.2222 0.4833 0.8468
vn 0.2992 0.7620 0.5742
vn 0.3385 0.7953 0.5029
vn 0.2758 0.8700 0.4087
vn 0.2361 0.6297 0.7400
vn 0.4436 0.7606 0.4740
vn 0.3936 0.7073 0.5872
vn 0.4476 0.6500 0.6142
vn 0.5123 0.6059 0.6087
vn 0.2687 0.3251 0.9067
vn 0.2427 0.5162 0.8213
vn 0.5772 0.6636 0.4758
vn 0.0732 0.1187 0.9902
vn 0.0840 0.1689 0.9820
vn 0.0650 0.2621 0.9628
vn 0.0566 0.1655 0.9846
vn -0.0054 0.1122 0.9937
vn -0.0378 0.3735 0.9268
vn -0.0697 0.2108 0.9750
vn -0.1226 0.1265 0.9843
vn -0.3579 0.4465 0.8200
vn -0.1679 0.4373 0.8834
vn -0.2320 0.3599 0.9037
vn -0.4574 0.2697 0.8473
vn -0.3856 0.3044 0.8710
vn -0.0618 0.2050 0.9768
vn 0.4010 0.0444 0.9150
vn -0.0216 0.4657 0.8847
vn -0.3240 0.3826 0.8652
vn 0.7085 0.2662 0.6536
vn 0.1513 0.4425 0.8839
vn 0.7529 0.4509 0.4794
vn 0.8407 0.1372 0.5238
vn 0.4662 0.7114 0.5259
vn 0.7935 0.4925 0.3573
vn 0.9503 0.2380 0.2004
vn 0.9532 0.1566 0.2587
vn 0.9286 0.2007 0.3120
vn 0.9970 0.0603 0.0473
vn 0.9805 -0.0848 0.1771
vn 0.6936 -0.0371 0.7194
vn 0.9591 0.0158 0.2824
vn 0.6058 0.1213 0.7863
vn 0.4918 0.0073 0.8707
vn -0.7203 0.0743 0.6896
vn -1.0000 0.0001 0.0001
vn 0.0777 -0.5498 0.8317
vn -0.4124 -0.4264 0.8050
vn -0.6156 -0.0470 0.7866
vn -0.3648 -0.1867 0.9121
vn -0.9876 0.1240 0.0957
vn -0.9891 -0.0528 0.1373
vn -0.9886 0.1191 0.0921
vn -0.9999 0.0054 0.0059
vn -0.7015 -0.0016 0.7126
vn -0.9431 -0.3130 0.1115
vn -0.9987 0.0026 0.0494
vn -0.7132 -0.0246 -0.7005
vn -0.7239 0.0933 -0.6835
vn -0.6684 0.3663 -0.6474
vn 0.6348 -0.1475 -0.7584
vn 0.7068 -0.0002 -0.7073
vn 0.6849 0.0573 -0.7264
vn 0.1506 -0.2168 -0.9645
vn -0.8842 -0.3369 0.3234
vn -0.7151 -0.1047 -0.6911
vn -0.7152 -0.1031 0.6913
vn -0.3622 -0.9096 0.2034
vn 0.1430 -0.2694 0.9523
vn -0.0306 -0.7347 0.6776
vn -0.3399 -0.6643 0.6656
vn -0.6425 -0.5230 0.5600
vn -0.6095 -0.4379 0.6608
vn -0.7527 -0.3972 0.5249
vn -0.7909 -0.2375 0.5639
vn -0.7444 -0.1030 0.6597
vn -0.2661 0.0639 0.9618
vn -0.5103 0.5525 0.6590
vn -0.7086 0.2535 0.6585
vn -0.2366 0.7028 0.6709
vn -0.3202 -0.0770 -0.9442
vn 0.0961 0.2486 0.9638
vn -0.8190 -0.0878 0.5670
vn -0.8184 0.0701 0.5704
vn -0.4552 -0.0982 0.8849
vn -0.4916 -0.1794 0.8521
vn -0.7912 0.2756 0.5460
vn -0.6466 -0.2331 0.7263
vn -0.3704 -0.1769 0.9119
vn -0.5016 -0.2740 0.8205
vn -0.4093 -0.2713 0.8711
vn -0.5741 -0.4013 0.7137
vn -0.7909 -0.3186 0.5224
vn -0.7999 0.4875 0.3500
vn -0.7252 -0.4870 0.4867
vn -0.9382 -0.2902 0.1883
vn -0.8826 -0.4347 0.1790
vn -0.6870 -0.2156 -0.6939
vn -0.6595 -0.3101 -0.6847
vn -0.8249 -0.5454 0.1486
vn -0.5405 -0.4922 -0.6823
vn -0.7234 -0.6564 0.2139
vn -0.6039 -0.3474 -0.7173
vn -0.6018 -0.4196 -0.6795
vn -0.4754 -0.5563 -0.6815
vn 0.5217 0.4429 -0.7292
vn 0.4573 0.5237 -0.7188
vn 0.7390 0.5632 -0.3695
vn 0.6864 0.6383 -0.3484
vn 0.5954 0.3489 -0.7236
vn 0.6350 0.1291 -0.7616
vn 0.8686 0.4490 -0.2096
vn 0.9432 0.0967 -0.3178
vn 0.7132 0.3453 -0.6099
vn 0.6107 -0.1837 -0.7702
vn 0.8415 -0.1946 -0.5039
vn 0.5950 0.2187 -0.7733
vn 0.8896 -0.3870 -0.2423
vn 0.1433 0.2283 -0.9630
vn 0.5719 -0.3973 -0.7176
vn 0.3583 0.6045 -0.7114
vn 0.4842 0.5651 -0.6680
vn 0.6483 0.3570 -0.6725
vn 0.7227 -0.1782 -0.6677
vn 0.8486 -0.5267 -0.0497
vn 0.7299 0.1209 -0.6727
vn 0.6887 0.1914 0.6993
vn 0.9822 0.0448 0.1823
vn 0.8685 0.4576 0.1905
vn 0.7761 0.3795 -0.5036
vn 0.8818 -0.0072 -0.4715
vn 0.5414 0.1125 -0.8332
vn 0.5134 0.1750 -0.8401
vn 0.3766 0.1259 -0.9178
vn 0.4125 0.3365 -0.8465
vn 0.3705 0.2546 -0.8932
vn 0.2774 0.1312 -0.9517
vn 0.4429 0.0358 -0.8958
vn 0.3174 0.0337 -0.9477
vn 0.3884 0.0347 -0.9208
vn 0.4601 -0.0235 -0.8875
vn 0.3890 -0.0453 -0.9201
vn 0.5037 0.0270 -0.8635
vn 0.6049 0.0972 -0.7903
vn 0.5148 -0.0353 -0.8565
vn 0.5696 -0.0363 -0.8211
vn 0.5053 -0.1526 -0.8493
vn 0.4182 -0.0918 -0.9037
vn 0.5524 -0.5316 -0.6420
vn 0.4479 -0.6059 -0.6574
vn 0.3772 -0.2129 -0.9013
vn 0.6101 -0.0511 -0.7906
vn 0.8012 -0.1824 -0.5699
vn 0.8785 -0.4232 -0.2214
vn 0.5382 -0.8145 -0.2166
vn 0.2335 -0.9517 -0.1993
vn 0.1425 -0.6566 -0.7406
vn 0.4256 -0.4617 -0.7783
vn 0.1800 -0.7200 -0.6702
vn 0.2835 -0.9506 -0.1265
vn 0.2228 -0.0545 -0.9733
vn -0.4664 0.6393 -0.6113
vn -0.1285 0.7342 -0.6666
vn -0.2548 -0.2443 -0.9356
vn -0.1709 -0.3752 0.9110
vn 0.2478 0.1007 0.9635
vn -0.1237 0.2801 0.9519
vn -0.2108 0.2329 -0.9493
vn 0.3707 -0.5144 -0.7733
vn 0.5639 -0.4295 -0.7053
vn 0.4565 -0.5939 -0.6625
vn 0.6876 -0.6800 -0.2545
vn 0.1205 -0.6517 -0.7488
vn 0.4116 -0.8377 -0.3589
vn 0.5282 -0.5117 -0.6776
vn 0.7497 -0.6602 -0.0455
vn 0.5369 -0.7859 0.3066
vn 0.1918 -0.5101 -0.8384
vn 0.1637 -0.3521 -0.9215
vn 0.2695 -0.3272 -0.9057
vn 0.1816 -0.2634 -0.9474
vn 0.1085 -0.2771 -0.9547
vn 0.0325 -0.3720 -0.9276
vn 0.0045 -0.3570 -0.9340
vn 0.0001 -0.5018 -0.8650
vn -0.0353 -0.3727 -0.9273
vn -0.1483 -0.4374 -0.8870
vn 0.1194 -0.7233 -0.6801
vn -0.1126 -0.7478 -0.6543
vn -0.3418 -0.6318 -0.6957
vn -0.4726 -0.6232 -0.6230
vn -0.7336 -0.6729 -0.0947
vn -0.7235 -0.6228 -0.2977
vn -0.1392 -0.3529 -0.9252
vn -0.1581 -0.9305 -0.3304
vn -0.1428 -0.9813 -0.1287
vn -0.4036 -0.8829 -0.2398
vn -0.5032 -0.5664 -0.6526
vn -0.4277 -0.2289 -0.8744
vn -0.2495 -0.3050 -0.9191
vn -0.5364 -0.8426 -0.0469
vn -0.2712 -0.9619 -0.0338
vn -0.3786 -0.8830 -0.2773
vn -0.1171 -0.7170 -0.6872
vn -0.2909 -0.6771 -0.6759
vn 0.1880 0.3285 -0.9256
vn -0.2335 -0.5929 -0.7706
vn 0.3103 0.1357 0.9409
vn -0.2589 0.2226 0.9399
vn 0.2532 -0.2440 -0.9361
vn -0.5098 -0.5435 -0.6668
vn -0.5943 -0.3915 -0.7025
vn -0.4285 -0.4747 -0.7688
vn -0.2524 -0.0833 -0.9640
vn 0.1236 0.7312 0.6709
vn 0.8775 0.3741 0.3001
vn -0.1237 -0.4302 0.8942
vn 0.6462 0.3669 0.6692
vn 0.4105 0.6388 -0.6507
vn 0.4146 0.6360 0.6509
vn 0.7324 0.1073 -0.6723
vn 0.6411 0.4071 -0.6505
vn 0.1157 0.7276 -0.6761
vn 0.1166 0.7275 0.6761
vn 0.2812 0.8988 0.3361
vn 0.0044 0.7092 -0.7049
vn -0.1664 -0.6327 -0.7562
vn -0.0120 0.9995 0.0301
vn 0.0280 0.9993 0.0259
vn -0.0024 0.7082 -0.7060
vn 0.0774 0.9785 0.1909
vn -0.0102 -0.7047 -0.7094
vn 0.0019 -0.7067 -0.7075
vn 0.0185 0.9905 0.1361
vn 0.0448 0.9563 0.2888
vn -0.0114 0.9903 0.1384
vn -0.0644 0.9872 0.1454
vn -0.0189 0.9542 0.2986
vn -0.1113 0.9193 0.3775
vn -0.6917 0.6586 0.2961
vn -0.3673 0.8594 0.3556
vn -0.7209 0.0529 0.6910
vn -0.5320 0.6554 0.5360
vn -0.1323 0.7368 0.6630
vn -0.6382 0.3944 0.6611
vn -0.3938 0.6391 0.6605
vn -0.4751 0.6109 0.6333
vn -0.4192 0.6669 0.6161
vn -0.1179 0.7294 0.6738
vn -0.4967 0.7544 0.4290
vn -0.8604 0.3911 0.3266
vn -0.9675 0.1293 0.2171
vn -0.8780 0.1676 0.4483
vn -0.6965 0.1283 0.7059
vn -0.5312 0.2104 0.8207
vn -0.5391 0.0772 0.8386
vn -0.7132 0.0367 0.6999
vn -0.6138 0.0211 0.7891
vn -0.5462 0.0267 0.8372
vn -0.6335 -0.4626 0.6202
vn -0.7700 -0.3716 0.5185
vn -0.8343 0.0411 0.5498
vn -0.8722 -0.3803 0.3074
vn -0.9379 0.0274 0.3458
vn -0.9828 0.0190 0.1836
vn -0.8631 -0.4845 0.1422
vn -0.4732 0.0465 0.8797
vn -0.5489 -0.0130 0.8357
vn -0.4948 -0.0345 0.8683
vn -0.4192 0.0573 0.9061
vn -0.4176 -0.0370 0.9079
vn -0.3503 -0.0583 0.9348
vn -0.3612 0.0554 0.9308
vn -0.4231 0.1286 0.8969
vn -0.2602 0.1157 0.9586
vn -0.2909 0.1773 0.9402
vn -0.2893 0.0264 0.9569
vn -0.3352 0.2237 0.9152
vn -0.1552 0.2367 0.9591
vn -0.1866 0.3019 0.9349
vn -0.1710 0.4434 0.8798
vn -0.0824 0.3413 0.9363
vn -0.1038 0.5269 0.8435
vn -0.0972 0.3787 0.9204
vn -0.0384 0.6403 0.7671
vn -0.0457 0.4791 0.8766
vn 0.0471 0.5615 0.8261
vn 0.0492 0.4477 0.8928
vn 0.0423 0.7100 0.7029
vn 0.1289 0.6334 0.7630
vn 0.1532 0.8379 0.5238
vn 0.6980 0.6570 0.2848
vn 0.5183 0.6799 0.5187
vn 0.1992 0.4203 0.8852
vn 0.1161 0.3948 0.9114
vn 0.0368 0.8259 0.5626
vn 0.0444 0.9100 0.4122
vn -0.0396 0.8738 0.4846
vn -0.0479 0.7728 0.6328
vn 0.0330 0.3699 0.9284
vn 0.0179 0.3504 0.9364
vn 0.0661 0.3390 0.9384
vn 0.1999 0.2758 0.9402
vn 0.3156 0.2297 0.9206
vn 0.3731 0.1476 0.9160
vn 0.2511 0.1871 0.9497
vn 0.1636 0.2156 0.9626
vn 0.0564 0.2302 0.9715
vn 0.1486 0.1276 0.9806
vn 0.2222 0.0607 0.9731
vn 0.1260 0.0491 0.9908
vn 0.0173 0.1263 0.9918
vn 0.2810 0.0575 0.9580
vn 0.3249 0.0963 0.9408
vn 0.3691 0.0312 0.9288
vn 0.2944 -0.0305 0.9552
vn 0.3812 -0.0285 0.9240
vn 0.3665 -0.1038 0.9246
vn 0.4704 -0.0868 0.8781
vn 0.4588 -0.0301 0.8880
vn 0.4015 0.0734 0.9129
vn 0.4613 0.0493 0.8858
vn 0.5277 0.0820 0.8454
vn 0.5296 0.0360 0.8475
vn 0.5253 -0.0250 0.8505
vn 0.5869 -0.0014 0.8097
vn 0.7733 -0.3081 0.5541
vn 0.6113 -0.4390 0.6585
vn 0.3394 -0.6692 0.6610
vn 0.8090 -0.1252 0.5742
vn 0.7021 -0.4727 0.5325
vn 0.8251 0.0280 0.5642
vn 0.7453 -0.1047 0.6584
vn 0.3368 -0.1727 0.9256
vn 0.7086 0.2535 0.6585
vn 0.5101 0.5511 0.6603
vn 0.0277 0.3469 0.9375
vn 0.0349 -0.7357 0.6764
vn -0.3144 -0.1445 0.9382
vn -0.1010 -0.2713 -0.9572
vn 0.3735 0.0587 -0.9257
vn -0.4241 0.5722 -0.7020
vn -0.2349 0.2997 -0.9246
vn 0.7030 -0.1147 -0.7019
vn -0.5145 0.3604 -0.7780
vn 0.7140 -0.0295 -0.6995
vn 0.8851 -0.3405 0.3171
vn 0.9661 -0.2408 0.0931
vn -0.6561 0.1094 -0.7467
vn 1.0000 -0.0005 0.0000
vn 0.9975 0.0217 0.0673
vn 0.9895 -0.0506 0.1349
vn 0.9906 0.1139 0.0754
vn 0.9932 0.0883 0.0756
vn 0.7166 0.0409 0.6962
vn -0.7071 0.0000 -0.7071
vn 0.9998 0.0151 0.0063
vn 0.9955 0.0858 0.0389
vn 0.6996 0.1710 0.6937
vn 0.9966 -0.0809 -0.0113
vn 0.9674 0.2235 0.1192
vn 0.9989 -0.0229 0.0403
vn 0.9825 0.0639 0.1745
vn 0.9845 -0.1447 0.0989
vn 0.9528 -0.0950 0.2882
vn 0.9644 0.0414 0.2611
vn 0.9662 -0.1110 0.2326
vn 0.9824 -0.1800 -0.0502
vn 0.9949 -0.0912 -0.0426
vn 0.9895 -0.0920 0.1110
vn 0.9037 0.3802 0.1965
vn 0.9226 0.3819 0.0533
vn 0.3905 0.9203 0.0220
vn 0.3848 0.9172 0.1027
vn 0.8541 0.3983 0.3345
vn 0.3925 0.9165 -0.0774
vn -0.2610 0.9515 0.1627
vn 0.9063 0.4134 -0.0872
vn -0.0065 0.9554 -0.2952
vn 0.9807 -0.0821 -0.1774
vn 0.8703 0.4155 -0.2643
vn 0.9481 -0.1041 -0.3003
vn 0.8369 0.3894 -0.3846
vn 0.3497 0.9179 -0.1872
vn -0.1805 0.9826 0.0423
vn 0.2838 0.9235 -0.2581
vn 0.1072 0.9673 0.2298
vn -0.3197 0.9472 -0.0228
vn 0.7469 0.4037 -0.5282
vn 0.8301 -0.0958 -0.5492
vn 0.7439 -0.1201 -0.6574
vn 0.6833 0.3608 -0.6347
vn 0.8151 -0.0941 -0.5715
vn 0.7521 -0.0947 -0.6522
vn 0.6797 -0.0925 -0.7276
vn 0.6584 -0.1274 -0.7418
vn 0.6059 0.3678 -0.7053
vn 0.4552 0.4099 -0.7904
vn 0.2394 0.9125 -0.3317
vn 0.1419 0.9245 -0.3538
vn -0.1583 0.9781 0.1353
vn -0.2120 0.9405 0.2655
vn -0.1353 0.9575 -0.2545
vn -0.3149 0.8319 0.4568
vn 0.2655 0.9633 0.0391
vn 0.3593 0.5014 -0.7870
vn -0.6607 0.7507 -0.0015
vn 0.4183 0.5150 0.7482
vn -0.0951 0.9384 0.3322
vn -0.2491 0.4140 0.8755
vn -0.4042 -0.0522 0.9131
vn -0.1608 0.1747 0.9714
vn -0.0901 -0.1989 0.9759
vn 0.0207 0.9250 -0.3793
vn 0.0236 0.8630 0.5047
vn -0.2286 0.9650 0.1286
vn -0.0762 0.6454 0.7600
vn -0.6177 0.5448 -0.5670
vn 0.0346 0.9467 -0.3203
vn 0.2823 0.9450 0.1649
vn -0.1130 0.9210 -0.3728
vn 0.7587 0.5551 -0.3408
vn -0.2150 0.9123 -0.3484
vn -0.4186 0.3961 -0.8172
vn -0.2652 0.3811 -0.8857
vn -0.1117 0.4398 -0.8911
vn 0.0754 0.9615 0.2641
vn 0.2817 0.9530 0.1117
vn -0.5580 0.3956 -0.7294
vn -0.2456 0.9514 0.1857
vn -0.0467 0.5382 0.8415
vn -0.7052 0.5546 -0.4416
vn -0.0275 0.9539 -0.2988
vn 0.1869 0.9241 0.3332
vn 0.2045 0.9585 0.1988
vn 0.5978 0.0746 0.7982
vn 0.4151 0.3060 0.8567
vn 0.5193 0.2825 0.8065
vn 0.6391 0.2701 0.7201
vn 0.5534 0.3483 0.7566
vn 0.6116 0.3794 0.6943
vn 0.4754 0.4531 0.7541
vn 0.4180 0.7413 0.5251
vn 0.4035 0.8712 0.2794
vn 0.6503 0.4124 0.6379
vn 0.2043 0.9583 0.1999
vn 0.2323 0.8486 0.4753
vn 0.6641 0.4558 0.5926
vn 0.6554 0.4668 0.5938
vn 0.7992 0.1666 0.5775
vn 0.8082 0.2636 0.5266
vn 0.7669 0.3244 0.5536
vn 0.7671 0.4920 0.4117
vn 0.7928 0.4431 0.4184
vn -0.1051 0.9032 0.4160
vn 0.8661 0.2826 0.4123
vn 0.3335 0.9242 0.1861
vn 0.9041 0.2213 0.3655
vn -0.2651 0.9503 0.1628
vn -0.8582 0.5122 -0.0322
vn 0.5162 0.4988 0.6962
vn 0.3340 0.7431 -0.5799
vn 0.9564 0.0334 0.2900
vn 0.8755 0.4139 0.2493
vn 0.9711 0.0136 0.2381
vn 0.9714 0.1745 0.1608
vn 0.4154 0.6433 0.6431
vn 0.9584 0.2626 0.1113
vn 0.9090 0.3986 0.1216
vn 0.8767 0.4783 0.0514
vn 0.4309 0.8716 0.2336
vn 0.8914 0.4532 0.0038
vn 0.9591 0.2826 -0.0170
vn 0.9667 0.2403 -0.0875
vn 0.6765 0.7295 -0.1005
vn 0.9132 0.3558 -0.1985
vn 0.9003 0.3546 -0.2524
vn 0.5468 0.4805 0.6856
vn 0.4519 0.5910 0.6682
vn 0.0752 0.7864 0.6131
vn 0.1619 0.3165 0.9347
vn -0.1119 0.3150 0.9424
vn -0.0986 0.7414 0.6637
vn -0.2205 0.7462 0.6281
vn 0.0899 0.9605 0.2633
vn -0.4047 0.5124 0.7573
vn -0.7074 0.5438 0.4514
vn -0.0013 0.6862 0.7273
vn -0.8915 0.4045 0.2038
vn -0.6022 0.7462 0.2839
vn -0.3278 0.6297 0.7042
vn -0.3092 0.9467 0.0903
vn -0.0757 0.9199 0.3846
vn -0.7829 0.6207 0.0424
vn -0.2096 0.9476 0.2408
vn 0.0113 0.7892 0.6140
vn 0.2326 0.8791 0.4160
vn 0.2828 0.9398 0.1920
vn 0.3309 0.9402 0.0807
vn -0.0046 0.8834 0.4686
vn 0.1531 0.9879 0.0249
vn -0.3929 0.9024 0.1770
vn 0.5210 0.8056 0.2818
vn 0.8660 0.4675 0.1774
vn 0.3141 0.9472 0.0636
vn -0.0300 0.9902 0.1361
vn 0.5831 0.6949 0.4207
vn 0.1634 0.6086 0.7765
vn 0.4649 0.6678 0.5812
vn -0.4978 0.6886 0.5272
vn -0.4423 0.8798 0.1743
vn -0.1098 0.9938 0.0178
vn -0.8251 0.4017 0.3972
vn -0.4039 0.9148 0.0089
vn -0.8853 0.3344 0.3232
vn -0.8632 0.4480 0.2326
vn -0.8332 0.5271 0.1671
vn -0.8253 0.5455 0.1460
vn -0.8453 0.5185 0.1289
vn -0.8011 0.5501 0.2358
vn -0.9943 0.0963 0.0452
vn -0.8861 0.4563 0.0805
vn -0.9062 0.4229 0.0063
vn -0.9347 -0.3550 0.0171
vn -0.4825 0.8733 -0.0668
vn -0.9611 -0.0746 -0.2660
vn -0.9721 0.1200 -0.2013
vn -0.9893 0.1263 -0.0725
vn -0.7915 0.5933 -0.1465
vn -0.8363 0.5394 -0.0985
vn -0.8775 0.4769 -0.0495
vn -0.8208 0.5402 -0.1857
vn -0.8289 0.4990 -0.2529
vn -0.9004 0.2826 -0.3307
vn -0.8505 0.3953 0.3468
vn -0.8509 0.2826 0.4427
vn -0.3484 0.9239 0.1578
vn 0.1600 0.9550 -0.2496
vn -0.8262 0.2799 0.4889
vn -0.8322 0.0304 0.5536
vn -0.7084 0.5200 0.4773
vn -0.6876 0.5191 0.5077
vn -0.7104 0.4438 0.5462
vn -0.5418 0.6175 0.5702
vn -0.6804 0.3334 0.6526
vn -0.6255 0.4599 0.6303
vn -0.6411 -0.3592 0.6782
vn -0.5197 0.5191 0.6785
vn -0.5716 0.4835 0.6629
vn -0.6154 0.0737 0.7847
vn -0.5090 -0.0226 0.8605
vn -0.4943 0.3739 0.7848
vn -0.2642 0.8467 0.4618
vn -0.3883 -0.4359 0.8119
vn -0.3863 0.4165 0.8229
vn -0.1277 0.8131 0.5679
vn -0.3232 0.4439 0.8357
vn -0.2654 0.7085 0.6539
vn -0.2145 0.9353 0.2814
vn -0.2612 0.3071 0.9151
vn -0.1438 0.3862 0.9111
vn -0.0269 0.8126 0.5821
vn -0.0895 0.3656 0.9265
vn 0.0185 0.3543 0.9349
vn 0.0796 0.3813 0.9210
vn -0.0196 0.0836 0.9963
vn 0.1105 0.1104 0.9877
vn 0.1881 -0.3579 0.9146
vn 0.1921 0.2958 0.9357
vn 0.2112 0.4420 0.8718
vn 0.0917 0.8387 0.5367
vn 0.2631 0.4494 0.8537
vn 0.0020 0.9862 0.1656
vn 0.3929 0.7369 0.5500
vn -0.1036 0.7406 0.6639
vn 0.1430 0.7287 0.6697
vn 0.3270 0.7182 0.6142
vn 0.5134 0.6764 0.5281
vn 0.3393 0.6476 0.6822
vn 0.1496 0.6569 0.7390
vn -0.0520 0.6666 0.7436
vn 0.1684 0.9305 0.3252
vn -0.0659 0.9013 0.4281
vn -0.2823 0.6665 0.6900
vn 0.1798 0.6926 0.6985
vn -0.1767 0.6865 0.7053
vn -0.3577 0.7206 0.5939
vn -0.2114 0.9402 0.2670
vn -0.4409 0.7072 0.5527
vn 0.6564 0.6214 0.4278
vn -0.0321 0.7173 0.6960
vn -0.3284 0.7482 0.5765
vn 0.4780 0.7727 0.4176
vn 0.2727 0.7816 0.5609
vn 0.4496 0.8073 0.3822
vn -0.6575 0.0869 0.7484
vn -0.3395 0.4853 0.8057
vn -0.7740 0.3603 0.5206
vn -0.3163 0.8844 0.3432
vn -0.0819 0.9902 0.1131
vn 0.0167 0.9383 0.3454
vn 0.0979 0.9793 0.1772
vn 0.2245 0.9647 0.1377
vn -0.1551 0.9853 0.0716
vn 0.2915 0.9028 0.3163
vn 0.2162 0.9246 0.3135
vn 0.4171 0.7674 0.4869
vn 0.3244 0.4303 0.8423
vn 0.3492 0.3779 0.8574
vn 0.4346 0.3905 0.8115
vn -0.7969 0.5010 -0.3376
vn 0.3148 0.4898 0.8130
vn 0.4886 0.7461 -0.4523
vn 0.7037 0.6548 -0.2755
vn 0.0200 0.3889 -0.9210
vn -0.1075 -0.0979 -0.9893
vn 0.0806 -0.0964 -0.9921
vn 0.1820 0.4306 -0.8840
vn 0.3122 0.3898 -0.8664
vn 0.8619 -0.0985 -0.4974
vn 0.8546 -0.1082 -0.5078
vn 0.8992 -0.0950 -0.4271
vn 0.8968 -0.1588 -0.4129
vn 0.8970 -0.1064 -0.4290
vn 0.9266 -0.1117 -0.3591
vn 0.9294 -0.0960 -0.3562
vn 0.9580 -0.0971 -0.2698
vn 0.9610 -0.1017 -0.2571
vn 0.9783 -0.0944 -0.1845
vn 0.9687 -0.1852 -0.1651
vn 0.9907 -0.0993 -0.0929
vn 0.9955 -0.0627 -0.0702
vn 0.9919 -0.0572 -0.1137
vn 0.9984 -0.0336 -0.0453
vn 0.9957 -0.0268 -0.0885
vn 0.9858 0.0994 0.1349
vn 0.9814 0.0127 -0.1915
vn 0.9431 0.2183 0.2509
vn 0.9705 0.2411 -0.0057
vn 0.9487 0.1762 0.2625
vn 0.9883 0.1407 0.0580
vn 0.9492 0.1051 0.2964
vn 0.9893 -0.0338 0.1417
vn 0.9873 0.1501 0.0520
vn 0.9868 0.0821 -0.1398
vn 0.8965 -0.0918 -0.4334
vn 0.8986 0.1913 -0.3947
vn 0.6689 0.0374 -0.7424
vn 0.7912 0.1813 -0.5840
vn 0.9841 -0.1773 -0.0008
vn 0.8451 -0.2378 -0.4787
vn 0.8125 -0.3051 -0.4967
vn 0.9391 -0.3435 -0.0056
vn 0.8910 -0.4335 0.1345
vn 0.8160 -0.4841 -0.3158
vn 0.9440 -0.2492 0.2163
vn 0.8972 -0.2880 0.3347
vn 0.9414 -0.1278 0.3122
vn 0.9033 0.2468 0.3508
vn 0.8893 -0.4302 0.1550
vn 0.9718 -0.1310 -0.1958
vn 0.8675 -0.4496 -0.2128
vn 0.8835 -0.3558 -0.3044
vn 0.2577 0.9538 0.1544
vn -0.0622 0.7564 0.6511
vn 0.8210 0.5136 -0.2492
vn -0.7429 0.5224 -0.4186
vn 0.3603 0.9138 0.1874
vn -0.2529 0.9631 0.0920
vn 0.7817 0.3886 0.4877
vn 0.8948 -0.1019 0.4346
vn 0.6680 0.3869 0.6356
vn 0.7555 -0.0970 0.6478
vn 0.8378 -0.0968 0.5373
vn 0.8453 -0.1001 0.5248
vn 0.9063 -0.1014 0.4102
vn 0.9389 -0.1021 0.3287
vn 0.8005 0.2363 0.5507
vn 0.9066 0.0960 0.4108
vn 0.8485 0.3358 0.4090
vn 0.7146 0.4810 0.5078
vn 0.7038 0.1848 0.6859
vn 0.4325 0.5058 0.7464
vn 0.5410 0.5741 0.6146
vn 0.3731 0.5518 0.7458
vn 0.5003 0.2208 0.8372
vn 0.2512 0.5852 0.7710
vn 0.3328 0.0954 0.9381
vn 0.7035 -0.0964 0.7041
vn 0.6275 -0.0956 0.7727
vn 0.1943 -0.3259 0.9252
vn 0.3228 -0.2339 0.9171
vn 0.2323 -0.8867 0.3996
vn -0.0348 -0.2370 0.9709
vn 0.0000 -0.0005 1.0000
vn -0.4707 -0.1430 0.8706
vn -0.3789 0.4096 0.8299
vn -0.0001 -0.7200 0.6939
vn 0.0450 -0.4551 0.8893
vn -0.8642 -0.2838 0.4154
vn -0.0247 -0.0052 0.9997
vn 0.0957 -0.9044 0.4158
vn -0.5000 0.7560 0.4224
vn 0.8883 -0.1918 0.4173
vn 0.5206 0.7380 0.4292
vn 0.5068 -0.0551 0.8603
vn 0.1933 0.4535 0.8700
vn 0.6023 -0.3057 0.7374
vn 0.6630 -0.1504 0.7334
vn -0.1739 0.3565 0.9179
vn -0.6373 0.2878 0.7148
vn -0.3452 0.6010 0.7208
vn -0.6292 0.5069 0.5892
vn -0.3043 0.6186 0.7244
vn -0.3410 0.2562 0.9044
vn -0.4797 0.5337 0.6964
vn -0.7004 0.2046 0.6838
vn -0.8222 0.2346 0.5186
vn -0.8450 -0.0324 0.5337
vn -0.9220 0.1474 0.3581
vn -0.7926 0.4091 0.4521
vn -0.5755 0.5553 0.6004
vn -0.9078 -0.0912 0.4093
vn -0.8370 -0.0944 0.5390
vn -0.9392 -0.0847 0.3327
vn -0.9415 -0.0983 0.3222
vn -0.9872 -0.0440 0.1535
vn -0.9733 -0.0742 0.2171
vn -0.8789 0.4037 0.2539
vn -0.9089 0.4115 0.0670
vn -0.9971 0.0044 -0.0752
vn -0.9207 0.3794 -0.0911
vn -0.8862 -0.3520 -0.3012
vn -0.8977 0.0081 0.4404
vn -0.8166 0.1349 -0.5611
vn -0.7784 -0.1785 0.6018
vn -0.8270 0.0295 -0.5613
vn -0.9765 -0.0652 -0.2053
vn -0.8592 -0.4663 0.2105
vn -0.3186 -0.0211 -0.9476
vn -0.7721 -0.0370 -0.6344
vn -0.6536 -0.1031 -0.7498
vn -0.8059 -0.3981 -0.4382
vn -0.7777 -0.5270 -0.3427
vn -0.8599 -0.4990 0.1076
vn -0.8628 -0.2031 0.4628
vn -0.8413 -0.4157 0.3456
vn -0.8216 0.2525 -0.5110
vn -0.8526 0.5214 -0.0352
vn -0.1263 -0.4497 -0.8842
vn -0.8314 0.2667 0.4874
vn -0.5886 0.8082 -0.0189
vn -0.6197 0.3451 -0.7048
vn -0.6169 0.3611 0.6992
vn -0.6378 -0.3453 0.6884
vn -0.6509 -0.7565 -0.0634
vn -0.6148 -0.3719 -0.6955
vn -0.7908 -0.1742 -0.5868
vn -0.9829 -0.0369 0.1801
vn -0.8177 0.0129 0.5754
vn -0.9761 0.0546 0.2101
vn -0.9141 0.0817 0.3970
vn -0.8162 -0.0302 0.5769
vn -0.9455 0.0995 0.3099
vn -0.9293 0.3153 0.1924
vn -0.9864 0.1426 0.0812
vn -0.9995 0.0299 0.0115
vn -0.1585 -0.6781 0.7177
vn 0.3385 0.3877 0.8574
vn -0.3371 -0.6511 0.6800
vn -0.3653 -0.5556 0.7468
vn -0.2067 0.5229 0.8269
vn 0.1612 0.8960 0.4138
vn 0.8907 -0.1858 0.4148
vn -0.5333 -0.4123 0.7386
vn -0.6249 -0.2839 0.7273
vn 0.0304 -0.0171 0.9994
vn -0.8788 0.2127 0.4271
vn -0.2499 -0.8793 0.4053
vn -0.6075 -0.7843 -0.1256
vn 0.6519 -0.1170 0.7492
vn 0.7777 -0.0975 0.6210
vn 0.8854 0.4086 0.2215
vn 0.9282 0.2127 0.3052
vn -0.1146 0.6423 -0.7578
vn 0.8151 0.5223 0.2507
vn -0.5789 0.5113 0.6351
vn -0.6608 -0.0972 -0.7443
vn -0.9823 0.1621 -0.0941
vn -0.9922 -0.0540 -0.1124
vn -0.9186 -0.0566 -0.3910
vn -0.8704 -0.2948 -0.3944
vn -0.5350 -0.3343 -0.7759
vn -0.6536 -0.6219 -0.4312
vn -0.7275 -0.1083 -0.6774
vn -0.5698 -0.1409 -0.8096
vn -0.6193 -0.0290 -0.7846
vn -0.7697 0.1201 -0.6270
vn -0.5666 -0.0309 -0.8234
vn -0.7056 0.1896 -0.6827
vn -0.8596 0.4351 -0.2677
vn -0.6053 0.0869 -0.7912
vn -0.7579 0.3988 -0.5163
vn -0.6778 0.7155 -0.1693
vn -0.9189 0.1172 -0.3766
vn -0.7001 0.7064 -0.1044
vn -0.8495 0.4952 0.1818
vn -0.5587 0.4856 -0.6723
vn -0.5595 -0.3735 -0.7399
vn -0.6198 -0.4011 -0.6744
vn -0.7178 -0.1786 -0.6730
vn -0.7318 0.0456 -0.6800
vn -0.6904 0.2662 -0.6726
vn -0.8977 0.2368 -0.3716
vn -0.8609 -0.2073 -0.4646
vn -0.5504 -0.1869 0.8137
vn -0.5473 0.1173 -0.8287
vn -0.5489 0.1953 -0.8127
vn -0.5105 0.0360 -0.8591
vn -0.3927 0.1706 -0.9037
vn -0.4379 0.0314 -0.8985
vn -0.3859 0.0614 -0.9204
vn -0.3438 0.2813 -0.8959
vn -0.2546 0.2387 -0.9371
vn -0.2762 0.1172 -0.9539
vn -0.3627 0.4010 -0.8412
vn -0.4469 0.3110 -0.8387
vn -0.6012 0.3425 -0.7220
vn -0.4621 0.4302 -0.7755
vn -0.6352 0.5434 -0.5489
vn -0.4640 0.6057 -0.6464
vn -0.8675 0.3703 -0.3321
vn -0.8093 0.5306 -0.2520
vn -0.7544 0.6334 -0.1721
vn -0.6353 0.7224 -0.2730
vn -0.3977 0.5622 -0.7250
vn -0.5096 0.8125 -0.2830
vn -0.4755 0.5014 -0.7228
vn 0.4924 -0.5324 -0.6885
vn 0.5817 -0.4400 -0.6840
vn -0.5444 0.4305 -0.7199
vn -0.6099 0.2897 -0.7376
vn 0.6103 -0.3605 -0.7053
vn 0.6692 -0.2824 -0.6872
vn 0.8549 -0.5000 0.1379
vn 0.6990 -0.5971 0.3936
vn 0.7485 -0.6518 0.1219
vn 0.7699 -0.4631 0.4389
vn 0.9114 -0.3676 0.1848
vn 0.5825 -0.7288 0.3599
vn 0.6174 -0.7810 0.0939
vn 0.4613 -0.8169 0.3460
vn 0.3948 -0.6053 -0.6912
vn 0.4667 -0.8790 0.0976
vn 0.3074 -0.8566 0.4143
vn 0.3003 -0.6600 -0.6886
vn 0.3115 -0.9423 0.1229
vn 0.1922 -0.9504 0.2446
vn 0.1852 -0.6957 -0.6940
vn -0.1173 0.4163 -0.9016
vn -0.3393 -0.1556 -0.9277
vn 0.0196 -0.7147 -0.6991
vn -0.3701 -0.8677 0.3316
vn -0.1182 0.6479 -0.7524
vn 0.2061 0.5940 -0.7776
vn -0.1524 0.2965 0.9427
vn -0.1630 -0.3373 0.9272
vn 0.2229 -0.4027 -0.8878
vn 0.4004 0.6278 -0.6675
vn 0.4688 0.5137 -0.7185
vn 0.6430 0.7599 -0.0951
vn 0.4300 0.8551 -0.2896
vn 0.1595 0.7848 -0.5988
vn -0.1080 0.7202 -0.6852
vn 0.0305 0.9577 -0.2860
vn 0.1445 0.9708 -0.1915
vn 0.0144 0.6217 -0.7831
vn -0.1162 0.5377 -0.8351
vn 0.3771 0.8842 0.2755
vn 0.1465 0.7243 -0.6737
vn -0.0967 0.7317 -0.6747
vn -0.1805 0.9155 -0.3594
vn -0.3764 0.6442 -0.6658
vn -0.3566 0.8309 -0.4271
vn -0.4882 0.4971 -0.7173
vn -0.0794 0.7977 -0.5978
vn 0.0726 0.5990 -0.7974
vn -0.5780 0.7904 -0.2030
vn 0.3969 0.1283 -0.9088
vn -0.2756 0.5673 -0.7760
vn 0.0452 0.6440 -0.7637
vn -0.0361 0.9615 -0.2723
vn 0.3253 0.9068 -0.2681
vn 0.3433 0.7479 -0.5681
vn 0.5037 0.8229 -0.2626
vn 0.2554 0.6378 -0.7266
vn 0.3684 0.5803 -0.7263
vn 0.6232 0.7461 -0.2343
vn 0.4938 0.6239 -0.6057
vn 0.3415 0.5478 -0.7637
vn 0.4656 0.4664 -0.7521
vn 0.3404 0.4297 -0.8363
vn 0.5225 0.3918 -0.7572
vn 0.2451 0.4957 -0.8332
vn 0.2676 0.3815 -0.8848
vn 0.2042 0.6005 -0.7730
vn 0.1492 0.4461 -0.8824
vn 0.0130 0.4656 -0.8849
vn 0.0699 0.3597 -0.9304
vn 0.1786 0.3410 -0.9229
vn 0.2599 0.2535 -0.9317
vn 0.1212 0.2381 -0.9636
vn 0.1777 0.1325 -0.9751
vn 0.1351 0.0283 -0.9904
vn 0.0856 0.1078 -0.9905
vn 0.2238 0.0331 -0.9741
vn -0.0385 0.0958 -0.9946
vn -0.0079 0.1841 -0.9828
vn 0.0271 0.0293 -0.9992
vn -0.0119 -0.0043 -0.9999
vn 0.0412 -0.0740 -0.9964
vn -0.0454 -0.1415 -0.9889
vn -0.0622 -0.0406 -0.9972
vn -0.0638 0.0351 -0.9973
vn 0.0264 -0.2465 -0.9687
vn -0.1471 -0.0735 -0.9864
vn -0.1771 -0.1764 -0.9682
vn -0.0525 -0.2762 -0.9597
vn -0.1221 -0.2916 -0.9487
vn -0.2915 -0.1800 -0.9395
vn -0.2636 -0.0973 -0.9597
vn -0.3789 -0.0638 -0.9232
vn -0.4572 -0.0974 -0.8840
vn -0.4498 -0.0344 -0.8925
vn -0.5149 -0.0257 -0.8568
vn -0.3489 -0.0418 -0.9362
vn -0.2813 -0.0320 -0.9591
vn -0.3320 0.0314 -0.9427
vn -0.2493 0.0352 -0.9678
vn -0.2054 -0.0600 -0.9768
vn -0.1733 0.0380 -0.9841
vn -0.1581 0.1261 -0.9793
vn -0.1274 0.2403 -0.9623
vn -0.1501 0.3392 -0.9286
vn -0.0133 0.2949 -0.9554
vn -0.0599 0.4037 -0.9129
vn -0.1739 0.4558 -0.8729
vn -0.2718 0.4736 -0.8377
vn -0.2721 0.3478 -0.8972
vn -0.3000 0.5381 -0.7876
vn -0.3471 0.7294 -0.5895
vn -0.3132 0.9062 -0.2841
vn -0.3065 0.6158 -0.7258
vn 0.1031 -0.1995 -0.9744
vn 0.1942 -0.1223 -0.9733
vn 0.3166 -0.0645 -0.9463
vn 0.2721 -0.1630 -0.9484
vn 0.2670 -0.0424 -0.9627
vn 0.1825 -0.0460 -0.9821
vn 0.1166 -0.0733 -0.9904
vn -0.3885 -0.6131 -0.6878
vn -0.4379 -0.8822 0.1733
vn -0.5908 -0.7864 0.1804
vn -0.3123 -0.6564 -0.6867
vn -0.2445 -0.6890 -0.6822
vn -0.1494 -0.7107 -0.6874
vn -0.2560 -0.9506 0.1757
vn 0.1700 -0.8969 0.4081
vn -0.0317 -0.7433 0.6682
vn 0.3743 0.0621 0.9252
vn 0.7418 -0.0831 0.6654
vn 0.5819 -0.7422 0.3323
vn 0.6173 -0.4267 0.6609
vn 0.4535 -0.7192 0.5263
vn 0.2905 -0.7795 0.5549
vn 0.3488 -0.6646 0.6608
vn -0.0016 -0.7515 0.6597
vn 0.1121 -0.8246 0.5545
vn -0.0379 -0.4974 0.8667
vn -0.0251 -0.8277 0.5606
vn -0.3497 -0.6664 0.6585
vn -0.1699 -0.8051 0.5682
vn 0.0887 -0.4912 0.8665
vn 0.1813 -0.7232 0.6663
vn 0.1697 -0.5556 0.8139
vn -0.3711 -0.7343 0.5684
vn -0.0268 -0.4164 0.9088
vn 0.1339 -0.3857 0.9128
vn 0.2127 -0.4502 0.8672
vn -0.5552 -0.7332 0.3926
vn -0.7297 -0.0757 0.6795
vn -0.6181 -0.4284 0.6590
vn 0.3230 -0.6763 0.6619
vn 0.2924 -0.5010 0.8146
vn 0.4353 -0.6176 0.6550
vn 0.3715 -0.4421 0.8164
vn 0.5410 -0.5253 0.6568
vn 0.4352 -0.3695 0.8210
vn 0.2846 -0.3544 0.8907
vn 0.3413 -0.2465 0.9070
vn 0.2396 -0.2269 0.9440
vn 0.1557 -0.2798 0.9473
vn 0.1778 -0.1388 0.9742
vn 0.2610 -0.1068 0.9594
vn 0.0585 -0.2184 0.9741
vn 0.0992 -0.1069 0.9893
vn 0.0259 -0.0319 0.9991
vn -0.0259 -0.0844 0.9961
vn 0.1272 -0.0379 0.9911
vn -0.0426 -0.1720 0.9842
vn 0.2006 -0.0443 0.9787
vn 0.0621 0.0495 0.9968
vn -0.0254 0.0414 0.9988
vn -0.0975 0.0590 0.9935
vn -0.0902 -0.0269 0.9955
vn -0.1910 0.0261 0.9812
vn -0.1777 0.1112 0.9778
vn -0.0601 0.1962 0.9787
vn -0.0382 0.3114 0.9495
vn -0.0222 0.3704 0.9286
vn -0.2833 -0.0297 0.9586
vn -0.2053 -0.0248 0.9784
vn -0.2585 -0.1318 0.9570
vn -0.1568 -0.0946 0.9831
vn -0.1494 -0.2275 0.9622
vn -0.2489 -0.2441 0.9372
vn -0.0674 -0.3058 0.9497
vn -0.1895 -0.3597 0.9136
vn -0.3143 -0.3335 0.8888
vn -0.3366 -0.4602 0.8215
vn -0.2374 -0.4592 0.8560
vn -0.4332 -0.3793 0.8176
vn -0.4379 -0.4992 0.7476
vn -0.5769 -0.6316 0.5179
vn -0.2829 -0.5706 0.7710
vn -0.4494 -0.7194 0.5296
vn -0.3273 -0.7815 0.5312
vn -0.2204 -0.8335 0.5066
vn -0.1830 -0.6822 0.7078
vn -0.1469 -0.5525 0.8205
vn -0.1416 -0.4627 0.8751
vn 0.0420 -0.3344 0.9415
vn 0.4324 -0.1750 0.8845
vn 0.4505 -0.2918 0.8438
vn 0.5161 -0.1875 0.8357
vn 0.5721 -0.2629 0.7769
vn 0.8106 0.2137 0.5452
vn 0.7571 0.3630 0.5431
vn 0.7615 0.4782 0.4375
vn 0.2360 0.7004 0.6735
vn 0.8658 0.4771 0.1506
vn 0.9556 0.0384 0.2921
vn 0.7839 -0.3055 0.5405
vn 0.6087 -0.3769 0.6981
vn 0.7222 -0.0915 0.6856
vn -0.6034 -0.0365 -0.7965
vn -0.9813 -0.1330 -0.1388
vn -0.8454 -0.5026 -0.1807
vn -0.8544 0.0438 -0.5178
vn -0.7864 -0.4078 0.4640
vn 0.8058 -0.1184 -0.5802
vn 0.8021 -0.4967 -0.3315
vn 0.4491 -0.8841 -0.1287
vn 0.8026 -0.5850 0.1164
vn 0.1618 -0.4890 -0.8571
vn 0.2949 -0.9101 0.2909
vn 0.1281 0.2065 -0.9700
vn 0.7922 0.3069 -0.5275
vn 0.9863 0.0108 0.1647
vn 0.9382 0.1578 0.3078
vn 0.7707 0.1503 0.6191
vn 0.4770 0.7753 0.4139
vn 0.8467 0.0300 0.5312
vn 0.9384 0.0272 0.3444
vn 0.4647 0.1628 0.8703
vn 0.4436 0.6579 0.6085
vn 0.4417 0.3970 0.8045
vn 0.4744 0.6190 0.6259
vn 0.6381 0.3964 0.6600
vn 0.3930 0.6448 0.6556
vn 0.7280 0.1193 0.6751
vn 0.6817 -0.4636 0.5660
vn 0.8636 -0.2780 0.4206
vn 0.6938 0.0395 0.7190
vn 0.4558 -0.8680 0.1970
vn 0.9287 -0.3296 0.1695
vn 0.5777 -0.6075 0.5451
vn 0.5980 0.0501 0.7999
vn -0.5576 0.4555 0.6940
vn -0.2289 0.7123 0.6635
vn 0.1373 -0.9868 -0.0864
vn 0.1029 -0.9329 -0.3452
vn 0.9880 -0.0722 -0.1362
vn 0.9851 0.1600 -0.0633
vn 0.9242 -0.0237 -0.3812
vn 0.9563 0.1362 -0.2587
vn 0.8322 0.1044 -0.5445
vn 0.8625 0.4192 -0.2835
vn 0.7268 0.1731 -0.6646
vn 0.7345 -0.0411 -0.6774
vn 0.6609 0.1299 -0.7391
vn 0.6977 0.6893 -0.1948
vn 0.4604 0.4364 -0.7730
vn 0.6157 0.2269 -0.7546
vn 0.6705 0.7402 -0.0499
vn -0.9394 0.0535 0.3386
vn -0.8989 0.2333 0.3709
vn -0.8782 -0.4511 0.1590
vn -0.5799 -0.7321 0.3574
vn -0.8051 -0.5452 -0.2334
vn -0.8217 -0.1795 -0.5409
vn -0.3393 -0.6508 -0.6792
vn -0.1568 0.3507 -0.9232
vn -0.8098 0.3070 -0.4999
vn -0.8120 0.5708 -0.1216
vn -0.7874 0.0188 0.6161
vn -0.5166 0.8181 0.2525
vn -0.7992 0.5900 0.1152
vn -0.9081 -0.1479 0.3916
vn -0.3717 -0.1219 0.9203
vn -0.8621 -0.3311 0.3836
vn -0.9485 -0.2787 0.1501
vn -0.7795 0.0174 0.6262
vn -0.9261 -0.3389 0.1658
vn -0.8951 -0.2747 0.3511
vn -0.9125 -0.3338 0.2365
vn -0.6985 0.3435 0.6277
vn -0.7800 -0.0506 0.6237
vn -0.8639 -0.4717 0.1764
vn -0.7060 -0.6706 0.2276
vn -0.9757 -0.1972 -0.0957
vn -0.9458 -0.2448 0.2133
vn -0.6369 0.5011 -0.5859
vn -0.9390 -0.3422 0.0327
vn -0.8878 -0.1223 -0.4437
vn -0.5075 -0.1007 -0.8557
vn -0.8300 -0.3282 -0.4510
vn -0.4574 -0.1405 -0.8781
vn -0.4226 -0.2282 -0.8771
vn 0.5609 0.2126 -0.8001
vn 0.6149 0.1317 -0.7775
vn 0.8939 0.2280 -0.3859
vn 0.8421 0.3763 -0.3862
vn 0.5350 0.3036 -0.7884
vn 0.3928 0.0814 -0.9160
vn 0.7629 0.5247 -0.3777
vn 0.3710 0.1611 -0.9145
vn 0.6617 0.6476 -0.3777
vn 0.3300 0.2270 -0.9163
vn 0.4602 0.3836 -0.8006
vn 0.5410 0.7514 -0.3777
vn 0.3837 0.4593 -0.8011
vn 0.2862 0.2801 -0.9163
vn 0.2340 0.3250 -0.9163
vn 0.4498 0.5266 -0.7213
vn 0.5297 0.4398 -0.7252
vn 0.6494 0.6206 -0.4393
vn 0.6015 0.3350 -0.7252
vn 0.7180 0.4992 -0.4850
vn 0.2338 0.2495 -0.9397
vn 0.8363 0.3693 -0.4051
vn 0.8803 0.2204 -0.4200
vn 0.6528 0.2188 -0.7252
vn 0.6829 0.1038 -0.7230
vn 0.6887 -0.0013 -0.7251
vn 0.6807 -0.1057 -0.7248
vn 0.3838 -0.0346 -0.9228
vn 0.2835 0.5577 -0.7801
vn -0.0017 -0.5594 -0.8289
vn 0.4880 -0.8376 -0.2456
vn -0.6409 -0.7262 -0.2487
vn -0.6240 0.6653 -0.4098
vn -0.6160 -0.1257 -0.7776
vn -0.8637 -0.3778 -0.3336
vn -0.8226 0.1995 -0.5324
vn -0.8500 0.4957 0.1782
vn -0.7598 -0.1793 0.6250
vn -0.7096 0.6744 0.2040
vn -0.9369 0.2928 0.1910
vn -0.6329 -0.1583 0.7579
vn -0.7922 0.1892 0.5801
vn -0.7914 -0.2279 0.5672
vn 0.6073 0.0889 0.7895
vn -0.7933 0.5163 0.3225
vn -0.1732 -0.9192 0.3536
vn -0.8092 -0.5368 0.2386
vn -0.6257 -0.7592 0.1792
vn -0.7907 0.5774 -0.2032
vn 0.5052 0.8323 -0.2281
vn 0.4307 0.6272 -0.6489
vn 0.6496 -0.2177 -0.7284
vn 0.8003 -0.4458 -0.4010
vn 0.6029 -0.3283 -0.7271
vn 0.5505 -0.4086 -0.7280
vn -0.4697 -0.4890 -0.7350
vn -0.3013 -0.6310 -0.7149
vn 0.4219 0.7592 -0.4955
vn 0.5186 0.7092 -0.4776
vn 0.1197 0.3533 -0.9278
vn -0.4438 -0.6073 -0.6589
vn -0.3284 -0.6704 -0.6653
vn -0.1953 -0.7680 -0.6099
vn -0.0317 -0.6978 -0.7156
vn -0.0317 -0.7458 -0.6653
vn 0.1295 0.6314 -0.7645
vn 0.3505 0.5981 -0.7207
vn 0.4314 0.6229 -0.6526
vn 0.2799 0.7477 -0.6021
vn 0.5228 0.4002 -0.7526
vn -0.5890 -0.4678 -0.6589
vn 0.5057 0.1393 -0.8514
vn 0.0783 0.5200 -0.8505
vn 0.0461 0.7866 -0.6156
vn -0.4189 0.4107 -0.8098
vn 0.6339 -0.0719 0.7700
vn 0.1810 0.2722 0.9450
vn -0.2051 -0.7098 0.6739
vn -0.4382 0.2845 0.8527
vn -0.3672 -0.3128 0.8760
vn 0.4288 -0.0897 0.8989
vn 0.0743 0.4085 0.9097
vn 0.2411 -0.4096 0.8798
vn -0.2569 -0.4983 -0.8280
vn -0.5603 -0.0669 -0.8256
vn 0.2924 -0.3964 -0.8703
vn 0.0889 0.6811 -0.7268
vn -0.1568 0.6413 -0.7511
vn -0.2035 -0.4140 -0.8872
vn 0.4731 -0.1000 -0.8753
vn -0.3523 0.1815 -0.9181
vn 0.0506 -0.5245 -0.8499
vn 0.1644 0.4340 -0.8857
vn 0.4211 0.2099 0.8824
vn -0.1437 0.4598 0.8763
vn -0.4297 0.2870 -0.8561
vn -0.2833 0.6995 -0.6560
vn -0.4645 -0.2881 -0.8374
vn -0.4560 0.5694 -0.6840
vn 0.1404 0.5434 -0.8276
vn -0.5726 0.3091 -0.7593
vn -0.4455 0.4514 -0.7731
vn -0.3040 0.6118 -0.7302
vn 0.3937 -0.6160 -0.6823
vn -0.0535 0.6699 -0.7405
vn 0.2788 -0.6846 -0.6735
vn -0.1776 0.7704 -0.6123
vn 0.2238 -0.6511 -0.7252
vn 0.1180 -0.7716 -0.6250
vn 0.3641 -0.5736 -0.7338
vn -0.2109 0.3079 -0.9277
vn -0.0154 0.3729 -0.9277
vn -0.1323 0.3948 -0.9092
vn -0.1955 0.8881 -0.4159
vn 0.1221 0.8755 -0.4674
vn -0.0445 0.9133 -0.4047
vn 0.0403 0.6896 -0.7230
vn -0.1635 0.6667 -0.7271
vn -0.0688 0.6821 -0.7280
vn 0.1576 0.6702 -0.7252
vn 0.0111 0.3964 -0.9180
vn 0.1022 0.3877 -0.9161
vn 0.0812 0.9207 -0.3817
vn -0.0820 0.3844 -0.9195
vn -0.0753 0.9173 -0.3910
vn -0.2077 0.9001 -0.3830
vn -0.0519 0.6429 -0.7642
vn -0.1426 0.6417 -0.7536
vn -0.3245 0.8563 -0.4017
vn -0.2370 0.6131 -0.7535
vn -0.3144 0.5807 -0.7510
vn 0.1434 -0.3464 -0.9270
vn 0.2669 -0.8424 -0.4681
vn 0.1799 -0.8518 -0.4919
vn 0.0710 -0.3652 -0.9282
vn 0.0413 -0.8534 -0.5196
vn -0.0174 -0.3508 -0.9363
vn -0.1202 -0.8442 -0.5224
vn -0.1165 -0.3603 -0.9255
vn 0.1166 0.6215 -0.7747
vn -0.1986 -0.8414 -0.5025
vn 0.0498 0.6487 -0.7594
vn -0.0598 -0.9978 -0.0292
vn -0.2384 -0.9652 0.1070
vn -0.0793 -0.9660 0.2459
vn -0.2049 -0.9264 0.3160
vn -0.2926 -0.9074 0.3014
vn -0.4053 -0.9106 0.0804
vn -0.4308 -0.8475 0.3099
vn -0.5362 -0.8334 0.1339
vn -0.4263 -0.7542 -0.4995
vn -0.3298 -0.8015 -0.4988
vn -0.1558 -0.2741 -0.9490
vn 0.2266 0.6087 -0.7603
vn 0.3424 0.5701 -0.7468
vn -0.3873 -0.3303 -0.8607
vn -0.4279 -0.5312 -0.7312
vn -0.6250 -0.7677 -0.1415
vn -0.6883 -0.6227 -0.3720
vn -0.7032 -0.6930 0.1592
vn -0.7917 -0.6048 0.0863
vn -0.7630 -0.4939 -0.4169
vn -0.7810 -0.5990 0.1765
vn -0.7846 -0.5293 0.3229
vn -0.6574 -0.6860 0.3117
vn -0.7263 -0.6772 0.1174
vn -0.7177 -0.5719 0.3971
vn -0.8009 -0.4656 0.3764
vn -0.8737 -0.4592 0.1606
vn -0.3231 -0.2279 0.9185
vn 0.5197 0.3652 0.7723
vn -0.2683 -0.2824 0.9210
vn -0.6429 -0.6611 0.3867
vn -0.2092 -0.3511 0.9127
vn -0.5351 -0.7454 0.3975
vn 0.4012 0.5111 0.7602
vn -0.6226 -0.7678 0.1511
vn -0.4968 -0.8561 0.1423
vn -0.5758 -0.7649 0.2887
vn -0.3856 -0.8264 0.4102
vn -0.3350 -0.9259 0.1744
vn -0.1841 -0.9768 0.1088
vn -0.2628 -0.8781 0.3997
vn -0.1116 -0.3592 0.9265
vn -0.1494 -0.8953 0.4196
vn -0.0361 -0.9235 0.3819
vn -0.0187 -0.3931 0.9193
vn -0.0879 -0.9799 0.1788
vn 0.0688 -0.9474 0.3126
vn 0.0234 -0.9901 0.1386
vn 0.2009 -0.9055 0.3737
vn 0.1597 -0.9778 0.1357
vn 0.2556 -0.9425 0.2151
vn 0.0963 -0.9890 0.1117
vn 0.2268 -0.9732 -0.0376
vn 0.3952 -0.9173 -0.0490
vn 0.4038 -0.8814 0.2452
vn 0.3135 -0.9254 0.2130
vn 0.5195 -0.8477 0.1072
vn 0.4684 -0.8130 0.3457
vn 0.4130 -0.9064 0.0879
vn 0.5417 -0.8308 0.1277
vn 0.1769 -0.8994 0.3996
vn 0.0708 -0.9053 0.4189
vn 0.1370 0.4207 0.8968
vn 0.4740 -0.1007 0.8747
vn 0.8146 0.3905 0.4288
vn -0.1818 0.8907 0.4166
vn 0.7387 -0.5146 0.4353
vn -0.0578 0.0266 0.9980
vn -0.9084 -0.0688 0.4123
vn -0.1241 -0.8948 0.4289
vn 0.7086 0.6566 0.2581
vn 0.5341 0.7636 0.3627
vn 0.7620 0.3209 0.5625
vn 0.4943 0.3549 0.7935
vn 0.3572 0.4044 0.8419
vn 0.2665 -0.0744 0.9609
vn -0.1769 -0.7992 0.5744
vn 0.6612 -0.4266 0.6171
vn -0.7361 -0.4639 0.4929
vn 0.1386 -0.4236 0.8952
vn -0.0793 0.5027 0.8608
vn 0.3517 0.4502 0.8207
vn 0.3706 -0.1083 0.9225
vn -0.6179 -0.0265 0.7858
vn -0.8581 0.3791 0.3463
vn -0.8223 0.5086 0.2552
vn -0.6388 0.3497 0.6854
vn -0.4743 0.6942 0.5414
vn -0.5140 0.5087 0.6907
vn 0.4882 0.2250 0.8432
vn -0.1994 -0.4059 0.8919
vn 0.4039 -0.3264 0.8546
vn -0.3879 0.6077 0.6930
vn -0.7193 0.6821 0.1317
vn 0.3346 0.2625 -0.9050
vn 0.0087 0.5164 0.8563
vn 0.3041 -0.3515 -0.8854
vn -0.2893 0.3009 -0.9087
vn -0.4586 0.1484 0.8762
vn -0.3087 -0.3161 -0.8971
vn 0.4319 -0.6323 -0.6432
vn 0.2413 -0.7488 -0.6172
vn 0.5128 -0.1119 -0.8511
vn 0.1030 -0.5091 -0.8545
vn 0.1107 -0.4439 0.8892
vn 0.4792 0.0486 0.8763
vn 0.3334 0.4279 -0.8401
vn -0.2005 0.5288 -0.8247
vn 0.1090 0.5205 0.8469
vn -0.4263 0.3420 0.8374
vn -0.1227 0.4294 0.8947
vn 0.4332 0.1668 0.8857
vn -0.0947 0.7452 0.6601
vn -0.4578 -0.2339 0.8577
vn -0.4122 -0.3731 -0.8312
vn -0.5481 0.1339 -0.8256
vn -0.0684 -0.6977 -0.7131
vn -0.0029 -0.3677 -0.9299
vn 0.4503 0.0394 -0.8920
vn 0.0516 0.4920 -0.8690
vn 0.1446 -0.3709 0.9173
vn -0.4041 -0.1139 0.9076
vn 0.0501 0.7288 0.6828
vn 0.0517 0.9677 0.2468
vn 0.1997 0.7034 0.6821
vn 0.2637 -0.3887 0.8828
vn 0.4477 0.1995 0.8716
vn -0.2381 0.9274 0.2883
vn -0.0336 0.4717 0.8811
vn 0.3266 0.9355 0.1345
vn 0.1070 0.9286 0.3552
vn 0.3811 0.6140 0.6912
vn 0.6460 0.7223 0.2469
vn 0.3213 0.4188 0.8493
vn 0.4600 0.8538 0.2435
vn 0.4107 0.6096 0.6780
vn 0.5105 0.5427 0.6670
vn -0.2871 -0.4276 0.8572
vn 0.3005 -0.4272 0.8527
vn 0.5174 -0.1097 -0.8487
vn 0.0257 -0.4641 -0.8854
vn 0.5174 0.1097 0.8487
vn -0.2909 -0.5380 -0.7911
vn -0.4462 -0.3185 -0.8363
vn -0.4489 -0.5798 -0.6799
vn -0.2936 -0.7179 -0.6312
vn -0.3538 0.3568 -0.8646
vn -0.4863 -0.2201 -0.8456
vn 0.2344 0.4578 -0.8575
vn -0.5185 0.1665 0.8387
vn -0.3496 -0.3795 0.8566
vn 0.0224 -0.5035 -0.8637
vn -0.4053 0.0773 -0.9109
vn -0.2674 -0.6523 -0.7092
vn -0.4388 -0.4634 -0.7698
vn -0.0648 -0.6251 -0.7778
vn 0.0629 0.7328 -0.6775
vn 0.3589 0.6344 -0.6846
vn 0.2139 0.6991 -0.6822
vn -0.1454 0.7512 -0.6438
vn 0.0728 -0.5584 -0.8263
vn 0.1966 0.6500 -0.7341
vn 0.0037 0.6741 -0.7386
vn -0.0515 -0.3695 -0.9278
vn 0.3360 0.5938 -0.7310
vn -0.1805 -0.3266 -0.9277
vn -0.2724 -0.2656 -0.9248
vn -0.5599 -0.7045 -0.4362
vn 0.4584 0.4971 -0.7367
vn -0.6818 -0.6133 -0.3987
vn -0.7509 -0.5152 -0.4130
vn -0.8268 -0.3491 -0.4411
vn -0.6015 -0.3350 -0.7252
vn -0.3656 -0.1993 -0.9091
vn -0.3533 -0.0522 -0.9340
vn -0.3612 -0.0398 -0.9316
vn -0.0237 -0.5228 -0.8521
vn 0.3287 0.6277 -0.7056
vn -0.4083 0.0359 0.9121
vn 0.0245 0.4498 0.8928
vn 0.0085 -0.3814 0.9244
vn 0.7694 0.0825 0.6334
vn 0.5062 0.5973 0.6220
vn 0.4488 0.0268 0.8932
vn 0.8868 0.1859 -0.4231
vn 0.1319 0.6081 0.7828
vn 0.3436 0.4882 0.8022
vn 0.3150 0.7351 0.6003
vn 0.0446 0.8896 0.4545
vn 0.0491 0.4837 0.8738
vn -0.4624 0.1481 0.8741
vn 0.2404 -0.4170 0.8765
vn -0.4839 -0.1195 -0.8669
vn -0.2473 0.4389 -0.8638
vn -0.6015 -0.1503 -0.7845
vn -0.6340 -0.3745 -0.6766
vn -0.2253 -0.4934 -0.8401
vn 0.3064 -0.4717 -0.8268
vn 0.5049 0.0403 -0.8622
vn 0.1707 -0.1759 0.9695
vn 0.4307 0.3346 0.8381
vn 0.3970 -0.2497 0.8831
vn -0.3857 -0.3815 0.8401
vn 0.2791 -0.7467 0.6037
vn 0.4833 -0.4557 0.7474
vn -0.0884 0.5233 0.8475
vn -0.3420 0.4263 -0.8374
vn -0.6565 0.0200 -0.7541
vn -0.4659 -0.1926 -0.8636
vn -0.7740 -0.2214 -0.5932
vn -0.6207 -0.0387 -0.7830
vn -0.5432 0.0732 -0.8364
vn 0.7011 -0.2621 -0.6631
vn 0.6307 0.4633 -0.6225
vn 0.7292 -0.0803 -0.6795
vn 0.4220 0.3332 -0.8431
vn -0.3104 0.6971 -0.6462
vn 0.6828 -0.0467 -0.7291
vn 0.6598 -0.1788 -0.7298
vn -0.3963 0.0602 -0.9161
vn -0.3532 0.1689 -0.9202
vn -0.3196 0.2669 -0.9092
vn -0.7570 0.5081 -0.4107
vn 0.5739 -0.3624 -0.7343
vn -0.8436 0.3629 -0.3958
vn 0.6158 -0.3941 -0.6822
vn 0.4816 -0.4834 -0.7310
vn 0.5145 -0.5163 -0.6846
vn -0.6324 0.6508 -0.4200
vn -0.5164 0.7536 -0.4066
vn -0.3764 0.8266 -0.4184
vn -0.2685 0.6344 -0.7248
vn -0.4770 -0.1425 -0.8672
vn -0.5061 0.1244 0.8534
vn -0.2002 -0.4118 0.8890
vn 0.7684 -0.2887 0.5712
vn 0.6806 -0.0617 0.7301
vn 0.3973 -0.4243 0.8137
vn -0.1463 -0.3925 0.9080
vn -0.3239 0.2640 0.9085
vn -0.5362 0.5480 0.6420
vn 0.5022 0.2924 0.8138
vn -0.0299 0.6034 0.7969
vn -0.0140 -0.9332 -0.3590
vn 0.6340 -0.0050 -0.7733
vn 0.8463 0.1918 -0.4969
vn 0.6568 0.3075 -0.6885
vn 0.5862 0.4792 -0.6532
vn 0.5746 0.3803 -0.7247
vn 0.4944 0.5417 -0.6797
vn -0.5798 -0.3396 -0.7406
vn -0.6836 -0.2626 -0.6809
vn -0.5270 -0.6204 -0.5808
vn -0.2521 0.2101 0.9446
vn -0.3113 -0.0195 0.9501
vn -0.5250 0.6897 0.4987
vn -0.0479 0.3173 0.9471
vn -0.1097 0.7473 0.6553
vn 0.1207 0.2940 0.9481
vn 0.5192 0.6530 0.5514
vn 0.2256 0.6032 -0.7650
vn 0.7572 0.3237 0.5672
vn -0.8424 -0.2506 -0.4770
vn -0.9039 -0.1119 -0.4128
vn -0.6532 -0.2160 -0.7256
vn 0.0409 -0.8852 -0.4635
vn 0.2097 -0.8918 -0.4010
vn -0.5079 0.8363 0.2064
vn -0.2676 0.6897 0.6727
vn 0.2289 0.9494 0.2149
vn 0.5091 0.1440 0.8485
vn -0.8761 -0.3926 0.2797
vn -0.8543 -0.4945 0.1601
vn -0.9005 -0.4339 -0.0282
vn 0.2353 0.8935 -0.3825
vn 0.3982 0.8354 -0.3789
vn 0.1721 0.3638 -0.9154
vn 0.3627 0.5878 -0.7231
vn 0.2713 0.6353 -0.7230
vn 0.2905 0.8668 -0.4051
vn -0.4071 0.0403 0.9124
vn -0.0594 -0.4629 0.8844
vn 0.3813 -0.2380 -0.8932
vn 0.2316 0.3553 -0.9056
vn 0.4641 0.2797 0.8404
vn 0.0081 0.5632 0.8263
vn 0.8958 0.1201 0.4278
vn 0.5099 -0.2497 0.8232
vn 0.2410 0.8699 0.4302
vn -0.6344 0.6375 0.4371
vn 0.0214 0.0081 0.9997
vn -0.8834 -0.1622 0.4395
vn -0.3687 -0.8193 0.4389
vn 0.5046 -0.7456 0.4352
vn -0.4587 0.3582 0.8132
vn -0.5627 0.8171 -0.1256
vn 0.1653 0.8149 0.5555
vn 0.2508 0.9637 -0.0920
vn -0.2274 0.5330 0.8149
vn 0.8171 0.5145 -0.2599
vn -0.5394 0.6392 -0.5481
vn -0.4592 0.3994 0.7934
vn -0.4310 -0.1149 0.8950
vn -0.2913 0.4095 0.8645
vn -0.4414 -0.0907 0.8927
vn -0.3544 -0.0936 0.9304
vn -0.2856 -0.1014 0.9530
vn -0.2648 -0.0924 0.9598
vn -0.1522 -0.1818 0.9715
vn -0.1205 -0.0928 0.9883
vn -0.1533 0.3803 0.9120
vn -0.1940 -0.0856 0.9772
vn -0.0996 -0.0968 0.9903
vn -0.0382 -0.1871 0.9816
vn 0.0057 -0.1014 0.9948
vn 0.0284 -0.1031 0.9943
vn 0.1042 -0.0977 0.9897
vn 0.1095 0.3819 0.9177
vn -0.0181 0.4118 0.9111
vn 0.1396 -0.0996 0.9852
vn 0.0436 0.9211 0.3868
vn 0.1223 0.9492 -0.2900
vn -0.2702 0.9623 0.0316
vn -0.0568 0.5220 -0.8510
vn -0.6665 0.6420 0.3788
vn 0.7986 0.5112 0.3174
vn 0.1948 -0.0970 0.9760
vn 0.2490 -0.1008 0.9632
vn 0.2778 -0.0963 0.9558
vn 0.1636 -0.4456 0.8801
vn 0.0693 -0.4452 0.8927
vn -0.0098 -0.5114 0.8592
vn -0.0614 -0.4930 0.8678
vn -0.1521 -0.4137 0.8976
vn -0.2434 -0.4510 0.8587
vn -0.2935 -0.4653 0.8351
vn -0.3856 -0.4245 0.8192
vn -0.8619 0.5044 0.0516
vn -0.4774 0.3295 -0.8146
vn -0.5913 0.2829 -0.7552
vn -0.3683 0.4361 -0.8211
vn 0.2400 0.4427 -0.8639
vn 0.3095 0.3938 -0.8655
vn 0.2324 -0.4363 -0.8693
vn 0.3421 -0.0272 -0.9393
vn 0.4136 0.3888 -0.8232
vn 0.4614 0.0624 -0.8849
vn 0.5038 -0.3661 -0.7824
vn 0.4638 0.3603 -0.8094
vn 0.8608 -0.2797 0.4252
vn 0.6302 0.6456 0.4313
vn 0.0190 -0.0117 0.9997
vn -0.2131 0.8742 0.4362
vn -0.8400 0.3186 0.4392
vn -0.7392 -0.5103 0.4394
vn 0.0828 -0.8985 0.4311
vn -0.3236 -0.4509 0.8318
vn -0.1632 0.5127 0.8429
vn 0.2678 -0.1385 0.9535
vn -0.2224 -0.8624 -0.4548
vn 0.0369 -0.6823 -0.7301
vn -0.0143 -0.6098 -0.7924
vn -0.2241 -0.7090 -0.6686
vn -0.3259 -0.4859 -0.8110
vn -0.1588 -0.7032 -0.6930
vn 0.0334 -0.8867 -0.4611
vn 0.0251 -0.9526 -0.3032
vn -0.1098 -0.7069 -0.6987
vn 0.0285 -0.8554 -0.5171
vn 0.2877 -0.6192 -0.7306
vn 0.2193 -0.8826 -0.4158
vn -0.1194 -0.9910 -0.0607
vn -0.1463 -0.9891 -0.0167
vn 0.0590 -0.3805 -0.9229
vn 0.0139 -0.8433 -0.5372
vn -0.0551 -0.7132 -0.6988
vn -0.0002 -0.8412 -0.5407
vn -0.0726 -0.3314 -0.9407
vn 0.6514 0.7534 -0.0900
vn -0.1883 -0.7841 -0.5914
usemtl motoman_scan_mat
s 1
f 1/1/1 5/2/2 2/3/3
f 1/4/1 2/5/3 3/6/4
f 3/6/4 4/7/5 1/4/1
f 5/8/2 1/9/1 4/10/5
f 5/11/2 12/12/6 2/13/3
f 4/14/5 6/15/7 5/16/2
f 11/17/8 5/11/2 6/18/7
f 5/11/2 13/19/9 7/20/10
f 5/11/2 7/20/10 9/21/11
f 10/22/12 5/11/2 8/23/13
f 9/21/11 8/23/13 5/11/2
f 10/22/12 12/12/6 5/11/2
f 5/11/2 11/17/8 15/24/14
f 13/19/9 5/11/2 14/25/15
f 5/11/2 15/24/14 14/25/15
f 17/26/16 15/27/14 11/28/8
f 15/27/14 17/26/16 16/29/17
f 16/29/17 18/30/18 15/27/14
f 15/27/14 18/30/18 19/31/19
f 19/32/19 14/25/15 15/24/14
f 20/33/20 19/34/19 18/35/18
f 20/33/20 21/36/21 19/34/19
f 14/37/15 19/38/19 21/39/21
f 21/40/21 20/41/20 14/42/15
f 18/43/18 22/44/22 20/45/20
f 22/44/22 23/46/23 20/45/20
f 23/46/23 24/47/24 20/45/20
f 24/47/24 14/25/15 20/45/20
f 23/46/23 25/48/25 24/47/24
f 26/49/26 13/50/9 24/51/24
f 24/47/24 13/19/9 14/25/15
f 27/52/27 24/51/24 25/53/25
f 24/51/24 27/52/27 26/49/26
f 26/54/26 27/55/27 32/56/28
f 27/55/27 28/57/29 30/58/30
f 25/53/25 28/59/29 27/52/27
f 27/55/27 29/60/23 31/61/31
f 29/60/23 27/55/27 30/58/30
f 31/61/31 32/56/28 27/55/27
f 33/62/32 32/63/28 34/64/33
f 26/54/26 32/56/28 33/65/32
f 32/66/28 31/67/31 34/68/33
f 31/69/31 33/70/32 34/71/33
f 35/72/23 26/54/26 33/65/32
f 35/72/23 33/65/32 31/61/31
f 29/60/23 35/72/23 31/61/31
f 35/72/23 29/60/23 36/73/34
f 36/73/34 39/74/35 35/72/23
f 35/72/23 38/75/36 37/76/37
f 26/54/26 35/72/23 37/76/37
f 38/75/36 35/72/23 40/77/23
f 40/77/23 35/72/23 39/74/35
f 40/77/23 41/78/38 47/79/39
f 41/78/38 40/77/23 43/80/40
f 40/77/23 42/81/23 46/82/41
f 42/81/23 40/77/23 44/83/42
f 39/74/35 44/83/42 40/77/23
f 40/77/23 45/84/43 43/80/40
f 40/77/23 46/82/41 45/84/43
f 40/77/23 47/79/39 38/75/36
f 48/85/44 47/86/39 37/87/37
f 37/76/37 47/79/39 41/78/38
f 48/88/44 38/89/36 47/90/39
f 48/91/44 37/92/37 38/93/36
f 49/94/45 46/82/41 42/81/23
f 45/95/43 46/96/41 50/97/46
f 46/98/41 49/99/45 50/100/46
f 49/101/45 45/102/43 50/103/46
f 49/94/45 42/81/23 45/84/43
f 43/80/40 45/84/43 42/81/23
f 42/81/23 44/83/42 51/104/47
f 52/105/48 44/106/42 39/107/35
f 53/108/49 51/109/47 44/110/42
f 44/83/42 52/111/48 53/112/49
f 53/112/49 52/111/48 55/113/50
f 54/114/51 53/112/49 56/115/52
f 51/104/47 53/112/49 54/114/51
f 55/113/50 56/115/52 53/112/49
f 56/115/52 57/116/53 54/114/51
f 58/117/54 57/118/53 56/119/52
f 56/119/52 59/120/55 58/117/54
f 59/120/55 56/119/52 55/121/50
f 58/122/54 59/123/55 61/124/56
f 55/121/50 60/125/57 59/120/55
f 59/123/55 60/126/57 61/124/56
f 61/127/56 62/128/58 66/129/59
f 62/130/58 61/124/56 60/126/57
f 63/131/60 61/127/56 64/132/61
f 61/124/56 63/133/60 58/122/54
f 65/134/62 64/132/61 61/127/56
f 66/129/59 65/134/62 61/127/56
f 67/135/63 66/129/59 62/128/58
f 69/136/64 65/137/62 66/138/59
f 66/138/59 67/139/63 68/140/65
f 68/140/65 71/141/66 66/138/59
f 70/142/67 69/136/64 66/138/59
f 71/141/66 70/142/67 66/138/59
f 73/143/68 70/144/67 71/145/66
f 74/146/69 72/147/70 71/145/66
f 71/145/66 72/147/70 73/143/68
f 71/145/66 68/148/65 74/146/69
f 74/149/69 75/150/71 76/151/72
f 68/148/65 75/152/71 74/146/69
f 72/147/70 74/146/69 76/153/72
f 77/154/73 76/155/72 80/156/74
f 76/153/72 77/157/73 72/147/70
f 78/158/75 76/151/72 75/150/71
f 76/155/72 78/159/75 79/160/76
f 79/160/76 81/161/77 76/155/72
f 76/155/72 81/161/77 80/156/74
f 83/162/78 80/156/74 81/161/77
f 82/163/79 81/164/77 79/165/76
f 81/161/77 82/166/79 83/162/78
f 80/156/74 83/162/78 84/167/80
f 86/168/81 83/162/78 82/166/79
f 84/167/80 83/162/78 85/169/82
f 83/162/78 88/170/83 85/169/82
f 86/168/81 87/171/84 83/162/78
f 87/171/84 89/172/85 83/162/78
f 89/172/85 88/170/83 83/162/78
f 90/173/86 89/172/85 87/171/84
f 91/174/87 88/170/83 89/172/85
f 89/172/85 90/173/86 91/174/87
f 91/174/87 90/173/86 93/175/88
f 92/176/89 91/174/87 93/175/88
f 88/170/83 91/174/87 92/176/89
f 94/177/90 95/178/91 93/175/88
f 94/177/90 93/175/88 97/179/92
f 95/178/91 96/180/93 93/175/88
f 93/175/88 96/180/93 92/176/89
f 97/179/92 93/175/88 90/173/86
f 90/173/86 98/181/94 97/179/92
f 99/182/95 97/179/92 98/181/94
f 100/183/96 97/179/92 99/182/95
f 97/179/92 100/183/96 94/177/90
f 102/184/97 100/183/96 101/185/98
f 99/186/95 101/187/98 100/188/96
f 102/184/97 94/177/90 100/183/96
f 104/189/99 102/184/97 101/185/98
f 108/190/100 103/191/97 102/184/97
f 102/184/97 103/191/97 94/177/90
f 104/189/99 106/192/101 102/184/97
f 102/184/97 109/193/102 105/194/103
f 105/194/103 108/190/100 102/184/97
f 106/192/101 107/195/104 102/184/97
f 102/184/97 107/195/104 110/196/105
f 110/196/105 109/193/102 102/184/97
f 111/197/106 109/198/102 110/199/105
f 110/199/105 112/200/107 111/197/106
f 112/200/107 110/199/105 107/201/104
f 114/202/23 111/203/106 112/204/107
f 107/201/104 113/205/108 112/200/107
f 112/204/107 113/206/108 114/202/23
f 116/207/23 114/202/23 115/208/109
f 121/209/110 115/208/109 114/202/23
f 17/210/16 114/202/23 118/211/111
f 114/202/23 17/210/16 117/212/112
f 114/202/23 116/207/23 120/213/113
f 117/212/112 121/209/110 114/202/23
f 114/202/23 113/206/108 118/211/111
f 111/203/106 114/202/23 119/214/114
f 114/202/23 120/213/113 119/214/114
f 115/215/109 121/216/110 122/217/115
f 122/217/115 121/216/110 117/218/112
f 117/218/112 11/219/8 122/217/115
f 122/220/115 11/17/8 6/18/7
f 122/217/115 123/221/116 115/215/109
f 123/222/116 122/220/115 3/223/4
f 6/18/7 3/223/4 122/220/115
f 124/224/117 123/222/116 3/223/4
f 115/215/109 123/221/116 124/225/117
f 125/226/118 124/225/117 12/227/6
f 12/12/6 124/224/117 2/13/3
f 3/223/4 2/13/3 124/224/117
f 124/225/117 125/226/118 115/215/109
f 116/207/23 115/208/109 125/228/118
f 12/227/6 126/229/119 125/226/118
f 126/230/119 116/207/23 125/228/118
f 126/230/119 127/231/120 128/232/121
f 10/233/12 127/234/120 126/229/119
f 126/229/119 12/227/6 10/233/12
f 128/232/121 116/207/23 126/230/119
f 127/231/120 129/235/122 128/232/121
f 132/236/123 128/232/121 129/235/122
f 130/237/124 128/238/121 133/239/125
f 128/232/121 130/240/124 116/207/23
f 131/241/126 133/242/125 128/243/121
f 128/243/121 132/244/123 131/241/126
f 133/245/125 134/246/101 137/247/127
f 136/248/128 134/249/101 133/242/125
f 133/242/125 131/241/126 135/250/129
f 135/250/129 138/251/130 133/242/125
f 133/242/125 103/191/97 136/248/128
f 137/252/127 130/253/124 133/254/125
f 133/242/125 138/251/130 103/191/97
f 138/251/130 139/255/131 96/180/93
f 96/180/93 95/178/91 138/251/130
f 139/255/131 138/251/130 135/250/129
f 95/178/91 103/191/97 138/251/130
f 141/256/132 140/257/133 139/255/131
f 140/257/133 143/258/134 139/255/131
f 139/255/131 142/259/135 141/256/132
f 96/180/93 139/255/131 143/258/134
f 135/250/129 142/259/135 139/255/131
f 143/258/134 145/260/136 144/261/137
f 146/262/138 143/258/134 144/261/137
f 143/258/134 140/257/133 145/260/136
f 143/258/134 146/262/138 96/180/93
f 146/262/138 144/261/137 85/169/82
f 146/262/138 92/176/89 96/180/93
f 85/169/82 92/176/89 146/262/138
f 144/261/137 145/260/136 84/167/80
f 140/257/133 147/263/139 145/260/136
f 84/167/80 145/260/136 147/263/139
f 140/257/133 141/256/132 147/263/139
f 148/264/140 147/263/139 141/256/132
f 147/263/139 148/264/140 84/167/80
f 141/256/132 149/265/141 148/264/140
f 150/266/142 148/264/140 149/265/141
f 148/264/140 150/266/142 84/167/80
f 151/267/143 150/266/142 152/268/144
f 150/266/142 151/267/143 153/269/145
f 149/265/141 152/268/144 150/266/142
f 153/269/145 84/167/80 150/266/142
f 158/270/146 84/167/80 153/269/145
f 153/269/145 151/267/143 156/271/147
f 155/272/148 154/273/149 153/269/145
f 157/274/150 153/269/145 154/273/149
f 156/271/147 155/272/148 153/269/145
f 159/275/151 153/269/145 157/274/150
f 153/269/145 159/275/151 158/270/146
f 159/275/151 162/276/152 160/277/153
f 160/277/153 161/278/154 159/275/151
f 158/270/146 159/275/151 161/278/154
f 157/279/150 162/280/152 159/281/151
f 164/282/155 163/283/156 162/280/152
f 162/276/152 163/284/156 165/285/157
f 162/280/152 157/279/150 164/282/155
f 165/285/157 160/277/153 162/276/152
f 166/286/158 167/287/159 165/288/157
f 165/288/157 169/289/160 166/286/158
f 167/287/159 168/290/161 165/288/157
f 160/291/153 165/288/157 168/290/161
f 169/292/160 165/285/157 163/284/156
f 170/293/162 169/292/160 163/284/156
f 169/289/160 170/294/162 171/295/163
f 171/295/163 172/296/164 169/289/160
f 172/296/164 166/286/158 169/289/160
f 173/297/165 172/296/164 171/295/163
f 174/298/166 166/286/158 172/296/164
f 172/296/164 173/297/165 174/298/166
f 176/299/167 174/300/166 175/301/168
f 174/300/166 173/302/165 175/301/168
f 167/287/159 166/286/158 174/298/166
f 174/298/166 176/303/167 167/287/159
f 177/304/169 178/305/170 176/299/167
f 176/299/167 175/301/168 177/304/169
f 168/290/161 176/303/167 178/306/170
f 168/290/161 167/287/159 176/303/167
f 179/307/171 178/305/170 177/304/169
f 180/308/172 178/306/170 179/309/171
f 178/306/170 180/308/172 168/290/161
f 168/290/161 180/308/172 160/291/153
f 180/308/172 181/310/173 160/291/153
f 179/309/171 181/310/173 180/308/172
f 182/311/174 181/310/173 179/309/171
f 181/310/173 182/311/174 160/291/153
f 179/309/171 183/312/175 182/311/174
f 183/313/175 184/314/176 182/315/174
f 161/316/154 160/291/153 182/311/174
f 182/315/174 184/314/176 161/317/154
f 185/318/177 184/314/176 183/313/175
f 184/314/176 185/318/177 161/317/154
f 183/313/175 188/319/178 185/318/177
f 185/318/177 186/320/179 187/321/180
f 186/320/179 185/318/177 188/319/178
f 187/321/180 161/317/154 185/318/177
f 189/322/181 188/323/178 64/324/61
f 64/324/61 188/323/178 183/325/175
f 188/319/178 189/326/181 186/320/179
f 191/327/182 189/326/181 190/328/183
f 190/329/183 189/322/181 65/137/62
f 191/327/182 186/320/179 189/326/181
f 64/324/61 65/137/62 189/322/181
f 190/328/183 192/330/184 191/327/182
f 186/320/179 191/327/182 193/331/185
f 191/327/182 192/330/184 193/331/185
f 193/332/185 194/333/186 80/156/74
f 194/334/186 193/331/185 192/330/184
f 80/156/74 158/270/146 193/332/185
f 158/270/146 187/335/180 193/332/185
f 193/331/185 187/321/180 186/320/179
f 194/333/186 77/154/73 80/156/74
f 77/157/73 194/334/186 196/336/187
f 192/330/184 195/337/188 194/334/186
f 195/337/188 196/336/187 194/334/186
f 70/144/67 73/143/68 196/336/187
f 196/336/187 69/338/64 70/144/67
f 196/336/187 195/337/188 69/338/64
f 196/336/187 73/143/68 77/157/73
f 69/338/64 195/337/188 192/330/184
f 192/330/184 190/328/183 69/338/64
f 69/136/64 190/329/183 65/137/62
f 161/278/154 187/335/180 158/270/146
f 183/325/175 179/307/171 177/304/169
f 183/325/175 177/304/169 64/324/61
f 197/339/189 63/340/60 177/341/169
f 177/341/169 175/342/168 197/339/189
f 64/132/61 177/343/169 63/131/60
f 63/133/60 197/344/189 200/345/190
f 201/346/191 197/339/189 175/342/168
f 198/347/192 199/348/193 197/344/189
f 197/344/189 201/349/191 198/347/192
f 199/348/193 200/345/190 197/344/189
f 202/350/194 198/347/192 201/349/191
f 205/351/195 202/350/194 201/349/191
f 203/352/196 201/353/191 204/354/197
f 201/349/191 203/355/196 205/351/195
f 175/342/168 204/356/197 201/346/191
f 205/357/195 206/358/198 207/359/199
f 206/360/198 205/361/195 208/362/200
f 207/359/199 202/363/194 205/357/195
f 208/364/200 205/351/195 203/355/196
f 208/362/200 209/365/201 206/360/198
f 209/365/201 208/362/200 210/366/202
f 210/367/202 208/364/200 203/355/196
f 210/366/202 211/368/203 209/365/201
f 210/366/202 214/369/204 211/368/203
f 213/370/205 212/371/206 210/367/202
f 214/369/204 210/366/202 212/372/206
f 203/355/196 213/370/205 210/367/202
f 211/373/203 214/374/204 215/375/207
f 214/374/204 216/376/208 215/375/207
f 212/372/206 216/377/208 214/369/204
f 219/378/209 217/379/210 216/377/208
f 216/376/208 217/380/210 218/381/211
f 218/381/211 215/375/207 216/376/208
f 216/377/208 220/382/212 219/378/209
f 216/377/208 212/372/206 220/382/212
f 219/383/209 220/384/212 213/370/205
f 220/384/212 212/371/206 213/370/205
f 221/385/213 219/383/209 222/386/214
f 217/387/210 219/388/209 221/389/213
f 213/370/205 222/386/214 219/383/209
f 223/390/215 221/385/213 222/386/214
f 222/386/214 224/391/216 223/390/215
f 224/392/216 222/393/214 226/394/217
f 222/395/214 213/396/205 225/397/218
f 225/398/218 226/394/217 222/393/214
f 228/399/219 227/400/220 226/401/217
f 226/394/217 227/402/220 224/392/216
f 230/403/221 228/399/219 226/401/217
f 229/404/222 226/401/217 225/405/218
f 229/404/222 231/406/223 226/401/217
f 231/406/223 230/403/221 226/401/217
f 231/407/223 229/408/222 233/409/224
f 230/410/221 231/407/223 234/411/225
f 233/409/224 232/412/226 231/407/223
f 231/407/223 232/412/226 234/411/225
f 234/411/225 232/412/226 236/413/227
f 236/413/227 235/414/228 234/411/225
f 237/415/229 234/411/225 235/414/228
f 234/411/225 237/415/229 230/410/221
f 230/410/221 237/415/229 238/416/230
f 238/416/230 237/415/229 235/414/228
f 238/416/230 228/417/219 230/410/221
f 228/417/219 238/416/230 239/418/231
f 239/418/231 238/416/230 240/419/232
f 235/414/228 240/419/232 238/416/230
f 78/159/75 240/420/232 79/160/76
f 240/419/232 78/158/75 241/421/233
f 241/421/233 239/418/231 240/419/232
f 240/420/232 235/422/228 242/423/234
f 242/423/234 79/160/76 240/420/232
f 245/424/235 79/165/76 242/425/234
f 244/426/236 242/425/234 243/427/237
f 243/428/237 242/423/234 236/429/227
f 242/425/234 244/426/236 245/424/235
f 235/422/228 236/429/227 242/423/234
f 245/430/235 244/431/236 246/432/238
f 246/432/238 250/433/239 245/430/235
f 248/434/240 247/435/241 245/430/235
f 251/436/242 245/430/235 247/435/241
f 249/437/243 248/434/240 245/430/235
f 245/430/235 250/433/239 249/437/243
f 79/165/76 245/424/235 251/438/242
f 252/439/244 82/166/79 251/436/242
f 79/165/76 251/438/242 82/163/79
f 251/436/242 253/440/245 252/439/244
f 254/441/246 253/440/245 251/436/242
f 255/442/247 254/441/246 251/436/242
f 251/436/242 256/443/248 255/442/247
f 247/435/241 256/443/248 251/436/242
f 258/444/249 255/445/247 256/446/248
f 257/447/250 256/446/248 247/448/241
f 256/446/248 257/447/250 258/444/249
f 258/444/249 257/447/250 259/449/251
f 255/445/247 258/444/249 261/450/252
f 259/449/251 260/451/253 258/444/249
f 261/450/252 258/444/249 260/451/253
f 254/452/246 261/450/252 262/453/254
f 261/450/252 254/452/246 255/445/247
f 262/453/254 261/450/252 260/451/253
f 253/454/245 262/453/254 263/455/255
f 262/453/254 253/454/245 254/452/246
f 263/455/255 262/453/254 264/456/256
f 260/451/253 264/456/256 262/453/254
f 266/457/257 264/456/256 260/451/253
f 101/187/98 265/458/258 264/456/256
f 264/456/256 265/458/258 267/459/259
f 264/456/256 266/457/257 101/187/98
f 267/459/259 263/455/255 264/456/256
f 252/460/244 263/455/255 267/459/259
f 267/459/259 268/461/260 252/460/244
f 269/462/261 267/459/259 265/458/258
f 268/461/260 267/459/259 269/462/261
f 270/463/262 269/464/261 99/182/95
f 271/465/263 269/464/261 270/463/262
f 265/458/258 99/186/95 269/462/261
f 269/462/261 271/466/263 268/461/260
f 270/463/262 86/168/81 271/465/263
f 82/166/79 271/465/263 86/168/81
f 268/467/260 271/465/263 82/166/79
f 98/181/94 270/463/262 99/182/95
f 86/168/81 270/463/262 98/181/94
f 252/439/244 268/467/260 82/166/79
f 272/468/264 274/469/97 266/470/257
f 272/471/264 266/457/257 260/451/253
f 101/185/98 266/470/257 273/472/265
f 274/469/97 273/472/265 266/470/257
f 277/473/266 274/469/97 272/468/264
f 273/472/265 274/469/97 275/474/267
f 274/469/97 276/475/268 275/474/267
f 276/475/268 274/469/97 277/473/266
f 278/476/269 277/473/266 272/468/264
f 278/476/269 279/477/270 277/473/266
f 280/478/271 277/473/266 279/477/270
f 281/479/272 277/480/266 280/481/271
f 276/482/268 277/480/266 281/479/272
f 281/483/272 282/484/23 283/485/273
f 282/484/23 281/483/272 284/486/274
f 281/479/272 283/487/273 276/482/268
f 280/481/271 285/488/275 281/479/272
f 286/489/276 284/486/274 281/483/272
f 281/483/272 285/490/275 286/489/276
f 288/491/277 286/489/276 285/490/275
f 284/492/274 286/493/276 279/494/270
f 287/495/278 279/494/270 286/493/276
f 286/496/276 288/497/277 287/498/278
f 285/490/275 291/499/23 288/491/277
f 288/491/277 291/499/23 289/500/279
f 289/500/279 290/501/280 288/491/277
f 288/497/277 290/502/280 292/503/281
f 292/503/281 287/498/278 288/497/277
f 293/504/282 292/505/281 290/506/280
f 295/507/283 292/503/281 293/508/282
f 294/509/97 292/503/281 295/507/283
f 294/509/97 287/498/278 292/503/281
f 295/510/283 297/511/284 296/512/285
f 296/512/285 298/513/286 295/510/283
f 297/511/284 295/510/283 299/514/287
f 295/507/283 298/515/286 294/509/97
f 299/516/287 295/507/283 293/508/282
f 272/468/264 299/516/287 293/508/282
f 259/449/251 299/514/287 272/471/264
f 299/514/287 259/449/251 297/511/284
f 298/513/286 296/512/285 301/517/288
f 298/515/286 300/518/289 294/509/97
f 301/517/288 300/519/289 298/513/286
f 305/520/290 301/517/288 302/521/291
f 303/522/292 302/521/291 301/517/288
f 304/523/293 303/522/292 301/517/288
f 301/517/288 296/512/285 304/523/293
f 300/519/289 301/517/288 305/520/290
f 308/524/294 305/520/290 306/525/295
f 307/526/296 306/525/295 305/520/290
f 302/521/291 307/526/296 305/520/290
f 309/527/297 305/520/290 308/524/294
f 305/520/290 309/527/297 310/528/298
f 305/520/290 310/528/298 300/519/289
f 311/529/97 310/530/298 309/531/297
f 294/509/97 300/518/289 310/530/298
f 310/530/298 311/529/97 294/509/97
f 314/532/299 311/529/97 312/533/300
f 311/529/97 309/531/297 312/533/300
f 311/529/97 313/534/301 317/535/302
f 313/534/301 311/529/97 314/532/299
f 315/536/303 318/537/304 311/529/97
f 315/536/303 311/529/97 316/538/305
f 311/529/97 317/535/302 316/538/305
f 318/537/304 294/509/97 311/529/97
f 318/539/304 315/540/303 319/541/306
f 319/541/306 322/542/307 318/539/304
f 322/543/307 320/544/308 318/545/304
f 321/546/309 318/545/304 320/544/308
f 318/537/304 321/547/309 294/509/97
f 320/548/308 322/549/307 291/499/23
f 323/550/23 291/499/23 322/549/307
f 323/550/23 322/549/307 319/551/306
f 329/552/310 324/553/311 323/550/23
f 324/553/311 325/554/312 323/550/23
f 325/554/312 326/555/313 323/550/23
f 323/550/23 326/555/313 327/556/314
f 327/556/314 291/499/23 323/550/23
f 331/557/315 323/550/23 319/551/306
f 328/558/316 323/550/23 330/559/317
f 323/550/23 328/558/316 329/552/310
f 333/560/318 330/559/317 323/550/23
f 331/557/315 332/561/319 323/550/23
f 323/550/23 332/561/319 333/560/318
f 313/562/301 330/563/317 333/564/318
f 313/562/301 333/564/318 332/565/319
f 317/566/302 332/567/319 331/568/315
f 332/565/319 317/569/302 313/562/301
f 319/551/306 334/570/320 331/557/315
f 335/571/321 331/557/315 334/570/320
f 316/572/305 331/568/315 335/573/321
f 331/568/315 316/572/305 317/566/302
f 335/571/321 334/570/320 336/574/322
f 335/571/321 336/574/322 320/548/308
f 337/575/323 335/571/321 320/548/308
f 338/576/324 335/573/321 337/577/323
f 335/573/321 338/576/324 316/572/305
f 337/577/323 339/578/325 338/576/324
f 338/579/324 339/580/325 321/547/309
f 321/547/309 340/581/326 338/579/324
f 340/581/326 315/536/303 338/579/324
f 316/538/305 338/579/324 315/536/303
f 320/582/308 336/583/322 340/584/326
f 315/536/303 340/581/326 336/585/322
f 340/584/326 321/586/309 320/582/308
f 342/587/327 341/588/328 339/578/325
f 294/509/97 339/580/325 341/589/328
f 339/580/325 294/509/97 321/547/309
f 339/578/325 337/577/323 342/587/327
f 341/588/328 342/587/327 285/488/275
f 291/499/23 285/490/275 342/590/327
f 342/590/327 337/575/323 291/499/23
f 285/488/275 280/481/271 341/588/328
f 294/509/97 341/589/328 280/478/271
f 291/499/23 337/575/323 320/548/308
f 336/585/322 334/591/320 315/536/303
f 334/591/320 319/592/306 315/536/303
f 343/593/329 346/594/330 330/559/317
f 330/559/317 344/595/331 343/593/329
f 330/559/317 346/594/330 328/558/316
f 345/596/332 344/597/331 330/563/317
f 330/563/317 313/562/301 345/596/332
f 346/598/330 343/599/329 347/600/333
f 328/601/316 346/602/330 347/603/333
f 348/604/334 347/600/333 343/599/329
f 347/600/333 314/532/299 328/605/316
f 345/606/332 347/600/333 348/604/334
f 345/606/332 313/534/301 347/600/333
f 314/532/299 347/600/333 313/534/301
f 343/607/329 352/608/335 348/609/334
f 348/604/334 349/610/336 353/611/97
f 350/612/337 349/610/336 348/604/334
f 348/604/334 351/613/338 350/612/337
f 348/604/334 353/611/97 345/606/332
f 351/614/338 348/609/334 352/608/335
f 353/611/97 349/610/336 354/615/339
f 355/616/340 353/611/97 354/615/339
f 357/617/341 353/611/97 355/616/340
f 353/611/97 356/618/342 345/606/332
f 356/618/342 353/611/97 357/617/341
f 359/619/343 357/620/341 358/621/344
f 358/622/344 357/617/341 355/616/340
f 356/623/342 357/620/341 359/619/343
f 364/624/345 360/625/23 359/626/343
f 359/626/343 360/625/23 361/627/346
f 359/619/343 361/628/346 356/623/342
f 359/626/343 362/629/347 364/624/345
f 359/626/343 363/630/348 362/629/347
f 358/621/344 363/631/348 359/619/343
f 369/632/349 365/633/350 364/624/345
f 365/633/350 360/625/23 364/624/345
f 355/634/340 366/635/351 364/636/345
f 367/637/352 364/638/345 366/639/351
f 364/636/345 362/640/347 355/634/340
f 364/624/345 367/641/352 368/642/353
f 368/642/353 369/632/349 364/624/345
f 369/643/349 370/644/354 371/645/355
f 370/644/354 369/643/349 368/646/353
f 371/645/355 365/647/350 369/643/349
f 374/648/23 371/649/355 372/650/356
f 371/649/355 370/651/354 372/650/356
f 365/647/350 371/645/355 373/652/357
f 373/653/357 371/649/355 374/648/23
f 375/654/358 374/648/23 372/650/356
f 374/648/23 375/654/358 376/655/359
f 373/653/357 374/648/23 377/656/360
f 374/648/23 376/655/359 377/656/360
f 377/656/360 379/657/361 373/653/357
f 377/658/360 378/659/362 381/660/363
f 378/661/362 377/656/360 382/662/364
f 376/655/359 382/662/364 377/656/360
f 379/663/361 377/664/360 380/665/365
f 381/666/363 380/665/365 377/664/360
f 383/667/366 382/668/364 376/669/359
f 382/668/364 383/667/366 385/670/367
f 385/670/367 384/671/368 382/668/364
f 382/662/364 384/672/368 378/661/362
f 386/673/369 385/674/367 389/675/370
f 384/676/368 385/677/367 386/678/369
f 385/674/367 388/679/23 387/680/371
f 385/674/367 387/680/371 389/675/370
f 385/674/367 383/681/366 388/679/23
f 390/682/372 389/683/370 391/684/373
f 389/675/370 390/685/372 386/673/369
f 389/686/370 387/687/371 391/688/373
f 387/689/371 390/690/372 391/691/373
f 390/685/372 387/680/371 392/692/374
f 392/692/374 386/673/369 390/685/372
f 392/692/374 29/60/23 395/693/375
f 392/692/374 36/73/34 29/60/23
f 396/694/376 36/73/34 392/692/374
f 218/695/211 392/696/374 393/697/377
f 388/679/23 393/698/377 392/692/374
f 388/679/23 392/692/374 387/680/371
f 394/699/378 28/57/29 392/692/374
f 395/693/375 394/699/378 392/692/374
f 392/692/374 218/381/211 396/694/376
f 392/692/374 28/57/29 386/673/369
f 36/73/34 396/694/376 397/700/379
f 397/700/379 396/694/376 399/701/380
f 396/694/376 218/381/211 398/702/381
f 398/702/381 400/703/382 396/694/376
f 400/703/382 399/701/380 396/694/376
f 401/704/383 399/705/380 400/706/382
f 223/707/215 400/706/382 398/708/381
f 400/706/382 223/707/215 401/704/383
f 399/705/380 401/704/383 402/709/384
f 402/710/384 401/711/383 224/391/216
f 401/711/383 223/390/215 224/391/216
f 402/709/384 403/712/385 399/705/380
f 403/712/385 402/709/384 404/713/386
f 404/714/386 402/710/384 224/391/216
f 404/713/386 405/715/387 403/712/385
f 405/715/387 404/713/386 406/716/388
f 406/717/388 404/714/386 407/718/389
f 224/391/216 407/718/389 404/714/386
f 62/128/58 407/719/389 67/135/63
f 407/718/389 62/130/58 406/717/388
f 407/720/389 224/392/216 227/402/220
f 227/402/220 67/721/63 407/720/389
f 406/722/388 409/723/390 405/724/387
f 408/725/391 406/717/388 62/130/58
f 406/722/388 408/726/391 409/723/390
f 405/727/387 409/728/390 410/729/392
f 52/111/48 410/729/392 409/728/390
f 409/728/390 411/730/393 52/111/48
f 408/726/391 411/731/393 409/723/390
f 411/730/393 55/113/50 52/111/48
f 411/731/393 408/726/391 60/125/57
f 60/125/57 55/121/50 411/731/393
f 410/732/392 52/105/48 39/107/35
f 410/729/392 397/700/379 405/727/387
f 39/733/35 397/734/379 410/735/392
f 60/126/57 408/725/391 62/130/58
f 403/736/385 405/727/387 397/700/379
f 399/701/380 403/736/385 397/700/379
f 221/389/213 398/708/381 217/387/210
f 217/380/210 398/702/381 218/381/211
f 398/708/381 221/389/213 223/707/215
f 397/734/379 39/733/35 36/737/34
f 30/58/30 395/693/375 29/60/23
f 412/738/394 394/739/378 395/740/375
f 412/741/394 395/742/375 30/743/30
f 412/744/394 30/745/30 394/746/378
f 394/699/378 30/58/30 28/57/29
f 388/679/23 413/747/23 393/698/377
f 414/748/395 393/698/377 413/747/23
f 215/749/207 393/750/377 414/751/395
f 393/698/377 215/375/207 218/381/211
f 413/747/23 416/752/23 414/748/395
f 417/753/396 414/754/395 415/755/397
f 415/756/397 414/748/395 416/752/23
f 414/748/395 417/757/396 215/375/207
f 215/375/207 417/757/396 211/373/203
f 417/757/396 418/758/398 206/759/198
f 415/756/397 418/758/398 417/757/396
f 209/760/201 211/373/203 417/757/396
f 206/759/198 209/760/201 417/757/396
f 418/758/398 419/761/399 420/762/400
f 421/763/401 419/764/399 418/765/398
f 420/762/400 207/766/199 418/758/398
f 207/766/199 206/759/198 418/758/398
f 418/765/398 415/767/397 421/763/401
f 423/768/23 421/769/401 422/770/23
f 415/756/397 422/770/23 421/769/401
f 421/769/401 423/768/23 424/771/402
f 425/772/403 421/763/401 424/773/402
f 421/763/401 425/772/403 419/764/399
f 419/761/399 425/774/403 426/775/404
f 425/774/403 54/114/51 427/776/405
f 424/771/402 54/114/51 425/774/403
f 428/777/406 426/775/404 425/774/403
f 427/776/405 428/777/406 425/774/403
f 200/778/190 426/779/404 428/780/406
f 200/778/190 428/780/406 427/781/405
f 429/782/407 427/783/405 57/118/53
f 57/116/53 427/776/405 54/114/51
f 427/781/405 429/784/407 200/778/190
f 57/118/53 58/117/54 429/782/407
f 200/345/190 429/785/407 63/133/60
f 429/785/407 58/122/54 63/133/60
f 426/779/404 200/778/190 199/786/193
f 199/786/193 430/787/408 426/779/404
f 426/775/404 430/788/408 419/761/399
f 430/788/408 420/762/400 419/761/399
f 198/789/192 420/790/400 430/787/408
f 430/787/408 199/786/193 198/789/192
f 423/768/23 51/104/47 424/771/402
f 54/791/51 424/792/402 51/793/47
f 442/794/409 431/795/410 423/768/23
f 423/768/23 431/795/410 432/796/411
f 423/768/23 422/770/23 437/797/412
f 440/798/413 423/768/23 432/796/411
f 433/799/414 423/768/23 439/800/415
f 423/768/23 433/799/414 441/801/416
f 51/104/47 423/768/23 42/81/23
f 434/802/417 423/768/23 441/801/416
f 423/768/23 434/802/417 435/803/418
f 42/81/23 423/768/23 435/803/418
f 423/768/23 438/804/419 436/805/420
f 423/768/23 436/805/420 442/794/409
f 423/768/23 437/797/412 438/804/419
f 423/768/23 440/798/413 439/800/415
f 443/806/421 431/807/410 442/808/409
f 443/806/421 442/808/409 444/809/422
f 422/770/23 444/810/422 442/794/409
f 442/794/409 436/805/420 422/770/23
f 444/809/422 447/811/423 443/806/421
f 444/810/422 446/812/424 445/813/425
f 447/811/423 444/809/422 445/814/425
f 422/770/23 446/812/424 444/810/422
f 448/815/23 443/816/421 447/817/423
f 447/817/423 449/818/426 448/815/23
f 445/814/425 449/819/426 447/811/423
f 449/819/426 445/814/425 450/820/427
f 450/820/427 451/821/428 449/819/426
f 449/818/426 451/822/428 452/823/429
f 449/818/426 452/823/429 453/824/430
f 448/815/23 449/818/426 453/824/430
f 453/825/430 452/826/429 456/827/431
f 453/824/430 455/828/432 454/829/433
f 454/829/433 448/815/23 453/824/430
f 456/830/431 455/828/432 453/824/430
f 455/831/432 456/832/431 452/833/429
f 455/828/432 452/823/429 457/834/434
f 457/835/434 454/836/433 455/837/432
f 458/838/435 457/834/434 452/823/429
f 459/839/436 454/836/433 457/835/434
f 460/840/437 457/835/434 458/841/435
f 457/835/434 460/840/437 459/839/436
f 459/842/436 460/843/437 463/844/438
f 460/843/437 461/845/439 462/846/23
f 458/841/435 461/847/439 460/840/437
f 460/843/437 462/846/23 463/844/438
f 463/844/438 464/848/440 459/842/436
f 464/849/440 463/850/438 465/851/441
f 466/852/442 465/851/441 463/850/438
f 463/853/438 467/854/443 466/855/442
f 462/846/23 467/856/443 463/844/438
f 468/857/444 466/855/442 467/854/443
f 467/858/443 471/859/445 468/860/444
f 467/856/443 462/846/23 469/861/446
f 469/861/446 470/862/447 467/856/443
f 470/862/447 471/863/445 467/856/443
f 471/864/445 464/865/440 474/866/448
f 464/848/440 471/863/445 475/867/449
f 471/863/445 473/868/450 472/869/23
f 472/869/23 475/867/449 471/863/445
f 470/862/447 473/868/450 471/863/445
f 474/870/448 468/860/444 471/859/445
f 454/836/433 459/839/436 475/871/449
f 475/871/449 477/872/451 454/836/433
f 475/867/449 459/842/436 464/848/440
f 475/867/449 472/869/23 476/873/452
f 477/872/451 475/871/449 476/874/452
f 448/815/23 454/829/433 477/875/451
f 448/815/23 477/875/451 479/876/453
f 476/874/452 478/877/454 477/872/451
f 477/875/451 478/878/454 479/876/453
f 480/879/455 479/880/453 482/881/456
f 479/876/453 480/882/455 443/816/421
f 443/816/421 448/815/23 479/876/453
f 479/883/453 481/884/457 482/885/456
f 481/886/457 479/876/453 478/878/454
f 482/887/456 481/886/457 480/882/455
f 480/882/455 481/886/457 483/888/458
f 478/877/454 483/889/458 481/890/457
f 483/888/458 484/891/459 480/882/455
f 486/892/460 484/893/459 483/889/458
f 483/889/458 485/894/461 486/892/460
f 485/894/461 483/889/458 478/877/454
f 484/893/459 486/892/460 490/895/462
f 486/896/460 485/897/461 488/898/463
f 489/899/23 486/896/460 487/900/464
f 488/898/463 487/900/464 486/896/460
f 486/896/460 489/899/23 490/901/462
f 490/895/462 491/902/465 484/893/459
f 491/902/465 490/895/462 494/903/466
f 490/901/462 489/899/23 493/904/467
f 494/905/466 490/901/462 492/906/468
f 493/904/467 492/906/468 490/901/462
f 495/907/469 494/905/466 492/906/468
f 496/908/470 494/903/466 495/909/469
f 494/903/466 496/908/470 497/910/471
f 494/903/466 497/910/471 491/902/465
f 498/911/472 497/910/471 496/908/470
f 491/912/465 497/913/471 498/914/472
f 501/915/473 498/914/472 496/916/470
f 498/914/472 499/917/474 491/912/465
f 499/918/474 498/919/472 500/920/475
f 498/914/472 501/915/473 500/921/475
f 500/921/475 501/915/473 502/922/476
f 502/922/476 501/915/473 503/923/477
f 496/916/470 503/923/477 501/915/473
f 505/924/478 504/925/479 503/926/477
f 503/923/477 504/927/479 502/922/476
f 495/909/469 503/926/477 496/908/470
f 503/926/477 495/909/469 505/924/478
f 495/907/469 508/928/23 505/929/478
f 504/930/479 505/931/478 507/932/480
f 505/929/478 508/928/23 506/933/481
f 507/934/480 505/929/478 506/933/481
f 508/928/23 495/907/469 511/935/482
f 508/928/23 512/936/483 509/937/484
f 509/937/484 510/938/485 508/928/23
f 506/933/481 508/928/23 510/938/485
f 512/936/483 508/928/23 511/935/482
f 512/939/483 514/940/486 513/941/487
f 513/941/487 509/942/484 512/939/483
f 514/943/486 512/944/483 515/945/488
f 515/946/488 512/936/483 511/935/482
f 515/946/488 511/935/482 516/947/489
f 515/946/488 516/947/489 493/904/467
f 517/948/490 515/946/488 493/904/467
f 519/949/491 515/945/488 517/950/490
f 515/945/488 519/949/491 518/951/492
f 515/945/488 518/951/492 514/943/486
f 517/950/490 520/952/493 519/949/491
f 518/953/492 519/954/491 521/955/494
f 519/954/491 520/956/493 522/957/495
f 522/957/495 521/955/494 519/954/491
f 520/956/493 523/958/97 522/957/495
f 522/957/495 523/958/97 525/959/496
f 522/957/495 524/960/497 492/961/468
f 524/960/497 522/957/495 525/959/496
f 492/961/468 493/962/467 522/957/495
f 521/963/494 522/964/495 493/965/467
f 527/966/498 526/967/499 525/968/496
f 526/967/499 528/969/500 525/968/496
f 525/968/496 529/970/501 527/966/498
f 525/959/496 528/971/500 524/960/497
f 525/959/496 523/958/97 529/972/501
f 531/973/502 529/972/501 523/958/97
f 530/974/503 529/972/501 531/973/502
f 532/975/504 529/970/501 530/976/503
f 529/970/501 532/975/504 527/966/498
f 534/977/505 533/978/506 532/975/504
f 527/966/498 532/975/504 533/978/506
f 535/979/507 534/977/505 532/975/504
f 532/975/504 536/980/508 535/979/507
f 530/976/503 536/980/508 532/975/504
f 537/981/509 535/979/507 536/980/508
f 536/980/508 538/982/510 537/981/509
f 539/983/511 538/982/510 536/980/508
f 536/980/508 530/976/503 539/983/511
f 539/984/511 530/974/503 541/985/512
f 542/986/97 540/987/513 539/984/511
f 538/982/510 539/983/511 540/988/513
f 541/985/512 542/986/97 539/984/511
f 544/989/514 542/986/97 541/985/512
f 542/986/97 543/990/515 474/991/448
f 543/990/515 542/986/97 544/989/514
f 474/991/448 540/987/513 542/986/97
f 547/992/516 544/993/514 545/994/517
f 545/995/517 544/989/514 546/996/518
f 541/985/512 546/996/518 544/989/514
f 543/997/515 544/993/514 547/992/516
f 550/998/519 472/869/23 547/999/516
f 547/999/516 472/869/23 473/868/450
f 545/994/517 548/1000/520 547/992/516
f 547/999/516 548/1001/520 549/1002/521
f 549/1002/521 550/998/519 547/999/516
f 547/992/516 473/1003/450 543/997/515
f 546/996/518 541/985/512 550/1004/519
f 550/1004/519 549/1005/521 546/996/518
f 488/1006/463 550/1007/519 541/1008/512
f 550/998/519 488/898/463 476/873/452
f 550/998/519 476/873/452 472/869/23
f 548/1001/520 487/900/464 549/1002/521
f 549/1009/521 487/1010/464 551/1011/522
f 551/1011/522 546/1012/518 549/1009/521
f 523/958/97 545/995/517 551/1013/522
f 551/1013/522 531/973/502 523/958/97
f 546/996/518 551/1013/522 545/995/517
f 531/1014/502 551/1015/522 487/1016/464
f 487/900/464 548/1001/520 489/899/23
f 489/899/23 548/1001/520 552/1017/523
f 553/1018/524 552/1019/523 548/1000/520
f 548/1000/520 545/994/517 553/1018/524
f 552/1019/523 553/1018/524 554/1020/525
f 554/1021/525 553/1022/524 523/958/97
f 553/1022/524 545/995/517 523/958/97
f 555/1023/526 554/1020/525 520/952/493
f 520/956/493 554/1021/525 523/958/97
f 554/1020/525 555/1023/526 552/1019/523
f 520/952/493 517/950/490 555/1023/526
f 489/899/23 555/1024/526 517/948/490
f 489/899/23 552/1017/523 555/1024/526
f 473/1003/450 556/1025/527 543/997/515
f 474/991/448 543/990/515 556/1026/527
f 556/1025/527 473/1003/450 470/1027/447
f 468/857/444 474/991/448 556/1026/527
f 556/1025/527 470/1027/447 469/1028/446
f 469/1028/446 557/1029/528 556/1025/527
f 556/1026/527 557/1030/528 468/857/444
f 557/1030/528 558/1031/97 466/855/442
f 558/1031/97 557/1030/528 559/1032/529
f 466/855/442 468/857/444 557/1030/528
f 560/1033/530 559/1034/529 557/1029/528
f 557/1029/528 469/1028/446 560/1033/530
f 559/1034/529 560/1033/530 561/1035/531
f 462/846/23 561/1036/531 560/1037/530
f 560/1037/530 469/861/446 462/846/23
f 565/1038/532 561/1039/531 562/1040/533
f 562/1041/533 561/1036/531 563/1042/534
f 561/1036/531 462/846/23 563/1042/534
f 561/1035/531 564/1043/535 559/1034/529
f 561/1039/531 565/1038/532 564/1044/535
f 565/1038/532 562/1040/533 568/1045/536
f 565/1046/532 567/1047/537 566/1048/538
f 564/1049/535 565/1046/532 566/1048/538
f 568/1045/536 567/1050/537 565/1038/532
f 567/1050/537 568/1045/536 569/1051/539
f 569/1052/539 568/1053/536 570/1054/540
f 571/1055/541 570/1054/540 568/1053/536
f 568/1053/536 562/1041/533 571/1055/541
f 570/1056/540 571/1057/541 566/1048/538
f 571/1058/541 563/1059/534 566/1060/538
f 563/1042/534 571/1055/541 562/1041/533
f 570/1054/540 572/1061/542 569/1052/539
f 572/1062/542 570/1056/540 573/1063/543
f 566/1048/538 573/1063/543 570/1056/540
f 575/1064/544 573/1063/543 574/1065/545
f 567/1047/537 574/1065/545 573/1063/543
f 573/1066/543 575/1067/544 572/1068/542
f 573/1063/543 566/1048/538 567/1047/537
f 575/1064/544 579/1069/97 576/1070/546
f 578/1071/547 575/1064/544 576/1070/546
f 574/1065/545 579/1069/97 575/1064/544
f 575/1072/544 578/1073/547 577/1074/548
f 577/1075/548 572/1068/542 575/1067/544
f 576/1070/546 579/1069/97 580/1076/549
f 582/1077/550 580/1076/549 579/1069/97
f 579/1069/97 574/1065/545 583/1078/551
f 579/1069/97 358/622/344 581/1079/552
f 581/1079/552 582/1077/550 579/1069/97
f 583/1078/551 358/622/344 579/1069/97
f 363/631/348 358/621/344 583/1080/551
f 583/1080/551 584/1081/553 363/631/348
f 584/1081/553 583/1080/551 574/1082/545
f 585/1083/23 363/630/348 584/1084/553
f 574/1082/545 569/1051/539 584/1081/553
f 584/1084/553 569/1052/539 585/1083/23
f 585/1083/23 569/1052/539 572/1061/542
f 586/1085/554 363/630/348 585/1083/23
f 585/1083/23 367/641/352 586/1085/554
f 587/1086/555 585/1083/23 572/1061/542
f 367/641/352 585/1083/23 368/642/353
f 585/1083/23 587/1086/555 368/642/353
f 588/1087/556 587/1086/555 572/1061/542
f 590/1088/557 587/1089/555 588/1090/556
f 589/1091/558 368/646/353 587/1089/555
f 587/1089/555 590/1088/557 589/1091/558
f 590/1092/557 592/1093/559 591/1094/560
f 589/1095/558 590/1092/557 591/1094/560
f 592/1093/559 590/1092/557 594/1096/561
f 588/1090/556 593/1097/562 590/1088/557
f 590/1092/557 593/1098/562 594/1096/561
f 592/1099/559 594/1100/561 596/1101/563
f 595/1102/564 594/1096/561 593/1098/562
f 595/1103/564 596/1104/563 594/1105/561
f 597/1106/565 596/1107/563 595/1108/564
f 596/1101/563 597/1109/565 592/1099/559
f 597/1110/565 595/1111/564 598/1112/566
f 598/1113/566 592/1114/559 597/1115/565
f 598/1116/566 595/1102/564 599/1117/567
f 458/838/435 592/1093/559 598/1116/566
f 599/1117/567 458/838/435 598/1116/566
f 600/1118/568 599/1119/567 593/1097/562
f 593/1097/562 599/1119/567 595/1120/564
f 599/1119/567 600/1118/568 461/1121/439
f 461/1121/439 458/1122/435 599/1119/567
f 600/1123/568 462/846/23 461/845/439
f 577/1124/548 563/1042/534 600/1123/568
f 600/1123/568 588/1087/556 577/1124/548
f 462/846/23 600/1123/568 563/1042/534
f 593/1097/562 588/1090/556 600/1118/568
f 451/822/428 601/1125/569 592/1093/559
f 451/822/428 592/1093/559 452/823/429
f 592/1093/559 458/838/435 452/823/429
f 592/1093/559 601/1125/569 591/1094/560
f 603/1126/570 601/1127/569 451/1128/428
f 601/1125/569 375/654/358 591/1094/560
f 602/1129/571 375/1130/358 601/1127/569
f 601/1127/569 603/1126/570 602/1129/571
f 451/1128/428 450/1131/427 603/1126/570
f 602/1132/571 603/1133/570 604/1134/572
f 603/1133/570 450/1135/427 605/1136/573
f 605/1136/573 604/1134/572 603/1133/570
f 607/1137/574 605/1136/573 450/1135/427
f 606/1138/575 604/1139/572 605/1140/573
f 606/1141/575 605/1142/573 607/1143/574
f 450/1135/427 416/752/23 607/1137/574
f 604/1134/572 607/1137/574 416/752/23
f 606/1144/575 607/1145/574 604/1146/572
f 416/752/23 602/1132/571 604/1134/572
f 608/1147/576 602/1132/571 609/1148/577
f 375/1130/358 602/1129/571 608/1149/576
f 602/1132/571 416/752/23 609/1148/577
f 612/1150/578 609/1148/577 416/752/23
f 611/1151/579 609/1152/577 610/1153/580
f 609/1154/577 612/1155/578 610/1156/580
f 609/1148/577 611/1157/579 608/1147/576
f 416/752/23 413/747/23 612/1150/578
f 611/1157/579 612/1150/578 413/747/23
f 612/1158/578 611/1159/579 610/1160/580
f 611/1157/579 413/747/23 608/1147/576
f 383/681/366 608/1147/576 413/747/23
f 376/669/359 608/1149/576 383/667/366
f 608/1149/576 376/669/359 375/1130/358
f 613/1161/581 591/1162/560 372/1163/356
f 372/650/356 591/1094/560 375/654/358
f 591/1164/560 613/1165/581 614/1166/582
f 589/1095/558 591/1094/560 614/1167/582
f 372/1168/356 614/1169/582 613/1170/581
f 370/651/354 614/1167/582 372/650/356
f 614/1171/582 370/644/354 589/1091/558
f 368/646/353 589/1091/558 370/644/354
f 572/1061/542 577/1124/548 588/1087/556
f 362/1172/347 586/1173/554 581/1079/552
f 586/1085/554 362/629/347 363/630/348
f 582/1174/550 581/1175/552 586/1176/554
f 586/1176/554 367/1177/352 582/1174/550
f 615/1178/583 580/1076/549 582/1077/550
f 366/639/351 582/1179/550 367/637/352
f 582/1077/550 366/1180/351 615/1178/583
f 617/1181/584 580/1182/549 615/1183/583
f 616/1184/585 615/1183/583 354/1185/339
f 615/1183/583 616/1184/585 617/1181/584
f 354/615/339 615/1178/583 366/1180/351
f 620/1186/586 617/1181/584 616/1184/585
f 620/1186/586 618/1187/587 617/1181/584
f 619/1188/588 617/1181/584 618/1187/587
f 580/1182/549 617/1181/584 619/1188/588
f 622/1189/589 621/1190/590 620/1186/586
f 618/1187/587 620/1186/586 621/1190/590
f 620/1186/586 623/1191/591 622/1189/589
f 616/1184/585 623/1191/591 620/1186/586
f 622/1189/589 623/1191/591 624/1192/592
f 616/1184/585 624/1192/592 623/1191/591
f 625/1193/593 624/1192/592 616/1184/585
f 626/1194/594 624/1192/592 625/1193/593
f 624/1192/592 626/1194/594 622/1189/589
f 622/1195/589 626/1196/594 628/1197/595
f 625/1193/593 627/1198/596 626/1194/594
f 626/1196/594 627/1199/596 628/1197/595
f 628/1197/595 629/1200/597 622/1195/589
f 631/1201/598 629/1202/597 628/1203/595
f 630/1204/599 628/1197/595 627/1199/596
f 631/1205/598 628/1206/595 630/1207/599
f 633/1208/600 632/1209/601 631/1205/598
f 629/1202/597 631/1201/598 632/1210/601
f 633/1208/600 631/1205/598 634/1211/602
f 630/1207/599 634/1211/602 631/1205/598
f 633/1208/600 634/1211/602 635/1212/603
f 636/1213/604 635/1212/603 634/1211/602
f 634/1211/602 630/1207/599 636/1213/604
f 637/1214/605 636/1215/604 644/1216/606
f 635/1212/603 636/1213/604 637/1217/605
f 638/1218/607 639/1219/608 636/1215/604
f 636/1215/604 630/1204/599 638/1218/607
f 636/1215/604 639/1219/608 640/1220/609
f 636/1215/604 640/1220/609 641/1221/610
f 636/1215/604 641/1221/610 642/1222/611
f 642/1222/611 643/1223/612 636/1215/604
f 643/1223/612 644/1216/606 636/1215/604
f 644/1216/606 645/1224/613 637/1214/605
f 302/521/291 645/1225/613 644/1226/606
f 307/526/296 644/1226/606 643/1227/612
f 644/1226/606 307/526/296 302/521/291
f 645/1224/613 646/1228/614 637/1214/605
f 303/522/292 646/1229/614 645/1225/613
f 645/1225/613 302/521/291 303/522/292
f 646/1228/614 246/432/238 637/1214/605
f 304/523/293 246/1230/238 646/1229/614
f 646/1229/614 303/522/292 304/523/293
f 306/525/295 643/1227/612 642/1231/611
f 643/1227/612 306/525/295 307/526/296
f 647/1232/615 642/1231/611 641/1233/610
f 642/1231/611 647/1232/615 306/525/295
f 306/525/295 647/1232/615 308/524/294
f 647/1232/615 648/1234/616 308/524/294
f 641/1233/610 648/1234/616 647/1232/615
f 648/1235/616 641/1236/610 640/1237/609
f 640/1237/609 649/1238/617 648/1235/616
f 648/1235/616 649/1238/617 650/1239/618
f 650/1239/618 308/1240/294 648/1235/616
f 350/1241/337 650/1239/618 651/1242/619
f 651/1242/619 650/1239/618 652/1243/620
f 312/1244/300 308/1240/294 650/1239/618
f 650/1239/618 350/1241/337 312/1244/300
f 649/1238/617 652/1243/620 650/1239/618
f 652/1243/620 639/1245/608 638/1246/607
f 638/1246/607 653/1247/621 652/1243/620
f 652/1243/620 653/1247/621 651/1242/619
f 639/1245/608 652/1243/620 649/1238/617
f 653/1247/621 638/1246/607 654/1248/622
f 654/1248/622 655/1249/623 653/1247/621
f 653/1247/621 655/1249/623 651/1242/619
f 655/1249/623 656/1250/624 657/1251/625
f 658/1252/626 656/1250/624 655/1249/623
f 655/1249/623 654/1248/622 658/1252/626
f 657/1251/625 651/1242/619 655/1249/623
f 656/1250/624 658/1252/626 627/1198/596
f 627/1199/596 658/1253/626 630/1204/599
f 630/1204/599 658/1253/626 654/1254/622
f 354/1185/339 657/1251/625 616/1184/585
f 616/1184/585 657/1251/625 625/1193/593
f 656/1250/624 625/1193/593 657/1251/625
f 349/1255/336 651/1242/619 657/1251/625
f 657/1251/625 354/1185/339 349/1255/336
f 627/1198/596 625/1193/593 656/1250/624
f 654/1254/622 638/1218/607 630/1204/599
f 651/1242/619 349/1255/336 350/1241/337
f 649/1238/617 640/1237/609 639/1245/608
f 637/1217/605 659/1256/627 635/1212/603
f 659/1256/627 637/1217/605 660/1257/628
f 637/1214/605 246/432/238 661/1258/629
f 660/1259/628 637/1214/605 661/1258/629
f 661/1260/629 664/1261/630 662/1262/631
f 662/1262/631 660/1263/628 661/1260/629
f 663/1264/632 661/1258/629 246/432/238
f 664/1261/630 661/1260/629 663/1265/632
f 664/1266/630 243/428/237 665/1267/633
f 665/1267/633 666/1268/634 664/1266/630
f 662/1269/631 664/1266/630 666/1268/634
f 663/1265/632 243/1270/237 664/1261/630
f 666/1268/634 665/1267/633 669/1271/635
f 666/1268/634 667/1272/636 662/1269/631
f 667/1272/636 666/1268/634 670/1273/637
f 668/1274/638 670/1273/637 666/1268/634
f 669/1271/635 668/1274/638 666/1268/634
f 670/1273/637 668/1274/638 672/1275/639
f 671/1276/640 673/1277/641 670/1273/637
f 672/1275/639 671/1276/640 670/1273/637
f 670/1273/637 673/1277/641 667/1272/636
f 673/1277/641 674/1278/642 675/1279/643
f 674/1278/642 673/1277/641 671/1276/640
f 675/1279/643 667/1272/636 673/1277/641
f 674/1278/642 676/1280/644 675/1279/643
f 678/1281/645 675/1279/643 676/1280/644
f 667/1272/636 675/1279/643 662/1269/631
f 677/1282/646 662/1269/631 675/1279/643
f 675/1279/643 678/1281/645 677/1282/646
f 676/1280/644 679/1283/647 678/1281/645
f 679/1283/647 680/1284/648 678/1281/645
f 683/1285/649 678/1281/645 680/1284/648
f 681/1286/650 682/1287/651 678/1281/645
f 678/1281/645 683/1285/649 681/1286/650
f 678/1281/645 682/1287/651 677/1282/646
f 685/1288/652 683/1285/649 684/1289/653
f 680/1284/648 684/1289/653 683/1285/649
f 683/1285/649 685/1288/652 681/1286/650
f 684/1289/653 686/1290/654 685/1288/652
f 686/1291/654 687/1292/655 685/1293/652
f 685/1288/652 688/1294/656 681/1286/650
f 170/294/162 685/1293/652 687/1292/655
f 685/1288/652 170/293/162 688/1294/656
f 163/284/156 688/1294/656 170/293/162
f 689/1295/657 688/1296/656 163/283/156
f 688/1296/656 689/1295/657 690/1297/658
f 690/1297/658 681/1298/650 688/1296/656
f 693/1299/659 690/1300/658 689/1301/657
f 691/1302/660 681/1286/650 690/1300/658
f 690/1300/658 692/1303/661 691/1302/660
f 692/1303/661 690/1300/658 693/1299/659
f 694/1304/662 696/1305/663 693/1299/659
f 689/1301/657 694/1304/662 693/1299/659
f 695/1306/664 693/1299/659 700/1307/665
f 692/1303/661 693/1299/659 695/1306/664
f 693/1299/659 696/1305/663 697/1308/666
f 697/1308/666 698/1309/667 693/1299/659
f 693/1299/659 698/1309/667 699/1310/668
f 699/1310/668 701/1311/669 693/1299/659
f 693/1299/659 701/1311/669 700/1307/665
f 701/1312/669 699/1313/668 702/1314/670
f 700/1315/665 701/1312/669 703/1316/671
f 702/1314/670 703/1316/671 701/1312/669
f 703/1316/671 702/1314/670 705/1317/672
f 703/1316/671 704/1318/673 700/1315/665
f 704/1318/673 703/1316/671 705/1317/672
f 707/1319/674 705/1317/672 706/1320/675
f 706/1320/675 705/1317/672 702/1314/670
f 528/969/500 526/967/499 705/1317/672
f 705/1317/672 526/967/499 704/1318/673
f 705/1317/672 707/1319/674 528/969/500
f 708/1321/676 707/1319/674 706/1320/675
f 708/1322/676 709/1323/97 707/1324/674
f 707/1324/674 709/1323/97 514/940/486
f 707/1324/674 514/940/486 710/1325/677
f 710/1325/677 524/960/497 707/1324/674
f 528/971/500 707/1324/674 524/960/497
f 514/940/486 518/953/492 710/1325/677
f 521/955/494 710/1325/677 518/953/492
f 524/1326/497 710/1327/677 511/1328/482
f 516/1329/489 511/1330/482 710/1331/677
f 710/1331/677 521/1332/494 516/1329/489
f 513/941/487 514/940/486 709/1323/97
f 709/1323/97 712/1333/678 513/941/487
f 712/1333/678 709/1323/97 711/1334/679
f 711/1334/679 709/1323/97 708/1322/676
f 509/942/484 513/941/487 712/1333/678
f 712/1333/678 510/1335/485 509/942/484
f 510/1335/485 712/1333/678 714/1336/680
f 711/1334/679 713/1337/681 712/1333/678
f 714/1336/680 712/1333/678 713/1337/681
f 718/1338/682 714/1336/680 715/1339/683
f 717/1340/684 715/1339/683 714/1336/680
f 714/1336/680 716/1341/685 510/1335/485
f 714/1336/680 718/1338/682 716/1341/685
f 713/1337/681 717/1340/684 714/1336/680
f 719/1342/686 718/1338/682 715/1339/683
f 719/1343/686 720/1344/23 718/1345/682
f 718/1345/682 720/1344/23 721/1346/687
f 716/1347/685 718/1345/682 721/1346/687
f 720/1344/23 722/1348/688 721/1346/687
f 724/1349/689 721/1346/687 722/1348/688
f 721/1346/687 723/1350/690 716/1347/685
f 723/1351/690 721/1352/687 717/1353/684
f 721/1354/687 724/1355/689 725/1356/691
f 725/1356/691 717/1357/684 721/1354/687
f 711/1334/679 725/1358/691 724/1359/689
f 725/1358/691 711/1334/679 727/1360/692
f 727/1360/692 726/1361/693 725/1358/691
f 717/1340/684 725/1358/691 726/1361/693
f 728/1362/694 726/1361/693 727/1360/692
f 708/1322/676 727/1360/692 711/1334/679
f 729/1363/695 727/1360/692 708/1322/676
f 727/1360/692 729/1363/695 728/1362/694
f 731/1364/696 730/1365/697 729/1363/695
f 728/1362/694 729/1363/695 730/1365/697
f 732/1366/698 731/1364/696 729/1363/695
f 729/1363/695 706/1367/675 732/1366/698
f 706/1367/675 729/1363/695 708/1322/676
f 731/1364/696 732/1366/698 698/1309/667
f 699/1313/668 698/1368/667 732/1369/698
f 702/1314/670 732/1369/698 706/1320/675
f 732/1369/698 702/1314/670 699/1313/668
f 730/1365/697 731/1364/696 697/1308/666
f 698/1309/667 697/1308/666 731/1364/696
f 730/1365/697 733/1370/699 728/1362/694
f 697/1308/666 696/1305/663 730/1365/697
f 733/1370/699 730/1365/697 696/1305/663
f 696/1305/663 154/273/149 733/1370/699
f 734/1371/700 733/1370/699 154/273/149
f 733/1370/699 734/1371/700 728/1362/694
f 154/273/149 155/272/148 734/1371/700
f 735/1372/701 734/1371/700 155/272/148
f 734/1371/700 735/1372/701 736/1373/702
f 736/1373/702 728/1362/694 734/1371/700
f 736/1373/702 737/1374/703 739/1375/704
f 737/1374/703 736/1373/702 738/1376/705
f 735/1372/701 738/1376/705 736/1373/702
f 726/1361/693 728/1362/694 736/1373/702
f 739/1375/704 726/1361/693 736/1373/702
f 739/1375/704 135/250/129 131/241/126
f 142/259/135 135/250/129 739/1375/704
f 739/1375/704 740/1377/97 726/1361/693
f 742/1378/706 740/1377/97 739/1375/704
f 741/1379/707 742/1378/706 739/1375/704
f 739/1375/704 131/241/126 741/1379/707
f 739/1375/704 737/1374/703 142/259/135
f 715/1339/683 742/1378/706 719/1342/686
f 715/1339/683 740/1377/97 742/1378/706
f 136/248/128 742/1378/706 741/1379/707
f 719/1342/686 742/1378/706 136/248/128
f 741/1380/707 131/1381/126 132/1382/123
f 132/1382/123 137/1383/127 741/1380/707
f 134/1384/101 741/1385/707 137/1386/127
f 741/1379/707 134/249/101 136/248/128
f 740/1377/97 715/1339/683 717/1340/684
f 717/1340/684 726/1361/693 740/1377/97
f 738/1376/705 735/1372/701 156/271/147
f 156/271/147 151/267/143 738/1376/705
f 738/1376/705 152/268/144 737/1374/703
f 152/268/144 738/1376/705 151/267/143
f 152/268/144 149/265/141 737/1374/703
f 142/259/135 737/1374/703 149/265/141
f 155/272/148 156/271/147 735/1372/701
f 724/1359/689 506/1387/481 711/1334/679
f 506/933/481 724/1349/689 507/934/480
f 743/1388/708 507/934/480 724/1349/689
f 722/1348/688 743/1388/708 724/1349/689
f 744/1389/709 507/932/480 743/1390/708
f 745/1391/710 743/1390/708 722/1392/688
f 743/1390/708 745/1391/710 744/1389/709
f 745/1393/710 748/1394/711 746/1395/712
f 746/1396/712 744/1389/709 745/1391/710
f 722/1392/688 747/1397/713 745/1391/710
f 745/1393/710 747/1398/713 748/1394/711
f 752/1399/714 748/1400/711 749/1401/715
f 749/1402/715 748/1394/711 751/1403/716
f 747/1398/713 750/1404/717 748/1394/711
f 750/1404/717 751/1403/716 748/1394/711
f 748/1405/711 752/1406/714 746/1407/712
f 749/1402/715 746/1395/712 752/1408/714
f 751/1403/716 753/1409/718 749/1402/715
f 750/1404/717 754/1410/719 751/1403/716
f 441/1411/416 753/1412/718 751/1413/716
f 755/1414/720 751/1413/716 754/1415/719
f 751/1413/716 755/1414/720 441/1411/416
f 754/1415/719 43/1416/40 755/1414/720
f 441/801/416 755/1417/720 756/1418/721
f 43/80/40 42/81/23 755/1417/720
f 755/1417/720 42/81/23 435/803/418
f 435/803/418 756/1418/721 755/1417/720
f 756/1419/721 435/1420/418 757/1421/722
f 434/1422/417 756/1423/721 757/1424/722
f 441/801/416 756/1418/721 434/802/417
f 435/1425/418 434/1426/417 757/1427/722
f 43/1416/40 754/1415/719 7/1428/10
f 9/21/11 7/20/10 754/1410/719
f 754/1410/719 750/1404/717 9/21/11
f 753/1409/718 502/922/476 749/1402/715
f 753/1409/718 758/1429/723 502/922/476
f 753/1412/718 441/1411/416 433/1430/414
f 433/1431/414 758/1432/723 753/1433/718
f 502/922/476 758/1429/723 480/882/455
f 480/882/455 758/1429/723 443/816/421
f 758/1432/723 432/1434/411 431/807/410
f 431/807/410 443/806/421 758/1432/723
f 758/1432/723 433/1431/414 432/1434/411
f 129/1435/122 750/1436/717 747/1397/713
f 759/1437/724 9/21/11 750/1404/717
f 759/1438/724 750/1436/717 10/233/12
f 750/1436/717 129/1435/122 127/234/120
f 127/234/120 10/233/12 750/1436/717
f 8/23/13 760/1439/725 759/1437/724
f 8/23/13 759/1437/724 10/22/12
f 9/1440/11 759/1441/724 760/1442/725
f 760/1443/725 8/1444/13 9/1445/11
f 502/922/476 504/927/479 749/1402/715
f 504/927/479 744/1446/709 749/1402/715
f 746/1395/712 749/1402/715 744/1446/709
f 747/1397/713 722/1392/688 129/1435/122
f 507/932/480 744/1389/709 504/930/479
f 510/938/485 716/1347/685 723/1350/690
f 506/1447/481 723/1448/690 713/1449/681
f 510/938/485 723/1350/690 506/933/481
f 717/1353/684 713/1450/681 723/1351/690
f 722/1348/688 720/1344/23 129/235/122
f 720/1344/23 132/236/123 129/235/122
f 720/1344/23 719/1343/686 132/236/123
f 137/1451/127 132/236/123 719/1343/686
f 136/248/128 761/1452/726 719/1342/686
f 719/1343/686 761/1453/726 137/1451/127
f 761/1453/726 116/207/23 130/240/124
f 130/240/124 137/1451/127 761/1453/726
f 116/207/23 761/1453/726 762/1454/727
f 763/1455/728 762/1456/727 761/1452/726
f 761/1452/726 136/248/128 763/1455/728
f 103/191/97 763/1455/728 136/248/128
f 762/1456/727 763/1455/728 764/1457/729
f 103/191/97 764/1457/729 763/1455/728
f 764/1457/729 766/1458/730 762/1456/727
f 764/1457/729 103/191/97 765/1459/731
f 767/1460/732 764/1457/729 765/1459/731
f 766/1458/730 764/1457/729 767/1460/732
f 765/1459/731 768/1461/733 767/1460/732
f 767/1460/732 770/1462/734 766/1458/730
f 769/1463/735 767/1460/732 768/1461/733
f 770/1462/734 767/1460/732 769/1463/735
f 766/1464/730 770/1465/734 771/1466/736
f 773/1467/737 771/1466/736 770/1465/734
f 769/1463/735 772/1468/738 770/1462/734
f 770/1465/734 772/1469/738 773/1467/737
f 773/1470/737 119/1471/114 768/1472/733
f 119/214/114 773/1467/737 772/1469/738
f 771/1473/736 773/1474/737 768/1475/733
f 772/1469/738 111/203/106 119/214/114
f 769/1463/735 111/1476/106 772/1468/738
f 768/1475/733 765/1477/731 771/1473/736
f 774/1478/739 771/1479/736 765/1480/731
f 771/1466/736 774/1481/739 116/207/23
f 116/207/23 766/1464/730 771/1466/736
f 120/1482/113 774/1483/739 108/190/100
f 116/207/23 774/1481/739 120/213/113
f 765/1480/731 108/1484/100 774/1478/739
f 111/1476/106 769/1463/735 109/193/102
f 768/1461/733 105/194/103 769/1463/735
f 109/193/102 769/1463/735 105/194/103
f 105/1485/103 768/1472/733 119/1471/114
f 762/1454/727 766/1464/730 116/207/23
f 103/191/97 108/190/100 765/1459/731
f 713/1449/681 711/1486/679 506/1447/481
f 775/1487/740 700/1315/665 704/1318/673
f 704/1318/673 776/1488/741 775/1487/740
f 776/1488/741 704/1318/673 526/967/499
f 778/1489/742 775/1487/740 776/1488/741
f 777/1490/743 776/1488/741 526/967/499
f 776/1488/741 777/1490/743 778/1489/742
f 778/1491/742 779/1492/744 695/1306/664
f 695/1306/664 775/1493/740 778/1491/742
f 779/1494/744 778/1489/742 777/1490/743
f 780/1495/745 779/1494/744 533/978/506
f 695/1306/664 779/1492/744 780/1496/745
f 777/1490/743 533/978/506 779/1494/744
f 781/1497/746 780/1495/745 534/977/505
f 695/1306/664 780/1496/745 781/1498/746
f 533/978/506 534/977/505 780/1495/745
f 534/977/505 535/979/507 781/1497/746
f 782/1499/747 781/1497/746 535/979/507
f 781/1498/746 782/1500/747 695/1306/664
f 535/979/507 537/981/509 782/1499/747
f 783/1501/748 782/1499/747 537/981/509
f 782/1500/747 783/1502/748 784/1503/749
f 784/1503/749 695/1306/664 782/1500/747
f 785/1504/750 695/1306/664 784/1503/749
f 784/1503/749 786/1505/751 785/1504/750
f 786/1506/751 784/1507/749 787/1508/752
f 787/1509/752 784/1503/749 788/1510/753
f 784/1503/749 783/1502/748 788/1510/753
f 789/1511/754 788/1512/753 791/1513/755
f 788/1510/753 789/1514/754 787/1509/752
f 790/1515/756 791/1513/755 788/1512/753
f 788/1512/753 783/1501/748 790/1515/756
f 791/1513/755 792/1516/757 789/1511/754
f 791/1513/755 790/1515/756 538/982/510
f 792/1516/757 791/1513/755 793/1517/758
f 538/982/510 793/1517/758 791/1513/755
f 793/1517/758 794/1518/759 792/1516/757
f 793/1517/758 538/982/510 540/988/513
f 540/988/513 794/1518/759 793/1517/758
f 796/1519/760 795/1520/761 794/1518/759
f 794/1518/759 795/1520/761 797/1521/762
f 794/1518/759 540/988/513 796/1519/760
f 797/1521/762 798/1522/763 794/1518/759
f 798/1522/763 792/1516/757 794/1518/759
f 800/1523/764 799/1524/765 798/1522/763
f 792/1516/757 798/1522/763 799/1524/765
f 798/1522/763 797/1521/762 800/1523/764
f 802/1525/766 800/1523/764 797/1521/762
f 799/1526/765 800/1527/764 801/1528/767
f 800/1527/764 802/1529/766 801/1528/767
f 804/1530/768 801/1531/767 802/1525/766
f 802/1525/766 806/1532/769 803/1533/770
f 802/1525/766 803/1533/770 804/1530/768
f 797/1521/762 805/1534/771 802/1525/766
f 805/1534/771 806/1532/769 802/1525/766
f 806/1532/769 805/1534/771 795/1520/761
f 807/1535/772 806/1532/769 808/1536/773
f 806/1537/769 807/1538/772 809/1539/774
f 795/1520/761 808/1536/773 806/1532/769
f 809/1539/774 803/1540/770 806/1537/769
f 809/1541/774 811/1542/775 810/1543/776
f 810/1543/776 812/1544/777 809/1541/774
f 811/1545/775 809/1539/774 807/1538/772
f 803/1533/770 809/1541/774 812/1544/777
f 814/1546/778 813/1547/779 812/1548/777
f 786/1505/751 812/1548/777 813/1547/779
f 812/1548/777 810/1549/776 814/1546/778
f 812/1548/777 786/1505/751 815/1550/780
f 812/1544/777 804/1530/768 803/1533/770
f 812/1544/777 815/1551/780 804/1530/768
f 801/1531/767 804/1530/768 815/1551/780
f 815/1551/780 787/1508/752 801/1531/767
f 787/1508/752 815/1551/780 786/1506/751
f 813/1547/779 814/1546/778 817/1552/781
f 816/1553/782 814/1546/778 810/1549/776
f 814/1546/778 816/1553/782 819/1554/783
f 818/1555/784 817/1552/781 814/1546/778
f 819/1554/783 818/1555/784 814/1546/778
f 819/1554/783 660/1259/628 677/1282/646
f 818/1555/784 819/1554/783 677/1282/646
f 660/1259/628 819/1554/783 659/1556/627
f 816/1553/782 659/1556/627 819/1554/783
f 677/1282/646 682/1287/651 818/1555/784
f 817/1552/781 818/1555/784 682/1287/651
f 817/1552/781 691/1302/660 813/1547/779
f 691/1302/660 817/1552/781 681/1286/650
f 682/1287/651 681/1286/650 817/1552/781
f 816/1557/782 635/1212/603 659/1256/627
f 635/1212/603 816/1557/782 633/1208/600
f 816/1553/782 621/1558/590 633/1559/600
f 810/1549/776 621/1558/590 816/1553/782
f 813/1547/779 785/1504/750 786/1505/751
f 813/1547/779 691/1302/660 692/1303/661
f 813/1547/779 692/1303/661 785/1504/750
f 811/1545/775 821/1560/785 810/1561/776
f 807/1538/772 820/1562/786 811/1545/775
f 821/1560/785 811/1545/775 820/1562/786
f 822/1563/787 821/1560/785 823/1564/788
f 821/1560/785 822/1563/787 810/1561/776
f 820/1562/786 823/1564/788 821/1560/785
f 823/1564/788 824/1565/789 822/1563/787
f 823/1564/788 820/1562/786 825/1566/790
f 824/1565/789 823/1564/788 826/1567/791
f 825/1566/790 826/1567/791 823/1564/788
f 827/1568/792 826/1567/791 825/1566/790
f 826/1567/791 827/1568/792 576/1569/546
f 576/1569/546 828/1570/793 826/1567/791
f 826/1567/791 828/1570/793 824/1565/789
f 829/1571/794 830/1572/795 828/1570/793
f 828/1570/793 619/1188/588 829/1571/794
f 619/1188/588 828/1570/793 576/1569/546
f 830/1572/795 824/1565/789 828/1570/793
f 832/1573/796 831/1574/797 830/1572/795
f 824/1565/789 830/1572/795 831/1574/797
f 830/1572/795 829/1571/794 832/1573/796
f 832/1573/796 833/1575/798 621/1190/590
f 621/1190/590 810/1561/776 832/1573/796
f 831/1574/797 832/1573/796 810/1561/776
f 833/1575/798 832/1573/796 829/1571/794
f 833/1575/798 618/1187/587 621/1190/590
f 829/1571/794 618/1187/587 833/1575/798
f 831/1574/797 822/1563/787 824/1565/789
f 822/1563/787 831/1574/797 810/1561/776
f 618/1187/587 829/1571/794 619/1188/588
f 825/1566/790 834/1576/799 827/1568/792
f 827/1577/792 834/1578/799 564/1049/535
f 827/1577/792 564/1049/535 566/1048/538
f 566/1048/538 578/1071/547 827/1577/792
f 576/1070/546 827/1577/792 578/1071/547
f 825/1566/790 808/1579/773 834/1576/799
f 808/1536/773 835/1580/800 834/1581/799
f 558/1031/97 834/1578/799 835/1582/800
f 834/1578/799 558/1031/97 564/1049/535
f 835/1580/800 808/1536/773 795/1520/761
f 795/1520/761 796/1519/760 835/1580/800
f 835/1582/800 796/1583/760 465/1584/441
f 835/1582/800 465/1584/441 466/855/442
f 466/855/442 558/1031/97 835/1582/800
f 808/1579/773 825/1566/790 807/1538/772
f 820/1562/786 807/1538/772 825/1566/790
f 805/1534/771 797/1521/762 795/1520/761
f 801/1528/767 787/1509/752 799/1526/765
f 799/1524/765 789/1511/754 792/1516/757
f 789/1514/754 799/1526/765 787/1509/752
f 796/1583/760 540/987/513 474/991/448
f 474/991/448 465/1584/441 796/1583/760
f 790/1515/756 537/981/509 538/982/510
f 537/981/509 790/1515/756 783/1501/748
f 695/1306/664 785/1504/750 692/1303/661
f 533/978/506 777/1490/743 527/966/498
f 526/967/499 527/966/498 777/1490/743
f 700/1307/665 775/1493/740 695/1306/664
f 696/1305/663 164/1585/155 157/274/150
f 694/1304/662 164/1585/155 696/1305/663
f 154/273/149 696/1305/663 157/274/150
f 163/283/156 164/282/155 694/1586/662
f 163/283/156 694/1586/662 689/1295/657
f 837/1587/801 687/1292/655 836/1588/802
f 836/1588/802 687/1292/655 686/1291/654
f 687/1292/655 837/1587/801 170/294/162
f 836/1588/802 838/1589/803 837/1587/801
f 837/1587/801 171/295/163 170/294/162
f 171/295/163 837/1587/801 838/1589/803
f 838/1590/803 204/1591/197 175/301/168
f 173/302/165 838/1590/803 175/301/168
f 838/1589/803 173/297/165 171/295/163
f 838/1590/803 836/1592/802 204/1591/197
f 686/1291/654 839/1593/804 836/1588/802
f 836/1592/802 839/1594/804 204/1591/197
f 680/1284/648 840/1595/805 839/1596/804
f 839/1594/804 840/1597/805 204/1591/197
f 839/1596/804 684/1289/653 680/1284/648
f 686/1290/654 684/1289/653 839/1596/804
f 679/1283/647 841/1598/806 840/1595/805
f 840/1597/805 841/1599/806 842/1600/807
f 840/1595/805 680/1284/648 679/1283/647
f 840/1597/805 842/1600/807 204/1591/197
f 843/1601/808 842/1600/807 844/1602/809
f 842/1603/807 843/1604/808 213/396/205
f 204/354/197 842/1603/807 203/352/196
f 841/1599/806 844/1602/809 842/1600/807
f 213/396/205 203/352/196 842/1603/807
f 676/1280/644 674/1278/642 844/1605/809
f 671/1276/640 844/1605/809 674/1278/642
f 844/1605/809 841/1598/806 676/1280/644
f 844/1602/809 671/1606/640 843/1601/808
f 672/1607/639 225/405/218 843/1601/808
f 843/1604/808 225/397/218 213/396/205
f 843/1601/808 671/1606/640 672/1607/639
f 841/1598/806 679/1283/647 676/1280/644
f 660/1263/628 662/1262/631 677/1608/646
f 672/1607/639 845/1609/810 225/405/218
f 669/1271/635 845/1610/810 672/1275/639
f 672/1275/639 668/1274/638 669/1271/635
f 847/1611/811 846/1612/812 845/1610/810
f 845/1609/810 846/1613/812 225/405/218
f 845/1610/810 669/1271/635 847/1611/811
f 847/1614/811 848/1615/813 846/1616/812
f 848/1617/813 847/1611/811 665/1267/633
f 847/1611/811 669/1271/635 665/1267/633
f 229/408/222 846/1616/812 848/1615/813
f 848/1615/813 233/409/224 229/408/222
f 233/409/224 848/1615/813 849/1618/814
f 665/1267/633 849/1619/814 848/1617/813
f 849/1619/814 665/1267/633 243/428/237
f 236/429/227 849/1619/814 243/428/237
f 849/1618/814 236/413/227 233/409/224
f 225/405/218 846/1613/812 229/404/222
f 243/427/237 663/1620/632 244/426/236
f 244/431/236 663/1264/632 246/432/238
f 632/1209/601 633/1208/600 621/1621/590
f 629/1202/597 632/1210/601 621/1622/590
f 621/1558/590 622/1195/589 629/1200/597
f 576/1569/546 580/1182/549 619/1188/588
f 581/1079/552 355/616/340 362/1172/347
f 355/616/340 581/1079/552 358/622/344
f 563/1623/534 577/1074/548 578/1073/547
f 578/1624/547 566/1060/538 563/1059/534
f 569/1051/539 574/1082/545 567/1050/537
f 559/1032/529 564/1049/535 558/1031/97
f 530/974/503 531/973/502 541/985/512
f 541/1008/512 531/1625/502 488/1006/463
f 487/1016/464 488/1626/463 531/1014/502
f 511/1328/482 492/1627/468 524/1326/497
f 493/965/467 516/1628/489 521/963/494
f 493/904/467 489/899/23 517/948/490
f 492/906/468 511/935/482 495/907/469
f 480/882/455 484/891/459 502/922/476
f 502/922/476 484/891/459 499/917/474
f 502/1629/476 499/1630/474 500/1631/475
f 484/891/459 491/912/465 499/917/474
f 485/897/461 476/873/452 488/898/463
f 478/877/454 476/874/452 485/894/461
f 465/1632/441 474/866/448 464/865/440
f 416/752/23 450/1135/427 445/813/425
f 851/1633/815 446/1634/424 850/1635/816
f 446/1636/424 852/1637/817 850/1638/816
f 416/752/23 446/812/424 851/1639/815
f 446/812/424 416/752/23 445/813/425
f 852/1640/817 446/812/424 422/770/23
f 422/770/23 851/1639/815 852/1640/817
f 852/1641/817 851/1642/815 850/1643/816
f 422/770/23 416/752/23 851/1639/815
f 853/1644/818 440/798/413 432/796/411
f 439/1645/415 440/1646/413 854/1647/819
f 440/1648/413 853/1649/818 854/1650/819
f 853/1651/818 439/1652/415 854/1653/819
f 432/796/411 433/799/414 853/1644/818
f 439/800/415 853/1644/818 433/799/414
f 438/1654/419 437/1655/412 855/1656/820
f 436/1657/420 438/1658/419 855/1659/820
f 437/1660/412 436/1661/420 855/1662/820
f 422/770/23 436/805/420 437/797/412
f 422/770/23 415/756/397 416/752/23
f 202/363/194 207/359/199 420/790/400
f 420/790/400 198/789/192 202/363/194
f 413/747/23 856/1663/821 383/681/366
f 413/747/23 857/1664/822 856/1663/821
f 413/747/23 388/679/23 857/1664/822
f 859/1665/823 856/1666/821 857/1667/822
f 859/1668/823 857/1669/822 858/1670/824
f 858/1671/824 857/1664/822 388/679/23
f 859/1672/823 858/1673/824 856/1674/821
f 388/679/23 856/1663/821 858/1671/824
f 856/1663/821 388/679/23 383/681/366
f 25/53/25 386/678/369 28/59/29
f 386/678/369 25/53/25 860/1675/825
f 386/678/369 860/1675/825 384/676/368
f 860/1676/825 25/48/25 861/1677/826
f 861/1677/826 384/672/368 860/1676/825
f 861/1677/826 25/48/25 862/1678/827
f 863/1679/828 861/1677/826 862/1678/827
f 863/1679/828 868/1680/829 861/1677/826
f 869/1681/830 861/1682/826 864/1683/831
f 861/1677/826 868/1680/829 864/1684/831
f 861/1677/826 865/1685/832 378/661/362
f 384/672/368 861/1677/826 378/661/362
f 861/1677/826 866/1686/833 865/1685/832
f 866/1686/833 861/1677/826 867/1687/834
f 869/1688/830 867/1689/834 861/1690/826
f 864/1683/831 871/1691/835 869/1681/830
f 869/1692/830 871/1693/835 870/1694/836
f 867/1695/834 869/1692/830 870/1694/836
f 870/1696/836 871/1697/835 872/1698/837
f 873/1699/838 872/1700/837 871/1701/835
f 871/1702/835 864/1684/831 873/1703/838
f 327/1704/314 872/1700/837 873/1699/838
f 868/1680/829 873/1703/838 864/1684/831
f 874/1705/839 873/1699/838 868/1706/829
f 873/1699/838 874/1705/839 327/1704/314
f 868/1706/829 875/1707/840 874/1705/839
f 291/499/23 327/556/314 874/1708/839
f 875/1709/840 291/499/23 874/1708/839
f 875/1707/840 868/1706/829 863/1710/828
f 863/1710/828 289/1711/279 875/1707/840
f 291/499/23 875/1709/840 289/500/279
f 325/1712/312 866/1713/833 872/1700/837
f 872/1714/837 866/1686/833 867/1687/834
f 867/1715/834 870/1696/836 872/1698/837
f 872/1700/837 326/1716/313 325/1712/312
f 872/1700/837 327/1704/314 326/1716/313
f 866/1717/833 325/1718/312 324/1719/311
f 324/1719/311 865/1720/832 866/1717/833
f 380/1721/365 378/661/362 865/1685/832
f 876/1722/841 379/1723/361 865/1720/832
f 380/1724/365 865/1720/832 379/1723/361
f 865/1720/832 324/1719/311 876/1722/841
f 360/625/23 365/633/350 876/1725/841
f 373/652/357 876/1722/841 365/647/350
f 876/1725/841 324/553/311 329/552/310
f 329/552/310 352/1726/335 876/1725/841
f 876/1725/841 352/1726/335 343/593/329
f 343/593/329 360/625/23 876/1725/841
f 876/1722/841 373/652/357 379/1723/361
f 862/1678/827 877/1727/842 863/1679/828
f 878/1728/843 863/1710/828 877/1729/842
f 289/1711/279 863/1710/828 878/1728/843
f 878/1728/843 22/1730/22 880/1731/844
f 22/44/22 878/1732/843 23/46/23
f 877/1727/842 881/1733/845 878/1732/843
f 23/46/23 878/1732/843 881/1733/845
f 878/1728/843 879/1734/846 289/1711/279
f 880/1731/844 879/1734/846 878/1728/843
f 862/1735/827 881/1736/845 882/1737/847
f 881/1733/845 862/1678/827 25/48/25
f 877/1738/842 882/1739/847 881/1740/845
f 25/48/25 23/46/23 881/1733/845
f 882/1741/847 877/1727/842 862/1678/827
f 879/1742/846 880/1743/844 284/486/274
f 22/1730/22 883/1744/848 880/1731/844
f 284/486/274 880/1743/844 282/484/23
f 282/484/23 880/1743/844 883/1745/848
f 16/29/17 883/1744/848 18/30/18
f 883/1744/848 22/1730/22 18/30/18
f 883/1745/848 16/1746/17 884/1747/849
f 884/1747/849 885/1748/850 883/1745/848
f 885/1748/850 282/484/23 883/1745/848
f 885/1749/850 884/1750/849 273/1751/265
f 887/1752/851 885/1753/850 273/1754/265
f 885/1748/850 887/1755/851 886/1756/852
f 886/1756/852 283/485/273 885/1748/850
f 283/485/273 282/484/23 885/1748/850
f 113/206/108 887/1755/851 118/211/111
f 113/206/108 886/1756/852 887/1755/851
f 118/1757/111 887/1758/851 888/1759/853
f 273/472/265 888/1760/853 887/1761/851
f 888/1762/853 106/1763/101 118/1764/111
f 106/192/101 888/1760/853 107/195/104
f 275/474/267 107/195/104 888/1760/853
f 888/1760/853 273/472/265 275/474/267
f 275/1765/267 886/1766/852 113/205/108
f 275/1765/267 283/487/273 886/1766/852
f 104/1767/99 273/1768/265 884/1769/849
f 884/1769/849 118/1770/111 104/1767/99
f 118/211/111 884/1747/849 16/1746/17
f 289/500/279 879/1742/846 290/501/280
f 284/486/274 290/501/280 879/1742/846
f 380/1771/365 381/1772/363 378/1773/362
f 354/615/339 366/1180/351 355/616/340
f 361/627/346 360/625/23 343/593/329
f 345/596/332 361/628/346 344/597/331
f 344/595/331 361/627/346 343/593/329
f 361/628/346 345/596/332 356/623/342
f 352/1774/335 329/1775/310 351/1776/338
f 312/533/300 350/612/337 351/613/338
f 351/613/338 314/532/299 312/533/300
f 314/1777/299 351/1776/338 329/1775/310
f 329/1778/310 328/1779/316 314/1780/299
f 308/524/294 312/1781/300 309/527/297
f 246/1230/238 304/523/293 889/1782/854
f 889/1782/854 304/523/293 296/512/285
f 889/1782/854 250/1783/239 246/1230/238
f 890/1784/855 889/1782/854 296/512/285
f 250/1783/239 889/1782/854 890/1784/855
f 249/1785/243 890/1784/855 891/1786/856
f 890/1784/855 249/1785/243 250/1783/239
f 296/512/285 297/511/284 890/1784/855
f 891/1786/856 890/1784/855 297/511/284
f 892/1787/857 891/1786/856 297/511/284
f 248/1788/240 891/1786/856 892/1787/857
f 891/1786/856 248/1788/240 249/1785/243
f 257/447/250 892/1787/857 259/449/251
f 247/448/241 892/1787/857 257/447/250
f 297/511/284 259/449/251 892/1787/857
f 892/1787/857 247/448/241 248/1788/240
f 287/498/278 294/509/97 280/478/271
f 272/468/264 293/508/282 278/476/269
f 278/1789/269 293/1790/282 284/1791/274
f 290/1792/280 284/1791/274 293/1790/282
f 280/478/271 279/477/270 287/498/278
f 279/494/270 278/1793/269 284/492/274
f 283/487/273 275/1765/267 276/482/268
f 113/205/108 107/201/104 275/1765/267
f 273/472/265 104/189/99 101/185/98
f 260/451/253 259/449/251 272/471/264
f 101/187/98 99/186/95 265/458/258
f 263/455/255 252/460/244 253/454/245
f 239/418/231 241/421/233 893/1794/858
f 893/1794/858 241/421/233 894/1795/859
f 894/1795/859 241/421/233 78/158/75
f 894/1795/859 895/1796/860 893/1794/858
f 75/150/71 894/1795/859 78/158/75
f 895/1796/860 894/1795/859 75/150/71
f 893/1797/858 895/1798/860 227/400/220
f 67/139/63 227/400/220 895/1798/860
f 75/150/71 68/1799/65 895/1796/860
f 895/1798/860 68/140/65 67/139/63
f 228/399/219 893/1797/858 227/400/220
f 239/418/231 893/1794/858 228/417/219
f 232/412/226 233/409/224 236/413/227
f 84/167/80 158/270/146 80/156/74
f 149/265/141 141/256/132 142/259/135
f 85/169/82 144/261/137 84/167/80
f 108/190/100 105/194/103 120/1482/113
f 119/1800/114 120/1482/113 105/194/103
f 16/1746/17 17/210/16 118/211/111
f 106/1801/101 104/1802/99 118/1803/111
f 11/219/8 117/218/112 17/1804/16
f 103/191/97 95/178/91 94/177/90
f 87/171/84 98/181/94 90/173/86
f 98/181/94 87/171/84 86/168/81
f 92/176/89 85/169/82 88/170/83
f 73/143/68 72/147/70 77/157/73
f 7/1428/10 41/1805/38 43/1416/40
f 7/1428/10 13/1806/9 41/1805/38
f 41/78/38 26/54/26 37/76/37
f 13/1806/9 26/1807/26 41/1805/38
f 4/1808/5 3/1809/4 6/1810/7
f 896/1811/861 901/1812/862 897/1813/863
f 896/1814/861 897/1815/863 898/1816/864
f 896/1814/861 898/1816/864 900/1817/865
f 896/1811/861 899/1818/866 902/1819/867
f 899/1820/866 896/1814/861 900/1817/865
f 901/1812/862 896/1811/861 904/1821/868
f 902/1819/867 903/1822/869 896/1811/861
f 903/1822/869 904/1821/868 896/1811/861
f 904/1821/868 905/1823/870 901/1812/862
f 905/1824/870 904/1825/868 906/1826/871
f 907/1827/872 906/1826/871 904/1825/868
f 904/1825/868 903/1828/869 907/1827/872
f 906/1829/871 907/1830/872 909/1831/873
f 907/1830/872 908/1832/874 910/1833/875
f 908/1834/874 907/1827/872 903/1828/869
f 910/1833/875 909/1831/873 907/1830/872
f 912/1835/876 909/1836/873 910/1837/875
f 911/1838/877 910/1833/875 908/1832/874
f 913/1839/878 910/1837/875 911/1840/877
f 910/1837/875 913/1839/878 912/1835/876
f 912/1841/876 913/1842/878 915/1843/879
f 913/1842/878 914/1844/880 916/1845/881
f 911/1840/877 914/1846/880 913/1839/878
f 916/1845/881 915/1843/879 913/1842/878
f 914/1844/880 917/1847/882 916/1845/881
f 918/1848/883 916/1845/881 917/1847/882
f 916/1849/881 918/1850/883 920/1851/884
f 915/1852/879 916/1849/881 919/1853/885
f 920/1851/884 919/1853/885 916/1849/881
f 919/1854/885 920/1855/884 922/1856/886
f 920/1855/884 921/1857/887 923/1858/888
f 921/1859/887 920/1851/884 918/1850/883
f 923/1858/888 922/1856/886 920/1855/884
f 922/1856/886 923/1858/888 925/1860/889
f 923/1858/888 924/1861/890 926/1862/891
f 924/1861/890 923/1858/888 921/1857/887
f 926/1862/891 925/1860/889 923/1858/888
f 927/1863/892 926/1862/891 924/1861/890
f 925/1864/889 926/1865/891 928/1866/893
f 929/1867/894 926/1865/891 927/1868/892
f 929/1867/894 928/1866/893 926/1865/891
f 929/1869/894 927/1870/892 931/1871/895
f 928/1872/893 929/1869/894 930/1873/896
f 931/1871/895 930/1873/896 929/1869/894
f 927/1870/892 935/1874/897 931/1871/895
f 930/1873/896 931/1871/895 932/1875/898
f 933/1876/898 932/1875/898 931/1871/895
f 933/1876/898 931/1871/895 934/1877/899
f 934/1877/899 931/1871/895 935/1874/897
f 935/1878/897 927/1879/892 937/1880/900
f 935/1874/897 936/1881/901 934/1877/899
f 937/1880/900 936/1882/901 935/1878/897
f 924/1861/890 938/1883/902 937/1884/900
f 937/1884/900 927/1863/892 924/1861/890
f 939/1885/903 937/1884/900 938/1883/902
f 936/1882/901 937/1880/900 939/1886/903
f 941/1887/904 939/1886/903 940/1888/905
f 940/1889/905 939/1885/903 942/1890/906
f 941/1887/904 936/1882/901 939/1886/903
f 938/1883/902 942/1890/906 939/1885/903
f 943/1891/907 944/1892/908 942/1890/906
f 946/1893/909 943/1891/907 942/1890/906
f 945/1894/910 942/1890/906 944/1892/908
f 942/1890/906 938/1883/902 946/1893/909
f 940/1889/905 942/1890/906 945/1894/910
f 943/1895/907 946/1896/909 947/1897/911
f 949/1898/912 947/1897/911 946/1896/909
f 938/1883/902 948/1899/913 946/1893/909
f 946/1896/909 948/1900/913 949/1898/912
f 950/1901/914 951/1902/915 949/1903/912
f 949/1903/912 952/1904/916 950/1901/914
f 947/1905/911 949/1903/912 951/1902/915
f 952/1906/916 949/1898/912 948/1900/913
f 955/1907/917 950/1901/914 952/1904/916
f 953/1908/918 952/1906/916 954/1909/919
f 952/1904/916 953/1910/918 955/1907/917
f 948/1900/913 954/1909/919 952/1906/916
f 955/1911/917 956/1912/920 957/1913/921
f 956/1912/920 955/1911/917 959/1914/922
f 955/1915/917 957/1916/921 958/1917/923
f 958/1918/923 950/1919/914 955/1920/917
f 959/1921/922 955/1907/917 953/1910/918
f 959/1914/922 960/1922/924 956/1912/920
f 960/1922/924 959/1914/922 917/1923/882
f 917/1847/882 959/1921/922 918/1848/883
f 953/1910/918 918/1848/883 959/1921/922
f 917/1923/882 961/1924/925 960/1922/924
f 960/1925/924 961/1926/925 963/1927/926
f 956/1928/920 960/1925/924 962/1929/927
f 963/1927/926 962/1929/927 960/1925/924
f 964/1930/928 965/1931/929 963/1932/926
f 963/1932/926 966/1933/930 964/1930/928
f 962/1934/927 963/1932/926 965/1931/929
f 966/1935/930 963/1927/926 961/1926/925
f 968/1936/931 964/1930/928 966/1933/930
f 967/1937/932 966/1935/930 961/1926/925
f 966/1933/930 967/1938/932 968/1936/931
f 969/1939/933 970/1940/934 968/1941/931
f 968/1941/931 971/1942/935 969/1939/933
f 964/1943/928 968/1941/931 970/1940/934
f 971/1944/935 968/1936/931 967/1938/932
f 902/1945/867 971/1944/935 972/1946/936
f 971/1942/935 902/1819/867 899/1818/866
f 899/1818/866 969/1939/933 971/1942/935
f 967/1938/932 972/1946/936 971/1944/935
f 972/1946/936 908/1834/874 902/1945/867
f 908/1832/874 972/1947/936 911/1838/877
f 972/1947/936 967/1937/932 911/1838/877
f 973/1948/937 974/1949/938 970/1950/934
f 970/1950/934 969/1951/933 973/1948/937
f 975/1952/939 970/1950/934 974/1949/938
f 970/1940/934 975/1953/939 964/1943/928
f 976/1954/940 977/1955/941 975/1952/939
f 974/1949/938 976/1954/940 975/1952/939
f 978/1956/942 975/1953/939 977/1957/941
f 975/1953/939 978/1956/942 979/1958/943
f 979/1958/943 965/1959/929 975/1953/939
f 965/1959/929 964/1943/928 975/1953/939
f 979/1960/943 980/1961/944 981/1962/945
f 980/1963/944 979/1958/943 978/1956/942
f 965/1931/929 979/1964/943 962/1934/927
f 981/1965/945 962/1929/927 979/1966/943
f 956/1928/920 962/1929/927 981/1965/945
f 981/1965/945 982/1967/946 956/1928/920
f 982/1968/946 981/1962/945 980/1961/944
f 980/1961/944 983/1969/947 982/1968/946
f 984/1970/948 982/1968/946 983/1969/947
f 982/1967/946 984/1971/948 957/1972/921
f 957/1972/921 956/1928/920 982/1967/946
f 983/1969/947 985/1973/949 984/1970/948
f 986/1974/950 984/1970/948 985/1973/949
f 984/1971/948 986/1975/950 958/1976/923
f 958/1976/923 957/1972/921 984/1971/948
f 989/1977/951 986/1974/950 987/1978/952
f 988/1979/953 987/1978/952 986/1974/950
f 985/1973/949 988/1979/953 986/1974/950
f 986/1975/950 989/1980/951 990/1981/954
f 990/1981/954 958/1976/923 986/1975/950
f 993/1982/955 990/1981/954 991/1983/956
f 989/1980/951 991/1983/956 990/1981/954
f 990/1984/954 992/1985/957 951/1986/915
f 951/1986/915 958/1987/923 990/1984/954
f 992/1985/957 990/1984/954 993/1988/955
f 991/1983/956 994/1989/958 993/1982/955
f 994/1989/958 995/1990/959 993/1982/955
f 996/1991/960 993/1982/955 995/1990/959
f 997/1992/961 993/1988/955 996/1993/960
f 993/1988/955 997/1992/961 992/1985/957
f 996/1993/960 1000/1994/962 997/1992/961
f 992/1995/957 997/1996/961 947/1905/911
f 998/1997/963 947/1905/911 997/1996/961
f 999/1998/964 998/1997/963 997/1996/961
f 997/1996/961 1000/1999/962 999/1998/964
f 1000/1994/962 996/1993/960 1001/2000/965
f 1002/2001/966 1000/1994/962 1001/2000/965
f 1003/2002/967 1000/1999/962 1002/2003/966
f 1003/2002/967 999/1998/964 1000/1999/962
f 1005/2004/968 1003/2002/967 1004/2005/969
f 1002/2003/966 1004/2005/969 1003/2002/967
f 999/2006/964 1003/2007/967 1006/2008/970
f 1003/2007/967 1005/2009/968 1008/2010/971
f 1007/2011/972 1006/2008/970 1003/2007/967
f 1008/2010/971 1007/2011/972 1003/2007/967
f 1007/2012/972 1008/2013/971 1009/2014/973
f 1010/2015/974 1008/2010/971 1005/2009/968
f 1008/2013/971 1010/2016/974 1009/2014/973
f 1010/2016/974 1011/2017/975 922/1856/886
f 1011/2018/975 1010/2019/974 1012/2020/976
f 1005/2021/968 1012/2020/976 1010/2019/974
f 922/1856/886 1009/2014/973 1010/2016/974
f 1004/2005/969 1013/2022/977 1012/2023/976
f 1012/2023/976 1005/2004/968 1004/2005/969
f 1013/2022/977 912/1841/876 1012/2023/976
f 915/1843/879 1012/2023/976 912/1841/876
f 1012/2020/976 915/1852/879 1011/2018/975
f 1014/2024/978 1013/2025/977 1004/2026/969
f 1013/2025/977 1014/2024/978 909/1836/873
f 909/1836/873 912/1835/876 1013/2025/977
f 1004/2026/969 1015/2027/979 1014/2024/978
f 1014/2028/978 1015/2029/979 1016/2030/980
f 909/1831/873 1014/2028/978 1016/2030/980
f 1017/2031/981 905/2032/870 1016/2033/980
f 1016/2033/980 1018/2034/982 1017/2031/981
f 1016/2030/980 906/1829/871 909/1831/873
f 906/1826/871 1016/2035/980 905/1824/870
f 1018/2036/982 1016/2030/980 1015/2029/979
f 1020/2037/983 1017/2031/981 1018/2034/982
f 1019/2038/984 1018/2036/982 1015/2029/979
f 1018/2034/982 1019/2039/984 1020/2037/983
f 1017/2040/981 1020/2041/983 1021/2042/985
f 1020/2041/983 1022/2043/986 1021/2042/985
f 1022/2044/986 1020/2037/983 1019/2039/984
f 1023/2045/987 1021/2042/985 1022/2043/986
f 1023/2045/987 1022/2043/986 1024/2046/988
f 1024/2047/988 1022/2044/986 1025/2048/989
f 1019/2039/984 1025/2048/989 1022/2044/986
f 1001/2049/965 1026/2050/990 1025/2051/989
f 1025/2048/989 1026/2052/990 1024/2047/988
f 1025/2051/989 1019/2038/984 1015/2029/979
f 1015/2029/979 1001/2049/965 1025/2051/989
f 1027/2053/991 1026/2050/990 996/1991/960
f 1026/2052/990 1027/2054/991 1028/2055/992
f 1001/2049/965 996/1991/960 1026/2050/990
f 1028/2055/992 1024/2047/988 1026/2052/990
f 1024/2046/988 1028/2056/992 1029/2057/993
f 1031/2058/994 1029/2057/993 1028/2056/992
f 1030/2059/995 1028/2055/992 1027/2054/991
f 1028/2056/992 1030/2060/995 1031/2058/994
f 1032/2061/996 1031/2058/994 1035/2062/997
f 1031/2063/994 1032/2064/996 1033/2065/998
f 1033/2065/998 1034/2066/999 1031/2063/994
f 1029/2067/993 1031/2068/994 1034/2069/999
f 1030/2060/995 1035/2062/997 1031/2058/994
f 1032/2061/996 1035/2062/997 1036/2070/1000
f 1036/2071/1000 1035/2072/997 994/2073/958
f 1035/2072/997 1030/2074/995 995/2075/959
f 995/2075/959 994/2073/958 1035/2072/997
f 1037/2076/1001 1032/2061/996 1036/2070/1000
f 1036/2070/1000 1038/2077/1002 1037/2076/1001
f 1038/2078/1002 1036/2071/1000 991/2079/956
f 994/2073/958 991/2079/956 1036/2071/1000
f 1038/2077/1002 987/2080/952 1037/2076/1001
f 987/1978/952 1038/2078/1002 989/1977/951
f 991/2079/956 989/1977/951 1038/2078/1002
f 1037/2081/1001 1039/2082/1003 1041/2083/1004
f 1039/2084/1003 1037/2076/1001 987/2080/952
f 1040/2085/1005 1037/2086/1001 1043/2087/1006
f 1037/2076/1001 1040/2088/1005 1032/2061/996
f 1041/2083/1004 1042/2089/1007 1037/2081/1001
f 1037/2086/1001 1042/2090/1007 1043/2087/1006
f 1042/2091/1007 1046/2092/1008 1043/2093/1006
f 1043/2094/1006 1045/2095/1009 1044/2096/1010
f 1040/2097/1005 1043/2094/1006 1044/2096/1010
f 1045/2098/1009 1043/2099/1006 1047/2100/1011
f 1048/2101/1012 1043/2102/1006 1046/2103/1008
f 1048/2104/1012 1047/2100/1011 1043/2099/1006
f 1046/2103/1008 1049/2105/1013 1048/2101/1012
f 1051/2106/1014 1047/2107/1011 1048/2108/1012
f 1050/2109/1015 1048/2108/1012 1049/2110/1013
f 1050/2109/1015 1051/2106/1014 1048/2108/1012
f 1054/2111/1016 1047/2107/1011 1051/2106/1014
f 1051/2112/1014 1050/2113/1015 1055/2114/1017
f 1054/2111/1016 1051/2106/1014 1052/2115/1018
f 1052/2115/1018 1051/2106/1014 1053/2116/1019
f 1051/2117/1014 1055/2118/1017 1053/2119/1019
f 1055/2120/1017 1056/2121/1020 1058/2122/1021
f 1055/2120/1017 1059/2123/1022 1056/2121/1020
f 1058/2122/1021 1057/2124/1023 1055/2120/1017
f 1057/2124/1023 1053/2116/1019 1055/2120/1017
f 1059/2125/1022 1055/2114/1017 1050/2113/1015
f 1059/2123/1022 1060/2126/1024 1056/2121/1020
f 1061/2127/1025 1060/2128/1024 1059/2125/1022
f 1059/2125/1022 1050/2113/1015 1061/2127/1025
f 1063/2129/1026 1061/2130/1025 1062/2131/1027
f 1049/2110/1013 1062/2131/1027 1061/2130/1025
f 1061/2130/1025 1050/2109/1015 1049/2110/1013
f 1063/2132/1026 1064/2133/1028 1061/2134/1025
f 1060/2135/1024 1061/2134/1025 1064/2133/1028
f 1065/2136/1029 1064/2133/1028 1063/2132/1026
f 1066/2137/1030 1064/2133/1028 1065/2136/1029
f 1064/2133/1028 1066/2137/1030 1067/2138/1031
f 1067/2138/1031 1068/2139/1032 1064/2133/1028
f 1068/2139/1032 1070/2140/1033 1064/2133/1028
f 1064/2141/1028 1069/2142/1034 1060/2126/1024
f 1069/2143/1034 1064/2133/1028 1070/2140/1033
f 1070/2140/1033 1072/2144/1035 1069/2143/1034
f 1068/2139/1032 1071/2145/1036 1070/2140/1033
f 1070/2140/1033 1071/2145/1036 1072/2144/1035
f 1076/2146/1037 1072/2147/1035 1073/2148/1038
f 1073/2149/1038 1072/2144/1035 1071/2145/1036
f 1075/2150/1039 1069/2142/1034 1072/2147/1035
f 1076/2146/1037 1074/2151/1040 1072/2147/1035
f 1072/2147/1035 1074/2151/1040 1075/2150/1039
f 1074/2151/1040 1076/2146/1037 1078/2152/1041
f 1076/2146/1037 1079/2153/1042 1077/2154/1043
f 1077/2154/1043 1078/2152/1041 1076/2146/1037
f 1073/2148/1038 1079/2153/1042 1076/2146/1037
f 1073/2148/1038 1080/2155/1044 1079/2153/1042
f 1080/2155/1044 1081/2156/1045 1079/2153/1042
f 1081/2156/1045 1082/2157/1046 1079/2153/1042
f 1082/2157/1046 1077/2154/1043 1079/2153/1042
f 1077/2154/1043 1082/2157/1046 1084/2158/1047
f 1085/2159/1048 1082/2157/1046 1083/2160/1049
f 1082/2157/1046 1081/2156/1045 1083/2160/1049
f 1085/2159/1048 1084/2158/1047 1082/2157/1046
f 1083/2160/1049 1087/2161/1050 1085/2159/1048
f 1084/2158/1047 1085/2159/1048 1086/2162/1051
f 1085/2159/1048 1088/2163/1052 1086/2162/1051
f 1087/2161/1050 1088/2163/1052 1085/2159/1048
f 1091/2164/1053 1088/2165/1052 1089/2166/1054
f 1088/2163/1052 1087/2161/1050 1089/2167/1054
f 1086/2162/1051 1088/2163/1052 1090/2168/1055
f 1088/2165/1052 1092/2169/1056 1090/2170/1055
f 1088/2165/1052 1091/2164/1053 1092/2169/1056
f 1092/2169/1056 1091/2164/1053 1093/2171/1057
f 1093/2171/1057 1094/2172/1058 1092/2169/1056
f 1090/2170/1055 1092/2169/1056 1094/2172/1058
f 1095/2173/1059 1094/2174/1058 1096/2175/1060
f 1094/2172/1058 1095/2176/1059 1090/2170/1055
f 1094/2177/1058 1093/2178/1057 1097/2179/1061
f 1097/2180/1061 1096/2175/1060 1094/2174/1058
f 1097/2181/1061 1099/2182/1062 1098/2183/1063
f 1098/2183/1063 1100/2184/1064 1097/2181/1061
f 1096/2185/1060 1097/2181/1061 1100/2184/1064
f 1099/2186/1062 1097/2179/1061 1093/2178/1057
f 1102/2187/1065 1101/2188/1066 1100/2184/1064
f 1104/2189/1067 1100/2184/1064 1101/2188/1066
f 1103/2190/1068 1102/2187/1065 1100/2184/1064
f 1100/2184/1064 1098/2183/1063 1103/2190/1068
f 1100/2184/1064 1104/2189/1067 1096/2185/1060
f 1105/2191/1069 1106/2192/1070 1104/2189/1067
f 1104/2189/1067 1101/2188/1066 1105/2191/1069
f 1104/2189/1067 1106/2192/1070 1107/2193/1071
f 1107/2193/1071 1096/2185/1060 1104/2189/1067
f 1107/2194/1071 1108/2195/1072 1110/2196/1073
f 1108/2197/1072 1107/2193/1071 1106/2192/1070
f 1096/2175/1060 1107/2194/1071 1095/2173/1059
f 1109/2198/1074 1095/2173/1059 1107/2194/1071
f 1110/2196/1073 1109/2198/1074 1107/2194/1071
f 1112/2199/1075 1111/2200/1076 1110/2201/1073
f 1109/2202/1074 1110/2201/1073 1111/2200/1076
f 1110/2201/1073 1113/2203/1077 1112/2199/1075
f 1113/2204/1077 1110/2196/1073 1108/2195/1072
f 1113/2203/1077 1114/2205/1078 1112/2199/1075
f 1114/2206/1078 1113/2204/1077 1115/2207/1079
f 1108/2195/1072 1115/2207/1079 1113/2204/1077
f 1115/2207/1079 1116/2208/1080 1114/2206/1078
f 1116/2209/1080 1115/2210/1079 1117/2211/1081
f 1115/2210/1079 1108/2197/1072 1106/2192/1070
f 1106/2192/1070 1117/2211/1081 1115/2210/1079
f 1117/2211/1081 1106/2192/1070 1118/2212/1082
f 1118/2212/1082 1120/2213/1083 1117/2211/1081
f 1117/2211/1081 1119/2214/1084 1116/2209/1080
f 1119/2214/1084 1117/2211/1081 1120/2213/1083
f 1122/2215/1085 1121/2216/1086 1120/2217/1083
f 1123/2218/1087 1120/2217/1083 1121/2216/1086
f 1120/2217/1083 1118/2219/1082 1122/2215/1085
f 1120/2213/1083 1123/2220/1087 1119/2214/1084
f 1124/2221/1088 1123/2218/1087 1121/2216/1086
f 1123/2220/1087 1124/2222/1088 1125/2223/1089
f 1125/2223/1089 1119/2214/1084 1123/2220/1087
f 1125/2223/1089 1126/2224/1090 1127/2225/1091
f 1126/2224/1090 1125/2223/1089 1124/2222/1088
f 1119/2214/1084 1125/2223/1089 1128/2226/1092
f 1127/2225/1091 1128/2226/1092 1125/2223/1089
f 1116/2208/1080 1128/2227/1092 1129/2228/1093
f 1128/2226/1092 1116/2209/1080 1119/2214/1084
f 1130/2229/1094 1129/2228/1093 1128/2227/1092
f 1128/2227/1092 1127/2230/1091 1130/2229/1094
f 1132/2231/1095 1131/2232/1096 1130/2233/1094
f 1129/2234/1093 1130/2233/1094 1131/2232/1096
f 1130/2233/1094 1133/2235/1097 1132/2231/1095
f 1133/2236/1097 1130/2229/1094 1127/2230/1091
f 1133/2235/1097 1134/2237/1098 1132/2231/1095
f 1134/2238/1098 1133/2236/1097 1135/2239/1099
f 1127/2230/1091 1135/2239/1099 1133/2236/1097
f 1135/2240/1099 1127/2225/1091 1126/2224/1090
f 1136/2241/1100 1135/2240/1099 1126/2224/1090
f 1135/2239/1099 1136/2242/1100 1134/2238/1098
f 1126/2224/1090 1137/2243/1101 1136/2241/1100
f 1138/2244/1102 1136/2241/1100 1137/2243/1101
f 1136/2242/1100 1138/2245/1102 1134/2238/1098
f 1137/2243/1101 1141/2246/1103 1138/2244/1102
f 1138/2245/1102 1139/2247/1104 1140/2248/1105
f 1139/2249/1104 1138/2244/1102 1141/2246/1103
f 1140/2248/1105 1134/2238/1098 1138/2245/1102
f 1143/2250/1106 1142/2251/1107 1141/2246/1103
f 1144/2252/1108 1141/2246/1103 1142/2251/1107
f 1143/2250/1106 1141/2246/1103 1137/2243/1101
f 1141/2246/1103 1144/2252/1108 1145/2253/1109
f 1145/2253/1109 1139/2249/1104 1141/2246/1103
f 1145/2254/1109 1146/2255/1110 1147/2256/1111
f 1146/2257/1110 1145/2253/1109 1144/2252/1108
f 1139/2247/1104 1145/2254/1109 1148/2258/1112
f 1147/2256/1111 1148/2258/1112 1145/2254/1109
f 1148/2258/1112 1140/2248/1105 1139/2247/1104
f 1140/2259/1105 1148/2260/1112 1149/2261/1113
f 1148/2260/1112 1147/2262/1111 1149/2261/1113
f 1149/2261/1113 1150/2263/1114 1140/2259/1105
f 1152/2264/1115 1150/2263/1114 1149/2261/1113
f 1151/2265/1116 1149/2261/1113 1147/2262/1111
f 1149/2261/1113 1151/2265/1116 1152/2264/1115
f 1153/2266/1117 1150/2263/1114 1152/2264/1115
f 1152/2267/1115 1154/2268/1118 1153/2269/1117
f 1154/2268/1118 1152/2267/1115 1156/2270/1119
f 1156/2271/1119 1152/2264/1115 1155/2272/1120
f 1155/2272/1120 1152/2264/1115 1151/2265/1116
f 1157/2273/1121 1158/2274/1122 1156/2270/1119
f 1159/2275/1123 1157/2276/1121 1156/2271/1119
f 1154/2277/1118 1156/2278/1119 1158/2279/1122
f 1156/2271/1119 1155/2272/1120 1159/2275/1123
f 1160/2280/1124 1163/2281/1125 1159/2282/1123
f 1160/2280/1124 1159/2282/1123 1161/2283/1126
f 1159/2275/1123 1155/2272/1120 1162/2284/1127
f 1159/2275/1123 1162/2284/1127 1161/2285/1126
f 1157/2273/1121 1159/2282/1123 1163/2281/1125
f 1163/2281/1125 1164/2286/1128 1157/2273/1121
f 1160/2280/1124 1165/2287/1129 1163/2281/1125
f 1164/2286/1128 1163/2281/1125 1165/2287/1129
f 1167/2288/1130 1165/2287/1129 1166/2289/1131
f 1166/2289/1131 1165/2287/1129 1168/2290/1132
f 1165/2287/1129 1167/2288/1130 1164/2286/1128
f 1165/2287/1129 1160/2280/1124 1168/2290/1132
f 1168/2290/1132 1160/2280/1124 1169/2291/1133
f 1169/2291/1133 1170/2292/1134 1168/2290/1132
f 1170/2292/1134 1171/2293/1135 1168/2290/1132
f 1172/2294/1136 1168/2290/1132 1171/2293/1135
f 1168/2290/1132 1172/2294/1136 1166/2289/1131
f 1175/2295/1137 1172/2294/1136 1173/2296/1138
f 1171/2297/1135 1173/2298/1138 1172/2299/1136
f 1172/2294/1136 1175/2295/1137 1174/2300/1139
f 1174/2300/1139 1166/2289/1131 1172/2294/1136
f 1174/2300/1139 1175/2295/1137 1176/2301/1140
f 1176/2301/1140 1175/2295/1137 1177/2302/1141
f 1178/2303/1142 1177/2302/1141 1175/2295/1137
f 1179/2304/1143 1178/2305/1142 1175/2306/1137
f 1175/2306/1137 1180/2307/1144 1179/2304/1143
f 1173/2298/1138 1180/2307/1144 1175/2306/1137
f 1179/2304/1143 1180/2307/1144 1183/2308/1145
f 1180/2307/1144 1173/2298/1138 1181/2309/1146
f 1181/2309/1146 1182/2310/1147 1180/2307/1144
f 1180/2307/1144 1182/2310/1147 1184/2311/1148
f 1184/2311/1148 1183/2308/1145 1180/2307/1144
f 1183/2308/1145 1184/2311/1148 1185/2312/1149
f 1186/2313/1150 1185/2312/1149 1184/2311/1148
f 1182/2310/1147 1187/2314/1151 1184/2311/1148
f 1184/2311/1148 1187/2314/1151 1186/2313/1150
f 1182/2310/1147 1190/2315/1152 1187/2314/1151
f 1188/2316/1153 1186/2313/1150 1187/2314/1151
f 1187/2314/1151 1189/2317/1154 1188/2316/1153
f 1189/2317/1154 1187/2314/1151 1190/2315/1152
f 1190/2315/1152 1182/2310/1147 1181/2309/1146
f 1181/2309/1146 1191/2318/1155 1190/2315/1152
f 1191/2318/1155 1192/2319/1156 1190/2315/1152
f 1190/2315/1152 1192/2319/1156 1189/2317/1154
f 1191/2318/1155 1194/2320/1157 1192/2319/1156
f 1192/2319/1156 1193/2321/1158 1189/2317/1154
f 1192/2319/1156 1195/2322/1159 1193/2321/1158
f 1195/2322/1159 1192/2319/1156 1194/2320/1157
f 1197/2323/1160 1195/2322/1159 1196/2324/1161
f 1196/2324/1161 1195/2322/1159 1194/2320/1157
f 1197/2323/1160 1193/2321/1158 1195/2322/1159
f 1193/2321/1158 1197/2323/1160 1198/2325/1162
f 1199/2326/1163 1198/2325/1162 1197/2323/1160
f 1197/2323/1160 1200/2327/1164 1199/2326/1163
f 1196/2324/1161 1200/2327/1164 1197/2323/1160
f 1196/2324/1161 1201/2328/1165 1200/2327/1164
f 1202/2329/1166 1200/2327/1164 1201/2328/1165
f 1200/2327/1164 1202/2329/1166 1199/2326/1163
f 1201/2328/1165 1203/2330/1167 1202/2329/1166
f 1204/2331/1168 1199/2326/1163 1202/2329/1166
f 1205/2332/1169 1202/2329/1166 1203/2330/1167
f 1202/2329/1166 1205/2332/1169 1204/2331/1168
f 1205/2332/1169 1207/2333/1170 1206/2334/1171
f 1206/2334/1171 1204/2331/1168 1205/2332/1169
f 1208/2335/1172 1207/2333/1170 1205/2332/1169
f 1205/2332/1169 1203/2330/1167 1208/2335/1172
f 1209/2336/1173 1208/2335/1172 1203/2330/1167
f 1211/2337/1174 1208/2335/1172 1209/2336/1173
f 1210/2338/1175 1207/2333/1170 1208/2335/1172
f 1208/2335/1172 1211/2337/1174 1210/2338/1175
f 1211/2337/1174 1212/2339/1176 1213/2340/1177
f 1211/2337/1174 1209/2336/1173 1212/2339/1176
f 1213/2340/1177 1210/2338/1175 1211/2337/1174
f 1215/2341/1178 1214/2342/1179 1213/2340/1177
f 1210/2338/1175 1213/2340/1177 1214/2342/1179
f 1213/2340/1177 1216/2343/1180 1215/2341/1178
f 1216/2343/1180 1213/2340/1177 1212/2339/1176
f 1212/2339/1176 1217/2344/1181 1216/2343/1180
f 1218/2345/1182 1215/2341/1178 1216/2343/1180
f 1219/2346/1183 1216/2343/1180 1217/2344/1181
f 1216/2343/1180 1219/2346/1183 1218/2345/1182
f 1217/2344/1181 1220/2347/1184 1219/2346/1183
f 1219/2346/1183 1221/2348/1185 1218/2345/1182
f 1220/2347/1184 1221/2348/1185 1219/2346/1183
f 1220/2347/1184 1224/2349/1186 1221/2348/1185
f 1222/2350/1187 1218/2345/1182 1221/2348/1185
f 1222/2350/1187 1221/2348/1185 1223/2351/1188
f 1224/2349/1186 1223/2351/1188 1221/2348/1185
f 1224/2349/1186 1220/2347/1184 1225/2352/1189
f 1225/2352/1189 1226/2353/1190 1224/2349/1186
f 1226/2353/1190 1227/2354/1191 1224/2349/1186
f 1224/2349/1186 1227/2354/1191 1223/2351/1188
f 1228/2355/1192 1227/2356/1191 1226/2357/1190
f 1223/2358/1188 1227/2356/1191 1228/2355/1192
f 1229/2359/1193 1230/2360/1194 1228/2355/1192
f 1226/2357/1190 1229/2359/1193 1228/2355/1192
f 1228/2355/1192 1230/2360/1194 1231/2361/1195
f 1228/2355/1192 1231/2361/1195 1223/2358/1188
f 1232/2362/1196 1231/2361/1195 1230/2360/1194
f 1222/2363/1187 1231/2361/1195 1234/2364/1197
f 1231/2361/1195 1222/2363/1187 1223/2358/1188
f 1231/2361/1195 1232/2362/1196 1233/2365/1198
f 1233/2365/1198 1234/2364/1197 1231/2361/1195
f 1234/2364/1197 1233/2365/1198 1235/2366/1199
f 1222/2363/1187 1234/2364/1197 1236/2367/1200
f 1235/2366/1199 1237/2368/1201 1234/2364/1197
f 1236/2367/1200 1234/2364/1197 1237/2368/1201
f 1240/2369/1202 1238/2370/1203 1237/2371/1201
f 1239/2372/1204 1237/2371/1201 1238/2370/1203
f 1237/2368/1201 1239/2373/1204 1236/2367/1200
f 1237/2368/1201 1235/2366/1199 1240/2374/1202
f 1238/2370/1203 1240/2369/1202 1241/2375/1205
f 1240/2369/1202 1242/2376/1206 1241/2375/1205
f 1242/2376/1206 1240/2369/1202 1235/2377/1199
f 1242/2376/1206 1245/2378/1207 1243/2379/1208
f 1243/2379/1208 1241/2375/1205 1242/2376/1206
f 1242/2376/1206 1246/2380/1209 1244/2381/1210
f 1245/2378/1207 1242/2376/1206 1244/2381/1210
f 1246/2380/1209 1242/2376/1206 1247/2382/1211
f 1248/2383/1212 1247/2382/1211 1242/2376/1206
f 1235/2377/1199 1248/2383/1212 1242/2376/1206
f 1250/2384/1213 1249/2385/1214 1248/2386/1212
f 1247/2387/1211 1248/2386/1212 1249/2385/1214
f 1248/2386/1212 1235/2366/1199 1250/2384/1213
f 1232/2362/1196 1251/2388/1215 1250/2384/1213
f 1250/2384/1213 1233/2365/1198 1232/2362/1196
f 1233/2365/1198 1250/2384/1213 1235/2366/1199
f 1249/2385/1214 1250/2384/1213 1251/2388/1215
f 1251/2388/1215 1232/2362/1196 1253/2389/1216
f 1252/2390/1217 1249/2385/1214 1251/2388/1215
f 1251/2388/1215 1254/2391/1218 1252/2390/1217
f 1253/2389/1216 1255/2392/1219 1251/2388/1215
f 1254/2391/1218 1251/2388/1215 1255/2392/1219
f 1258/2393/1220 1255/2392/1219 1256/2394/1221
f 1256/2394/1221 1255/2392/1219 1253/2389/1216
f 1255/2392/1219 1257/2395/1222 1254/2391/1218
f 1257/2395/1222 1255/2392/1219 1258/2393/1220
f 1259/2396/1223 1257/2395/1222 1258/2393/1220
f 1260/2397/1224 1259/2396/1223 1258/2393/1220
f 1258/2393/1220 1261/2398/1225 1260/2397/1224
f 1261/2398/1225 1258/2393/1220 1256/2394/1221
f 1262/2399/1226 1260/2397/1224 1261/2398/1225
f 1263/2400/1227 1261/2398/1225 1256/2394/1221
f 1261/2398/1225 1263/2400/1227 1262/2399/1226
f 1264/2401/1228 1262/2399/1226 1263/2400/1227
f 1263/2400/1227 1266/2402/1229 1264/2401/1228
f 1265/2403/1230 1263/2400/1227 1256/2394/1221
f 1266/2402/1229 1263/2400/1227 1265/2403/1230
f 1264/2401/1228 1266/2402/1229 1267/2404/1231
f 1267/2404/1231 1266/2402/1229 1268/2405/1232
f 1265/2403/1230 1268/2405/1232 1266/2402/1229
f 1268/2406/1232 1270/2407/1233 1267/2408/1231
f 1271/2409/1234 1269/2410/1235 1268/2411/1232
f 1270/2412/1233 1268/2413/1232 1269/2414/1235
f 1272/2415/1236 1271/2416/1234 1268/2405/1232
f 1268/2405/1232 1265/2403/1230 1272/2415/1236
f 1272/2415/1236 1229/2359/1193 1226/2357/1190
f 1265/2403/1230 1229/2359/1193 1272/2415/1236
f 1272/2417/1236 1226/2353/1190 1271/2409/1234
f 1226/2353/1190 1273/2418/1237 1271/2409/1234
f 1269/2410/1235 1271/2409/1234 1273/2418/1237
f 1269/2410/1235 1273/2418/1237 1275/2419/1238
f 1273/2418/1237 1225/2352/1189 1274/2420/1239
f 1274/2420/1239 1276/2421/1240 1273/2418/1237
f 1275/2419/1238 1273/2418/1237 1276/2421/1240
f 1273/2418/1237 1226/2353/1190 1225/2352/1189
f 1277/2422/1241 1275/2419/1238 1276/2421/1240
f 1277/2422/1241 1276/2421/1240 1278/2423/1242
f 1278/2423/1242 1276/2421/1240 1280/2424/1243
f 1276/2421/1240 1274/2420/1239 1209/2336/1173
f 1276/2421/1240 1209/2336/1173 1279/2425/1244
f 1276/2421/1240 1279/2425/1244 1280/2424/1243
f 1281/2426/1245 1280/2424/1243 1279/2425/1244
f 1280/2427/1243 1281/2428/1245 1282/2429/1246
f 1280/2427/1243 1282/2429/1246 1283/2430/1247
f 1278/2431/1242 1280/2427/1243 1283/2430/1247
f 1284/2432/1248 1283/2433/1247 1285/2434/1249
f 1283/2430/1247 1284/2435/1248 1278/2431/1242
f 1286/2436/1250 1285/2434/1249 1283/2433/1247
f 1283/2433/1247 1282/2437/1246 1286/2436/1250
f 1287/2438/1251 1286/2436/1250 1290/2439/1252
f 1286/2440/1250 1287/2441/1251 1291/2442/1253
f 1289/2443/1254 1288/2444/1255 1286/2445/1250
f 1285/2446/1249 1286/2445/1250 1288/2444/1255
f 1291/2447/1253 1289/2448/1254 1286/2449/1250
f 1282/2437/1246 1290/2439/1252 1286/2436/1250
f 1291/2450/1253 1294/2451/1256 1292/2452/1257
f 1289/2453/1254 1291/2450/1253 1292/2452/1257
f 1287/2454/1251 1293/2455/1258 1291/2456/1253
f 1294/2457/1256 1291/2456/1253 1293/2455/1258
f 1146/2255/1110 1294/2457/1256 1295/2458/1259
f 1294/2451/1256 1146/2257/1110 1296/2459/1260
f 1293/2455/1258 1295/2458/1259 1294/2457/1256
f 1296/2459/1260 1292/2452/1257 1294/2451/1256
f 1296/2459/1260 1144/2252/1108 1297/2460/1261
f 1297/2460/1261 1298/2461/1262 1296/2459/1260
f 1292/2452/1257 1296/2459/1260 1298/2461/1262
f 1144/2252/1108 1296/2459/1260 1146/2257/1110
f 1300/2462/1263 1299/2463/1264 1298/2464/1262
f 1301/2465/1265 1298/2464/1262 1299/2463/1264
f 1298/2464/1262 1297/2466/1261 1300/2462/1263
f 1298/2461/1262 1301/2467/1265 1292/2452/1257
f 1299/2463/1264 1302/2468/1266 1301/2465/1265
f 1303/2469/1267 1301/2470/1265 1302/2471/1266
f 1301/2467/1265 1303/2472/1267 1304/2473/1268
f 1304/2473/1268 1292/2452/1257 1301/2467/1265
f 1303/2472/1267 1305/2474/1269 1304/2473/1268
f 1306/2475/1270 1304/2473/1268 1305/2474/1269
f 1304/2473/1268 1306/2475/1270 1307/2476/1271
f 1292/2452/1257 1304/2473/1268 1289/2453/1254
f 1307/2476/1271 1288/2477/1255 1304/2473/1268
f 1288/2477/1255 1289/2453/1254 1304/2473/1268
f 1308/2478/1272 1307/2476/1271 1306/2475/1270
f 1307/2479/1271 1308/2480/1272 1309/2481/1273
f 1309/2481/1273 1310/2482/1274 1307/2479/1271
f 1288/2444/1255 1307/2479/1271 1310/2482/1274
f 1311/2483/1275 1312/2484/1276 1310/2485/1274
f 1310/2485/1274 1309/2486/1273 1311/2483/1275
f 1312/2484/1276 1285/2434/1249 1310/2485/1274
f 1285/2446/1249 1288/2444/1255 1310/2482/1274
f 1314/2487/1277 1312/2484/1276 1311/2483/1275
f 1312/2488/1276 1314/2489/1277 1313/2490/1278
f 1313/2491/1278 1315/2492/1279 1312/2484/1276
f 1285/2434/1249 1312/2484/1276 1315/2492/1279
f 1315/2493/1279 1317/2494/1280 1316/2495/1281
f 1316/2495/1281 1277/2496/1241 1315/2493/1279
f 1315/2493/1279 1313/2497/1278 1317/2494/1280
f 1284/2435/1248 1315/2493/1279 1277/2496/1241
f 1315/2492/1279 1284/2432/1248 1285/2434/1249
f 1267/2408/1231 1317/2498/1280 1314/2487/1277
f 1317/2498/1280 1267/2408/1231 1270/2407/1233
f 1316/2495/1281 1317/2494/1280 1270/2499/1233
f 1313/2497/1278 1314/2500/1277 1317/2494/1280
f 1269/2410/1235 1316/2501/1281 1270/2502/1233
f 1316/2501/1281 1269/2410/1235 1275/2419/1238
f 1275/2419/1238 1277/2422/1241 1316/2501/1281
f 1311/2483/1275 1318/2503/1282 1314/2487/1277
f 1314/2487/1277 1318/2503/1282 1267/2408/1231
f 1311/2483/1275 1319/2504/1283 1318/2503/1282
f 1318/2505/1282 1264/2401/1228 1267/2404/1231
f 1319/2504/1283 1264/2506/1228 1318/2503/1282
f 1319/2504/1283 1320/2507/1284 1264/2506/1228
f 1319/2504/1283 1321/2508/1285 1320/2507/1284
f 1319/2504/1283 1311/2483/1275 1321/2508/1285
f 1321/2508/1285 1311/2483/1275 1309/2486/1273
f 1322/2509/1286 1321/2508/1285 1309/2486/1273
f 1320/2507/1284 1321/2508/1285 1322/2509/1286
f 1323/2510/1287 1322/2509/1286 1324/2511/1288
f 1322/2509/1286 1323/2510/1287 1325/2512/1289
f 1322/2509/1286 1309/2486/1273 1324/2511/1288
f 1325/2512/1289 1320/2507/1284 1322/2509/1286
f 1326/2513/1290 1327/2514/1291 1325/2512/1289
f 1325/2512/1289 1323/2510/1287 1326/2513/1290
f 1325/2515/1289 1327/2516/1291 1328/2517/1292
f 1325/2518/1289 1328/2519/1292 1329/2520/1293
f 1325/2515/1289 1329/2521/1293 1320/2522/1284
f 1330/2523/1294 1259/2396/1223 1329/2521/1293
f 1259/2396/1223 1260/2397/1224 1329/2521/1293
f 1320/2522/1284 1329/2521/1293 1260/2397/1224
f 1330/2523/1294 1329/2521/1293 1331/2524/1295
f 1329/2521/1293 1328/2517/1292 1331/2524/1295
f 1331/2524/1295 1328/2517/1292 1333/2525/1296
f 1332/2526/1297 1330/2523/1294 1331/2524/1295
f 1333/2525/1296 1332/2526/1297 1331/2524/1295
f 1333/2525/1296 1334/2527/1298 1336/2528/1299
f 1334/2529/1298 1333/2530/1296 1335/2531/1300
f 1333/2532/1296 1326/2533/1290 1335/2534/1300
f 1336/2528/1299 1332/2526/1297 1333/2525/1296
f 1326/2513/1290 1333/2530/1296 1327/2514/1291
f 1328/2517/1292 1327/2516/1291 1333/2525/1296
f 1332/2526/1297 1336/2528/1299 1337/2535/1301
f 1337/2535/1301 1336/2528/1299 1338/2536/1302
f 1339/2537/1303 1338/2536/1302 1336/2528/1299
f 1334/2527/1298 1339/2537/1303 1336/2528/1299
f 1339/2538/1303 1334/2529/1298 1340/2539/1304
f 1339/2537/1303 1340/2540/1304 1338/2536/1302
f 1341/2541/1305 1338/2536/1302 1340/2540/1304
f 1340/2540/1304 1342/2542/1306 1341/2541/1305
f 1343/2543/1307 1342/2544/1306 1340/2539/1304
f 1345/2545/1308 1343/2543/1307 1340/2539/1304
f 1334/2529/1298 1335/2531/1300 1340/2539/1304
f 1340/2539/1304 1335/2531/1300 1344/2546/1309
f 1344/2546/1309 1345/2545/1308 1340/2539/1304
f 1343/2547/1307 1345/2548/1308 1346/2549/1310
f 1347/2550/1311 1346/2549/1310 1345/2548/1308
f 1345/2548/1308 1344/2551/1309 1347/2550/1311
f 1346/2549/1310 1347/2550/1311 1348/2552/1312
f 1349/2553/1313 1348/2554/1312 1347/2555/1311
f 1347/2555/1311 1350/2556/1314 1349/2553/1313
f 1350/2557/1314 1347/2550/1311 1344/2551/1309
f 1351/2558/1315 1349/2553/1313 1350/2556/1314
f 1350/2556/1314 1352/2559/1316 1351/2558/1315
f 1352/2560/1316 1350/2557/1314 1353/2561/1317
f 1344/2551/1309 1353/2561/1317 1350/2557/1314
f 1353/2561/1317 1354/2562/1318 1352/2560/1316
f 1353/2563/1317 1335/2531/1300 1326/2513/1290
f 1353/2563/1317 1344/2546/1309 1335/2531/1300
f 1354/2564/1318 1353/2563/1317 1326/2513/1290
f 1326/2513/1290 1323/2510/1287 1354/2564/1318
f 1356/2565/1319 1354/2564/1318 1323/2510/1287
f 1355/2566/1320 1352/2560/1316 1354/2562/1318
f 1354/2562/1318 1356/2567/1319 1355/2566/1320
f 1324/2511/1288 1356/2565/1319 1323/2510/1287
f 1357/2568/1321 1355/2566/1320 1356/2567/1319
f 1356/2567/1319 1324/2569/1288 1357/2568/1321
f 1355/2570/1320 1357/2571/1321 1358/2572/1322
f 1357/2571/1321 1308/2478/1272 1358/2572/1322
f 1308/2480/1272 1357/2568/1321 1324/2569/1288
f 1359/2573/1323 1358/2572/1322 1306/2475/1270
f 1359/2573/1323 1361/2574/1324 1358/2572/1322
f 1358/2572/1322 1360/2575/1325 1355/2570/1320
f 1360/2575/1325 1358/2572/1322 1361/2574/1324
f 1306/2475/1270 1358/2572/1322 1308/2478/1272
f 1361/2576/1324 1359/2577/1323 1362/2578/1326
f 1362/2578/1326 1364/2579/1327 1361/2576/1324
f 1361/2574/1324 1363/2580/1328 1360/2575/1325
f 1363/2581/1328 1361/2576/1324 1364/2579/1327
f 1364/2579/1327 1365/2582/1329 1363/2581/1328
f 1365/2583/1329 1364/2584/1327 1366/2585/1330
f 1364/2584/1327 1362/2586/1326 1366/2585/1330
f 1366/2585/1330 1369/2587/1331 1367/2588/1332
f 1367/2588/1332 1372/2589/1333 1366/2585/1330
f 1368/2590/1334 1370/2591/1335 1366/2585/1330
f 1372/2589/1333 1368/2590/1334 1366/2585/1330
f 1369/2587/1331 1366/2585/1330 1362/2586/1326
f 1366/2585/1330 1370/2591/1335 1371/2592/1336
f 1371/2592/1336 1365/2583/1329 1366/2585/1330
f 1373/2593/1337 1372/2594/1333 1367/2595/1332
f 1372/2594/1333 1373/2593/1337 1374/2596/1338
f 1374/2596/1338 1368/2597/1334 1372/2594/1333
f 1375/2598/1339 1378/2599/1340 1374/2600/1338
f 1376/2601/1341 1375/2598/1339 1374/2600/1338
f 1374/2600/1338 1373/2602/1337 1376/2601/1341
f 1368/2603/1334 1374/2604/1338 1377/2605/1342
f 1378/2599/1340 1377/2606/1342 1374/2600/1338
f 1380/2607/1343 1379/2608/1344 1378/2609/1340
f 1381/2610/1345 1378/2609/1340 1379/2608/1344
f 1378/2609/1340 1375/2611/1339 1380/2607/1343
f 1378/2599/1340 1381/2612/1345 1382/2613/1346
f 1382/2613/1346 1377/2606/1342 1378/2599/1340
f 1383/2614/1347 1382/2613/1346 1381/2612/1345
f 1385/2615/1348 1377/2605/1342 1382/2616/1346
f 1384/2617/1349 1382/2616/1346 1383/2618/1347
f 1382/2616/1346 1384/2617/1349 1385/2615/1348
f 1385/2619/1348 1384/2620/1349 1370/2591/1335
f 1368/2590/1334 1385/2619/1348 1370/2591/1335
f 1377/2605/1342 1385/2615/1348 1368/2603/1334
f 1383/2618/1347 1386/2621/1350 1384/2617/1349
f 1384/2620/1349 1386/2622/1350 1387/2623/1351
f 1387/2623/1351 1370/2591/1335 1384/2620/1349
f 1387/2623/1351 1388/2624/1352 1389/2625/1353
f 1388/2624/1352 1387/2623/1351 1392/2626/1354
f 1370/2591/1335 1387/2623/1351 1390/2627/1355
f 1389/2625/1353 1391/2628/1356 1387/2623/1351
f 1391/2628/1356 1390/2627/1355 1387/2623/1351
f 1386/2622/1350 1392/2626/1354 1387/2623/1351
f 1392/2626/1354 1393/2629/1357 1395/2630/1358
f 1396/2631/1359 1393/2632/1357 1392/2633/1354
f 1394/2634/1360 1392/2633/1354 1386/2621/1350
f 1392/2633/1354 1394/2634/1360 1396/2631/1359
f 1392/2626/1354 1395/2630/1358 1388/2624/1352
f 1398/2635/1361 1396/2636/1359 1397/2637/1362
f 1399/2638/1363 1397/2637/1362 1396/2636/1359
f 1396/2636/1359 1394/2639/1360 1399/2638/1363
f 1393/2632/1357 1396/2631/1359 1398/2640/1361
f 1397/2641/1362 1399/2642/1363 1401/2643/1364
f 1381/2612/1345 1399/2638/1363 1383/2614/1347
f 1399/2642/1363 1381/2610/1345 1400/2644/1365
f 1394/2639/1360 1383/2614/1347 1399/2638/1363
f 1400/2644/1365 1401/2643/1364 1399/2642/1363
f 1401/2645/1364 1402/2646/1366 1406/2647/1367
f 1402/2646/1366 1401/2645/1364 1403/2648/1368
f 1401/2645/1364 1400/2649/1365 1403/2648/1368
f 1401/2643/1364 1404/2650/1369 1397/2641/1362
f 1404/2651/1369 1401/2645/1364 1405/2652/1370
f 1407/2653/1371 1405/2652/1370 1401/2645/1364
f 1406/2647/1367 1407/2653/1371 1401/2645/1364
f 1408/2654/1372 1409/2655/1373 1407/2656/1371
f 1407/2656/1371 1406/2657/1367 1408/2654/1372
f 1405/2658/1370 1407/2656/1371 1409/2655/1373
f 1411/2659/1374 1410/2660/1375 1409/2661/1373
f 1409/2655/1373 1410/2662/1375 1405/2658/1370
f 1412/2663/898 1411/2659/1374 1409/2661/1373
f 1409/2661/1373 1408/2664/1372 1412/2663/898
f 1412/2663/898 1414/2665/1376 1411/2659/1374
f 1412/2663/898 1413/2666/1377 1416/2667/1378
f 1413/2666/1377 1412/2663/898 1417/2668/898
f 1412/2663/898 1415/2669/1379 1414/2665/1376
f 1415/2669/1379 1412/2663/898 1416/2667/1378
f 1417/2668/898 1412/2663/898 1408/2664/1372
f 1417/2668/898 1419/2670/1380 1413/2666/1377
f 1418/2671/1381 1417/2668/898 1423/2672/898
f 1418/2671/1381 1420/2673/1382 1417/2668/898
f 1421/2674/1383 1419/2670/1380 1417/2668/898
f 932/1875/898 1417/2668/898 1420/2673/1382
f 1417/2668/898 1425/2675/898 1421/2674/1383
f 1424/2676/898 1417/2668/898 1422/2677/1384
f 1426/2678/1385 1422/2677/1384 1417/2668/898
f 1417/2668/898 1424/2676/898 1423/2672/898
f 1425/2675/898 1417/2668/898 932/1875/898
f 1417/2668/898 1408/2664/1372 1426/2678/1385
f 1406/2679/1367 1427/2680/1386 1426/2681/1385
f 1422/2682/1384 1426/2681/1385 1427/2680/1386
f 1426/2681/1385 1408/2683/1372 1406/2679/1367
f 1402/2646/1366 1427/2684/1386 1406/2647/1367
f 1402/2646/1366 1429/2685/1387 1427/2684/1386
f 1427/2680/1386 1428/2686/1388 1422/2682/1384
f 1429/2685/1387 1428/2687/1388 1427/2684/1386
f 1430/2688/1389 1433/2689/1390 1429/2685/1387
f 1430/2688/1389 1429/2685/1387 1434/2690/1391
f 1431/2691/1392 1429/2685/1387 1402/2646/1366
f 1429/2685/1387 1431/2691/1392 1434/2690/1391
f 1404/2651/1369 1429/2685/1387 1432/2692/1393
f 1429/2685/1387 1404/2651/1369 1428/2687/1388
f 1432/2692/1393 1429/2685/1387 1433/2689/1390
f 1434/2690/1391 1435/2693/1394 1437/2694/1395
f 1435/2695/1394 1434/2696/1391 1436/2697/1396
f 901/2698/862 1436/2697/1396 1434/2696/1391
f 1434/2699/1391 1431/2700/1392 901/2701/862
f 1437/2694/1395 1430/2688/1389 1434/2690/1391
f 1435/2693/1394 1438/2702/1387 1437/2694/1395
f 1439/2703/1397 1437/2694/1395 1438/2702/1387
f 1437/2704/1395 1439/2705/1397 1440/2706/1398
f 1440/2707/1398 1441/2708/1399 1437/2709/1395
f 1430/2710/1389 1437/2709/1395 1441/2708/1399
f 1441/2711/1399 1440/2712/1398 1423/2672/898
f 1441/2708/1399 1442/2713/1400 1430/2710/1389
f 1442/2714/1400 1441/2711/1399 1423/2672/898
f 1433/2715/1390 1430/2716/1389 1442/2717/1400
f 1424/2676/898 1443/2718/1401 1442/2714/1400
f 1442/2717/1400 1443/2719/1401 1433/2715/1390
f 1423/2672/898 1424/2676/898 1442/2714/1400
f 1445/2720/1402 1444/2721/1403 1443/2718/1401
f 1443/2719/1401 1444/2722/1403 1433/2715/1390
f 1424/2676/898 1445/2720/1402 1443/2718/1401
f 1445/2720/1402 1440/2712/1398 1444/2721/1403
f 1445/2723/1402 1423/2724/898 1440/2725/1398
f 1449/2726/1404 1446/2727/1405 1445/2728/1402
f 1423/2672/898 1445/2720/1402 1446/2729/1405
f 1424/2676/898 1447/2730/1406 1445/2720/1402
f 1448/2731/1407 1445/2728/1402 1447/2732/1406
f 1445/2728/1402 1448/2731/1407 1449/2726/1404
f 1449/2726/1404 1448/2731/1407 1451/2733/1408
f 1450/2734/1409 1449/2735/1404 1451/2736/1408
f 1446/2727/1405 1449/2726/1404 1450/2737/1409
f 1455/2738/1410 1451/2739/1408 1452/2740/1411
f 1453/2741/1412 1452/2740/1411 1451/2739/1408
f 1454/2742/1413 1451/2733/1408 1448/2731/1407
f 1451/2739/1408 1454/2743/1413 1453/2741/1412
f 1451/2744/1408 1455/2745/1410 1450/2746/1409
f 1457/2747/1414 1450/2748/1409 1455/2738/1410
f 1455/2738/1410 1458/2749/1415 1456/2750/1416
f 1456/2750/1416 1457/2747/1414 1455/2738/1410
f 1458/2749/1415 1455/2738/1410 1452/2740/1411
f 1456/2751/1416 1458/2752/1415 1459/2753/1417
f 1458/2749/1415 1452/2740/1411 1460/2754/1418
f 1458/2749/1415 1460/2754/1418 1459/2755/1417
f 1460/2756/1418 1461/2757/1419 1462/2758/1420
f 1452/2740/1411 1461/2759/1419 1460/2754/1418
f 1463/2760/1421 1460/2756/1418 1462/2758/1420
f 1463/2760/1421 1464/2761/1422 1460/2756/1418
f 1459/2762/1417 1460/2756/1418 1464/2761/1422
f 1459/2753/1417 1464/2763/1422 1468/2764/1423
f 1464/2765/1422 1467/2766/898 1465/2767/1424
f 1465/2767/1424 1466/2768/1425 1464/2765/1422
f 1468/2769/1423 1464/2765/1422 1466/2768/1425
f 1467/2766/898 1464/2765/1422 1463/2770/1421
f 1469/2771/1426 1457/2772/1414 1468/2769/1423
f 1469/2771/1426 1468/2769/1423 1466/2768/1425
f 1468/2764/1423 1456/2751/1416 1459/2753/1417
f 1456/2751/1416 1468/2764/1423 1457/2773/1414
f 1470/2774/1427 1457/2775/1414 1469/2776/1426
f 1471/2777/1428 1470/2778/1427 1469/2779/1426
f 1469/2779/1426 1472/2780/1429 1471/2777/1428
f 1466/2768/1425 1472/2781/1429 1469/2771/1426
f 1477/2782/1430 1471/2777/1428 1472/2780/1429
f 1473/2783/1431 1472/2780/1429 1474/2784/1432
f 1477/2782/1430 1472/2780/1429 1473/2783/1431
f 1475/2785/1433 1474/2786/1432 1472/2781/1429
f 1472/2781/1429 1476/2787/1434 1475/2785/1433
f 1466/2788/1425 1476/2789/1434 1472/2790/1429
f 1482/2791/898 1477/2792/1430 1478/2793/1435
f 1479/2794/1380 1478/2793/1435 1477/2792/1430
f 1477/2792/1430 1480/2795/1436 1479/2794/1380
f 1481/2796/1437 1480/2797/1436 1477/2782/1430
f 1477/2782/1430 1473/2783/1431 1481/2796/1437
f 1482/2791/898 1471/2798/1428 1477/2792/1430
f 1482/2791/898 1487/2799/898 1483/2800/898
f 1482/2791/898 1483/2800/898 1486/2801/1438
f 1482/2791/898 1484/2802/1439 1490/2803/1440
f 1478/2793/1435 1484/2802/1439 1482/2791/898
f 1486/2801/1438 1485/2804/1441 1482/2791/898
f 1482/2791/898 1485/2804/1441 1488/2805/1442
f 1487/2799/898 1482/2791/898 1490/2803/1440
f 1489/2806/898 1482/2791/898 1488/2805/1442
f 1482/2791/898 1489/2806/898 1471/2798/1428
f 1492/2807/1443 1491/2808/1444 1490/2809/1440
f 1493/2810/1445 1490/2809/1440 1491/2808/1444
f 1490/2809/1440 1484/2811/1439 1492/2807/1443
f 1487/2799/898 1490/2803/1440 1493/2812/1445
f 1491/2808/1444 1494/2813/1446 1493/2810/1445
f 1495/2814/1447 1493/2815/1445 1494/2816/1446
f 1493/2812/1445 1495/2817/1447 1487/2799/898
f 1494/2816/1446 1496/2818/1448 1495/2814/1447
f 1479/2819/1380 1495/2814/1447 1496/2818/1448
f 1495/2817/1447 1479/2794/1380 1480/2795/1436
f 1480/2795/1436 1487/2799/898 1495/2817/1447
f 1499/2820/1387 1497/2821/1449 1496/2822/1448
f 1498/2823/1450 1496/2822/1448 1497/2821/1449
f 1496/2818/1448 1498/2824/1450 1479/2819/1380
f 1496/2822/1448 1494/2825/1446 1499/2820/1387
f 1044/2826/1010 1499/2820/1387 1500/2827/1451
f 1499/2820/1387 1033/2828/998 1500/2827/1451
f 1033/2828/998 1499/2820/1387 1494/2825/1446
f 1501/2829/1452 1499/2820/1387 1502/2830/1453
f 1499/2820/1387 1501/2829/1452 1497/2821/1449
f 1499/2820/1387 1503/2831/1454 1502/2830/1453
f 1503/2831/1454 1499/2820/1387 1044/2826/1010
f 1503/2832/1454 1504/2833/1455 1505/2834/1456
f 1044/2826/1010 1504/2835/1455 1503/2831/1454
f 1502/2836/1453 1503/2837/1454 1507/2838/1457
f 1505/2834/1456 1506/2839/1458 1503/2832/1454
f 1506/2839/1458 1507/2840/1457 1503/2832/1454
f 1507/2838/1457 1508/2841/1459 1502/2836/1453
f 1487/2799/898 1507/2842/1457 1506/2843/1458
f 1508/2844/1459 1507/2842/1457 1487/2799/898
f 1509/2845/1460 1508/2844/1459 1511/2846/1461
f 1508/2847/1459 1509/2848/1460 1510/2849/1462
f 1510/2850/1462 1502/2836/1453 1508/2841/1459
f 1487/2799/898 1511/2846/1461 1508/2844/1459
f 1511/2846/1461 1512/2851/1463 1509/2845/1460
f 1480/2795/1436 1511/2846/1461 1487/2799/898
f 1513/2852/1464 1512/2853/1463 1511/2854/1461
f 1514/2855/1465 1511/2854/1461 1480/2797/1436
f 1511/2854/1461 1514/2855/1465 1513/2852/1464
f 1514/2855/1465 1481/2796/1437 1517/2856/1466
f 1480/2797/1436 1481/2796/1437 1514/2855/1465
f 1514/2857/1465 1515/2858/1467 1513/2859/1464
f 1515/2860/1467 1514/2855/1465 1516/2861/1468
f 1516/2861/1468 1514/2855/1465 1517/2856/1466
f 1474/2784/1432 1517/2856/1466 1481/2796/1437
f 1517/2862/1466 1474/2786/1432 1518/2863/1469
f 1519/2864/1470 1517/2862/1466 1518/2863/1469
f 1517/2862/1466 1519/2864/1470 1516/2865/1468
f 1521/2866/1471 1520/2867/1472 1519/2864/1470
f 1520/2867/1472 1516/2865/1468 1519/2864/1470
f 1522/2868/1473 1519/2864/1470 1518/2863/1469
f 1519/2864/1470 1522/2868/1473 1521/2866/1471
f 1521/2869/1471 1522/2870/1473 1523/2871/1474
f 1518/2863/1469 1526/2872/1475 1522/2868/1473
f 1525/2873/1476 1523/2871/1474 1522/2870/1473
f 1524/2874/1477 1522/2868/1473 1526/2872/1475
f 1522/2868/1473 1524/2874/1477 1525/2875/1476
f 1526/2872/1475 1518/2863/1469 1474/2786/1432
f 1474/2786/1432 1475/2785/1433 1526/2872/1475
f 1475/2785/1433 1529/2876/1478 1526/2872/1475
f 1527/2877/1479 1524/2874/1477 1526/2872/1475
f 1528/2878/1480 1527/2877/1479 1526/2872/1475
f 1529/2876/1478 1528/2878/1480 1526/2872/1475
f 1528/2878/1480 1529/2876/1478 1530/2879/1481
f 1465/2880/1424 1530/2881/1481 1529/2882/1478
f 1476/2787/1434 1529/2876/1478 1475/2785/1433
f 1466/2883/1425 1529/2884/1478 1476/2885/1434
f 1529/2884/1478 1466/2883/1425 1465/2886/1424
f 1531/2887/1482 1530/2881/1481 1532/2888/1483
f 1530/2881/1481 1531/2887/1482 1528/2889/1480
f 1530/2881/1481 1465/2880/1424 1532/2888/1483
f 1532/2888/1483 1533/2890/1484 1531/2887/1482
f 1533/2891/1484 1532/2892/1483 1534/2893/898
f 1532/2892/1483 1465/2767/1424 1534/2893/898
f 1534/2893/898 1539/2894/1485 1533/2891/1484
f 1467/2766/898 1534/2893/898 1465/2767/1424
f 1534/2893/898 1467/2766/898 1538/2895/1486
f 1535/2896/1487 1539/2894/1485 1534/2893/898
f 1537/2897/1488 1535/2896/1487 1534/2893/898
f 1538/2895/1486 1536/2898/1489 1534/2893/898
f 1534/2893/898 1536/2898/1489 1537/2897/1488
f 1539/2894/1485 1535/2896/1487 1540/2899/1490
f 1540/2899/1490 1541/2900/1491 1539/2894/1485
f 1542/2901/1492 1539/2894/1485 1541/2900/1491
f 1539/2894/1485 1542/2901/1492 1533/2891/1484
f 1542/2901/1492 1541/2900/1491 1543/2902/1493
f 1542/2901/1492 1543/2902/1493 1080/2903/1044
f 1080/2903/1044 1544/2904/1494 1542/2901/1492
f 1542/2901/1492 1544/2904/1494 1545/2905/1495
f 1545/2905/1495 1533/2891/1484 1542/2901/1492
f 1546/2906/1496 1533/2890/1484 1545/2907/1495
f 1545/2907/1495 1525/2908/1476 1546/2906/1496
f 1544/2904/1494 1547/2909/1497 1545/2905/1495
f 1545/2910/1495 1547/2911/1497 1523/2871/1474
f 1523/2871/1474 1525/2873/1476 1545/2910/1495
f 1071/2145/1036 1548/2912/1498 1547/2909/1497
f 1547/2911/1497 1548/2913/1498 1521/2869/1471
f 1547/2911/1497 1521/2869/1471 1523/2871/1474
f 1544/2904/1494 1071/2145/1036 1547/2909/1497
f 1550/2914/898 1549/2915/1499 1548/2912/1498
f 1520/2867/1472 1548/2912/1498 1549/2915/1499
f 1520/2916/1472 1521/2869/1471 1548/2913/1498
f 1071/2145/1036 1550/2914/898 1548/2912/1498
f 1549/2915/1499 1550/2914/898 1552/2917/1500
f 1556/2918/898 1550/2914/898 1551/2919/1501
f 1550/2914/898 1065/2136/1029 1551/2919/1501
f 1553/2920/1502 1552/2917/1500 1550/2914/898
f 1550/2914/898 1556/2918/898 1553/2920/1502
f 1555/2921/1503 1550/2914/898 1071/2145/1036
f 1555/2921/1503 1554/2922/1504 1550/2914/898
f 1065/2136/1029 1550/2914/898 1554/2922/1504
f 1556/2918/898 1557/2923/1505 1561/2924/1506
f 1560/2925/1507 1557/2923/1505 1556/2918/898
f 1551/2919/1501 1558/2926/1508 1556/2918/898
f 1556/2918/898 1561/2924/1506 1553/2920/1502
f 1559/2927/1509 1556/2918/898 1558/2926/1508
f 1556/2918/898 1559/2927/1509 1560/2925/1507
f 1562/2928/1510 1561/2929/1506 1557/2930/1505
f 1553/2931/1502 1561/2929/1506 1562/2928/1510
f 1564/2932/1511 1563/2933/1512 1562/2928/1510
f 1562/2928/1510 1563/2933/1512 1566/2934/1513
f 1564/2932/1511 1562/2928/1510 1565/2935/1514
f 1557/2930/1505 1565/2935/1514 1562/2928/1510
f 1562/2928/1510 1566/2934/1513 1553/2931/1502
f 1566/2934/1513 1567/2936/1515 1553/2931/1502
f 1568/2937/1516 1567/2936/1515 1566/2934/1513
f 1563/2933/1512 1568/2937/1516 1566/2934/1513
f 1569/2938/1517 1568/2937/1516 1571/2939/1518
f 1569/2938/1517 1570/2940/1519 1568/2937/1516
f 1570/2940/1519 1567/2936/1515 1568/2937/1516
f 1563/2933/1512 1571/2939/1518 1568/2937/1516
f 1572/2941/1520 1569/2942/1517 1571/2943/1518
f 1572/2941/1520 1571/2943/1518 1573/2944/1521
f 1571/2939/1518 1563/2933/1512 1573/2945/1521
f 1579/2946/1522 1573/2945/1521 1563/2933/1512
f 1574/2947/1523 1573/2944/1521 1577/2948/1524
f 1575/2949/1525 1573/2944/1521 1574/2947/1523
f 1573/2944/1521 1575/2949/1525 1572/2941/1520
f 1573/2950/1521 1578/2951/1526 1576/2952/1527
f 1573/2950/1521 1576/2952/1527 1577/2953/1524
f 1573/2950/1521 1579/2954/1522 1578/2951/1526
f 1578/2951/1526 1579/2954/1522 1564/2955/1511
f 1579/2946/1522 1563/2933/1512 1564/2932/1511
f 1580/2956/1528 1578/2951/1526 1581/2957/1529
f 1580/2956/1528 1576/2952/1527 1578/2951/1526
f 1581/2957/1529 1578/2951/1526 1564/2955/1511
f 1581/2957/1529 1583/2958/1530 1582/2959/1531
f 1584/2960/1532 1581/2957/1529 1582/2959/1531
f 1583/2961/1530 1581/2962/1529 1585/2963/1533
f 1580/2956/1528 1581/2957/1529 1584/2960/1532
f 1581/2964/1529 1564/2932/1511 1585/2965/1533
f 1586/2966/1534 1585/2965/1533 1564/2932/1511
f 1586/2966/1534 1590/2967/1535 1585/2965/1533
f 1583/2968/1530 1585/2965/1533 1588/2969/1536
f 1589/2970/1537 1587/2971/1538 1585/2965/1533
f 1585/2965/1533 1587/2971/1538 1588/2969/1536
f 1585/2965/1533 1590/2967/1535 1589/2970/1537
f 1592/2972/1539 1590/2967/1535 1591/2973/1540
f 1586/2966/1534 1591/2973/1540 1590/2967/1535
f 1593/2974/1541 1589/2970/1537 1590/2967/1535
f 1590/2967/1535 1592/2972/1539 1593/2974/1541
f 1593/2975/1541 1592/2976/1539 1594/2977/1542
f 1595/2978/1543 1593/2974/1541 1594/2979/1542
f 1595/2978/1543 1596/2980/1544 1593/2974/1541
f 1589/2970/1537 1593/2974/1541 1596/2980/1544
f 1597/2981/1545 1596/2980/1544 1598/2982/1546
f 1596/2980/1544 1597/2981/1545 1589/2970/1537
f 1596/2983/1544 1595/2984/1543 1598/2985/1546
f 1598/2982/1546 1606/2986/1547 1597/2981/1545
f 1599/2987/1548 1600/2988/1549 1598/2989/1546
f 1599/2987/1548 1598/2989/1546 1602/2990/1550
f 1603/2991/1551 1598/2989/1546 1600/2988/1549
f 1602/2990/1550 1598/2989/1546 1601/2992/1552
f 1601/2993/1552 1598/2994/1546 1605/2995/1553
f 1603/2991/1551 1604/2996/1554 1598/2989/1546
f 1606/2997/1547 1598/2989/1546 1604/2996/1554
f 1607/2998/1555 1605/2999/1553 1598/2985/1546
f 1595/2984/1543 1607/2998/1555 1598/2985/1546
f 1607/3000/1555 1595/2978/1543 1608/3001/1556
f 1608/3002/1556 1609/3003/1557 1607/3004/1555
f 1605/2995/1553 1607/3004/1555 1609/3003/1557
f 1609/3003/1557 1610/3005/1558 1612/3006/1559
f 1609/3003/1557 1608/3002/1556 1610/3005/1558
f 1605/2995/1553 1609/3003/1557 1611/3007/1560
f 1611/3008/1560 1609/3009/1557 1612/3010/1559
f 1611/3008/1560 1612/3010/1559 1614/3011/1561
f 1613/3012/1562 1612/3006/1559 1615/3013/1563
f 1612/3010/1559 1613/3014/1562 1616/3015/1564
f 1610/3005/1558 1615/3013/1563 1612/3006/1559
f 1616/3015/1564 1614/3011/1561 1612/3010/1559
f 1618/3016/1565 1617/3017/1566 1616/3015/1564
f 1617/3017/1566 1614/3011/1561 1616/3015/1564
f 1616/3015/1564 1619/3018/1567 1618/3016/1565
f 1619/3018/1567 1616/3015/1564 1613/3014/1562
f 1620/3019/1568 1618/3016/1565 1619/3018/1567
f 1621/3020/1569 1620/3019/1568 1619/3018/1567
f 1621/3020/1569 1619/3018/1567 1622/3021/1570
f 1623/3022/1571 1622/3021/1570 1619/3018/1567
f 1623/3022/1571 1619/3018/1567 1624/3023/1572
f 1619/3018/1567 1613/3014/1562 1624/3023/1572
f 1624/3024/1572 1626/3025/1573 1625/3026/1574
f 1623/3027/1571 1624/3024/1572 1625/3026/1574
f 1626/3025/1573 1624/3024/1572 1613/3012/1562
f 1615/3013/1563 1626/3025/1573 1613/3012/1562
f 1626/3025/1573 1615/3013/1563 1625/3026/1574
f 1627/3028/1575 1628/3029/1576 1625/3026/1574
f 1625/3026/1574 1615/3013/1563 1627/3028/1575
f 1623/3027/1571 1625/3026/1574 1628/3029/1576
f 1629/3030/1577 1630/3031/1578 1628/3029/1576
f 1627/3028/1575 1629/3030/1577 1628/3029/1576
f 1623/3032/1571 1628/3033/1576 1630/3034/1578
f 1629/3030/1577 1632/3035/1579 1630/3031/1578
f 1623/3027/1571 1630/3031/1578 1631/3036/1580
f 1631/3036/1580 1630/3031/1578 1632/3035/1579
f 1610/3005/1558 1632/3035/1579 1629/3030/1577
f 1610/3005/1558 1633/3037/1581 1632/3035/1579
f 1632/3035/1579 1633/3037/1581 1634/3038/1582
f 1634/3039/1582 1635/3040/1583 1632/3041/1579
f 1632/3035/1579 1635/3042/1583 1631/3036/1580
f 1636/3043/1584 1635/3042/1583 1634/3038/1582
f 1635/3042/1583 1636/3043/1584 1631/3036/1580
f 1636/3043/1584 1634/3038/1582 1637/3044/1585
f 1637/3044/1585 1638/3045/1586 1636/3043/1584
f 1631/3036/1580 1636/3043/1584 1623/3027/1571
f 1636/3043/1584 1638/3045/1586 1622/3046/1570
f 1636/3043/1584 1622/3046/1570 1623/3027/1571
f 1639/3047/1587 1638/3045/1586 1641/3048/1588
f 1640/3049/1589 1638/3045/1586 1639/3047/1587
f 1638/3045/1586 1637/3044/1585 1641/3048/1588
f 1640/3049/1589 1622/3046/1570 1638/3045/1586
f 1642/3050/1590 1641/3048/1588 1637/3044/1585
f 1645/3051/1591 1641/3052/1588 1642/3053/1590
f 1641/3052/1588 1645/3051/1591 1643/3054/1592
f 1643/3054/1592 1644/3055/1593 1641/3052/1588
f 1644/3056/1593 1639/3047/1587 1641/3048/1588
f 1650/3057/1594 1645/3051/1591 1646/3058/1595
f 1647/3059/1596 1646/3058/1595 1645/3051/1591
f 1648/3060/1597 1647/3059/1596 1645/3051/1591
f 1645/3051/1591 1649/3061/1598 1648/3060/1597
f 1645/3051/1591 1642/3053/1590 1649/3061/1598
f 1643/3054/1592 1645/3051/1591 1651/3062/1599
f 1650/3063/1594 1651/3064/1599 1645/3065/1591
f 1652/3066/1600 1651/3062/1599 1650/3057/1594
f 1653/3067/1601 1651/3062/1599 1652/3066/1600
f 1651/3062/1599 1653/3067/1601 1643/3054/1592
f 1654/3068/1602 1653/3067/1601 1655/3069/1603
f 1654/3068/1602 1643/3054/1592 1653/3067/1601
f 1652/3066/1600 1655/3069/1603 1653/3067/1601
f 1656/3070/1604 1655/3071/1603 1657/3072/1605
f 1655/3073/1603 1656/3074/1604 1654/3075/1602
f 1655/3071/1603 1652/3076/1600 1657/3072/1605
f 1663/3077/1606 1657/3078/1605 1658/3079/1607
f 1658/3079/1607 1657/3078/1605 1662/3080/1608
f 1660/3081/1609 1656/3070/1604 1657/3072/1605
f 1659/3082/1610 1657/3078/1605 1663/3077/1606
f 1657/3083/1605 1659/3084/1610 1660/3085/1609
f 1657/3078/1605 1661/3086/1611 1662/3080/1608
f 1661/3087/1611 1657/3088/1605 1652/3066/1600
f 1664/3089/1612 1663/3077/1606 1658/3079/1607
f 1659/3082/1610 1663/3077/1606 1665/3090/1613
f 1663/3091/1606 1664/3092/1612 1666/3093/1614
f 1665/3094/1613 1663/3095/1606 1667/3096/1615
f 1666/3093/1614 1667/3097/1615 1663/3091/1606
f 1668/3098/1616 1667/3099/1615 1666/3100/1614
f 1667/3096/1615 1668/3101/1616 1665/3094/1613
f 1668/3102/1616 1666/3103/1614 1665/3104/1613
f 1664/3105/1612 1665/3104/1613 1666/3103/1614
f 1665/3090/1613 1670/3106/1617 1659/3082/1610
f 1669/3107/1618 1670/3106/1617 1665/3090/1613
f 1665/3090/1613 1664/3089/1612 1669/3107/1618
f 1670/3108/1617 1674/3109/1619 1671/3110/1620
f 1671/3111/1620 1676/3112/1621 1670/3106/1617
f 1659/3082/1610 1670/3106/1617 1675/3113/1622
f 1669/3107/1618 1673/3114/1623 1670/3106/1617
f 1672/3115/1624 1674/3116/1619 1670/3106/1617
f 1670/3106/1617 1673/3114/1623 1672/3115/1624
f 1676/3112/1621 1675/3113/1622 1670/3106/1617
f 1675/3117/1622 1676/3118/1621 1677/3119/1625
f 1676/3118/1621 1678/3120/1626 1677/3119/1625
f 1678/3120/1626 1676/3118/1621 1671/3121/1620
f 1671/3121/1620 1679/3122/1627 1678/3120/1626
f 1678/3123/1626 1679/3124/1627 1618/3016/1565
f 1618/3016/1565 1620/3019/1568 1678/3123/1626
f 1620/3125/1568 1677/3119/1625 1678/3120/1626
f 1680/3126/1628 1679/3122/1627 1671/3121/1620
f 1679/3122/1627 1680/3126/1628 1618/3127/1565
f 1671/3121/1620 1681/3128/1629 1680/3126/1628
f 1682/3129/1630 1680/3126/1628 1681/3128/1629
f 1680/3126/1628 1682/3129/1630 1618/3127/1565
f 1682/3129/1630 1681/3128/1629 1683/3130/1631
f 1683/3130/1631 1684/3131/1632 1682/3129/1630
f 1682/3132/1630 1684/3133/1632 1617/3134/1566
f 1617/3135/1566 1618/3127/1565 1682/3129/1630
f 1684/3131/1632 1685/3136/1633 1617/3135/1566
f 1686/3137/1634 1685/3136/1633 1684/3131/1632
f 1684/3131/1632 1683/3130/1631 1686/3137/1634
f 1688/3138/1635 1686/3137/1634 1683/3130/1631
f 1686/3137/1634 1687/3139/1636 1685/3136/1633
f 1687/3139/1636 1686/3137/1634 1688/3138/1635
f 1689/3140/1637 1687/3139/1636 1688/3138/1635
f 1690/3141/1638 1689/3140/1637 1688/3138/1635
f 1688/3138/1635 1601/2993/1552 1690/3141/1638
f 1683/3142/1631 1674/3116/1619 1688/3143/1635
f 1691/3144/1639 1688/3143/1635 1674/3116/1619
f 1691/3144/1639 1602/2990/1550 1688/3143/1635
f 1601/2992/1552 1688/3143/1635 1602/2990/1550
f 1691/3145/1639 1692/3146/1640 1693/3147/1641
f 1692/3148/1640 1691/3144/1639 1695/3149/1642
f 1602/3150/1550 1691/3151/1639 1694/3152/1643
f 1693/3153/1641 1694/3152/1643 1691/3151/1639
f 1674/3116/1619 1695/3149/1642 1691/3144/1639
f 1674/3116/1619 1696/3154/1644 1695/3149/1642
f 1695/3149/1642 1696/3154/1644 1698/3155/1645
f 1695/3149/1642 1599/2987/1548 1692/3148/1640
f 1599/2987/1548 1695/3149/1642 1697/3156/1646
f 1695/3149/1642 1698/3155/1645 1697/3156/1646
f 1702/3157/1647 1699/3158/1648 1698/3159/1645
f 1697/3160/1646 1698/3159/1645 1699/3158/1648
f 1698/3159/1645 1701/3161/1649 1700/3162/1650
f 1700/3162/1650 1702/3157/1647 1698/3159/1645
f 1696/3154/1644 1701/3163/1649 1698/3155/1645
f 1702/3157/1647 1700/3162/1650 1703/3164/1651
f 1703/3164/1651 1704/3165/1652 1702/3157/1647
f 1699/3158/1648 1702/3157/1647 1704/3165/1652
f 1704/3165/1652 1705/3166/1653 1699/3158/1648
f 1705/3166/1653 1704/3165/1652 1706/3167/1654
f 1704/3165/1652 1707/3168/1655 1706/3167/1654
f 1707/3168/1655 1704/3165/1652 1703/3164/1651
f 1703/3164/1651 1708/3169/1656 1707/3168/1655
f 1709/3170/1657 1706/3167/1654 1707/3168/1655
f 1709/3170/1657 1707/3168/1655 1708/3169/1656
f 1709/3170/1657 1708/3169/1656 1710/3171/1658
f 1710/3171/1658 1713/3172/1659 1709/3170/1657
f 1716/3173/1660 1711/3174/1661 1709/3175/1657
f 1709/3170/1657 1711/3176/1661 1712/3177/1662
f 1709/3178/1657 1712/3179/1662 1706/3180/1654
f 1713/3181/1659 1714/3182/1663 1709/3175/1657
f 1709/3175/1657 1714/3182/1663 1715/3183/1664
f 1715/3183/1664 1716/3173/1660 1709/3175/1657
f 1716/3184/1660 1715/3185/1664 1719/3186/1665
f 1716/3184/1660 1717/3187/1666 1711/3176/1661
f 1718/3188/1667 1717/3187/1666 1716/3184/1660
f 1719/3186/1665 1718/3188/1667 1716/3184/1660
f 1720/3189/1668 1723/3190/1669 1719/3186/1665
f 1719/3186/1665 1722/3191/1670 1720/3189/1668
f 1719/3186/1665 1723/3190/1669 1721/3192/1671
f 1721/3192/1671 1718/3188/1667 1719/3186/1665
f 1722/3191/1670 1719/3186/1665 1715/3185/1664
f 1723/3190/1669 1726/3193/1672 1724/3194/1673
f 1724/3194/1673 1721/3192/1671 1723/3190/1669
f 1723/3190/1669 1720/3189/1668 1725/3195/1674
f 1725/3195/1674 1727/3196/1675 1723/3190/1669
f 1726/3193/1672 1723/3190/1669 1727/3196/1675
f 1729/3197/1676 1727/3196/1675 1725/3195/1674
f 1728/3198/1677 1727/3199/1675 1731/3200/1678
f 1727/3199/1675 1728/3198/1677 1726/3201/1672
f 1727/3196/1675 1729/3197/1676 1730/3202/1679
f 1730/3203/1679 1731/3200/1678 1727/3199/1675
f 1731/3200/1678 1733/3204/1680 1732/3205/1681
f 1732/3205/1681 1728/3198/1677 1731/3200/1678
f 1731/3206/1678 1730/3207/1679 1658/3079/1607
f 1734/3208/1682 1733/3204/1680 1731/3200/1678
f 1658/3079/1607 1734/3209/1682 1731/3206/1678
f 1735/3210/1683 1734/3209/1682 1736/3211/1684
f 1734/3209/1682 1735/3210/1683 1733/3212/1680
f 1662/3080/1608 1736/3211/1684 1734/3209/1682
f 1734/3209/1682 1658/3079/1607 1662/3080/1608
f 1737/3213/1685 1736/3214/1684 1738/3215/1686
f 1736/3211/1684 1737/3216/1685 1735/3210/1683
f 1736/3217/1684 1662/3218/1608 1739/3219/1687
f 1739/3219/1687 1738/3220/1686 1736/3217/1684
f 1738/3221/1686 1739/3222/1687 1740/3223/1688
f 1740/3224/1688 1739/3225/1687 1662/3226/1608
f 1738/3215/1686 1740/3227/1688 1737/3213/1685
f 1662/3226/1608 1737/3228/1685 1740/3224/1688
f 1737/3216/1685 1662/3080/1608 1661/3086/1611
f 1741/3229/1689 1735/3210/1683 1737/3216/1685
f 1661/3086/1611 1741/3229/1689 1737/3216/1685
f 1743/3230/1690 1742/3231/1691 1741/3232/1689
f 1748/3233/1692 1741/3232/1689 1742/3231/1691
f 1744/3234/1693 1743/3235/1690 1741/3236/1689
f 1745/3237/1694 1744/3238/1693 1741/3232/1689
f 1749/3239/1695 1745/3237/1694 1741/3232/1689
f 1741/3229/1689 1748/3240/1692 1746/3241/1696
f 1747/3242/1697 1741/3229/1689 1746/3241/1696
f 1741/3229/1689 1747/3242/1697 1735/3210/1683
f 1741/3232/1689 1661/3087/1611 1749/3239/1695
f 1749/3239/1695 1750/3243/1698 1752/3244/1699
f 1751/3245/1700 1750/3243/1698 1749/3239/1695
f 1749/3239/1695 1753/3246/1701 1751/3245/1700
f 1745/3237/1694 1749/3239/1695 1752/3244/1699
f 1753/3247/1701 1749/3248/1695 1661/3249/1611
f 1753/3246/1701 1652/3066/1600 1751/3245/1700
f 1652/3066/1600 1753/3246/1701 1661/3087/1611
f 1646/3058/1595 1752/3244/1699 1750/3243/1698
f 1756/3250/1702 1752/3244/1699 1646/3058/1595
f 1752/3244/1699 1755/3251/1703 1745/3237/1694
f 1755/3252/1703 1752/3253/1699 1754/3254/1704
f 1756/3250/1702 1754/3255/1704 1752/3244/1699
f 1757/3256/1705 1756/3250/1702 1759/3257/1706
f 1757/3258/1705 1758/3259/1707 1756/3260/1702
f 1756/3261/1702 1758/3262/1707 1760/3263/1708
f 1646/3058/1595 1759/3257/1706 1756/3250/1702
f 1761/3264/1709 1756/3261/1702 1760/3263/1708
f 1761/3265/1709 1754/3266/1704 1756/3267/1702
f 1761/3265/1709 1762/3268/1710 1763/3269/1711
f 1762/3270/1710 1761/3271/1709 1766/3272/1712
f 1761/3271/1709 1760/3273/1708 1766/3272/1712
f 1763/3269/1711 1764/3274/1713 1761/3265/1709
f 1761/3265/1709 1764/3274/1713 1765/3275/1714
f 1754/3266/1704 1761/3265/1709 1765/3275/1714
f 1766/3272/1712 1767/3276/1715 1762/3270/1710
f 1768/3277/1716 1767/3276/1715 1766/3272/1712
f 1768/3277/1716 1766/3272/1712 1769/3278/1717
f 1769/3278/1717 1766/3272/1712 1760/3273/1708
f 1771/3279/1718 1770/3280/1719 1769/3278/1717
f 1770/3280/1719 1768/3277/1716 1769/3278/1717
f 1771/3279/1718 1769/3278/1717 1772/3281/1720
f 1760/3273/1708 1758/3259/1707 1769/3278/1717
f 1758/3259/1707 1772/3281/1720 1769/3278/1717
f 1774/3282/1721 1772/3283/1720 1773/3284/1722
f 1772/3281/1720 1757/3258/1705 1773/3285/1722
f 1772/3283/1720 1774/3282/1721 1775/3286/1723
f 1775/3286/1723 1771/3287/1718 1772/3283/1720
f 1757/3258/1705 1772/3281/1720 1758/3259/1707
f 1775/3286/1723 1774/3282/1721 1776/3288/1724
f 1776/3288/1724 1777/3289/1725 1775/3286/1723
f 1771/3287/1718 1775/3286/1723 1777/3289/1725
f 1777/3289/1725 1776/3288/1724 1778/3290/1726
f 1778/3291/1726 1779/3292/1727 1777/3293/1725
f 1779/3294/1727 1780/3295/1728 1777/3296/1725
f 1780/3297/1728 1771/3298/1718 1777/3299/1725
f 1780/3295/1728 1779/3294/1727 1781/3300/1729
f 1782/3301/1730 1780/3295/1728 1781/3300/1729
f 1780/3295/1728 1782/3301/1730 1770/3302/1719
f 1770/3302/1719 1771/3303/1718 1780/3295/1728
f 1781/3300/1729 1783/3304/1731 1782/3301/1730
f 1784/3305/1732 1782/3301/1730 1783/3304/1731
f 1770/3302/1719 1782/3301/1730 1784/3305/1732
f 1784/3305/1732 1768/3306/1716 1770/3302/1719
f 1784/3305/1732 1785/3307/1733 1768/3306/1716
f 1785/3307/1733 1784/3305/1732 1786/3308/1734
f 1783/3304/1731 1786/3308/1734 1784/3305/1732
f 1786/3308/1734 1783/3304/1731 1787/3309/1735
f 1788/3310/1736 1786/3308/1734 1787/3309/1735
f 1786/3308/1734 1788/3310/1736 1789/3311/1737
f 1789/3311/1737 1785/3307/1733 1786/3308/1734
f 1768/3306/1716 1789/3311/1737 1790/3312/1738
f 1791/3313/1739 1790/3312/1738 1789/3311/1737
f 1791/3313/1739 1789/3311/1737 1788/3310/1736
f 1789/3311/1737 1768/3306/1716 1785/3307/1733
f 1792/3314/1740 1791/3313/1739 1788/3310/1736
f 1793/3315/1741 1791/3313/1739 1792/3314/1740
f 1794/3316/1742 1791/3313/1739 1793/3315/1741
f 1790/3312/1738 1791/3313/1739 1794/3316/1742
f 1796/3317/1743 1794/3316/1742 1793/3315/1741
f 1794/3316/1742 1795/3318/1744 1790/3312/1738
f 1794/3316/1742 1796/3317/1743 1795/3318/1744
f 1793/3315/1741 1798/3319/1745 1796/3317/1743
f 1798/3319/1745 1797/3320/1746 1796/3317/1743
f 1797/3320/1746 1795/3318/1744 1796/3317/1743
f 1800/3321/1747 1798/3319/1745 1799/3322/1748
f 1798/3319/1745 1793/3315/1741 1799/3322/1748
f 1798/3319/1745 1800/3321/1747 1797/3320/1746
f 1799/3323/1748 1801/3324/1749 1800/3325/1747
f 1802/3326/1750 1800/3325/1747 1801/3324/1749
f 1800/3321/1747 1802/3327/1750 1803/3328/1751
f 1800/3321/1747 1803/3328/1751 1804/3329/1752
f 1804/3329/1752 1797/3320/1746 1800/3321/1747
f 1803/3328/1751 1805/3330/1753 1804/3329/1752
f 1804/3329/1752 1805/3330/1753 1797/3320/1746
f 1803/3328/1751 1806/3331/1754 1805/3330/1753
f 1577/2948/1524 1805/3330/1753 1806/3331/1754
f 1805/3332/1753 1580/2956/1528 1795/3333/1744
f 1805/3332/1753 1577/2953/1524 1580/2956/1528
f 1795/3318/1744 1797/3320/1746 1805/3330/1753
f 1806/3331/1754 1803/3328/1751 1807/3334/1755
f 1807/3334/1755 1808/3335/1756 1806/3331/1754
f 1574/2947/1523 1806/3331/1754 1808/3335/1756
f 1806/3331/1754 1574/2947/1523 1577/2948/1524
f 1808/3336/1756 1807/3337/1755 1801/3324/1749
f 1574/2947/1523 1808/3335/1756 1809/3338/1757
f 1801/3324/1749 1809/3339/1757 1808/3336/1756
f 1809/3339/1757 1811/3340/1758 1810/3341/1759
f 1809/3338/1757 1810/3342/1759 1812/3343/1760
f 1809/3339/1757 1801/3324/1749 1811/3340/1758
f 1812/3343/1760 1574/2947/1523 1809/3338/1757
f 1575/2949/1525 1812/3343/1760 1810/3342/1759
f 1574/2947/1523 1812/3343/1760 1575/2949/1525
f 1811/3340/1758 1813/3344/1761 1810/3341/1759
f 1801/3324/1749 1813/3344/1761 1811/3340/1758
f 1810/3341/1759 1813/3344/1761 1815/3345/1762
f 1813/3344/1761 1816/3346/1763 1814/3347/1764
f 1814/3347/1764 1815/3345/1762 1813/3344/1761
f 1813/3344/1761 1801/3324/1749 1816/3346/1763
f 1817/3348/1765 1814/3347/1764 1816/3346/1763
f 1818/3349/1766 1817/3348/1765 1816/3346/1763
f 1816/3346/1763 1799/3323/1748 1818/3349/1766
f 1799/3323/1748 1816/3346/1763 1801/3324/1749
f 1818/3349/1766 1799/3323/1748 1792/3350/1740
f 1818/3349/1766 1792/3350/1740 1787/3351/1735
f 1817/3348/1765 1818/3349/1766 1819/3352/1767
f 1787/3351/1735 1819/3352/1767 1818/3349/1766
f 1819/3352/1767 1823/3353/1768 1820/3354/1769
f 1820/3354/1769 1821/3355/1770 1819/3352/1767
f 1817/3348/1765 1819/3352/1767 1821/3355/1770
f 1819/3352/1767 1787/3351/1735 1822/3356/1771
f 1822/3356/1771 1823/3353/1768 1819/3352/1767
f 1824/3357/1772 1826/3358/1773 1823/3353/1768
f 1824/3357/1772 1823/3353/1768 1825/3359/1774
f 1823/3353/1768 1829/3360/1775 1825/3359/1774
f 1826/3358/1773 1820/3354/1769 1823/3353/1768
f 1827/3361/1776 1823/3353/1768 1828/3362/1777
f 1823/3353/1768 1827/3361/1776 1829/3360/1775
f 1828/3362/1777 1823/3353/1768 1822/3356/1771
f 1829/3360/1775 1827/3361/1776 1833/3363/1778
f 1829/3360/1775 1832/3364/1779 1825/3359/1774
f 1831/3365/1780 1829/3360/1775 1830/3366/1781
f 1833/3363/1778 1830/3366/1781 1829/3360/1775
f 1829/3360/1775 1831/3365/1780 1832/3364/1779
f 1834/3367/1782 1833/3368/1778 1827/3369/1776
f 1834/3367/1782 1837/3370/1783 1833/3368/1778
f 1837/3371/1783 1835/3372/1784 1833/3373/1778
f 1836/3374/1785 1833/3373/1778 1835/3372/1784
f 1833/3373/1778 1836/3374/1785 1830/3375/1781
f 1835/3372/1784 1837/3371/1783 1838/3376/1786
f 1773/3377/1722 1838/3376/1786 1837/3371/1783
f 1837/3370/1783 1834/3367/1782 1773/3284/1722
f 1840/3378/1787 1835/3372/1784 1838/3376/1786
f 1839/3379/1788 1838/3376/1786 1757/3256/1705
f 1838/3376/1786 1839/3379/1788 1840/3378/1787
f 1757/3256/1705 1838/3376/1786 1773/3377/1722
f 1840/3378/1787 1839/3379/1788 1841/3380/1789
f 1840/3378/1787 1842/3381/1790 1835/3372/1784
f 1841/3380/1789 1842/3381/1790 1840/3378/1787
f 1835/3372/1784 1842/3381/1790 1836/3374/1785
f 1836/3374/1785 1842/3381/1790 1830/3375/1781
f 1842/3381/1790 1843/3382/1791 1830/3375/1781
f 1844/3383/1792 1842/3381/1790 1841/3380/1789
f 1843/3382/1791 1842/3381/1790 1844/3383/1792
f 1845/3384/1793 1850/3385/1794 1844/3386/1792
f 1841/3387/1789 1845/3384/1793 1844/3386/1792
f 1844/3386/1792 1850/3385/1794 1846/3388/1795
f 1844/3386/1792 1846/3388/1795 1847/3389/1796
f 1844/3386/1792 1847/3389/1796 1848/3390/1797
f 1848/3390/1797 1849/3391/1798 1844/3386/1792
f 1844/3386/1792 1849/3391/1798 1843/3392/1791
f 1851/3393/1799 1855/3394/1800 1850/3395/1794
f 1851/3393/1799 1850/3395/1794 1852/3396/1801
f 1854/3397/1802 1852/3396/1801 1850/3395/1794
f 1846/3388/1795 1850/3385/1794 1853/3398/1803
f 1855/3394/1800 1853/3399/1803 1850/3395/1794
f 1854/3397/1802 1850/3395/1794 1845/3400/1793
f 1856/3401/1804 1857/3402/1805 1850/3403/1794
f 1850/3403/1794 1864/3404/1806 1856/3401/1804
f 1858/3405/1807 1850/3403/1794 1857/3402/1805
f 1858/3406/1807 1862/3407/1808 1850/3408/1794
f 1859/3409/1809 1860/3410/1810 1850/3408/1794
f 1850/3408/1794 1862/3407/1808 1859/3409/1809
f 1850/3408/1794 1860/3410/1810 1863/3411/1811
f 1850/3408/1794 1861/3412/1812 1864/3413/1806
f 1863/3411/1811 1861/3412/1812 1850/3408/1794
f 1856/3401/1804 1864/3404/1806 1867/3414/1813
f 1864/3404/1806 1866/3415/1814 1865/3416/1815
f 1865/3416/1815 1867/3414/1813 1864/3404/1806
f 1866/3417/1814 1864/3413/1806 1861/3412/1812
f 1867/3414/1813 1869/3418/1816 1856/3401/1804
f 1867/3419/1813 1865/3420/1815 1868/3421/1817
f 1870/3422/1818 1867/3419/1813 1868/3421/1817
f 1869/3423/1816 1867/3424/1813 1870/3425/1818
f 1870/3426/1818 1872/3427/1819 1871/3428/1820
f 1871/3429/1820 1869/3423/1816 1870/3425/1818
f 1872/3430/1819 1870/3422/1818 1868/3421/1817
f 1872/3427/1819 1874/3431/1821 1873/3432/1822
f 1873/3432/1822 1871/3428/1820 1872/3427/1819
f 1874/3433/1821 1872/3430/1819 1868/3421/1817
f 1875/3434/1823 1873/3432/1822 1874/3431/1821
f 1874/3431/1821 1876/3435/1824 1875/3434/1823
f 1877/3436/1825 1876/3437/1824 1874/3433/1821
f 1874/3433/1821 1868/3421/1817 1877/3436/1825
f 1877/3436/1825 1878/3438/1826 1882/3439/1827
f 1879/3440/1828 1878/3438/1826 1877/3436/1825
f 1877/3441/1825 1868/3442/1817 1881/3443/1829
f 1879/3440/1828 1877/3436/1825 1880/3444/1830
f 1877/3436/1825 1882/3439/1827 1876/3437/1824
f 1880/3445/1830 1877/3446/1825 1881/3447/1829
f 1883/3448/1831 1876/3435/1824 1882/3449/1827
f 1882/3449/1827 1884/3450/1832 1883/3448/1831
f 1884/3450/1832 1882/3449/1827 1878/3451/1826
f 1883/3452/1831 1884/3453/1832 1885/3454/1833
f 1887/3455/1834 1885/3454/1833 1884/3453/1832
f 1878/3451/1826 1886/3456/1835 1884/3450/1832
f 1884/3453/1832 1886/3457/1835 1887/3455/1834
f 1891/3458/1836 1887/3455/1834 1886/3457/1835
f 1885/3454/1833 1887/3455/1834 1890/3459/1837
f 1887/3455/1834 1888/3460/1838 1889/3461/1839
f 1887/3455/1834 1891/3458/1836 1888/3460/1838
f 1887/3455/1834 1889/3461/1839 1890/3459/1837
f 1891/3458/1836 1892/3462/1840 1888/3460/1838
f 1892/3462/1840 1891/3458/1836 1894/3463/1841
f 1891/3464/1836 1886/3465/1835 1893/3466/1842
f 1893/3466/1842 1894/3467/1841 1891/3464/1836
f 1894/3467/1841 1896/3468/1843 1892/3469/1840
f 1893/3466/1842 1895/3470/1844 1894/3467/1841
f 1894/3467/1841 1895/3470/1844 1897/3471/1845
f 1897/3471/1845 1896/3468/1843 1894/3467/1841
f 1898/3472/1846 1897/3471/1845 1895/3470/1844
f 1898/3472/1846 1899/3473/1847 1897/3471/1845
f 1900/3474/1848 1897/3471/1845 1899/3473/1847
f 1896/3468/1843 1897/3471/1845 1900/3474/1848
f 1904/3475/1849 1901/3476/1850 1900/3474/1848
f 1900/3474/1848 1901/3476/1850 1896/3468/1843
f 1899/3473/1847 1902/3477/1851 1900/3474/1848
f 1900/3474/1848 1902/3477/1851 1903/3478/1852
f 1900/3474/1848 1903/3478/1852 1904/3475/1849
f 1901/3476/1850 1904/3475/1849 1905/3479/1853
f 1907/3480/1854 1904/3481/1849 1903/3482/1852
f 1905/3483/1853 1904/3481/1849 1906/3484/1855
f 1907/3480/1854 1906/3484/1855 1904/3481/1849
f 1909/3485/1856 1908/3486/1857 1907/3487/1854
f 1908/3488/1857 1906/3489/1855 1907/3490/1854
f 1907/3487/1854 1910/3491/1858 1909/3485/1856
f 1903/3482/1852 1910/3492/1858 1907/3480/1854
f 1910/3491/1858 1911/3493/1859 1912/3494/1860
f 1911/3495/1859 1910/3492/1858 1902/3496/1851
f 1910/3491/1858 1912/3494/1860 1909/3485/1856
f 1903/3482/1852 1902/3496/1851 1910/3492/1858
f 1911/3493/1859 1914/3497/1861 1912/3494/1860
f 1909/3485/1856 1912/3494/1860 1913/3498/1862
f 1912/3494/1860 1914/3497/1861 1913/3498/1862
f 1911/3493/1859 1918/3499/1863 1914/3497/1861
f 1914/3497/1861 1915/3500/1864 1917/3501/1865
f 1915/3500/1864 1914/3497/1861 1916/3502/1866
f 1918/3499/1863 1916/3502/1866 1914/3497/1861
f 1917/3501/1865 1913/3498/1862 1914/3497/1861
f 1918/3503/1863 1911/3495/1859 1920/3504/1867
f 1918/3499/1863 1919/3505/1868 1916/3502/1866
f 1919/3506/1868 1918/3503/1863 1920/3504/1867
f 1920/3504/1867 1899/3507/1847 1898/3508/1846
f 1902/3496/1851 1899/3507/1847 1920/3504/1867
f 1911/3495/1859 1902/3496/1851 1920/3504/1867
f 1920/3504/1867 1898/3508/1846 1866/3417/1814
f 1861/3412/1812 1920/3504/1867 1866/3417/1814
f 1868/3509/1817 1880/3510/1830 1920/3511/1867
f 1920/3511/1867 1861/3512/1812 1868/3509/1817
f 1881/3447/1829 1920/3513/1867 1880/3445/1830
f 1920/3504/1867 1881/3514/1829 1919/3506/1868
f 1881/3514/1829 1921/3515/1869 1919/3506/1868
f 1919/3506/1868 1921/3515/1869 1922/3516/1870
f 1922/3516/1870 1925/3517/1871 1919/3506/1868
f 1919/3505/1868 1923/3518/1872 1924/3519/1873
f 1926/3520/1874 1923/3521/1872 1919/3506/1868
f 1924/3519/1873 1916/3502/1866 1919/3505/1868
f 1919/3506/1868 1925/3517/1871 1926/3520/1874
f 1928/3522/1875 1926/3523/1874 1925/3524/1871
f 1923/3518/1872 1926/3523/1874 1927/3525/1876
f 1926/3523/1874 1928/3522/1875 1927/3525/1876
f 1925/3524/1871 1930/3526/1877 1928/3522/1875
f 1928/3527/1875 1929/3528/1878 1931/3529/1879
f 1928/3522/1875 1930/3526/1877 1929/3530/1878
f 1928/3522/1875 1931/3531/1879 1927/3525/1876
f 1932/3532/1880 1931/3533/1879 1929/3534/1878
f 1927/3525/1876 1931/3531/1879 1923/3518/1872
f 1924/3519/1873 1923/3518/1872 1931/3531/1879
f 1924/3519/1873 1931/3531/1879 1915/3500/1864
f 1931/3533/1879 1932/3532/1880 1933/3535/1881
f 1931/3533/1879 1933/3535/1881 1915/3536/1864
f 1936/3537/1882 1933/3535/1881 1932/3532/1880
f 1917/3538/1865 1915/3536/1864 1933/3535/1881
f 1934/3539/1883 1917/3538/1865 1933/3535/1881
f 1933/3535/1881 1935/3540/1884 1934/3539/1883
f 1933/3535/1881 1936/3537/1882 1935/3540/1884
f 1936/3537/1882 1937/3541/1885 1935/3540/1884
f 1936/3537/1882 1932/3532/1880 1940/3542/1886
f 1938/3543/1887 1937/3541/1885 1936/3537/1882
f 1939/3544/1888 1938/3543/1887 1936/3537/1882
f 1940/3542/1886 1939/3544/1888 1936/3537/1882
f 1941/3545/1889 1942/3546/1890 1940/3542/1886
f 1941/3545/1889 1940/3542/1886 1943/3547/1891
f 1942/3546/1890 1939/3544/1888 1940/3542/1886
f 1932/3532/1880 1943/3547/1891 1940/3542/1886
f 1932/3532/1880 1944/3548/1892 1943/3547/1891
f 1945/3549/1893 1943/3547/1891 1944/3548/1892
f 1945/3549/1893 1941/3545/1889 1943/3547/1891
f 1944/3548/1892 1946/3550/1894 1945/3549/1893
f 1945/3549/1893 1946/3550/1894 1948/3551/1895
f 1947/3552/1896 1941/3545/1889 1945/3549/1893
f 1948/3551/1895 1947/3552/1896 1945/3549/1893
f 1953/3553/1897 1949/3554/1898 1948/3551/1895
f 1950/3555/1899 1948/3551/1895 1949/3554/1898
f 1950/3555/1899 1947/3552/1896 1948/3551/1895
f 1948/3551/1895 1951/3556/1900 1952/3557/1901
f 1951/3556/1900 1948/3551/1895 1946/3550/1894
f 1948/3551/1895 1952/3557/1901 1953/3553/1897
f 1954/3558/1902 1953/3559/1897 1952/3560/1901
f 1954/3558/1902 1956/3561/1903 1953/3559/1897
f 1956/3561/1903 1955/3562/1904 1953/3559/1897
f 1949/3563/1898 1953/3559/1897 1955/3562/1904
f 1957/3564/1905 1955/3562/1904 1956/3561/1903
f 1956/3561/1903 1954/3558/1902 1958/3565/1906
f 1958/3565/1906 1957/3564/1905 1956/3561/1903
f 1957/3566/1905 1958/3567/1906 1862/3407/1808
f 1859/3568/1809 1958/3565/1906 1954/3558/1902
f 1862/3407/1808 1958/3567/1906 1859/3409/1809
f 1957/3564/1905 1960/3569/1907 1959/3570/1908
f 1959/3570/1908 1955/3562/1904 1957/3564/1905
f 1960/3571/1907 1957/3566/1905 1962/3572/1909
f 1862/3407/1808 1961/3573/1910 1957/3566/1905
f 1962/3572/1909 1957/3566/1905 1961/3573/1910
f 1961/3573/1910 1963/3574/1911 1962/3572/1909
f 1967/3575/1912 1962/3572/1909 1963/3574/1911
f 1962/3576/1909 1967/3577/1912 1964/3578/1913
f 1964/3578/1913 1966/3579/1914 1962/3576/1909
f 1966/3580/1914 1965/3581/1915 1962/3582/1909
f 1968/3583/1916 1962/3582/1909 1965/3581/1915
f 1962/3572/1909 1968/3584/1916 1960/3571/1907
f 1971/3585/1917 1969/3586/1918 1968/3584/1916
f 1968/3584/1916 1969/3586/1918 1970/3587/1919
f 1968/3584/1916 1970/3587/1919 1960/3571/1907
f 1968/3584/1916 1967/3575/1912 1971/3585/1917
f 1965/3588/1915 1964/3589/1913 1968/3590/1916
f 1967/3591/1912 1968/3590/1916 1964/3589/1913
f 1974/3592/1920 1969/3593/1918 1971/3594/1917
f 1971/3594/1917 1972/3595/1921 1973/3596/1922
f 1972/3597/1921 1971/3585/1917 1967/3575/1912
f 1973/3596/1922 1974/3592/1920 1971/3594/1917
f 1974/3598/1920 1973/3599/1922 1975/3600/1923
f 1976/3601/1924 1974/3592/1920 1975/3602/1923
f 1974/3592/1920 1976/3601/1924 1969/3593/1918
f 1977/3603/1925 1976/3601/1924 1975/3602/1923
f 1970/3604/1919 1976/3601/1924 1977/3603/1925
f 1970/3604/1919 1969/3593/1918 1976/3601/1924
f 1977/3603/1925 1949/3563/1898 1959/3570/1908
f 1977/3605/1925 1975/3606/1923 1949/3607/1898
f 1960/3569/1907 1970/3604/1919 1977/3603/1925
f 1977/3603/1925 1959/3570/1908 1960/3569/1907
f 1978/3608/1926 1975/3600/1923 1973/3599/1922
f 1975/3600/1923 1978/3608/1926 1979/3609/1927
f 1949/3554/1898 1975/3600/1923 1979/3609/1927
f 1949/3554/1898 1979/3609/1927 1980/3610/1928
f 1979/3609/1927 1981/3611/1929 1980/3610/1928
f 1982/3612/1930 1981/3611/1929 1979/3609/1927
f 1982/3612/1930 1979/3609/1927 1983/3613/1931
f 1978/3608/1926 1983/3613/1931 1979/3609/1927
f 1983/3613/1931 1984/3614/1932 1982/3612/1930
f 1984/3614/1932 1983/3613/1931 1985/3615/1933
f 1983/3613/1931 1978/3608/1926 1985/3615/1933
f 1986/3616/1934 1984/3614/1932 1985/3615/1933
f 1985/3615/1933 1989/3617/1935 1986/3616/1934
f 1985/3615/1933 1978/3608/1926 1987/3618/1936
f 1987/3618/1936 1988/3619/1937 1985/3615/1933
f 1988/3619/1937 1989/3617/1935 1985/3615/1933
f 1990/3620/1938 1989/3617/1935 1988/3619/1937
f 1989/3617/1935 1990/3620/1938 1986/3616/1934
f 1997/3621/1939 1990/3622/1938 1991/3623/1940
f 1994/3624/1941 1991/3625/1940 1990/3626/1938
f 1990/3620/1938 1992/3627/1942 1986/3616/1934
f 1992/3627/1942 1990/3620/1938 1997/3628/1939
f 1990/3620/1938 1988/3619/1937 1993/3629/1943
f 1990/3630/1938 1993/3631/1943 1996/3632/1944
f 1990/3622/1938 1995/3633/1945 1994/3634/1941
f 1996/3635/1944 1995/3636/1945 1990/3637/1938
f 1997/3628/1939 2001/3638/1946 1998/3639/1947
f 1997/3628/1939 1998/3639/1947 1999/3640/1948
f 1997/3628/1939 1999/3640/1948 1992/3627/1942
f 1991/3623/1940 2000/3641/1949 1997/3621/1939
f 2000/3641/1949 2002/3642/1950 1997/3621/1939
f 2002/3642/1950 2001/3643/1946 1997/3621/1939
f 2001/3644/1946 2002/3645/1950 2003/3646/1951
f 2003/3647/1951 2002/3648/1950 2005/3649/1952
f 2002/3642/1950 2000/3641/1949 2004/3650/1953
f 2002/3642/1950 2004/3650/1953 2005/3651/1952
f 2005/3652/1952 2004/3653/1953 2007/3654/1954
f 2005/3655/1952 2006/3656/1955 2003/3657/1951
f 2006/3658/1955 2005/3652/1952 2007/3654/1954
f 2008/3659/1956 2013/3660/1957 2007/3661/1954
f 2007/3662/1954 2011/3663/1958 2008/3664/1956
f 2007/3654/1954 2014/3665/1959 2009/3666/1960
f 2009/3666/1960 2010/3667/1961 2007/3654/1954
f 2011/3668/1958 2007/3654/1954 2010/3667/1961
f 2004/3653/1953 2014/3665/1959 2007/3654/1954
f 2006/3658/1955 2007/3654/1954 2012/3669/1962
f 2012/3670/1962 2007/3661/1954 2013/3660/1957
f 2009/3671/1960 2014/3672/1959 1991/3623/1940
f 2000/3641/1949 2014/3672/1959 2004/3650/1953
f 2014/3672/1959 2000/3641/1949 1991/3623/1940
f 2013/3673/1957 2008/3674/1956 2015/3675/1963
f 2015/3675/1963 2017/3676/1964 2013/3673/1957
f 2013/3677/1957 2016/3678/1965 2012/3679/1962
f 2016/3680/1965 2013/3673/1957 2018/3681/1966
f 2013/3673/1957 2017/3676/1964 2018/3681/1966
f 2022/3682/1967 2019/3683/1968 2018/3684/1966
f 2018/3681/1966 2019/3685/1968 2016/3680/1965
f 2018/3686/1966 2017/3687/1964 2020/3688/1969
f 2020/3688/1969 2021/3689/1970 2018/3686/1966
f 2018/3684/1966 2021/3690/1970 2022/3682/1967
f 2019/3683/1968 2022/3682/1967 2023/3691/1971
f 2022/3692/1967 2021/3693/1970 2006/3658/1955
f 2006/3658/1955 2012/3669/1962 2022/3692/1967
f 2012/3669/1962 2023/3694/1971 2022/3692/1967
f 2023/3691/1971 2024/3695/1972 2019/3683/1968
f 2025/3696/1973 2024/3695/1972 2023/3691/1971
f 2023/3691/1971 2026/3697/1974 2025/3696/1973
f 2026/3698/1974 2023/3694/1971 2011/3668/1958
f 2012/3669/1962 2011/3668/1958 2023/3694/1971
f 2032/3699/1975 2026/3698/1974 2011/3668/1958
f 2027/3700/1976 2034/3701/1977 2026/3697/1974
f 2026/3697/1974 2029/3702/1978 2027/3700/1976
f 2025/3696/1973 2026/3697/1974 2028/3703/1979
f 2026/3697/1974 2034/3701/1977 2028/3703/1979
f 2031/3704/1387 2029/3705/1978 2026/3698/1974
f 2026/3698/1974 2033/3706/1980 2030/3707/1981
f 2030/3707/1981 2031/3704/1387 2026/3698/1974
f 2032/3699/1975 2033/3706/1980 2026/3698/1974
f 2034/3701/1977 2035/3708/1982 2028/3703/1979
f 2035/3708/1982 2034/3701/1977 2027/3700/1976
f 2028/3703/1979 2035/3708/1982 2036/3709/1983
f 2036/3709/1983 2035/3708/1982 2037/3710/1984
f 2027/3700/1976 2037/3710/1984 2035/3708/1982
f 2037/3710/1984 2027/3700/1976 2039/3711/1985
f 2037/3710/1984 2038/3712/1986 2036/3709/1983
f 2038/3712/1986 2037/3710/1984 2039/3711/1985
f 2039/3711/1985 2027/3700/1976 2029/3702/1978
f 2039/3711/1985 2041/3713/1987 2038/3712/1986
f 2042/3714/1988 2039/3711/1985 2040/3715/1989
f 2040/3715/1989 2039/3711/1985 2029/3702/1978
f 2041/3713/1987 2039/3711/1985 2042/3714/1988
f 2042/3716/1988 2040/3717/1989 2045/3718/1990
f 2045/3718/1990 2043/3719/1991 2042/3716/1988
f 2042/3714/1988 2043/3720/1991 2044/3721/1992
f 2042/3714/1988 2044/3721/1992 2041/3713/1987
f 2046/3722/1993 2045/3723/1990 1964/3724/1913
f 2045/3718/1990 2046/3725/1993 2043/3719/1991
f 2045/3723/1990 2040/3726/1989 1964/3724/1913
f 2046/3725/1993 2048/3727/1994 2047/3728/1995
f 2047/3728/1995 2043/3719/1991 2046/3725/1993
f 2046/3722/1993 1964/3724/1913 1965/3729/1915
f 2048/3730/1994 2046/3722/1993 1965/3729/1915
f 2049/3731/1996 2047/3732/1995 2048/3733/1994
f 2049/3731/1996 2048/3733/1994 2050/3734/1997
f 2050/3735/1997 2048/3730/1994 1965/3729/1915
f 2052/3736/1998 2049/3731/1996 2050/3734/1997
f 2051/3737/1999 2050/3735/1997 1966/3738/1914
f 2050/3734/1997 2051/3739/1999 2052/3736/1998
f 1965/3729/1915 1966/3738/1914 2050/3735/1997
f 2053/3740/2000 2052/3741/1998 2051/3742/1999
f 2052/3741/1998 2053/3740/2000 2054/3743/2001
f 2052/3741/1998 2054/3743/2001 2056/3744/2002
f 2049/3745/1996 2052/3746/1998 2055/3747/2003
f 2055/3747/2003 2052/3746/1998 2056/3748/2002
f 2055/3747/2003 2056/3748/2002 2057/3749/2004
f 2058/3750/2005 2056/3744/2002 2054/3743/2001
f 2056/3748/2002 2059/3751/2006 2057/3749/2004
f 2059/3751/2006 2056/3748/2002 2058/3752/2005
f 2060/3753/2007 2059/3751/2006 1871/3754/1820
f 2059/3751/2006 2060/3753/2007 2057/3749/2004
f 2061/3755/2008 2059/3751/2006 2058/3752/2005
f 2059/3751/2006 2061/3755/2008 1871/3754/1820
f 2062/3756/2009 2061/3757/2008 2058/3750/2005
f 1869/3758/1816 1871/3754/1820 2061/3755/2008
f 2061/3757/2008 2062/3756/2009 1869/3418/1816
f 2058/3750/2005 2064/3759/2010 2062/3756/2009
f 2063/3760/2011 2062/3756/2009 2064/3759/2010
f 2062/3756/2009 2063/3760/2011 1869/3418/1816
f 2054/3743/2001 2065/3761/2012 2064/3759/2010
f 2064/3759/2010 2065/3761/2012 2063/3760/2011
f 2054/3743/2001 2064/3759/2010 2058/3750/2005
f 2054/3743/2001 2066/3762/2013 2065/3761/2012
f 2067/3763/2014 2063/3760/2011 2065/3761/2012
f 2065/3761/2012 2066/3762/2013 2067/3763/2014
f 2063/3760/2011 2067/3763/2014 1869/3418/1816
f 1869/3418/1816 2067/3763/2014 1856/3401/1804
f 1856/3401/1804 2067/3763/2014 2066/3762/2013
f 2066/3762/2013 1857/3402/1805 1856/3401/1804
f 2053/3740/2000 1857/3402/1805 2066/3762/2013
f 2066/3762/2013 2054/3743/2001 2053/3740/2000
f 2068/3764/2015 2060/3753/2007 2069/3765/2016
f 2060/3753/2007 2068/3764/2015 2057/3749/2004
f 2060/3753/2007 1871/3754/1820 2069/3765/2016
f 2068/3764/2015 2069/3765/2016 2070/3766/2017
f 2069/3765/2016 1871/3754/1820 1873/3767/1822
f 1873/3767/1822 1875/3768/1823 2069/3765/2016
f 1885/3454/1833 2069/3765/2016 1875/3768/1823
f 1885/3454/1833 2070/3766/2017 2069/3765/2016
f 2071/3769/2018 2068/3764/2015 2070/3766/2017
f 2071/3769/2018 2070/3766/2017 2072/3770/2019
f 1885/3454/1833 2072/3770/2019 2070/3766/2017
f 2072/3770/2019 1885/3454/1833 2073/3771/2020
f 2072/3770/2019 2073/3771/2020 2074/3772/2021
f 2074/3772/2021 2071/3769/2018 2072/3770/2019
f 2074/3772/2021 2068/3764/2015 2071/3769/2018
f 2068/3764/2015 2074/3772/2021 2076/3773/2022
f 2074/3772/2021 2075/3774/2023 2078/3775/2024
f 2075/3774/2023 2074/3772/2021 2077/3776/2025
f 2074/3772/2021 2078/3775/2024 2076/3773/2022
f 2077/3776/2025 2074/3772/2021 2073/3771/2020
f 2076/3773/2022 2078/3775/2024 2080/3777/2026
f 2075/3774/2023 2079/3778/2027 2078/3775/2024
f 2078/3775/2024 2079/3778/2027 2081/3779/2028
f 2081/3779/2028 2080/3777/2026 2078/3775/2024
f 2083/3780/2029 2081/3779/2028 2082/3781/2030
f 2082/3781/2030 2081/3779/2028 2079/3778/2027
f 2081/3779/2028 2083/3780/2029 2080/3777/2026
f 2043/3782/1991 2047/3783/1995 2083/3780/2029
f 2080/3777/2026 2083/3780/2029 2047/3783/1995
f 2084/3784/2031 2083/3780/2029 2082/3781/2030
f 2043/3782/1991 2083/3780/2029 2044/3785/1992
f 2044/3785/1992 2083/3780/2029 2084/3784/2031
f 2084/3784/2031 2082/3781/2030 2086/3786/2032
f 2044/3785/1992 2084/3784/2031 2085/3787/2033
f 2087/3788/2034 2085/3787/2033 2084/3784/2031
f 2086/3786/2032 2087/3788/2034 2084/3784/2031
f 2085/3787/2033 2087/3788/2034 2089/3789/2035
f 2087/3788/2034 2086/3786/2032 2088/3790/2036
f 2088/3790/2036 2089/3789/2035 2087/3788/2034
f 2090/3791/2037 2089/3789/2035 2091/3792/2038
f 2089/3789/2035 2090/3791/2037 2085/3787/2033
f 2089/3789/2035 2088/3790/2036 2091/3792/2038
f 2090/3793/2037 2091/3794/2038 2096/3795/2039
f 2096/3795/2039 2091/3794/2038 2092/3796/2040
f 2091/3794/2038 2093/3797/2041 2092/3796/2040
f 2093/3798/2041 2091/3792/2038 2094/3799/2042
f 2091/3792/2038 2095/3800/2043 2094/3799/2042
f 2088/3790/2036 2095/3800/2043 2091/3792/2038
f 2096/3795/2039 2098/3801/2044 2090/3793/2037
f 2097/3802/2045 2096/3795/2039 2028/3703/1979
f 2097/3802/2045 2098/3801/2044 2096/3795/2039
f 2092/3796/2040 2028/3703/1979 2096/3795/2039
f 2098/3801/2044 2097/3802/2045 2099/3803/2046
f 2099/3803/2046 2100/3804/2047 2098/3801/2044
f 2090/3793/2037 2098/3801/2044 2100/3804/2047
f 2044/3721/1992 2100/3804/2047 2099/3803/2046
f 2085/3787/2033 2100/3805/2047 2044/3785/1992
f 2100/3804/2047 2085/3806/2033 2090/3793/2037
f 2041/3713/1987 2099/3803/2046 2038/3712/1986
f 2038/3712/1986 2099/3803/2046 2097/3802/2045
f 2099/3803/2046 2041/3713/1987 2044/3721/1992
f 2028/3703/1979 2036/3709/1983 2097/3802/2045
f 2097/3802/2045 2036/3709/1983 2038/3712/1986
f 2095/3800/2043 2088/3790/2036 2101/3807/2048
f 2101/3807/2048 2102/3808/2049 2095/3800/2043
f 2102/3808/2049 2103/3809/2050 2095/3800/2043
f 2104/3810/2051 2094/3799/2042 2095/3800/2043
f 2104/3810/2051 2095/3800/2043 2103/3809/2050
f 2094/3799/2042 2104/3810/2051 2105/3811/2052
f 2104/3810/2051 2106/3812/2053 2105/3811/2052
f 2106/3812/2053 2104/3810/2051 2107/3813/2054
f 2103/3809/2050 2108/3814/2055 2104/3810/2051
f 2104/3810/2051 2108/3814/2055 2107/3813/2054
f 2108/3814/2055 2103/3809/2050 2109/3815/2056
f 2110/3816/2057 2108/3814/2055 2109/3815/2056
f 2107/3813/2054 2108/3814/2055 2110/3816/2057
f 2113/3817/2058 2110/3816/2057 2111/3818/2059
f 2111/3818/2059 2110/3816/2057 2112/3819/2060
f 2109/3815/2056 2112/3819/2060 2110/3816/2057
f 2110/3816/2057 2114/3820/2061 2107/3813/2054
f 2110/3816/2057 2113/3817/2058 2114/3820/2061
f 2115/3821/2062 2107/3813/2054 2114/3820/2061
f 2115/3821/2062 2114/3820/2061 2117/3822/2063
f 2116/3823/2064 2114/3820/2061 2113/3817/2058
f 2116/3823/2064 2118/3824/2065 2114/3820/2061
f 2118/3824/2065 2117/3822/2063 2114/3820/2061
f 2121/3825/2066 2118/3824/2065 2116/3823/2064
f 2118/3824/2065 2121/3825/2066 2119/3826/2067
f 2119/3826/2067 2120/3827/2068 2118/3824/2065
f 2122/3828/2069 2118/3824/2065 2120/3827/2068
f 2118/3824/2065 2122/3828/2069 2117/3822/2063
f 2123/3829/2070 2122/3828/2069 2120/3827/2068
f 2122/3828/2069 2123/3829/2070 2117/3822/2063
f 2124/3830/2071 2106/3812/2053 2123/3829/2070
f 2124/3830/2071 2123/3829/2070 2125/3831/2072
f 2126/3832/2073 2125/3831/2072 2123/3829/2070
f 2123/3829/2070 2106/3812/2053 2115/3821/2062
f 2120/3827/2068 2126/3832/2073 2123/3829/2070
f 2115/3821/2062 2117/3822/2063 2123/3829/2070
f 2119/3826/2067 2126/3832/2073 2120/3827/2068
f 2127/3833/2074 2126/3832/2073 2128/3834/2075
f 2126/3832/2073 2127/3833/2074 2125/3831/2072
f 2126/3832/2073 2119/3826/2067 2128/3834/2075
f 2128/3835/2075 2129/3836/2076 2130/3837/2077
f 2129/3836/2076 2128/3835/2075 2132/3838/2078
f 2132/3839/2078 2128/3834/2075 2119/3826/2067
f 2130/3837/2077 2131/3840/2079 2128/3835/2075
f 2127/3833/2074 2128/3834/2075 2131/3841/2079
f 2133/3842/2080 2132/3839/2078 2119/3826/2067
f 2134/3843/2081 2132/3838/2078 2133/3844/2080
f 2132/3838/2078 2134/3843/2081 2129/3836/2076
f 2136/3845/2082 2134/3846/2081 2135/3847/2083
f 2135/3848/2083 2134/3843/2081 2133/3844/2080
f 2136/3845/2082 2129/3849/2076 2134/3846/2081
f 2130/3850/2077 2129/3849/2076 2136/3845/2082
f 2137/3851/2084 2140/3852/2085 2136/3845/2082
f 2136/3845/2082 2135/3847/2083 2137/3851/2084
f 2139/3853/2086 2130/3850/2077 2136/3845/2082
f 2138/3854/2087 2136/3855/2082 2142/3856/2088
f 2136/3845/2082 2138/3857/2087 2139/3853/2086
f 2136/3858/2082 2140/3859/2085 2141/3860/2089
f 2141/3860/2089 2142/3861/2088 2136/3858/2082
f 2142/3862/2088 2141/3863/2089 2144/3864/2090
f 2143/3865/2091 2142/3862/2088 2145/3866/2092
f 2142/3867/2088 2143/3868/2091 2138/3869/2087
f 2144/3864/2090 2146/3870/2093 2142/3862/2088
f 2147/3871/2094 2145/3866/2092 2142/3862/2088
f 2142/3862/2088 2146/3870/2093 2147/3871/2094
f 2145/3872/2092 2147/3873/2094 2148/3874/2095
f 2148/3874/2095 2147/3873/2094 2150/3875/2096
f 2146/3870/2093 2149/3876/2097 2147/3871/2094
f 2152/3877/2098 2147/3871/2094 2149/3876/2097
f 2151/3878/2099 2150/3875/2096 2147/3873/2094
f 2147/3873/2094 2152/3879/2098 2151/3878/2099
f 2152/3880/2098 2153/3881/2100 2154/3882/2101
f 2152/3880/2098 1063/2129/1026 2153/3881/2100
f 2152/3880/2098 2154/3882/2101 2155/3883/2102
f 1063/2132/1026 2152/3884/2098 1065/2136/1029
f 2157/3885/2103 2152/3880/2098 2155/3883/2102
f 2020/3886/1969 2152/3877/2098 2156/3887/2104
f 2152/3879/2098 2020/3688/1969 2151/3878/2099
f 2149/3876/2097 2156/3887/2104 2152/3877/2098
f 1065/2136/1029 2152/3884/2098 2157/3888/2103
f 2157/3885/2103 2158/3889/2105 2160/3890/2106
f 2155/3883/2102 2158/3889/2105 2157/3885/2103
f 1551/2919/1501 2157/3888/2103 2159/3891/2107
f 2157/3888/2103 1551/2919/1501 1065/2136/1029
f 2159/3892/2107 2157/3885/2103 2160/3890/2106
f 2160/3890/2106 2158/3889/2105 2162/3893/2108
f 2160/3890/2106 2161/3894/2109 2159/3892/2107
f 2161/3894/2109 2160/3890/2106 2163/3895/2110
f 2160/3890/2106 2162/3893/2108 2163/3895/2110
f 2164/3896/2111 2163/3895/2110 2165/3897/2112
f 2161/3894/2109 2163/3895/2110 2164/3896/2111
f 2165/3897/2112 2163/3895/2110 2162/3893/2108
f 2165/3897/2112 2167/3898/2113 2166/3899/2114
f 2165/3897/2112 2166/3899/2114 2164/3896/2111
f 2167/3898/2113 2165/3897/2112 2169/3900/2115
f 2168/3901/2116 2165/3897/2112 2162/3893/2108
f 2170/3902/2117 2165/3897/2112 2168/3901/2116
f 2171/3903/2118 2169/3900/2115 2165/3897/2112
f 2165/3897/2112 2170/3902/2117 2171/3903/2118
f 2169/3900/2115 2171/3903/2118 2173/3904/2119
f 2171/3903/2118 2170/3902/2117 2172/3905/2120
f 2172/3905/2120 2173/3904/2119 2171/3903/2118
f 2173/3906/2119 2172/3907/2120 2176/3908/2121
f 2175/3909/2122 2174/3910/2123 2173/3906/2119
f 2173/3904/2119 2174/3911/2123 2169/3900/2115
f 2176/3908/2121 2175/3909/2122 2173/3906/2119
f 2176/3908/2121 2177/3912/2124 2179/3913/2125
f 2177/3912/2124 2176/3908/2121 2181/3914/2126
f 2180/3915/2127 2178/3916/23 2176/3908/2121
f 2178/3916/23 2175/3909/2122 2176/3908/2121
f 2179/3913/2125 2180/3915/2127 2176/3908/2121
f 2172/3907/2120 2181/3914/2126 2176/3908/2121
f 2170/3902/2117 2182/3917/2128 2181/3918/2126
f 2183/3919/2129 2181/3918/2126 2182/3917/2128
f 2181/3914/2126 2183/3920/2129 2177/3912/2124
f 2181/3918/2126 2172/3905/2120 2170/3902/2117
f 2182/3917/2128 2184/3921/2130 2183/3919/2129
f 2185/3922/2131 2183/3919/2129 2184/3921/2130
f 2183/3920/2129 2185/3923/2131 2186/3924/2132
f 2186/3924/2132 2177/3912/2124 2183/3920/2129
f 2188/3925/2133 2177/3912/2124 2186/3924/2132
f 2186/3924/2132 2190/3926/2134 2187/3927/2135
f 2187/3927/2135 2189/3928/2136 2186/3924/2132
f 2189/3928/2136 2188/3925/2133 2186/3924/2132
f 2190/3926/2134 2186/3924/2132 2191/3929/2137
f 2185/3923/2131 2191/3929/2137 2186/3924/2132
f 2191/3930/2137 2185/3922/2131 2192/3931/2138
f 2192/3931/2138 2194/3932/2139 2191/3930/2137
f 2191/3929/2137 2193/3933/2140 2190/3926/2134
f 2193/3934/2140 2191/3930/2137 2194/3932/2139
f 2198/3935/2141 2195/3936/2142 2194/3932/2139
f 2194/3932/2139 2195/3936/2142 2196/3937/2143
f 2197/3938/2144 2194/3932/2139 2196/3937/2143
f 2194/3939/2139 2197/3940/2144 2199/3941/2145
f 2194/3932/2139 2192/3931/2138 2198/3935/2141
f 2199/3941/2145 2193/3942/2140 2194/3939/2139
f 2199/3943/2145 2200/3944/2146 2201/3945/2147
f 2200/3946/2146 2199/3941/2145 1185/2312/1149
f 2193/3933/2140 2199/3943/2145 2190/3926/2134
f 2201/3945/2147 2190/3926/2134 2199/3943/2145
f 2197/3940/2144 1185/2312/1149 2199/3941/2145
f 2202/3947/2148 2201/3945/2147 2200/3944/2146
f 2203/3948/2149 2190/3926/2134 2201/3945/2147
f 2201/3945/2147 2202/3947/2148 2204/3949/2150
f 2205/3950/2151 2203/3948/2149 2201/3945/2147
f 2201/3945/2147 2204/3949/2150 2205/3950/2151
f 2205/3950/2151 2206/3951/2152 2203/3948/2149
f 2205/3950/2151 2207/3952/2153 2206/3951/2152
f 2207/3953/2153 2205/3954/2151 2208/3955/2154
f 2205/3954/2151 2204/3956/2150 2209/3957/2155
f 2209/3958/2155 2208/3955/2154 2205/3954/2151
f 2209/3959/2155 2210/3960/2156 2208/3961/2154
f 2210/3962/2156 2209/3963/2155 2204/3964/2150
f 2204/3964/2150 2207/3965/2153 2210/3962/2156
f 2208/3966/2154 2210/3967/2156 2207/3968/2153
f 2211/3969/2157 2206/3951/2152 2207/3952/2153
f 2207/3952/2153 2204/3949/2150 2202/3947/2148
f 2202/3947/2148 2211/3969/2157 2207/3952/2153
f 2213/3970/2158 2212/3971/2159 2211/3972/2157
f 2206/3973/2152 2211/3974/2157 2212/3975/2159
f 2214/3976/2160 2213/3970/2158 2211/3972/2157
f 2215/3977/2161 2214/3978/2160 2211/3974/2157
f 2211/3969/2157 2202/3947/2148 2216/3979/2162
f 2211/3974/2157 2217/3980/2163 2215/3977/2161
f 2218/3981/2164 2211/3969/2157 2216/3979/2162
f 2217/3982/2163 2211/3969/2157 2218/3981/2164
f 2221/3983/2165 2219/3984/2166 2218/3985/2164
f 2220/3986/2167 2218/3985/2164 2219/3984/2166
f 2218/3981/2164 2220/3987/2167 2217/3982/2163
f 2218/3988/2164 2222/3989/2168 2221/3990/2165
f 2222/3991/2168 2218/3981/2164 2216/3979/2162
f 2216/3979/2162 2223/3992/2169 2222/3991/2168
f 2217/3982/2163 2220/3987/2167 2222/3991/2168
f 2222/3991/2168 2223/3992/2169 2217/3982/2163
f 2222/3993/2168 2220/3994/2167 2224/3995/2170
f 2224/3995/2170 2221/3996/2165 2222/3993/2168
f 2221/3997/2165 2224/3998/2170 2219/3999/2166
f 2219/4000/2166 2224/4001/2170 2220/4002/2167
f 2229/4003/2171 2223/3992/2169 2225/4004/2172
f 2226/4005/2173 2225/4004/2172 2223/3992/2169
f 2227/4006/2174 2226/4005/2173 2223/3992/2169
f 2223/3992/2169 2216/3979/2162 2227/4006/2174
f 2223/3992/2169 2229/4003/2171 2228/4007/2175
f 2223/3992/2169 2228/4007/2175 2217/3982/2163
f 2229/4003/2171 1238/2370/1203 2230/4008/2176
f 1238/2370/1203 2229/4003/2171 2232/4009/2177
f 2228/4007/2175 2229/4003/2171 2231/4010/2178
f 2229/4003/2171 2230/4008/2176 2231/4010/2178
f 2225/4004/2172 2232/4009/2177 2229/4003/2171
f 2232/4009/2177 1239/2372/1204 1238/2370/1203
f 1239/4011/1204 2232/4012/2177 1236/4013/1200
f 1218/2345/1182 1236/4013/1200 2232/4012/2177
f 2232/4012/2177 2225/4014/2172 1218/2345/1182
f 2231/4015/2178 2230/4016/2176 2235/4017/2179
f 2235/4018/2179 2233/4019/2180 2231/4020/2178
f 2234/4021/2181 2231/4020/2178 2233/4019/2180
f 2231/4010/2178 2234/4022/2181 2236/4023/2182
f 2236/4023/2182 2228/4007/2175 2231/4010/2178
f 2237/4024/2183 2236/4023/2182 2234/4022/2181
f 2236/4025/2182 2237/4026/2183 2240/4027/2184
f 2228/4028/2175 2236/4029/2182 2238/4030/2185
f 2239/4031/2186 2238/4032/2185 2236/4033/2182
f 2240/4027/2184 2239/4034/2186 2236/4025/2182
f 2241/4035/2187 2243/4036/2188 2240/4027/2184
f 2240/4027/2184 2242/4037/2189 2241/4035/2187
f 2239/4034/2186 2240/4027/2184 2243/4036/2188
f 2242/4038/2189 2240/4039/2184 2237/4040/2183
f 2239/4034/2186 2243/4036/2188 2244/4041/2190
f 2244/4042/2190 2243/4043/2188 2245/4044/2191
f 2243/4036/2188 2241/4035/2187 2245/4045/2191
f 2246/4046/2192 2245/4044/2191 2249/4047/2193
f 2245/4044/2191 2246/4046/2192 2247/4048/2194
f 2248/4049/2195 2245/4044/2191 2247/4048/2194
f 2245/4044/2191 2248/4049/2195 2244/4042/2190
f 2241/4035/2187 2249/4050/2193 2245/4045/2191
f 2249/4050/2193 2241/4035/2187 2242/4037/2189
f 2251/4051/2196 2250/4052/2197 2249/4053/2193
f 2249/4047/2193 2250/4054/2197 2246/4046/2192
f 2249/4050/2193 2242/4037/2189 2251/4055/2196
f 2252/4056/2198 2251/4057/2196 2237/4040/2183
f 2250/4052/2197 2251/4051/2196 2252/4058/2198
f 2251/4057/2196 2242/4038/2189 2237/4040/2183
f 2253/4059/2199 2252/4058/2198 2237/4060/2183
f 2254/4061/2200 2252/4058/2198 2253/4059/2199
f 2252/4058/2198 2254/4061/2200 2250/4052/2197
f 2250/4054/2197 2254/4062/2200 2246/4046/2192
f 2253/4059/2199 2255/4063/2201 2254/4061/2200
f 2254/4062/2200 2255/4064/2201 2246/4046/2192
f 2255/4064/2201 2257/4065/2202 2256/4066/2203
f 2256/4066/2203 2246/4046/2192 2255/4064/2201
f 2257/4067/2202 2255/4063/2201 2258/4068/2204
f 2255/4063/2201 2253/4059/2199 2258/4068/2204
f 2258/4069/2204 2253/4070/2199 2260/4071/2205
f 2259/4072/2206 2258/4068/2204 2260/4073/2205
f 2258/4068/2204 2259/4072/2206 2257/4067/2202
f 1245/2378/1207 2260/4074/2205 1243/2379/1208
f 2260/4073/2205 1245/4075/1207 2259/4072/2206
f 2260/4074/2205 2237/4024/2183 2261/4076/2207
f 2237/4060/2183 2260/4073/2205 2253/4059/2199
f 2261/4076/2207 1243/2379/1208 2260/4074/2205
f 2237/4024/2183 1238/2370/1203 2261/4076/2207
f 1241/2375/1205 2261/4076/2207 1238/2370/1203
f 2263/4077/2208 1243/4078/1208 2261/4079/2207
f 2262/4080/2209 2261/4081/2207 1241/4082/1205
f 2261/4081/2207 2262/4080/2209 2263/4083/2208
f 1243/4084/1208 2263/4085/2208 2264/4086/2210
f 2264/4087/2210 2263/4088/2208 2262/4089/2209
f 2264/4090/2210 1241/4091/1205 1243/4092/1208
f 1241/4091/1205 2264/4090/2210 2262/4093/2209
f 2259/4072/2206 2265/4094/2211 2257/4067/2202
f 2259/4072/2206 2266/4095/2212 2265/4094/2211
f 2266/4096/2212 2259/4097/2206 1245/4098/1207
f 2267/4099/2213 2265/4094/2211 2266/4095/2212
f 2266/4095/2212 2268/4100/2214 2267/4099/2213
f 2268/4101/2214 2266/4096/2212 1245/4098/1207
f 2267/4099/2213 2268/4100/2214 2270/4102/2215
f 2269/4103/2216 2268/4100/2214 1245/4075/1207
f 2268/4100/2214 2269/4103/2216 2271/4104/2217
f 2271/4104/2217 2270/4102/2215 2268/4100/2214
f 2271/4105/2217 2273/4106/2218 2272/4107/2219
f 2270/4108/2215 2271/4105/2217 2272/4107/2219
f 2269/4103/2216 2273/4109/2218 2271/4104/2217
f 2273/4106/2218 2274/4110/2220 2272/4107/2219
f 2275/4111/2221 2274/4112/2220 2273/4109/2218
f 2273/4109/2218 2269/4103/2216 2275/4111/2221
f 1742/3231/1691 2275/4111/2221 1748/3233/1692
f 2275/4111/2221 1742/3231/1691 2274/4112/2220
f 2275/4113/2221 2269/4114/2216 1748/4115/1692
f 2274/4112/2220 2277/4116/2222 2276/4117/2223
f 2276/4118/2223 2272/4107/2219 2274/4110/2220
f 1742/3231/1691 2277/4116/2222 2274/4112/2220
f 2277/4116/2222 2278/4119/2224 2276/4117/2223
f 1743/3230/1690 2278/4119/2224 2277/4116/2222
f 2277/4116/2222 1742/3231/1691 1743/3230/1690
f 1754/3266/1704 2276/4118/2223 2278/4120/2224
f 1743/3230/1690 1744/3238/1693 2278/4119/2224
f 1744/3238/1693 2279/4121/2225 2278/4119/2224
f 2278/4120/2224 2279/4122/2225 1754/3266/1704
f 2279/4121/2225 1755/3251/1703 1754/3255/1704
f 1745/3237/1694 1755/3251/1703 2279/4121/2225
f 2279/4121/2225 1744/3238/1693 1745/3237/1694
f 2272/4107/2219 2276/4118/2223 1765/3275/1714
f 2276/4118/2223 1754/3266/1704 1765/3275/1714
f 2281/4123/2226 2270/4124/2215 2272/4125/2219
f 2272/4126/2219 2280/4127/2227 2282/4128/2228
f 2280/4129/2227 2272/4107/2219 1764/3274/1713
f 2282/4130/2228 2281/4131/2226 2272/4132/2219
f 1765/3275/1714 1764/3274/1713 2272/4107/2219
f 2283/4133/2229 2282/4134/2228 2280/4135/2227
f 2282/4134/2228 2283/4133/2229 2284/4136/2230
f 2281/4137/2226 2282/4138/2228 2256/4066/2203
f 2246/4046/2192 2256/4066/2203 2282/4138/2228
f 2282/4138/2228 2247/4048/2194 2246/4046/2192
f 2247/4048/2194 2282/4138/2228 2285/4139/2231
f 2284/4136/2230 2285/4140/2231 2282/4134/2228
f 2285/4139/2231 2286/4141/2232 2287/4142/2233
f 2288/4143/2234 2286/4144/2232 2285/4140/2231
f 2285/4139/2231 2287/4142/2233 2247/4048/2194
f 2285/4140/2231 2284/4136/2230 2288/4143/2234
f 2288/4143/2234 2289/4145/2235 2286/4144/2232
f 1763/3269/1711 2289/4146/2235 2288/4147/2234
f 2288/4147/2234 2290/4148/2236 1763/3269/1711
f 2288/4143/2234 2284/4136/2230 2290/4149/2236
f 1763/3269/1711 2290/4148/2236 2280/4129/2227
f 2290/4149/2236 2284/4136/2230 2283/4133/2229
f 2280/4135/2227 2290/4149/2236 2283/4133/2229
f 2289/4150/2235 2293/4151/2237 2291/4152/2238
f 2291/4152/2238 2292/4153/2239 2289/4150/2235
f 2292/4154/2239 2286/4144/2232 2289/4145/2235
f 1763/3269/1711 2294/4155/2240 2289/4146/2235
f 2289/4146/2235 2294/4155/2240 2293/4156/2237
f 2294/4155/2240 1762/3268/1710 2295/4157/2241
f 2293/4156/2237 2294/4155/2240 2295/4157/2241
f 1762/3268/1710 2294/4155/2240 1763/3269/1711
f 1767/4158/1715 2295/4157/2241 1762/3268/1710
f 2293/4151/2237 2295/4159/2241 2296/4160/2242
f 2295/4157/2241 2298/4161/2243 2296/4162/2242
f 2295/4157/2241 1767/4158/1715 2297/4163/2244
f 2297/4163/2244 2299/4164/2245 2295/4157/2241
f 2298/4161/2243 2295/4157/2241 2299/4164/2245
f 2299/4164/2245 2297/4163/2244 2301/4165/2246
f 2300/4166/2247 2299/4164/2245 2301/4165/2246
f 2299/4164/2245 2300/4166/2247 2298/4161/2243
f 2306/4167/2248 2301/4165/2246 2297/4163/2244
f 2301/4165/2246 2302/4168/2249 2300/4166/2247
f 2301/4165/2246 2305/4169/2250 2302/4168/2249
f 2305/4170/2250 2301/4171/2246 2303/4172/2251
f 2303/4173/2251 2301/4174/2246 2304/4175/2252
f 2301/4165/2246 2307/4176/2253 2304/4177/2252
f 2301/4165/2246 2306/4167/2248 2307/4176/2253
f 2306/4167/2248 2309/4178/2254 2307/4176/2253
f 2307/4176/2253 2309/4178/2254 2308/4179/2255
f 2308/4179/2255 2304/4177/2252 2307/4176/2253
f 2310/4180/2256 2311/4181/2257 2309/4178/2254
f 2312/4182/2258 2310/4180/2256 2309/4178/2254
f 2306/4167/2248 1582/4183/1531 2309/4178/2254
f 2311/4181/2257 2308/4179/2255 2309/4178/2254
f 2314/4184/2259 2312/4182/2258 2309/4178/2254
f 2313/4185/2260 2309/4178/2254 1582/4183/1531
f 2309/4178/2254 2313/4185/2260 2314/4184/2259
f 2312/4182/2258 2314/4184/2259 2315/4186/2261
f 2318/4187/2262 2314/4184/2259 2313/4185/2260
f 2316/4188/2263 2315/4189/2261 2314/4190/2259
f 2317/4191/2264 2316/4188/2263 2314/4190/2259
f 2319/4192/2265 2317/4193/2264 2314/4184/2259
f 2314/4184/2259 2318/4187/2262 2319/4192/2265
f 2321/4194/2266 2317/4191/2264 2319/4195/2265
f 2318/4187/2262 2320/4196/2267 2319/4192/2265
f 2321/4194/2266 2319/4195/2265 2320/4197/2267
f 2321/4194/2266 2322/4198/2268 2317/4191/2264
f 2188/4199/2133 2322/4200/2268 2321/4201/2266
f 2321/4201/2266 2323/4202/2269 2188/4199/2133
f 2323/4203/2269 2321/4194/2266 2320/4197/2267
f 2320/4197/2267 2324/4204/2270 2323/4203/2269
f 2323/4203/2269 2324/4204/2270 2325/4205/2271
f 2325/4205/2271 2326/4206/2272 2323/4203/2269
f 2323/4203/2269 2326/4206/2272 2327/4207/2273
f 2327/4207/2273 2188/4208/2133 2323/4203/2269
f 2327/4209/2273 2178/3916/23 2188/3925/2133
f 1606/2986/1547 2327/4207/2273 2328/4210/2274
f 2329/4211/2275 2328/4210/2274 2327/4207/2273
f 2330/4212/2276 2329/4211/2275 2327/4207/2273
f 2178/3916/23 2327/4209/2273 1606/2997/1547
f 2326/4206/2272 2330/4212/2276 2327/4207/2273
f 2331/4213/2277 2329/4211/2275 2330/4212/2276
f 2330/4212/2276 2332/4214/2278 2331/4213/2277
f 2333/4215/2279 2330/4212/2276 2326/4206/2272
f 2333/4215/2279 2332/4214/2278 2330/4212/2276
f 2333/4216/2279 2325/4217/2271 2318/4187/2262
f 2332/4218/2278 2333/4216/2279 2318/4187/2262
f 2326/4206/2272 2325/4205/2271 2333/4215/2279
f 2331/4219/2277 2332/4218/2278 2318/4187/2262
f 2329/4211/2275 2331/4213/2277 2334/4220/2280
f 2334/4221/2280 2331/4219/2277 2318/4187/2262
f 2318/4187/2262 1583/4222/1530 2334/4221/2280
f 2334/4220/2280 2335/4223/2281 2328/4210/2274
f 2335/4224/2281 2334/4221/2280 1583/4222/1530
f 2334/4220/2280 2328/4210/2274 2329/4211/2275
f 2335/4223/2281 1588/2969/1536 2336/4225/2282
f 1588/4226/1536 2335/4224/2281 1583/4222/1530
f 2336/4225/2282 2328/4210/2274 2335/4223/2281
f 2336/4225/2282 1597/2981/1545 1606/2986/1547
f 1597/2981/1545 2336/4225/2282 1588/2969/1536
f 2328/4210/2274 2336/4225/2282 1606/2986/1547
f 2325/4217/2271 2324/4227/2270 2318/4187/2262
f 2324/4227/2270 2320/4196/2267 2318/4187/2262
f 2316/4188/2263 2317/4191/2264 2322/4198/2268
f 2337/4228/2283 2322/4200/2268 2188/4199/2133
f 2322/4198/2268 2337/4229/2283 2316/4188/2263
f 2338/4230/2284 2337/4229/2283 2339/4231/2285
f 2315/4189/2261 2337/4229/2283 2338/4230/2284
f 2188/4208/2133 2339/4231/2285 2337/4229/2283
f 2315/4189/2261 2316/4188/2263 2337/4229/2283
f 2340/4232/2286 2339/4233/2285 2188/3925/2133
f 2203/3948/2149 2339/4233/2285 2340/4232/2286
f 2339/4231/2285 2203/4234/2149 2341/4235/2287
f 2341/4235/2287 2338/4230/2284 2339/4231/2285
f 2338/4230/2284 2341/4235/2287 2342/4236/2288
f 2344/4237/2289 2342/4236/2288 2341/4235/2287
f 2343/4238/2290 2341/4239/2287 2203/3948/2149
f 2344/4237/2289 2341/4235/2287 2343/4240/2290
f 2344/4241/2289 2346/4242/2291 2345/4243/2292
f 2342/4244/2288 2344/4241/2289 2345/4243/2292
f 2343/4240/2290 2346/4245/2291 2344/4237/2289
f 2346/4245/2291 2347/4246/2293 2345/4247/2292
f 2348/4248/2294 2347/4246/2293 2346/4245/2291
f 2346/4245/2291 2343/4240/2290 2348/4248/2294
f 2348/4249/2294 2343/4238/2290 2203/3948/2149
f 2349/4250/2295 2348/4251/2294 2206/3973/2152
f 2348/4248/2294 2349/4252/2295 2347/4246/2293
f 2203/3948/2149 2206/3951/2152 2348/4249/2294
f 2349/4250/2295 2351/4253/2296 2350/4254/2297
f 2349/4252/2295 2350/4255/2297 2347/4246/2293
f 2349/4250/2295 2352/4256/2298 2351/4253/2296
f 2352/4256/2298 2349/4250/2295 2206/3973/2152
f 2353/4257/2299 2352/4256/2298 2206/3973/2152
f 2352/4256/2298 2353/4257/2299 2354/4258/2300
f 2354/4258/2300 2351/4253/2296 2352/4256/2298
f 2351/4259/2296 2354/4260/2300 2357/4261/2301
f 2356/4262/2302 2355/4263/2303 2354/4258/2300
f 2354/4258/2300 2355/4263/2303 2357/4264/2301
f 2354/4258/2300 2353/4257/2299 2356/4262/2302
f 2358/4265/2304 2357/4266/2301 2361/4267/2305
f 2357/4268/2301 2358/4269/2304 2359/4270/2306
f 2359/4271/2306 2360/4272/2307 2357/4261/2301
f 2345/4273/2292 2357/4261/2301 2360/4272/2307
f 2357/4261/2301 2345/4273/2292 2350/4274/2297
f 2350/4274/2297 2351/4259/2296 2357/4261/2301
f 2355/4275/2303 2361/4267/2305 2357/4266/2301
f 2212/3975/2159 2361/4276/2305 2355/4263/2303
f 2213/4277/2158 2362/4278/2308 2361/4276/2305
f 2361/4276/2305 2362/4278/2308 2358/4279/2304
f 2361/4276/2305 2212/3975/2159 2213/4277/2158
f 2362/4278/2308 2363/4280/2309 2358/4279/2304
f 2214/3978/2160 2363/4280/2309 2362/4278/2308
f 2362/4278/2308 2213/4277/2158 2214/3978/2160
f 2364/4281/2310 2363/4280/2309 2365/4282/2311
f 2364/4283/2310 2358/4284/2304 2363/4285/2309
f 2215/3977/2161 2365/4282/2311 2363/4280/2309
f 2214/3978/2160 2215/3977/2161 2363/4280/2309
f 2365/4282/2311 2366/4286/2312 2364/4281/2310
f 2215/3977/2161 2366/4286/2312 2365/4282/2311
f 2367/4287/2313 2366/4286/2312 2368/4288/2314
f 2366/4286/2312 2367/4287/2313 2364/4281/2310
f 2215/3977/2161 2368/4288/2314 2366/4286/2312
f 2368/4288/2314 2369/4289/2315 2367/4287/2313
f 2368/4288/2314 2215/3977/2161 2217/3980/2163
f 2369/4289/2315 2368/4288/2314 2217/3980/2163
f 2370/4290/2316 2369/4289/2315 2217/3980/2163
f 2367/4287/2313 2369/4289/2315 2370/4290/2316
f 2370/4290/2316 2372/4291/2317 2367/4287/2313
f 2371/4292/2318 2370/4290/2316 2217/3980/2163
f 2372/4291/2317 2370/4290/2316 2371/4292/2318
f 2367/4287/2313 2372/4291/2317 2374/4293/2319
f 2371/4292/2318 2373/4294/2320 2372/4291/2317
f 2372/4291/2317 2373/4294/2320 2374/4293/2319
f 2248/4049/2195 2374/4295/2319 2373/4296/2320
f 2374/4295/2319 2248/4049/2195 2287/4142/2233
f 2287/4142/2233 2375/4297/2321 2374/4295/2319
f 2364/4283/2310 2374/4295/2319 2375/4297/2321
f 2374/4295/2319 2364/4283/2310 2367/4298/2313
f 2375/4297/2321 2286/4141/2232 2378/4299/2322
f 2375/4297/2321 2287/4142/2233 2286/4141/2232
f 2358/4284/2304 2364/4283/2310 2375/4297/2321
f 2375/4297/2321 2359/4271/2306 2358/4284/2304
f 2376/4300/2323 2359/4271/2306 2375/4297/2321
f 2377/4301/2324 2376/4300/2323 2375/4297/2321
f 2378/4299/2322 2377/4301/2324 2375/4297/2321
f 2380/4302/2325 2378/4299/2322 2286/4141/2232
f 2378/4303/2322 2380/4304/2325 2379/4305/2326
f 2379/4305/2326 2381/4306/2327 2378/4303/2322
f 2377/4307/2324 2378/4303/2322 2381/4306/2327
f 2292/4308/2239 2381/4309/2327 2379/4310/2326
f 2292/4308/2239 2382/4311/2328 2381/4309/2327
f 2381/4306/2327 2382/4312/2328 2377/4307/2324
f 2292/4308/2239 2383/4313/2329 2382/4311/2328
f 2382/4312/2328 2383/4314/2329 2377/4307/2324
f 2384/4315/2330 2383/4313/2329 2292/4308/2239
f 2384/4315/2330 2386/4316/2331 2383/4313/2329
f 2385/4317/2332 2383/4313/2329 2386/4316/2331
f 2383/4314/2329 2385/4318/2332 2376/4319/2323
f 2376/4319/2323 2377/4307/2324 2383/4314/2329
f 2386/4320/2331 2384/4321/2330 2387/4322/2333
f 2387/4322/2333 2388/4323/2334 2386/4320/2331
f 2388/4323/2334 2389/4324/2335 2386/4320/2331
f 2390/4325/2336 2386/4320/2331 2389/4324/2335
f 2386/4316/2331 2390/4326/2336 2391/4327/2337
f 2391/4327/2337 2385/4317/2332 2386/4316/2331
f 2392/4328/2338 2391/4327/2337 2390/4326/2336
f 2391/4329/2337 2392/4330/2338 2393/4331/2339
f 2393/4332/2339 2394/4333/2340 2391/4334/2337
f 2385/4318/2332 2391/4334/2337 2394/4333/2340
f 2395/4335/2341 2394/4336/2340 2393/4337/2339
f 2394/4333/2340 2376/4319/2323 2385/4318/2332
f 2359/4271/2306 2376/4300/2323 2394/4336/2340
f 2395/4335/2341 2359/4271/2306 2394/4336/2340
f 2392/4338/2338 2395/4339/2341 2393/4340/2339
f 2396/4341/2342 2395/4342/2341 2311/4343/2257
f 2395/4335/2341 2396/4344/2342 2359/4271/2306
f 2304/4175/2252 2308/4345/2255 2395/4346/2341
f 2392/4347/2338 2304/4175/2252 2395/4346/2341
f 2308/4345/2255 2311/4348/2257 2395/4346/2341
f 2360/4272/2307 2359/4271/2306 2396/4344/2342
f 2396/4344/2342 2397/4349/2343 2360/4272/2307
f 2310/4350/2256 2397/4351/2343 2396/4341/2342
f 2311/4343/2257 2310/4350/2256 2396/4341/2342
f 2397/4349/2343 2398/4352/2344 2360/4272/2307
f 2398/4353/2344 2397/4351/2343 2399/4354/2345
f 2397/4351/2343 2310/4350/2256 2399/4354/2345
f 2310/4180/2256 2312/4182/2258 2399/4355/2345
f 2398/4353/2344 2399/4354/2345 2312/4356/2258
f 2345/4273/2292 2360/4272/2307 2398/4352/2344
f 2345/4247/2292 2398/4357/2344 2342/4236/2288
f 2342/4236/2288 2398/4357/2344 2400/4358/2346
f 2400/4359/2346 2398/4353/2344 2312/4356/2258
f 2315/4186/2261 2400/4360/2346 2312/4182/2258
f 2400/4358/2346 2338/4230/2284 2342/4236/2288
f 2338/4230/2284 2400/4358/2346 2315/4189/2261
f 2390/4326/2336 2303/4361/2251 2392/4328/2338
f 2304/4175/2252 2392/4347/2338 2303/4173/2251
f 2389/4362/2335 2401/4363/2347 2390/4326/2336
f 2390/4326/2336 2401/4363/2347 2303/4361/2251
f 2305/4169/2250 2401/4363/2347 2402/4364/2348
f 2401/4363/2347 2389/4362/2335 2402/4364/2348
f 2303/4361/2251 2401/4363/2347 2305/4169/2250
f 2389/4362/2335 2403/4365/2349 2402/4364/2348
f 2404/4366/2350 2402/4364/2348 2403/4365/2349
f 2402/4364/2348 2302/4168/2249 2305/4169/2250
f 2404/4366/2350 2406/4367/2351 2402/4364/2348
f 2302/4168/2249 2402/4364/2348 2405/4368/2352
f 2405/4368/2352 2402/4364/2348 2406/4367/2351
f 2406/4367/2351 2407/4369/2353 2296/4162/2242
f 2296/4162/2242 2405/4368/2352 2406/4367/2351
f 2406/4367/2351 2404/4366/2350 2407/4369/2353
f 2296/4162/2242 2407/4369/2353 2291/4370/2238
f 2291/4370/2238 2407/4369/2353 2408/4371/2354
f 2407/4369/2353 2409/4372/2355 2408/4371/2354
f 2407/4369/2353 2404/4366/2350 2409/4372/2355
f 2409/4372/2355 2387/4373/2333 2384/4315/2330
f 2384/4374/2330 2408/4375/2354 2409/4376/2355
f 2409/4372/2355 2403/4365/2349 2387/4373/2333
f 2403/4365/2349 2409/4372/2355 2404/4366/2350
f 2292/4308/2239 2291/4370/2238 2408/4371/2354
f 2292/4308/2239 2408/4371/2354 2384/4315/2330
f 2405/4368/2352 2298/4161/2243 2300/4166/2247
f 2300/4166/2247 2302/4168/2249 2405/4368/2352
f 2296/4162/2242 2298/4161/2243 2405/4368/2352
f 2388/4377/2334 2387/4373/2333 2403/4365/2349
f 2403/4365/2349 2389/4362/2335 2388/4377/2334
f 2380/4378/2325 2286/4144/2232 2292/4154/2239
f 2292/4379/2239 2379/4380/2326 2380/4381/2325
f 2373/4296/2320 2410/4382/2356 2248/4049/2195
f 2411/4383/2357 2410/4384/2356 2373/4294/2320
f 2373/4294/2320 2371/4292/2318 2411/4383/2357
f 2411/4385/2357 2371/4386/2318 2228/4007/2175
f 2238/4387/2185 2411/4385/2357 2228/4007/2175
f 2410/4384/2356 2411/4383/2357 2238/4388/2185
f 2410/4384/2356 2412/4389/2358 2248/4390/2195
f 2238/4388/2185 2412/4389/2358 2410/4384/2356
f 2248/4049/2195 2412/4391/2358 2244/4042/2190
f 2239/4034/2186 2244/4041/2190 2412/4389/2358
f 2238/4388/2185 2239/4034/2186 2412/4389/2358
f 2217/3982/2163 2228/4007/2175 2371/4386/2318
f 2356/4262/2302 2353/4257/2299 2206/3973/2152
f 2212/3975/2159 2356/4262/2302 2206/3973/2152
f 2355/4263/2303 2356/4262/2302 2212/3975/2159
f 2345/4273/2292 2347/4392/2293 2350/4274/2297
f 2413/4393/2359 2340/4394/2286 2189/4395/2136
f 2188/3925/2133 2189/3928/2136 2340/4232/2286
f 2415/4396/2360 2187/4397/2135 2340/4398/2286
f 2203/3948/2149 2340/4232/2286 2187/3927/2135
f 2340/4394/2286 2413/4393/2359 2414/4399/2361
f 2340/4398/2286 2414/4400/2361 2415/4396/2360
f 2415/4401/2360 2189/4402/2136 2187/4403/2135
f 2189/4404/2136 2415/4405/2360 2413/4406/2359
f 2414/4407/2361 2413/4408/2359 2415/4409/2360
f 1583/4222/1530 2318/4187/2262 2313/4185/2260
f 1582/4183/1531 1583/4222/1530 2313/4185/2260
f 2306/4410/2248 2297/4411/2244 1584/2960/1532
f 1584/2960/1532 1582/2959/1531 2306/4410/2248
f 2297/4163/2244 1767/4158/1715 1790/4412/1738
f 1790/4413/1738 1795/3333/1744 2297/4411/2244
f 1795/3333/1744 1584/2960/1532 2297/4411/2244
f 2296/4160/2242 2291/4152/2238 2293/4151/2237
f 2247/4048/2194 2287/4142/2233 2248/4049/2195
f 2270/4102/2215 2281/4414/2226 2267/4099/2213
f 2267/4099/2213 2281/4414/2226 2265/4094/2211
f 2281/4137/2226 2256/4066/2203 2257/4065/2202
f 2257/4067/2202 2265/4094/2211 2281/4414/2226
f 2280/4129/2227 1764/3274/1713 1763/3269/1711
f 1245/4075/1207 1748/3233/1692 2269/4103/2216
f 2230/4008/2176 1238/2370/1203 2237/4024/2183
f 2237/4024/2183 2234/4022/2181 2230/4008/2176
f 2416/4415/2362 2235/4416/2179 2230/4417/2176
f 2416/4418/2362 2233/4419/2180 2235/4420/2179
f 2230/4417/2176 2234/4421/2181 2416/4415/2362
f 2233/4422/2180 2416/4423/2362 2234/4424/2181
f 2227/4425/2174 2418/4426/2363 2417/4427/2364
f 2226/4428/2173 2227/4425/2174 2417/4427/2364
f 2418/4429/2363 2227/4006/2174 2216/3979/2162
f 2419/4430/2365 2417/4427/2364 2418/4426/2363
f 2418/4426/2363 2420/4431/2366 2419/4430/2365
f 2420/4432/2366 2418/4429/2363 2216/3979/2162
f 2420/4431/2366 2421/4433/2367 1198/2325/1162
f 1198/2325/1162 2419/4430/2365 2420/4431/2366
f 2421/4434/2367 2420/4432/2366 2202/3947/2148
f 2216/3979/2162 2202/3947/2148 2420/4432/2366
f 2200/3944/2146 2421/4434/2367 2202/3947/2148
f 2421/4433/2367 2200/3946/2146 1186/2313/1150
f 1188/2316/1153 1198/2325/1162 2421/4433/2367
f 1186/2313/1150 1188/2316/1153 2421/4433/2367
f 2419/4430/2365 1198/2325/1162 1199/2326/1163
f 1199/2326/1163 2417/4427/2364 2419/4430/2365
f 2417/4427/2364 1206/2334/1171 2226/4428/2173
f 1204/2331/1168 1206/2334/1171 2417/4427/2364
f 2417/4427/2364 1199/2326/1163 1204/2331/1168
f 1206/2334/1171 1214/2342/1179 2226/4428/2173
f 2225/4014/2172 2226/4428/2173 1214/2342/1179
f 1214/2342/1179 1215/2341/1178 2225/4014/2172
f 1215/2341/1178 1218/2345/1182 2225/4014/2172
f 2190/3926/2134 2203/3948/2149 2187/3927/2135
f 1185/2312/1149 1186/2313/1150 2200/3946/2146
f 2423/4435/2368 2198/3935/2141 2192/3931/2138
f 2198/3935/2141 2423/4435/2368 2422/4436/2369
f 2422/4436/2369 1177/2302/1141 2198/3935/2141
f 2195/3936/2142 2198/3935/2141 1177/2302/1141
f 2423/4435/2368 2426/4437/2370 2424/4438/2371
f 2424/4438/2371 2422/4436/2369 2423/4435/2368
f 2192/3931/2138 2425/4439/2372 2423/4435/2368
f 2426/4437/2370 2423/4435/2368 2425/4439/2372
f 2427/4440/2373 2424/4438/2371 2426/4437/2370
f 2426/4437/2370 2428/4441/2374 2427/4440/2373
f 2428/4441/2374 2426/4437/2370 2425/4439/2372
f 2428/4441/2374 2430/4442/2375 2429/4443/2376
f 2429/4443/2376 2427/4440/2373 2428/4441/2374
f 2425/4439/2372 2184/3921/2130 2428/4441/2374
f 2430/4442/2375 2428/4441/2374 2184/3921/2130
f 2430/4442/2375 2431/4444/2377 2429/4443/2376
f 2430/4442/2375 2432/4445/2378 2431/4444/2377
f 2432/4445/2378 2430/4442/2375 2184/3921/2130
f 2170/3902/2117 2168/3901/2116 2432/4445/2378
f 2432/4445/2378 2168/3901/2116 2433/4446/2379
f 2433/4446/2379 2431/4444/2377 2432/4445/2378
f 2182/3917/2128 2432/4445/2378 2184/3921/2130
f 2432/4445/2378 2182/3917/2128 2170/3902/2117
f 2435/4447/2380 2434/4448/2381 2433/4446/2379
f 2431/4444/2377 2433/4446/2379 2434/4448/2381
f 2162/3893/2108 2433/4446/2379 2168/3901/2116
f 2433/4446/2379 2162/3893/2108 2435/4447/2380
f 1158/2274/1122 2435/4447/2380 2436/4449/2382
f 2436/4449/2382 2435/4447/2380 2162/3893/2108
f 2434/4448/2381 2435/4447/2380 1158/2274/1122
f 1154/2268/1118 2436/4449/2382 2437/4450/2383
f 2437/4450/2383 2436/4449/2382 2158/3889/2105
f 2162/3893/2108 2158/3889/2105 2436/4449/2382
f 1154/2268/1118 1158/2274/1122 2436/4449/2382
f 2439/4451/2384 2437/4450/2383 2158/3889/2105
f 1154/2268/1118 2437/4450/2383 2438/4452/2385
f 2438/4452/2385 2437/4450/2383 2439/4451/2384
f 2439/4451/2384 2440/4453/2386 2441/4454/2387
f 2442/4455/2388 2440/4453/2386 2439/4451/2384
f 2441/4454/2387 2438/4452/2385 2439/4451/2384
f 2158/3889/2105 2155/3883/2102 2439/4451/2384
f 2442/4455/2388 2439/4451/2384 2155/3883/2102
f 2442/4455/2388 2155/3883/2102 2443/4456/2389
f 1057/2124/1023 2442/4455/2388 2443/4456/2389
f 2442/4455/2388 1057/2124/1023 2444/4457/2390
f 2444/4457/2390 2440/4453/2386 2442/4455/2388
f 1058/2122/1021 2444/4457/2390 1057/2124/1023
f 2444/4457/2390 1058/2122/1021 2445/4458/2391
f 2446/4459/2392 2440/4453/2386 2444/4457/2390
f 2447/4460/2393 2444/4457/2390 2445/4458/2391
f 2444/4457/2390 2447/4460/2393 2446/4459/2392
f 2445/4458/2391 2448/4461/2394 2447/4460/2393
f 2447/4460/2393 2449/4462/2395 2446/4459/2392
f 2450/4463/2396 2447/4460/2393 2448/4461/2394
f 1131/4464/1096 2449/4462/2395 2447/4460/2393
f 2447/4460/2393 2450/4463/2396 1131/4464/1096
f 2448/4465/2394 1112/2199/1075 2450/4466/2396
f 2450/4466/2396 1112/2199/1075 1131/2232/1096
f 2449/4467/2395 1131/2232/1096 2451/4468/2397
f 2449/4462/2395 2451/4469/2397 2441/4454/2387
f 2449/4462/2395 2441/4454/2387 2446/4459/2392
f 1131/2232/1096 1132/2231/1095 2451/4468/2397
f 2451/4468/2397 1132/2231/1095 1153/2266/1117
f 1153/2266/1117 2438/4470/2385 2451/4468/2397
f 2438/4452/2385 2441/4454/2387 2451/4469/2397
f 2445/4458/2391 2452/4471/2398 2448/4461/2394
f 2452/4471/2398 2453/4472/2399 2448/4461/2394
f 1112/2199/1075 2448/4465/2394 2453/4473/2399
f 2454/4474/2400 2453/4472/2399 2452/4471/2398
f 1112/2199/1075 2453/4473/2399 2454/4475/2400
f 2452/4471/2398 2455/4476/2401 2454/4474/2400
f 2455/4476/2401 2457/4477/2402 2454/4474/2400
f 1111/4478/1076 2454/4474/2400 2456/4479/2403
f 2456/4479/2403 2454/4474/2400 2457/4477/2402
f 2454/4475/2400 1111/2200/1076 1112/2199/1075
f 2456/4479/2403 2457/4477/2402 1084/2158/1047
f 1084/2158/1047 2457/4477/2402 1078/2152/1041
f 2455/4476/2401 2458/4480/2404 2457/4477/2402
f 2457/4477/2402 2458/4480/2404 1078/2152/1041
f 2458/4480/2404 2459/4481/2405 1078/2152/1041
f 2452/4471/2398 2445/4458/2391 2458/4480/2404
f 2458/4480/2404 2445/4458/2391 2460/4482/2406
f 2458/4480/2404 2455/4476/2401 2452/4471/2398
f 2460/4482/2406 2459/4481/2405 2458/4480/2404
f 1056/2121/1020 1075/2150/1039 2460/4482/2406
f 2459/4481/2405 2460/4482/2406 1075/2150/1039
f 1058/2122/1021 1056/2121/1020 2460/4482/2406
f 1058/2122/1021 2460/4482/2406 2445/4458/2391
f 1078/2152/1041 2459/4481/2405 1075/2150/1039
f 1084/2158/1047 1086/2162/1051 2456/4479/2403
f 1086/2162/1051 1090/2168/1055 2456/4479/2403
f 2456/4479/2403 1090/2168/1055 1111/4478/1076
f 2440/4453/2386 2446/4459/2392 2441/4454/2387
f 2443/4456/2389 2155/3883/2102 2154/3882/2101
f 2154/3882/2101 2461/4483/2407 2443/4456/2389
f 2462/4484/2408 2443/4456/2389 2461/4483/2407
f 1057/2124/1023 2443/4456/2389 1053/2116/1019
f 2443/4456/2389 2462/4484/2408 1053/2116/1019
f 2462/4484/2408 2153/3881/2100 1052/2115/1018
f 1052/4485/1018 1053/4486/1019 2462/4487/2408
f 2153/3881/2100 2462/4484/2408 2461/4483/2407
f 2154/4488/2101 2153/4489/2100 2461/4490/2407
f 2438/4452/2385 1153/2269/1117 1154/2268/1118
f 2434/4448/2381 2463/4491/2409 2431/4444/2377
f 2434/4448/2381 1158/2274/1122 2463/4491/2409
f 2463/4491/2409 2465/4492/2410 2464/4493/2411
f 2463/4491/2409 2464/4493/2411 2429/4443/2376
f 2463/4491/2409 2429/4443/2376 2431/4444/2377
f 2465/4492/2410 2463/4491/2409 1158/2274/1122
f 1158/2274/1122 1157/2273/1121 2465/4492/2410
f 1164/2286/1128 2465/4492/2410 1157/2273/1121
f 1164/2286/1128 2464/4493/2411 2465/4492/2410
f 2464/4493/2411 1164/2286/1128 1167/2288/1130
f 2427/4440/2373 2429/4443/2376 2464/4493/2411
f 1167/2288/1130 1176/2301/1140 2464/4493/2411
f 2427/4440/2373 2464/4493/2411 1176/2301/1140
f 1176/2301/1140 2424/4438/2371 2427/4440/2373
f 2184/3921/2130 2425/4439/2372 2185/3922/2131
f 2425/4439/2372 2192/3931/2138 2185/3922/2131
f 2422/4436/2369 2424/4438/2371 1176/2301/1140
f 1176/2301/1140 1177/2302/1141 2422/4436/2369
f 2196/4494/2143 1183/2308/1145 2197/3940/2144
f 1185/2312/1149 2197/3940/2144 1183/2308/1145
f 2196/4494/2143 1178/2305/1142 1179/2304/1143
f 1183/2308/1145 2196/4494/2143 1179/2304/1143
f 2196/3937/2143 2195/3936/2142 1178/2303/1142
f 1177/2302/1141 1178/2303/1142 2195/3936/2142
f 2177/3912/2124 2188/3925/2133 2466/4495/2412
f 2188/3925/2133 2178/3916/23 2466/4495/2412
f 2466/4495/2412 2179/3913/2125 2177/3912/2124
f 2179/4496/2125 2466/4497/2412 2468/4498/2413
f 2466/4499/2412 2180/4500/2127 2467/4501/2414
f 2180/3915/2127 2466/4495/2412 2178/3916/23
f 2467/4502/2414 2468/4498/2413 2466/4497/2412
f 2468/4503/2413 2467/4504/2414 2469/4505/2415
f 2468/4506/2413 2469/4507/2415 2179/4508/2125
f 2180/4509/2127 2179/4508/2125 2469/4507/2415
f 2469/4510/2415 2467/4511/2414 2180/4512/2127
f 2471/4513/2416 2178/3916/23 2470/4514/2417
f 2470/4514/2417 2178/3916/23 1606/2997/1547
f 2471/4513/2416 2175/3909/2122 2178/3916/23
f 2175/3909/2122 2471/4513/2416 2174/3910/2123
f 2471/4513/2416 2472/4515/2418 2174/3910/2123
f 2471/4513/2416 1600/2988/1549 2472/4515/2418
f 1600/2988/1549 2471/4513/2416 1603/2991/1551
f 2470/4514/2417 1603/2991/1551 2471/4513/2416
f 2174/3911/2123 2472/4516/2418 2476/4517/2419
f 2472/4516/2418 2474/4518/2420 2473/4519/2421
f 2473/4519/2421 2475/4520/2422 2472/4516/2418
f 2474/4521/2420 2472/4515/2418 1600/2988/1549
f 2475/4520/2422 2476/4517/2419 2472/4516/2418
f 2476/4517/2419 2475/4520/2422 2477/4522/2423
f 2477/4522/2423 2478/4523/2424 2476/4517/2419
f 2479/4524/2425 2476/4517/2419 2478/4523/2424
f 2476/4517/2419 2479/4524/2425 2174/3911/2123
f 2478/4523/2424 2167/3898/2113 2479/4524/2425
f 2479/4524/2425 2169/3900/2115 2174/3911/2123
f 2169/3900/2115 2479/4524/2425 2167/3898/2113
f 2481/4525/2426 2480/4526/2427 2478/4523/2424
f 2480/4526/2427 2167/3898/2113 2478/4523/2424
f 2481/4525/2426 2478/4523/2424 2477/4522/2423
f 2482/4527/2428 2480/4526/2427 2481/4525/2426
f 2481/4525/2426 2483/4528/2429 2482/4527/2428
f 2484/4529/2430 2481/4525/2426 2477/4522/2423
f 2485/4530/2431 2483/4531/2429 2481/4532/2426
f 2481/4525/2426 2484/4529/2430 2485/4533/2431
f 2486/4534/2432 2483/4528/2429 2485/4533/2431
f 2487/4535/2433 2486/4536/2432 2485/4537/2431
f 2484/4529/2430 2487/4538/2433 2485/4533/2431
f 1558/2926/1508 2486/4536/2432 2487/4535/2433
f 2487/4535/2433 2489/4539/2434 2488/4540/2435
f 1558/2926/1508 2487/4535/2433 2488/4540/2435
f 2487/4535/2433 2484/4541/2430 2489/4539/2434
f 2488/4540/2435 2489/4539/2434 2492/4542/2436
f 2490/4543/2437 2489/4544/2434 2484/4529/2430
f 2490/4545/2437 2491/4546/2438 2489/4539/2434
f 1712/3177/1662 2489/4539/2434 2491/4546/2438
f 2489/4539/2434 1712/3177/1662 2492/4542/2436
f 2492/4547/2436 1558/4548/1508 2488/4549/2435
f 2492/4542/2436 1712/3177/1662 1711/3176/1661
f 2492/4542/2436 2495/4550/2439 2493/4551/2440
f 2492/4542/2436 2493/4551/2440 1559/2927/1509
f 2492/4542/2436 1559/2927/1509 1558/2926/1508
f 2495/4550/2439 2492/4542/2436 2494/4552/2441
f 1711/4553/1661 2494/4554/2441 2492/4555/2436
f 2495/4556/2439 2494/4557/2441 2497/4558/2442
f 2495/4550/2439 2496/4559/2443 2493/4551/2440
f 2496/4559/2443 2495/4550/2439 2497/4560/2442
f 2498/4561/2444 2496/4559/2443 2497/4560/2442
f 2498/4561/2444 2497/4560/2442 1718/3188/1667
f 2494/4552/2441 1717/3187/1666 2497/4560/2442
f 2497/4560/2442 1717/3187/1666 1718/3188/1667
f 1649/4562/1598 1642/4563/1590 2498/4561/2444
f 2498/4561/2444 2500/4564/2445 1649/4562/1598
f 1642/4563/1590 2499/4565/2446 2498/4561/2444
f 2499/4565/2446 2496/4559/2443 2498/4561/2444
f 2501/4566/2447 2498/4561/2444 1718/3188/1667
f 2500/4567/2445 2498/4568/2444 2502/4569/2448
f 2498/4568/2444 2501/4570/2447 2502/4569/2448
f 2505/4571/2449 2502/4572/2448 2503/4573/2450
f 2503/4574/2450 2502/4569/2448 2501/4570/2447
f 2505/4571/2449 2504/4575/2451 2502/4572/2448
f 2502/4569/2448 2504/4576/2451 2500/4567/2445
f 2505/4571/2449 2503/4573/2450 2506/4577/2452
f 2505/4571/2449 2506/4577/2452 2507/4578/2453
f 2505/4571/2449 2507/4578/2453 2504/4575/2451
f 2508/4579/2454 2509/4580/2455 2507/4581/2453
f 2507/4581/2453 2506/4582/2452 2508/4579/2454
f 2504/4583/2451 2507/4584/2453 2509/4585/2455
f 2500/4564/2445 2509/4586/2455 1649/4562/1598
f 2509/4586/2455 1648/4587/1597 1649/4562/1598
f 2510/4588/2456 2509/4586/2455 2508/4589/2454
f 2509/4585/2455 2500/4590/2445 2504/4583/2451
f 2510/4588/2456 1648/4587/1597 2509/4586/2455
f 1845/3384/1793 2511/4591/2457 2510/4588/2456
f 2508/4589/2454 1845/3384/1793 2510/4588/2456
f 2510/4592/2456 1759/3257/1706 1647/3059/1596
f 1647/3059/1596 1648/3060/1597 2510/4592/2456
f 1759/3257/1706 2510/4592/2456 2511/4593/2457
f 1839/3379/1788 1759/3257/1706 2511/4593/2457
f 2511/4593/2457 1841/3380/1789 1839/3379/1788
f 1841/3387/1789 2511/4591/2457 1845/3384/1793
f 1845/3384/1793 2508/4589/2454 2512/4594/2458
f 2501/4595/2447 2508/4579/2454 2506/4582/2452
f 2508/4589/2454 2501/4566/2447 2512/4594/2458
f 1845/3384/1793 2512/4594/2458 2514/4596/2459
f 2515/4597/2460 2513/4598/2461 2512/4594/2458
f 2514/4596/2459 2512/4594/2458 2513/4598/2461
f 2501/4566/2447 1718/3188/1667 2512/4594/2458
f 2512/4594/2458 2516/4599/2462 2515/4597/2460
f 2512/4600/2458 2517/4601/2463 2516/4602/2462
f 1718/3188/1667 2517/4603/2463 2512/4594/2458
f 2517/4603/2463 1724/3194/1673 2516/4599/2462
f 1721/3192/1671 1724/3194/1673 2517/4603/2463
f 1718/3188/1667 1721/3192/1671 2517/4603/2463
f 2516/4599/2462 2518/4604/2464 2515/4597/2460
f 2519/4605/2465 2518/4604/2464 2516/4599/2462
f 2516/4599/2462 1724/3194/1673 2519/4605/2465
f 2518/4604/2464 2519/4605/2465 2521/4606/2466
f 2519/4607/2465 1724/4608/1673 1726/3201/1672
f 2520/4609/2467 2519/4607/2465 1726/3201/1672
f 2520/4609/2467 2521/4610/2466 2519/4607/2465
f 2521/4610/2466 2524/4611/2468 2522/4612/2469
f 2521/4610/2466 2522/4612/2469 2523/4613/2470
f 2523/4614/2470 2518/4604/2464 2521/4606/2466
f 2524/4611/2468 2521/4610/2466 2525/4615/2471
f 2521/4610/2466 2520/4609/2467 2526/4616/2472
f 2526/4616/2472 2525/4615/2471 2521/4610/2466
f 2525/4615/2471 2526/4616/2472 1732/3205/1681
f 1728/3198/1677 1732/3205/1681 2526/4616/2472
f 2526/4616/2472 1726/3201/1672 1728/3198/1677
f 1726/3201/1672 2526/4616/2472 2520/4609/2467
f 2525/4615/2471 2527/4617/2473 2524/4611/2468
f 1732/3205/1681 2528/4618/2474 2525/4615/2471
f 2527/4617/2473 2525/4615/2471 2528/4618/2474
f 2530/4619/2475 2529/4620/2476 2528/4618/2474
f 2527/4617/2473 2528/4618/2474 2529/4620/2476
f 2528/4618/2474 1732/3205/1681 1733/3204/1680
f 2530/4619/2475 2528/4618/2474 2531/4621/2477
f 1733/3204/1680 2531/4621/2477 2528/4618/2474
f 1735/3210/1683 1747/3242/1697 2531/4622/2477
f 2532/4623/2478 2531/4621/2477 1747/4624/1697
f 1735/4625/1683 2531/4621/2477 1733/3204/1680
f 2531/4621/2477 2532/4623/2478 2530/4619/2475
f 2534/4626/2479 2530/4619/2475 2532/4623/2478
f 1246/4627/1209 2533/4628/2480 2532/4623/2478
f 2532/4623/2478 2533/4628/2480 2534/4626/2479
f 1747/3242/1697 1246/2380/1209 2532/4629/2478
f 2540/4630/2481 2535/4631/2482 2534/4626/2479
f 2529/4620/2476 2534/4626/2479 2535/4631/2482
f 2534/4626/2479 2536/4632/2483 2538/4633/2484
f 2536/4634/2483 2534/4635/2479 2541/4636/2485
f 2534/4626/2479 2529/4620/2476 2530/4619/2475
f 2537/4637/2486 2534/4626/2479 2533/4628/2480
f 2537/4637/2486 2541/4638/2485 2534/4626/2479
f 2538/4633/2484 2539/4639/2487 2534/4626/2479
f 2539/4639/2487 2540/4630/2481 2534/4626/2479
f 2542/4640/2488 2536/4634/2483 2541/4636/2485
f 2543/4641/2489 2542/4640/2488 2541/4636/2485
f 2541/4638/2485 2537/4637/2486 1252/2390/1217
f 1254/2391/1218 2541/4638/2485 1252/2390/1217
f 1254/2391/1218 2543/4642/2489 2541/4638/2485
f 1254/2391/1218 1257/2395/1222 2543/4642/2489
f 2544/4643/2490 2543/4641/2489 1257/4644/1222
f 2542/4640/2488 2543/4641/2489 2544/4643/2490
f 2542/4645/2488 2544/4646/2490 2545/4647/2491
f 2544/4648/2490 2546/4649/2492 2545/4650/2491
f 2546/4651/2492 2544/4652/2490 1257/2395/1222
f 1257/2395/1222 1259/2396/1223 2546/4651/2492
f 2546/4651/2492 1259/2396/1223 2547/4653/2493
f 2546/4651/2492 2547/4653/2493 2545/4654/2491
f 1259/2396/1223 1330/2523/1294 2547/4653/2493
f 2548/4655/2494 2547/4653/2493 1330/2523/1294
f 2547/4656/2493 2548/4657/2494 2549/4658/2495
f 2549/4659/2495 2545/4654/2491 2547/4653/2493
f 2549/4659/2495 2535/4631/2482 2550/4660/2496
f 2535/4631/2482 2549/4659/2495 2548/4655/2494
f 2550/4660/2496 2551/4661/2497 2549/4659/2495
f 2545/4654/2491 2549/4659/2495 2551/4661/2497
f 2552/4662/2498 2545/4654/2491 2551/4661/2497
f 2551/4661/2497 2553/4663/2499 2552/4662/2498
f 2553/4664/2499 2551/4665/2497 2555/4666/2500
f 2551/4665/2497 2550/4667/2496 2554/4668/2501
f 2554/4668/2501 2555/4666/2500 2551/4665/2497
f 2555/4666/2500 2556/4669/2502 2553/4664/2499
f 2554/4670/2501 2556/4671/2502 2555/4672/2500
f 2553/4673/2499 2556/4674/2502 2557/4675/2503
f 2557/4676/2503 2556/4671/2502 2554/4670/2501
f 2557/4675/2503 2538/4677/2484 2553/4673/2499
f 2558/4678/2504 2557/4676/2503 2559/4679/2505
f 2557/4675/2503 2558/4680/2504 2539/4681/2487
f 2554/4670/2501 2559/4679/2505 2557/4676/2503
f 2539/4681/2487 2538/4677/2484 2557/4675/2503
f 2558/4682/2504 2559/4683/2505 2560/4684/2506
f 2560/4684/2506 2559/4683/2505 2554/4685/2501
f 2560/4686/2506 2550/4660/2496 2535/4631/2482
f 2535/4631/2482 2540/4630/2481 2560/4686/2506
f 2560/4684/2506 2540/4687/2481 2558/4682/2504
f 2554/4685/2501 2550/4688/2496 2560/4684/2506
f 2540/4687/2481 2539/4681/2487 2558/4682/2504
f 2536/4632/2483 2552/4662/2498 2553/4663/2499
f 2553/4663/2499 2538/4633/2484 2536/4632/2483
f 2552/4689/2498 2536/4634/2483 2542/4640/2488
f 2545/4690/2491 2552/4691/2498 2542/4692/2488
f 1330/2523/1294 2561/4693/2507 2548/4655/2494
f 2562/4694/2508 2548/4655/2494 2561/4693/2507
f 2562/4695/2508 2535/4696/2482 2548/4697/2494
f 2563/4698/2509 2564/4699/2510 2562/4694/2508
f 2561/4693/2507 2563/4698/2509 2562/4694/2508
f 2535/4696/2482 2562/4695/2508 2565/4700/2511
f 2564/4699/2510 2565/4701/2511 2562/4694/2508
f 2535/4696/2482 2565/4700/2511 2529/4702/2476
f 2566/4703/2512 2565/4701/2511 2564/4699/2510
f 2565/4701/2511 2524/4611/2468 2527/4617/2473
f 2566/4703/2512 2524/4611/2468 2565/4701/2511
f 2529/4620/2476 2565/4701/2511 2527/4617/2473
f 2524/4611/2468 2566/4703/2512 2522/4612/2469
f 2566/4703/2512 2567/4704/2513 2522/4612/2469
f 2566/4703/2512 2564/4699/2510 2567/4704/2513
f 2567/4704/2513 2568/4705/2514 1845/3400/1793
f 2567/4704/2513 1845/3400/1793 2514/4706/2459
f 2567/4704/2513 2513/4707/2461 2522/4612/2469
f 2513/4707/2461 2567/4704/2513 2514/4706/2459
f 2568/4705/2514 2567/4704/2513 2564/4699/2510
f 2568/4705/2514 2569/4708/2515 1845/3400/1793
f 2563/4698/2509 2569/4708/2515 2568/4705/2514
f 2564/4699/2510 2563/4698/2509 2568/4705/2514
f 1845/3400/1793 2569/4708/2515 1854/3397/1802
f 2569/4708/2515 2561/4693/2507 1330/2523/1294
f 2569/4708/2515 2563/4698/2509 2561/4693/2507
f 1854/3397/1802 2569/4708/2515 1330/2523/1294
f 1249/2385/1214 2537/4637/2486 1247/2387/1211
f 1249/2385/1214 1252/2390/1217 2537/4637/2486
f 2533/4628/2480 1247/2387/1211 2537/4637/2486
f 1247/2387/1211 2533/4628/2480 1246/4627/1209
f 2513/4707/2461 2523/4613/2470 2522/4612/2469
f 2523/4614/2470 2515/4597/2460 2518/4604/2464
f 2523/4614/2470 2513/4598/2461 2515/4597/2460
f 2506/4582/2452 2503/4709/2450 2501/4595/2447
f 2496/4559/2443 2499/4565/2446 2493/4551/2440
f 2499/4710/2446 1642/3050/1590 1637/3044/1585
f 2499/4711/2446 1637/4712/1585 1634/4713/1582
f 2493/4551/2440 2499/4565/2446 2570/4714/2516
f 1634/3038/1582 2570/4715/2516 2499/4710/2446
f 2572/4716/2517 2570/4714/2516 2571/4717/2518
f 2571/4718/2518 2570/4719/2516 1633/4720/1581
f 1634/3038/1582 1633/3037/1581 2570/4715/2516
f 2572/4716/2517 2493/4551/2440 2570/4714/2516
f 2571/4717/2518 2576/4721/2519 2572/4716/2517
f 2572/4722/2517 2573/4723/2520 2575/4724/2521
f 2573/4725/2520 2572/4716/2517 2576/4721/2519
f 2493/4726/2440 2572/4727/2517 2574/4728/2522
f 2575/4729/2521 2574/4728/2522 2572/4727/2517
f 2573/4725/2520 2576/4721/2519 2577/4730/2523
f 2577/4731/2523 2576/4732/2519 1591/2973/1540
f 1592/2972/1539 1591/2973/1540 2576/4732/2519
f 2576/4732/2519 2571/4718/2518 1592/2972/1539
f 2577/4730/2523 2578/4733/2524 2573/4725/2520
f 2578/4734/2524 2577/4731/2523 1586/2966/1534
f 1591/2973/1540 1586/2966/1534 2577/4731/2523
f 2578/4733/2524 1557/2923/1505 1560/2925/1507
f 1565/2935/1514 1557/2930/1505 2578/4734/2524
f 1560/2925/1507 2573/4725/2520 2578/4733/2524
f 1586/2966/1534 1565/2935/1514 2578/4734/2524
f 2580/4735/2525 2575/4736/2521 2579/4737/2526
f 2579/4738/2526 2575/4724/2521 2573/4723/2520
f 2580/4735/2525 2574/4739/2522 2575/4736/2521
f 2580/4735/2525 2581/4740/2527 2574/4739/2522
f 2580/4735/2525 2579/4737/2526 2581/4740/2527
f 1559/4741/1509 2493/4726/2440 2581/4742/2527
f 2581/4743/2527 2579/4744/2526 1559/4745/1509
f 2574/4728/2522 2581/4742/2527 2493/4726/2440
f 1560/4746/1507 1559/4745/1509 2579/4744/2526
f 2573/4747/2520 1560/4746/1507 2579/4744/2526
f 1633/4720/1581 2582/4748/2528 2571/4718/2518
f 2571/4718/2518 2582/4748/2528 1592/2972/1539
f 1592/2972/1539 2582/4748/2528 1594/2979/1542
f 1608/3001/1556 1594/2979/1542 2582/4748/2528
f 2582/4748/2528 1633/4720/1581 1610/4749/1558
f 2582/4750/2528 1610/3005/1558 1608/3002/1556
f 1717/3187/1666 2494/4552/2441 1711/3176/1661
f 2490/4545/2437 2583/4751/2529 2491/4546/2438
f 2583/4751/2529 1699/3158/1648 2491/4546/2438
f 2491/4546/2438 1705/3166/1653 1712/3177/1662
f 1705/3166/1653 2491/4546/2438 1699/3158/1648
f 2473/4519/2421 2583/4752/2529 2490/4543/2437
f 1699/3158/1648 2583/4751/2529 1697/3160/1646
f 2583/4751/2529 2473/4753/2421 2474/4754/2420
f 2474/4754/2420 1697/3160/1646 2583/4751/2529
f 2490/4543/2437 2584/4755/2530 2473/4519/2421
f 2584/4755/2530 2490/4543/2437 2484/4529/2430
f 2475/4520/2422 2473/4519/2421 2584/4755/2530
f 2584/4755/2530 2477/4522/2423 2475/4520/2422
f 2477/4522/2423 2584/4755/2530 2484/4529/2430
f 2486/4536/2432 1558/2926/1508 1551/2919/1501
f 2585/4756/2531 2486/4534/2432 1551/4757/1501
f 2483/4528/2429 2486/4534/2432 2585/4756/2531
f 1551/4757/1501 2159/3892/2107 2585/4756/2531
f 2161/3894/2109 2585/4756/2531 2159/3892/2107
f 2585/4756/2531 2161/3894/2109 2586/4758/2532
f 2483/4528/2429 2585/4756/2531 2482/4527/2428
f 2585/4756/2531 2586/4758/2532 2482/4527/2428
f 2166/3899/2114 2586/4758/2532 2164/3896/2111
f 2161/3894/2109 2164/3896/2111 2586/4758/2532
f 2480/4526/2427 2482/4527/2428 2586/4758/2532
f 2586/4758/2532 2166/3899/2114 2480/4526/2427
f 2167/3898/2113 2480/4526/2427 2166/3899/2114
f 1697/3156/1646 2474/4521/2420 1600/2988/1549
f 1603/4759/1551 2470/4760/2417 2588/4761/2533
f 2470/4762/2417 1604/4763/1554 2587/4764/2534
f 1606/2997/1547 1604/2996/1554 2470/4514/2417
f 2587/4764/2534 2589/4765/2535 2470/4762/2417
f 2589/4766/2535 2588/4761/2533 2470/4760/2417
f 2588/4767/2533 2589/4768/2535 2587/4769/2534
f 2588/4770/2533 2587/4771/2534 1603/4772/1551
f 1604/4773/1554 1603/4772/1551 2587/4771/2534
f 2156/3887/2104 2590/4774/2536 2020/3886/1969
f 2156/4775/2104 2149/4776/2097 2591/4777/2537
f 2590/4778/2536 2156/4775/2104 2592/4779/2538
f 2591/4777/2537 2592/4779/2538 2156/4775/2104
f 2593/4780/2539 2592/4779/2538 2591/4777/2537
f 2594/4781/2540 2592/4779/2538 2593/4780/2539
f 2592/4779/2538 2594/4781/2540 2590/4778/2536
f 2595/4782/2541 2590/4778/2536 2594/4781/2540
f 2595/4782/2541 2594/4781/2540 2596/4783/2542
f 2596/4784/2542 2594/4785/2540 2003/4786/1951
f 2003/4787/1951 2594/4788/2540 2001/4789/1946
f 2598/4790/2543 2597/4791/2544 2594/4792/2540
f 2597/4791/2544 2001/3638/1946 2594/4792/2540
f 2594/4781/2540 2593/4780/2539 2598/4793/2543
f 2600/4794/2545 2597/4791/2544 2598/4790/2543
f 2599/4795/2546 2598/4793/2543 2593/4780/2539
f 2600/4794/2545 2598/4790/2543 2599/4796/2546
f 2597/4791/2544 2600/4794/2545 2601/4797/2547
f 2601/4797/2547 2600/4794/2545 2602/4798/2548
f 2599/4796/2546 2602/4798/2548 2600/4794/2545
f 2605/4799/2549 2602/4800/2548 2599/4795/2546
f 2602/4798/2548 2604/4801/2550 2601/4797/2547
f 2603/4802/2551 2604/4801/2550 2602/4798/2548
f 2602/4800/2548 2605/4799/2549 2603/4803/2551
f 2607/4804/2552 2605/4799/2549 2146/4805/2093
f 2149/4776/2097 2146/4805/2093 2605/4799/2549
f 2605/4799/2549 2591/4777/2537 2149/4776/2097
f 2605/4799/2549 2599/4795/2546 2606/4806/2553
f 2605/4799/2549 2606/4806/2553 2591/4777/2537
f 2607/4804/2552 2603/4803/2551 2605/4799/2549
f 2603/4807/2551 2607/4808/2552 2608/4809/2554
f 2144/4810/2090 2608/4809/2554 2607/4808/2552
f 2146/4811/2093 2144/4810/2090 2607/4808/2552
f 2603/4812/2551 2608/4813/2554 2609/4814/2555
f 2609/4814/2555 2608/4813/2554 2610/4815/2556
f 2144/4810/2090 2610/4816/2556 2608/4809/2554
f 2610/4817/2556 2611/4818/2557 2614/4819/2558
f 2610/4817/2556 2144/3864/2090 2611/4818/2557
f 2614/4819/2558 2612/4820/2559 2610/4817/2556
f 2612/4820/2559 2613/4821/2560 2610/4817/2556
f 2613/4821/2560 2615/4822/2561 2610/4817/2556
f 2610/4815/2556 2615/4823/2561 2609/4814/2555
f 2615/4823/2561 2613/4824/2560 2616/4825/2562
f 2616/4825/2562 2609/4814/2555 2615/4823/2561
f 2609/4814/2555 2616/4825/2562 2603/4812/2551
f 2618/4826/2563 2616/4827/2562 2617/4828/2564
f 2617/4829/2564 2616/4825/2562 2613/4824/2560
f 2616/4830/2562 2618/4831/2563 2619/4832/2565
f 2619/4833/2565 2603/4812/2551 2616/4825/2562
f 2618/4831/2563 2620/4834/2566 2619/4832/2565
f 2619/4832/2565 2621/4835/2567 2604/4801/2550
f 2603/4802/2551 2619/4832/2565 2604/4801/2550
f 2620/4834/2566 2624/4836/2568 2619/4832/2565
f 2622/4837/2569 2621/4835/2567 2619/4832/2565
f 2619/4832/2565 2623/4838/2570 2622/4837/2569
f 2619/4832/2565 2624/4836/2568 2623/4838/2570
f 2620/4834/2566 2627/4839/2571 2624/4836/2568
f 2624/4836/2568 2626/4840/2572 2625/4841/2573
f 2625/4841/2573 2623/4838/2570 2624/4836/2568
f 2626/4840/2572 2624/4836/2568 2627/4839/2571
f 2626/4840/2572 2627/4839/2571 2628/4842/2574
f 2629/4843/2575 2628/4842/2574 2627/4839/2571
f 2627/4839/2571 2620/4834/2566 2629/4843/2575
f 2629/4843/2575 2630/4844/2576 2631/4845/2577
f 2629/4843/2575 2620/4834/2566 2630/4844/2576
f 2631/4845/2577 2628/4842/2574 2629/4843/2575
f 2631/4845/2577 2630/4844/2576 2633/4846/2578
f 2628/4842/2574 2631/4845/2577 2632/4847/2579
f 2632/4847/2579 2631/4845/2577 2633/4846/2578
f 2635/4848/2580 2633/4849/2578 2630/4850/2576
f 2633/4849/2578 2635/4848/2580 2634/4851/2581
f 2634/4851/2581 2636/4852/2582 2633/4849/2578
f 2636/4852/2582 2637/4853/2583 2633/4849/2578
f 2632/4854/2579 2633/4855/2578 2637/4856/2583
f 2638/4857/2584 2639/4858/2585 2637/4856/2583
f 2640/4859/2586 2638/4857/2584 2637/4856/2583
f 2640/4860/2586 2637/4853/2583 2636/4852/2582
f 2637/4856/2583 2639/4858/2585 2632/4854/2579
f 2638/4861/2584 2640/4862/2586 2641/4863/2587
f 2642/4864/2588 2641/4863/2587 2640/4862/2586
f 2640/4862/2586 2643/4865/2589 2642/4864/2588
f 2636/4852/2582 2643/4866/2589 2640/4860/2586
f 2644/4867/2590 2643/4866/2589 2634/4851/2581
f 2644/4868/2590 2645/4869/2591 2643/4865/2589
f 2643/4865/2589 2645/4869/2591 2642/4864/2588
f 2636/4852/2582 2634/4851/2581 2643/4866/2589
f 2646/4870/2592 2645/4869/2591 2644/4868/2590
f 2647/4871/2593 2645/4872/2591 2646/4873/2592
f 2642/4874/2588 2645/4872/2591 2647/4871/2593
f 2648/4875/2594 2651/4876/2595 2647/4871/2593
f 2647/4871/2593 2650/4877/2596 2648/4875/2594
f 2646/4873/2592 2649/4878/2597 2647/4871/2593
f 2642/4874/2588 2647/4871/2593 2651/4876/2595
f 2650/4877/2596 2647/4871/2593 2649/4878/2597
f 2651/4876/2595 2648/4875/2594 2652/4879/2598
f 2652/4879/2598 2653/4880/2599 2651/4876/2595
f 2641/4881/2587 2651/4876/2595 2653/4880/2599
f 2641/4881/2587 2642/4874/2588 2651/4876/2595
f 2653/4880/2599 2652/4879/2598 2655/4882/2600
f 2654/4883/2601 2641/4881/2587 2653/4880/2599
f 2654/4883/2601 2653/4880/2599 2656/4884/2602
f 2655/4882/2600 2656/4884/2602 2653/4880/2599
f 2655/4882/2600 2658/4885/2603 2656/4884/2602
f 2656/4884/2602 2657/4886/2604 2654/4883/2601
f 2657/4886/2604 2656/4884/2602 2659/4887/2605
f 2658/4885/2603 2659/4887/2605 2656/4884/2602
f 2659/4887/2605 2660/4888/2606 2661/4889/2607
f 2659/4887/2605 2658/4885/2603 2660/4888/2606
f 2659/4887/2605 2661/4889/2607 2657/4886/2604
f 2662/4890/2608 2667/4891/2609 2661/4892/2607
f 2661/4892/2607 2664/4893/2610 2662/4890/2608
f 2661/4889/2607 2660/4888/2606 2663/4894/2611
f 2664/4895/2610 2661/4889/2607 2663/4894/2611
f 2657/4896/2604 2661/4892/2607 2666/4897/2612
f 2665/4898/2613 2666/4897/2612 2661/4892/2607
f 2661/4892/2607 2667/4891/2609 2665/4898/2613
f 2669/4899/2614 2668/4900/2615 2667/4901/2609
f 2670/4902/2616 2667/4901/2609 2668/4900/2615
f 2667/4901/2609 2662/4903/2608 2669/4899/2614
f 2671/4904/2617 2667/4891/2609 2670/4905/2616
f 2667/4891/2609 2671/4904/2617 2672/4906/2618
f 2672/4906/2618 2665/4898/2613 2667/4891/2609
f 2672/4907/2618 2671/4908/2617 2673/4909/2619
f 2673/4909/2619 2674/4910/2620 2672/4907/2618
f 2665/4911/2613 2672/4907/2618 2674/4910/2620
f 2677/4912/2621 2675/4913/2622 2674/4910/2620
f 2674/4910/2620 2675/4913/2622 2676/4914/2623
f 2665/4911/2613 2674/4910/2620 2676/4914/2623
f 2673/4909/2619 2677/4912/2621 2674/4910/2620
f 2681/4915/2624 2678/4916/2625 2677/4912/2621
f 2677/4917/2621 2678/4918/2625 2679/4919/2626
f 2679/4919/2626 2675/4920/2622 2677/4917/2621
f 2680/4921/2627 2677/4912/2621 2673/4909/2619
f 2680/4921/2627 2681/4915/2624 2677/4912/2621
f 2681/4915/2624 2680/4921/2627 2682/4922/2628
f 2682/4922/2628 2683/4923/2629 2681/4915/2624
f 2684/4924/2630 2678/4916/2625 2681/4915/2624
f 2684/4924/2630 2681/4915/2624 2683/4923/2629
f 2683/4923/2629 2685/4925/2631 2684/4924/2630
f 2685/4925/2631 2686/4926/2632 2684/4924/2630
f 2684/4924/2630 2686/4926/2632 2678/4916/2625
f 2685/4927/2631 2690/4928/2633 2686/4929/2632
f 2689/4930/2634 2687/4931/2635 2686/4932/2632
f 2687/4933/2635 2678/4916/2625 2686/4926/2632
f 2690/4928/2633 2688/4934/2636 2686/4929/2632
f 2686/4935/2632 2688/4936/2636 2689/4937/2634
f 2670/4905/2616 2691/4938/2637 2690/4939/2633
f 2692/4940/2638 2690/4939/2633 2691/4938/2637
f 2670/4905/2616 2690/4939/2633 2685/4941/2631
f 2690/4928/2633 2692/4942/2638 2688/4934/2636
f 2692/4943/2638 2693/4944/2639 2694/4945/2640
f 2691/4938/2637 2693/4946/2639 2692/4940/2638
f 2692/4943/2638 2694/4945/2640 2688/4936/2636
f 2695/4947/2641 2689/4937/2634 2694/4945/2640
f 2695/4947/2641 2694/4945/2640 2693/4944/2639
f 2689/4937/2634 2688/4936/2636 2694/4945/2640
f 2695/4947/2641 2696/4948/2642 2689/4937/2634
f 2695/4947/2641 2698/4949/2643 2696/4948/2642
f 2693/4944/2639 2697/4950/2644 2695/4947/2641
f 2698/4949/2643 2695/4947/2641 2697/4950/2644
f 2698/4949/2643 2697/4950/2644 2699/4951/2645
f 2701/4952/2646 2698/4949/2643 2699/4951/2645
f 2700/4953/2647 2696/4948/2642 2698/4949/2643
f 2698/4949/2643 2701/4952/2646 2700/4953/2647
f 2701/4952/2646 1908/3488/1857 2700/4953/2647
f 1906/3489/1855 1908/3488/1857 2701/4952/2646
f 2699/4951/2645 1906/3489/1855 2701/4952/2646
f 2696/4954/2642 2700/4955/2647 2702/4956/2648
f 2702/4956/2648 2700/4955/2647 2703/4957/2649
f 2700/4955/2647 1908/4958/1857 2703/4957/2649
f 2704/4959/2650 2703/4957/2649 1934/3539/1883
f 2705/4960/2651 1934/3539/1883 2703/4957/2649
f 2703/4957/2649 2704/4959/2650 2702/4956/2648
f 2705/4960/2651 2703/4957/2649 1909/4961/1856
f 1909/4961/1856 2703/4957/2649 1908/4958/1857
f 1909/4961/1856 1913/4962/1862 2705/4960/2651
f 1934/3539/1883 2705/4960/2651 1917/3538/1865
f 1913/4962/1862 1917/3538/1865 2705/4960/2651
f 2707/4963/2652 2702/4956/2648 2704/4959/2650
f 1934/3539/1883 2706/4964/2653 2704/4959/2650
f 2704/4959/2650 2706/4964/2653 2707/4963/2652
f 2708/4965/2654 2702/4956/2648 2707/4963/2652
f 2707/4963/2652 2687/4931/2635 2708/4965/2654
f 2707/4963/2652 2709/4966/2655 2687/4931/2635
f 2709/4966/2655 2707/4963/2652 2706/4964/2653
f 2678/4918/2625 2687/4931/2635 2709/4966/2655
f 2710/4967/2656 2678/4918/2625 2709/4966/2655
f 2710/4967/2656 2709/4966/2655 2711/4968/2657
f 2712/4969/2658 2711/4968/2657 2709/4966/2655
f 2706/4964/2653 2712/4969/2658 2709/4966/2655
f 2714/4970/2659 2713/4971/2660 2712/4969/2658
f 2711/4968/2657 2712/4969/2658 2713/4971/2660
f 2712/4969/2658 2706/4964/2653 2714/4970/2659
f 2714/4970/2659 2715/4972/2661 2713/4971/2660
f 1935/3540/1884 2714/4970/2659 2706/4964/2653
f 2714/4970/2659 1935/3540/1884 1937/3541/1885
f 2715/4972/2661 2714/4970/2659 1937/3541/1885
f 2716/4973/2662 2718/4974/2663 2715/4972/2661
f 2717/4975/2664 2716/4973/2662 2715/4972/2661
f 2715/4972/2661 1937/3541/1885 2717/4975/2664
f 2715/4972/2661 2718/4974/2663 2713/4971/2660
f 2718/4974/2663 2720/4976/2665 2719/4977/2666
f 2719/4977/2666 2713/4971/2660 2718/4974/2663
f 2720/4976/2665 2718/4974/2663 2721/4978/2667
f 2716/4973/2662 2721/4978/2667 2718/4974/2663
f 2721/4978/2667 2723/4979/2668 2720/4976/2665
f 2722/4980/2669 2721/4978/2667 2716/4973/2662
f 2723/4979/2668 2721/4978/2667 2722/4980/2669
f 2726/4981/2670 2723/4979/2668 2722/4980/2669
f 2723/4979/2668 2724/4982/2671 2725/4983/2672
f 2724/4982/2671 2723/4979/2668 2726/4981/2670
f 2720/4976/2665 2723/4979/2668 2725/4983/2672
f 2722/4980/2669 2728/4984/2673 2726/4981/2670
f 2724/4982/2671 2726/4981/2670 2727/4985/2674
f 2726/4981/2670 2729/4986/2675 2727/4985/2674
f 2728/4984/2673 2730/4987/2676 2726/4981/2670
f 2729/4986/2675 2726/4981/2670 2730/4987/2676
f 2730/4987/2676 2728/4984/2673 1984/3614/1932
f 2731/4988/2677 2730/4987/2676 1986/3616/1934
f 2730/4987/2676 2731/4988/2677 2729/4986/2675
f 1984/3614/1932 1986/3616/1934 2730/4987/2676
f 2731/4988/2677 2732/4989/2678 2729/4986/2675
f 1992/3627/1942 2731/4988/2677 1986/3616/1934
f 2732/4989/2678 2731/4988/2677 1992/3627/1942
f 2733/4990/2679 2729/4986/2675 2732/4989/2678
f 2732/4989/2678 2734/4991/2680 2733/4990/2679
f 1999/3640/1948 1998/3639/1947 2732/4989/2678
f 1992/3627/1942 1999/3640/1948 2732/4989/2678
f 2735/4992/2681 2732/4989/2678 1998/3639/1947
f 2732/4989/2678 2735/4992/2681 2734/4991/2680
f 1998/3639/1947 2597/4791/2544 2735/4992/2681
f 2601/4797/2547 2735/4992/2681 2597/4791/2544
f 2735/4992/2681 2736/4993/2682 2734/4991/2680
f 2736/4993/2682 2735/4992/2681 2737/4994/2683
f 2601/4797/2547 2737/4994/2683 2735/4992/2681
f 2736/4993/2682 2737/4994/2683 2621/4835/2567
f 2737/4994/2683 2601/4797/2547 2604/4801/2550
f 2621/4835/2567 2737/4994/2683 2604/4801/2550
f 2622/4837/2569 2734/4991/2680 2736/4993/2682
f 2621/4835/2567 2622/4837/2569 2736/4993/2682
f 2733/4990/2679 2734/4991/2680 2738/4995/2684
f 2738/4995/2684 2734/4991/2680 2623/4838/2570
f 2734/4991/2680 2622/4837/2569 2623/4838/2570
f 2733/4990/2679 2738/4995/2684 2739/4996/2685
f 2739/4996/2685 2738/4995/2684 2740/4997/2686
f 2738/4995/2684 2623/4838/2570 2740/4997/2686
f 2739/4996/2685 2740/4997/2686 2741/4998/2687
f 2623/4838/2570 2625/4841/2573 2740/4997/2686
f 2741/4998/2687 2740/4997/2686 2625/4841/2573
f 2742/4999/2688 2741/4998/2687 2743/5000/2689
f 2741/4998/2687 2742/4999/2688 2739/4996/2685
f 2744/5001/2690 2743/5000/2689 2741/4998/2687
f 2741/4998/2687 2625/4841/2573 2744/5001/2690
f 2725/4983/2672 2743/5000/2689 2744/5001/2690
f 2744/5001/2690 2720/4976/2665 2725/4983/2672
f 2744/5001/2690 2625/4841/2573 2626/4840/2572
f 2626/4840/2572 2745/5002/2691 2744/5001/2690
f 2719/4977/2666 2744/5001/2690 2745/5002/2691
f 2744/5001/2690 2719/4977/2666 2720/4976/2665
f 2745/5002/2691 2626/4840/2572 2746/5003/2692
f 2747/5004/2693 2745/5002/2691 2746/5003/2692
f 2745/5002/2691 2747/5004/2693 2719/4977/2666
f 2747/5004/2693 2713/4971/2660 2719/4977/2666
f 2713/4971/2660 2747/5004/2693 2711/4968/2657
f 2711/4968/2657 2747/5004/2693 2748/5005/2694
f 2747/5004/2693 2746/5003/2692 2748/5005/2694
f 2748/5005/2694 2749/5006/2695 2679/4919/2626
f 2710/4967/2656 2748/5005/2694 2679/4919/2626
f 2711/4968/2657 2748/5005/2694 2710/4967/2656
f 2748/5005/2694 2746/5003/2692 2749/5006/2695
f 2749/5006/2695 2750/5007/2696 2679/4919/2626
f 2750/5007/2696 2749/5006/2695 2751/5008/2697
f 2746/5003/2692 2751/5008/2697 2749/5006/2695
f 2628/4842/2574 2751/5008/2697 2626/4840/2572
f 2746/5003/2692 2626/4840/2572 2751/5008/2697
f 2751/5008/2697 2628/4842/2574 2750/5007/2696
f 2750/5007/2696 2628/4842/2574 2752/5009/2698
f 2752/5009/2698 2679/4919/2626 2750/5007/2696
f 2753/5010/2699 2675/4920/2622 2752/5009/2698
f 2753/5010/2699 2752/5009/2698 2632/4847/2579
f 2752/5009/2698 2675/4920/2622 2679/4919/2626
f 2632/4847/2579 2752/5009/2698 2628/4842/2574
f 2753/5011/2699 2632/4854/2579 2639/4858/2585
f 2675/4913/2622 2753/5011/2699 2754/5012/2700
f 2639/4858/2585 2754/5012/2700 2753/5011/2699
f 2755/5013/2701 2754/5012/2700 2639/4858/2585
f 2754/5012/2700 2755/5013/2701 2666/5014/2612
f 2666/5014/2612 2676/4914/2623 2754/5012/2700
f 2675/4913/2622 2754/5012/2700 2676/4914/2623
f 2638/4857/2584 2755/5013/2701 2639/4858/2585
f 2755/5015/2701 2638/4861/2584 2654/5016/2601
f 2666/4897/2612 2755/5015/2701 2657/4896/2604
f 2654/5016/2601 2657/4896/2604 2755/5015/2701
f 2743/5000/2689 2725/4983/2672 2724/4982/2671
f 2727/4985/2674 2742/4999/2688 2743/5000/2689
f 2724/4982/2671 2727/4985/2674 2743/5000/2689
f 2733/4990/2679 2739/4996/2685 2742/4999/2688
f 2727/4985/2674 2733/4990/2679 2742/4999/2688
f 2729/4986/2675 2733/4990/2679 2727/4985/2674
f 1982/3612/1930 2728/4984/2673 2756/5017/2702
f 2728/4984/2673 1982/3612/1930 1984/3614/1932
f 2722/4980/2669 2756/5017/2702 2728/4984/2673
f 2756/5017/2702 2722/4980/2669 2757/5018/2703
f 2757/5018/2703 1982/3612/1930 2756/5017/2702
f 2758/5019/2704 2759/5020/2705 2757/5018/2703
f 2758/5019/2704 2757/5018/2703 2760/5021/2706
f 1982/3612/1930 2757/5018/2703 2759/5020/2705
f 2757/5018/2703 2761/5022/2707 2760/5021/2706
f 2762/5023/2708 2761/5022/2707 2757/5018/2703
f 2757/5018/2703 2722/4980/2669 2762/5023/2708
f 2717/4975/2664 2761/5022/2707 2762/5023/2708
f 2716/4973/2662 2762/5023/2708 2722/4980/2669
f 2716/4973/2662 2717/4975/2664 2762/5023/2708
f 2760/5021/2706 2761/5022/2707 2717/4975/2664
f 2760/5021/2706 2717/4975/2664 1938/3543/1887
f 2758/5019/2704 2760/5021/2706 1938/3543/1887
f 1947/3552/1896 1950/3555/1899 2759/5020/2705
f 1947/3552/1896 2759/5020/2705 2758/5019/2704
f 1981/3611/1929 2759/5020/2705 1950/3555/1899
f 2759/5020/2705 1981/3611/1929 1982/3612/1930
f 2758/5019/2704 1942/3546/1890 1947/3552/1896
f 1942/3546/1890 2758/5019/2704 1939/3544/1888
f 1938/3543/1887 1939/3544/1888 2758/5019/2704
f 1938/3543/1887 2717/4975/2664 1937/3541/1885
f 2710/4967/2656 2679/4919/2626 2678/4918/2625
f 2708/4965/2654 2687/4931/2635 2689/4930/2634
f 2708/4965/2654 2696/4954/2642 2702/4956/2648
f 2689/4930/2634 2696/4954/2642 2708/4965/2654
f 2706/4964/2653 1934/3539/1883 1935/3540/1884
f 2699/5024/2645 2697/5025/2644 2763/5026/2709
f 1906/3484/1855 2699/5024/2645 2763/5026/2709
f 2763/5027/2709 2765/5028/2710 2764/5029/2711
f 2764/5029/2711 1905/3479/1853 2763/5027/2709
f 2763/5026/2709 1905/3483/1853 1906/3484/1855
f 2763/5027/2709 2766/5030/2712 2765/5028/2710
f 2766/5031/2712 2763/5026/2709 2697/5025/2644
f 2767/5032/2713 2766/5031/2712 2691/4938/2637
f 2765/5028/2710 2766/5030/2712 2767/5033/2713
f 2691/4938/2637 2766/5031/2712 2693/4946/2639
f 2697/5025/2644 2693/4946/2639 2766/5031/2712
f 2767/5033/2713 2769/5034/2714 2768/5035/2715
f 2767/5033/2713 2768/5035/2715 2765/5028/2710
f 2769/5036/2714 2767/5032/2713 2691/4938/2637
f 2768/5035/2715 2769/5034/2714 2770/5037/2716
f 2769/5036/2714 2664/4893/2610 2770/5038/2716
f 2664/4893/2610 2769/5036/2714 2691/4938/2637
f 2664/4895/2610 2771/5039/2717 2770/5040/2716
f 2770/5041/2716 2771/5042/2717 2772/5043/2718
f 2774/5044/2719 2770/5041/2716 2772/5043/2718
f 2770/5045/2716 2773/5046/2720 2768/5047/2715
f 2773/5048/2720 2770/5049/2716 2774/5050/2719
f 2774/5050/2719 2776/5051/2721 2775/5052/2722
f 2775/5052/2722 2773/5048/2720 2774/5050/2719
f 2772/5043/2718 2776/5053/2721 2774/5044/2719
f 2777/5054/2723 2775/5052/2722 2776/5051/2721
f 2772/5043/2718 2668/5055/2615 2776/5053/2721
f 2778/5056/2724 2776/5053/2721 2668/5055/2615
f 2776/5051/2721 2778/5057/2724 2777/5054/2723
f 2779/5058/2725 2778/5056/2724 2668/5055/2615
f 2778/5057/2724 2779/5059/2725 2780/5060/2726
f 2780/5060/2726 2777/5054/2723 2778/5057/2724
f 2777/5061/2723 2780/5062/2726 2781/5063/2727
f 2780/5062/2726 2782/5064/2728 2781/5063/2727
f 2779/5059/2725 2782/5065/2728 2780/5060/2726
f 2782/5066/2728 2779/5067/2725 2783/5068/2729
f 2783/5068/2729 2784/5069/2730 2782/5066/2728
f 2785/5070/2731 2782/5064/2728 2784/5071/2730
f 2785/5070/2731 2781/5063/2727 2782/5064/2728
f 2786/5072/2732 2790/5073/2733 2785/5070/2731
f 2791/5074/2734 2786/5072/2732 2785/5070/2731
f 2787/5075/2735 2781/5063/2727 2785/5070/2731
f 2785/5070/2731 2788/5076/2736 2787/5075/2735
f 2788/5076/2736 2785/5070/2731 2789/5077/2737
f 2790/5073/2733 2789/5077/2737 2785/5070/2731
f 2785/5070/2731 2784/5071/2730 2791/5074/2734
f 2791/5074/2734 2792/5078/2738 2786/5072/2732
f 2792/5079/2738 2791/5080/2734 2793/5081/2739
f 2794/5082/2740 2793/5081/2739 2791/5080/2734
f 2794/5082/2740 2791/5080/2734 2784/5069/2730
f 2668/5055/2615 2793/5083/2739 2794/5084/2740
f 2794/5084/2740 2783/5085/2729 2668/5055/2615
f 2784/5069/2730 2783/5068/2729 2794/5082/2740
f 2663/5086/2611 2792/5079/2738 2793/5081/2739
f 2793/5083/2739 2668/5055/2615 2669/5087/2614
f 2771/5042/2717 2663/5088/2611 2793/5083/2739
f 2669/5087/2614 2771/5042/2717 2793/5083/2739
f 2792/5078/2738 2660/5089/2606 2786/5072/2732
f 2660/5089/2606 2792/5078/2738 2663/5090/2611
f 2790/5073/2733 2786/5072/2732 2795/5091/2741
f 2796/5092/2742 2790/5073/2733 2795/5091/2741
f 2789/5077/2737 2790/5073/2733 2796/5092/2742
f 2796/5092/2742 2795/5091/2741 2797/5093/2743
f 2797/5093/2743 2798/5094/2744 2796/5092/2742
f 2796/5092/2742 2798/5094/2744 2789/5077/2737
f 2799/5095/2745 2798/5094/2744 2797/5093/2743
f 2800/5096/2746 2798/5094/2744 2799/5095/2745
f 2798/5094/2744 2800/5096/2746 2801/5097/2747
f 2801/5097/2747 2789/5077/2737 2798/5094/2744
f 2801/5097/2747 2802/5098/2748 2804/5099/2749
f 2802/5098/2748 2801/5097/2747 2800/5096/2746
f 2789/5077/2737 2801/5097/2747 2788/5076/2736
f 2803/5100/2750 2788/5076/2736 2801/5097/2747
f 2804/5099/2749 2803/5100/2750 2801/5097/2747
f 2806/5101/2751 2803/5100/2750 2804/5099/2749
f 2805/5102/2752 2804/5099/2749 2802/5098/2748
f 2804/5099/2749 2805/5102/2752 2806/5101/2751
f 2803/5100/2750 2806/5101/2751 2807/5103/2753
f 2808/5104/2754 2807/5103/2753 2806/5101/2751
f 2806/5101/2751 2805/5102/2752 2808/5104/2754
f 2809/5105/2755 2811/5106/2756 2808/5104/2754
f 2808/5104/2754 2812/5107/2757 2809/5105/2755
f 2807/5103/2753 2808/5104/2754 2810/5108/2758
f 2811/5106/2756 2810/5108/2758 2808/5104/2754
f 2812/5107/2757 2808/5104/2754 2805/5102/2752
f 2812/5107/2757 2814/5109/2759 2111/3818/2059
f 2812/5107/2757 2111/3818/2059 2813/5110/2760
f 2813/5110/2760 2809/5105/2755 2812/5107/2757
f 2805/5102/2752 2814/5109/2759 2812/5107/2757
f 2113/3817/2058 2111/3818/2059 2814/5109/2759
f 2113/3817/2058 2814/5109/2759 2116/3823/2064
f 2805/5102/2752 2116/3823/2064 2814/5109/2759
f 2813/5110/2760 2111/3818/2059 2112/3819/2060
f 2813/5110/2760 2112/3819/2060 2815/5111/2761
f 2813/5110/2760 2815/5111/2761 2809/5105/2755
f 2815/5111/2761 2112/3819/2060 2817/5112/2762
f 2815/5111/2761 2817/5112/2762 2816/5113/2763
f 2816/5113/2763 2809/5105/2755 2815/5111/2761
f 2817/5112/2762 2818/5114/2764 2816/5113/2763
f 2818/5114/2764 2817/5112/2762 2819/5115/2765
f 2820/5116/2766 2819/5115/2765 2817/5112/2762
f 2817/5112/2762 2112/3819/2060 2820/5116/2766
f 2821/5117/2767 2079/3778/2027 2820/5116/2766
f 2821/5117/2767 2820/5116/2766 2109/3815/2056
f 2820/5116/2766 2112/3819/2060 2109/3815/2056
f 2819/5115/2765 2820/5116/2766 2079/3778/2027
f 2079/3778/2027 2821/5117/2767 2082/3781/2030
f 2822/5118/2768 2082/3781/2030 2821/5117/2767
f 2109/3815/2056 2102/3808/2049 2821/5117/2767
f 2821/5117/2767 2102/3808/2049 2822/5118/2768
f 2822/5118/2768 2102/3808/2049 2101/3807/2048
f 2101/3807/2048 2086/3786/2032 2822/5118/2768
f 2082/3781/2030 2822/5118/2768 2086/3786/2032
f 2818/5114/2764 2819/5115/2765 2077/3776/2025
f 2079/3778/2027 2075/3774/2023 2819/5115/2765
f 2819/5115/2765 2075/3774/2023 2077/3776/2025
f 2823/5119/2769 2818/5114/2764 2077/3776/2025
f 2823/5119/2769 2824/5120/2770 2818/5114/2764
f 2818/5114/2764 2824/5120/2770 2816/5113/2763
f 2824/5120/2770 2823/5119/2769 2825/5121/2771
f 2826/5122/2772 2816/5113/2763 2824/5120/2770
f 2825/5121/2771 2826/5122/2772 2824/5120/2770
f 2827/5123/2773 2826/5122/2772 2825/5121/2771
f 2826/5122/2772 2827/5123/2773 2810/5108/2758
f 2810/5108/2758 2811/5106/2756 2826/5122/2772
f 2816/5113/2763 2826/5122/2772 2811/5106/2756
f 2825/5121/2771 2830/5124/2774 2827/5123/2773
f 2810/5108/2758 2827/5123/2773 2828/5125/2775
f 2827/5123/2773 2829/5126/2776 2828/5125/2775
f 2829/5126/2776 2827/5123/2773 2830/5124/2774
f 2831/5127/2777 2830/5124/2774 1890/3459/1837
f 2829/5126/2776 2830/5124/2774 2831/5127/2777
f 2830/5124/2774 2825/5121/2771 1890/3459/1837
f 2831/5127/2777 2832/5128/2778 2833/5129/2779
f 2832/5128/2778 2831/5127/2777 2834/5130/2780
f 2833/5129/2779 2829/5126/2776 2831/5127/2777
f 1889/3461/1839 2834/5130/2780 2831/5127/2777
f 1890/3459/1837 1889/3461/1839 2831/5127/2777
f 2834/5130/2780 1889/3461/1839 1888/3460/1838
f 2834/5130/2780 1888/3460/1838 1892/3462/1840
f 2834/5130/2780 2835/5131/2781 2832/5128/2778
f 2835/5131/2781 2834/5130/2780 1892/3462/1840
f 2837/5132/2782 2835/5131/2781 1892/3462/1840
f 2836/5133/2783 2832/5128/2778 2835/5131/2781
f 2838/5134/2784 2836/5133/2783 2835/5131/2781
f 2835/5131/2781 2837/5132/2782 2838/5134/2784
f 2764/5029/2711 2838/5135/2784 2837/5136/2782
f 2838/5135/2784 2764/5029/2711 2765/5028/2710
f 2765/5028/2710 2839/5137/2785 2838/5135/2784
f 2836/5133/2783 2838/5134/2784 2839/5138/2785
f 2839/5138/2785 2840/5139/2786 2836/5133/2783
f 2768/5047/2715 2840/5139/2786 2839/5138/2785
f 2839/5137/2785 2765/5028/2710 2768/5035/2715
f 2773/5046/2720 2840/5139/2786 2768/5047/2715
f 2773/5046/2720 2841/5140/2787 2840/5139/2786
f 2840/5139/2786 2841/5140/2787 2836/5133/2783
f 2773/5046/2720 2775/5141/2722 2841/5140/2787
f 2842/5142/2788 2841/5140/2787 2775/5141/2722
f 2841/5140/2787 2842/5142/2788 2836/5133/2783
f 2833/5129/2779 2836/5133/2783 2842/5142/2788
f 2775/5141/2722 2777/5061/2723 2842/5142/2788
f 2843/5143/2789 2842/5142/2788 2781/5063/2727
f 2781/5063/2727 2842/5142/2788 2777/5061/2723
f 2842/5142/2788 2843/5143/2789 2833/5129/2779
f 2829/5126/2776 2833/5129/2779 2843/5143/2789
f 2781/5063/2727 2787/5075/2735 2843/5143/2789
f 2829/5126/2776 2843/5143/2789 2787/5075/2735
f 1892/3462/1840 1896/5144/1843 2837/5132/2782
f 1901/3476/1850 2837/5136/2782 1896/3468/1843
f 2837/5136/2782 1901/3476/1850 2764/5029/2711
f 2836/5133/2783 2833/5129/2779 2832/5128/2778
f 2787/5075/2735 2828/5125/2775 2829/5126/2776
f 2844/5145/2790 2807/5103/2753 2828/5125/2775
f 2810/5108/2758 2828/5125/2775 2807/5103/2753
f 2787/5075/2735 2844/5145/2790 2828/5125/2775
f 2788/5076/2736 2803/5100/2750 2844/5145/2790
f 2844/5145/2790 2803/5100/2750 2807/5103/2753
f 2844/5145/2790 2787/5075/2735 2788/5076/2736
f 2073/3771/2020 1890/3459/1837 2825/5121/2771
f 2823/5119/2769 2073/3771/2020 2825/5121/2771
f 2077/3776/2025 2073/3771/2020 2823/5119/2769
f 2811/5106/2756 2809/5105/2755 2816/5113/2763
f 2116/3823/2064 2805/5102/2752 2121/3825/2066
f 2802/5098/2748 2121/3825/2066 2805/5102/2752
f 2121/3825/2066 2802/5098/2748 2846/5146/2791
f 2800/5096/2746 2845/5147/2792 2802/5098/2748
f 2845/5147/2792 2846/5146/2791 2802/5098/2748
f 2846/5146/2791 2119/3826/2067 2121/3825/2066
f 2847/5148/2793 2119/3826/2067 2846/5146/2791
f 2845/5147/2792 2847/5148/2793 2846/5146/2791
f 2847/5148/2793 2845/5147/2792 2848/5149/2794
f 2847/5148/2793 2848/5149/2794 2849/5150/2795
f 2119/3826/2067 2847/5148/2793 2133/3842/2080
f 2849/5150/2795 2133/3842/2080 2847/5148/2793
f 2137/5151/2084 2135/3848/2083 2849/5152/2795
f 2137/5153/2084 2849/5154/2795 2850/5155/2796
f 2850/5156/2796 2849/5150/2795 2848/5149/2794
f 2135/3848/2083 2133/3844/2080 2849/5152/2795
f 2851/5157/2797 2850/5156/2796 2848/5149/2794
f 2850/5155/2796 2851/5158/2797 2852/5159/2798
f 2852/5159/2798 2137/5153/2084 2850/5155/2796
f 2852/5159/2798 2851/5158/2797 2854/5160/2799
f 2137/3851/2084 2852/5161/2798 2140/3852/2085
f 2852/5161/2798 2853/5162/2800 2140/3852/2085
f 2854/5160/2799 2853/5163/2800 2852/5159/2798
f 2646/4873/2592 2853/5164/2800 2854/5165/2799
f 2855/5166/2801 2854/5165/2799 2851/5167/2797
f 2854/5165/2799 2649/4878/2597 2646/4873/2592
f 2855/5166/2801 2649/4878/2597 2854/5165/2799
f 2851/5157/2797 2848/5149/2794 2855/5168/2801
f 2649/4878/2597 2855/5166/2801 2650/4877/2596
f 2856/5169/2802 2650/4877/2596 2855/5166/2801
f 2856/5170/2802 2855/5168/2801 2848/5149/2794
f 2800/5096/2746 2799/5095/2745 2856/5170/2802
f 2799/5171/2745 2650/4877/2596 2856/5169/2802
f 2848/5149/2794 2800/5096/2746 2856/5170/2802
f 2646/4873/2592 2145/3872/2092 2853/5164/2800
f 2145/3872/2092 2857/5172/2803 2853/5164/2800
f 2853/5162/2800 2857/5173/2803 2138/3857/2087
f 2138/3857/2087 2140/3852/2085 2853/5162/2800
f 2148/3874/2095 2857/5172/2803 2145/3872/2092
f 2857/5173/2803 2148/5174/2095 2138/3857/2087
f 2800/5096/2746 2848/5149/2794 2845/5147/2792
f 2799/5171/2745 2648/4875/2594 2650/4877/2596
f 2799/5171/2745 2652/4879/2598 2648/4875/2594
f 2652/4879/2598 2799/5171/2745 2797/5175/2743
f 2655/5176/2600 2797/5093/2743 2795/5091/2741
f 2797/5175/2743 2655/4882/2600 2652/4879/2598
f 2786/5072/2732 2658/5177/2603 2795/5091/2741
f 2795/5091/2741 2658/5177/2603 2655/5176/2600
f 2786/5072/2732 2660/5089/2606 2658/5177/2603
f 2783/5085/2729 2779/5058/2725 2668/5055/2615
f 2668/5178/2615 2772/5179/2718 2670/5180/2616
f 2669/5087/2614 2772/5043/2718 2771/5042/2717
f 2772/5181/2718 2669/5182/2614 2662/5183/2608
f 2691/5184/2637 2670/5180/2616 2772/5179/2718
f 2662/5183/2608 2691/5185/2637 2772/5181/2718
f 2663/4894/2611 2771/5039/2717 2664/4895/2610
f 1905/3479/1853 2764/5029/2711 1901/3476/1850
f 2691/4938/2637 2662/4890/2608 2664/4893/2610
f 2670/4905/2616 2685/4941/2631 2683/5186/2629
f 2683/5186/2629 2682/5187/2628 2670/4905/2616
f 2671/4908/2617 2682/4922/2628 2680/4921/2627
f 2670/4905/2616 2682/5187/2628 2671/4904/2617
f 2680/4921/2627 2673/4909/2619 2671/4908/2617
f 2666/5014/2612 2665/4911/2613 2676/4914/2623
f 2641/4863/2587 2654/5016/2601 2638/4861/2584
f 2145/3866/2092 2646/4870/2592 2143/3865/2091
f 2644/4868/2590 2858/5188/2804 2646/4870/2592
f 2143/3865/2091 2646/4870/2592 2858/5188/2804
f 2858/5189/2804 2644/4867/2590 2635/4848/2580
f 2635/4848/2580 2859/5190/2805 2858/5189/2804
f 2611/5191/2557 2858/5189/2804 2859/5190/2805
f 2858/5188/2804 2611/4818/2557 2143/3865/2091
f 2611/5191/2557 2859/5190/2805 2861/5192/2806
f 2860/5193/2807 2859/5190/2805 2635/4848/2580
f 2859/5190/2805 2860/5193/2807 2861/5192/2806
f 2614/5194/2558 2611/5191/2557 2861/5192/2806
f 2861/5192/2806 2618/5195/2563 2614/5194/2558
f 2861/5192/2806 2860/5193/2807 2618/5195/2563
f 2620/4834/2566 2860/5196/2807 2630/4844/2576
f 2630/4844/2576 2860/5196/2807 2635/5197/2580
f 2620/4834/2566 2618/4831/2563 2860/5196/2807
f 2644/4867/2590 2634/4851/2581 2635/4848/2580
f 2617/4828/2564 2862/5198/2808 2618/4826/2563
f 2618/5195/2563 2862/5199/2808 2614/5194/2558
f 2612/5200/2559 2862/5199/2808 2617/4829/2564
f 2612/5200/2559 2614/5194/2558 2862/5199/2808
f 2617/4829/2564 2613/4824/2560 2612/5200/2559
f 2141/3863/2089 2143/3865/2091 2611/4818/2557
f 2611/4818/2557 2144/3864/2090 2141/3863/2089
f 2591/4777/2537 2606/4806/2553 2593/4780/2539
f 2593/4780/2539 2606/4806/2553 2599/4795/2546
f 1998/3639/1947 2001/3638/1946 2597/4791/2544
f 2006/3656/1955 2595/4782/2541 2596/4783/2542
f 2596/4783/2542 2003/3657/1951 2006/3656/1955
f 2595/5201/2541 2006/3658/1955 2020/3886/1969
f 2590/4774/2536 2595/5201/2541 2020/3886/1969
f 2153/3881/2100 1063/2129/1026 2863/5202/2809
f 2863/5202/2809 2864/5203/2810 2153/3881/2100
f 1052/2115/1018 2153/3881/2100 2864/5203/2810
f 2865/5204/2811 2867/5205/2812 2864/5206/2810
f 2864/5206/2810 2866/5207/2813 2865/5204/2811
f 2864/5206/2810 2863/5208/2809 2866/5207/2813
f 2864/5203/2810 2867/5209/2812 1052/2115/1018
f 2865/5210/2811 2868/5211/2814 2867/5212/2812
f 2867/5209/2812 1054/2111/1016 1052/2115/1018
f 1054/5213/1016 2867/5212/2812 2868/5211/2814
f 2868/5214/2814 1041/2083/1004 1039/2082/1003
f 1044/2096/1010 2868/5215/2814 1039/5216/1003
f 1044/2096/1010 1045/2095/1009 2868/5215/2814
f 2868/5211/2814 1045/2098/1009 1054/5213/1016
f 2868/5214/2814 2865/5217/2811 1041/2083/1004
f 1041/5218/1004 2866/5207/2813 2869/5219/2815
f 2869/5219/2815 2866/5207/2813 2863/5208/2809
f 1041/5218/1004 2865/5204/2811 2866/5207/2813
f 1042/5220/1007 2869/5219/2815 2870/5221/2816
f 1042/5220/1007 1041/5218/1004 2869/5219/2815
f 2863/5208/2809 2870/5221/2816 2869/5219/2815
f 2870/5222/2816 1062/5223/1027 1042/5224/1007
f 1062/2131/1027 2870/5225/2816 1063/2129/1026
f 1063/2129/1026 2870/5225/2816 2863/5202/2809
f 2150/3875/2096 2151/3878/2099 2871/5226/2817
f 2871/5226/2817 2151/3878/2099 2872/5227/2818
f 2020/3688/1969 2872/5227/2818 2151/3878/2099
f 2873/5228/2819 2872/5227/2818 2876/5229/2820
f 2875/5230/2821 2872/5227/2818 2873/5228/2819
f 2874/5231/2822 2871/5226/2817 2872/5227/2818
f 2872/5227/2818 2875/5230/2821 2874/5231/2822
f 2017/3687/1964 2876/5229/2820 2872/5227/2818
f 2872/5227/2818 2020/3688/1969 2017/3687/1964
f 2877/5232/2823 2876/5233/2820 2879/5234/2824
f 2876/5233/2820 2877/5232/2823 2878/5235/2825
f 2876/5229/2820 2878/5236/2825 2873/5228/2819
f 2876/5237/2820 2017/5238/1964 2015/5239/1963
f 2015/5239/1963 2879/5240/2824 2876/5237/2820
f 2105/3811/2052 2877/5232/2823 2879/5234/2824
f 2879/5234/2824 2880/5241/2826 2105/3811/2052
f 2880/5242/2826 2879/5240/2824 2015/5239/1963
f 2880/5241/2826 2094/3799/2042 2105/3811/2052
f 2880/5241/2826 2093/3798/2041 2094/3799/2042
f 2093/5243/2041 2880/5244/2826 2882/5245/2827
f 2015/5239/1963 2881/5246/2828 2880/5242/2826
f 2881/5246/2828 2882/5247/2827 2880/5242/2826
f 2883/5248/2829 2882/5249/2827 2008/3674/1956
f 2882/5245/2827 2883/5250/2829 2093/5243/2041
f 2882/5249/2827 2881/5251/2828 2008/3674/1956
f 2025/5252/1973 2883/5248/2829 2008/3674/1956
f 2883/5250/2829 2025/5253/1973 2092/5254/2040
f 2092/5254/2040 2093/5243/2041 2883/5250/2829
f 2008/3674/1956 2881/5251/2828 2015/3675/1963
f 2877/5232/2823 2124/3830/2071 2878/5235/2825
f 2124/3830/2071 2873/5255/2819 2878/5235/2825
f 2877/5232/2823 2105/3811/2052 2106/3812/2053
f 2124/3830/2071 2877/5232/2823 2106/3812/2053
f 2884/5256/2830 2886/5257/2831 2875/5230/2821
f 2875/5230/2821 2885/5258/2832 2884/5256/2830
f 2885/5258/2832 2875/5230/2821 2873/5228/2819
f 2874/5231/2822 2875/5230/2821 2886/5257/2831
f 2886/5257/2831 2884/5256/2830 2888/5259/2833
f 2888/5259/2833 2887/5260/2834 2886/5257/2831
f 2886/5257/2831 2887/5260/2834 2871/5226/2817
f 2871/5226/2817 2874/5231/2822 2886/5257/2831
f 2888/5261/2833 2889/5262/2835 2139/5263/2086
f 2888/5259/2833 2884/5256/2830 2889/5264/2835
f 2139/5263/2086 2148/5265/2095 2888/5261/2833
f 2150/3875/2096 2888/5259/2833 2148/3874/2095
f 2888/5259/2833 2150/3875/2096 2887/5260/2834
f 2889/5266/2835 2885/5267/2832 2890/5268/2836
f 2889/5266/2835 2884/5269/2830 2885/5267/2832
f 2889/5270/2835 2131/3840/2079 2130/3837/2077
f 2130/3837/2077 2139/5271/2086 2889/5270/2835
f 2889/5266/2835 2127/3833/2074 2131/3841/2079
f 2127/3833/2074 2889/5266/2835 2890/5268/2836
f 2125/3831/2072 2890/5268/2836 2124/3830/2071
f 2890/5268/2836 2885/5267/2832 2124/3830/2071
f 2890/5268/2836 2125/3831/2072 2127/3833/2074
f 2887/5260/2834 2150/3875/2096 2871/5226/2817
f 2873/5255/2819 2124/3830/2071 2885/5267/2832
f 2148/5174/2095 2139/3853/2086 2138/3857/2087
f 2143/5272/2091 2141/5273/2089 2140/5274/2085
f 2140/5275/2085 2138/3869/2087 2143/3868/2091
f 2107/3813/2054 2115/3821/2062 2106/3812/2053
f 2102/3808/2049 2109/3815/2056 2103/3809/2050
f 2101/3807/2048 2088/3790/2036 2086/3786/2032
f 2028/3703/1979 2092/3796/2040 2025/3696/1973
f 2080/3777/2026 2055/3747/2003 2076/3773/2022
f 2055/3747/2003 2080/3777/2026 2049/3745/1996
f 2047/3783/1995 2049/3745/1996 2080/3777/2026
f 2076/3773/2022 2055/3747/2003 2068/3764/2015
f 1890/3459/1837 2073/3771/2020 1885/3454/1833
f 2057/3749/2004 2068/3764/2015 2055/3747/2003
f 1857/3402/1805 2053/3740/2000 1858/3405/1807
f 2051/3742/1999 1858/3405/1807 2053/3740/2000
f 1862/5276/1808 1858/3405/1807 2051/3742/1999
f 2891/5277/2837 2051/3737/1999 1966/3738/1914
f 2051/3742/1999 2891/5278/2837 1862/5276/1808
f 1961/5279/1910 2891/5280/2837 2892/5281/2838
f 2891/5278/2837 1961/5282/1910 1862/5276/1808
f 2892/5283/2838 2891/5277/2837 1966/3738/1914
f 1966/3738/1914 1964/3724/1913 2892/5283/2838
f 2040/3726/1989 2892/5283/2838 1964/3724/1913
f 1963/5284/1911 2892/5281/2838 2040/3715/1989
f 2892/5281/2838 1963/5284/1911 1961/5279/1910
f 2040/3715/1989 2029/3702/1978 1963/5284/1911
f 2033/5285/1980 2032/5286/1975 1996/5287/1944
f 2030/5288/1981 2033/5285/1980 1996/5287/1944
f 2010/3667/1961 2032/3699/1975 2011/3668/1958
f 2032/5289/1975 2010/5290/1961 1995/3633/1945
f 1995/3633/1945 1996/5291/1944 2032/5289/1975
f 2029/3705/1978 2031/3704/1387 1967/3575/1912
f 2031/3704/1387 2030/3707/1981 1972/3597/1921
f 1967/3575/1912 2031/3704/1387 1972/3597/1921
f 2893/5292/2839 1972/3595/1921 2030/5288/1981
f 1996/5287/1944 2893/5292/2839 2030/5288/1981
f 1993/3629/1943 2894/5293/2840 2893/5294/2839
f 2894/5295/2840 1973/3596/1922 2893/5292/2839
f 2893/5292/2839 1973/3596/1922 1972/3595/1921
f 2893/5294/2839 1996/5296/1944 1993/3629/1943
f 2894/5293/2840 1987/3618/1936 1973/3599/1922
f 1988/3619/1937 1987/3618/1936 2894/5293/2840
f 2894/5293/2840 1993/3629/1943 1988/3619/1937
f 1963/3574/1911 2029/3705/1978 1967/3575/1912
f 2025/5252/1973 2008/3674/1956 2016/3680/1965
f 2024/5297/1972 2025/5252/1973 2016/3680/1965
f 2016/3680/1965 2019/3685/1968 2024/5297/1972
f 2006/3658/1955 2021/3693/1970 2020/3886/1969
f 2016/5298/1965 2008/3664/1956 2011/3663/1958
f 2011/5299/1958 2012/5300/1962 2016/5301/1965
f 2010/5290/1961 2009/3671/1960 1994/3634/1941
f 2010/5290/1961 1994/3634/1941 1995/3633/1945
f 1991/3623/1940 1994/3634/1941 2009/3671/1960
f 1973/3599/1922 1987/3618/1936 1978/3608/1926
f 1950/3555/1899 1980/3610/1928 1981/3611/1929
f 1949/3554/1898 1980/3610/1928 1950/3555/1899
f 1955/3562/1904 1959/3570/1908 1949/3563/1898
f 1952/3560/1901 2895/5302/2841 1954/3558/1902
f 1859/3568/1809 1954/3558/1902 2895/5302/2841
f 1860/5303/1810 1859/3568/1809 2895/5302/2841
f 1863/5304/1811 1860/5303/1810 2895/5302/2841
f 2895/5302/2841 2897/5305/2842 1863/5304/1811
f 2895/5302/2841 2896/5306/2843 2898/5307/2844
f 1952/3560/1901 2896/5306/2843 2895/5302/2841
f 2898/5307/2844 2897/5305/2842 2895/5302/2841
f 2900/5308/2845 2899/5309/2846 2898/5307/2844
f 2899/5309/2846 2897/5305/2842 2898/5307/2844
f 2900/5308/2845 2898/5307/2844 2896/5306/2843
f 2900/5308/2845 2901/5310/2847 2899/5309/2846
f 2902/5311/2848 2901/5310/2847 2900/5308/2845
f 2896/5306/2843 2902/5311/2848 2900/5308/2845
f 1952/3557/1901 1951/3556/1900 2902/5312/2848
f 1952/3560/1901 2902/5311/2848 2896/5306/2843
f 2901/5313/2847 2902/5312/2848 1951/3556/1900
f 1929/5314/1878 2899/5309/2846 2901/5310/2847
f 1951/3556/1900 2903/5315/2849 2901/5313/2847
f 2901/5310/2847 2903/5316/2849 1929/5314/1878
f 2903/5315/2849 1951/3556/1900 1946/3550/1894
f 1946/3550/1894 1944/3548/1892 2903/5315/2849
f 1929/3534/1878 2903/5315/2849 1944/3548/1892
f 2899/5309/2846 1929/5314/1878 2904/5317/2850
f 2899/5309/2846 2904/5317/2850 2905/5318/2851
f 2905/5318/2851 2906/5319/2852 2899/5309/2846
f 2897/5305/2842 2899/5309/2846 2906/5319/2852
f 2906/5320/2852 2905/5321/2851 1861/3412/1812
f 2906/5319/2852 1863/5304/1811 2897/5305/2842
f 1861/3412/1812 1863/3411/1811 2906/5320/2852
f 1881/3514/1829 2905/5321/2851 1921/3515/1869
f 1881/3514/1829 1861/3412/1812 2905/5321/2851
f 1921/5322/1869 2905/5323/2851 2904/5324/2850
f 1922/5325/1870 1921/5322/1869 2904/5324/2850
f 2904/5324/2850 2907/5326/2853 1922/5325/1870
f 2904/5324/2850 1929/5327/1878 2907/5326/2853
f 1925/3524/1871 1922/5328/1870 2907/5329/2853
f 2907/5329/2853 1930/3526/1877 1925/3524/1871
f 1930/3526/1877 2907/5329/2853 1929/3530/1878
f 1947/3552/1896 1942/3546/1890 1941/3545/1889
f 1944/3548/1892 1932/3532/1880 1929/3534/1878
f 1924/3519/1873 1915/3500/1864 1916/3502/1866
f 1898/3472/1846 2908/5330/2854 1865/3416/1815
f 1865/3416/1815 1866/3415/1814 1898/3472/1846
f 2908/5330/2854 1898/3472/1846 1895/3470/1844
f 2908/5331/2854 1879/3440/1828 1880/3444/1830
f 1879/5332/1828 2908/5333/2854 1893/5334/1842
f 1895/3470/1844 1893/3466/1842 2908/5330/2854
f 1865/3420/1815 2908/5331/2854 1880/3444/1830
f 1893/5334/1842 1886/5335/1835 1879/5332/1828
f 1878/5336/1826 1879/5332/1828 1886/5335/1835
f 1875/3768/1823 1883/3452/1831 1885/3454/1833
f 1876/3435/1824 1883/3448/1831 1875/3434/1823
f 1861/5337/1812 1881/3443/1829 1868/3442/1817
f 1880/3444/1830 1868/3421/1817 1865/3420/1815
f 2909/5338/2855 2910/5339/2856 1855/3394/1800
f 1855/5340/1800 1851/5341/1799 2909/5342/2855
f 2910/5339/2856 2912/5343/2857 1855/3394/1800
f 1855/3394/1800 2912/5343/2857 2911/5344/2858
f 2911/5344/2858 2913/5345/2859 1855/3394/1800
f 1853/3399/1803 1855/3394/1800 2913/5345/2859
f 2913/5346/2859 2911/5347/2858 2914/5348/2860
f 2913/5346/2859 2914/5348/2860 2915/5349/2861
f 2916/5350/2862 2913/5346/2859 2915/5349/2861
f 2913/5345/2859 2916/5351/2862 1853/3399/1803
f 2916/5351/2862 2917/5352/2863 2918/5353/2864
f 2917/5354/2863 2916/5355/2862 2915/5356/2861
f 2918/5353/2864 1853/3399/1803 2916/5351/2862
f 2919/5357/2865 2918/5353/2864 2917/5352/2863
f 2920/5358/2866 2918/5359/2864 2919/5360/2865
f 2918/5353/2864 2920/5361/2866 2922/5362/2867
f 2921/5363/2868 2918/5364/2864 2922/5365/2867
f 2921/5363/2868 1853/3398/1803 2918/5364/2864
f 2922/5365/2867 2923/5366/2869 2921/5363/2868
f 2920/5361/2866 2924/5367/2870 2922/5362/2867
f 2923/5368/2869 2922/5362/2867 2924/5367/2870
f 2924/5367/2870 2920/5361/2866 2928/5369/2871
f 2925/5370/2872 2924/5367/2870 2927/5371/2873
f 2924/5367/2870 2925/5370/2872 2923/5368/2869
f 2924/5367/2870 2928/5369/2871 2926/5372/2874
f 2926/5372/2874 2927/5371/2873 2924/5367/2870
f 2931/5373/2875 2929/5374/2876 2928/5375/2871
f 2929/5376/2876 2930/5377/2877 2928/5369/2871
f 2932/5378/2878 2928/5369/2871 2930/5377/2877
f 2919/5360/2865 2928/5379/2871 2920/5358/2866
f 2919/5360/2865 2931/5380/2875 2928/5379/2871
f 2932/5378/2878 2926/5372/2874 2928/5369/2871
f 2926/5372/2874 2932/5378/2878 2933/5381/2879
f 2933/5381/2879 2932/5378/2878 2930/5377/2877
f 2926/5372/2874 2933/5381/2879 2934/5382/2880
f 2930/5377/2877 2936/5383/2881 2933/5381/2879
f 2934/5382/2880 2933/5381/2879 2935/5384/2882
f 2938/5385/2883 2935/5384/2882 2933/5381/2879
f 2937/5386/2884 2933/5381/2879 2936/5383/2881
f 2937/5386/2884 2938/5385/2883 2933/5381/2879
f 2935/5384/2882 2938/5385/2883 2939/5387/2885
f 2938/5388/2883 2937/5389/2884 2940/5390/2886
f 2940/5390/2886 2939/5391/2885 2938/5388/2883
f 2941/5392/2887 2939/5391/2885 2940/5390/2886
f 2941/5392/2887 2940/5390/2886 2943/5393/2888
f 2940/5390/2886 2937/5389/2884 2942/5394/2889
f 2942/5394/2889 2943/5393/2888 2940/5390/2886
f 2944/5395/2890 2946/5396/2891 2943/5397/2888
f 2943/5397/2888 2942/5398/2889 2944/5395/2890
f 2943/5393/2888 2945/5399/2892 2941/5392/2887
f 2945/5400/2892 2943/5397/2888 2946/5396/2891
f 2946/5401/2891 2944/5402/2890 2948/5403/2893
f 2949/5404/2894 2946/5401/2891 2947/5405/2895
f 2948/5403/2893 2947/5405/2895 2946/5401/2891
f 2946/5396/2891 2949/5406/2894 2945/5400/2892
f 2952/5407/2896 2949/5404/2894 2950/5408/2897
f 2947/5405/2895 2950/5408/2897 2949/5404/2894
f 2949/5406/2894 2952/5409/2896 2951/5410/2898
f 2951/5410/2898 2945/5400/2892 2949/5406/2894
f 2952/5411/2896 2953/5412/2899 2954/5413/2900
f 2953/5414/2899 2952/5407/2896 2955/5415/2901
f 2954/5413/2900 2951/5416/2898 2952/5411/2896
f 2950/5408/2897 2955/5415/2901 2952/5407/2896
f 2955/5415/2901 2956/5417/2902 2953/5414/2899
f 2956/5417/2902 2955/5415/2901 2957/5418/2903
f 2955/5415/2901 2950/5408/2897 2958/5419/2904
f 2958/5419/2904 2957/5418/2903 2955/5415/2901
f 2957/5420/2903 2958/5421/2904 2960/5422/2905
f 2959/5423/2906 2958/5419/2904 2950/5408/2897
f 2958/5424/2904 2959/5425/2906 2961/5426/2907
f 2961/5426/2907 2960/5427/2905 2958/5424/2904
f 1395/2630/1358 2962/5428/2908 2961/5429/2907
f 2960/5430/2905 2961/5429/2907 2962/5428/2908
f 2961/5429/2907 2963/5431/2909 1395/2630/1358
f 2963/5432/2909 2961/5426/2907 2959/5425/2906
f 2963/5431/2909 2965/5433/2910 1395/2630/1358
f 2959/5425/2906 2964/5434/2911 2963/5432/2909
f 2965/5435/2910 2963/5432/2909 2964/5434/2911
f 2965/5435/2910 1389/5436/1353 1388/5437/1352
f 1388/2624/1352 1395/2630/1358 2965/5433/2910
f 1389/5436/1353 2965/5435/2910 2966/5438/2912
f 2964/5434/2911 2966/5438/2912 2965/5435/2910
f 2967/5439/2913 2966/5440/2912 2948/5403/2893
f 2966/5438/2912 2967/5441/2913 1389/5436/1353
f 2966/5440/2912 2964/5442/2911 2948/5403/2893
f 1391/5443/1356 1389/5436/1353 2967/5441/2913
f 2968/5444/2914 2967/5439/2913 2969/5445/2915
f 2967/5441/2913 2968/5446/2914 1391/5443/1356
f 2948/5403/2893 2969/5445/2915 2967/5439/2913
f 2969/5445/2915 1348/2554/1312 2968/5444/2914
f 2969/5445/2915 2948/5403/2893 2970/5447/2916
f 2970/5447/2916 2971/5448/2917 2969/5445/2915
f 1348/2554/1312 2969/5445/2915 1346/5449/1310
f 1346/5450/1310 2969/5451/2915 2971/5452/2917
f 2972/5453/2918 2971/5454/2917 2975/5455/2919
f 2971/5456/2917 2972/5457/2918 1346/5458/1310
f 2971/5454/2917 2970/5459/2916 2973/5460/2920
f 2971/5454/2917 2973/5460/2920 2974/5461/2921
f 2971/5454/2917 2974/5461/2921 2975/5455/2919
f 2975/5462/2919 1341/5463/1305 2972/5464/2918
f 2975/5465/2919 2974/5466/2921 2976/5467/2922
f 2976/5468/2922 1341/5463/1305 2975/5462/2919
f 2977/5469/2923 2976/5467/2922 2974/5466/2921
f 2978/5470/2924 2976/5471/2922 2977/5472/2923
f 1341/2541/1305 2976/5471/2922 2978/5470/2924
f 1341/2541/1305 2978/5470/2924 1338/2536/1302
f 2980/5473/2925 2979/5474/2926 2978/5475/2924
f 1338/5476/1302 2978/5475/2924 2979/5474/2926
f 2980/5477/2925 2978/5470/2924 2929/5376/2876
f 2929/5376/2876 2978/5470/2924 2977/5472/2923
f 2980/5477/2925 2981/5478/2927 2979/5479/2926
f 2980/5477/2925 2910/5339/2856 2981/5478/2927
f 2910/5480/2856 2980/5481/2925 2912/5482/2857
f 2982/5483/2928 2912/5484/2857 2980/5485/2925
f 2929/5374/2876 2982/5483/2928 2980/5485/2925
f 2982/5486/2928 2931/5487/2875 2984/5488/2929
f 2931/5373/2875 2982/5483/2928 2929/5374/2876
f 2912/5343/2857 2982/5486/2928 2983/5489/2930
f 2984/5488/2929 2983/5489/2930 2982/5486/2928
f 898/5490/864 2985/5491/2931 2984/5492/2929
f 2983/5493/2930 2984/5492/2929 2985/5491/2931
f 2984/5492/2929 2986/5494/2932 898/5490/864
f 2986/5495/2932 2984/5488/2929 2931/5487/2875
f 2917/5352/2863 2986/5495/2932 2919/5357/2865
f 898/5496/864 2986/5497/2932 2917/5354/2863
f 2931/5487/2875 2919/5357/2865 2986/5495/2932
f 2987/5498/2933 2985/5499/2931 1402/5500/1366
f 1402/5500/1366 2985/5499/2931 898/5501/864
f 2985/5491/2931 2987/5502/2933 2983/5493/2930
f 899/5503/866 2987/5498/2933 1402/5500/1366
f 2989/5504/2934 2987/5502/2933 2988/5505/2935
f 900/1817/865 2988/5506/2935 2987/5507/2933
f 2989/5504/2934 2983/5493/2930 2987/5502/2933
f 900/1817/865 2987/5507/2933 899/1820/866
f 2911/5508/2858 2989/5509/2934 2988/5510/2935
f 2912/5343/2857 2983/5489/2930 2989/5511/2934
f 2989/5511/2934 2911/5344/2858 2912/5343/2857
f 2988/5512/2935 2914/5348/2860 2911/5347/2858
f 2914/5513/2860 2988/5506/2935 900/1817/865
f 1332/2526/1297 1337/2535/1301 2981/5478/2927
f 1337/2535/1301 2979/5479/2926 2981/5478/2927
f 1852/3396/1801 2981/5478/2927 2909/5338/2855
f 2981/5478/2927 1852/3396/1801 1332/2526/1297
f 2909/5338/2855 2981/5478/2927 2910/5339/2856
f 2979/5479/2926 1337/2535/1301 1338/2536/1302
f 2974/5466/2921 2973/5514/2920 2977/5469/2923
f 2990/5515/2936 2977/5516/2923 2973/5517/2920
f 2930/5377/2877 2977/5472/2923 2990/5518/2936
f 2977/5472/2923 2930/5377/2877 2929/5376/2876
f 2990/5515/2936 2973/5517/2920 2970/5519/2916
f 2990/5515/2936 2991/5520/2937 2992/5521/2938
f 2970/5519/2916 2991/5520/2937 2990/5515/2936
f 2990/5518/2936 2936/5383/2881 2930/5377/2877
f 2992/5521/2938 2936/5522/2881 2990/5515/2936
f 2942/5398/2889 2992/5523/2938 2991/5524/2937
f 2992/5525/2938 2942/5394/2889 2937/5389/2884
f 2936/5526/2881 2992/5525/2938 2937/5389/2884
f 2991/5524/2937 2944/5395/2890 2942/5398/2889
f 2948/5527/2893 2944/5395/2890 2991/5524/2937
f 2991/5528/2937 2970/5447/2916 2948/5403/2893
f 1346/2549/1310 2972/5464/2918 1343/2547/1307
f 2972/5464/2918 1341/5463/1305 1342/5529/1306
f 1342/5529/1306 1343/2547/1307 2972/5464/2918
f 1390/5530/1355 1391/5443/1356 2968/5446/2914
f 2993/5531/2939 2968/5444/2914 1348/2554/1312
f 2968/5446/2914 2993/5532/2939 1390/5530/1355
f 2995/5533/2940 1390/5530/1355 2993/5532/2939
f 2994/5534/2941 2993/5531/2939 1348/2554/1312
f 2993/5532/2939 2994/5535/2941 2995/5533/2940
f 2995/5536/2940 1371/2592/1336 1370/2591/1335
f 1390/2627/1355 2995/5536/2940 1370/2591/1335
f 1371/5537/1336 2995/5533/2940 2994/5535/2941
f 2996/5538/2942 2994/5534/2941 1349/2553/1313
f 2994/5535/2941 2996/5539/2942 1371/5537/1336
f 1348/2554/1312 1349/2553/1313 2994/5534/2941
f 2996/5539/2942 1363/2581/1328 1371/5537/1336
f 1363/2580/1328 2996/5538/2942 1351/2558/1315
f 1349/2553/1313 1351/2558/1315 2996/5538/2942
f 2964/5442/2911 2959/5423/2906 2947/5405/2895
f 2947/5405/2895 2948/5403/2893 2964/5442/2911
f 1393/2629/1357 2997/5540/2943 2962/5428/2908
f 2997/5540/2943 3001/5541/2944 2962/5428/2908
f 2962/5428/2908 1395/2630/1358 1393/2629/1357
f 2998/5542/2945 2999/5543/2946 2962/5428/2908
f 2962/5428/2908 3000/5544/2947 2998/5542/2945
f 2999/5543/2946 2960/5430/2905 2962/5428/2908
f 3001/5541/2944 3000/5544/2947 2962/5428/2908
f 3002/5545/2948 3001/5546/2944 2997/5547/2943
f 3001/5546/2944 3002/5545/2948 3003/5548/2949
f 3001/5546/2944 3003/5548/2949 3005/5549/2950
f 3001/5541/2944 3004/5550/2951 3000/5544/2947
f 3005/5551/2950 3004/5552/2951 3001/5553/2944
f 3007/5554/2952 3005/5555/2950 3006/5556/2953
f 3008/5557/2954 3006/5556/2953 3005/5555/2950
f 3004/5558/2951 3005/5559/2950 3007/5560/2952
f 3005/5555/2950 3003/5561/2949 3008/5557/2954
f 3010/5562/2955 3009/5563/2956 3008/5564/2954
f 3006/5565/2953 3008/5564/2954 3009/5563/2956
f 1432/5566/1393 3010/5562/2955 3008/5564/2954
f 3008/5564/2954 3011/5567/2957 1432/5566/1393
f 3011/5568/2957 3008/5557/2954 3002/5569/2948
f 3003/5561/2949 3002/5569/2948 3008/5557/2954
f 1404/2650/1369 1432/5570/1393 3011/5571/2957
f 3011/5571/2957 1397/2641/1362 1404/2650/1369
f 1397/2637/1362 3011/5568/2957 1398/2635/1361
f 3012/5572/2958 1398/2635/1361 3011/5568/2957
f 3002/5569/2948 3012/5572/2958 3011/5568/2957
f 1393/2632/1357 1398/2640/1361 3012/5573/2958
f 2997/5547/2943 3012/5573/2958 3002/5545/2948
f 3012/5573/2958 2997/5547/2943 1393/2632/1357
f 1438/2702/1387 3009/5574/2956 3010/5575/2955
f 1438/2702/1387 3010/5575/2955 1432/2692/1393
f 3009/5574/2956 1438/2702/1387 3013/5576/2959
f 3009/5574/2956 3013/5576/2959 3016/5577/2960
f 3009/5563/2956 3014/5578/2961 3006/5565/2953
f 3015/5579/1387 3014/5580/2961 3009/5574/2956
f 3015/5579/1387 3009/5574/2956 3016/5577/2960
f 3016/5577/2960 3018/5581/2962 3015/5579/1387
f 3017/5582/2963 3019/5583/2964 3016/5584/2960
f 3016/5585/2960 3013/5586/2959 3017/5587/2963
f 3018/5588/2962 3016/5589/2960 3019/5590/2964
f 1446/2729/1405 3019/5591/2964 1423/2672/898
f 3022/5592/2965 3019/5591/2964 1446/2729/1405
f 3021/5593/898 3020/5594/2966 3019/5591/2964
f 3019/5590/2964 3020/5595/2966 3018/5588/2962
f 1423/2672/898 3019/5591/2964 3017/5596/2963
f 3021/5593/898 3019/5591/2964 3022/5592/2965
f 1457/5597/1414 1470/5598/1427 3022/5592/2965
f 3022/5592/2965 1470/5598/1427 3021/5593/898
f 1457/5599/1414 3022/5600/2965 1446/2727/1405
f 3021/5593/898 1483/2800/898 3025/5601/2967
f 1483/2800/898 3021/5593/898 3023/5602/2968
f 3021/5593/898 3024/5603/2969 3023/5602/2968
f 3024/5603/2969 3021/5593/898 1470/5598/1427
f 3025/5601/2967 3020/5594/2966 3021/5593/898
f 3025/5604/2967 3028/5605/2970 3026/5606/2971
f 3026/5606/2971 3027/5607/2972 3025/5604/2967
f 3020/5608/2966 3025/5604/2967 3027/5607/2972
f 3028/5609/2970 3025/5601/2967 1483/2800/898
f 3028/5610/2970 3017/5611/2963 3013/5612/2959
f 3013/5612/2959 3029/5613/2973 3028/5610/2970
f 3029/5613/2973 3026/5614/2971 3028/5610/2970
f 1483/2800/898 1423/2672/898 3028/5609/2970
f 3017/5596/2963 3028/5609/2970 1423/2672/898
f 1438/2702/1387 3029/5615/2973 3013/5576/2959
f 3030/5616/2974 3026/5617/2971 3029/5615/2973
f 1438/2702/1387 3030/5616/2974 3029/5615/2973
f 3030/5616/2974 3031/5618/2975 3032/5619/1387
f 3031/5620/2975 3030/5621/2974 1023/5622/987
f 1021/5623/985 1023/5622/987 3030/5621/2974
f 3030/5621/2974 1435/2695/1394 1021/5623/985
f 1435/2693/1394 3030/5616/2974 1438/2702/1387
f 3032/5619/1387 3015/5579/1387 3030/5616/2974
f 3030/5616/2974 3015/5579/1387 3026/5617/2971
f 3015/5579/1387 3032/5619/1387 3035/5624/2976
f 3033/5625/1387 3032/5619/1387 3036/5626/2977
f 3032/5619/1387 3033/5625/1387 3034/5627/2978
f 3034/5627/2978 3035/5624/2976 3032/5619/1387
f 3036/5626/2977 3032/5619/1387 3031/5618/2975
f 3037/5628/2979 3036/5626/2977 3031/5618/2975
f 3036/5629/2977 3037/5630/2979 1486/5631/1438
f 3036/5626/2977 3038/5632/2980 3033/5625/1387
f 3038/5633/2980 3036/5629/2977 3039/5634/2981
f 1486/5631/1438 3039/5634/2981 3036/5629/2977
f 3039/5635/2981 1486/2801/1438 1483/2800/898
f 1483/2800/898 3040/5636/898 3039/5635/2981
f 3041/5637/2982 3039/5635/2981 3040/5636/898
f 3039/5638/2981 3041/5639/2982 3038/5640/2980
f 3042/5641/2983 3038/5640/2980 3041/5639/2982
f 3041/5642/2982 1488/5643/1442 3042/5644/2983
f 3040/5636/898 1489/2806/898 3041/5637/2982
f 1489/2806/898 1488/2805/1442 3041/5637/2982
f 3044/5645/2984 3038/5632/2980 3042/5646/2983
f 3043/5647/2985 3042/5644/2983 1488/5643/1442
f 3042/5646/2983 3043/5648/2985 3045/5649/1387
f 3045/5649/1387 3044/5645/2984 3042/5646/2983
f 3043/5648/2985 3031/5618/2975 3045/5649/1387
f 3031/5618/2975 1034/5650/999 3045/5649/1387
f 3044/5645/2984 3045/5649/1387 3046/5651/2986
f 3045/5649/1387 1034/5650/999 1492/5652/1443
f 3047/5653/2987 3046/5651/2986 3045/5649/1387
f 3045/5649/1387 1492/5652/1443 3047/5653/2987
f 3046/5651/2986 3047/5653/2987 1498/2823/1450
f 3047/5654/2987 1492/5655/1443 1484/5656/1439
f 1484/5656/1439 1478/5657/1435 3047/5654/2987
f 1498/5658/1450 3047/5654/2987 1478/5657/1435
f 3046/5659/2986 1497/5660/1449 3048/5661/2988
f 1497/2821/1449 3046/5651/2986 1498/2823/1450
f 3048/5661/2988 3049/5662/2989 3046/5659/2986
f 3049/5663/2989 3050/5664/2990 3046/5665/2986
f 3044/5666/2984 3046/5665/2986 3050/5664/2990
f 3050/5667/2990 3049/5668/2989 3052/5669/2991
f 3051/5670/2992 3050/5667/2990 3053/5671/2993
f 3050/5664/2990 3051/5672/2992 3054/5673/2994
f 3052/5669/2991 3053/5671/2993 3050/5667/2990
f 3054/5673/2994 3044/5666/2984 3050/5664/2990
f 3034/5627/2978 3033/5625/1387 3054/5674/2994
f 3033/5625/1387 3044/5645/2984 3054/5674/2994
f 3054/5674/2994 3014/5580/2961 3034/5627/2978
f 3014/5578/2961 3054/5673/2994 3051/5672/2992
f 3056/5675/2995 3053/5676/2993 3052/5677/2991
f 3056/5675/2995 3055/5678/2996 3053/5676/2993
f 3053/5671/2993 3055/5679/2996 3051/5670/2992
f 3052/5677/2991 3057/5680/2997 3056/5675/2995
f 3056/5681/2995 3057/5682/2997 3058/5683/2998
f 3055/5678/2996 3056/5675/2995 3004/5684/2951
f 3004/5550/2951 3056/5681/2995 3060/5685/2999
f 3056/5681/2995 3058/5683/2998 3059/5686/3000
f 3059/5686/3000 3060/5685/2999 3056/5681/2995
f 3060/5685/2999 3059/5686/3000 3062/5687/3001
f 3000/5544/2947 3060/5685/2999 3061/5688/3002
f 3060/5685/2999 3000/5544/2947 3004/5550/2951
f 3063/5689/3003 3061/5688/3002 3060/5685/2999
f 3062/5687/3001 3063/5689/3003 3060/5685/2999
f 3061/5690/3002 3063/5691/3003 3066/5692/3004
f 3063/5691/3003 3062/5693/3001 3064/5694/3005
f 3064/5694/3005 3065/5695/3006 3063/5691/3003
f 3065/5695/3006 3066/5692/3004 3063/5691/3003
f 3067/5696/3007 3066/5697/3004 3068/5698/3008
f 3066/5692/3004 3067/5699/3007 3061/5690/3002
f 3068/5698/3008 3066/5697/3004 3065/5700/3006
f 3068/5698/3008 3069/5701/3009 3067/5696/3007
f 3069/5701/3009 3068/5698/3008 3071/5702/3010
f 3068/5698/3008 3070/5703/3011 3072/5704/3012
f 3065/5700/3006 3070/5703/3011 3068/5698/3008
f 3072/5705/3012 3071/5706/3010 3068/5707/3008
f 3075/5708/3013 3072/5704/3012 3070/5703/3011
f 3071/5706/3010 3072/5705/3012 3073/5709/3014
f 3074/5710/3015 3073/5709/3014 3072/5705/3012
f 3072/5705/3012 3075/5711/3013 3074/5710/3015
f 3075/5711/3013 3076/5712/3016 3077/5713/3017
f 3076/5714/3016 3075/5708/3013 3070/5703/3011
f 3077/5713/3017 3074/5710/3015 3075/5711/3013
f 3078/5715/3018 3077/5713/3017 3076/5712/3016
f 3074/5716/3015 3077/5717/3017 3079/5718/3019
f 3077/5717/3017 3078/5719/3018 3079/5718/3019
f 3079/5718/3019 3081/5720/3020 3080/5721/3021
f 3080/5721/3021 3082/5722/3022 3079/5718/3019
f 3079/5718/3019 1089/2166/1054 3081/5720/3020
f 1089/2166/1054 3079/5718/3019 1091/2164/1053
f 3079/5718/3019 3082/5722/3022 3074/5716/3015
f 1091/2164/1053 3079/5718/3019 3078/5719/3018
f 3082/5722/3022 3080/5721/3021 3083/5723/3023
f 3083/5723/3023 3084/5724/3024 3082/5722/3022
f 3082/5722/3022 3084/5724/3024 3073/5725/3014
f 3073/5725/3014 3074/5716/3015 3082/5722/3022
f 3084/5724/3024 3083/5723/3023 3089/5726/3025
f 3084/5724/3024 3085/5727/3026 3086/5728/3027
f 3088/5729/3028 3085/5727/3026 3084/5724/3024
f 3086/5728/3027 3087/5730/3029 3084/5724/3024
f 3087/5730/3029 3073/5725/3014 3084/5724/3024
f 3084/5724/3024 3089/5726/3025 3088/5729/3028
f 3083/5723/3023 3090/5731/3030 3089/5726/3025
f 3089/5732/3025 3090/5733/3030 3091/5734/3031
f 3091/5734/3031 3088/5735/3028 3089/5732/3025
f 3090/5733/3030 3092/5736/3032 3091/5734/3031
f 3094/5737/3033 3091/5738/3031 3092/5739/3032
f 3091/5738/3031 3094/5737/3033 3093/5740/3034
f 3093/5741/3034 3095/5742/3035 3091/5734/3031
f 3088/5735/3028 3091/5734/3031 3095/5742/3035
f 3095/5742/3035 3093/5741/3034 3096/5743/3036
f 3096/5743/3036 3097/5744/3037 3095/5742/3035
f 3095/5742/3035 3097/5744/3037 3098/5745/3038
f 3098/5745/3038 3099/5746/3039 3095/5742/3035
f 3095/5742/3035 3099/5746/3039 3088/5735/3028
f 3100/5747/3040 3099/5748/3039 3098/5749/3038
f 3085/5727/3026 3088/5729/3028 3099/5748/3039
f 3099/5748/3039 3100/5747/3040 3085/5727/3026
f 3085/5727/3026 3100/5747/3040 3102/5750/3041
f 2954/5751/2900 3101/5752/3042 3100/5747/3040
f 3101/5752/3042 3102/5750/3041 3100/5747/3040
f 3100/5747/3040 3103/5753/3043 2954/5751/2900
f 3100/5747/3040 3104/5754/3044 3103/5753/3043
f 3100/5747/3040 3098/5749/3038 3104/5754/3044
f 3104/5755/3044 3098/5745/3038 3105/5756/3045
f 3104/5755/3044 3105/5756/3045 3106/5757/3046
f 3106/5758/3046 3103/5753/3043 3104/5754/3044
f 3109/5759/3047 3106/5757/3046 3105/5756/3045
f 3109/5759/3047 3107/5760/3048 3106/5757/3046
f 3108/5761/3049 3106/5757/3046 3107/5760/3048
f 3103/5753/3043 3106/5758/3046 3108/5762/3049
f 3109/5759/3047 3112/5763/3050 3110/5764/3051
f 3110/5764/3051 3107/5760/3048 3109/5759/3047
f 3111/5765/3052 3109/5759/3047 3097/5744/3037
f 3109/5759/3047 3111/5765/3052 3112/5763/3050
f 3105/5756/3045 3097/5744/3037 3109/5759/3047
f 3112/5763/3050 3114/5766/3053 3113/5767/3054
f 3113/5767/3054 3116/5768/3055 3112/5763/3050
f 3112/5763/3050 3111/5765/3052 3114/5766/3053
f 3112/5763/3050 3115/5769/3056 3110/5764/3051
f 3115/5769/3056 3112/5763/3050 3116/5768/3055
f 3115/5769/3056 3116/5768/3055 2923/5368/2869
f 2923/5368/2869 3116/5768/3055 1849/5770/1798
f 3117/5771/3057 1849/3391/1798 3116/5772/3055
f 3116/5772/3055 3113/5773/3054 3117/5771/3057
f 1849/3391/1798 3117/5771/3057 3118/5774/3058
f 3117/5771/3057 3119/5775/3059 3118/5774/3058
f 3119/5775/3059 3117/5771/3057 3113/5773/3054
f 3113/5773/3054 3123/5776/3060 3119/5775/3059
f 3121/5777/3061 3119/5775/3059 3120/5778/3062
f 3123/5776/3060 3120/5778/3062 3119/5775/3059
f 3119/5775/3059 3121/5777/3061 3122/5779/3063
f 3122/5779/3063 3118/5774/3058 3119/5775/3059
f 3123/5780/3060 3113/5767/3054 3114/5766/3053
f 3120/5781/3062 3123/5780/3060 3124/5782/3064
f 3114/5766/3053 3124/5782/3064 3123/5780/3060
f 3124/5782/3064 3125/5783/3065 3120/5781/3062
f 3125/5783/3065 3124/5782/3064 3126/5784/3066
f 3124/5782/3064 3114/5766/3053 3111/5765/3052
f 3111/5765/3052 3126/5784/3066 3124/5782/3064
f 3126/5784/3066 3111/5765/3052 3097/5744/3037
f 3097/5744/3037 3096/5743/3036 3126/5784/3066
f 3126/5784/3066 3096/5743/3036 3125/5783/3065
f 3127/5785/3067 3120/5781/3062 3125/5783/3065
f 3128/5786/3068 3125/5783/3065 3096/5743/3036
f 3125/5783/3065 3128/5786/3068 3127/5785/3067
f 3129/5787/3069 3128/5788/3068 3094/5737/3033
f 3130/5789/3070 3128/5786/3068 3129/5790/3069
f 3130/5789/3070 3127/5785/3067 3128/5786/3068
f 3096/5743/3036 3093/5741/3034 3128/5786/3068
f 3093/5740/3034 3094/5737/3033 3128/5788/3068
f 3127/5791/3067 3130/5792/3070 3131/5793/3071
f 3131/5793/3071 3130/5792/3070 3132/5794/3072
f 3129/5790/3069 3132/5795/3072 3130/5789/3070
f 3132/5794/3072 3134/5796/3073 3133/5797/3074
f 3133/5797/3074 3131/5793/3071 3132/5794/3072
f 3134/5798/3073 3132/5795/3072 3135/5799/3075
f 3129/5790/3069 3135/5799/3075 3132/5795/3072
f 3135/5800/3075 3137/5801/3076 3136/5802/3077
f 3135/5803/3075 3136/5804/3077 3134/5805/3073
f 3094/5737/3033 3135/5800/3075 3129/5787/3069
f 3094/5737/3033 3092/5739/3032 3135/5800/3075
f 3092/5739/3032 3137/5801/3076 3135/5800/3075
f 3137/5801/3076 3139/5806/3078 3138/5807/3079
f 3138/5807/3079 3136/5802/3077 3137/5801/3076
f 3141/5808/3080 3139/5806/3078 3137/5801/3076
f 3137/5801/3076 3092/5739/3032 3140/5809/3081
f 3137/5801/3076 3140/5809/3081 3141/5808/3080
f 3141/5810/3080 3143/5811/3082 3142/5812/3083
f 3142/5812/3083 3145/5813/3084 3141/5810/3080
f 3143/5811/3082 3141/5810/3080 3140/5814/3081
f 3145/5813/3084 3144/5815/3085 3141/5810/3080
f 3141/5808/3080 3144/5816/3085 3139/5806/3078
f 3145/5813/3084 3147/5817/3086 3146/5818/3087
f 3145/5819/3084 3146/5820/3087 3144/5821/3085
f 3142/5812/3083 3147/5817/3086 3145/5813/3084
f 1087/2161/1050 1083/2160/1049 3147/5817/3086
f 1083/2160/1049 3146/5818/3087 3147/5817/3086
f 3147/5817/3086 1089/2167/1054 1087/2161/1050
f 3147/5817/3086 3142/5812/3083 1089/2167/1054
f 3146/5818/3087 1083/2160/1049 1081/2156/1045
f 3146/5818/3087 3149/5822/3088 3144/5815/3085
f 3146/5818/3087 1081/2156/1045 3148/5823/3089
f 3149/5822/3088 3146/5818/3087 3148/5823/3089
f 3149/5822/3088 3148/5823/3089 1541/5824/1491
f 1541/5824/1491 1540/5825/1490 3149/5822/3088
f 1540/5825/1490 3144/5815/3085 3149/5822/3088
f 3148/5823/3089 1543/5826/1493 1541/5824/1491
f 3148/5823/3089 1081/2156/1045 1543/5826/1493
f 3144/5816/3085 3138/5807/3079 3139/5806/3078
f 3138/5827/3079 3144/5815/3085 3150/5828/3090
f 1540/5825/1490 3150/5828/3090 3144/5815/3085
f 3150/5828/3090 3151/5829/3091 3138/5827/3079
f 3151/5830/3091 3150/5831/3090 1535/2896/1487
f 3150/5831/3090 1540/2899/1490 1535/2896/1487
f 1535/2896/1487 3133/5797/3074 3151/5830/3091
f 3133/5797/3074 3134/5796/3073 3151/5830/3091
f 3151/5829/3091 3134/5805/3073 3136/5804/3077
f 3136/5804/3077 3138/5827/3079 3151/5829/3091
f 3142/5812/3083 3143/5811/3082 3080/5832/3021
f 3143/5811/3082 3140/5814/3081 3080/5832/3021
f 3080/5832/3021 3081/5833/3020 3142/5812/3083
f 3142/5812/3083 3081/5833/3020 1089/2167/1054
f 3090/5834/3030 3140/5809/3081 3092/5739/3032
f 3140/5814/3081 3090/5835/3030 3083/5836/3023
f 3083/5836/3023 3080/5832/3021 3140/5814/3081
f 3133/5797/3074 1535/2896/1487 1537/2897/1488
f 1537/2897/1488 3152/5837/3092 3133/5797/3074
f 3131/5793/3071 3133/5797/3074 3152/5837/3092
f 3153/5838/3093 3152/5839/3092 3155/5840/3094
f 3152/5837/3092 3153/5841/3093 3131/5793/3071
f 3154/5842/3095 3155/5843/3094 3152/5844/3092
f 3152/5844/3092 1537/5845/1488 3154/5842/3095
f 3155/5840/3094 3156/5846/3096 3153/5838/3093
f 3157/5847/3097 3155/5848/3094 3154/5849/3095
f 3157/5847/3097 3156/5850/3096 3155/5848/3094
f 3157/5847/3097 3154/5849/3095 3158/5851/3098
f 3157/5847/3097 3158/5851/3098 3159/5852/3099
f 3157/5847/3097 3159/5852/3099 3156/5850/3096
f 3156/5846/3096 3159/5853/3099 1538/5854/1486
f 1536/5855/1489 1538/5856/1486 3159/5857/3099
f 3159/5857/3099 3158/5858/3098 1536/5855/1489
f 3158/5858/3098 3154/5859/3095 1537/5860/1488
f 1537/5860/1488 1536/5855/1489 3158/5858/3098
f 1538/5854/1486 3153/5838/3093 3156/5846/3096
f 1467/2766/898 3153/5841/3093 1538/2895/1486
f 1467/2766/898 3131/5793/3071 3153/5841/3093
f 3131/5793/3071 1467/2766/898 3121/5777/3061
f 3131/5793/3071 3121/5777/3061 3127/5791/3067
f 3120/5778/3062 3127/5791/3067 3121/5777/3061
f 3161/5861/3100 3118/5862/3058 3122/5863/3063
f 1463/2770/1421 3122/5779/3063 3121/5777/3061
f 3122/5863/3063 1463/2760/1421 1462/2758/1420
f 1462/2758/1420 3160/5864/3101 3122/5863/3063
f 3122/5863/3063 3160/5864/3101 3161/5861/3100
f 3161/5865/3100 3162/5866/3102 3118/5867/3058
f 3162/5866/3102 3161/5865/3100 3164/5868/3103
f 3163/5869/3104 3164/5870/3103 3161/5861/3100
f 3161/5861/3100 3160/5864/3101 3163/5869/3104
f 3164/5871/3103 3165/5872/3105 3162/5873/3102
f 3165/5872/3105 3164/5871/3103 1453/2741/1412
f 3164/5871/3103 3163/5874/3104 1453/2741/1412
f 1454/2743/1413 3165/5872/3105 1453/2741/1412
f 1454/2743/1413 3167/5875/3106 3165/5872/3105
f 3166/5876/3107 3162/5873/3102 3165/5872/3105
f 3167/5875/3106 3166/5876/3107 3165/5872/3105
f 3167/5875/3106 1454/2743/1413 3168/5877/3108
f 3168/5878/3108 3169/5879/3109 3167/5880/3106
f 3166/5876/3107 3167/5875/3106 3169/5881/3109
f 3171/5882/3110 3170/5883/3111 3169/5884/3109
f 3172/5885/3112 3169/5884/3109 3170/5883/3111
f 3171/5882/3110 3169/5884/3109 3173/5886/3113
f 3169/5887/3109 3172/5888/3112 3166/5889/3107
f 3168/5890/3108 3173/5886/3113 3169/5884/3109
f 3173/5891/3113 1411/5892/1374 1414/5893/1376
f 1411/5892/1374 3173/5891/3113 3168/5894/3108
f 1414/5893/1376 3174/5895/3114 3173/5891/3113
f 3173/5886/3113 3174/5896/3114 3171/5882/3110
f 3175/5897/3115 3174/5895/3114 3177/5898/3116
f 3174/5895/3114 3175/5897/3115 1826/5899/1773
f 1414/5893/1376 1415/5900/1379 3174/5895/3114
f 3174/5895/3114 3176/5901/3117 3171/5902/3110
f 3176/5901/3117 3174/5895/3114 1824/5903/1772
f 1415/5900/1379 3177/5898/3116 3174/5895/3114
f 1826/5899/1773 1824/5903/1772 3174/5895/3114
f 1415/2669/1379 1425/2675/898 3177/5904/3116
f 1425/2675/898 3178/5905/3118 3177/5904/3116
f 3175/5897/3115 3177/5898/3116 3178/5906/3118
f 3178/5905/3118 1425/2675/898 3183/5907/3119
f 932/1875/898 3178/5905/3118 3179/5908/3120
f 3178/5905/3118 3180/5909/3121 3179/5908/3120
f 3183/5907/3119 3180/5909/3121 3178/5905/3118
f 932/1875/898 3181/5910/3122 3178/5905/3118
f 3182/5911/3123 3178/5912/3118 3181/5913/3122
f 3178/5906/3118 3182/5914/3123 3175/5897/3115
f 3180/5915/3121 3183/5916/3119 3185/5917/3124
f 1425/2675/898 3184/5918/3125 3183/5907/3119
f 3183/5919/3119 3184/5920/3125 3185/5921/3124
f 974/5922/938 3186/5923/1387 3185/5924/3124
f 3186/5923/1387 1380/5925/1343 3185/5924/3124
f 3187/5926/3126 3185/5924/3124 1380/5925/1343
f 3185/5917/3124 3187/5927/3126 3180/5915/3121
f 3185/5924/3124 3188/5928/3127 974/5922/938
f 3188/5929/3127 3185/5921/3124 3184/5920/3125
f 3184/5920/3125 3189/5930/3128 3188/5929/3127
f 3191/5931/3129 3188/5932/3127 3189/5933/3128
f 3188/5928/3127 3191/5934/3129 3190/5935/1387
f 3190/5935/1387 974/5922/938 3188/5928/3127
f 3192/5936/3130 3190/5935/1387 3191/5934/3129
f 3191/5934/3129 3187/5926/3126 3192/5936/3130
f 3187/5927/3126 3191/5937/3129 3179/5938/3120
f 3189/5933/3128 3179/5939/3120 3191/5931/3129
f 3193/5940/3131 3192/5941/3130 1376/5942/1341
f 3192/5936/3130 3193/5943/3131 3194/5944/3132
f 3192/5941/3130 1380/2607/1343 1375/2611/1339
f 1380/5925/1343 3192/5936/3130 3187/5926/3126
f 3190/5935/1387 3192/5936/3130 3194/5944/3132
f 1375/2611/1339 1376/5942/1341 3192/5941/3130
f 3194/5945/3132 3195/5946/3133 3196/5947/3134
f 3193/5943/3131 3195/5948/3133 3194/5944/3132
f 3196/5947/3134 3197/5949/3135 3194/5945/3132
f 3198/5950/3136 3194/5945/3132 3197/5949/3135
f 3194/5944/3132 3198/5951/3136 3190/5935/1387
f 3199/5952/3137 3198/5953/3136 3200/5954/3138
f 976/5955/940 3198/5951/3136 3199/5956/3137
f 976/5955/940 3190/5935/1387 3198/5951/3136
f 3197/5957/3135 3200/5954/3138 3198/5953/3136
f 3200/5958/3138 3197/5959/3135 932/1875/898
f 3200/5954/3138 3201/5960/3139 3199/5952/3137
f 3202/5961/898 3201/5962/3139 3200/5958/3138
f 932/1875/898 3202/5961/898 3200/5958/3138
f 3203/5963/3140 3206/5964/3141 3202/5961/898
f 3203/5963/3140 3202/5961/898 3205/5965/898
f 3204/5966/3142 3202/5961/898 3206/5964/3141
f 3202/5961/898 3204/5966/3142 3207/5967/3143
f 3202/5961/898 932/1875/898 933/1876/898
f 933/1876/898 3205/5965/898 3202/5961/898
f 3207/5967/3143 3201/5962/3139 3202/5961/898
f 3207/5968/3143 3196/5969/3134 3195/5970/3133
f 3195/5970/3133 3209/5971/3144 3207/5968/3143
f 3201/5972/3139 3207/5968/3143 3208/5973/3145
f 3209/5971/3144 3208/5973/3145 3207/5968/3143
f 3196/5974/3134 3207/5967/3143 3204/5966/3142
f 3208/5975/3145 3209/5976/3144 3210/5977/1387
f 3210/5977/1387 3209/5976/3144 3195/5948/3133
f 977/5978/941 976/5955/940 3210/5977/1387
f 3210/5977/1387 976/5955/940 3199/5956/3137
f 3210/5977/1387 3213/5979/1387 977/5978/941
f 3193/5943/3131 3210/5977/1387 3195/5948/3133
f 3193/5943/3131 3211/5980/3146 3210/5977/1387
f 3210/5977/1387 3211/5980/3146 3212/5981/3147
f 3210/5977/1387 3212/5981/3147 3215/5982/3148
f 3213/5979/1387 3210/5977/1387 3214/5983/3149
f 3199/5956/3137 3208/5975/3145 3210/5977/1387
f 3215/5982/3148 3214/5983/3149 3210/5977/1387
f 3214/5984/3149 3215/5985/3148 3206/5986/3141
f 3215/5987/3148 3212/5988/3147 3216/5989/3150
f 3216/5989/3150 3206/5990/3141 3215/5987/3148
f 3217/5991/3151 3216/5992/3150 3212/5993/3147
f 3216/5994/3150 3217/5995/3151 3218/5996/3152
f 3206/5964/3141 3216/5994/3150 3204/5966/3142
f 3218/5996/3152 3204/5966/3142 3216/5994/3150
f 3205/5965/898 3218/5996/3152 3217/5995/3151
f 3204/5997/3142 3218/5998/3152 3222/5999/3153
f 3221/6000/3154 3218/5996/3152 3219/6001/3155
f 3220/6002/3156 3219/6001/3155 3218/5996/3152
f 3218/5996/3152 3205/5965/898 3220/6002/3156
f 3218/5998/3152 3221/6003/3154 3222/5999/3153
f 3204/5997/3142 3222/5999/3153 3223/6004/3157
f 3223/6004/3157 3222/5999/3153 3226/6005/3158
f 3221/6003/3154 3224/6006/3159 3222/5999/3153
f 3222/5999/3153 3224/6006/3159 3225/6007/3160
f 3225/6007/3160 3226/6005/3158 3222/5999/3153
f 3226/6005/3158 3225/6007/3160 1814/6008/1764
f 1814/3347/1764 1817/3348/1765 3226/6009/3158
f 1821/3355/1770 3226/6009/3158 1817/3348/1765
f 3226/6005/3158 1821/6010/1770 3223/6004/3157
f 3225/6011/3160 3227/6012/3161 1814/3347/1764
f 3227/6013/3161 3225/6007/3160 3224/6006/3159
f 3227/6013/3161 3228/6014/3162 3229/6015/3163
f 3230/6016/3164 3228/6014/3162 3227/6013/3161
f 3227/6012/3161 3229/6017/3163 1815/3345/1762
f 3227/6012/3161 1815/3345/1762 1814/3347/1764
f 3224/6006/3159 3230/6016/3164 3227/6013/3161
f 3231/6018/3165 3228/6014/3162 3230/6016/3164
f 3231/6018/3165 3230/6016/3164 3224/6006/3159
f 3228/6014/3162 3231/6018/3165 3232/6019/3166
f 3232/6020/3166 3231/6021/3165 3234/6022/3167
f 3233/6023/898 3231/6021/3165 3221/6000/3154
f 3231/6021/3165 3233/6023/898 3235/6024/3168
f 3221/6003/3154 3231/6018/3165 3224/6006/3159
f 3231/6021/3165 3235/6024/3168 3234/6022/3167
f 3238/6025/3169 3236/6026/3170 3235/6027/3168
f 3234/6028/3167 3235/6027/3168 3236/6026/3170
f 3237/6029/3171 3235/6024/3168 3233/6023/898
f 3235/6027/3168 3237/6030/3171 3238/6025/3169
f 3239/6031/3172 3242/6032/1387 3238/6033/3169
f 3241/6034/3173 3239/6031/3172 3238/6033/3169
f 3240/6035/3136 3238/6025/3169 3237/6030/3171
f 3238/6033/3169 3240/6036/3136 3241/6034/3173
f 3242/6032/1387 3236/6037/3170 3238/6033/3169
f 3243/6038/3174 3242/6032/1387 3246/6039/3175
f 3242/6032/1387 3243/6038/3174 3236/6037/3170
f 3242/6032/1387 3244/6040/3176 3245/6041/3177
f 3247/6042/3178 3244/6040/3176 3242/6032/1387
f 3246/6039/3175 3242/6032/1387 3245/6041/3177
f 3242/6032/1387 3239/6031/3172 3247/6042/3178
f 3247/6043/3178 3248/6044/2977 3220/6045/3156
f 3248/6046/2977 3247/6042/3178 3213/5979/1387
f 3239/6031/3172 3213/5979/1387 3247/6042/3178
f 3244/6047/3176 3247/6048/3178 3249/6049/1377
f 3220/6050/3156 3249/6049/1377 3247/6048/3178
f 3250/6051/3179 3249/6052/1377 3233/6023/898
f 3249/6049/1377 3250/6053/3179 3244/6047/3176
f 3205/5965/898 3233/6023/898 3249/6052/1377
f 3249/6052/1377 3220/6002/3156 3205/5965/898
f 3251/6054/3180 3250/6051/3179 3233/6023/898
f 3250/6055/3179 3251/6056/3180 3245/6057/3177
f 3245/6057/3177 3244/6058/3176 3250/6055/3179
f 3221/6000/3154 3219/6001/3155 3251/6054/3180
f 3251/6056/3180 3219/6059/3155 3252/6060/3181
f 3233/6023/898 3221/6000/3154 3251/6054/3180
f 3252/6060/3181 3245/6057/3177 3251/6056/3180
f 3253/6061/1387 3252/6062/3181 3248/6046/2977
f 3252/6062/3181 3253/6061/1387 3246/6039/3175
f 3248/6044/2977 3252/6063/3181 3219/6064/3155
f 3245/6041/3177 3252/6062/3181 3246/6039/3175
f 3211/5980/3146 3253/6061/1387 3212/5981/3147
f 3254/6065/3182 3212/5981/3147 3253/6061/1387
f 3211/5980/3146 3246/6039/3175 3253/6061/1387
f 3213/5979/1387 3253/6061/1387 3248/6046/2977
f 3253/6061/1387 3213/5979/1387 3254/6065/3182
f 3214/5983/3149 3254/6065/3182 3213/5979/1387
f 3254/6066/3182 3214/5984/3149 3203/6067/3140
f 3212/5993/3147 3254/6068/3182 3217/5991/3151
f 3203/6069/3140 3217/5991/3151 3254/6068/3182
f 3219/6064/3155 3220/6045/3156 3248/6044/2977
f 3243/6070/3174 3246/6071/3175 3255/6072/3183
f 3246/6071/3175 3211/6073/3146 3255/6072/3183
f 3255/6072/3183 3257/6074/3184 3243/6070/3174
f 3255/6075/3183 3256/6076/3185 3260/6077/3186
f 3256/6078/3185 3255/6072/3183 3211/6073/3146
f 3257/6079/3184 3255/6075/3183 3258/6080/3187
f 3259/6081/3188 3258/6080/3187 3255/6075/3183
f 3260/6077/3186 3259/6081/3188 3255/6075/3183
f 3262/6082/3189 3260/6077/3186 3261/6083/3190
f 3256/6076/3185 3261/6083/3190 3260/6077/3186
f 3264/6084/3191 3259/6085/3188 3260/6086/3186
f 3263/6087/3192 3260/6086/3186 3262/6088/3189
f 3260/6086/3186 3263/6087/3192 3264/6084/3191
f 3264/6089/3191 3263/6090/3192 3266/6091/3193
f 3265/6092/3194 3264/6089/3191 3267/6093/3195
f 3259/6085/3188 3264/6084/3191 3265/6094/3194
f 3266/6091/3193 3267/6093/3195 3264/6089/3191
f 3268/6095/3196 3267/6093/3195 3270/6096/3197
f 3267/6093/3195 3268/6095/3196 3269/6097/3198
f 3269/6097/3198 3265/6092/3194 3267/6093/3195
f 3267/6093/3195 3266/6091/3193 1299/6098/1264
f 1299/6098/1264 1300/6099/1263 3267/6093/3195
f 1300/6099/1263 3270/6096/3197 3267/6093/3195
f 3270/6096/3197 3271/6100/3199 3268/6095/3196
f 3270/6101/3197 1300/2462/1263 1297/2466/1261
f 1297/2466/1261 1142/6102/1107 3270/6101/3197
f 3271/6103/3199 3270/6101/3197 1142/6102/1107
f 3271/6100/3199 3272/6104/3200 3268/6095/3196
f 3272/6105/3200 3271/6103/3199 1143/6106/1106
f 1142/6102/1107 1143/6106/1106 3271/6103/3199
f 3273/6107/3201 3272/6105/3200 3274/6108/3202
f 3272/6104/3200 3273/6109/3201 3275/6110/3203
f 1143/6106/1106 3274/6108/3202 3272/6105/3200
f 3275/6110/3203 3268/6095/3196 3272/6104/3200
f 3276/6111/3204 3275/6110/3203 3273/6109/3201
f 3275/6110/3203 3276/6111/3204 3278/6112/3205
f 3268/6095/3196 3275/6110/3203 3277/6113/3206
f 3278/6112/3205 3277/6113/3206 3275/6110/3203
f 3279/6114/3207 3278/6112/3205 3276/6111/3204
f 3278/6115/3205 3279/6116/3207 3280/6117/3208
f 3277/6118/3206 3278/6115/3205 3280/6117/3208
f 3284/6119/3209 3280/6120/3208 3279/6121/3207
f 3280/6117/3208 3283/6122/3210 3277/6118/3206
f 3280/6123/3208 3284/6124/3209 3281/6125/3211
f 3281/6125/3211 3282/6126/3212 3280/6123/3208
f 3282/6126/3212 3283/6127/3210 3280/6123/3208
f 3285/6128/898 3281/6125/3211 3284/6124/3209
f 3284/6124/3209 3286/6129/3213 3285/6128/898
f 3286/6130/3213 3284/6119/3209 3279/6121/3207
f 3279/6121/3207 3287/6131/3214 3286/6130/3213
f 3287/6132/3214 3277/6133/3206 3286/6134/3213
f 3283/6135/3210 3286/6134/3213 3277/6133/3206
f 3286/6129/3213 3283/6127/3210 3288/6136/3215
f 3288/6136/3215 3285/6128/898 3286/6129/3213
f 3289/6137/3216 3288/6138/3215 3291/6139/3217
f 3292/6140/898 3288/6136/3215 3289/6141/3216
f 3290/6142/3218 3288/6138/3215 3282/6143/3212
f 3282/6126/3212 3288/6136/3215 3283/6127/3210
f 3288/6138/3215 3290/6142/3218 3291/6139/3217
f 3285/6128/898 3288/6136/3215 3292/6140/898
f 3292/6140/898 3293/6144/3219 3237/6029/3171
f 3292/6140/898 3297/6145/3220 3293/6144/3219
f 3233/6023/898 933/1876/898 3292/6140/898
f 3233/6023/898 3292/6140/898 3237/6029/3171
f 3285/6128/898 3292/6140/898 3294/6146/3221
f 3295/6147/1378 3294/6146/3221 3292/6140/898
f 3292/6140/898 3296/6148/898 3295/6147/1378
f 3296/6148/898 3292/6140/898 933/1876/898
f 3292/6140/898 3232/6020/3166 3297/6145/3220
f 3289/6141/3216 3232/6020/3166 3292/6140/898
f 3298/6149/3222 3299/6150/3223 3297/6151/3220
f 3297/6151/3220 3234/6152/3167 3298/6149/3222
f 3234/6022/3167 3297/6145/3220 3232/6020/3166
f 3293/6153/3219 3297/6154/3220 3299/6155/3223
f 3299/6156/3223 3298/6157/3222 3300/6158/1387
f 3300/6158/1387 3241/6034/3173 3299/6156/3223
f 3299/6155/3223 3240/6159/3136 3293/6153/3219
f 3240/6036/3136 3299/6156/3223 3241/6034/3173
f 3301/6160/3224 3241/6034/3173 3300/6158/1387
f 3301/6160/3224 3300/6158/1387 1044/2826/1010
f 3302/6161/3225 3300/6158/1387 3298/6157/3222
f 3300/6158/1387 3302/6161/3225 3305/6162/3226
f 3305/6162/3226 3303/6163/3227 3300/6158/1387
f 3303/6163/3227 3304/6164/3228 3300/6158/1387
f 1044/2826/1010 3300/6158/1387 3304/6164/3228
f 3305/6165/3226 3306/6166/1448 3307/6167/1383
f 3306/6168/1448 3305/6162/3226 3302/6161/3225
f 3307/6167/1383 3294/6169/3221 3305/6165/3226
f 3303/6170/3227 3305/6171/3226 3294/6172/3221
f 3307/6173/1383 3308/6174/1380 3309/6175/3229
f 3308/6176/1380 3307/6167/1383 3306/6166/1448
f 3294/6146/3221 3307/6173/1383 3285/6128/898
f 3309/6175/3229 3285/6128/898 3307/6173/1383
f 3308/6174/1380 3316/6177/1377 3309/6175/3229
f 3309/6175/3229 3315/6178/3230 3310/6179/3231
f 3285/6128/898 3309/6175/3229 3310/6179/3231
f 3309/6175/3229 1505/6180/1456 3311/6181/3232
f 1512/2851/1463 3309/6175/3229 3311/6181/3232
f 3309/6175/3229 3296/6148/898 1505/6180/1456
f 3296/6148/898 3309/6175/3229 3316/6177/1377
f 3312/6182/3233 3309/6175/3229 3313/6183/3234
f 3309/6175/3229 3312/6182/3233 3314/6184/3235
f 3313/6185/3234 3309/6186/3229 1512/2853/1463
f 3314/6184/3235 3315/6178/3230 3309/6175/3229
f 3316/6187/1377 3308/6188/1380 3317/6189/3236
f 3317/6189/3236 3318/6190/1368 3316/6187/1377
f 3295/6191/1378 3316/6187/1377 3318/6190/1368
f 3316/6177/1377 3295/6147/1378 3296/6148/898
f 3318/6192/1368 3317/6193/3236 3319/6194/3237
f 3319/6194/3237 1044/2826/1010 3318/6192/1368
f 3318/6195/1368 3304/6196/3228 3295/6197/1378
f 3304/6164/3228 3318/6192/1368 1044/2826/1010
f 1044/2826/1010 3319/6194/3237 1504/2835/1455
f 3323/6198/3238 1504/2835/1455 3319/6194/3237
f 3320/6199/3239 3319/6194/3237 3317/6193/3236
f 3319/6200/3237 3320/6201/3239 3321/6202/3240
f 3321/6202/3240 3322/6203/3241 3319/6200/3237
f 1501/6204/1452 3319/6200/3237 3322/6203/3241
f 3319/6194/3237 1501/2829/1452 3323/6198/3238
f 1510/6205/1462 3323/6198/3238 1501/2829/1452
f 1504/6206/1455 3323/6207/3238 3311/6208/3232
f 3323/6207/3238 1510/2849/1462 1509/2848/1460
f 1509/2848/1460 3311/6208/3232 3323/6207/3238
f 3048/6209/2988 3322/6210/3241 3325/6211/3242
f 3322/6203/3241 3048/5661/2988 1501/6204/1452
f 3327/6212/3243 3324/6213/3244 3322/6210/3241
f 3324/6213/3244 3325/6211/3242 3322/6210/3241
f 3322/6210/3241 3326/6214/3245 3327/6212/3243
f 3326/6214/3245 3322/6210/3241 3321/6215/3240
f 3327/6216/3243 3328/6217/3246 3329/6218/3247
f 3327/6219/3243 3314/6220/3235 3328/6221/3246
f 3315/6222/3230 3314/6220/3235 3327/6219/3243
f 3327/6219/3243 3326/6223/3245 3315/6222/3230
f 3329/6218/3247 3324/6224/3244 3327/6216/3243
f 3330/6225/3248 3329/6226/3247 3331/6227/3249
f 3324/6224/3244 3329/6218/3247 3330/6228/3248
f 3328/6229/3246 3331/6227/3249 3329/6226/3247
f 3330/6225/3248 3331/6227/3249 3332/6230/3250
f 3276/6111/3204 3331/6227/3249 3328/6229/3246
f 1121/2216/1086 1122/2215/1085 3331/6231/3249
f 3331/6227/3249 3276/6111/3204 1121/6232/1086
f 3332/6230/3250 3331/6227/3249 1122/6233/1085
f 3333/6234/3251 3332/6230/3250 3335/6235/3252
f 3332/6230/3250 3333/6234/3251 3336/6236/3253
f 1122/6233/1085 3334/6237/3254 3332/6230/3250
f 3334/6237/3254 3335/6235/3252 3332/6230/3250
f 3336/6236/3253 3330/6225/3248 3332/6230/3250
f 3337/6238/3255 3336/6239/3253 3338/6240/3256
f 3336/6239/3253 3337/6238/3255 3325/6241/3242
f 3325/6241/3242 3330/6228/3248 3336/6239/3253
f 3338/6242/3256 3336/6236/3253 3333/6234/3251
f 3338/6240/3256 3339/6243/3257 3337/6238/3255
f 3339/6243/3257 3338/6240/3256 3057/5680/2997
f 3057/5682/2997 3338/6242/3256 3058/5683/2998
f 3333/6234/3251 3058/5683/2998 3338/6242/3256
f 3337/6244/3255 3339/6245/3257 3048/6209/2988
f 3049/5668/2989 3048/6209/2988 3339/6245/3257
f 3057/5680/2997 3052/5677/2991 3339/6243/3257
f 3339/6245/3257 3052/5669/2991 3049/5668/2989
f 3325/6211/3242 3337/6244/3255 3048/6209/2988
f 3335/6235/3252 3340/6246/3258 3333/6234/3251
f 3335/6247/3252 3334/6248/3254 1105/6249/1069
f 3340/6250/3258 3335/6247/3252 1101/6251/1066
f 1105/6249/1069 1101/6251/1066 3335/6247/3252
f 3341/6252/3259 3340/6253/3258 1102/6254/1065
f 3340/6246/3258 3341/6255/3259 3058/5683/2998
f 1101/6251/1066 1102/6256/1065 3340/6250/3258
f 3058/5683/2998 3333/6234/3251 3340/6246/3258
f 3342/6257/3260 3341/6252/3259 1103/6258/1068
f 3341/6255/3259 3342/6259/3260 3058/5683/2998
f 1102/6254/1065 1103/6258/1068 3341/6252/3259
f 3059/5686/3000 3058/5683/2998 3342/6259/3260
f 3062/5693/3001 3342/6257/3260 3343/6260/3261
f 3342/6257/3260 3062/5693/3001 3059/6261/3000
f 1103/6258/1068 3343/6260/3261 3342/6257/3260
f 3343/6260/3261 3064/5694/3005 3062/5693/3001
f 3343/6262/3261 1103/2190/1068 1098/2183/1063
f 3064/6263/3005 3343/6262/3261 1098/2183/1063
f 3334/6248/3254 1122/2215/1085 1118/2219/1082
f 1118/2219/1082 1105/6249/1069 3334/6248/3254
f 3330/6228/3248 3325/6241/3242 3324/6224/3244
f 3276/6111/3204 3328/6229/3246 3344/6264/3262
f 3344/6265/3262 3328/6266/3246 3345/6267/3263
f 3314/6268/3235 3345/6267/3263 3328/6266/3246
f 3346/6269/3264 3345/6270/3263 3347/6271/3265
f 3345/6267/3263 3346/6272/3264 3344/6265/3262
f 3312/6182/3233 3347/6271/3265 3345/6270/3263
f 3345/6270/3263 3314/6184/3235 3312/6182/3233
f 3347/6271/3265 3281/6125/3211 3346/6269/3264
f 3281/6273/3211 3347/6274/3265 3348/6275/3266
f 3349/6276/3267 3347/6274/3265 3312/6277/3233
f 3347/6274/3265 3349/6276/3267 3348/6275/3266
f 3350/6278/3268 3348/6279/3266 3349/6280/3267
f 3349/6280/3267 3313/6281/3234 1513/2859/1464
f 3313/6282/3234 3349/6276/3267 3312/6277/3233
f 1515/2858/1467 3350/6278/3268 3349/6280/3267
f 1515/2858/1467 3349/6280/3267 1513/2859/1464
f 1520/6283/1472 1549/6284/1499 3350/6285/3268
f 1520/2867/1472 3350/6278/3268 1515/2858/1467
f 3348/6279/3266 3350/6278/3268 3351/6286/3269
f 3351/6286/3269 3350/6278/3268 1549/2915/1499
f 3290/6142/3218 3351/6287/3269 3352/6288/3270
f 3352/6289/3270 3351/6290/3269 1552/6291/1500
f 3351/6286/3269 3353/6292/3271 3348/6279/3266
f 1549/2915/1499 1552/2917/1500 3351/6286/3269
f 3351/6286/3269 3290/6293/3218 3353/6292/3271
f 3282/6143/3212 3353/6294/3271 3290/6142/3218
f 3353/6295/3271 3282/6296/3212 3281/6273/3211
f 3281/6273/3211 3348/6275/3266 3353/6295/3271
f 3352/6289/3270 1570/2940/1519 1569/2938/1517
f 3354/6297/3272 3352/6298/3270 1569/6299/1517
f 3352/6288/3270 3354/6300/3272 3290/6142/3218
f 1552/6291/1500 1570/2940/1519 3352/6289/3270
f 3354/6297/3272 1569/6299/1517 1815/3345/1762
f 3291/6301/3217 3354/6297/3272 1815/3345/1762
f 3290/6142/3218 3354/6300/3272 3291/6139/3217
f 3310/6179/3231 3346/6269/3264 3281/6125/3211
f 3346/6302/3264 3310/6303/3231 3355/6304/3273
f 3355/6305/3273 3344/6265/3262 3346/6272/3264
f 3355/6304/3273 3310/6303/3231 3356/6306/3274
f 3357/6307/3275 3344/6308/3262 3355/6309/3273
f 3356/6306/3274 3357/6310/3275 3355/6304/3273
f 3356/6306/3274 3358/6311/3276 3357/6310/3275
f 3358/6311/3276 3287/6312/3214 3357/6310/3275
f 3344/6313/3262 3357/6314/3275 3279/6315/3207
f 3287/6316/3214 3279/6317/3207 3357/6318/3275
f 3356/6319/3274 3359/6320/3277 3358/6321/3276
f 3360/6322/3278 3358/6311/3276 3359/6323/3277
f 3358/6311/3276 3360/6322/3278 3287/6312/3214
f 3360/6324/3278 3359/6325/3277 3361/6326/3279
f 3361/6327/3279 3269/6328/3198 3360/6329/3278
f 3268/6095/3196 3360/6330/3278 3269/6097/3198
f 3287/6331/3214 3360/6330/3278 3277/6113/3206
f 3277/6113/3206 3360/6330/3278 3268/6095/3196
f 3269/6332/3198 3361/6333/3279 3258/6334/3187
f 3258/6080/3187 3361/6335/3279 3257/6079/3184
f 3361/6335/3279 3359/6320/3277 3362/6336/3280
f 3362/6336/3280 3257/6079/3184 3361/6335/3279
f 3362/6337/3280 3321/6202/3240 3320/6201/3239
f 3320/6201/3239 3302/6338/3225 3362/6337/3280
f 3257/6074/3184 3362/6337/3280 3302/6338/3225
f 3321/6215/3240 3362/6336/3280 3356/6319/3274
f 3359/6320/3277 3356/6319/3274 3362/6336/3280
f 3310/6303/3231 3326/6339/3245 3356/6306/3274
f 3356/6319/3274 3326/6214/3245 3321/6215/3240
f 3279/6114/3207 3276/6111/3204 3344/6264/3262
f 3310/6303/3231 3315/6340/3230 3326/6339/3245
f 3317/6193/3236 3306/6168/1448 3320/6199/3239
f 3302/6161/3225 3320/6199/3239 3306/6168/1448
f 3306/6166/1448 3317/6341/3236 3308/6176/1380
f 1512/2853/1463 1513/2852/1464 3313/6185/3234
f 3311/6208/3232 1505/6342/1456 1504/6206/1455
f 3311/6181/3232 1509/2845/1460 1512/2851/1463
f 3281/6125/3211 3285/6128/898 3310/6179/3231
f 3304/6196/3228 3303/6170/3227 3294/6172/3221
f 3294/6172/3221 3295/6197/1378 3304/6196/3228
f 3302/6338/3225 3243/6070/3174 3257/6074/3184
f 3243/6038/3174 3302/6161/3225 3298/6157/3222
f 1044/2096/1010 1039/5216/1003 3301/6343/3224
f 1039/5216/1003 3363/6344/3281 3301/6343/3224
f 3241/6345/3173 3301/6343/3224 3363/6344/3281
f 3364/6346/3282 3363/6347/3281 988/6348/953
f 3363/6344/3281 3364/6349/3282 3241/6345/3173
f 1039/2084/1003 988/6348/953 3363/6347/3281
f 978/1956/942 3364/6346/3282 983/6350/947
f 3364/6349/3282 978/6351/942 3239/6352/3172
f 3239/6352/3172 3241/6345/3173 3364/6349/3282
f 988/6348/953 985/6353/949 3364/6346/3282
f 985/6353/949 983/6350/947 3364/6346/3282
f 3243/6038/3174 3298/6157/3222 3236/6037/3170
f 3236/6354/3170 3298/6149/3222 3234/6152/3167
f 1487/2799/898 3296/6148/898 3365/6355/3283
f 1506/2843/1458 3296/6148/898 1487/2799/898
f 1506/2843/1458 1505/6180/1456 3296/6148/898
f 3296/6148/898 933/1876/898 3366/6356/3284
f 3296/6148/898 3366/6356/3284 3365/6355/3283
f 936/6357/901 941/6358/904 3366/6359/3284
f 3365/6360/3283 3366/6361/3284 941/6362/904
f 934/1877/899 3366/6356/3284 933/1876/898
f 3366/6363/3284 934/6364/899 936/6365/901
f 941/6366/904 3367/6367/3285 3365/6368/3283
f 3368/6369/3286 3365/6370/3283 3367/6371/3285
f 3365/6355/3283 3368/6372/3286 1483/2800/898
f 1483/2800/898 1487/2799/898 3365/6355/3283
f 3367/6373/3285 3369/6374/3287 3368/6375/3286
f 3370/6376/3288 3368/6377/3286 3369/6378/3287
f 3368/6372/3286 3370/6379/3288 1483/2800/898
f 1423/2672/898 3370/6379/3288 1418/2671/1381
f 1418/2671/1381 3370/6379/3288 3371/6380/3289
f 1423/2672/898 1483/2800/898 3370/6379/3288
f 3369/6381/3287 3371/6380/3289 3370/6379/3288
f 3372/6382/3290 3371/6383/3289 3369/6384/3287
f 3372/6385/3290 925/1864/889 3371/6386/3289
f 3371/6380/3289 3373/6387/3291 1418/2671/1381
f 3373/6388/3291 3371/6386/3289 925/1864/889
f 3373/6389/3291 928/6390/893 1420/6391/1382
f 925/1864/889 928/1866/893 3373/6388/3291
f 1420/6392/1382 1418/6393/1381 3373/6394/3291
f 3369/6384/3287 940/6395/905 3372/6382/3290
f 3372/6396/3290 940/1889/905 945/1894/910
f 925/1860/889 3372/6396/3290 1009/2014/973
f 945/1894/910 1009/2014/973 3372/6396/3290
f 3369/6384/3287 3367/6397/3285 940/6395/905
f 940/1888/905 3367/6398/3285 941/1887/904
f 3237/6399/3171 3293/6153/3219 3240/6159/3136
f 3291/6139/3217 3228/6014/3162 3289/6137/3216
f 3229/6015/3163 3228/6014/3162 3291/6139/3217
f 3229/6017/3163 3291/6301/3217 1815/3345/1762
f 3228/6400/3162 3232/6401/3166 3289/6402/3216
f 3374/6403/3292 3375/6404/3293 3276/6111/3204
f 3273/6109/3201 3374/6403/3292 3276/6111/3204
f 3375/6404/3293 1121/6232/1086 3276/6111/3204
f 3375/6405/3293 3374/6406/3292 3376/6407/3294
f 1121/2216/1086 3375/6405/3293 1124/2221/1088
f 3376/6407/3294 1124/2221/1088 3375/6405/3293
f 3374/6406/3292 3273/6107/3201 3376/6407/3294
f 3274/6108/3202 3376/6407/3294 3273/6107/3201
f 3376/6408/3294 3274/6409/3202 1126/2224/1090
f 1124/2222/1088 3376/6408/3294 1126/2224/1090
f 3274/6409/3202 1143/2250/1106 1137/2243/1101
f 1137/2243/1101 1126/2224/1090 3274/6409/3202
f 3258/6334/3187 3265/6094/3194 3269/6332/3198
f 3263/6090/3192 1369/2587/1331 3266/6091/3193
f 3266/6091/3193 1369/2587/1331 3377/6410/3295
f 3377/6410/3295 1302/6411/1266 3266/6091/3193
f 1302/6411/1266 1299/6098/1264 3266/6091/3193
f 3377/6412/3295 3378/6413/3296 1305/6414/1269
f 3378/6415/3296 3377/6410/3295 1369/2587/1331
f 1305/6414/1269 1303/2469/1267 3377/6412/3295
f 1302/2471/1266 3377/6412/3295 1303/2469/1267
f 3378/6413/3296 1362/2578/1326 1359/2577/1323
f 1362/2586/1326 3378/6415/3296 1369/2587/1331
f 1359/2577/1323 1305/6414/1269 3378/6413/3296
f 3265/6094/3194 3258/6334/3187 3259/6085/3188
f 3263/6090/3192 1367/2588/1332 1369/2587/1331
f 3262/6088/3189 1367/2595/1332 3263/6087/3192
f 1373/2602/1337 3262/6082/3189 3261/6083/3190
f 1367/2595/1332 3262/6088/3189 1373/2593/1337
f 3261/6083/3190 1376/2601/1341 1373/2602/1337
f 1376/5942/1341 3261/6416/3190 3193/5940/3131
f 3261/6417/3190 3256/6418/3185 3211/6419/3146
f 3211/5980/3146 3193/5943/3131 3261/6420/3190
f 3213/5979/1387 3239/6031/3172 977/5978/941
f 977/6421/941 3239/6422/3172 978/6423/942
f 933/1876/898 3233/6023/898 3205/5965/898
f 3380/6424/3297 3223/6004/3157 1821/6010/1770
f 3379/6425/3298 3204/5997/3142 3223/6004/3157
f 3379/6425/3298 3223/6004/3157 3380/6424/3297
f 3182/5911/3123 3380/6424/3297 1820/6426/1769
f 1821/6010/1770 1820/6426/1769 3380/6424/3297
f 3380/6424/3297 3181/5913/3122 3379/6425/3298
f 3181/5913/3122 3380/6424/3297 3182/5911/3123
f 3379/6427/3298 932/1875/898 3197/5959/3135
f 3197/5959/3135 3196/5974/3134 3379/6427/3298
f 3204/5966/3142 3379/6427/3298 3196/5974/3134
f 3379/6427/3298 3181/5910/3122 932/1875/898
f 3217/5995/3151 3203/5963/3140 3205/5965/898
f 3206/5986/3141 3203/6067/3140 3214/5984/3149
f 3208/5973/3145 3199/6428/3137 3201/5972/3139
f 976/5955/940 974/5922/938 3190/5935/1387
f 3179/5908/3120 3189/6429/3128 932/1875/898
f 932/1875/898 3189/6429/3128 3184/5918/3125
f 3179/5938/3120 3180/5915/3121 3187/5927/3126
f 3186/5923/1387 1402/2646/1366 3381/6430/1448
f 1402/2646/1366 3186/5923/1387 973/6431/937
f 3186/5923/1387 1379/6432/1344 1380/5925/1343
f 3381/6430/1448 3382/6433/3226 3186/5923/1387
f 1379/6432/1344 3186/5923/1387 3382/6433/3226
f 974/5922/938 973/6431/937 3186/5923/1387
f 3382/6434/3226 3381/6435/1448 1421/6436/1383
f 3382/6433/3226 3383/6437/3227 1379/6432/1344
f 3383/6438/3227 3382/6439/3226 3384/6440/3221
f 1421/6436/1383 3384/6441/3221 3382/6434/3226
f 3384/6442/3221 1421/2674/1383 1425/2675/898
f 1416/2667/1378 3384/6442/3221 1415/2669/1379
f 3384/6440/3221 1416/6443/1378 3385/6444/3228
f 3384/6442/3221 1425/2675/898 1415/2669/1379
f 3385/6444/3228 3383/6438/3227 3384/6440/3221
f 1403/6445/1368 3385/6444/3228 1416/6443/1378
f 3385/6446/3228 1403/2648/1368 1400/2649/1365
f 3383/6437/3227 3385/6446/3228 1400/2649/1365
f 1400/2649/1365 1379/6432/1344 3383/6437/3227
f 3381/6435/1448 3386/6447/3236 1419/6448/1380
f 3386/6449/3236 3381/6430/1448 1402/2646/1366
f 1419/6448/1380 1421/6436/1383 3381/6435/1448
f 1402/2646/1366 1403/2648/1368 3386/6449/3236
f 1413/6450/1377 1419/6451/1380 3386/6452/3236
f 3386/6452/3236 1403/6453/1368 1413/6450/1377
f 1425/2675/898 932/1875/898 3184/5918/3125
f 3175/5897/3115 3182/5914/3123 1820/6454/1769
f 3176/6455/3117 3387/6456/3299 3171/6457/3110
f 1824/3357/1772 1832/3364/1779 3176/6458/3117
f 3387/6456/3299 3176/6455/3117 1832/6459/1779
f 3170/6460/3111 3387/6456/3299 1831/6461/1780
f 1831/3365/1780 3387/6462/3299 1832/3364/1779
f 3387/6456/3299 3170/6460/3111 3171/6457/3110
f 1820/3354/1769 1826/3358/1773 3175/6463/3115
f 3170/5883/3111 1843/3392/1791 3172/5885/3112
f 3388/6464/3300 3172/5885/3112 1849/3391/1798
f 3166/5889/3107 3172/5888/3112 3388/6465/3300
f 3172/5885/3112 1843/3392/1791 1849/3391/1798
f 3118/5774/3058 3388/6464/3300 1849/3391/1798
f 3388/6465/3300 3118/5867/3058 3162/5866/3102
f 3388/6465/3300 3162/5866/3102 3166/5889/3107
f 1843/3382/1791 3170/6466/3111 1831/6467/1780
f 1447/2732/1406 1411/5892/1374 3168/5894/3108
f 1448/2731/1407 3168/5894/3108 1454/2742/1413
f 3168/5894/3108 1448/2731/1407 1447/2732/1406
f 1461/2759/1419 3163/5874/3104 3160/6468/3101
f 3163/5874/3104 1461/2759/1419 1453/2741/1412
f 3160/5864/3101 1462/2758/1420 1461/2757/1419
f 3121/5777/3061 1467/2766/898 1463/2770/1421
f 3115/5769/3056 2925/5370/2872 3389/6469/3301
f 3389/6469/3301 3110/5764/3051 3115/5769/3056
f 2925/5370/2872 3115/5769/3056 2923/5368/2869
f 3390/6470/3302 3110/5764/3051 3389/6469/3301
f 2935/5384/2882 3389/6469/3301 2934/5382/2880
f 2927/5371/2873 2934/5382/2880 3389/6469/3301
f 3391/6471/3303 3390/6470/3302 3389/6469/3301
f 3389/6469/3301 2935/5384/2882 3391/6471/3303
f 2927/5371/2873 3389/6469/3301 2925/5370/2872
f 3390/6470/3302 3391/6471/3303 3108/5761/3049
f 2939/5387/2885 3391/6471/3303 2935/5384/2882
f 2939/5387/2885 3108/5761/3049 3391/6471/3303
f 3110/5764/3051 3390/6470/3302 3107/5760/3048
f 3108/5761/3049 3107/5760/3048 3390/6470/3302
f 2941/5392/2887 3108/5762/3049 2939/5391/2885
f 3108/5762/3049 2941/5392/2887 3103/5753/3043
f 3098/5745/3038 3097/5744/3037 3105/5756/3045
f 3103/5753/3043 2941/5392/2887 2951/6472/2898
f 2951/6472/2898 2954/5751/2900 3103/5753/3043
f 3086/6473/3027 3102/6474/3041 3393/6475/3304
f 3102/5750/3041 3086/5728/3027 3085/5727/3026
f 3392/6476/3305 3393/6475/3304 3102/6474/3041
f 3102/6474/3041 3101/6477/3042 3392/6476/3305
f 3394/6478/3306 3069/5701/3009 3393/6479/3304
f 3393/6479/3304 3392/6480/3305 3394/6478/3306
f 3071/5702/3010 3393/6479/3304 3069/5701/3009
f 3087/6481/3029 3086/6473/3027 3393/6475/3304
f 3393/6475/3304 3071/5706/3010 3087/6481/3029
f 2956/5417/2902 3394/6478/3306 3392/6480/3305
f 3394/6478/3306 2956/5417/2902 3396/6482/3307
f 3396/6482/3307 3395/6483/3308 3394/6478/3306
f 3069/5701/3009 3394/6478/3306 3395/6483/3308
f 3395/6484/3308 3396/6485/3307 2998/6486/2945
f 2957/5418/2903 3396/6482/3307 2956/5417/2902
f 3396/6485/3307 2957/5420/2903 2999/6487/2946
f 2999/6487/2946 2998/6486/2945 3396/6485/3307
f 3395/6483/3308 3067/5696/3007 3069/5701/3009
f 3067/5699/3007 3395/6484/3308 3397/6488/3309
f 2998/6486/2945 3397/6488/3309 3395/6484/3308
f 3397/6488/3309 3061/5690/3002 3067/5699/3007
f 3061/5688/3002 3397/6489/3309 3000/5544/2947
f 3397/6489/3309 2998/5542/2945 3000/5544/2947
f 3392/6480/3305 2953/5414/2899 2956/5417/2902
f 2953/5412/2899 3392/6476/3305 3101/6477/3042
f 3101/6477/3042 2954/5413/2900 2953/5412/2899
f 3073/5709/3014 3087/6481/3029 3071/5706/3010
f 3078/5719/3018 1093/2171/1057 1091/2164/1053
f 3076/5712/3016 1099/2186/1062 3078/5715/3018
f 1093/2178/1057 3078/5715/3018 1099/2186/1062
f 3070/5703/3011 1098/2183/1063 3076/5714/3016
f 1099/2182/1062 3076/5714/3016 1098/2183/1063
f 1098/2183/1063 3070/5703/3011 3064/6263/3005
f 3065/5700/3006 3064/6263/3005 3070/5703/3011
f 3055/5679/2996 3007/5554/2952 3051/5670/2992
f 3004/5684/2951 3007/6490/2952 3055/5678/2996
f 3006/5556/2953 3051/5670/2992 3007/5554/2952
f 3051/5672/2992 3006/5565/2953 3014/5578/2961
f 1497/5660/1449 1501/6204/1452 3048/5661/2988
f 3038/5632/2980 3044/5645/2984 3033/5625/1387
f 3043/5648/2985 3037/5628/2979 3031/5618/2975
f 1488/5643/1442 1485/6491/1441 3043/5647/2985
f 3037/6492/2979 3043/5647/2985 1485/6491/1441
f 3040/5636/898 1483/2800/898 3398/6493/3310
f 1470/5598/1427 3040/5636/898 3024/5603/2969
f 1489/2806/898 3040/5636/898 1470/5598/1427
f 3398/6493/3310 3024/5603/2969 3040/5636/898
f 3035/6494/2976 3034/6495/2978 3398/6496/3310
f 3024/6497/2969 3398/6498/3310 3034/6499/2978
f 3398/6496/3310 3399/6500/3311 3035/6494/2976
f 1483/2800/898 3399/6501/3311 3398/6493/3310
f 3400/6502/3312 3035/6503/2976 3399/6504/3311
f 3399/6504/3311 3023/6505/2968 3400/6502/3312
f 1483/2800/898 3023/5602/2968 3399/6501/3311
f 3400/6506/3312 3401/6507/3313 3015/5579/1387
f 3035/5624/2976 3400/6506/3312 3015/5579/1387
f 3401/6508/3313 3400/6502/3312 3023/6505/2968
f 3014/5580/2961 3015/5579/1387 3401/6507/3313
f 3034/6499/2978 3401/6509/3313 3024/6497/2969
f 3401/6507/3313 3034/5627/2978 3014/5580/2961
f 3023/6505/2968 3024/6510/2969 3401/6508/3313
f 1485/6511/1441 1486/5631/1438 3037/5630/2979
f 1023/5622/987 1029/2067/993 3031/5620/2975
f 1034/2069/999 3031/5620/2975 1029/2067/993
f 3027/6512/2972 3026/5617/2971 3015/5579/1387
f 3018/5581/2962 3027/6512/2972 3015/5579/1387
f 3027/5607/2972 3018/6513/2962 3020/5608/2966
f 2960/5422/2905 2999/6487/2946 2957/5420/2903
f 2950/5408/2897 2947/5405/2895 2959/5423/2906
f 2945/5399/2892 2951/6472/2898 2941/5392/2887
f 2934/5382/2880 2927/5371/2873 2926/5372/2874
f 1849/3391/1798 2921/5363/2868 2923/5366/2869
f 1853/3398/1803 2921/5363/2868 3403/6514/3314
f 2921/5363/2868 1849/3391/1798 3402/6515/3315
f 3402/6515/3315 3403/6514/3314 2921/5363/2868
f 3405/6516/3316 3404/6517/3317 3403/6518/3314
f 1853/3398/1803 3403/6514/3314 3404/6519/3317
f 3406/6520/3318 3405/6521/3316 3403/6522/3314
f 3403/6522/3314 3402/6523/3315 3406/6520/3318
f 3406/6524/3318 3407/6525/3319 3408/6526/3320
f 3407/6527/3319 3406/6520/3318 3402/6523/3315
f 3405/6528/3316 3406/6524/3318 3408/6526/3320
f 3407/6525/3319 3409/6529/3321 3408/6526/3320
f 3409/6529/3321 3410/6530/3322 3408/6526/3320
f 3410/6530/3322 3411/6531/3323 3408/6526/3320
f 3411/6531/3323 3405/6528/3316 3408/6526/3320
f 3405/6516/3316 3411/6532/3323 3404/6517/3317
f 1846/6533/1795 3404/6517/3317 3411/6532/3323
f 3411/6532/3323 3410/6534/3322 1846/6533/1795
f 1847/6535/1796 1846/6536/1795 3410/6537/3322
f 3410/6537/3322 3409/6538/3321 1847/6535/1796
f 3409/6538/3321 3407/6539/3319 3412/6540/3324
f 1848/6541/1797 1847/6535/1796 3409/6538/3321
f 3412/6540/3324 1848/6541/1797 3409/6538/3321
f 3412/6542/3324 3402/6515/3315 1849/3391/1798
f 1849/3391/1798 1848/3390/1797 3412/6542/3324
f 3402/6523/3315 3412/6543/3324 3407/6527/3319
f 3404/6519/3317 1846/3388/1795 1853/3398/1803
f 2917/5354/2863 3413/6544/3325 898/5496/864
f 2915/5356/2861 3413/6544/3325 2917/5354/2863
f 900/1817/865 898/1816/864 3413/6545/3325
f 2915/5349/2861 900/6546/865 3413/6547/3325
f 2914/5348/2860 900/6546/865 2915/5349/2861
f 2909/5338/2855 1851/3393/1799 1852/3396/1801
f 1852/3396/1801 1854/3397/1802 1332/2526/1297
f 1332/2526/1297 1854/3397/1802 1330/2523/1294
f 1831/6467/1780 1830/3375/1781 1843/3382/1791
f 1759/3257/1706 1839/3379/1788 1757/3256/1705
f 1774/3282/1721 1834/3367/1782 1827/3369/1776
f 1773/3284/1722 1834/3367/1782 1774/3282/1721
f 1832/3364/1779 1824/3357/1772 1825/3359/1774
f 1779/6548/1727 1778/6549/1726 1828/3362/1777
f 1778/3290/1726 1827/3369/1776 1828/6550/1777
f 1781/6551/1729 1779/6548/1727 1828/3362/1777
f 1828/3362/1777 1783/6552/1731 1781/6551/1729
f 1822/3356/1771 1783/6552/1731 1828/3362/1777
f 1776/3288/1724 1827/3369/1776 1778/3290/1726
f 1776/3288/1724 1774/3282/1721 1827/3369/1776
f 1783/6552/1731 1822/3356/1771 1787/3351/1735
f 1815/3345/1762 1569/6299/1517 1810/3341/1759
f 1569/2942/1517 3414/6553/3326 1810/3342/1759
f 1810/3342/1759 3414/6553/3326 1575/2949/1525
f 3414/6553/3326 1569/2942/1517 1572/2941/1520
f 3414/6553/3326 1572/2941/1520 1575/2949/1525
f 1802/3327/1750 1807/3334/1755 1803/3328/1751
f 1801/6554/1749 1807/3334/1755 1802/3327/1750
f 1792/3350/1740 1799/3323/1748 1793/6555/1741
f 1584/2960/1532 1795/3333/1744 1580/2956/1528
f 1788/6556/1736 1787/3351/1735 1792/3350/1740
f 1768/3277/1716 1790/6557/1738 1767/3276/1715
f 1647/3059/1596 1759/3257/1706 1646/3058/1595
f 1646/3058/1595 1750/3243/1698 1751/3245/1700
f 1650/3057/1594 1646/3058/1595 1751/3245/1700
f 1652/3066/1600 1650/3057/1594 1751/3245/1700
f 1748/3240/1692 1245/2378/1207 1244/2381/1210
f 1244/2381/1210 1746/3241/1696 1748/3240/1692
f 1246/2380/1209 1747/3242/1697 3415/6558/3327
f 1746/3241/1696 3415/6558/3327 1747/3242/1697
f 1244/6559/1210 3415/6560/3327 3418/6561/3328
f 3415/6558/3327 1244/2381/1210 1246/2380/1209
f 3416/6562/3329 3418/6561/3328 3415/6560/3327
f 3417/6563/3330 3416/6564/3329 3415/6565/3327
f 3415/6565/3327 1746/6566/1696 3417/6563/3330
f 1746/6567/1696 1244/6568/1210 3418/6569/3328
f 3417/6570/3330 3418/6571/3328 3416/6572/3329
f 3418/6569/3328 3417/6573/3330 1746/6567/1696
f 3419/6574/3331 1730/3202/1679 1729/3197/1676
f 1730/3207/1679 3419/6575/3331 1658/3079/1607
f 1729/3197/1676 3421/6576/3332 3419/6574/3331
f 1669/6577/1618 3419/6574/3331 3420/6578/3333
f 3420/6578/3333 3419/6574/3331 3421/6576/3332
f 1669/3107/1618 1658/3079/1607 3419/6575/3331
f 1725/3195/1674 3421/6576/3332 1729/3197/1676
f 3421/6576/3332 1725/3195/1674 3422/6579/3334
f 3423/6580/3335 3421/6576/3332 3422/6579/3334
f 3424/6581/3336 3421/6576/3332 3423/6580/3335
f 3421/6576/3332 3424/6581/3336 3420/6578/3333
f 3423/6580/3335 3425/6582/3337 3424/6581/3336
f 3425/6582/3337 3428/6583/3338 3424/6581/3336
f 3424/6581/3336 3426/6584/3339 3427/6585/3340
f 3428/6583/3338 3426/6584/3339 3424/6581/3336
f 3427/6585/3340 3420/6578/3333 3424/6581/3336
f 3425/6582/3337 3429/6586/3341 3428/6583/3338
f 3429/6586/3341 3430/6587/3342 3428/6583/3338
f 3431/6588/3343 3428/6583/3338 3430/6587/3342
f 3426/6584/3339 3428/6583/3338 3431/6588/3343
f 3430/6587/3342 3432/6589/3344 3431/6588/3343
f 3433/6590/3345 3431/6588/3343 3432/6589/3344
f 3431/6588/3343 3433/6590/3345 3426/6584/3339
f 3432/6589/3344 3435/6591/3346 3433/6590/3345
f 3434/6592/3347 3437/6593/3348 3433/6590/3345
f 3433/6590/3345 3436/6594/3349 3434/6592/3347
f 3436/6594/3349 3433/6590/3345 3435/6591/3346
f 3426/6584/3339 3433/6590/3345 3437/6593/3348
f 3438/6595/3350 3437/6596/3348 3434/6597/3347
f 3437/6593/3348 3427/6585/3340 3426/6584/3339
f 3438/6595/3350 1673/3114/1623 3437/6596/3348
f 1673/3114/1623 3427/6598/3340 3437/6596/3348
f 3438/6595/3350 3434/6597/3347 1701/3163/1649
f 3438/6595/3350 1696/3154/1644 1674/3116/1619
f 1696/3154/1644 3438/6595/3350 1701/3163/1649
f 1673/3114/1623 3438/6595/3350 3439/6599/3351
f 3440/6600/3352 3439/6599/3351 3438/6595/3350
f 3438/6595/3350 1674/3116/1619 3440/6600/3352
f 3439/6601/3351 3440/6602/3352 3441/6603/3353
f 3440/6604/3352 1672/6605/1624 3442/6606/3354
f 1672/3115/1624 3440/6600/3352 1674/3116/1619
f 3442/6607/3354 3441/6608/3353 3440/6609/3352
f 3443/6610/3355 3442/6606/3354 1672/6605/1624
f 3442/6611/3354 3443/6612/3355 3441/6613/3353
f 3441/6614/3353 3443/6615/3355 1672/6616/1624
f 1672/6616/1624 3439/6617/3351 3441/6614/3353
f 3439/6599/3351 1672/3115/1624 1673/3114/1623
f 3435/6591/3346 3444/6618/3356 3436/6594/3349
f 3445/6619/3357 3436/6594/3349 3444/6618/3356
f 3436/6594/3349 3445/6619/3357 1701/3161/1649
f 1701/3161/1649 3434/6592/3347 3436/6594/3349
f 3444/6618/3356 3446/6620/3358 3445/6619/3357
f 1700/3162/1650 3445/6619/3357 3446/6620/3358
f 3445/6619/3357 1700/3162/1650 1701/3161/1649
f 1710/3171/1658 3446/6620/3358 3444/6618/3356
f 3446/6620/3358 1703/3164/1651 1700/3162/1650
f 1708/3169/1656 1703/3164/1651 3446/6620/3358
f 3446/6620/3358 1710/3171/1658 1708/3169/1656
f 3447/6621/3359 3444/6618/3356 3435/6591/3346
f 3444/6618/3356 3447/6621/3359 1710/3171/1658
f 3435/6591/3346 3448/6622/3360 3447/6621/3359
f 1713/3172/1659 1710/3171/1658 3447/6621/3359
f 1713/3172/1659 3447/6621/3359 3448/6622/3360
f 3448/6622/3360 3435/6591/3346 3432/6589/3344
f 3432/6589/3344 3449/6623/3361 3448/6622/3360
f 1713/3172/1659 3448/6622/3360 3449/6623/3361
f 3430/6587/3342 3450/6624/3362 3449/6623/3361
f 3449/6623/3361 3432/6589/3344 3430/6587/3342
f 1713/3172/1659 3449/6623/3361 3450/6624/3362
f 3451/6625/3363 3450/6624/3362 3430/6587/3342
f 1714/6626/1663 3450/6624/3362 3451/6625/3363
f 3450/6624/3362 1714/6626/1663 1713/3172/1659
f 3451/6625/3363 3430/6587/3342 3429/6586/3341
f 3452/6627/3364 3451/6625/3363 3429/6586/3341
f 3451/6625/3363 3452/6627/3364 1714/6626/1663
f 3453/6628/3365 3452/6627/3364 3425/6582/3337
f 3452/6627/3364 3429/6586/3341 3425/6582/3337
f 3452/6627/3364 3453/6628/3365 1715/3185/1664
f 1715/3185/1664 1714/6626/1663 3452/6627/3364
f 3453/6628/3365 3454/6629/3366 1715/3185/1664
f 3454/6629/3366 3453/6628/3365 3423/6580/3335
f 3453/6628/3365 3425/6582/3337 3423/6580/3335
f 3454/6629/3366 1722/3191/1670 1715/3185/1664
f 1722/3191/1670 3454/6629/3366 3422/6579/3334
f 3454/6629/3366 3423/6580/3335 3422/6579/3334
f 1673/3114/1623 3420/6630/3333 3427/6598/3340
f 3422/6579/3334 1720/3189/1668 1722/3191/1670
f 1720/3189/1668 3422/6579/3334 1725/3195/1674
f 1673/3114/1623 1669/3107/1618 3420/6630/3333
f 1705/3166/1653 1706/3167/1654 1712/3177/1662
f 1600/2988/1549 1599/2987/1548 1697/3156/1646
f 1693/6631/1641 3455/6632/3367 1694/6633/1643
f 1694/6634/1643 3455/6635/3367 1602/6636/1550
f 3455/6637/3367 1693/3147/1641 1692/3146/1640
f 1692/6638/1640 1602/6639/1550 3455/6640/3367
f 1602/2990/1550 1692/3148/1640 1599/2987/1548
f 1689/3140/1637 1690/3141/1638 3456/6641/3368
f 3456/6641/3368 1690/3141/1638 3457/6642/3369
f 3457/6643/3369 1690/6644/1638 1601/6645/1552
f 1605/2995/1553 3457/6642/3369 1601/2993/1552
f 1611/3007/1560 3457/6642/3369 1605/2995/1553
f 3457/6642/3369 1611/3007/1560 3456/6641/3368
f 3458/6646/3370 3456/6641/3368 1614/6647/1561
f 3456/6641/3368 3458/6646/3370 1689/3140/1637
f 1614/6647/1561 3456/6641/3368 1611/3007/1560
f 1685/3136/1633 3458/6646/3370 1617/3135/1566
f 1687/3139/1636 3458/6646/3370 1685/3136/1633
f 3458/6646/3370 1687/3139/1636 1689/3140/1637
f 1614/3011/1561 1617/3017/1566 3458/6648/3370
f 1683/3142/1631 1681/6649/1629 1674/3116/1619
f 1681/6649/1629 1671/3111/1620 1674/3116/1619
f 3459/6650/3371 1677/3119/1625 1620/3125/1568
f 1675/3117/1622 1677/3119/1625 3459/6650/3371
f 3460/6651/3372 3459/6652/3371 1621/3020/1569
f 3461/6653/3373 3459/6650/3371 3460/6654/3372
f 3459/6650/3371 3461/6653/3373 1675/3117/1622
f 1620/3019/1568 1621/3020/1569 3459/6652/3371
f 3461/6653/3373 3462/6655/3374 1659/3084/1610
f 3460/6654/3372 3462/6655/3374 3461/6653/3373
f 1675/3117/1622 3461/6653/3373 1659/3084/1610
f 3462/6655/3374 3460/6654/3372 3463/6656/3375
f 3463/6656/3375 3464/6657/3376 3462/6655/3374
f 3462/6655/3374 3464/6657/3376 1659/3084/1610
f 3464/6657/3376 3465/6658/3377 1659/3084/1610
f 3466/6659/3378 3465/6658/3377 3464/6657/3376
f 3464/6657/3376 3463/6656/3375 3466/6659/3378
f 3465/6658/3377 3466/6659/3378 1640/3049/1589
f 1622/3046/1570 1640/3049/1589 3466/6659/3378
f 3466/6660/3378 3463/6661/3375 1621/3020/1569
f 1621/3020/1569 1622/3021/1570 3466/6660/3378
f 3465/6658/3377 1660/3085/1609 1659/3084/1610
f 1660/3085/1609 3465/6658/3377 1640/3049/1589
f 3463/6656/3375 3460/6654/3372 1621/6662/1569
f 1658/3079/1607 1669/3107/1618 1664/3089/1612
f 1656/3074/1604 1660/3085/1609 1644/3056/1593
f 1639/3047/1587 1644/3056/1593 1660/3085/1609
f 1639/3047/1587 1660/3085/1609 1640/3049/1589
f 1644/3056/1593 1654/3075/1602 1656/3074/1604
f 1654/3075/1602 1644/3056/1593 1643/6663/1592
f 1629/3030/1577 1627/3028/1575 1610/3005/1558
f 1627/3028/1575 1615/3013/1563 1610/3005/1558
f 1594/2979/1542 1608/3001/1556 1595/2978/1543
f 1588/2969/1536 1587/2971/1538 1597/2981/1545
f 1597/2981/1545 1587/2971/1538 1589/2970/1537
f 1565/2935/1514 1586/2966/1534 1564/2932/1511
f 1576/2952/1527 1580/2956/1528 1577/2953/1524
f 1567/2936/1515 1570/2940/1519 1552/6291/1500
f 1552/6291/1500 1553/2931/1502 1567/2936/1515
f 1554/6664/1504 1555/6665/1503 3467/6666/3379
f 1555/6665/1503 1068/6667/1032 3468/6668/3380
f 1071/2145/1036 1068/2139/1032 1555/2921/1503
f 3468/6668/3380 3467/6666/3379 1555/6665/1503
f 3469/6669/3381 3467/6670/3379 3468/6671/3380
f 3469/6669/3381 3468/6671/3380 3470/6672/3382
f 3470/6673/3382 3468/6674/3380 1068/6675/1032
f 3471/6676/3383 3470/6673/3382 1067/6677/1031
f 1068/6675/1032 1067/6677/1031 3470/6673/3382
f 3469/6669/3381 3470/6672/3382 3471/6678/3383
f 3472/6679/3384 3471/6680/3383 1066/6681/1030
f 1067/6682/1031 1066/6681/1030 3471/6680/3383
f 3469/6669/3381 3471/6678/3383 3472/6683/3384
f 3474/6684/3385 3472/6679/3384 3473/6685/3386
f 1066/6681/1030 3473/6685/3386 3472/6679/3384
f 3469/6669/3381 3472/6683/3384 3474/6686/3385
f 3473/6685/3386 1554/6687/1504 3474/6684/3385
f 3469/6669/3381 3474/6686/3385 3467/6670/3379
f 3467/6666/3379 3474/6688/3385 1554/6664/1504
f 3473/6689/3386 1066/2137/1030 1065/2136/1029
f 1065/2136/1029 1554/2922/1504 3473/6689/3386
f 1546/2906/1496 1527/6690/1479 1531/2887/1482
f 1527/2877/1479 1546/6691/1496 1524/2874/1477
f 1546/2906/1496 1531/2887/1482 1533/2890/1484
f 1546/6692/1496 1525/6693/1476 1524/6694/1477
f 1544/2904/1494 1080/2903/1044 1073/2149/1038
f 1071/2145/1036 1544/2904/1494 1073/2149/1038
f 1080/2155/1044 1543/5826/1493 1081/2156/1045
f 1527/6690/1479 1528/2889/1480 1531/2887/1482
f 1516/2865/1468 1520/2867/1472 1515/2858/1467
f 1502/2830/1453 1510/6205/1462 1501/2829/1452
f 1500/6695/1451 1040/2097/1005 1044/2096/1010
f 1040/2097/1005 1500/6695/1451 1032/2064/996
f 1500/6695/1451 1033/2065/998 1032/2064/996
f 1478/5657/1435 1479/6696/1380 1498/5658/1450
f 1494/2825/1446 1491/6697/1444 1033/2828/998
f 1491/6697/1444 1492/5652/1443 1034/5650/999
f 1034/5650/999 1033/2828/998 1491/6697/1444
f 1470/5598/1427 1471/2798/1428 1489/2806/898
f 1481/2796/1437 1473/2783/1431 1474/2784/1432
f 1452/2740/1411 1453/2741/1412 1461/2759/1419
f 1446/2727/1405 1450/2737/1409 1457/5599/1414
f 3475/6698/3387 1410/2660/1375 1447/2730/1406
f 1411/2659/1374 1447/2730/1406 1410/2660/1375
f 1447/2730/1406 1424/2676/898 3475/6698/3387
f 3475/6699/3387 1422/2682/1384 1428/2686/1388
f 1410/6700/1375 3475/6701/3387 1428/6702/1388
f 1424/2676/898 1422/2677/1384 3475/6698/3387
f 1444/6703/1403 1440/2706/1398 1439/2705/1397
f 1439/6704/1397 1433/2715/1390 1444/2722/1403
f 1438/2702/1387 1432/2692/1393 1439/2703/1397
f 1433/2689/1390 1439/2703/1397 1432/2692/1393
f 1021/2042/985 1436/6705/1396 1017/2040/981
f 1436/2697/1396 1021/5623/985 1435/2695/1394
f 1436/6705/1396 901/1812/862 905/1823/870
f 905/1823/870 1017/2040/981 1436/6705/1396
f 897/6706/863 901/2701/862 1431/2700/1392
f 1402/5500/1366 897/6706/863 1431/2700/1392
f 1428/6702/1388 1405/6707/1370 1410/6700/1375
f 1405/2652/1370 1428/2687/1388 1404/2651/1369
f 932/1875/898 1420/2673/1382 3476/6708/3388
f 3476/6709/3388 1420/6710/1382 928/6711/893
f 3476/6708/3388 930/1873/896 932/1875/898
f 930/1873/896 3476/6708/3388 928/1872/893
f 1416/6712/1378 1413/6450/1377 1403/6453/1368
f 973/1948/937 899/5503/866 1402/5500/1366
f 1402/5500/1366 898/5501/864 897/6706/863
f 1379/2608/1344 1400/2644/1365 1381/2610/1345
f 1386/2621/1350 1383/2618/1347 1394/2634/1360
f 1365/2582/1329 1371/5537/1336 1363/2581/1328
f 1351/2558/1315 1360/2575/1325 1363/2580/1328
f 1352/2559/1316 1355/2570/1320 1360/2575/1325
f 1360/2575/1325 1351/2558/1315 1352/2559/1316
f 1306/2475/1270 1305/2474/1269 1359/2573/1323
f 1324/2569/1288 1309/2481/1273 1308/2480/1272
f 1262/2399/1226 1320/2522/1284 1260/2397/1224
f 1262/2399/1226 1264/2401/1228 1320/2522/1284
f 1142/2251/1107 1297/2460/1261 1144/2252/1108
f 1295/2458/1259 3478/6713/3389 1146/2255/1110
f 1295/6714/1259 1162/2284/1127 3477/6715/3390
f 1295/6714/1259 1293/6716/1258 1162/2284/1127
f 3478/6717/3389 1295/6714/1259 3477/6715/3390
f 3478/6717/3389 3477/6715/3390 1151/2265/1116
f 1147/2262/1111 3478/6717/3389 1151/2265/1116
f 1146/2255/1110 3478/6713/3389 1147/2256/1111
f 3477/6715/3390 1155/2272/1120 1151/2265/1116
f 1155/2272/1120 3477/6715/3390 1162/2284/1127
f 1293/6716/1258 3479/6718/3391 1162/2284/1127
f 1293/6716/1258 1287/2438/1251 3479/6718/3391
f 3479/6718/3391 3481/6719/3392 3480/6720/3393
f 1161/2285/1126 3479/6718/3391 3480/6720/3393
f 3482/6721/3394 3481/6719/3392 3479/6718/3391
f 3479/6718/3391 1287/2438/1251 3482/6721/3394
f 3479/6718/3391 1161/2285/1126 1162/2284/1127
f 3485/6722/3395 3483/6723/3396 3482/6724/3394
f 3481/6725/3392 3482/6724/3394 3483/6723/3396
f 3484/6726/3397 3482/6721/3394 1287/2438/1251
f 3482/6724/3394 3484/6727/3397 3485/6722/3395
f 3486/6728/3398 3485/6722/3395 3484/6727/3397
f 1194/2320/1157 3485/6729/3395 3486/6730/3398
f 1194/2320/1157 3487/6731/3399 3485/6729/3395
f 3483/6732/3396 3485/6729/3395 3487/6731/3399
f 3487/6731/3399 3488/6733/3400 3483/6732/3396
f 3488/6733/3400 3487/6731/3399 1173/2298/1138
f 3487/6731/3399 1191/2318/1155 1181/2309/1146
f 1181/2309/1146 1173/2298/1138 3487/6731/3399
f 3487/6731/3399 1194/2320/1157 1191/2318/1155
f 3488/6733/3400 1170/6734/1134 3489/6735/3401
f 3489/6736/3401 3483/6737/3396 3488/6738/3400
f 1173/2298/1138 1171/2297/1135 3488/6733/3400
f 1170/6734/1134 3488/6733/3400 1171/2297/1135
f 3483/6723/3396 3489/6739/3401 3481/6725/3392
f 3481/6725/3392 3489/6739/3401 3490/6740/3402
f 1169/2291/1133 3490/6741/3402 3489/6742/3401
f 1170/2292/1134 1169/2291/1133 3489/6742/3401
f 3490/6741/3402 1169/2291/1133 1160/2280/1124
f 1160/2280/1124 1161/2283/1126 3490/6741/3402
f 3490/6740/3402 3480/6743/3393 3481/6725/3392
f 3490/6741/3402 1161/2283/1126 3480/6744/3393
f 3491/6745/3403 1194/2320/1157 3486/6730/3398
f 3486/6730/3398 3492/6746/3404 3491/6745/3403
f 3492/6747/3404 3486/6728/3398 3493/6748/3405
f 3484/6727/3397 3493/6748/3405 3486/6728/3398
f 1287/2438/1251 3493/6749/3405 3484/6726/3397
f 1290/2439/1252 3493/6749/3405 1287/2438/1251
f 3493/6750/3405 1290/6751/1252 3492/6752/3404
f 3494/6753/3406 3491/6745/3403 3492/6746/3404
f 1290/6751/1252 3494/6754/3406 3492/6752/3404
f 3495/6755/3407 3494/6753/3406 1279/2425/1244
f 1281/2426/1245 1279/2425/1244 3494/6753/3406
f 3494/6753/3406 3495/6755/3407 3491/6745/3403
f 1282/2429/1246 1281/2428/1245 3494/6754/3406
f 3494/6754/3406 1290/6751/1252 1282/2429/1246
f 1203/2330/1167 1201/2328/1165 3495/6755/3407
f 1201/2328/1165 3491/6745/3403 3495/6755/3407
f 1203/2330/1167 3495/6755/3407 1209/2336/1173
f 1279/2425/1244 1209/2336/1173 3495/6755/3407
f 3491/6745/3403 1201/2328/1165 1196/2324/1161
f 1194/2320/1157 3491/6745/3403 1196/2324/1161
f 1277/2496/1241 1278/2431/1242 1284/2435/1248
f 1274/2420/1239 1212/2339/1176 1209/2336/1173
f 1212/2339/1176 1274/2420/1239 1225/2352/1189
f 1229/2359/1193 1265/2403/1230 1256/2394/1221
f 1229/2359/1193 1256/2394/1221 1253/2389/1216
f 1253/2389/1216 1230/2360/1194 1229/2359/1193
f 1232/2362/1196 1230/2360/1194 1253/2389/1216
f 1236/4013/1200 1218/2345/1182 1222/2350/1187
f 1217/2344/1181 1212/2339/1176 1225/2352/1189
f 1225/2352/1189 1220/2347/1184 1217/2344/1181
f 1214/2342/1179 1206/2334/1171 1210/2338/1175
f 1210/2338/1175 1206/2334/1171 1207/2333/1170
f 1198/2325/1162 1188/2316/1153 1193/2321/1158
f 1189/2317/1154 1193/2321/1158 1188/2316/1153
f 1176/2301/1140 1167/2288/1130 1174/2300/1139
f 1166/2289/1131 1174/2300/1139 1167/2288/1130
f 1150/6756/1114 1153/6757/1117 1132/6758/1095
f 1150/2263/1114 1132/2231/1095 1134/2237/1098
f 1134/2237/1098 1140/2259/1105 1150/2263/1114
f 1131/2232/1096 1112/2199/1075 1129/2234/1093
f 1129/2228/1093 1114/2206/1078 1116/2208/1080
f 1114/2205/1078 1129/2234/1093 1112/2199/1075
f 1105/2191/1069 1118/2212/1082 1106/2192/1070
f 1111/2200/1076 1090/2170/1055 1109/2202/1074
f 1095/2176/1059 1109/2202/1074 1090/2170/1055
f 1078/2152/1041 1077/2154/1043 1084/2158/1047
f 1075/2150/1039 1074/2151/1040 1078/2152/1041
f 1069/2142/1034 1075/2150/1039 1056/2121/1020
f 1056/2121/1020 1060/2126/1024 1069/2142/1034
f 3496/6759/3408 1042/5224/1007 1062/5223/1027
f 1062/5223/1027 1049/2105/1013 3496/6759/3408
f 1042/2091/1007 3496/6760/3408 1046/2092/1008
f 1049/2105/1013 1046/2103/1008 3496/6759/3408
f 1047/2100/1011 1054/5213/1016 1045/2098/1009
f 1039/2084/1003 987/2080/952 988/6348/953
f 1027/2054/991 995/6761/959 1030/2059/995
f 1024/2046/988 1029/2057/993 1023/2045/987
f 995/1990/959 1027/2053/991 996/1991/960
f 1001/6762/965 1015/2027/979 1002/6763/966
f 1015/2027/979 1004/2026/969 1002/6763/966
f 1011/2017/975 919/1854/885 922/1856/886
f 919/1853/885 1011/2018/975 915/1852/879
f 1009/2014/973 945/1894/910 1007/2012/972
f 925/1860/889 1009/2014/973 922/1856/886
f 1006/6764/970 1007/2012/972 945/1894/910
f 944/1892/908 1006/6764/970 945/1894/910
f 1006/2008/970 944/6765/908 999/2006/964
f 998/6766/963 999/2006/964 944/6765/908
f 947/1897/911 998/6767/963 943/1895/907
f 944/6765/908 943/6768/907 998/6766/963
f 951/1902/915 992/1995/957 947/1905/911
f 983/6350/947 980/1963/944 978/1956/942
f 899/5503/866 973/1948/937 969/1951/933
f 961/1926/925 911/1838/877 967/1937/932
f 914/1846/880 911/1840/877 961/6769/925
f 961/6769/925 917/6770/882 914/1846/880
f 958/1987/923 951/1986/915 950/6771/914
f 3497/6772/3409 954/6773/919 938/1883/902
f 954/1909/919 3497/6774/3409 953/1908/918
f 954/6773/919 948/1899/913 938/1883/902
f 921/1857/887 3497/6772/3409 924/1861/890
f 3497/6775/3409 921/1859/887 918/1850/883
f 918/6776/883 953/6777/918 3497/6778/3409
f 938/1883/902 924/1861/890 3497/6772/3409
f 903/1828/869 902/1945/867 908/1834/874
