# Blender v2.82 (sub 7) OBJ File: 'motoman.blend'
# www.blender.org
mtllib torso_base_link.mtl
o torso_base_link.projected_link_b1.005
v -0.100177 0.066766 -0.472308
v -0.100177 0.067307 -0.481524
v -0.100177 0.065000 -0.481135
v -0.100177 0.066646 -0.466917
v -0.099448 0.067304 -0.466949
v -0.085990 0.081635 -0.410769
v -0.097763 0.067297 -0.410766
v -0.100177 0.067613 -0.485335
v -0.100177 0.066419 -0.456742
v -0.100177 0.066098 -0.442295
v -0.098542 0.066343 -0.400874
v -0.099757 0.066000 -0.338231
v -0.097993 0.066574 -0.338135
v -0.099679 0.066005 -0.338211
v -0.097467 0.067295 -0.400890
v -0.100177 0.066000 -0.414316
v -0.098383 0.066381 -0.338135
v -0.098896 0.066126 -0.338135
v -0.100177 0.066002 -0.419911
v -0.099377 0.066024 -0.338135
v -0.099936 0.066000 -0.400853
v -0.100177 0.066000 -0.338935
v -0.100177 0.062900 -0.338935
v -0.100116 0.066000 -0.338629
v -0.099943 0.066000 -0.338369
v -0.100147 0.062950 -0.338720
v -0.100176 0.062902 -0.338896
v -0.100177 0.065000 -0.343135
v -0.102477 0.062000 -0.340135
v -0.100177 0.062000 -0.340135
v -0.102477 0.065000 -0.343135
v -0.102477 0.065000 -0.481135
v -0.102477 0.062000 -0.484135
v -0.102477 -0.062000 -0.340135
v -0.100177 -0.062000 -0.340135
v -0.102477 -0.065000 -0.343135
v -0.100177 -0.065000 -0.343135
v -0.102477 -0.065000 -0.481135
v -0.102477 -0.062000 -0.484135
v -0.100177 -0.065000 -0.481135
v -0.100177 -0.066747 -0.466888
v -0.100177 -0.066394 -0.457647
v -0.100177 -0.062000 -0.484135
v -0.100177 -0.067613 -0.485335
v -0.100177 -0.067307 -0.481523
v -0.100177 -0.066241 -0.453651
v -0.100177 -0.066000 -0.414316
v -0.099935 -0.066000 -0.400823
v -0.100177 -0.066000 -0.338935
v -0.098541 -0.066343 -0.400844
v -0.098413 -0.066318 -0.338135
v -0.098373 -0.066353 -0.338135
v -0.097467 -0.067295 -0.400860
v -0.099680 -0.066003 -0.338205
v -0.097764 -0.067297 -0.410766
v -0.085990 -0.081635 -0.410769
v -0.089380 -0.083602 -0.519657
v -0.099447 -0.067304 -0.466920
v -0.100523 -0.067162 -0.485993
v -0.103987 -0.065297 -0.519657
v -0.100261 -0.067520 -0.485691
v -0.100681 -0.066933 -0.486043
v -0.100241 -0.067544 -0.485639
v -0.100429 -0.067291 -0.485885
v -0.100203 -0.067592 -0.485536
v -0.071230 -0.098975 -0.519657
v -0.113679 -0.069086 -0.628344
v -0.097748 -0.088275 -0.628344
v -0.068498 -0.096758 -0.410769
v -0.068378 -0.096572 -0.307133
v -0.075566 -0.091410 -0.307134
v -0.047982 -0.108379 -0.410769
v -0.047980 -0.108358 -0.307132
v -0.061633 -0.101208 -0.307133
v -0.062709 -0.100644 -0.307133
v -0.065063 -0.097961 -0.306135
v -0.061041 -0.100228 -0.306135
v -0.050379 -0.106238 -0.306135
v 0.108278 -0.044821 -0.306135
v 0.109941 -0.043771 -0.307123
v 0.109244 -0.045204 -0.307123
v 0.108349 -0.047042 -0.307123
v -0.078354 -0.087690 -0.306135
v 0.113071 -0.031367 -0.306135
v -0.041908 -0.109511 -0.306135
v -0.021386 -0.115370 -0.306135
v -0.034421 -0.112402 -0.306135
v 0.107398 -0.047292 -0.306135
v 0.099397 -0.062399 -0.306135
v 0.102220 -0.059636 -0.307124
v 0.096931 -0.069048 -0.518488
v 0.098171 -0.065644 -0.307124
v 0.096646 -0.067907 -0.307124
v 0.097404 -0.065123 -0.306135
v 0.089440 -0.076007 -0.306135
v 0.093543 -0.072512 -0.307125
v 0.081382 -0.085939 -0.410198
v 0.083618 -0.083677 -0.307126
v 0.082756 -0.082814 -0.306135
v 0.082826 -0.084568 -0.307126
v 0.081306 -0.085867 -0.307126
v 0.070406 -0.095178 -0.307127
v 0.077457 -0.088210 -0.306135
v 0.065132 -0.097572 -0.306135
v 0.065623 -0.098291 -0.307127
v 0.063986 -0.098443 -0.306135
v 0.049104 -0.106672 -0.306135
v 0.062892 -0.100068 -0.307128
v 0.058271 -0.103075 -0.307128
v 0.045147 -0.109283 -0.307129
v 0.042643 -0.110456 -0.410198
v 0.063004 -0.100219 -0.410198
v 0.042523 -0.112510 -0.518488
v 0.063042 -0.101963 -0.518488
v 0.062723 -0.106275 -0.626581
v 0.041764 -0.117532 -0.626581
v 0.081481 -0.087329 -0.518488
v 0.081404 -0.090812 -0.626581
v 0.096950 -0.071654 -0.626581
v 0.080868 -0.097047 -0.734182
v 0.061645 -0.113921 -0.734182
v 0.039842 -0.126371 -0.734182
v 0.059593 -0.125231 -0.841096
v 0.036491 -0.139394 -0.841096
v 0.011236 -0.148202 -0.841096
v 0.018948 -0.161223 -0.947498
v 0.032347 -0.155275 -0.947498
v 0.054538 -0.153678 -1.053641
v 0.028246 -0.172315 -1.053641
v 0.057023 -0.138999 -0.947498
v 0.076874 -0.129527 -1.053641
v 0.078254 -0.117588 -0.947498
v 0.079719 -0.106318 -0.841096
v 0.096156 -0.083410 -0.841096
v 0.096724 -0.076365 -0.734182
v 0.108551 -0.052664 -0.734182
v 0.108626 -0.049519 -0.626581
v 0.115868 -0.025297 -0.626581
v 0.108596 -0.047795 -0.518488
v 0.115857 -0.024442 -0.518488
v 0.115251 -0.026804 -0.307122
v 0.117955 -0.009316 -0.307122
v 0.115671 -0.024091 -0.307122
v 0.115830 -0.023060 -0.307122
v 0.118323 0.000000 -0.518488
v 0.118100 0.007248 -0.307122
v 0.118323 0.000000 -0.626581
v 0.118038 0.000082 -0.307122
v 0.118037 0.000003 -0.307122
v 0.115857 0.024442 -0.518488
v 0.115968 0.023507 -0.307122
v 0.116016 0.023137 -0.307122
v 0.115765 0.019145 -0.306135
v 0.114861 0.022896 -0.306135
v 0.115803 0.024107 -0.307122
v 0.111757 0.035774 -0.306135
v 0.111660 0.039170 -0.307123
v 0.108102 0.044893 -0.306135
v -0.118238 -0.009330 -0.306135
v -0.116864 -0.013763 -0.306135
v 0.109068 0.045287 -0.307123
v 0.108324 0.047044 -0.307123
v -0.113656 -0.030461 -0.306135
v -0.116864 0.013763 -0.306135
v 0.105486 0.051421 -0.306135
v -0.112303 -0.034358 -0.306135
v -0.108117 -0.046417 -0.306135
v -0.104189 -0.053987 -0.306135
v -0.118238 0.009330 -0.306135
v -0.100276 -0.061530 -0.306135
v -0.092724 -0.072030 -0.306135
v -0.090346 -0.075336 -0.306135
v -0.078594 -0.087504 -0.306135
v -0.120335 0.003633 -0.306135
v -0.120357 -0.003518 -0.306135
v -0.121248 0.003985 -0.307130
v -0.121308 0.003823 -0.307130
v -0.121662 0.000591 -0.318264
v -0.121675 0.000297 -0.318152
v -0.121331 -0.003702 -0.307130
v -0.121665 -0.000609 -0.318234
v -0.121230 -0.003979 -0.307130
v -0.121539 -0.002342 -0.319820
v -0.121600 -0.001757 -0.318856
v -0.121663 -0.000735 -0.318245
v -0.119102 -0.009816 -0.307130
v -0.120956 -0.005321 -0.333135
v -0.121223 -0.003984 -0.333135
v -0.121520 -0.002500 -0.320635
v -0.121605 -0.001676 -0.318808
v -0.121534 -0.002389 -0.319897
v -0.116677 -0.002360 -0.319809
v -0.116677 -0.002500 -0.320635
v -0.116677 0.000611 -0.318211
v -0.116677 -0.000611 -0.318211
v -0.116677 -0.001687 -0.318790
v -0.116677 0.002500 -0.320635
v -0.116677 0.002360 -0.319809
v -0.116677 0.001687 -0.318790
v -0.121626 0.001426 -0.318581
v -0.116677 -0.002500 -0.338131
v -0.116677 0.000001 -0.338135
v -0.116677 0.002500 -0.338131
v -0.116136 0.003992 -0.338135
v -0.115846 -0.003929 -0.338135
v -0.113177 0.010645 -0.338135
v -0.114528 0.007737 -0.338135
v -0.117098 -0.002500 -0.338096
v -0.115392 -0.006076 -0.338135
v -0.117771 -0.004442 -0.337838
v -0.118129 -0.002501 -0.337701
v -0.114528 -0.007737 -0.338135
v -0.115052 -0.008052 -0.338097
v -0.115939 -0.008586 -0.337709
v -0.119528 -0.004927 -0.336687
v -0.116034 -0.008644 -0.337667
v -0.116927 -0.009181 -0.337277
v -0.119382 -0.002501 -0.337221
v -0.119928 -0.002501 -0.336602
v -0.120953 -0.002500 -0.335438
v -0.121098 -0.002500 -0.334850
v -0.121520 -0.002500 -0.333135
v -0.120655 -0.005238 -0.334875
v -0.118442 -0.010093 -0.334846
v -0.118417 -0.010078 -0.334960
v -0.118300 -0.010007 -0.335504
v -0.117455 -0.009499 -0.336595
v -0.117577 -0.012103 -0.335009
v -0.115958 -0.014090 -0.336507
v -0.116837 -0.014197 -0.335543
v -0.116977 -0.014214 -0.335003
v -0.111493 -0.035211 -0.336603
v -0.106547 -0.048248 -0.336565
v -0.115237 -0.014003 -0.337297
v -0.108988 -0.037788 -0.337477
v -0.115846 -0.014077 -0.336629
v -0.109487 -0.035651 -0.337663
v -0.117002 -0.014217 -0.334907
v -0.109944 -0.034722 -0.337727
v -0.112506 -0.035530 -0.334938
v -0.105077 -0.053368 -0.335004
v -0.115899 -0.023793 -0.333181
v -0.109820 -0.043490 -0.333179
v -0.111281 -0.040205 -0.333180
v -0.112587 -0.035564 -0.333180
v -0.106400 -0.048760 -0.336409
v -0.104994 -0.053654 -0.334917
v -0.103922 -0.054889 -0.336676
v -0.104574 -0.055078 -0.334196
v -0.104731 -0.054571 -0.334637
v -0.103882 -0.056355 -0.334930
v -0.103160 -0.057927 -0.335258
v -0.104423 -0.055565 -0.333772
v -0.104039 -0.056190 -0.334343
v -0.103688 -0.056560 -0.335658
v -0.103591 -0.056661 -0.336018
v -0.103281 -0.056790 -0.338087
v -0.102675 -0.058747 -0.337627
v -0.103217 -0.057204 -0.338135
v -0.103353 -0.056413 -0.338135
v -0.103277 -0.056788 -0.338135
v -0.100977 -0.061617 -0.338135
v -0.102607 -0.058858 -0.338135
v -0.100977 0.061617 -0.338135
v -0.100723 0.062027 -0.338241
v -0.100704 -0.062057 -0.338200
v -0.100614 -0.062204 -0.338222
v -0.099838 -0.063578 -0.307136
v -0.100412 0.062530 -0.338371
v -0.100426 -0.062508 -0.338385
v -0.100321 -0.062677 -0.338476
v -0.100114 -0.063004 -0.338625
v -0.100407 0.062540 -0.338374
v -0.100234 -0.062813 -0.338661
v -0.100272 0.062753 -0.338556
v -0.100229 0.062820 -0.338659
v -0.100206 -0.062856 -0.338720
v -0.100177 -0.062900 -0.338935
v -0.100212 0.062847 -0.338700
v -0.100163 -0.062925 -0.338784
v -0.100116 -0.066000 -0.338629
v -0.099943 -0.066000 -0.338369
v -0.099999 -0.063190 -0.338432
v -0.099934 -0.063292 -0.338379
v -0.099757 -0.066000 -0.338231
v -0.099679 -0.063696 -0.338210
v -0.099377 -0.064169 -0.338135
v -0.099751 -0.063583 -0.338228
v -0.085914 -0.081538 -0.307135
v -0.097733 -0.066649 -0.338135
v -0.097290 -0.067295 -0.338135
v -0.078858 -0.088269 -0.307134
v -0.098172 -0.066000 -0.338135
v -0.087926 -0.079618 -0.307135
v -0.093524 -0.072637 -0.307136
v -0.096955 -0.068358 -0.307136
v -0.099377 -0.066024 -0.338135
v -0.099510 -0.066010 -0.338146
v -0.100179 0.062897 -0.338874
v -0.100112 0.063007 -0.338630
v -0.100090 0.063043 -0.338573
v -0.099959 0.063254 -0.338386
v -0.099938 0.063286 -0.338377
v -0.099937 0.063625 -0.307136
v -0.093949 0.072188 -0.307136
v -0.099377 0.064169 -0.338135
v -0.104070 0.056306 -0.333380
v -0.097290 0.067295 -0.338135
v -0.103166 0.057911 -0.335481
v -0.103320 0.057649 -0.334772
v -0.099657 0.063728 -0.338256
v -0.099750 0.063582 -0.338296
v -0.101632 0.061201 -0.307137
v -0.102645 0.058796 -0.337878
v -0.099821 0.062264 -0.306135
v 0.044810 0.108539 -0.306135
v -0.093066 0.071509 -0.306135
v -0.104543 0.053327 -0.306135
v -0.107759 0.047241 -0.306135
v -0.105462 0.053800 -0.307137
v -0.104323 0.055838 -0.333187
v -0.104356 0.055778 -0.333177
v -0.108721 0.047504 -0.307137
v -0.110095 0.043578 -0.307138
v -0.108550 0.047088 -0.333178
v -0.104561 0.055119 -0.334246
v -0.112506 0.035530 -0.334937
v -0.109806 0.043503 -0.333179
v -0.104392 0.055664 -0.333605
v -0.104570 0.055091 -0.334280
v -0.105009 0.053608 -0.334920
v -0.103687 0.056560 -0.335656
v -0.103922 0.054890 -0.336676
v -0.105083 0.053359 -0.335028
v -0.105680 0.051345 -0.335897
v -0.104944 0.049822 -0.338135
v -0.106354 0.048739 -0.336263
v -0.105593 0.049133 -0.337228
v -0.108070 0.037912 -0.338175
v -0.105861 0.045992 -0.338135
v -0.105426 0.047808 -0.338135
v -0.108667 0.039788 -0.337521
v -0.106798 0.047020 -0.336505
v -0.111493 0.035211 -0.336603
v -0.115037 0.013978 -0.337425
v -0.116718 0.014182 -0.335749
v -0.115845 0.014076 -0.336619
v -0.109018 0.037812 -0.337583
v -0.115963 0.014091 -0.336502
v -0.109944 0.034722 -0.337727
v -0.114416 0.013903 -0.337613
v -0.109581 0.034647 -0.337683
v -0.109466 0.035293 -0.337662
v -0.111125 0.025969 -0.337956
v -0.110878 0.025864 -0.338134
v -0.111895 0.021639 -0.338092
v -0.107878 0.037899 -0.338135
v -0.110843 0.026004 -0.338134
v -0.113177 -0.010645 -0.338135
v -0.112717 -0.013697 -0.338129
v -0.113032 -0.013735 -0.338105
v -0.112665 -0.013697 -0.338132
v -0.112612 -0.013697 -0.338135
v -0.112612 0.013697 -0.338135
v -0.112717 0.013697 -0.338129
v -0.115981 0.008611 -0.337838
v -0.114197 0.013876 -0.337680
v -0.116065 0.008662 -0.337776
v -0.117542 0.009551 -0.336687
v -0.117771 0.004443 -0.337838
v -0.118142 0.002501 -0.337703
v -0.119528 0.004928 -0.336687
v -0.119038 0.002501 -0.337441
v -0.119923 0.002501 -0.336583
v -0.120766 0.002500 -0.335765
v -0.121069 0.002500 -0.334832
v -0.120654 0.005239 -0.334875
v -0.121223 0.003984 -0.333135
v -0.121508 0.002500 -0.333484
v -0.120956 0.005322 -0.333135
v -0.118543 0.010154 -0.334875
v -0.118489 0.010122 -0.334973
v -0.117577 0.012103 -0.335009
v -0.117922 0.012221 -0.333159
v -0.116990 0.014215 -0.334896
v -0.116960 0.014212 -0.334991
v -0.117438 0.014270 -0.333494
v -0.115926 0.022080 -0.333181
v -0.114186 0.030995 -0.333180
v -0.116256 0.022124 -0.307140
v -0.117450 0.014271 -0.333182
v -0.117875 0.013612 -0.307141
v -0.117661 0.013746 -0.306944
v -0.119102 0.009816 -0.307130
v -0.118811 0.010315 -0.333135
v -0.114651 0.030560 -0.307138
v -0.113431 0.031287 -0.306135
v -0.112627 0.033548 -0.306135
v -0.113513 0.033810 -0.307138
v -0.112591 0.035549 -0.333180
v -0.121520 0.002500 -0.333135
v -0.121520 0.002500 -0.320635
v -0.121544 0.002300 -0.319824
v -0.121554 0.002214 -0.319474
v -0.121606 0.001644 -0.318827
v -0.107969 -0.037942 -0.338135
v -0.108466 -0.036104 -0.338135
v -0.105309 -0.047791 -0.338135
v -0.104816 -0.049617 -0.338135
v -0.109737 -0.031396 -0.338135
v -0.109719 -0.034655 -0.337750
v -0.109994 -0.033477 -0.337852
v -0.104867 -0.049536 -0.338094
v -0.104483 -0.050849 -0.338135
v -0.105593 -0.049132 -0.337228
v -0.108060 -0.037927 -0.338072
v -0.114189 -0.013875 -0.337681
v -0.114405 -0.013902 -0.337602
v -0.103359 0.056444 -0.338135
v -0.103611 0.056645 -0.335925
v -0.103277 0.056788 -0.338135
v -0.103556 0.056743 -0.336148
v -0.103353 0.057102 -0.336970
v -0.103175 0.057406 -0.338135
v -0.102618 0.058840 -0.338135
v -0.103878 0.056348 -0.334984
v -0.104173 0.056019 -0.333939
v -0.104150 0.056091 -0.333794
v -0.104248 0.055920 -0.333709
v -0.104334 0.055804 -0.333381
v -0.104102 0.056219 -0.333546
v -0.104351 0.055783 -0.333218
v -0.089768 0.076022 -0.306135
v -0.092471 0.074301 -0.307136
v -0.085849 0.081492 -0.307135
v -0.078688 0.087325 -0.306135
v -0.081809 0.085879 -0.307135
v -0.079283 0.087969 -0.307134
v -0.077953 0.088074 -0.306135
v -0.069208 0.096302 -0.307134
v -0.068498 0.096758 -0.410769
v -0.064335 0.098439 -0.306135
v -0.068505 0.096744 -0.307133
v -0.061877 0.100904 -0.307133
v -0.056885 0.104037 -0.307133
v -0.061382 0.100075 -0.306135
v -0.049584 0.106610 -0.306135
v 0.022679 0.114974 -0.306135
v 0.028740 0.113891 -0.306135
v -0.047899 0.108176 -0.307132
v -0.042599 0.110617 -0.307132
v -0.047982 0.108379 -0.410769
v -0.042358 0.110728 -0.307132
v -0.026728 0.115478 -0.307131
v -0.050022 0.110731 -0.519657
v -0.024990 0.115832 -0.410769
v -0.026362 0.118226 -0.519657
v -0.001223 0.121423 -0.519631
v -0.001205 0.121377 -0.518462
v -0.030095 0.124009 -0.628344
v -0.000330 0.119016 -0.410766
v -0.000412 0.119291 -0.465176
v 0.021274 0.116502 -0.410198
v 0.020881 0.118775 -0.518488
v 0.019451 0.124299 -0.626581
v -0.002288 0.124223 -0.591137
v 0.042523 0.112510 -0.518488
v 0.041764 0.117532 -0.626581
v 0.062723 0.106275 -0.626581
v 0.061645 0.113921 -0.734182
v 0.039842 0.126371 -0.734182
v 0.036491 0.139394 -0.841096
v 0.059593 0.125231 -0.841096
v 0.016341 0.133976 -0.734182
v -0.008290 0.137189 -0.736461
v -0.008136 0.136879 -0.734121
v -0.006961 0.134519 -0.716284
v 0.011236 0.148202 -0.841096
v 0.018948 0.161223 -0.947498
v -0.009451 0.168258 -0.947498
v -0.015573 0.151823 -0.843986
v -0.015326 0.151326 -0.841072
v -0.014674 0.150013 -0.833358
v 0.004979 0.165580 -0.947498
v 0.008987 0.195361 -1.153567
v -0.006546 0.201229 -1.154007
v -0.007238 0.201491 -1.154026
v -0.006069 0.205492 -1.164711
v 0.010650 0.199304 -1.164311
v 0.013833 0.206691 -1.173543
v 0.030518 0.197786 -1.173242
v 0.026520 0.190983 -1.163880
v 0.009615 0.195124 -1.153549
v 0.017127 0.192286 -1.153337
v 0.028246 0.172315 -1.053641
v 0.024429 0.187490 -1.153091
v 0.054538 0.153678 -1.053641
v 0.032347 0.155275 -0.947498
v 0.057023 0.138999 -0.947498
v 0.039172 0.177809 -1.152594
v 0.043553 0.174932 -1.152446
v 0.024804 0.187244 -1.153078
v 0.041364 0.180754 -1.163437
v 0.060261 0.174357 -1.172619
v 0.046033 0.186919 -1.172930
v 0.055054 0.168851 -1.163002
v 0.052296 0.166227 -1.152126
v 0.052424 0.166098 -1.152121
v 0.064797 0.153779 -1.151667
v 0.065139 0.153438 -1.151654
v 0.067505 0.155505 -1.162590
v 0.068111 0.128879 -0.947498
v 0.079719 0.106318 -0.841096
v 0.078254 0.117588 -0.947498
v 0.067336 0.151251 -1.151574
v 0.075321 0.139482 -1.151271
v 0.078666 0.140930 -1.162210
v 0.075734 0.138874 -1.151255
v 0.085447 0.124558 -1.150886
v 0.087378 0.105243 -0.947498
v 0.085956 0.123807 -1.150867
v 0.096156 0.083410 -0.841096
v 0.095418 0.091966 -0.947498
v 0.088635 0.119859 -1.150765
v 0.088510 0.125325 -1.161869
v 0.093713 0.108418 -1.150571
v 0.097026 0.108865 -1.161570
v 0.094118 0.107506 -1.150556
v 0.104212 0.091708 -1.161317
v 0.101584 0.090683 -1.150271
v 0.104278 0.084613 -1.150168
v 0.110076 0.073997 -1.161110
v 0.106992 0.074063 -1.150065
v 0.107219 0.073180 -1.150056
v 0.108027 0.063125 -0.947498
v 0.111837 0.055230 -1.149880
v 0.115731 0.032110 -0.947498
v 0.114496 0.044892 -1.149779
v 0.108326 0.057389 -0.841096
v 0.096724 0.076365 -0.734182
v 0.115802 0.029236 -0.841096
v 0.108551 0.052664 -0.734182
v 0.096950 0.071654 -0.626581
v 0.108626 0.049519 -0.626581
v 0.115854 0.026868 -0.734182
v 0.118323 0.000000 -0.734182
v 0.118323 0.000000 -0.841096
v 0.115854 -0.026868 -0.734182
v 0.115731 -0.032110 -0.947498
v 0.118323 0.000000 -0.947498
v 0.118244 -0.006485 -1.149637
v 0.118297 0.000000 -1.149635
v 0.115196 0.037057 -1.149752
v 0.114934 -0.037018 -1.149763
v 0.118314 0.002162 -1.149634
v 0.114876 -0.037551 -1.149765
v 0.117867 -0.037407 -1.160835
v 0.114624 -0.055858 -1.160949
v 0.113482 -0.050408 -1.149817
v 0.108027 -0.063125 -0.947498
v 0.112082 -0.055282 -1.149871
v 0.110076 -0.073997 -1.161110
v 0.106968 -0.073088 -1.150066
v 0.106716 -0.073965 -1.150075
v 0.104212 -0.091708 -1.161317
v 0.101871 -0.090831 -1.150260
v 0.101428 -0.092372 -1.150277
v 0.095418 -0.091966 -0.947498
v 0.093502 -0.108277 -1.150579
v 0.108326 -0.057389 -0.841096
v 0.093947 -0.107383 -1.150562
v 0.085778 -0.123776 -1.150874
v 0.082687 -0.129978 -1.150992
v 0.088510 -0.125325 -1.161869
v 0.084618 -0.145146 -1.172045
v 0.097026 -0.108865 -1.161570
v 0.078666 -0.140930 -1.162210
v 0.094707 -0.128931 -1.171794
v 0.093271 -0.151274 -1.178143
v 0.103805 -0.134225 -1.178024
v 0.103406 -0.111890 -1.171573
v 0.112855 -0.116372 -1.177917
v 0.110728 -0.094182 -1.171384
v 0.120450 -0.097874 -1.177824
v 0.116689 -0.075944 -1.171229
v 0.126619 -0.078868 -1.177747
v 0.121306 -0.057299 -1.171108
v 0.131387 -0.059474 -1.177685
v 0.124593 -0.038359 -1.171022
v 0.127215 -0.000000 -1.170952
v 0.120456 -0.000000 -1.160743
v 0.136805 -0.019945 -1.177615
v 0.134777 -0.039801 -1.177641
v 0.147366 -0.023894 -1.179634
v 0.145163 -0.041275 -1.179634
v 0.144042 -0.050122 -1.179634
v 0.141477 -0.061649 -1.179634
v 0.157323 -0.088000 -1.179634
v 0.138145 -0.076623 -1.179634
v 0.136487 -0.081769 -1.179634
v 0.130539 -0.100230 -1.179634
v 0.129999 -0.101497 -1.179634
v 0.121842 -0.120636 -1.179634
v 0.121314 -0.121873 -1.179634
v 0.119243 -0.126080 -1.179634
v 0.022758 -0.222565 -1.179634
v 0.157323 -0.088000 -1.181634
v -0.004677 -0.250000 -1.181634
v 0.048014 -0.197309 -1.178353
v 0.036715 -0.208608 -1.179050
v 0.033489 -0.211834 -1.179250
v 0.108593 -0.136730 -1.179062
v 0.051216 -0.194107 -1.178156
v 0.079527 -0.165796 -1.177717
v 0.065868 -0.179455 -1.177252
v 0.046033 -0.186919 -1.172930
v 0.060261 -0.174357 -1.172619
v 0.030518 -0.197786 -1.173242
v 0.041364 -0.180754 -1.163437
v 0.055054 -0.168851 -1.163002
v 0.067505 -0.155505 -1.162590
v 0.052397 -0.166265 -1.152121
v 0.059626 -0.159959 -1.151861
v 0.052533 -0.166146 -1.152116
v 0.064805 -0.153225 -1.151666
v 0.075386 -0.139469 -1.151267
v 0.075835 -0.138887 -1.151250
v 0.039122 -0.177846 -1.152598
v 0.035039 -0.181407 -1.152745
v 0.024810 -0.187157 -1.153075
v 0.024419 -0.187377 -1.153087
v 0.026520 -0.190983 -1.163880
v 0.010650 -0.199304 -1.164311
v 0.009773 -0.195610 -1.153560
v 0.013833 -0.206691 -1.173543
v 0.018204 -0.216840 -1.178789
v -0.003842 -0.213367 -1.173818
v -0.000814 -0.224077 -1.178894
v -0.015120 -0.234104 -1.179634
v -0.020702 -0.228667 -1.178980
v 0.003998 -0.229568 -1.179634
v 0.000950 -0.230291 -1.179634
v -0.004677 -0.250000 -1.179634
v -0.180677 -0.250000 -1.179634
v -0.019861 -0.234616 -1.179634
v -0.034250 -0.236170 -1.179634
v -0.041090 -0.236322 -1.179634
v -0.066466 -0.235249 -1.179634
v -0.070057 -0.235097 -1.179634
v 0.020965 -0.223234 -1.179634
v -0.092677 -0.250000 -1.199634
v -0.092677 -0.208500 -1.199634
v -0.217677 -0.250000 -1.199634
v -0.228177 -0.227794 -1.199634
v -0.180677 -0.250000 -1.181634
v -0.224882 -0.224500 -1.199634
v 0.038323 -0.220000 -1.199634
v 0.039529 -0.224500 -1.199634
v 0.032323 -0.250000 -1.199634
v 0.042823 -0.227794 -1.199634
v 0.047323 -0.229000 -1.199634
v 0.064675 -0.245740 -1.199634
v 0.032323 -0.250000 -1.181634
v 0.047323 -0.229000 -1.181634
v 0.064675 -0.245740 -1.181634
v 0.051823 -0.227794 -1.181634
v 0.042823 -0.227794 -1.181634
v 0.039529 -0.224500 -1.181634
v 0.038323 -0.220000 -1.181634
v 0.039529 -0.215500 -1.181634
v 0.039529 -0.215500 -1.199634
v 0.042823 -0.212206 -1.199634
v 0.047323 -0.211000 -1.199634
v 0.042823 -0.212206 -1.181634
v 0.118323 -0.140000 -1.181634
v 0.047323 -0.211000 -1.181634
v 0.101323 -0.200000 -1.181634
v 0.102127 -0.197000 -1.181634
v 0.104323 -0.194804 -1.181634
v 0.051823 -0.212206 -1.181634
v 0.051823 -0.212206 -1.199634
v 0.055117 -0.215500 -1.199634
v 0.078823 -0.208500 -1.199634
v 0.078823 -0.239880 -1.199634
v 0.055117 -0.224500 -1.199634
v 0.056323 -0.220000 -1.199634
v 0.115823 -0.217139 -1.199634
v 0.094823 -0.233253 -1.199634
v 0.078823 -0.171500 -1.199634
v -0.092677 -0.171500 -1.199634
v 0.102127 -0.197000 -1.199634
v 0.101323 -0.200000 -1.199634
v 0.102127 -0.203000 -1.199634
v 0.107323 -0.206000 -1.199634
v 0.104323 -0.205196 -1.199634
v 0.115823 -0.208500 -1.199634
v 0.112519 -0.203000 -1.199634
v 0.113323 -0.200000 -1.199634
v 0.140576 -0.187500 -1.199634
v 0.124462 -0.208500 -1.199634
v 0.120711 -0.213388 -1.199634
v 0.115823 -0.171500 -1.199634
v 0.110323 -0.205196 -1.199634
v 0.110323 -0.205196 -1.181634
v 0.112519 -0.203000 -1.181634
v 0.113323 -0.200000 -1.181634
v 0.120711 -0.213388 -1.181634
v 0.094823 -0.233253 -1.181634
v 0.140576 -0.187500 -1.181634
v 0.112519 -0.197000 -1.181634
v 0.135117 -0.144500 -1.181634
v 0.110323 -0.194804 -1.181634
v 0.153064 -0.157352 -1.181634
v 0.147204 -0.171500 -1.199634
v 0.146823 -0.172419 -1.199634
v 0.136323 -0.140000 -1.181634
v 0.157323 -0.125000 -1.181634
v 0.157323 -0.125000 -1.199634
v 0.153064 -0.157352 -1.199634
v 0.146823 -0.171500 -1.199634
v 0.146823 -0.000000 -1.199634
v 0.135117 -0.144500 -1.199634
v 0.136323 -0.140000 -1.199634
v 0.127323 -0.149000 -1.199634
v 0.131823 -0.147794 -1.199634
v 0.131823 -0.147794 -1.181634
v 0.127323 -0.149000 -1.181634
v 0.107323 -0.194000 -1.181634
v 0.122823 -0.147794 -1.199634
v 0.122823 -0.147794 -1.181634
v 0.119529 -0.144500 -1.199634
v 0.119529 -0.144500 -1.181634
v 0.118323 -0.140000 -1.199634
v 0.119529 -0.135500 -1.199634
v 0.115823 -0.000000 -1.199634
v 0.078823 0.171500 -1.199634
v 0.118323 0.140000 -1.199634
v 0.119529 0.135500 -1.199634
v 0.115823 0.171500 -1.199634
v 0.078823 -0.000000 -1.199634
v 0.122823 0.132206 -1.199634
v 0.127323 0.131000 -1.199634
v 0.122823 -0.132206 -1.199634
v 0.131823 -0.132206 -1.199634
v 0.127323 -0.131000 -1.199634
v 0.122823 -0.132206 -1.181634
v 0.127323 -0.131000 -1.181634
v 0.131823 -0.132206 -1.181634
v 0.135117 -0.135500 -1.181634
v 0.135117 -0.135500 -1.199634
v 0.119529 -0.135500 -1.181634
v 0.131823 0.132206 -1.181634
v 0.127323 0.131000 -1.181634
v 0.131823 0.132206 -1.199634
v 0.135117 0.135500 -1.181634
v 0.135117 0.135500 -1.199634
v 0.136323 0.140000 -1.181634
v 0.136323 0.140000 -1.199634
v 0.135117 0.144500 -1.181634
v 0.135117 0.144500 -1.199634
v 0.146823 0.171500 -1.199634
v 0.147204 0.171500 -1.199634
v 0.146823 0.172419 -1.199634
v 0.157323 0.125000 -1.199634
v 0.153064 0.157352 -1.199634
v 0.140576 0.187500 -1.199634
v 0.131823 0.147794 -1.199634
v 0.127323 0.149000 -1.181634
v 0.127323 0.149000 -1.199634
v 0.131823 0.147794 -1.181634
v 0.110323 0.194804 -1.181634
v 0.140576 0.187500 -1.181634
v 0.112519 0.197000 -1.181634
v 0.122823 0.147794 -1.181634
v 0.107323 0.194000 -1.181634
v 0.107323 0.194000 -1.199634
v 0.110323 0.194804 -1.199634
v 0.112519 0.197000 -1.199634
v 0.113323 0.200000 -1.181634
v 0.113323 0.200000 -1.199634
v 0.115823 0.208500 -1.199634
v 0.112519 0.203000 -1.181634
v 0.112519 0.203000 -1.199634
v 0.110323 0.205196 -1.181634
v 0.110323 0.205196 -1.199634
v 0.107323 0.206000 -1.199634
v 0.107323 0.206000 -1.181634
v 0.104323 0.205196 -1.181634
v 0.094823 0.233253 -1.181634
v 0.120711 0.213388 -1.181634
v 0.115823 0.217139 -1.199634
v 0.124462 0.208500 -1.199634
v 0.120711 0.213388 -1.199634
v 0.094823 0.233253 -1.199634
v 0.079742 0.239500 -1.199634
v 0.064675 0.245740 -1.181634
v 0.078823 0.208500 -1.199634
v 0.055117 0.215500 -1.199634
v 0.056323 0.220000 -1.199634
v 0.078823 0.239500 -1.199634
v -0.092677 0.208500 -1.199634
v 0.047323 0.211000 -1.199634
v 0.051823 0.212206 -1.199634
v 0.104323 0.205196 -1.199634
v 0.102127 0.203000 -1.199634
v 0.101323 0.200000 -1.199634
v 0.102127 0.197000 -1.181634
v 0.101323 0.200000 -1.181634
v 0.102127 0.197000 -1.199634
v 0.104323 0.194804 -1.181634
v 0.104323 0.194804 -1.199634
v 0.119529 0.144500 -1.181634
v 0.118323 0.140000 -1.181634
v 0.119529 0.144500 -1.199634
v -0.004677 0.250000 -1.181634
v 0.042823 0.212206 -1.181634
v 0.119529 0.135500 -1.181634
v 0.047323 0.211000 -1.181634
v 0.042823 0.212206 -1.199634
v 0.051823 0.212206 -1.181634
v 0.055117 0.215500 -1.181634
v 0.056323 0.220000 -1.181634
v 0.102127 0.203000 -1.181634
v 0.055117 0.224500 -1.181634
v 0.055117 0.224500 -1.199634
v 0.051823 0.227794 -1.181634
v 0.051823 0.227794 -1.199634
v 0.047323 0.229000 -1.181634
v 0.032323 0.250000 -1.181634
v 0.047323 0.229000 -1.199634
v 0.042823 0.227794 -1.181634
v 0.042823 0.227794 -1.199634
v 0.039529 0.224500 -1.181634
v 0.039529 0.224500 -1.199634
v 0.038323 0.220000 -1.181634
v 0.039529 0.215500 -1.181634
v 0.038323 0.220000 -1.199634
v 0.039529 0.215500 -1.199634
v -0.092677 0.239500 -1.199634
v -0.217677 0.250000 -1.199634
v -0.092677 0.250000 -1.199634
v -0.223677 0.220000 -1.199634
v 0.032323 0.250000 -1.199634
v -0.265096 0.239500 -1.199634
v -0.232677 0.229000 -1.199634
v -0.228177 0.227794 -1.199634
v -0.224882 0.224500 -1.199634
v -0.228177 0.227794 -1.181634
v -0.224882 0.224500 -1.181634
v -0.180677 0.250000 -1.181634
v -0.223677 0.220000 -1.181634
v -0.224882 0.215500 -1.181634
v -0.224882 0.215500 -1.199634
v -0.228177 0.212206 -1.199634
v -0.228177 0.212206 -1.181634
v -0.232677 0.211000 -1.199634
v -0.232677 0.211000 -1.181634
v -0.272677 0.208500 -1.199634
v -0.237177 0.212206 -1.199634
v -0.240471 0.215500 -1.199634
v -0.237177 0.212206 -1.181634
v -0.240471 0.215500 -1.181634
v -0.308177 0.147794 -1.181634
v -0.312677 0.149000 -1.181634
v -0.312677 0.149000 -1.199634
v -0.317177 0.147794 -1.181634
v -0.308177 0.147794 -1.199634
v -0.272677 0.171500 -1.199634
v -0.304882 0.144500 -1.199634
v -0.332557 0.171500 -1.199634
v -0.325930 0.187500 -1.199634
v -0.338417 0.157352 -1.181634
v -0.317177 0.147794 -1.199634
v -0.338417 0.157352 -1.199634
v -0.320471 0.144500 -1.199634
v -0.342677 0.125000 -1.199634
v -0.342677 0.125000 -1.181634
v -0.342677 0.088000 -1.181634
v -0.320471 0.135500 -1.199634
v -0.342677 -0.000000 -1.199634
v -0.321677 0.140000 -1.199634
v -0.321677 0.140000 -1.181634
v -0.320471 0.135500 -1.181634
v -0.317177 0.132206 -1.181634
v -0.317177 0.132206 -1.199634
v -0.312677 0.131000 -1.181634
v -0.308177 0.132206 -1.181634
v -0.312677 0.131000 -1.199634
v -0.308177 0.132206 -1.199634
v -0.272677 -0.000000 -1.199634
v -0.304882 0.135500 -1.199634
v -0.092677 -0.000000 -1.199634
v -0.303677 -0.140000 -1.199634
v -0.304882 -0.135500 -1.199634
v -0.308177 -0.132206 -1.199634
v -0.272677 -0.171500 -1.199634
v -0.325930 -0.187500 -1.199634
v -0.332557 -0.171500 -1.199634
v -0.304882 -0.144500 -1.199634
v -0.308177 -0.147794 -1.199634
v -0.317177 -0.147794 -1.199634
v -0.312677 -0.149000 -1.199634
v -0.272677 -0.208500 -1.199634
v -0.309816 -0.208500 -1.199634
v -0.306065 -0.213388 -1.199634
v -0.325930 -0.187500 -1.181634
v -0.306065 -0.213388 -1.181634
v -0.312677 -0.149000 -1.181634
v -0.308177 -0.147794 -1.181634
v -0.280177 -0.233253 -1.181634
v -0.240471 -0.224500 -1.181634
v -0.241677 -0.220000 -1.181634
v -0.280177 -0.233253 -1.199634
v -0.272677 -0.236360 -1.199634
v -0.241677 -0.220000 -1.199634
v -0.240471 -0.224500 -1.199634
v -0.250029 -0.245740 -1.199634
v -0.250029 -0.245740 -1.181634
v -0.232677 -0.229000 -1.181634
v -0.237177 -0.227794 -1.181634
v -0.217677 -0.250000 -1.181634
v -0.224882 -0.224500 -1.181634
v -0.228177 -0.227794 -1.181634
v -0.232677 -0.229000 -1.199634
v -0.237177 -0.227794 -1.199634
v -0.223677 -0.220000 -1.181634
v -0.223677 -0.220000 -1.199634
v -0.224882 -0.215500 -1.181634
v -0.224882 -0.215500 -1.199634
v -0.228177 -0.212206 -1.181634
v -0.228177 -0.212206 -1.199634
v -0.232677 -0.211000 -1.181634
v -0.304882 -0.144500 -1.181634
v -0.303677 -0.140000 -1.181634
v -0.240471 -0.215500 -1.181634
v -0.237177 -0.212206 -1.181634
v -0.232677 -0.211000 -1.199634
v -0.237177 -0.212206 -1.199634
v -0.240471 -0.215500 -1.199634
v -0.304882 -0.135500 -1.181634
v -0.308177 -0.132206 -1.181634
v -0.342677 -0.088000 -1.181634
v -0.342677 -0.125000 -1.181634
v -0.320471 -0.135500 -1.181634
v -0.317177 -0.132206 -1.181634
v -0.312677 -0.131000 -1.181634
v -0.342677 -0.125000 -1.199634
v -0.342677 -0.088000 -1.179634
v -0.342677 0.088000 -1.179634
v -0.324972 -0.008835 -1.179634
v -0.323268 -0.025776 -1.179634
v -0.318142 -0.052304 -1.179634
v -0.318394 -0.051128 -1.179634
v -0.322778 -0.030644 -1.179634
v -0.298984 -0.098762 -1.179634
v -0.301712 -0.094131 -1.179634
v -0.310165 -0.075568 -1.179634
v -0.311153 -0.073398 -1.179634
v -0.275910 -0.133109 -1.179634
v -0.285228 -0.120466 -1.179634
v -0.290061 -0.113908 -1.179634
v -0.259446 -0.151273 -1.179634
v -0.269214 -0.140496 -1.179634
v -0.246609 -0.153668 -1.178771
v -0.264405 -0.136221 -1.178870
v -0.280298 -0.116958 -1.178960
v -0.256979 -0.129612 -1.174576
v -0.239937 -0.146383 -1.174337
v -0.221310 -0.161399 -1.174095
v -0.234759 -0.140730 -1.166677
v -0.216765 -0.155360 -1.166329
v -0.194871 -0.164143 -1.156648
v -0.214271 -0.152046 -1.157032
v -0.197436 -0.168285 -1.165990
v -0.201354 -0.174624 -1.173858
v -0.194412 -0.164430 -1.156639
v -0.176993 -0.179480 -1.165669
v -0.155638 -0.188935 -1.165371
v -0.180300 -0.186045 -1.173631
v -0.175125 -0.175725 -1.156271
v -0.174082 -0.176157 -1.156255
v -0.178626 -0.174273 -1.156326
v -0.172155 -0.149929 -1.057723
v -0.189198 -0.137775 -1.057723
v -0.130678 -0.142969 -0.950997
v -0.160996 -0.122316 -0.950997
v -0.153956 -0.160512 -1.057723
v -0.153857 -0.184544 -1.155940
v -0.134839 -0.169461 -1.057723
v -0.135436 -0.192182 -1.155654
v -0.152332 -0.185176 -1.155917
v -0.132399 -0.192897 -1.155619
v -0.115044 -0.176739 -1.057723
v -0.096809 -0.157927 -0.950997
v -0.079349 -0.140495 -0.844018
v -0.047904 -0.148870 -0.844018
v -0.060923 -0.166869 -0.950997
v -0.024352 -0.169701 -0.947395
v -0.024651 -0.170312 -0.950897
v -0.030502 -0.182245 -1.019261
v -0.074371 -0.186270 -1.057723
v -0.085442 -0.203400 -1.155091
v -0.087320 -0.203258 -1.155105
v -0.033511 -0.189212 -1.057764
v -0.088925 -0.203136 -1.155118
v -0.064208 -0.205009 -1.154924
v -0.041090 -0.206761 -1.154743
v -0.064535 -0.209380 -1.164477
v -0.041090 -0.212724 -1.168158
v -0.088899 -0.213817 -1.172899
v -0.065053 -0.216335 -1.172771
v -0.041090 -0.210884 -1.164018
v -0.087854 -0.206865 -1.164652
v -0.041090 -0.217634 -1.171982
v -0.041090 -0.211348 -1.165063
v -0.023408 -0.209355 -1.165056
v -0.006069 -0.205492 -1.164711
v -0.022226 -0.205251 -1.154394
v -0.022256 -0.217579 -1.174053
v -0.007361 -0.200946 -1.154010
v -0.023397 -0.205345 -1.154415
v -0.023957 -0.205390 -1.154426
v -0.009451 -0.168258 -0.947498
v 0.004979 -0.165580 -0.947498
v -0.015555 -0.151760 -0.844606
v -0.015317 -0.151283 -0.841084
v -0.008252 -0.137124 -0.736471
v -0.037144 -0.134101 -0.736528
v -0.064913 -0.126183 -0.736528
v -0.007213 -0.135043 -0.721092
v -0.008094 -0.136808 -0.734132
v -0.030095 -0.124009 -0.628344
v -0.002634 -0.125046 -0.604609
v -0.003496 -0.126928 -0.626538
v -0.026362 -0.118226 -0.519657
v -0.055288 -0.116377 -0.628344
v -0.003565 -0.127079 -0.628298
v 0.016341 -0.133976 -0.734182
v 0.019451 -0.124299 -0.626581
v 0.020881 -0.118775 -0.518488
v -0.001230 -0.121431 -0.519628
v -0.001211 -0.121381 -0.518459
v -0.000477 -0.119492 -0.474061
v -0.024990 -0.115832 -0.410769
v -0.000363 -0.119113 -0.410764
v -0.000362 -0.119109 -0.410194
v 0.021274 -0.116502 -0.410198
v 0.010336 -0.118024 -0.307130
v 0.021227 -0.116268 -0.307130
v 0.026953 -0.115344 -0.307130
v 0.023039 -0.115975 -0.307130
v 0.022819 -0.114946 -0.306135
v 0.016745 -0.116279 -0.306135
v 0.033175 -0.112672 -0.306135
v 0.044761 -0.108308 -0.306135
v 0.042429 -0.110568 -0.307129
v -0.000176 -0.117504 -0.306135
v -0.017950 -0.116152 -0.306135
v -0.021568 -0.116353 -0.307131
v -0.018018 -0.117140 -0.307131
v -0.000176 -0.118491 -0.307130
v -0.024948 -0.115603 -0.307131
v -0.033525 -0.113701 -0.307131
v -0.042300 -0.110527 -0.307132
v -0.047275 -0.108727 -0.307132
v -0.050022 -0.110731 -0.519657
v -0.078082 -0.104265 -0.628344
v -0.083464 -0.108310 -0.682518
v -0.090367 -0.113417 -0.736528
v -0.104262 -0.091839 -0.682518
v -0.112578 -0.096333 -0.736528
v -0.121186 -0.071971 -0.682518
v -0.133681 -0.049477 -0.682518
v -0.130742 -0.075607 -0.736528
v -0.125400 -0.047444 -0.628344
v -0.114679 -0.044773 -0.519657
v -0.132569 -0.024141 -0.628344
v -0.141341 -0.025192 -0.682518
v -0.134981 0.000000 -0.628344
v -0.121196 -0.022760 -0.519657
v -0.120442 -0.016318 -0.495557
v -0.119977 -0.020790 -0.495558
v -0.119535 -0.022540 -0.495560
v -0.123386 0.000000 -0.519657
v -0.117069 -0.032312 -0.495568
v -0.116583 -0.032168 -0.492256
v -0.115791 -0.037375 -0.495572
v -0.111096 -0.047489 -0.492256
v -0.112943 -0.044289 -0.495582
v -0.111542 -0.047691 -0.495587
v -0.109274 -0.053198 -0.495595
v -0.105265 -0.058860 -0.492276
v -0.104627 -0.061652 -0.495611
v -0.104784 -0.060982 -0.494034
v -0.104871 -0.060599 -0.493716
v -0.103905 -0.062269 -0.492779
v -0.104007 -0.062229 -0.493274
v -0.103859 -0.062652 -0.493554
v -0.103605 -0.062386 -0.491323
v -0.104427 -0.059224 -0.490580
v -0.104549 -0.052461 -0.486538
v -0.105613 -0.051867 -0.487900
v -0.103692 -0.060391 -0.489382
v -0.106838 -0.051515 -0.489151
v -0.105504 -0.057802 -0.491399
v -0.105425 -0.058154 -0.491691
v -0.109180 -0.046650 -0.489118
v -0.114570 -0.031599 -0.489118
v -0.107847 -0.046111 -0.488193
v -0.107023 -0.050640 -0.488837
v -0.106872 -0.051352 -0.489092
v -0.108322 -0.043494 -0.487820
v -0.106926 -0.043758 -0.486633
v -0.109389 -0.037627 -0.486985
v -0.109420 -0.037457 -0.486961
v -0.111581 -0.030755 -0.486978
v -0.108173 -0.035326 -0.486066
v -0.110246 -0.030446 -0.486709
v -0.109683 -0.035225 -0.486881
v -0.107816 -0.035373 -0.486135
v -0.108802 -0.030524 -0.486135
v -0.111090 -0.017872 -0.486136
v -0.110946 -0.019978 -0.486136
v -0.111727 -0.017869 -0.486257
v -0.114772 -0.015524 -0.486978
v -0.111842 -0.016890 -0.486222
v -0.111880 -0.015145 -0.486218
v -0.112209 0.000009 -0.486184
v -0.112213 -0.001485 -0.486135
v -0.112132 -0.000003 -0.486135
v -0.112370 0.007420 -0.486167
v -0.106060 -0.044011 -0.486135
v -0.105281 -0.047842 -0.486135
v -0.104305 -0.052640 -0.486135
v -0.111160 0.017876 -0.486133
v -0.111502 0.017850 -0.486334
v -0.111135 0.018336 -0.486133
v -0.111728 0.015131 -0.486291
v -0.114772 0.015524 -0.486978
v -0.114570 0.031599 -0.489118
v -0.111581 0.030755 -0.486978
v -0.115842 -0.000000 -0.486978
v -0.117848 0.015950 -0.489118
v -0.119920 0.016237 -0.492256
v -0.118948 -0.000000 -0.489118
v -0.116583 0.032168 -0.492256
v -0.111096 0.047489 -0.492256
v -0.117928 0.030142 -0.495565
v -0.113095 0.044361 -0.495582
v -0.117185 0.032330 -0.495568
v -0.121196 0.022760 -0.519657
v -0.114679 0.044773 -0.519657
v -0.113679 0.069086 -0.628344
v -0.125400 0.047444 -0.628344
v -0.103987 0.065297 -0.519657
v -0.112410 0.046377 -0.495584
v -0.111710 0.047751 -0.495586
v -0.105290 0.058757 -0.492289
v -0.104878 0.060593 -0.493675
v -0.104940 0.060330 -0.493263
v -0.104627 0.061652 -0.495611
v -0.104652 0.061543 -0.495160
v -0.104618 0.061664 -0.495592
v -0.103663 0.063048 -0.493843
v -0.103860 0.062651 -0.493558
v -0.104008 0.062228 -0.493278
v -0.103909 0.062260 -0.492774
v -0.103527 0.062379 -0.490831
v -0.103285 0.063232 -0.491023
v -0.103248 0.061956 -0.487700
v -0.102900 0.064019 -0.491287
v -0.102963 0.063190 -0.486930
v -0.103516 0.062383 -0.490776
v -0.103692 0.060391 -0.489382
v -0.103274 0.061631 -0.488108
v -0.103177 0.061628 -0.486145
v -0.103185 0.061856 -0.486980
v -0.103177 0.061522 -0.486135
v -0.103831 0.056370 -0.486135
v -0.100977 -0.066503 -0.486135
v -0.100977 0.066503 -0.486135
v -0.104303 0.052649 -0.486135
v -0.104306 0.052638 -0.486135
v -0.104549 0.052461 -0.486538
v -0.104297 -0.052677 -0.486135
v -0.103829 -0.056376 -0.486135
v -0.103212 -0.062022 -0.487706
v -0.103274 -0.061631 -0.488108
v -0.103177 -0.061659 -0.486251
v -0.103177 -0.061522 -0.486135
v -0.102381 -0.064366 -0.486135
v -0.102230 -0.064595 -0.486135
v -0.103177 -0.063108 -0.486135
v -0.103177 -0.061674 -0.486279
v -0.103177 -0.062390 -0.487746
v -0.103177 -0.062523 -0.488017
v -0.103177 -0.062979 -0.489740
v -0.103177 -0.063543 -0.491864
v -0.103177 -0.063686 -0.492406
v -0.103662 -0.063050 -0.493840
v -0.103385 -0.063150 -0.491593
v -0.103553 -0.062339 -0.490849
v -0.103213 -0.062028 -0.487731
v -0.103852 -0.062787 -0.494283
v -0.104007 -0.062474 -0.494024
v -0.104617 -0.061666 -0.495594
v -0.104620 -0.061660 -0.495586
v -0.104130 -0.062144 -0.493769
v -0.105091 0.049252 -0.486135
v -0.105613 0.051867 -0.487900
v -0.104427 0.059224 -0.490580
v -0.106321 0.043951 -0.486135
v -0.106926 0.043758 -0.486633
v -0.106894 0.051152 -0.489206
v -0.105950 0.055787 -0.490450
v -0.106861 0.051314 -0.489249
v -0.105444 0.058064 -0.491860
v -0.107727 0.047062 -0.488107
v -0.109180 0.046650 -0.489118
v -0.107883 0.046102 -0.488018
v -0.108305 0.043509 -0.487777
v -0.109458 0.036413 -0.487117
v -0.108208 0.035313 -0.486135
v -0.107968 0.036708 -0.486135
v -0.109655 0.035201 -0.487004
v -0.110431 0.030432 -0.486561
v -0.110482 0.030117 -0.486531
v -0.107872 0.037266 -0.486135
v -0.102230 0.064595 -0.486135
v -0.100675 0.066943 -0.486058
v -0.100593 0.067062 -0.486037
v -0.089380 0.083602 -0.519657
v -0.100251 0.067533 -0.485670
v -0.100366 0.067380 -0.485851
v -0.071230 0.098975 -0.519657
v -0.078082 0.104265 -0.628344
v -0.097748 0.088275 -0.628344
v -0.100197 0.067598 -0.485513
v -0.100417 0.067308 -0.485893
v -0.100240 0.067546 -0.485640
v -0.104262 0.091839 -0.682518
v -0.083464 0.108310 -0.682518
v -0.064913 0.126183 -0.736528
v -0.090367 0.113417 -0.736528
v -0.059485 0.120706 -0.682518
v -0.037144 0.134101 -0.736528
v -0.055288 0.116377 -0.628344
v -0.047904 0.148870 -0.844018
v -0.003675 0.127279 -0.628280
v -0.003609 0.127134 -0.626519
v -0.060923 0.166869 -0.950997
v -0.024319 0.169442 -0.947444
v -0.079349 0.140495 -0.844018
v -0.096809 0.157927 -0.950997
v -0.108600 0.126740 -0.844018
v -0.112578 0.096333 -0.736528
v -0.134456 0.108044 -0.844018
v -0.130678 0.142969 -0.950997
v -0.172155 0.149929 -1.057723
v -0.160996 0.122316 -0.950997
v -0.134839 0.169461 -1.057723
v -0.153956 0.160512 -1.057723
v -0.160035 0.183018 -1.156014
v -0.173866 0.175812 -1.156260
v -0.154087 0.185024 -1.155931
v -0.174869 0.175290 -1.156278
v -0.152524 0.185551 -1.155910
v -0.155638 0.188935 -1.165371
v -0.133555 0.196648 -1.165101
v -0.132209 0.192404 -1.155629
v -0.130303 0.193047 -1.155602
v -0.115044 0.176739 -1.057723
v -0.117895 0.197233 -1.155430
v -0.110016 0.198617 -1.155351
v -0.087197 0.202625 -1.155119
v -0.074371 0.186270 -1.057723
v -0.072365 0.205230 -1.154969
v -0.064263 0.205627 -1.154911
v -0.041090 0.206761 -1.154743
v -0.026674 0.174186 -0.975297
v -0.085339 0.202951 -1.155100
v -0.033301 0.189161 -1.057791
v -0.024059 0.204625 -1.154399
v -0.023498 0.204554 -1.154388
v -0.023408 0.209355 -1.165056
v -0.041090 0.210773 -1.164076
v -0.064535 0.209380 -1.164477
v -0.041090 0.211224 -1.165125
v -0.041090 0.212278 -1.167574
v -0.041090 0.217569 -1.172123
v -0.065053 0.216335 -1.172771
v -0.041090 0.219525 -1.173804
v -0.065755 0.225767 -1.178044
v -0.087854 0.206865 -1.164652
v -0.088899 0.213817 -1.172899
v -0.110908 0.202623 -1.164860
v -0.090310 0.223205 -1.178108
v -0.112494 0.209540 -1.173051
v -0.114624 0.218834 -1.178183
v -0.135696 0.203493 -1.173224
v -0.138556 0.212638 -1.178267
v -0.158353 0.195666 -1.173419
v -0.180300 0.186045 -1.173631
v -0.161957 0.204601 -1.178360
v -0.176993 0.179480 -1.165669
v -0.194747 0.164934 -1.156632
v -0.197436 0.168285 -1.165990
v -0.195227 0.164684 -1.156641
v -0.216765 0.155360 -1.166329
v -0.213776 0.151383 -1.157038
v -0.197642 0.163425 -1.156684
v -0.201354 0.174624 -1.173858
v -0.206483 0.182919 -1.178563
v -0.184661 0.194701 -1.178460
v -0.221310 0.161399 -1.174095
v -0.239937 0.146383 -1.174337
v -0.234759 0.140730 -1.166677
v -0.227212 0.169242 -1.178668
v -0.234144 0.173460 -1.179634
v -0.231683 0.175176 -1.179634
v -0.246609 0.153668 -1.178771
v -0.212859 0.188304 -1.179634
v -0.180677 0.250000 -1.179634
v -0.210605 0.189578 -1.179634
v -0.188459 0.202099 -1.179634
v -0.165178 0.212588 -1.179634
v -0.164347 0.212962 -1.179634
v -0.141171 0.221016 -1.179634
v -0.136790 0.222539 -1.179634
v -0.116626 0.227590 -1.179634
v -0.109355 0.229412 -1.179634
v -0.091668 0.232257 -1.179634
v -0.080675 0.234025 -1.179634
v -0.066449 0.235075 -1.179634
v -0.051793 0.236156 -1.179634
v -0.041090 0.230611 -1.178205
v -0.041090 0.226720 -1.177231
v -0.004677 0.250000 -1.179634
v -0.041090 0.236322 -1.179634
v -0.021755 0.235096 -1.179634
v -0.019858 0.234731 -1.179634
v -0.002479 0.231388 -1.179634
v 0.000930 0.230276 -1.179634
v 0.016528 0.225184 -1.179634
v 0.020991 0.223308 -1.179634
v 0.022758 0.222565 -1.179634
v 0.119243 0.126080 -1.179634
v 0.157323 0.088000 -1.181634
v 0.108472 0.136851 -1.179300
v 0.110368 0.134955 -1.179411
v 0.085611 0.159712 -1.177953
v 0.036586 0.208737 -1.178798
v 0.093915 0.151408 -1.178442
v 0.018204 0.216840 -1.178789
v 0.036071 0.207238 -1.178669
v 0.044761 0.200562 -1.178303
v 0.051353 0.193970 -1.177934
v 0.050424 0.194899 -1.177961
v 0.065450 0.179873 -1.177530
v 0.074179 0.171144 -1.177280
v 0.079533 0.165790 -1.177595
v 0.073133 0.160356 -1.172322
v 0.084618 0.145146 -1.172045
v 0.103805 0.134225 -1.178024
v 0.093271 0.151274 -1.178143
v 0.094707 0.128931 -1.171794
v 0.103406 0.111890 -1.171573
v 0.112855 0.116372 -1.177917
v 0.121690 0.120568 -1.179634
v 0.120450 0.097874 -1.177824
v 0.129452 0.103085 -1.179634
v 0.157323 0.088000 -1.179634
v 0.129985 0.101497 -1.179634
v 0.136591 0.081801 -1.179634
v 0.126619 0.078868 -1.177747
v 0.131387 0.059474 -1.177685
v 0.110728 0.094182 -1.171384
v 0.116689 0.075944 -1.171229
v 0.137233 0.079887 -1.179634
v 0.141586 0.061670 -1.179634
v 0.143039 0.055588 -1.179634
v 0.145147 0.041267 -1.179634
v 0.134777 0.039801 -1.177641
v 0.136805 0.019945 -1.177615
v 0.124593 0.038359 -1.171022
v 0.121306 0.057299 -1.171108
v 0.146814 0.029943 -1.179634
v 0.147328 0.020687 -1.179634
v 0.148308 0.003029 -1.179634
v 0.148202 0.000004 -1.179634
v 0.137480 -0.000000 -1.177606
v 0.147478 -0.020698 -1.179634
v 0.114624 0.055858 -1.160949
v 0.117867 0.037407 -1.160835
v 0.115148 0.037590 -1.149754
v 0.157323 -0.000000 -1.199634
v -0.000814 0.224077 -1.178894
v -0.003842 0.213367 -1.173818
v -0.022256 0.217579 -1.174053
v -0.041090 0.222194 -1.176099
v -0.020702 0.228667 -1.178980
v 0.122823 0.132206 -1.181634
v 0.157323 0.125000 -1.181634
v 0.153064 0.157352 -1.181634
v -0.254157 0.156406 -1.179634
v -0.251331 0.158814 -1.179634
v -0.269348 0.140612 -1.179634
v -0.264405 0.136221 -1.178870
v -0.280298 0.116958 -1.178960
v -0.272155 0.111155 -1.174804
v -0.271227 0.138658 -1.179634
v -0.256979 0.129612 -1.174576
v -0.251171 0.124444 -1.167027
v -0.265740 0.106584 -1.167363
v -0.278187 0.087273 -1.167672
v -0.262118 0.102648 -1.158259
v -0.261498 0.103592 -1.158240
v -0.256183 0.111695 -1.158080
v -0.247966 0.120335 -1.157865
v -0.231181 0.092935 -1.057723
v -0.218918 0.109148 -1.057723
v -0.247336 0.120998 -1.157848
v -0.204858 0.124142 -1.057723
v -0.186319 0.096618 -0.950997
v -0.196706 0.082164 -0.950997
v -0.171799 0.058699 -0.844018
v -0.155829 0.085073 -0.844018
v -0.205394 0.066829 -0.950997
v -0.241470 0.075669 -1.057723
v -0.212271 0.050770 -0.950997
v -0.217249 0.034159 -0.950997
v -0.181672 0.029956 -0.844018
v -0.249635 0.057534 -1.057723
v -0.283027 0.064574 -1.158912
v -0.276231 0.081133 -1.158684
v -0.289690 0.048338 -1.159135
v -0.283426 0.063602 -1.158925
v -0.255555 0.038733 -1.057723
v -0.290559 0.043755 -1.159166
v -0.259144 0.019481 -1.057723
v -0.290705 0.042984 -1.159171
v -0.294688 0.021968 -1.159314
v -0.220262 0.017174 -0.950997
v -0.221270 0.000000 -0.950997
v -0.185012 0.000000 -0.844018
v -0.169095 0.000000 -0.790353
v -0.166048 0.028116 -0.790353
v -0.166048 -0.028116 -0.790353
v -0.220262 -0.017174 -0.950997
v -0.181672 -0.029956 -0.844018
v -0.217249 -0.034159 -0.950997
v -0.212271 -0.050770 -0.950997
v -0.157032 -0.055137 -0.790353
v -0.171799 -0.058699 -0.844018
v -0.205394 -0.066829 -0.950997
v -0.155829 -0.085073 -0.844018
v -0.142404 -0.080012 -0.790353
v -0.196706 -0.082164 -0.950997
v -0.231181 -0.092935 -1.057723
v -0.241470 -0.075669 -1.057723
v -0.186319 -0.096618 -0.950997
v -0.218918 -0.109148 -1.057723
v -0.174366 -0.110044 -0.950997
v -0.204858 -0.124142 -1.057723
v -0.134456 -0.108044 -0.844018
v -0.122747 -0.101783 -0.790353
v -0.108600 -0.126740 -0.844018
v -0.231203 -0.136835 -1.157442
v -0.231605 -0.136474 -1.157452
v -0.246175 -0.123385 -1.157805
v -0.251171 -0.124444 -1.167027
v -0.247694 -0.121375 -1.157849
v -0.248244 -0.120647 -1.157864
v -0.265740 -0.106584 -1.167363
v -0.261288 -0.103379 -1.158239
v -0.261969 -0.102477 -1.158259
v -0.278187 -0.087273 -1.167672
v -0.270596 -0.091057 -1.158507
v -0.273587 -0.084770 -1.158604
v -0.274090 -0.083713 -1.158621
v -0.283187 -0.064597 -1.158917
v -0.288238 -0.066690 -1.167937
v -0.295636 -0.045074 -1.168141
v -0.283637 -0.063650 -1.158932
v -0.287024 -0.056534 -1.159043
v -0.303479 -0.047159 -1.175323
v -0.295702 -0.069714 -1.175188
v -0.305059 -0.073505 -1.179103
v -0.313268 -0.049762 -1.179150
v -0.285165 -0.091130 -1.175012
v -0.293962 -0.095992 -1.179039
v -0.272155 -0.111155 -1.174804
v -0.318317 -0.025117 -1.179179
v -0.320022 0.000000 -1.179189
v -0.308254 -0.023792 -1.175407
v -0.309864 0.000000 -1.175436
v -0.300168 -0.022727 -1.168271
v -0.290280 -0.042861 -1.159158
v -0.295231 -0.022066 -1.159333
v -0.295459 -0.021108 -1.159341
v -0.301696 0.000000 -1.168315
v -0.295919 0.000019 -1.159357
v -0.300168 0.022727 -1.168271
v -0.308254 0.023792 -1.175407
v -0.313268 0.049762 -1.179150
v -0.318317 0.025117 -1.179179
v -0.303479 0.047159 -1.175323
v -0.295702 0.069714 -1.175188
v -0.305059 0.073505 -1.179103
v -0.295636 0.045074 -1.168141
v -0.288238 0.066690 -1.167937
v -0.285165 0.091130 -1.175012
v -0.293962 0.095992 -1.179039
v -0.286504 0.119135 -1.179634
v -0.309211 0.078178 -1.179634
v -0.298957 0.099253 -1.179634
v -0.310145 0.075571 -1.179634
v -0.316825 0.056929 -1.179634
v -0.318217 0.051084 -1.179634
v -0.322032 0.035071 -1.179634
v -0.323180 0.025760 -1.179634
v -0.324729 0.013192 -1.179634
v -0.324875 -0.000003 -1.179634
v -0.285378 0.120573 -1.179634
v -0.296221 0.013880 -1.159368
v -0.294766 0.021557 -1.159316
v -0.260346 0.000000 -1.057723
v -0.259144 -0.019481 -1.057723
v -0.255555 -0.038733 -1.057723
v -0.290097 -0.043626 -1.159151
v -0.249635 -0.057534 -1.057723
v -0.144203 -0.052036 -0.736528
v -0.152478 -0.026514 -0.736528
v -0.155270 0.000000 -0.736528
v -0.143921 0.000000 -0.682518
v -0.152478 0.026514 -0.736528
v -0.141341 0.025192 -0.682518
v -0.144203 0.052036 -0.736528
v -0.132569 0.024141 -0.628344
v -0.133681 0.049477 -0.682518
v -0.130742 0.075607 -0.736528
v -0.121186 0.071971 -0.682518
v -0.142404 0.080012 -0.790353
v -0.157032 0.055137 -0.790353
v -0.274453 0.083843 -1.158631
v -0.273811 0.084822 -1.158611
v -0.174366 0.110044 -0.950997
v -0.189198 0.137775 -1.057723
v -0.229851 0.139385 -1.157391
v -0.213807 0.151360 -1.157039
v -0.231713 0.137427 -1.157440
v -0.232084 0.137036 -1.157449
v -0.011296 0.203024 -1.154141
v -0.024616 0.170039 -0.950949
v -0.102392 0.064415 -0.486895
v -0.102381 0.064366 -0.486135
v -0.102940 0.063051 -0.486135
v -0.103177 0.061627 -0.486135
v -0.103040 0.062813 -0.486135
v -0.121059 0.013307 -0.495554
v -0.121594 -0.000008 -0.495553
v -0.120501 0.016309 -0.495556
v -0.119347 0.022513 -0.495560
v -0.121745 -0.003783 -0.495552
v -0.121040 -0.000000 -0.492256
v -0.119920 -0.016237 -0.492256
v -0.117848 -0.015950 -0.489118
v 0.009190 -0.195938 -1.153579
v 0.008407 -0.196378 -1.153604
v -0.006647 -0.200739 -1.153992
v -0.041090 -0.219673 -1.173569
v -0.041090 -0.224143 -1.177051
v -0.065755 -0.225767 -1.178044
v -0.041090 -0.226618 -1.177576
v -0.090310 -0.223205 -1.178108
v -0.041090 -0.230536 -1.178407
v -0.098677 -0.231426 -1.179634
v -0.116626 -0.227554 -1.179634
v -0.114624 -0.218834 -1.178183
v -0.091686 -0.232322 -1.179634
v -0.138556 -0.212638 -1.178267
v -0.126261 -0.225476 -1.179634
v -0.141140 -0.220893 -1.179634
v -0.112494 -0.209540 -1.173051
v -0.110908 -0.202623 -1.164860
v -0.135696 -0.203493 -1.173224
v -0.161957 -0.204601 -1.178360
v -0.158353 -0.195666 -1.173419
v -0.133555 -0.196648 -1.165101
v -0.130443 -0.193358 -1.155596
v -0.109888 -0.198199 -1.155359
v -0.184661 -0.194701 -1.178460
v -0.178926 -0.206696 -1.179634
v -0.188290 -0.201905 -1.179634
v -0.200836 -0.195487 -1.179634
v -0.206483 -0.182919 -1.178563
v -0.210509 -0.189434 -1.179634
v -0.227212 -0.169242 -1.178668
v -0.222737 -0.181782 -1.179634
v -0.231569 -0.175035 -1.179634
v -0.243431 -0.165974 -1.179634
v -0.251281 -0.158768 -1.179634
v -0.165077 -0.212338 -1.179634
v -0.153197 -0.217178 -1.179634
v -0.321677 -0.140000 -1.199634
v -0.338417 -0.157352 -1.199634
v -0.317177 -0.132206 -1.199634
v -0.320471 -0.135500 -1.199634
v -0.321677 -0.140000 -1.181634
v -0.320471 -0.144500 -1.181634
v -0.338417 -0.157352 -1.181634
v -0.317177 -0.147794 -1.181634
v -0.320471 -0.144500 -1.199634
v -0.312677 -0.131000 -1.199634
v -0.092677 0.171500 -1.199634
v -0.303677 0.140000 -1.199634
v -0.304882 0.135500 -1.181634
v -0.303677 0.140000 -1.181634
v -0.304882 0.144500 -1.181634
v -0.320471 0.144500 -1.181634
v -0.325930 0.187500 -1.181634
v -0.306065 0.213388 -1.181634
v -0.309816 0.208500 -1.199634
v -0.306065 0.213388 -1.199634
v -0.280177 0.233253 -1.199634
v -0.280177 0.233253 -1.181634
v -0.250029 0.245740 -1.181634
v -0.240471 0.224500 -1.181634
v -0.272677 0.236360 -1.199634
v -0.241677 0.220000 -1.181634
v -0.240471 0.224500 -1.199634
v -0.241677 0.220000 -1.199634
v -0.237177 0.227794 -1.199634
v -0.237177 0.227794 -1.181634
v -0.217677 0.250000 -1.181634
v -0.232677 0.229000 -1.181634
v -0.250029 0.245740 -1.199634
v 0.064675 0.245740 -1.199634
v 0.078823 0.239880 -1.199634
v 0.122823 0.147794 -1.199634
v 0.107323 -0.194000 -1.199634
v 0.110323 -0.194804 -1.199634
v 0.112519 -0.197000 -1.199634
v 0.104323 -0.194804 -1.199634
v 0.056323 -0.220000 -1.181634
v 0.055117 -0.224500 -1.181634
v 0.104323 -0.205196 -1.181634
v 0.107323 -0.206000 -1.181634
v 0.102127 -0.203000 -1.181634
v 0.055117 -0.215500 -1.181634
v 0.051823 -0.227794 -1.199634
v 0.036071 -0.207238 -1.178669
v 0.073133 -0.160356 -1.172322
v 0.091179 -0.154144 -1.178128
v 0.090493 -0.154829 -1.178091
v 0.093777 -0.151546 -1.178267
v 0.096931 0.069048 -0.518488
v 0.108596 0.047795 -0.518488
v 0.098217 0.065820 -0.307124
v 0.105753 0.053110 -0.307123
v 0.096804 0.068010 -0.307124
v 0.097253 0.067447 -0.307124
v 0.096905 0.066210 -0.306135
v 0.097435 0.065295 -0.306135
v 0.086400 0.079452 -0.306135
v 0.082741 0.082900 -0.306135
v 0.087312 0.079918 -0.307126
v 0.081382 0.085939 -0.410198
v 0.083447 0.083608 -0.307126
v 0.081194 0.085759 -0.307126
v 0.075612 0.091088 -0.307127
v 0.074013 0.091125 -0.306135
v 0.064904 0.097504 -0.306135
v 0.065512 0.098415 -0.307127
v 0.060083 0.100879 -0.306135
v 0.062898 0.100311 -0.307128
v 0.044976 0.108484 -0.306135
v 0.048649 0.107966 -0.307129
v 0.045124 0.109283 -0.307129
v 0.042643 0.110456 -0.410198
v 0.042553 0.110245 -0.307129
v 0.033826 0.113508 -0.307129
v 0.022858 0.115936 -0.307130
v 0.021217 0.116299 -0.307130
v 0.012148 0.116856 -0.306135
v 0.016897 0.117255 -0.307130
v -0.000176 0.118491 -0.307130
v -0.000330 0.119013 -0.410195
v -0.010755 0.118018 -0.307130
v -0.021694 0.116278 -0.307131
v -0.000176 0.117504 -0.306135
v -0.017064 0.116284 -0.306135
v -0.021501 0.115309 -0.306135
v -0.024988 0.115754 -0.307131
v -0.033599 0.112650 -0.306135
v -0.042144 0.109421 -0.306135
v 0.063004 0.100219 -0.410198
v 0.063042 0.101963 -0.518488
v 0.081481 0.087329 -0.518488
v 0.081404 0.090812 -0.626581
v 0.080868 0.097047 -0.734182
v -0.104265 -0.055947 -0.333215
v -0.104256 -0.055963 -0.333220
v -0.104204 -0.056059 -0.333256
v -0.104175 -0.056113 -0.333280
v -0.103859 -0.056690 -0.333652
v -0.104345 -0.055798 -0.333182
v -0.105284 -0.054550 -0.307137
v -0.104356 -0.055778 -0.333178
v -0.105774 -0.053737 -0.307137
v -0.110100 -0.043563 -0.307138
v -0.112137 -0.038771 -0.307138
v -0.113251 -0.034665 -0.307138
v -0.116388 -0.023090 -0.307138
v -0.116170 -0.022130 -0.333181
v -0.116533 -0.022178 -0.307138
v -0.117823 -0.014053 -0.307138
v -0.117450 -0.014271 -0.333182
v -0.117875 -0.013612 -0.307147
v -0.117922 -0.012221 -0.333159
v -0.118811 -0.010315 -0.333135
v -0.104349 -0.055786 -0.333292
v -0.104359 -0.055767 -0.333284
v -0.104298 -0.055855 -0.333543
v -0.104292 -0.055862 -0.333564
v -0.104259 -0.055907 -0.333677
v -0.104240 -0.055931 -0.333737
v 0.117313 0.002300 -0.306135
v 0.117196 0.000086 -0.306135
v 0.116415 -0.014677 -0.306135
v 0.114779 -0.022841 -0.306135
v -0.100177 0.062000 -0.484135
vt 0.174493 0.275107
vt 0.174419 0.269444
vt 0.174682 0.273016
vt 0.175316 0.269583
vt 0.174760 0.275106
vt 0.174906 0.279051
vt 0.174279 0.267968
vt 0.169058 0.297147
vt 0.174793 0.296919
vt 0.547188 0.584469
vt 0.547443 0.588435
vt 0.546542 0.606271
vt 0.175113 0.284653
vt 0.547435 0.594043
vt 0.546815 0.610115
vt 0.547343 0.610126
vt 0.547281 0.634426
vt 0.547251 0.634434
vt 0.546429 0.610103
vt 0.546617 0.634460
vt 0.546761 0.634461
vt 0.547135 0.634463
vt 0.547435 0.604902
vt 0.547435 0.602730
vt 0.546952 0.634463
vt 0.547443 0.634153
vt 0.176946 0.324738
vt 0.175744 0.324739
vt 0.176946 0.324723
vt 0.176108 0.323105
vt 0.176928 0.324807
vt 0.175745 0.324859
vt 0.547420 0.634272
vt 0.547353 0.634373
vt 0.175312 0.295504
vt 0.626527 0.171531
vt 0.625546 0.117980
vt 0.626435 0.117979
vt 0.625637 0.116798
vt 0.626527 0.116798
vt 0.177288 0.324253
vt 0.773775 0.482141
vt 0.773775 0.428613
vt 0.774939 0.427451
vt 0.625637 0.171531
vt 0.823024 0.483368
vt 0.774939 0.483306
vt 0.571183 0.988902
vt 0.570293 0.940778
vt 0.571186 0.940778
vt 0.824188 0.482206
vt 0.571186 0.990070
vt 0.570291 0.988902
vt 0.570293 0.990070
vt 0.458662 0.579274
vt 0.458662 0.525717
vt 0.458736 0.579278
vt 0.824188 0.428678
vt 0.458736 0.525721
vt 0.823024 0.427513
vt 0.205591 0.635643
vt 0.204697 0.634474
vt 0.205589 0.634474
vt 0.225724 0.268903
vt 0.226616 0.268740
vt 0.226483 0.274419
vt 0.226399 0.278005
vt 0.226363 0.279555
vt 0.204698 0.635643
vt 0.224544 0.267755
vt 0.226713 0.267260
vt 0.226495 0.294813
vt 0.226516 0.322425
vt 0.226681 0.300057
vt 0.226569 0.300049
vt 0.079304 0.474411
vt 0.079290 0.498429
vt 0.079298 0.469174
vt 0.226928 0.324048
vt 0.227029 0.324380
vt 0.226926 0.324338
vt 0.227042 0.324380
vt 0.227034 0.300060
vt 0.226982 0.296214
vt 0.232367 0.296292
vt 0.232555 0.254006
vt 0.226688 0.274413
vt 0.237969 0.296442
vt 0.226704 0.267182
vt 0.226540 0.267002
vt 0.226453 0.266982
vt 0.226589 0.267045
vt 0.225675 0.253911
vt 0.226665 0.211611
vt 0.226676 0.267121
vt 0.226686 0.267141
vt 0.238245 0.254163
vt 0.233868 0.211719
vt 0.242169 0.296649
vt 0.236596 0.336571
vt 0.238490 0.336638
vt 0.239985 0.336691
vt 0.242756 0.336844
vt 0.240187 0.336702
vt 0.486333 0.058292
vt 0.486453 0.059682
vt 0.485618 0.057106
vt 0.485970 0.056537
vt 0.485537 0.056641
vt 0.485008 0.051886
vt 0.526455 0.000490
vt 0.488560 0.064419
vt 0.527038 0.000000
vt 0.531995 0.000308
vt 0.526426 0.000088
vt 0.525641 0.000202
vt 0.076568 0.000001
vt 0.076441 0.000383
vt 0.075584 0.000002
vt 0.484799 0.048368
vt 0.484615 0.045259
vt 0.485058 0.040089
vt 0.525437 0.000524
vt 0.518908 0.001697
vt 0.520261 0.000980
vt 0.081508 0.000382
vt 0.082667 0.000000
vt 0.083962 0.000383
vt 0.085463 0.082411
vt 0.517665 0.002112
vt 0.517562 0.001767
vt 0.516545 0.002063
vt 0.084886 0.000383
vt 0.512701 0.003770
vt 0.514476 0.002667
vt 0.086766 0.000384
vt 0.092420 0.040392
vt 0.091402 0.000389
vt 0.088249 0.000003
vt 0.091772 0.000390
vt 0.509395 0.005436
vt 0.509177 0.005016
vt 0.508754 0.005204
vt 0.092323 0.000391
vt 0.508094 0.005613
vt 0.096274 0.000399
vt 0.506774 0.006758
vt 0.503364 0.008542
vt 0.501858 0.010208
vt 0.501400 0.010529
vt 0.501649 0.009942
vt 0.499011 0.012095
vt 0.496600 0.015058
vt 0.500669 0.010742
vt 0.495166 0.016213
vt 0.102537 0.000423
vt 0.103142 0.040426
vt 0.099716 0.000410
vt 0.098531 0.040406
vt 0.098406 0.000406
vt 0.104015 0.082451
vt 0.097631 0.000403
vt 0.099279 0.082431
vt 0.101031 0.124379
vt 0.093028 0.082417
vt 0.106056 0.124399
vt 0.094452 0.124365
vt 0.086544 0.124359
vt 0.096955 0.166120
vt 0.104097 0.166133
vt 0.109610 0.166153
vt 0.114827 0.207640
vt 0.108610 0.207619
vt 0.119042 0.207668
vt 0.123905 0.248940
vt 0.121175 0.248927
vt 0.127970 0.290112
vt 0.119920 0.290091
vt 0.114090 0.248906
vt 0.109864 0.290079
vt 0.105129 0.248893
vt 0.100651 0.207607
vt 0.088448 0.166115
vt 0.091264 0.207602
vt 0.078902 0.166117
vt 0.077610 0.124361
vt 0.067605 0.082420
vt 0.068010 0.124370
vt 0.076870 0.082412
vt 0.068393 0.000390
vt 0.067330 0.000391
vt 0.061543 0.000400
vt 0.066927 0.000392
vt 0.058073 0.082437
vt 0.049053 0.000429
vt 0.055132 0.000413
vt 0.057906 0.000407
vt 0.058147 0.124387
vt 0.048699 0.082460
vt 0.057936 0.000407
vt 0.048912 0.000429
vt 0.550985 0.005280
vt 0.552489 0.005659
vt 0.552265 0.006057
vt 0.050605 0.000043
vt 0.552620 0.005721
vt 0.552823 0.005852
vt 0.556659 0.008726
vt 0.044302 0.000062
vt 0.048685 0.000430
vt 0.042992 0.000448
vt 0.557901 0.009163
vt 0.559598 0.011154
vt 0.517359 0.090728
vt 0.512815 0.088421
vt 0.511339 0.087389
vt 0.505545 0.084230
vt 0.559856 0.010844
vt 0.560418 0.011327
vt 0.561702 0.012893
vt 0.504264 0.083270
vt 0.519713 0.090626
vt 0.521514 0.090641
vt 0.500301 0.080298
vt 0.497967 0.077952
vt 0.495640 0.075614
vt 0.492651 0.071581
vt 0.491710 0.070312
vt 0.488600 0.064530
vt 0.514713 0.089891
vt 0.200352 0.336472
vt 0.203190 0.336832
vt 0.200416 0.336870
vt 0.517380 0.091107
vt 0.517313 0.091110
vt 0.201546 0.332133
vt 0.201661 0.332174
vt 0.200288 0.336474
vt 0.203270 0.336433
vt 0.202012 0.332138
vt 0.203376 0.336433
vt 0.514438 0.090160
vt 0.514529 0.090230
vt 0.202673 0.331515
vt 0.202690 0.331485
vt 0.202452 0.331891
vt 0.202421 0.331911
vt 0.202061 0.332133
vt 0.512532 0.088683
vt 0.203743 0.326343
vt 0.205607 0.336430
vt 0.203228 0.326347
vt 0.202729 0.331199
vt 0.121850 0.994695
vt 0.123728 0.994682
vt 0.123731 0.994712
vt 0.123722 0.994396
vt 0.514641 0.994297
vt 0.513489 0.994916
vt 0.514696 0.993977
vt 0.121849 0.994376
vt 0.513963 0.994916
vt 0.514380 0.994692
vt 0.121867 0.995087
vt 0.697110 0.337733
vt 0.697159 0.339668
vt 0.696742 0.339668
vt 0.696746 0.337755
vt 0.696715 0.337757
vt 0.123769 0.995083
vt 0.697511 0.337728
vt 0.697159 0.337732
vt 0.697633 0.339668
vt 0.512757 0.993975
vt 0.512811 0.994295
vt 0.513726 0.987188
vt 0.513072 0.994691
vt 0.514696 0.987191
vt 0.697950 0.337747
vt 0.698051 0.339668
vt 0.697625 0.337733
vt 0.512757 0.987188
vt 0.596619 0.777551
vt 0.596408 0.779099
vt 0.596409 0.778129
vt 0.596730 0.780625
vt 0.596408 0.780070
vt 0.597245 0.776098
vt 0.597770 0.774969
vt 0.596906 0.781458
vt 0.596245 0.780070
vt 0.595983 0.780824
vt 0.595844 0.780071
vt 0.595358 0.780071
vt 0.597240 0.782103
vt 0.597037 0.782225
vt 0.596693 0.782433
vt 0.596656 0.782455
vt 0.596309 0.782664
vt 0.595301 0.781014
vt 0.203548 0.324987
vt 0.202614 0.325027
vt 0.202602 0.324794
vt 0.122958 0.987951
vt 0.123166 0.988194
vt 0.122475 0.987760
vt 0.202636 0.325465
vt 0.123559 0.988650
vt 0.123613 0.988879
vt 0.203696 0.325673
vt 0.202641 0.325691
vt 0.202657 0.326351
vt 0.123769 0.989546
vt 0.121915 0.987587
vt 0.122077 0.987602
vt 0.205546 0.325688
vt 0.205539 0.325644
vt 0.205507 0.325435
vt 0.206311 0.325625
vt 0.205290 0.325025
vt 0.207049 0.325055
vt 0.596105 0.782789
vt 0.595777 0.782988
vt 0.207109 0.325417
vt 0.215171 0.324966
vt 0.207121 0.325624
vt 0.598412 0.792769
vt 0.599383 0.793768
vt 0.600328 0.797830
vt 0.215320 0.325597
vt 0.220153 0.324977
vt 0.207000 0.324758
vt 0.207041 0.325009
vt 0.596964 0.784536
vt 0.599012 0.792578
vt 0.599190 0.792938
vt 0.207123 0.325661
vt 0.220350 0.325037
vt 0.222125 0.325575
vt 0.222236 0.325608
vt 0.215344 0.326277
vt 0.210829 0.326295
vt 0.218376 0.326272
vt 0.217124 0.326270
vt 0.222688 0.324933
vt 0.222589 0.325715
vt 0.222786 0.325886
vt 0.223266 0.325603
vt 0.223339 0.325323
vt 0.222974 0.326050
vt 0.223863 0.325477
vt 0.223208 0.325830
vt 0.223374 0.325184
vt 0.223408 0.324385
vt 0.223262 0.324367
vt 0.224160 0.324561
vt 0.223567 0.324365
vt 0.223407 0.324366
vt 0.602485 0.803017
vt 0.601594 0.801142
vt 0.601564 0.800997
vt 0.601853 0.801946
vt 0.601617 0.801304
vt 0.224199 0.324364
vt 0.225245 0.324371
vt 0.602518 0.755191
vt 0.602616 0.755031
vt 0.225411 0.324347
vt 0.602591 0.803188
vt 0.602626 0.803244
vt 0.225466 0.324339
vt 0.602737 0.754836
vt 0.225581 0.324276
vt 0.226166 0.336398
vt 0.602699 0.803362
vt 0.225644 0.324242
vt 0.602739 0.803428
vt 0.225767 0.324185
vt 0.225695 0.324170
vt 0.177093 0.324936
vt 0.602739 0.754832
vt 0.177007 0.324868
vt 0.225710 0.324148
vt 0.176980 0.324829
vt 0.176969 0.324813
vt 0.225736 0.324123
vt 0.225726 0.324064
vt 0.226929 0.324168
vt 0.642045 0.441461
vt 0.642147 0.440416
vt 0.642147 0.441473
vt 0.079297 0.498649
vt 0.079292 0.498548
vt 0.079303 0.498703
vt 0.225838 0.324260
vt 0.458604 0.603694
vt 0.458577 0.602641
vt 0.458604 0.602602
vt 0.945975 0.934723
vt 0.946036 0.934684
vt 0.946554 0.935413
vt 0.946060 0.934666
vt 0.079304 0.498713
vt 0.946551 0.935195
vt 0.232922 0.336487
vt 0.226031 0.324348
vt 0.226210 0.324379
vt 0.946555 0.935465
vt 0.225988 0.324341
vt 0.226902 0.324385
vt 0.489940 0.067941
vt 0.488285 0.064537
vt 0.490411 0.068912
vt 0.227147 0.324387
vt 0.227391 0.324389
vt 0.235427 0.336544
vt 0.232208 0.336470
vt 0.229585 0.336433
vt 0.492331 0.071806
vt 0.227976 0.336411
vt 0.493507 0.073580
vt 0.494934 0.075210
vt 0.946549 0.934344
vt 0.946154 0.934594
vt 0.946403 0.934293
vt 0.946408 0.934273
vt 0.946552 0.934040
vt 0.946113 0.934627
vt 0.487513 0.062949
vt 0.946557 0.933736
vt 0.946557 0.935598
vt 0.225877 0.324281
vt 0.176948 0.324747
vt 0.225370 0.323604
vt 0.176906 0.324843
vt 0.176892 0.324865
vt 0.176809 0.324941
vt 0.175744 0.324962
vt 0.946030 0.647015
vt 0.946029 0.647030
vt 0.945447 0.647908
vt 0.176844 0.337063
vt 0.176796 0.324945
vt 0.178581 0.325079
vt 0.177460 0.325016
vt 0.177297 0.324980
vt 0.541456 0.090071
vt 0.545817 0.089073
vt 0.541944 0.090275
vt 0.173434 0.337186
vt 0.175204 0.325094
vt 0.176447 0.325051
vt 0.176622 0.324998
vt 0.179593 0.326792
vt 0.177809 0.337028
vt 0.179053 0.326269
vt 0.177096 0.324937
vt 0.178945 0.325998
vt 0.176679 0.324980
vt 0.540848 0.090615
vt 0.575649 0.042072
vt 0.537595 0.090761
vt 0.545672 0.088666
vt 0.537660 0.091157
vt 0.534965 0.091230
vt 0.180736 0.336939
vt 0.179779 0.326861
vt 0.179803 0.326864
vt 0.534947 0.091618
vt 0.183226 0.336863
vt 0.533333 0.091662
vt 0.183236 0.326763
vt 0.184769 0.336824
vt 0.184644 0.326728
vt 0.180056 0.326443
vt 0.180067 0.326430
vt 0.179846 0.326697
vt 0.180644 0.326168
vt 0.187766 0.325969
vt 0.179476 0.325915
vt 0.180121 0.325508
vt 0.180741 0.326124
vt 0.181526 0.325769
vt 0.182093 0.324903
vt 0.182375 0.325242
vt 0.182545 0.325604
vt 0.182881 0.324886
vt 0.599759 0.764388
vt 0.599528 0.763661
vt 0.600723 0.760036
vt 0.183592 0.324870
vt 0.186758 0.324784
vt 0.183217 0.325496
vt 0.186043 0.325039
vt 0.598430 0.765439
vt 0.600256 0.760857
vt 0.187865 0.325334
vt 0.597049 0.773676
vt 0.599031 0.765627
vt 0.596736 0.773640
vt 0.596690 0.773634
vt 0.596398 0.773600
vt 0.196102 0.325487
vt 0.599391 0.764428
vt 0.598570 0.769023
vt 0.597290 0.773706
vt 0.599172 0.765656
vt 0.599216 0.765406
vt 0.598270 0.770703
vt 0.598679 0.769009
vt 0.598666 0.769063
vt 0.599833 0.764394
vt 0.597764 0.783232
vt 0.597989 0.773785
vt 0.597942 0.784416
vt 0.597962 0.784416
vt 0.597819 0.784431
vt 0.597982 0.784416
vt 0.600787 0.760549
vt 0.600618 0.761253
vt 0.597949 0.773785
vt 0.596681 0.775758
vt 0.597375 0.773716
vt 0.596648 0.775739
vt 0.595985 0.777376
vt 0.596076 0.775395
vt 0.595841 0.778130
vt 0.595493 0.778130
vt 0.595304 0.777189
vt 0.603425 0.696063
vt 0.603350 0.689537
vt 0.603378 0.689436
vt 0.603321 0.689868
vt 0.595150 0.778131
vt 0.603294 0.690185
vt 0.594823 0.778132
vt 0.603285 0.690546
vt 0.199633 0.325728
vt 0.200692 0.325367
vt 0.200702 0.325725
vt 0.199727 0.325038
vt 0.200138 0.326389
vt 0.200716 0.326242
vt 0.199616 0.326399
vt 0.197696 0.325781
vt 0.197707 0.325744
vt 0.196925 0.325752
vt 0.197905 0.325088
vt 0.196895 0.326466
vt 0.196098 0.325814
vt 0.196099 0.325778
vt 0.193042 0.326535
vt 0.196092 0.326353
vt 0.196093 0.326474
vt 0.189560 0.326605
vt 0.193180 0.336631
vt 0.196504 0.336564
vt 0.196450 0.336644
vt 0.197995 0.336533
vt 0.198176 0.336927
vt 0.519789 0.091003
vt 0.197648 0.326453
vt 0.196437 0.336969
vt 0.189590 0.337105
vt 0.189885 0.336696
vt 0.603442 0.862296
vt 0.603072 0.861886
vt 0.603442 0.858574
vt 0.528398 0.091442
vt 0.188702 0.337128
vt 0.188607 0.336728
vt 0.529328 0.091412
vt 0.187770 0.326649
vt 0.183320 0.337263
vt 0.603270 0.691069
vt 0.603270 0.691204
vt 0.200718 0.326377
vt 0.603270 0.696056
vt 0.200790 0.331225
vt 0.200873 0.331538
vt 0.698370 0.337787
vt 0.698370 0.339666
vt 0.698291 0.337778
vt 0.698314 0.339667
vt 0.698257 0.337774
vt 0.200908 0.331673
vt 0.698035 0.337754
vt 0.201134 0.331920
vt 0.201220 0.332015
vt 0.603425 0.689273
vt 0.599093 0.791286
vt 0.600998 0.798359
vt 0.600807 0.797650
vt 0.599778 0.793827
vt 0.599586 0.793113
vt 0.598993 0.792094
vt 0.599100 0.792551
vt 0.220618 0.324399
vt 0.220649 0.324383
vt 0.219948 0.324387
vt 0.221122 0.324381
vt 0.601127 0.798837
vt 0.220478 0.324728
vt 0.216169 0.324403
vt 0.599742 0.793821
vt 0.600697 0.798172
vt 0.597370 0.784486
vt 0.597287 0.784496
vt 0.600975 0.759767
vt 0.179502 0.324958
vt 0.601592 0.757198
vt 0.179440 0.325813
vt 0.179367 0.324961
vt 0.601624 0.757064
vt 0.179400 0.325727
vt 0.179253 0.325413
vt 0.179126 0.324965
vt 0.601663 0.756824
vt 0.601880 0.756268
vt 0.178562 0.324980
vt 0.179565 0.326173
vt 0.179703 0.326572
vt 0.179675 0.326629
vt 0.179744 0.326660
vt 0.179792 0.326786
vt 0.179626 0.326727
vt 0.179801 0.326848
vt 0.547730 0.087980
vt 0.546772 0.088777
vt 0.172593 0.337217
vt 0.169706 0.337341
vt 0.550213 0.087178
vt 0.174846 0.300753
vt 0.553217 0.085219
vt 0.552312 0.086203
vt 0.167944 0.337417
vt 0.553383 0.085516
vt 0.321557 0.002439
vt 0.322469 0.002418
vt 0.321591 0.042656
vt 0.553581 0.085036
vt 0.326107 0.002332
vt 0.557654 0.082776
vt 0.327887 0.042513
vt 0.326365 0.002325
vt 0.559021 0.081226
vt 0.327911 0.001891
vt 0.328800 0.002260
vt 0.559974 0.080328
vt 0.561969 0.079134
vt 0.560221 0.080609
vt 0.330633 0.002211
vt 0.333361 0.001738
vt 0.333979 0.002112
vt 0.329002 0.001860
vt 0.575413 0.051013
vt 0.563784 0.076739
vt 0.575728 0.048644
vt 0.564561 0.076301
vt 0.335953 0.002053
vt 0.335461 0.042302
vt 0.336043 0.002051
vt 0.341939 0.001862
vt 0.344120 0.042028
vt 0.336196 0.084572
vt 0.345112 0.084288
vt 0.354732 0.083944
vt 0.345085 0.126527
vt 0.354723 0.083490
vt 0.354312 0.062802
vt 0.353554 0.041699
vt 0.363341 0.083169
vt 0.361975 0.041156
vt 0.355282 0.111707
vt 0.364204 0.125144
vt 0.373037 0.124781
vt 0.371900 0.082820
vt 0.381487 0.124407
vt 0.373600 0.166594
vt 0.382412 0.166200
vt 0.382838 0.207766
vt 0.373472 0.208190
vt 0.364281 0.166979
vt 0.363437 0.208608
vt 0.354694 0.168234
vt 0.354728 0.167323
vt 0.354994 0.160373
vt 0.367578 0.249849
vt 0.362043 0.250077
vt 0.353252 0.205987
vt 0.356383 0.250299
vt 0.353004 0.210134
vt 0.353072 0.208997
vt 0.365698 0.330134
vt 0.359519 0.330564
vt 0.359243 0.330584
vt 0.359729 0.334738
vt 0.366377 0.334304
vt 0.367515 0.337889
vt 0.374235 0.337475
vt 0.372762 0.333854
vt 0.365948 0.330116
vt 0.368936 0.329908
vt 0.372387 0.290953
vt 0.372941 0.249618
vt 0.371903 0.329676
vt 0.372055 0.329664
vt 0.382981 0.249157
vt 0.383125 0.290453
vt 0.379673 0.329069
vt 0.377893 0.329208
vt 0.378808 0.333402
vt 0.386445 0.336651
vt 0.380563 0.337059
vt 0.384461 0.332958
vt 0.383316 0.328761
vt 0.383370 0.328756
vt 0.388525 0.328320
vt 0.388668 0.328308
vt 0.387579 0.248930
vt 0.389679 0.332530
vt 0.391201 0.207351
vt 0.391848 0.248709
vt 0.389583 0.328231
vt 0.000000 0.332604
vt 0.001643 0.328325
vt 0.005939 0.328187
vt 0.014173 0.249082
vt 0.006161 0.328180
vt 0.005279 0.332429
vt 0.011386 0.328012
vt 0.018655 0.249060
vt 0.013101 0.327957
vt 0.011660 0.328003
vt 0.026745 0.207736
vt 0.023533 0.249038
vt 0.018411 0.207778
vt 0.010999 0.332270
vt 0.017364 0.327865
vt 0.017092 0.332130
vt 0.017703 0.327858
vt 0.023497 0.332008
vt 0.023971 0.327723
vt 0.026232 0.327675
vt 0.030160 0.331905
vt 0.030225 0.327622
vt 0.034283 0.248997
vt 0.030559 0.327618
vt 0.037354 0.327529
vt 0.041267 0.327478
vt 0.036419 0.207699
vt 0.046032 0.248962
vt 0.029378 0.166237
vt 0.038166 0.166202
vt 0.047068 0.207666
vt 0.031119 0.124474
vt 0.039306 0.124440
vt 0.047909 0.166171
vt 0.058221 0.166146
vt 0.058295 0.207639
vt 0.068692 0.166128
vt 0.070870 0.248910
vt 0.058368 0.248932
vt 0.072932 0.327405
vt 0.061017 0.327376
vt 0.058507 0.327381
vt 0.057671 0.327382
vt 0.044275 0.327460
vt 0.073140 0.327405
vt 0.072996 0.331698
vt 0.080236 0.331732
vt 0.078158 0.327418
vt 0.080087 0.327436
vt 0.083112 0.248896
vt 0.087398 0.331786
vt 0.087138 0.327505
vt 0.087485 0.327508
vt 0.094164 0.327573
vt 0.094435 0.331860
vt 0.094670 0.248890
vt 0.094774 0.327579
vt 0.101179 0.327694
vt 0.100819 0.327688
vt 0.107421 0.327807
vt 0.080811 0.207606
vt 0.107940 0.332069
vt 0.109919 0.327852
vt 0.115738 0.336008
vt 0.109143 0.335909
vt 0.114291 0.332202
vt 0.101301 0.331955
vt 0.102274 0.335825
vt 0.452897 0.449012
vt 0.458636 0.442476
vt 0.456848 0.450046
vt 0.454579 0.441793
vt 0.450608 0.456076
vt 0.454433 0.457429
vt 0.447758 0.462945
vt 0.095191 0.335756
vt 0.451440 0.464590
vt 0.444389 0.469586
vt 0.087946 0.335702
vt 0.447918 0.471498
vt 0.080587 0.335664
vt 0.440540 0.475970
vt 0.073156 0.335641
vt 0.443904 0.478129
vt 0.436244 0.482069
vt 0.058446 0.331689
vt 0.058236 0.335641
vt 0.434544 0.490464
vt 0.426437 0.493316
vt 0.439436 0.484458
vt 0.438526 0.492275
vt 0.442691 0.486901
vt 0.444811 0.484165
vt 0.447270 0.480298
vt 0.458850 0.477415
vt 0.450465 0.475274
vt 0.451422 0.473407
vt 0.454856 0.466709
vt 0.455055 0.466213
vt 0.458069 0.458722
vt 0.458264 0.458238
vt 0.458850 0.456515
vt 0.071968 0.606148
vt 0.071192 0.606150
vt 0.071206 0.590202
vt 0.071088 0.554289
vt 0.071242 0.549794
vt 0.072028 0.538303
vt 0.070735 0.560373
vt 0.070657 0.561714
vt 0.071010 0.555640
vt 0.458850 0.450671
vt 0.070988 0.585742
vt 0.070477 0.573571
vt 0.070301 0.567851
vt 0.455454 0.419740
vt 0.458850 0.419181
vt 0.458849 0.427224
vt 0.458850 0.417423
vt 0.455911 0.427092
vt 0.452969 0.427189
vt 0.452479 0.420165
vt 0.454178 0.412499
vt 0.452723 0.434269
vt 0.120286 0.332354
vt 0.122253 0.328197
vt 0.125847 0.332520
vt 0.124924 0.328303
vt 0.130889 0.332698
vt 0.124874 0.328301
vt 0.119483 0.328120
vt 0.113824 0.327961
vt 0.113584 0.327955
vt 0.129828 0.328497
vt 0.131337 0.328557
vt 0.133888 0.328694
vt 0.133986 0.328700
vt 0.135321 0.332882
vt 0.451212 0.413284
vt 0.452043 0.405476
vt 0.449141 0.406644
vt 0.137640 0.328897
vt 0.139047 0.333065
vt 0.456029 0.403883
vt 0.452796 0.396677
vt 0.449025 0.398793
vt 0.451622 0.389999
vt 0.454986 0.395455
vt 0.448598 0.389960
vt 0.455624 0.396490
vt 0.458850 0.388502
vt 0.450461 0.388557
vt 0.079134 0.535469
vt 0.071252 0.538305
vt 0.071493 0.532668
vt 0.436819 0.374650
vt 0.410553 0.340204
vt 0.446939 0.384182
vt 0.445104 0.382263
vt 0.437846 0.375594
vt 0.458850 0.403560
vt 0.458542 0.402884
vt 0.095410 0.434441
vt 0.090947 0.485281
vt 0.079305 0.434441
vt 0.089201 0.383132
vt 0.072269 0.532667
vt 0.079305 0.531466
vt 0.079305 0.385929
vt 0.087922 0.381854
vt 0.078963 0.539472
vt 0.089201 0.485749
vt 0.079305 0.482953
vt 0.087922 0.487028
vt 0.087454 0.488774
vt 0.080958 0.495509
vt 0.078923 0.542156
vt 0.071977 0.539488
vt 0.526927 0.833592
vt 0.530139 0.824617
vt 0.537080 0.843745
vt 0.528573 0.823713
vt 0.527669 0.822147
vt 0.071937 0.542172
vt 0.519218 0.823545
vt 0.566278 0.986834
vt 0.567655 0.979831
vt 0.567655 0.986816
vt 0.531947 0.824617
vt 0.566278 0.979849
vt 0.564500 0.986838
vt 0.950666 0.781199
vt 0.952368 0.774211
vt 0.952368 0.781197
vt 0.533513 0.823713
vt 0.950666 0.774213
vt 0.534417 0.822147
vt 0.954147 0.774212
vt 0.954147 0.781198
vt 0.955526 0.774216
vt 0.093972 0.487028
vt 0.092693 0.485749
vt 0.955526 0.781202
vt 0.956137 0.774223
vt 0.094440 0.488774
vt 0.956137 0.781209
vt 0.534417 0.820339
vt 0.533513 0.779805
vt 0.533513 0.818773
vt 0.522316 0.798686
vt 0.837077 0.485618
vt 0.837077 0.478636
vt 0.837476 0.478695
vt 0.531947 0.817869
vt 0.521713 0.800935
vt 0.522316 0.799892
vt 0.837476 0.485676
vt 0.093972 0.490521
vt 0.095410 0.500999
vt 0.838704 0.478739
vt 0.092693 0.491799
vt 0.109769 0.434441
vt 0.090947 0.492267
vt 0.085804 0.507209
vt 0.083232 0.500999
vt 0.089201 0.491799
vt 0.092057 0.515359
vt 0.095410 0.515359
vt 0.109769 0.500999
vt 0.099873 0.510043
vt 0.098709 0.509731
vt 0.097544 0.510043
vt 0.096692 0.510896
vt 0.096380 0.512060
vt 0.096692 0.513224
vt 0.097544 0.514077
vt 0.098709 0.514389
vt 0.109769 0.515359
vt 0.103560 0.524966
vt 0.095410 0.518712
vt 0.093513 0.517256
vt 0.297071 0.990526
vt 0.297071 0.983544
vt 0.297956 0.983517
vt 0.788701 0.992188
vt 0.788701 0.985203
vt 0.789836 0.985209
vt 0.297956 0.990499
vt 0.295895 0.990535
vt 0.512718 0.799289
vt 0.518420 0.797642
vt 0.517817 0.798686
vt 0.517817 0.799892
vt 0.078878 0.556463
vt 0.071893 0.556479
vt 0.078881 0.554856
vt 0.078878 0.558474
vt 0.071909 0.547967
vt 0.071892 0.567128
vt 0.514371 0.811845
vt 0.514371 0.786733
vt 0.078877 0.567112
vt 0.071905 0.579188
vt 0.520669 0.797040
vt 0.519464 0.797040
vt 0.527669 0.776431
vt 0.519218 0.775033
vt 0.078884 0.573513
vt 0.078890 0.579172
vt 0.078884 0.573145
vt 0.528573 0.774865
vt 0.526927 0.764986
vt 0.078917 0.591822
vt 0.071931 0.591838
vt 0.109769 0.527390
vt 0.115259 0.529812
vt 0.109769 0.527538
vt 0.127815 0.531465
vt 0.176325 0.527390
vt 0.121993 0.523315
vt 0.109412 0.527390
vt 0.118501 0.519822
vt 0.118969 0.521569
vt 0.120247 0.522847
vt 0.599941 0.810517
vt 0.599941 0.803535
vt 0.601268 0.803494
vt 0.928880 0.985324
vt 0.928880 0.978339
vt 0.930583 0.978348
vt 0.601268 0.810476
vt 0.930583 0.985333
vt 0.527669 0.778239
vt 0.528573 0.779805
vt 0.521713 0.797642
vt 0.530139 0.780709
vt 0.932362 0.978344
vt 0.932362 0.985329
vt 0.531947 0.780709
vt 0.933738 0.978326
vt 0.933738 0.985311
vt 0.883225 0.485624
vt 0.884927 0.478636
vt 0.884927 0.485622
vt 0.883225 0.478638
vt 0.886706 0.478637
vt 0.123740 0.516797
vt 0.121993 0.516329
vt 0.176325 0.515359
vt 0.120247 0.516797
vt 0.125018 0.521569
vt 0.227163 0.519823
vt 0.242880 0.501000
vt 0.176325 0.501000
vt 0.242880 0.515360
vt 0.230656 0.516330
vt 0.228909 0.516798
vt 0.227631 0.518076
vt 0.125486 0.519822
vt 0.125018 0.518076
vt 0.888085 0.485627
vt 0.888696 0.478648
vt 0.888696 0.485634
vt 0.888085 0.478642
vt 0.594823 0.810410
vt 0.594823 0.803428
vt 0.595223 0.803486
vt 0.537080 0.754832
vt 0.533513 0.774865
vt 0.531947 0.773961
vt 0.534417 0.776431
vt 0.595223 0.810468
vt 0.596451 0.803531
vt 0.596451 0.810512
vt 0.530139 0.773961
vt 0.598177 0.803548
vt 0.123740 0.522847
vt 0.598177 0.810530
vt 0.534417 0.778239
vt 0.886706 0.485623
vt 0.227631 0.521569
vt 0.983626 0.192610
vt 0.983626 0.185625
vt 0.985404 0.185621
vt 0.981923 0.192601
vt 0.981923 0.185616
vt 0.228909 0.522848
vt 0.666303 0.810136
vt 0.667631 0.803114
vt 0.667631 0.810096
vt 0.666303 0.803155
vt 0.230656 0.523316
vt 0.664540 0.810150
vt 0.664540 0.803168
vt 0.242880 0.527391
vt 0.662813 0.810132
vt 0.662813 0.803150
vt 0.232402 0.522848
vt 0.237390 0.529813
vt 0.242880 0.527539
vt 0.243237 0.527391
vt 0.249089 0.524966
vt 0.224835 0.531466
vt 0.233680 0.521569
vt 0.661186 0.810029
vt 0.661586 0.803106
vt 0.661586 0.810088
vt 0.661186 0.803047
vt 0.234148 0.519823
vt 0.876915 0.219980
vt 0.869915 0.199371
vt 0.876915 0.218172
vt 0.877819 0.216606
vt 0.863617 0.209677
vt 0.868709 0.199371
vt 0.879385 0.215702
vt 0.440708 0.989950
vt 0.441592 0.982941
vt 0.441592 0.989923
vt 0.870959 0.198768
vt 0.280887 0.992559
vt 0.282022 0.985580
vt 0.282022 0.992565
vt 0.280887 0.985574
vt 0.440708 0.982968
vt 0.251924 0.513225
vt 0.252776 0.514078
vt 0.251612 0.512061
vt 0.439532 0.989959
vt 0.439532 0.982977
vt 0.253940 0.514390
vt 0.257239 0.515360
vt 0.255105 0.514078
vt 0.438381 0.989947
vt 0.438381 0.982965
vt 0.255957 0.513225
vt 0.437562 0.989918
vt 0.437562 0.982936
vt 0.256269 0.512061
vt 0.437296 0.989879
vt 0.437296 0.982897
vt 0.222213 0.991885
vt 0.222620 0.984903
vt 0.222620 0.991889
vt 0.868709 0.194872
vt 0.867666 0.195475
vt 0.863617 0.184566
vt 0.861964 0.197122
vt 0.867063 0.196519
vt 0.933435 0.713257
vt 0.926491 0.721848
vt 0.926440 0.711216
vt 0.933425 0.711250
vt 0.079295 0.719758
vt 0.072319 0.721544
vt 0.072266 0.712167
vt 0.079305 0.721528
vt 0.867063 0.197724
vt 0.259136 0.517257
vt 0.257239 0.518713
vt 0.260592 0.515360
vt 0.079252 0.712152
vt 0.933476 0.721881
vt 0.266845 0.507210
vt 0.933476 0.727909
vt 0.926491 0.733898
vt 0.257239 0.501000
vt 0.269270 0.501357
vt 0.258677 0.490522
vt 0.259956 0.491800
vt 0.261702 0.492268
vt 0.269270 0.501000
vt 0.257239 0.434442
vt 0.258209 0.488775
vt 0.253940 0.509733
vt 0.255957 0.510897
vt 0.255105 0.510045
vt 0.252776 0.510045
vt 0.220108 0.991881
vt 0.220108 0.984895
vt 0.221294 0.984896
vt 0.218973 0.991883
vt 0.218973 0.984897
vt 0.283208 0.992562
vt 0.284126 0.985565
vt 0.284126 0.992550
vt 0.283208 0.985577
vt 0.251924 0.510897
vt 0.871561 0.196519
vt 0.882758 0.216606
vt 0.871561 0.197724
vt 0.881193 0.215702
vt 0.957838 0.781197
vt 0.959618 0.774212
vt 0.959618 0.781198
vt 0.957838 0.774211
vt 0.886326 0.152665
vt 0.883662 0.176072
vt 0.883662 0.218172
vt 0.882758 0.177637
vt 0.956137 0.781199
vt 0.691046 0.987287
vt 0.692825 0.980297
vt 0.692825 0.987282
vt 0.691046 0.980302
vt 0.689343 0.987278
vt 0.870959 0.195475
vt 0.881193 0.178541
vt 0.689343 0.980293
vt 0.829305 0.485725
vt 0.830632 0.478702
vt 0.830632 0.485684
vt 0.879385 0.178541
vt 0.829305 0.478743
vt 0.827542 0.485738
vt 0.877819 0.177637
vt 0.827542 0.478756
vt 0.825815 0.485720
vt 0.869915 0.194872
vt 0.876915 0.176072
vt 0.825815 0.478739
vt 0.824587 0.485676
vt 0.876915 0.174264
vt 0.868463 0.172866
vt 0.824587 0.478695
vt 0.824188 0.485618
vt 0.877819 0.172698
vt 0.824188 0.478636
vt 0.876172 0.162818
vt 0.879385 0.171794
vt 0.899027 0.485627
vt 0.899637 0.478648
vt 0.899637 0.485634
vt 0.881193 0.171794
vt 0.899027 0.478642
vt 0.897647 0.485623
vt 0.882758 0.172698
vt 0.897647 0.478637
vt 0.895868 0.485622
vt 0.883662 0.174264
vt 0.894167 0.485624
vt 0.895868 0.478636
vt 0.263448 0.485750
vt 0.261702 0.485283
vt 0.259956 0.485750
vt 0.894166 0.478638
vt 0.258677 0.487029
vt 0.694201 0.980280
vt 0.694201 0.987264
vt 0.269270 0.434442
vt 0.264727 0.487029
vt 0.269270 0.367527
vt 0.273344 0.385930
vt 0.273344 0.434442
vt 0.273344 0.482954
vt 0.261702 0.383601
vt 0.263448 0.383134
vt 0.265195 0.488775
vt 0.265195 0.380109
vt 0.264727 0.381855
vt 0.831032 0.485676
vt 0.831032 0.478695
vt 0.832260 0.478739
vt 0.832260 0.485720
vt 0.833986 0.478756
vt 0.458574 0.614630
vt 0.451633 0.595501
vt 0.453441 0.595501
vt 0.455006 0.594597
vt 0.833986 0.485738
vt 0.835750 0.478743
vt 0.835750 0.485725
vt 0.455910 0.593032
vt 0.259956 0.383134
vt 0.837077 0.478702
vt 0.258677 0.381855
vt 0.837077 0.485684
vt 0.283061 0.985556
vt 0.283061 0.978572
vt 0.284764 0.978580
vt 0.258209 0.380109
vt 0.257239 0.364585
vt 0.284764 0.985565
vt 0.286542 0.978576
vt 0.258677 0.378362
vt 0.286542 0.985561
vt 0.287919 0.978558
vt 0.259956 0.377084
vt 0.287919 0.985543
vt 0.450067 0.550690
vt 0.453441 0.588754
vt 0.451633 0.588754
vt 0.451633 0.551594
vt 0.455006 0.589658
vt 0.794525 0.065145
vt 0.794525 0.058163
vt 0.794925 0.058222
vt 0.893556 0.485627
vt 0.894166 0.478648
vt 0.894166 0.485634
vt 0.449163 0.549124
vt 0.794925 0.065204
vt 0.242880 0.364585
vt 0.233680 0.350807
vt 0.242880 0.341345
vt 0.232402 0.352086
vt 0.796152 0.058266
vt 0.234148 0.349061
vt 0.145393 0.773503
vt 0.138572 0.785392
vt 0.138487 0.779087
vt 0.249089 0.343917
vt 0.138412 0.773512
vt 0.233680 0.347314
vt 0.237390 0.339071
vt 0.232402 0.346036
vt 0.224835 0.337418
vt 0.138357 0.760901
vt 0.145338 0.760892
vt 0.145338 0.746544
vt 0.138357 0.712426
vt 0.230656 0.345568
vt 0.228909 0.346036
vt 0.176325 0.337418
vt 0.890397 0.485622
vt 0.890397 0.478636
vt 0.892176 0.478637
vt 0.888696 0.485624
vt 0.888696 0.478638
vt 0.687967 0.987282
vt 0.689343 0.980280
vt 0.689343 0.987265
vt 0.453440 0.544846
vt 0.451633 0.544846
vt 0.448420 0.535871
vt 0.450067 0.545750
vt 0.458574 0.525717
vt 0.455006 0.545750
vt 0.687967 0.980297
vt 0.686188 0.987287
vt 0.455910 0.547316
vt 0.684485 0.987278
vt 0.686188 0.980302
vt 0.227163 0.349061
vt 0.227631 0.347314
vt 0.176325 0.364584
vt 0.684485 0.980293
vt 0.227631 0.350807
vt 0.228909 0.352086
vt 0.125018 0.350806
vt 0.176325 0.434441
vt 0.109769 0.364584
vt 0.121993 0.352553
vt 0.123740 0.352085
vt 0.095410 0.350170
vt 0.103560 0.343916
vt 0.109769 0.341344
vt 0.118969 0.347314
vt 0.120247 0.352085
vt 0.118969 0.350806
vt 0.118501 0.349060
vt 0.095410 0.364584
vt 0.093513 0.351626
vt 0.145554 0.639957
vt 0.138572 0.639966
vt 0.138780 0.632066
vt 0.138828 0.630226
vt 0.145810 0.630217
vt 0.339055 0.808991
vt 0.324853 0.802062
vt 0.323200 0.789507
vt 0.340621 0.808087
vt 0.339055 0.770022
vt 0.139162 0.622914
vt 0.146144 0.622905
vt 0.324853 0.776951
vt 0.338151 0.768457
vt 0.139259 0.621822
vt 0.084598 0.364584
vt 0.085804 0.361673
vt 0.146532 0.618517
vt 0.090947 0.376615
vt 0.089201 0.377083
vt 0.080958 0.373373
vt 0.139550 0.618526
vt 0.329699 0.765251
vt 0.339055 0.765083
vt 0.338151 0.766649
vt 0.337408 0.755203
vt 0.139967 0.617363
vt 0.146949 0.617354
vt 0.347562 0.745050
vt 0.342429 0.764179
vt 0.072319 0.531482
vt 0.340621 0.764179
vt 0.848639 0.485725
vt 0.849966 0.478702
vt 0.849966 0.485684
vt 0.273344 0.985557
vt 0.275048 0.978580
vt 0.275048 0.985565
vt 0.273344 0.978572
vt 0.087454 0.380107
vt 0.087922 0.378361
vt 0.276826 0.978576
vt 0.276826 0.985561
vt 0.278203 0.978558
vt 0.848639 0.478743
vt 0.846876 0.485738
vt 0.343994 0.765083
vt 0.846876 0.478756
vt 0.845149 0.485720
vt 0.344898 0.766648
vt 0.845149 0.478739
vt 0.843921 0.485676
vt 0.344898 0.768457
vt 0.843921 0.478695
vt 0.843521 0.485618
vt 0.343994 0.770022
vt 0.342429 0.808087
vt 0.855083 0.485725
vt 0.856411 0.478702
vt 0.856411 0.485684
vt 0.340621 0.770926
vt 0.342429 0.770926
vt 0.343994 0.808991
vt 0.853320 0.485738
vt 0.855083 0.478743
vt 0.971567 0.733252
vt 0.972947 0.726271
vt 0.972947 0.733257
vt 0.973557 0.726277
vt 0.973557 0.733263
vt 0.094440 0.380107
vt 0.093972 0.378361
vt 0.971567 0.726267
vt 0.092693 0.377083
vt 0.969788 0.733251
vt 0.969788 0.726265
vt 0.843521 0.478636
vt 0.093972 0.381854
vt 0.851593 0.485720
vt 0.853320 0.478756
vt 0.344898 0.810557
vt 0.851593 0.478739
vt 0.850366 0.485676
vt 0.347562 0.833963
vt 0.344898 0.812365
vt 0.145338 0.678290
vt 0.138357 0.663951
vt 0.146114 0.678289
vt 0.337408 0.823810
vt 0.340621 0.814834
vt 0.145338 0.663942
vt 0.147426 0.617913
vt 0.342429 0.814834
vt 0.343994 0.813930
vt 0.146114 0.746543
vt 0.304776 0.366787
vt 0.273344 0.388502
vt 0.321642 0.340203
vt 0.309893 0.362605
vt 0.148201 0.617912
vt 0.311363 0.361404
vt 0.326285 0.352861
vt 0.318579 0.356732
vt 0.318187 0.356986
vt 0.343190 0.347533
vt 0.336585 0.349240
vt 0.334566 0.349762
vt 0.327152 0.352537
vt 0.356207 0.345957
vt 0.352342 0.346147
vt 0.346316 0.347059
vt 0.361845 0.345680
vt 0.366024 0.348547
vt 0.356353 0.348451
vt 0.365856 0.352384
vt 0.356577 0.352309
vt 0.346706 0.349376
vt 0.365724 0.355369
vt 0.375088 0.353376
vt 0.374676 0.356292
vt 0.258570 0.001158
vt 0.261704 0.005153
vt 0.257301 0.004814
vt 0.263295 0.001475
vt 0.253163 0.000864
vt 0.383527 0.358050
vt 0.384193 0.355223
vt 0.392209 0.360589
vt 0.383297 0.359953
vt 0.383092 0.359905
vt 0.393104 0.357867
vt 0.400664 0.363855
vt 0.392094 0.362314
vt 0.391689 0.362147
vt 0.390330 0.361584
vt 0.267333 0.001808
vt 0.265391 0.005437
vt 0.261808 0.005161
vt 0.256421 0.043892
vt 0.265902 0.005497
vt 0.246160 0.085575
vt 0.251963 0.043732
vt 0.253716 0.085864
vt 0.260253 0.044074
vt 0.266055 0.005514
vt 0.269006 0.005857
vt 0.263438 0.044278
vt 0.269229 0.005883
vt 0.401005 0.375075
vt 0.407097 0.368523
vt 0.408126 0.369160
vt 0.271695 0.006170
vt 0.271927 0.006219
vt 0.265965 0.044499
vt 0.259010 0.086229
vt 0.252604 0.128039
vt 0.255383 0.128407
vt 0.261942 0.086652
vt 0.408255 0.388844
vt 0.408434 0.378510
vt 0.420556 0.396238
vt 0.431368 0.405503
vt 0.419168 0.404918
vt 0.431455 0.405247
vt 0.433138 0.400260
vt 0.422212 0.387056
vt 0.423894 0.379165
vt 0.423339 0.378689
vt 0.430162 0.384551
vt 0.422866 0.378281
vt 0.434231 0.397462
vt 0.436987 0.390414
vt 0.431274 0.383246
vt 0.438626 0.388757
vt 0.438248 0.389139
vt 0.439974 0.387403
vt 0.438120 0.389268
vt 0.425807 0.375330
vt 0.433042 0.381183
vt 0.424185 0.377537
vt 0.442553 0.394539
vt 0.445128 0.392584
vt 0.446251 0.400358
vt 0.444647 0.401267
vt 0.441749 0.396006
vt 0.441454 0.395659
vt 0.144026 0.333393
vt 0.140252 0.329091
vt 0.142394 0.329257
vt 0.441312 0.395493
vt 0.435061 0.409988
vt 0.127535 0.248974
vt 0.126037 0.248956
vt 0.121279 0.209064
vt 0.128570 0.248954
vt 0.128819 0.250313
vt 0.133668 0.276843
vt 0.428838 0.413001
vt 0.121084 0.207697
vt 0.428772 0.413203
vt 0.115310 0.167099
vt 0.418046 0.412092
vt 0.426804 0.419191
vt 0.250112 0.170314
vt 0.247456 0.169992
vt 0.246714 0.212417
vt 0.426515 0.420072
vt 0.426760 0.419325
vt 0.417189 0.416966
vt 0.244131 0.212127
vt 0.425004 0.424254
vt 0.425288 0.423467
vt 0.416604 0.419748
vt 0.425311 0.423404
vt 0.245040 0.254649
vt 0.114462 0.161131
vt 0.113304 0.166180
vt 0.111201 0.125120
vt 0.109387 0.124424
vt 0.111139 0.124437
vt 0.107131 0.082476
vt 0.108867 0.082947
vt 0.110368 0.115927
vt 0.245908 0.254973
vt 0.245895 0.255427
vt 0.108846 0.082493
vt 0.246843 0.221976
vt 0.108062 0.065263
vt 0.245406 0.272665
vt 0.244716 0.296911
vt 0.245621 0.297218
vt 0.107868 0.040699
vt 0.106165 0.040451
vt 0.245623 0.297439
vt 0.107866 0.040477
vt 0.107033 0.000465
vt 0.106005 0.000451
vt 0.105834 0.000449
vt 0.105464 0.000444
vt 0.490081 0.023595
vt 0.490437 0.023798
vt 0.489758 0.024231
vt 0.490776 0.022223
vt 0.489226 0.025885
vt 0.492501 0.020238
vt 0.494370 0.017066
vt 0.495482 0.016471
vt 0.103122 0.000426
vt 0.487823 0.028049
vt 0.486774 0.031996
vt 0.485174 0.038726
vt 0.484671 0.040041
vt 0.484800 0.038635
vt 0.486408 0.031880
vt 0.245462 0.337148
vt 0.245714 0.337191
vt 0.245972 0.337417
vt 0.107550 0.000479
vt 0.484549 0.041379
vt 0.245221 0.337108
vt 0.484239 0.044774
vt 0.244612 0.337005
vt 0.484376 0.048393
vt 0.243512 0.336907
vt 0.484453 0.050445
vt 0.242888 0.336851
vt 0.484507 0.050749
vt 0.242487 0.254379
vt 0.239775 0.211892
vt 0.241113 0.190790
vt 0.242886 0.169726
vt 0.235036 0.190604
vt 0.227585 0.190487
vt 0.236593 0.169525
vt 0.228828 0.169395
vt 0.218448 0.211571
vt 0.219049 0.190441
vt 0.217876 0.253878
vt 0.209520 0.211599
vt 0.209438 0.253908
vt 0.209747 0.190468
vt 0.200195 0.211694
vt 0.207067 0.263299
vt 0.208794 0.263281
vt 0.200645 0.253999
vt 0.213219 0.263255
vt 0.209466 0.263277
vt 0.213174 0.264547
vt 0.215162 0.263243
vt 0.219033 0.264538
vt 0.217801 0.263241
vt 0.219099 0.263239
vt 0.221200 0.263237
vt 0.223355 0.264547
vt 0.224015 0.263985
vt 0.224409 0.263247
vt 0.224161 0.263860
vt 0.224654 0.264352
vt 0.223494 0.265214
vt 0.224637 0.264159
vt 0.224797 0.264050
vt 0.224703 0.264920
vt 0.220896 0.266815
vt 0.220674 0.266277
vt 0.223942 0.265682
vt 0.220549 0.265777
vt 0.223087 0.264776
vt 0.222953 0.264889
vt 0.218697 0.265785
vt 0.220486 0.265800
vt 0.212942 0.265793
vt 0.759317 0.779396
vt 0.761405 0.773554
vt 0.761740 0.774781
vt 0.761924 0.773764
vt 0.762242 0.772005
vt 0.220214 0.265901
vt 0.762283 0.774679
vt 0.761328 0.777058
vt 0.761801 0.777953
vt 0.079280 0.525350
vt 0.079270 0.525285
vt 0.079280 0.522718
vt 0.761316 0.777125
vt 0.760479 0.779726
vt 0.761558 0.779816
vt 0.760997 0.779846
vt 0.761215 0.777991
vt 0.761940 0.777934
vt 0.760673 0.784727
vt 0.760728 0.783909
vt 0.760425 0.784728
vt 0.760381 0.785108
vt 0.759244 0.785638
vt 0.760367 0.785785
vt 0.760242 0.791667
vt 0.079239 0.429304
vt 0.079259 0.428725
vt 0.079259 0.434597
vt 0.760240 0.791087
vt 0.760272 0.791662
vt 0.760181 0.794543
vt 0.760653 0.798600
vt 0.762620 0.774582
vt 0.762921 0.773095
vt 0.763299 0.771232
vt 0.760520 0.798590
vt 0.760432 0.797535
vt 0.760663 0.798779
vt 0.759250 0.797688
vt 0.759329 0.803923
vt 0.758054 0.797851
vt 0.760491 0.803598
vt 0.758831 0.791663
vt 0.194553 0.265999
vt 0.194455 0.264756
vt 0.200754 0.265901
vt 0.188228 0.264883
vt 0.757624 0.791661
vt 0.188436 0.266124
vt 0.182205 0.265035
vt 0.183429 0.263703
vt 0.189015 0.263572
vt 0.188155 0.263592
vt 0.191787 0.254146
vt 0.183155 0.254347
vt 0.173088 0.212334
vt 0.181655 0.212067
vt 0.175037 0.254594
vt 0.182094 0.263737
vt 0.182637 0.263722
vt 0.177128 0.264793
vt 0.177749 0.265158
vt 0.177023 0.264635
vt 0.176598 0.263893
vt 0.176643 0.264067
vt 0.176593 0.263901
vt 0.176211 0.264705
vt 0.176052 0.264598
vt 0.176378 0.264809
vt 0.176368 0.265006
vt 0.175991 0.265698
vt 0.176327 0.265765
vt 0.176325 0.265787
vt 0.176504 0.266981
vt 0.176026 0.267290
vt 0.175679 0.265605
vt 0.177108 0.266315
vt 0.176629 0.266820
vt 0.178688 0.267551
vt 0.176681 0.267587
vt 0.176640 0.267583
vt 0.176546 0.267261
vt 0.763505 0.813538
vt 0.764615 0.817470
vt 0.763760 0.815538
vt 0.180138 0.267525
vt 0.764588 0.765851
vt 0.763321 0.812094
vt 0.180212 0.267365
vt 0.763302 0.771218
vt 0.763320 0.812090
vt 0.180142 0.267525
vt 0.763483 0.769782
vt 0.222406 0.266961
vt 0.220979 0.266974
vt 0.220964 0.266974
vt 0.763735 0.767785
vt 0.224424 0.266175
vt 0.224577 0.266330
vt 0.224444 0.266897
vt 0.224391 0.266942
vt 0.225007 0.266934
vt 0.764043 0.766681
vt 0.764102 0.766592
vt 0.763734 0.767169
vt 0.224450 0.266886
vt 0.224719 0.266313
vt 0.224769 0.266207
vt 0.224936 0.265537
vt 0.225142 0.264710
vt 0.225195 0.264499
vt 0.225482 0.266938
vt 0.224994 0.264814
vt 0.225569 0.266939
vt 0.224947 0.263940
vt 0.224687 0.265105
vt 0.224579 0.266320
vt 0.224845 0.263767
vt 0.224728 0.263867
vt 0.224603 0.263966
vt 0.224414 0.263254
vt 0.224412 0.263257
vt 0.226290 0.266945
vt 0.180451 0.266820
vt 0.181467 0.267497
vt 0.183541 0.267453
vt 0.177565 0.265834
vt 0.178921 0.265847
vt 0.762536 0.808719
vt 0.762811 0.811789
vt 0.762301 0.808644
vt 0.180740 0.266293
vt 0.183622 0.267251
vt 0.180676 0.266277
vt 0.178023 0.265318
vt 0.761989 0.809924
vt 0.762312 0.811510
vt 0.761424 0.809763
vt 0.182520 0.266273
vt 0.761929 0.809552
vt 0.761316 0.805793
vt 0.761765 0.808546
vt 0.761802 0.805367
vt 0.761240 0.805323
vt 0.761895 0.805909
vt 0.760938 0.803473
vt 0.760918 0.803351
vt 0.761933 0.806125
vt 0.582742 0.285397
vt 0.582758 0.282859
vt 0.582758 0.285615
vt 0.763014 0.810776
vt 0.764702 0.765685
vt 0.175475 0.267615
vt 0.174716 0.267641
vt 0.764128 0.816730
vt 0.764732 0.817641
vt 0.174542 0.267678
vt 0.764764 0.817687
vt 0.167721 0.254881
vt 0.174494 0.267687
vt 0.174397 0.267747
vt 0.174309 0.267836
vt 0.174304 0.267848
vt 0.174369 0.267764
vt 0.328360 0.084791
vt 0.321816 0.084942
vt 0.327141 0.127071
vt 0.320031 0.127239
vt 0.165410 0.212643
vt 0.174284 0.267899
vt 0.458642 0.577954
vt 0.458662 0.525717
vt 0.458662 0.577982
vt 0.458574 0.577859
vt 0.325731 0.148182
vt 0.318198 0.148363
vt 0.163815 0.191566
vt 0.323697 0.169259
vt 0.333144 0.168986
vt 0.334619 0.147928
vt 0.343635 0.168647
vt 0.335580 0.126831
vt 0.340597 0.210583
vt 0.355197 0.126150
vt 0.355201 0.125466
vt 0.328699 0.210971
vt 0.336579 0.252375
vt 0.350598 0.250497
vt 0.322981 0.252822
vt 0.317815 0.211291
vt 0.315637 0.169456
vt 0.308395 0.211528
vt 0.310349 0.253199
vt 0.302375 0.295035
vt 0.295665 0.295220
vt 0.299264 0.253486
vt 0.309489 0.294826
vt 0.300773 0.333391
vt 0.295651 0.333633
vt 0.303009 0.333289
vt 0.295280 0.333650
vt 0.303597 0.333262
vt 0.302428 0.336998
vt 0.310723 0.336634
vt 0.311235 0.332912
vt 0.311952 0.332879
vt 0.316917 0.294596
vt 0.316617 0.332666
vt 0.319619 0.332533
vt 0.328314 0.332148
vt 0.332348 0.294085
vt 0.333965 0.331897
vt 0.329022 0.332116
vt 0.337084 0.331763
vt 0.349950 0.261364
vt 0.346005 0.331377
vt 0.348136 0.293550
vt 0.352650 0.330988
vt 0.352869 0.330975
vt 0.352912 0.335144
vt 0.346018 0.335024
vt 0.346020 0.335434
vt 0.337004 0.335502
vt 0.346023 0.336391
vt 0.320547 0.506833
vt 0.321998 0.505388
vt 0.327652 0.509442
vt 0.314310 0.499917
vt 0.336711 0.338773
vt 0.320011 0.507367
vt 0.311530 0.502305
vt 0.308458 0.492682
vt 0.328069 0.335883
vt 0.327572 0.339143
vt 0.319290 0.336261
vt 0.318585 0.339507
vt 0.305495 0.494863
vt 0.303157 0.485033
vt 0.309804 0.339861
vt 0.300023 0.486991
vt 0.298449 0.477006
vt 0.295155 0.478723
vt 0.294379 0.468640
vt 0.301289 0.340203
vt 0.293704 0.459096
vt 0.290997 0.459977
vt 0.290939 0.470095
vt 0.296970 0.467551
vt 0.294468 0.337351
vt 0.287920 0.333998
vt 0.286914 0.337688
vt 0.291167 0.450413
vt 0.288353 0.451065
vt 0.286848 0.334049
vt 0.287742 0.334006
vt 0.289409 0.441561
vt 0.279845 0.338004
vt 0.280987 0.334332
vt 0.284671 0.451926
vt 0.286507 0.441959
vt 0.287426 0.461148
vt 0.282736 0.442484
vt 0.288486 0.432608
vt 0.285516 0.432726
vt 0.279676 0.441738
vt 0.279880 0.442884
vt 0.281686 0.432887
vt 0.281443 0.451652
vt 0.281712 0.452621
vt 0.273344 0.477415
vt 0.284354 0.462134
vt 0.287864 0.471402
vt 0.287989 0.471732
vt 0.292139 0.480302
vt 0.292923 0.481923
vt 0.297070 0.488842
vt 0.298566 0.491338
vt 0.302639 0.496972
vt 0.305170 0.500474
vt 0.308786 0.504666
vt 0.316970 0.510402
vt 0.312511 0.508985
vt 0.321642 0.525714
vt 0.318037 0.509336
vt 0.315403 0.511967
vt 0.321045 0.516937
vt 0.321666 0.517357
vt 0.327352 0.521209
vt 0.328593 0.521839
vt 0.334270 0.524723
vt 0.336010 0.525433
vt 0.336699 0.525714
vt 0.925489 0.749391
vt 0.926355 0.760859
vt 0.925579 0.760856
vt 0.925173 0.828941
vt 0.925175 0.709069
vt 0.925828 0.693159
vt 0.925118 0.712777
vt 0.337020 0.522894
vt 0.924795 0.719652
vt 0.925081 0.713570
vt 0.924633 0.723121
vt 0.925120 0.743610
vt 0.344558 0.525162
vt 0.344288 0.525715
vt 0.348775 0.525716
vt 0.345627 0.521053
vt 0.338604 0.518918
vt 0.924902 0.740193
vt 0.924737 0.737437
vt 0.924750 0.737826
vt 0.351882 0.525716
vt 0.352866 0.522329
vt 0.352393 0.525716
vt 0.360218 0.522787
vt 0.360129 0.525717
vt 0.924534 0.731546
vt 0.364920 0.525717
vt 0.924408 0.727897
vt 0.924513 0.725660
vt 0.367592 0.522478
vt 0.367859 0.525717
vt 0.371194 0.525716
vt 0.360298 0.519862
vt 0.391848 0.336257
vt 0.367377 0.519617
vt 0.374918 0.521456
vt 0.383181 0.523715
vt 0.382136 0.519775
vt 0.375612 0.525503
vt 0.009413 0.336117
vt 0.003465 0.336241
vt 0.374439 0.518681
vt 0.015725 0.336005
vt 0.390564 0.521299
vt 0.389199 0.517486
vt 0.391837 0.524873
vt 0.389653 0.525714
vt 0.398765 0.522205
vt 0.397724 0.518307
vt 0.410553 0.525714
vt 0.399347 0.521915
vt 0.404632 0.514785
vt 0.406564 0.518323
vt 0.396068 0.514636
vt 0.402709 0.511268
vt 0.411263 0.510771
vt 0.407266 0.517974
vt 0.413459 0.514170
vt 0.415527 0.512899
vt 0.417592 0.506303
vt 0.420036 0.509548
vt 0.409092 0.507418
vt 0.415191 0.503123
vt 0.423597 0.501410
vt 0.423601 0.506898
vt 0.426282 0.504499
vt 0.431396 0.499922
vt 0.429255 0.496122
vt 0.432197 0.499063
vt 0.437679 0.493183
vt 0.036265 0.335756
vt 0.029202 0.335824
vt 0.037029 0.331822
vt 0.043485 0.335703
vt 0.044061 0.331758
vt 0.044070 0.327461
vt 0.022339 0.335908
vt 0.925052 0.693155
vt 0.071368 0.674222
vt 0.079041 0.640168
vt 0.072144 0.674220
vt 0.079166 0.688515
vt 0.176325 0.531465
vt 0.375752 0.525715
vt 0.383742 0.525714
vt 0.384782 0.525714
vt 0.329815 0.519661
vt 0.331922 0.515899
vt 0.360481 0.338292
vt 0.353236 0.338673
vt 0.325713 0.512001
vt 0.319279 0.508096
vt 0.323098 0.515463
vt 0.345927 0.338191
vt 0.072181 0.688531
vt 0.886326 0.241578
vt 0.883662 0.219980
vt 0.882758 0.221545
vt 0.876172 0.231425
vt 0.879385 0.222449
vt 0.881193 0.222449
vt 0.079205 0.700891
vt 0.072219 0.700907
vt 0.868463 0.221378
vt 0.877819 0.221545
vt 0.079228 0.706519
vt 0.079227 0.706176
vt 0.985404 0.192606
vt 0.986781 0.185603
vt 0.986781 0.192588
vt 0.148201 0.811813
vt 0.278864 0.431566
vt 0.278979 0.433002
vt 0.147426 0.811814
vt 0.933137 0.794935
vt 0.925949 0.828944
vt 0.279029 0.423063
vt 0.281591 0.423215
vt 0.279050 0.422011
vt 0.286342 0.414217
vt 0.282515 0.413568
vt 0.285441 0.423447
vt 0.288451 0.423634
vt 0.289355 0.414734
vt 0.291239 0.406018
vt 0.165397 0.001103
vt 0.159249 0.005045
vt 0.157725 0.001487
vt 0.158874 0.005065
vt 0.155653 0.005239
vt 0.150584 0.001902
vt 0.152182 0.005476
vt 0.163130 0.044391
vt 0.156661 0.044636
vt 0.167405 0.086178
vt 0.151915 0.005494
vt 0.150637 0.044899
vt 0.161646 0.086390
vt 0.166281 0.128219
vt 0.173481 0.085985
vt 0.176746 0.127872
vt 0.169979 0.044166
vt 0.179810 0.085810
vt 0.186326 0.085658
vt 0.188038 0.127593
vt 0.177133 0.043964
vt 0.167800 0.004583
vt 0.174321 0.004319
vt 0.174703 0.004303
vt 0.184511 0.043788
vt 0.180714 0.004060
vt 0.182504 0.004013
vt 0.182805 0.004005
vt 0.192030 0.043640
vt 0.192957 0.085530
vt 0.191013 0.003787
vt 0.199704 0.127392
vt 0.199631 0.085427
vt 0.210631 0.148306
vt 0.199774 0.148414
vt 0.188827 0.148601
vt 0.206275 0.085350
vt 0.211270 0.127279
vt 0.212816 0.085301
vt 0.219183 0.085279
vt 0.220974 0.148283
vt 0.222267 0.127258
vt 0.225307 0.085285
vt 0.231124 0.085318
vt 0.230401 0.148344
vt 0.232256 0.127329
vt 0.235203 0.043418
vt 0.228661 0.043373
vt 0.236573 0.085378
vt 0.241306 0.043493
vt 0.241601 0.085464
vt 0.246910 0.043599
vt 0.240844 0.127488
vt 0.238549 0.148487
vt 0.247707 0.127728
vt 0.251653 0.004512
vt 0.251519 0.004505
vt 0.246659 0.004246
vt 0.247091 0.000599
vt 0.245902 0.004220
vt 0.245628 0.004210
vt 0.240381 0.000371
vt 0.239125 0.003985
vt 0.238785 0.003973
vt 0.233077 0.000190
vt 0.234484 0.003824
vt 0.232090 0.003780
vt 0.231688 0.003772
vt 0.224410 0.003638
vt 0.225245 0.000063
vt 0.224049 0.003632
vt 0.330730 0.361009
vt 0.329513 0.358119
vt 0.339137 0.358119
vt 0.322769 0.364910
vt 0.321190 0.362175
vt 0.221340 0.003582
vt 0.216972 0.000000
vt 0.327987 0.354505
vt 0.338282 0.355135
vt 0.319219 0.358768
vt 0.337203 0.351380
vt 0.347347 0.353209
vt 0.347852 0.356236
vt 0.356751 0.355333
vt 0.311070 0.364145
vt 0.303710 0.370570
vt 0.313467 0.367277
vt 0.306496 0.373364
vt 0.315392 0.369799
vt 0.208374 0.000008
vt 0.216086 0.003566
vt 0.208096 0.003542
vt 0.207727 0.003541
vt 0.199584 0.000089
vt 0.308737 0.375616
vt 0.199542 0.003639
vt 0.190749 0.000246
vt 0.302919 0.382273
vt 0.300409 0.380335
vt 0.291908 0.386080
vt 0.297285 0.377931
vt 0.295307 0.388058
vt 0.298030 0.389649
vt 0.291252 0.396382
vt 0.287645 0.394848
vt 0.182017 0.000472
vt 0.173526 0.000761
vt 0.294129 0.397611
vt 0.288267 0.405151
vt 0.284519 0.404065
vt 0.285223 0.394990
vt 0.280215 0.412461
vt 0.282254 0.403588
vt 0.285682 0.394019
vt 0.288965 0.387069
vt 0.290187 0.385084
vt 0.293534 0.379642
vt 0.295774 0.376772
vt 0.298798 0.372898
vt 0.302379 0.369237
vt 0.280129 0.413165
vt 0.194172 0.003704
vt 0.191174 0.003783
vt 0.199602 0.043523
vt 0.207137 0.043436
vt 0.214549 0.043382
vt 0.216380 0.003567
vt 0.221751 0.043362
vt 0.219889 0.169343
vt 0.210116 0.169368
vt 0.200017 0.190566
vt 0.199877 0.169470
vt 0.189554 0.169646
vt 0.190211 0.190732
vt 0.179534 0.169887
vt 0.180680 0.190959
vt 0.190798 0.211852
vt 0.171771 0.191240
vt 0.170194 0.170187
vt 0.161886 0.170533
vt 0.178215 0.148860
vt 0.168351 0.149182
vt 0.157055 0.128619
vt 0.166723 0.004641
vt 0.166334 0.004662
vt 0.156261 0.086617
vt 0.151303 0.086856
vt 0.145117 0.045175
vt 0.289451 0.295378
vt 0.283816 0.295506
vt 0.294473 0.253591
vt 0.275147 0.334614
vt 0.280975 0.334332
vt 0.273344 0.338294
vt 0.144528 0.005996
vt 0.145314 0.005943
vt 0.144026 0.002337
vt 0.145471 0.005932
vt 0.357629 0.330696
vt 0.350516 0.251865
vt 0.764764 0.765596
vt 0.764069 0.816641
vt 0.175543 0.267317
vt 0.175566 0.267612
vt 0.763852 0.816131
vt 0.176084 0.267598
vt 0.763760 0.815578
vt 0.763813 0.816039
vt 0.176178 0.267595
vt 0.176640 0.267587
vt 0.195589 0.263447
vt 0.194417 0.263469
vt 0.200760 0.263371
vt 0.191994 0.263515
vt 0.200768 0.264657
vt 0.202226 0.263349
vt 0.206923 0.265832
vt 0.207047 0.264586
vt 0.758048 0.785470
vt 0.219118 0.266986
vt 0.217557 0.266793
vt 0.762790 0.771530
vt 0.115181 0.166192
vt 0.140149 0.329083
vt 0.137785 0.328905
vt 0.137980 0.328915
vt 0.444786 0.401520
vt 0.440534 0.386841
vt 0.441761 0.385609
vt 0.435439 0.378393
vt 0.442441 0.384929
vt 0.443516 0.383853
vt 0.427997 0.372358
vt 0.427957 0.367803
vt 0.430122 0.369476
vt 0.421970 0.363940
vt 0.420126 0.366885
vt 0.418159 0.370028
vt 0.411858 0.362017
vt 0.413415 0.359041
vt 0.418755 0.361867
vt 0.416694 0.372374
vt 0.410133 0.365320
vt 0.403231 0.357801
vt 0.401767 0.361250
vt 0.408840 0.367799
vt 0.273344 0.002507
vt 0.408789 0.369570
vt 0.400537 0.365808
vt 0.415758 0.373883
vt 0.394284 0.354287
vt 0.399150 0.352568
vt 0.395266 0.351313
vt 0.390061 0.349631
vt 0.385063 0.351532
vt 0.385746 0.348638
vt 0.380290 0.347382
vt 0.375621 0.349597
vt 0.376015 0.346810
vt 0.370274 0.346041
vt 0.366142 0.345864
vt 0.404498 0.354820
vt 0.409087 0.356752
vt 0.399945 0.365563
vt 0.125018 0.347314
vt 0.127815 0.337417
vt 0.123740 0.346035
vt 0.121993 0.345567
vt 0.115259 0.339070
vt 0.138412 0.651469
vt 0.880191 0.771918
vt 0.880191 0.764933
vt 0.881571 0.764937
vt 0.878412 0.771917
vt 0.878412 0.764931
vt 0.339055 0.813930
vt 0.338151 0.812365
vt 0.876710 0.771919
vt 0.329699 0.813763
vt 0.876710 0.764934
vt 0.338151 0.810557
vt 0.281684 0.985561
vt 0.283061 0.978558
vt 0.283061 0.985543
vt 0.120247 0.346035
vt 0.281684 0.978576
vt 0.279906 0.985565
vt 0.145393 0.651460
vt 0.138487 0.646071
vt 0.125486 0.349060
vt 0.881571 0.771923
vt 0.882181 0.764943
vt 0.882181 0.771929
vt 0.849966 0.485618
vt 0.849966 0.478636
vt 0.850366 0.478695
vt 0.092693 0.383132
vt 0.090947 0.383600
vt 0.278203 0.985543
vt 0.968087 0.733253
vt 0.968087 0.726268
vt 0.278203 0.985557
vt 0.279906 0.978580
vt 0.278203 0.978572
vt 0.242880 0.434442
vt 0.797879 0.065266
vt 0.797879 0.058284
vt 0.799642 0.058270
vt 0.230656 0.352554
vt 0.799642 0.065252
vt 0.800970 0.058230
vt 0.455910 0.549124
vt 0.455006 0.550690
vt 0.796152 0.065248
vt 0.453441 0.551594
vt 0.455910 0.591224
vt 0.800970 0.065212
vt 0.892176 0.485623
vt 0.440711 0.545918
vt 0.449163 0.547316
vt 0.435865 0.557618
vt 0.893556 0.478642
vt 0.145554 0.785383
vt 0.138780 0.793779
vt 0.434212 0.570174
vt 0.145810 0.795722
vt 0.257239 0.350171
vt 0.138828 0.795731
vt 0.259136 0.351627
vt 0.925626 0.866916
vt 0.932611 0.866949
vt 0.932441 0.876347
vt 0.266845 0.361674
vt 0.925456 0.876314
vt 0.932681 0.861309
vt 0.925765 0.855641
vt 0.932646 0.864144
vt 0.449163 0.591224
vt 0.440711 0.594430
vt 0.435865 0.582730
vt 0.450067 0.589658
vt 0.967739 0.825652
vt 0.969518 0.818668
vt 0.969518 0.825653
vt 0.967739 0.818666
vt 0.966037 0.825654
vt 0.261702 0.376616
vt 0.263448 0.377084
vt 0.966037 0.818669
vt 0.264727 0.378362
vt 0.970898 0.818672
vt 0.970898 0.825658
vt 0.971508 0.818678
vt 0.971508 0.825664
vt 0.449163 0.593032
vt 0.448420 0.604477
vt 0.450067 0.594597
vt 0.830632 0.485618
vt 0.830632 0.478636
vt 0.932750 0.855674
vt 0.925864 0.843258
vt 0.932848 0.843291
vt 0.271691 0.373374
vt 0.268051 0.364585
vt 0.271692 0.495510
vt 0.933425 0.746579
vt 0.926440 0.746546
vt 0.933476 0.733932
vt 0.269417 0.501000
vt 0.933476 0.728277
vt 0.264727 0.490522
vt 0.263448 0.491800
vt 0.221294 0.991882
vt 0.222213 0.984899
vt 0.956137 0.774213
vt 0.960997 0.774216
vt 0.233680 0.518076
vt 0.232402 0.516798
vt 0.960997 0.781202
vt 0.961608 0.774223
vt 0.867666 0.198768
vt 0.961608 0.781209
vt 0.118969 0.518076
vt 0.293659 0.990454
vt 0.293659 0.983473
vt 0.293926 0.983512
vt 0.976798 0.733255
vt 0.977205 0.726273
vt 0.977205 0.733259
vt 0.293926 0.990493
vt 0.100725 0.513224
vt 0.101037 0.512060
vt 0.099873 0.514077
vt 0.294744 0.983541
vt 0.294744 0.990523
vt 0.295895 0.983553
vt 0.976798 0.726269
vt 0.100725 0.510896
vt 0.975878 0.733252
vt 0.975878 0.726266
vt 0.078894 0.547951
vt 0.078909 0.544875
vt 0.518420 0.800935
vt 0.519464 0.801538
vt 0.528573 0.818773
vt 0.527669 0.820339
vt 0.789836 0.992194
vt 0.791022 0.985206
vt 0.791022 0.992191
vt 0.520669 0.801538
vt 0.791939 0.985194
vt 0.791939 0.992179
vt 0.530139 0.817869
vt 0.973557 0.733253
vt 0.974692 0.726265
vt 0.974692 0.733251
vt 0.973557 0.726267
vt 0.838704 0.485720
vt 0.840431 0.478756
vt 0.840431 0.485738
vt 0.842194 0.478743
vt 0.842194 0.485725
vt 0.843522 0.478702
vt 0.843522 0.485684
vt 0.562797 0.986829
vt 0.562797 0.979844
vt 0.564500 0.979853
vt 0.087922 0.490521
vt 0.458297 0.411421
vt 0.458850 0.409450
vt 0.458850 0.411221
vt 0.121988 0.336119
vt 0.127816 0.336241
vt 0.455601 0.434467
vt 0.458849 0.434720
vt 0.070685 0.579538
vt 0.070632 0.578450
vt 0.070618 0.578163
vt 0.458850 0.440738
vt 0.458850 0.442541
vt 0.458850 0.441115
vt 0.032053 0.082522
vt 0.039899 0.082488
vt 0.040054 0.000459
vt 0.040709 0.000457
vt 0.032517 0.000491
vt 0.033115 0.000489
vt 0.037790 0.000468
vt 0.032314 0.000492
vt 0.566155 0.017812
vt 0.566165 0.017282
vt 0.566652 0.017830
vt 0.566807 0.018063
vt 0.565880 0.017508
vt 0.569809 0.023260
vt 0.570652 0.025020
vt 0.570088 0.022978
vt 0.570995 0.024843
vt 0.992595 0.647411
vt 0.992595 0.687953
vt 0.988350 0.648110
vt 0.387119 0.000000
vt 0.386153 0.040094
vt 0.385512 0.000080
vt 0.571524 0.025930
vt 0.384574 0.000127
vt 0.572661 0.029218
vt 0.572835 0.028623
vt 0.382253 0.000243
vt 0.573943 0.033339
vt 0.574621 0.035520
vt 0.574350 0.033223
vt 0.575648 0.042004
vt 0.273012 0.555482
vt 0.273341 0.554358
vt 0.273341 0.561554
vt 0.574742 0.034413
vt 0.369859 0.000412
vt 0.369906 0.000801
vt 0.369793 0.000415
vt 0.664730 0.870365
vt 0.664730 0.878009
vt 0.664323 0.871745
vt 0.371309 0.000742
vt 0.368883 0.000844
vt 0.370422 0.040812
vt 0.616594 0.666253
vt 0.616594 0.671797
vt 0.616235 0.668198
vt 0.365408 0.000990
vt 0.363416 0.000679
vt 0.361094 0.001162
vt 0.360448 0.001188
vt 0.361040 0.000772
vt 0.575728 0.051710
vt 0.574864 0.055128
vt 0.575572 0.053420
vt 0.358749 0.001256
vt 0.356911 0.000934
vt 0.352111 0.001506
vt 0.353546 0.041478
vt 0.348035 0.001653
vt 0.343860 0.001796
vt 0.345635 0.001344
vt 0.352126 0.001113
vt 0.572587 0.063733
vt 0.571202 0.065860
vt 0.573648 0.059761
vt 0.570317 0.067385
vt 0.570651 0.067571
vt 0.567905 0.071543
vt 0.570069 0.068727
vt 0.569761 0.069337
vt 0.566158 0.074554
vt 0.565702 0.074320
vt 0.339355 0.001553
vt 0.566089 0.074630
vt 0.342603 0.001839
vt 0.380157 0.082457
vt 0.378609 0.040453
vt 0.389184 0.124036
vt 0.387736 0.082095
vt 0.024207 0.124511
vt 0.025478 0.082558
vt 0.390363 0.165812
vt 0.021887 0.166276
vt 0.025944 0.040530
vt 0.378122 0.000437
vt 0.377054 0.000487
vt 0.354450 0.803474
vt 0.347920 0.761539
vt 0.354450 0.721447
vt 0.562356 0.012994
vt 0.946027 0.647166
vt 0.945507 0.647948
vt 0.946026 0.647233
vt 0.945532 0.647966
vt 0.946022 0.647436
vt 0.946030 0.648895
vt 0.945956 0.648511
vt 0.175494 0.325081
vt 0.945871 0.648365
vt 0.945759 0.648173
vt 0.945625 0.648037
vt 0.225384 0.336791
vt 0.222747 0.336374
vt 0.223123 0.326266
vt 0.223067 0.326278
vt 0.223130 0.326264
vt 0.223166 0.326250
vt 0.223186 0.326241
vt 0.223403 0.326098
vt 0.497628 0.078290
vt 0.223059 0.326280
vt 0.222439 0.336372
vt 0.497870 0.078568
vt 0.218558 0.336368
vt 0.219641 0.336768
vt 0.216731 0.336366
vt 0.504037 0.083585
vt 0.502651 0.082688
vt 0.215155 0.336373
vt 0.210714 0.336393
vt 0.213537 0.336779
vt 0.210189 0.326300
vt 0.210362 0.336396
vt 0.508265 0.086273
vt 0.507945 0.086112
vt 0.207231 0.336421
vt 0.207110 0.336824
vt 0.207161 0.326324
vt 0.207061 0.336419
vt 0.206373 0.326338
vt 0.205647 0.326345
vt 0.223062 0.326235
vt 0.223055 0.326239
vt 0.223086 0.326138
vt 0.223089 0.326130
vt 0.223105 0.326087
vt 0.223114 0.326064
vt 0.205156 0.324770
vt 0.544941 0.002717
vt 0.546862 0.003011
vt 0.057930 0.000026
vt 0.057070 0.000027
vt 0.544109 0.002499
vt 0.538559 0.001044
vt 0.540722 0.001108
vt 0.063665 0.000015
vt 0.535348 0.000684
vt 0.535390 0.000270
vt 0.533938 0.000042
vt 0.534990 0.000207
vt 0.070227 0.000006
vt 0.075125 0.000384
vt 0.075702 0.000384
vt 0.205591 0.683766
vt 0.204698 0.683767
vt 0.176462 0.268404
vt 0.204697 0.684926
vt 0.205589 0.684925
vt 0.175279 0.293333
vn -0.7413 0.6706 0.0289
vn -0.9611 0.2752 0.0219
vn -0.9380 0.3460 0.0195
vn -0.8042 0.5491 -0.2275
vn -0.9137 0.4062 0.0090
vn -0.9080 0.4188 0.0107
vn -0.9393 0.3395 0.0484
vn -0.7185 0.6953 0.0164
vn -0.7189 0.6948 0.0219
vn -0.8889 0.4578 0.0100
vn -0.4665 0.8845 0.0072
vn -0.1211 0.9926 0.0013
vn -0.3495 0.6420 0.6824
vn -0.2221 0.6945 0.6843
vn -0.7232 0.6905 0.0104
vn -0.3911 0.5371 0.7473
vn -0.3139 0.6334 0.7073
vn -0.1774 0.6495 0.7393
vn -0.7775 0.6288 0.0004
vn -0.7905 0.6124 0.0025
vn -0.2218 0.6386 0.7368
vn -0.7237 0.6864 0.0703
vn -0.9538 0.2980 0.0373
vn -0.9999 0.0099 -0.0034
vn -0.8042 0.5491 0.2275
vn -0.9461 0.3057 0.1064
vn -0.6883 0.6668 0.2858
vn -0.5362 0.6670 0.5173
vn -0.6302 0.7173 0.2971
vn -0.6302 0.2971 0.7173
vn -0.8042 0.2275 0.5491
vn -0.6302 0.7173 -0.2971
vn -0.6302 0.2971 -0.7173
vn -0.6302 -0.2971 0.7173
vn -0.6302 -0.7173 0.2971
vn -0.8042 -0.2275 0.5491
vn -0.8042 -0.5491 0.2275
vn -0.6302 -0.7173 -0.2971
vn -0.8042 -0.5491 -0.2275
vn -0.6302 -0.2971 -0.7173
vn -0.9455 -0.3248 0.0214
vn -0.8959 -0.4439 0.0170
vn -0.9137 -0.4063 0.0112
vn -0.9465 -0.3223 0.0121
vn -0.8042 -0.2275 -0.5491
vn -0.9333 -0.3544 0.0584
vn -0.7912 -0.6115 0.0037
vn -0.4667 -0.8844 0.0070
vn -0.1210 -0.9926 0.0013
vn -0.7237 -0.6866 0.0701
vn -0.2985 -0.5720 0.7640
vn -0.3249 -0.6561 0.6812
vn -0.4636 -0.5332 0.7077
vn -0.7230 -0.6907 0.0102
vn -0.7218 -0.6916 0.0244
vn -0.7179 -0.6959 0.0184
vn -0.7165 -0.6948 0.0620
vn -0.7173 -0.6961 0.0284
vn -0.5749 -0.8180 0.0146
vn -0.9257 -0.3575 0.1235
vn -0.8532 -0.3605 0.3768
vn -0.6980 -0.3602 0.6188
vn -0.8701 -0.3231 0.3723
vn -0.8354 -0.5450 0.0712
vn -0.8224 -0.5570 0.1162
vn -0.9073 -0.3564 0.2228
vn -0.9268 -0.3176 0.2005
vn -0.5667 -0.8221 0.0539
vn -0.6990 -0.7073 0.1054
vn -0.4029 -0.9151 0.0128
vn -0.5749 -0.7065 0.4126
vn -0.5498 -0.7655 0.3341
vn -0.4692 -0.7866 0.4013
vn -0.4406 -0.8387 0.3199
vn -0.4281 -0.8066 0.4075
vn -0.2478 -0.3533 0.9021
vn -0.1694 -0.3051 0.9371
vn -0.2013 -0.3943 0.8967
vn 0.3418 -0.1468 0.9282
vn -0.2776 -0.3289 0.9026
vn 0.8488 -0.3328 0.4109
vn 0.4342 -0.1326 0.8910
vn 0.8261 -0.4021 0.3947
vn 0.8533 -0.3934 0.3422
vn 0.4129 -0.1818 0.8924
vn -0.1267 -0.3370 0.9329
vn -0.1257 -0.3848 0.9144
vn -0.0837 -0.3721 0.9244
vn 0.3598 -0.2392 0.9018
vn 0.7959 -0.4475 0.4077
vn 0.7685 -0.5249 0.3656
vn 0.8245 -0.5658 0.0106
vn 0.3215 -0.2268 0.9193
vn 0.7696 -0.5246 0.3638
vn 0.3354 -0.2952 0.8946
vn 0.7279 -0.5499 0.4096
vn 0.6869 -0.7267 0.0040
vn 0.6716 -0.6073 0.4245
vn 0.6225 -0.6464 0.4411
vn 0.2371 -0.2342 0.9428
vn 0.6113 -0.6782 0.4078
vn 0.5438 -0.7248 0.4229
vn 0.2973 -0.3443 0.8905
vn 0.2347 -0.3299 0.9143
vn 0.2461 -0.3678 0.8967
vn 0.5182 -0.7819 0.3464
vn 0.4408 -0.7918 0.4226
vn 0.1993 -0.4260 0.8825
vn 0.5161 -0.7931 0.3234
vn 0.3830 -0.8388 0.3868
vn 0.3627 -0.9319 0.0070
vn 0.5342 -0.8453 0.0050
vn 0.3697 -0.9287 0.0291
vn 0.5425 -0.8397 0.0232
vn 0.5585 -0.8284 0.0426
vn 0.6969 -0.7170 0.0172
vn 0.3837 -0.9218 0.0545
vn 0.7110 -0.7026 0.0301
vn 0.8349 -0.5500 0.0184
vn 0.7302 -0.6817 0.0439
vn 0.5805 -0.8118 0.0635
vn 0.4035 -0.9112 0.0829
vn 0.4272 -0.8977 0.1076
vn 0.6056 -0.7917 0.0801
vn 0.2214 -0.9661 0.1328
vn 0.3489 -0.9275 0.1336
vn 0.4772 -0.8715 0.1126
vn 0.5009 -0.8572 0.1196
vn 0.6575 -0.7479 0.0913
vn 0.6319 -0.7704 0.0839
vn 0.7963 -0.6019 0.0608
vn 0.7725 -0.6326 0.0560
vn 0.7516 -0.6573 0.0544
vn 0.8484 -0.5287 0.0264
vn 0.8628 -0.5044 0.0321
vn 0.9328 -0.3601 0.0125
vn 0.9260 -0.3775 0.0089
vn 0.9799 -0.1993 0.0006
vn 0.9814 -0.1918 0.0027
vn 0.9206 -0.3905 0.0046
vn 0.8886 -0.1975 0.4140
vn 0.9048 -0.1399 0.4021
vn 0.9063 -0.0662 0.4173
vn 0.9055 -0.1473 0.3980
vn 1.0000 0.0005 -0.0005
vn 0.9013 0.1328 0.4122
vn 0.9081 0.0640 0.4138
vn 0.9397 -0.0143 0.3418
vn 1.0000 -0.0002 0.0007
vn 0.9801 0.1986 0.0008
vn 0.9380 -0.0082 0.3464
vn 0.8885 0.1823 0.4210
vn 0.4353 0.0612 0.8982
vn 0.3300 0.0779 0.9407
vn 0.8741 0.2330 0.4261
vn 0.4120 0.1188 0.9034
vn 0.8600 0.3108 0.4046
vn 0.3413 0.1425 0.9290
vn -0.4123 0.0736 0.9081
vn -0.3622 -0.1229 0.9239
vn -0.3672 -0.0816 0.9265
vn -0.4437 -0.1215 0.8879
vn 0.8453 0.3583 0.3963
vn 0.8508 0.3548 0.3876
vn 0.3686 0.1688 0.9141
vn -0.3597 -0.1139 0.9261
vn -0.3618 0.1246 0.9239
vn -0.3711 0.0902 0.9242
vn -0.4230 -0.1802 0.8880
vn -0.2925 -0.1558 0.9435
vn -0.3981 -0.2463 0.8836
vn -0.3017 -0.2256 0.9263
vn -0.3392 -0.2741 0.8999
vn -0.3024 -0.3450 0.8885
vn -0.4129 -0.0717 0.9079
vn -0.9170 0.1834 0.3542
vn -0.8773 0.3110 0.3655
vn -0.7152 -0.2200 -0.6634
vn -0.7736 -0.0721 -0.6296
vn -0.9176 -0.1785 0.3551
vn -0.7162 0.0529 -0.6959
vn -0.8777 -0.3066 0.3682
vn -0.7423 0.5495 -0.3834
vn -0.7994 0.5509 -0.2395
vn -0.7933 0.3881 -0.4690
vn -0.7229 0.3209 -0.6119
vn -0.7775 0.1665 -0.6065
vn -0.8758 -0.3024 0.3762
vn -0.9497 -0.2993 -0.0920
vn -0.9769 -0.1870 -0.1030
vn -0.7884 0.6124 -0.0583
vn -0.6628 0.6962 -0.2758
vn -0.6598 -0.1835 -0.7287
vn -0.6887 0.7225 -0.0609
vn -0.6589 0.1851 -0.7291
vn -0.6563 0.5107 -0.5553
vn -0.6866 -0.7241 -0.0639
vn -0.6597 -0.6991 -0.2755
vn -0.7071 0.0000 -0.7071
vn -0.6559 -0.5134 -0.5533
vn -0.3386 0.2669 -0.9022
vn -0.7841 -0.3091 -0.5381
vn -0.3905 -0.2385 -0.8892
vn -0.0828 0.0322 -0.9960
vn -0.0608 -0.0242 -0.9978
vn -0.0802 0.0357 -0.9961
vn -0.0577 0.0134 -0.9982
vn -0.0978 -0.0454 -0.9941
vn -0.1555 0.6607 -0.7343
vn -0.3436 -0.1058 -0.9331
vn -0.2533 0.7067 -0.6606
vn -0.4619 0.6210 -0.6333
vn -0.0389 -0.0082 -0.9992
vn -0.1849 -0.0944 -0.9782
vn -0.3042 -0.1504 -0.9406
vn -0.3236 -0.1419 -0.9355
vn -0.5206 -0.2133 -0.8267
vn -0.6803 -0.2141 -0.7010
vn -0.5566 0.6704 -0.4905
vn -0.7144 0.5986 -0.3622
vn -0.7419 0.6471 -0.1753
vn -0.8940 -0.2806 -0.3493
vn -0.7891 0.6070 -0.0942
vn -0.8917 -0.3879 -0.2331
vn -0.8904 -0.3853 -0.2423
vn -0.8197 -0.3386 -0.4619
vn -0.9374 -0.3255 -0.1233
vn -0.6905 -0.2815 -0.6663
vn -0.7140 -0.1957 -0.6722
vn -0.8525 -0.2317 -0.4685
vn -0.6877 -0.2118 -0.6944
vn -0.9362 -0.2460 -0.2510
vn -0.5143 -0.1831 -0.8378
vn -0.7791 -0.3042 -0.5481
vn -0.9079 -0.2674 -0.3227
vn -0.5325 -0.1447 -0.8339
vn -0.7136 -0.1961 -0.6725
vn -0.3360 -0.1661 -0.9271
vn -0.4727 -0.2035 -0.8574
vn -0.9408 -0.2218 -0.2561
vn -0.8057 -0.3719 -0.4609
vn -0.8715 -0.3379 -0.3552
vn -0.8930 -0.3609 -0.2689
vn -0.9622 -0.2705 -0.0326
vn -0.9522 -0.2059 -0.2256
vn -0.9063 -0.3900 -0.1625
vn -0.9136 -0.3580 -0.1927
vn -0.9358 -0.2627 -0.2351
vn -0.9353 -0.3283 -0.1316
vn -0.9069 -0.3963 -0.1426
vn -0.9133 -0.3703 -0.1695
vn -0.9341 -0.3193 -0.1595
vn -0.9030 -0.4188 -0.0958
vn -0.8924 -0.4488 -0.0474
vn -0.8946 -0.4357 -0.0992
vn -0.9377 -0.3179 -0.1402
vn -0.9713 -0.2228 -0.0827
vn -0.6333 -0.1325 -0.7625
vn -0.9047 -0.4252 -0.0253
vn -0.8161 -0.1798 -0.5492
vn -0.6543 -0.1140 -0.7476
vn -0.8105 -0.4702 -0.3491
vn -0.6445 -0.3174 -0.6955
vn -0.7522 0.3381 -0.5656
vn -0.7576 0.3210 -0.5683
vn -0.8168 -0.4586 -0.3500
vn -0.8432 -0.3218 -0.4306
vn -0.7570 0.3217 -0.5687
vn -0.8534 -0.2969 -0.4284
vn -0.7917 -0.5065 0.3416
vn -0.9153 -0.3199 -0.2446
vn -0.9363 -0.3070 0.1705
vn -0.9305 -0.2831 -0.2322
vn -0.8840 0.3245 -0.3364
vn -0.9261 0.3061 -0.2206
vn -0.9415 -0.3170 -0.1139
vn -0.9370 0.2812 -0.2073
vn -0.9439 0.3052 -0.1258
vn -0.9492 -0.3049 0.0773
vn -0.9993 -0.0363 -0.0089
vn -0.6883 -0.6659 0.2875
vn -0.5383 -0.6679 0.5140
vn -0.8509 -0.3115 0.4230
vn -0.3652 -0.6618 0.6547
vn -0.9044 -0.3161 0.2864
vn -0.6977 -0.3402 0.6305
vn -0.6707 -0.3479 0.6550
vn -0.6555 -0.6438 0.3947
vn -0.8232 -0.3404 0.4543
vn -0.5723 -0.3800 0.7267
vn -0.6520 -0.6882 0.3182
vn -0.6520 -0.6404 0.4059
vn -0.5708 -0.3878 0.7237
vn -0.7674 -0.6387 0.0559
vn -0.7309 -0.5758 0.3662
vn -0.7278 -0.4947 0.4749
vn -0.1263 -0.3587 0.9248
vn -0.2096 -0.5741 0.7915
vn -0.9526 0.2993 -0.0536
vn -0.9411 0.2803 0.1890
vn -0.9296 0.3058 0.2057
vn -0.8881 0.3289 0.3209
vn -0.7581 0.3290 0.5630
vn -0.7719 0.5340 0.3448
vn -0.8966 0.4421 -0.0257
vn -0.3457 0.2298 0.9098
vn -0.7477 0.5270 0.4040
vn -0.7783 0.6273 0.0279
vn -0.7356 0.3524 0.5785
vn -0.7509 0.3198 0.5778
vn -0.8827 0.4691 -0.0287
vn -0.7952 0.4729 0.3795
vn -0.8903 0.4535 -0.0398
vn -0.9008 0.4325 -0.0377
vn -0.7600 0.3258 0.5622
vn 0.1401 0.4026 0.9046
vn -0.3319 0.1737 0.9272
vn -0.2890 0.2082 0.9344
vn -0.8180 0.4249 0.3877
vn -0.3671 0.1607 0.9162
vn -0.8827 0.4693 -0.0233
vn -0.8916 0.4523 -0.0214
vn -0.8544 0.3651 0.3697
vn -0.8760 0.3083 0.3707
vn -0.9058 0.3759 -0.1953
vn -0.9434 0.3303 -0.0302
vn -0.8954 0.4272 -0.1249
vn -0.9003 0.4020 -0.1665
vn -0.8922 0.4428 -0.0885
vn -0.8818 0.3741 -0.2871
vn -0.9001 0.2917 -0.3235
vn -0.9210 0.3506 -0.1694
vn -0.9331 0.2785 -0.2274
vn -0.8901 0.3754 -0.2584
vn -0.8669 0.3350 -0.3690
vn -0.5127 0.1448 -0.8462
vn -0.8350 0.2438 -0.4933
vn -0.7689 0.2795 -0.5751
vn -0.5050 0.1209 -0.8546
vn -0.1557 -0.0400 -0.9870
vn -0.5585 0.2097 -0.8025
vn -0.4632 0.1263 -0.8772
vn -0.7686 0.2803 -0.5750
vn -0.6962 0.2108 -0.6861
vn -0.5013 0.1284 -0.8557
vn -0.2374 0.0925 -0.9670
vn -0.6737 0.1808 -0.7165
vn -0.6790 0.2017 -0.7058
vn -0.8347 0.2128 -0.5078
vn -0.4972 0.1223 -0.8589
vn -0.4561 0.1024 -0.8840
vn -0.2838 0.0822 -0.9553
vn -0.1650 0.0603 -0.9844
vn -0.1662 0.0578 -0.9844
vn -0.3246 0.0686 -0.9433
vn -0.2836 0.0707 -0.9563
vn -0.2867 0.0676 -0.9556
vn 0.0647 -0.0595 -0.9961
vn -0.0775 -0.0175 -0.9968
vn -0.0254 0.0048 -0.9997
vn -0.0645 -0.0141 -0.9978
vn -0.0511 -0.0089 -0.9986
vn -0.1986 -0.0491 -0.9789
vn -0.0266 -0.0045 -0.9996
vn -0.1550 0.0368 -0.9872
vn -0.3328 0.1377 -0.9329
vn -0.2820 0.0772 -0.9563
vn -0.4993 0.2026 -0.8424
vn -0.3465 0.1108 -0.9315
vn -0.6546 0.2684 -0.7067
vn -0.1971 -0.7118 -0.6742
vn -0.4086 -0.6264 -0.6638
vn -0.6764 0.2209 -0.7026
vn -0.5119 -0.6774 -0.5281
vn -0.6832 -0.6022 -0.4129
vn -0.7172 -0.6566 -0.2333
vn -0.8910 0.2811 -0.3564
vn -0.9759 0.2041 -0.0769
vn -0.7846 -0.6072 -0.1253
vn -0.9509 0.2973 -0.0858
vn -0.8517 0.3792 -0.3616
vn -0.7714 0.3383 -0.5389
vn -0.8906 0.3158 -0.3272
vn -0.9389 0.3275 -0.1058
vn -0.9308 0.2195 -0.2922
vn -0.9237 0.2237 -0.3108
vn -0.9665 0.1950 -0.1667
vn -0.9635 0.1952 -0.1830
vn -0.9779 0.2073 -0.0260
vn -0.9535 0.2323 -0.1920
vn -0.9090 0.1754 0.3782
vn -0.9063 0.2424 0.3462
vn -0.7108 0.1739 0.6815
vn -0.8761 0.3030 0.3749
vn -0.9101 0.4052 -0.0863
vn -0.3913 0.1186 0.9126
vn -0.8986 0.2297 0.3739
vn -0.3783 0.1335 0.9160
vn -0.8812 0.3091 0.3576
vn -0.7766 -0.6298 -0.0136
vn -0.7956 -0.5988 -0.0916
vn -0.7505 -0.6370 -0.1755
vn -0.8047 -0.4973 -0.3243
vn -0.7357 -0.4828 -0.4750
vn -0.2157 -0.0401 -0.9756
vn -0.4825 -0.1529 -0.8624
vn -0.4493 -0.1213 -0.8851
vn -0.3089 -0.0930 -0.9465
vn -0.2511 -0.0869 -0.9640
vn -0.3837 -0.1114 -0.9167
vn -0.2383 -0.1151 -0.9643
vn -0.7999 -0.2417 -0.5493
vn -0.5591 -0.1466 -0.8160
vn -0.7744 -0.2846 -0.5650
vn -0.5660 -0.1740 -0.8058
vn -0.3330 -0.0898 -0.9386
vn -0.3328 -0.0890 -0.9388
vn -0.6417 0.1527 -0.7515
vn -0.9436 0.3014 -0.1368
vn -0.6404 0.1339 -0.7562
vn -0.9479 0.3015 -0.1026
vn -0.9535 0.2866 -0.0930
vn -0.6731 0.1950 -0.7133
vn -0.6426 0.3204 -0.6960
vn -0.9002 0.4175 -0.1234
vn -0.8962 0.4322 -0.1000
vn -0.8885 0.4533 -0.0711
vn -0.8869 0.4531 -0.0898
vn -0.8875 0.4585 -0.0454
vn -0.8901 0.4516 -0.0609
vn -0.8905 0.4533 -0.0393
vn -0.3183 0.2858 0.9039
vn -0.7215 0.5730 0.3888
vn -0.6763 0.6283 0.3844
vn -0.2765 0.2917 0.9156
vn -0.6332 0.6464 0.4257
vn -0.6061 0.7185 0.3411
vn -0.2931 0.3352 0.8954
vn -0.5390 0.7334 0.4142
vn -0.5763 0.8171 0.0135
vn -0.5026 0.8007 0.3258
vn -0.2333 0.3712 0.8987
vn -0.4872 0.7913 0.3695
vn -0.1931 0.3328 0.9230
vn -0.4042 0.7773 0.4820
vn -0.2397 0.4478 0.8614
vn -0.4018 0.8621 0.3085
vn 0.0716 0.3762 0.9237
vn 0.1011 0.4419 0.8913
vn -0.3674 0.8227 0.4336
vn -0.4016 0.9157 0.0114
vn -0.3281 0.8428 0.4267
vn -0.2013 0.8848 0.4202
vn -0.2186 0.9757 0.0116
vn -0.3943 0.9178 0.0468
vn -0.2122 0.9762 0.0446
vn -0.0020 0.9991 0.0426
vn -0.2041 0.9753 0.0841
vn -0.0046 0.9992 0.0392
vn 0.0122 0.9998 0.0155
vn -0.0026 0.9999 0.0076
vn 0.1946 0.9803 0.0338
vn 0.1921 0.9814 0.0050
vn 0.0089 0.9986 0.0515
vn 0.2026 0.9770 0.0665
vn 0.3842 0.9217 0.0537
vn 0.3700 0.9286 0.0283
vn 0.5587 0.8283 0.0416
vn 0.4041 0.9110 0.0821
vn 0.5807 0.8117 0.0626
vn 0.6042 0.7926 0.0822
vn 0.4288 0.8969 0.1080
vn 0.2104 0.9722 0.1029
vn 0.2219 0.9656 0.1353
vn 0.0052 0.9913 0.1315
vn 0.0058 0.9914 0.1308
vn 0.0108 0.9950 0.0990
vn 0.3485 0.9278 0.1329
vn 0.2387 0.9600 0.1465
vn 0.0126 0.9890 0.1472
vn 0.1284 0.9790 0.1581
vn 0.0120 0.9857 0.1682
vn 0.0130 0.9859 0.1668
vn 0.3346 0.9068 0.2562
vn 0.3326 0.9072 0.2575
vn 0.3349 0.9059 0.2593
vn 0.2312 0.8199 0.5238
vn 0.3373 0.7842 0.5208
vn 0.2363 0.5502 0.8009
vn 0.3107 0.5276 0.7906
vn 0.4412 0.7443 0.5013
vn 0.3569 0.9028 0.2397
vn 0.4140 0.8909 0.1866
vn 0.4923 0.8623 0.1184
vn 0.4767 0.8713 0.1165
vn 0.5286 0.8167 0.2314
vn 0.5322 0.8153 0.2280
vn 0.6118 0.7853 0.0944
vn 0.6439 0.7598 0.0893
vn 0.6234 0.7607 0.1806
vn 0.5311 0.8197 0.2144
vn 0.5236 0.7024 0.4820
vn 0.4556 0.4824 0.7481
vn 0.3850 0.5091 0.7698
vn 0.5996 0.6422 0.4775
vn 0.6811 0.7058 0.1950
vn 0.6869 0.6975 0.2039
vn 0.6948 0.6959 0.1814
vn 0.6913 0.7008 0.1760
vn 0.7076 0.7027 0.0742
vn 0.6774 0.5832 0.4483
vn 0.7514 0.6572 0.0589
vn 0.7746 0.6297 0.0583
vn 0.7609 0.6297 0.1565
vn 0.8077 0.5636 0.1729
vn 0.8115 0.5558 0.1806
vn 0.7238 0.5185 0.4551
vn 0.8182 0.5524 0.1591
vn 0.8292 0.5570 0.0459
vn 0.8701 0.4764 0.1267
vn 0.8158 0.5575 0.1537
vn 0.8634 0.5033 0.0340
vn 0.8885 0.4578 0.0302
vn 0.7804 0.4568 0.4268
vn 0.8994 0.4125 0.1445
vn 0.8143 0.3855 0.4339
vn 0.9040 0.4000 0.1508
vn 0.8485 0.3345 0.4101
vn 0.9045 0.4038 0.1370
vn 0.9362 0.3265 0.1295
vn 0.8771 0.2494 0.4104
vn 0.9574 0.2517 0.1411
vn 0.9462 0.3231 0.0154
vn 0.9596 0.2471 0.1342
vn 0.9643 0.2362 0.1193
vn 0.9789 0.1867 0.0824
vn 0.9398 0.3414 0.0147
vn 0.9869 0.1611 0.0049
vn 0.8482 0.5291 0.0257
vn 0.9326 0.3607 0.0121
vn 0.9850 0.1722 0.0042
vn 0.8348 0.5502 0.0176
vn 0.9250 0.3797 0.0078
vn 0.9831 0.1830 0.0032
vn 1.0000 0.0000 0.0000
vn 1.0000 0.0004 0.0009
vn 0.9833 -0.1818 0.0034
vn 0.9870 -0.1608 0.0045
vn 1.0000 0.0000 -0.0002
vn 0.9854 -0.1073 0.1317
vn 0.9943 -0.0561 0.0909
vn 0.9954 -0.0081 0.0958
vn 0.9949 0.0436 0.0909
vn 0.9897 0.0845 0.1158
vn 0.9857 -0.1176 0.1206
vn 0.9051 -0.1186 0.4082
vn 0.8966 -0.1943 0.3979
vn 0.9787 -0.1825 0.0934
vn 0.9548 -0.2699 0.1241
vn 0.9470 -0.3208 0.0165
vn 0.8672 -0.2605 0.4245
vn 0.9503 -0.2746 0.1464
vn 0.9494 -0.2811 0.1402
vn 0.9529 -0.2784 0.1204
vn 0.8574 -0.3160 0.4062
vn 0.8766 -0.4800 0.0333
vn 0.9262 -0.3538 0.1302
vn 0.8810 -0.4448 0.1611
vn 0.8817 -0.4425 0.1634
vn 0.8803 -0.4467 0.1595
vn 0.9400 -0.3408 0.0139
vn 0.7847 -0.4440 0.4325
vn 0.8374 -0.5235 0.1572
vn 0.5383 -0.3878 0.7482
vn 0.5798 -0.3378 0.7414
vn 0.7226 -0.5254 0.4490
vn 0.8088 -0.3943 0.4362
vn 0.6136 -0.2913 0.7339
vn 0.2941 -0.2018 0.9342
vn 0.2998 -0.1789 0.9370
vn 0.3132 -0.1481 0.9380
vn 0.6413 -0.2438 0.7275
vn 0.3298 -0.1263 0.9355
vn 0.6635 -0.1955 0.7222
vn 0.3437 -0.1019 0.9335
vn 0.6803 -0.1468 0.7181
vn 0.6903 -0.0884 0.7181
vn 0.3560 -0.0761 0.9314
vn 0.9268 0.0063 0.3754
vn 0.6970 0.0037 0.7170
vn 0.3575 -0.0247 0.9336
vn 0.3621 -0.0511 0.9307
vn 0.0894 -0.0073 0.9959
vn 0.0930 -0.0118 0.9956
vn 0.0848 -0.0164 0.9962
vn 0.0902 -0.0189 0.9957
vn 0.7173 -0.2971 0.6302
vn 0.0842 -0.0232 0.9962
vn 0.0862 -0.0278 0.9959
vn 0.0797 -0.0302 0.9963
vn 0.0802 -0.0346 0.9962
vn 0.0786 -0.0335 0.9963
vn 0.0758 -0.0350 0.9965
vn 0.5579 -0.5177 0.6485
vn 0.9738 -0.1857 0.1313
vn 0.5191 -0.5688 0.6380
vn 0.5103 -0.5405 0.6689
vn 0.1857 -0.9738 0.1313
vn 0.5788 -0.6346 0.5121
vn 0.5987 -0.6294 0.4955
vn 0.5389 -0.5766 0.6140
vn 0.5619 -0.5272 0.6374
vn 0.6303 -0.6053 0.4861
vn 0.6088 -0.6177 0.4977
vn 0.3937 -0.5128 0.7628
vn 0.4558 -0.4821 0.7482
vn 0.5983 -0.6483 0.4709
vn 0.5282 -0.6974 0.4842
vn 0.3163 -0.5286 0.7877
vn 0.6791 -0.5736 0.4580
vn 0.7136 -0.6757 0.1849
vn 0.6394 -0.7415 0.2031
vn 0.6395 -0.7414 0.2031
vn 0.7729 -0.6058 0.1887
vn 0.7776 -0.6027 0.1786
vn 0.7774 -0.6031 0.1782
vn 0.6344 -0.7434 0.2117
vn 0.5495 -0.8137 0.1896
vn 0.4846 -0.8451 0.2257
vn 0.4699 -0.8498 0.2386
vn 0.4384 -0.7401 0.5098
vn 0.2361 -0.5502 0.8009
vn 0.3334 -0.7932 0.5095
vn 0.4664 -0.8552 0.2262
vn 0.1104 -0.2504 0.9618
vn 0.0704 -0.2514 0.9653
vn 0.1587 -0.5642 0.8102
vn 0.0085 -0.0499 0.9987
vn 0.0132 -0.0555 0.9984
vn 0.0398 -0.2518 0.9669
vn 0.0155 -0.0518 0.9985
vn 0.2971 -0.7173 0.6302
vn 0.0058 -0.0539 0.9985
vn 0.0000 -0.7071 -0.7071
vn -0.2971 -0.7173 0.6302
vn -0.0072 -0.0790 0.9968
vn 0.0144 -0.0812 0.9966
vn -0.0010 -0.1022 0.9948
vn -0.0057 -0.0841 0.9964
vn 0.0212 -0.0566 0.9982
vn 0.0000 0.0000 -1.0000
vn 0.6377 0.0000 -0.7703
vn -0.5523 0.3189 -0.7703
vn -0.1857 -0.9738 0.1313
vn -0.0472 -0.7197 -0.6926
vn -0.3189 0.5523 -0.7703
vn 0.0472 -0.7197 -0.6926
vn 0.5523 0.3189 -0.7703
vn 0.3189 0.5523 -0.7703
vn 0.0000 0.6377 -0.7703
vn 0.1900 -0.7092 -0.6789
vn 0.0472 -0.7197 0.6926
vn 0.3189 0.5523 0.7703
vn 0.0000 0.6377 0.7703
vn -0.3189 0.5523 0.7703
vn 0.1900 -0.7092 0.6789
vn 0.5523 0.3189 0.7703
vn 0.6377 0.0000 0.7703
vn 0.5523 -0.3189 0.7703
vn 0.5523 -0.3189 -0.7703
vn 0.3189 -0.5523 -0.7703
vn 0.3189 -0.5523 0.7703
vn 0.0000 -0.6377 -0.7703
vn 0.0000 -0.6377 0.7703
vn 0.6377 0.0000 0.7702
vn -0.3189 -0.5523 -0.7703
vn -0.3189 -0.5523 0.7703
vn -0.5523 -0.3189 -0.7703
vn -0.6377 0.0000 -0.7703
vn 0.3671 -0.6359 -0.6789
vn 0.2706 -0.6533 -0.7071
vn 0.4304 -0.5610 -0.7071
vn 0.6359 -0.3671 -0.6789
vn 0.5610 -0.4304 -0.7071
vn 0.5192 -0.5192 -0.6789
vn -0.5523 0.3189 0.7703
vn -0.6377 0.0000 0.7703
vn 0.5192 -0.5192 0.6789
vn 0.3671 -0.6359 0.6789
vn 0.6359 -0.3671 0.6789
vn 0.7092 -0.1900 0.6789
vn -0.5523 -0.3189 0.7703
vn 0.6533 -0.2705 -0.7071
vn 0.7092 -0.1900 -0.6789
vn 0.6533 -0.2706 -0.7071
vn 0.7197 -0.0472 0.6926
vn 0.7197 -0.0472 -0.6926
vn 0.3188 0.5523 -0.7703
vn 0.5522 0.3189 0.7703
vn -0.3188 -0.5523 0.7703
vn 0.7092 0.1900 -0.6789
vn 0.6533 0.2705 -0.7071
vn 0.6533 0.2706 -0.7071
vn 0.6359 0.3671 -0.6789
vn 0.7197 0.0472 -0.6926
vn 0.6359 0.3671 0.6789
vn -0.5522 0.3189 -0.7703
vn 0.3671 0.6359 0.6789
vn 0.5192 0.5192 0.6789
vn 0.4305 0.5610 -0.7071
vn 0.5192 0.5192 -0.6789
vn 0.5610 0.4304 -0.7071
vn 0.3671 0.6359 -0.6789
vn 0.2706 0.6533 -0.7071
vn 0.1900 0.7092 0.6789
vn 0.1857 0.9738 0.1313
vn -0.6377 0.0000 0.7702
vn 0.0472 0.7197 0.6926
vn -0.2706 0.6533 -0.7071
vn -0.0472 0.7197 -0.6926
vn 0.0000 0.7071 -0.7071
vn 0.0472 0.7197 -0.6926
vn -0.1857 0.9738 0.1313
vn -0.5523 0.3189 0.7702
vn -0.6533 0.2706 -0.7071
vn -0.7092 0.1900 0.6789
vn -0.6359 0.3671 -0.6789
vn -0.7092 0.1900 -0.6789
vn -0.7197 0.0472 -0.6926
vn -0.7197 0.0472 0.6926
vn -0.9738 0.1857 0.1313
vn 0.6377 0.0000 -0.7702
vn 0.3188 0.5523 0.7703
vn -0.3188 -0.5523 -0.7703
vn -0.5610 -0.4304 -0.7071
vn -0.6359 -0.3671 -0.6789
vn -0.6533 -0.2706 -0.7071
vn -0.5192 -0.5192 -0.6789
vn -0.6359 -0.3671 0.6789
vn -0.5192 -0.5192 0.6789
vn -0.3188 0.5523 0.7703
vn -0.3671 -0.6359 -0.6789
vn -0.3671 -0.6359 0.6789
vn -0.2706 -0.6533 -0.7071
vn -0.1900 -0.7092 0.6789
vn -0.1900 -0.7092 -0.6789
vn -0.0472 -0.7197 0.6926
vn -0.9738 -0.1857 0.1313
vn -0.7197 -0.0472 -0.6926
vn -0.7173 -0.2971 0.6302
vn -0.7197 -0.0472 0.6926
vn -0.7173 0.2971 0.6302
vn -0.0402 -0.0021 0.9992
vn -0.0452 -0.0045 0.9990
vn -0.0410 -0.0069 0.9991
vn -0.0422 -0.0159 0.9990
vn -0.0419 -0.0115 0.9991
vn -0.0445 -0.0095 0.9990
vn -0.0413 -0.0256 0.9988
vn -0.0442 -0.0264 0.9987
vn -0.0419 -0.0206 0.9989
vn -0.0437 -0.0200 0.9988
vn -0.0430 -0.0398 0.9983
vn -0.0404 -0.0312 0.9987
vn -0.0440 -0.0331 0.9985
vn -0.0394 -0.0371 0.9985
vn -0.1790 -0.1948 0.9644
vn -0.1902 -0.1700 0.9669
vn -0.3811 -0.4152 0.8260
vn -0.4124 -0.3662 0.8341
vn -0.1989 -0.1424 0.9696
vn -0.5439 -0.5823 0.6042
vn -0.3463 -0.4595 0.8179
vn -0.4908 -0.6609 0.5677
vn -0.5061 -0.7877 0.3511
vn -0.5648 -0.7510 0.3421
vn -0.4279 -0.6909 0.5827
vn -0.3088 -0.4987 0.8098
vn -0.3759 -0.7450 0.5510
vn -0.4931 -0.7989 0.3443
vn -0.2689 -0.5331 0.8022
vn -0.3071 -0.7675 0.5626
vn -0.3712 -0.8722 0.3186
vn -0.3708 -0.8713 0.3214
vn -0.4463 -0.8392 0.3106
vn -0.5267 -0.8134 0.2469
vn -0.6005 -0.7563 0.2596
vn -0.5970 -0.7590 0.2598
vn -0.4711 -0.8497 0.2369
vn -0.4497 -0.8624 0.2325
vn -0.3666 -0.8680 0.3349
vn -0.3769 -0.8995 0.2210
vn -0.3566 -0.8765 0.3233
vn -0.3033 -0.9080 0.2888
vn -0.2259 -0.9277 0.2971
vn -0.2814 -0.9367 0.2082
vn -0.3154 -0.9251 0.2113
vn -0.3357 -0.9231 0.1873
vn -0.1692 -0.9710 0.1687
vn -0.1632 -0.9684 0.1888
vn 0.0019 -0.9852 0.1711
vn 0.0013 -0.9851 0.1718
vn -0.0033 -0.9839 0.1785
vn -0.1475 -0.9702 0.1922
vn -0.0810 -0.9578 0.2756
vn -0.0749 -0.9600 0.2697
vn -0.0740 -0.9505 0.3019
vn -0.1460 -0.9492 0.2785
vn 0.0023 -0.9841 0.1776
vn -0.0026 -0.9548 0.2973
vn -0.0718 -0.8437 0.5320
vn 0.0116 -0.7652 0.6437
vn 0.0180 -0.9136 0.4062
vn 0.0125 -0.6378 0.7701
vn 0.0120 -0.9158 0.4014
vn -0.0935 -0.6218 0.7776
vn -0.0607 -0.6329 0.7718
vn -0.1241 -0.8509 0.5103
vn 0.1328 -0.8380 0.5292
vn 0.0950 -0.5653 0.8194
vn 0.2267 -0.8062 0.5464
vn 0.2517 -0.9287 0.2721
vn 0.1711 -0.9522 0.2528
vn 0.0719 -0.9622 0.2627
vn 0.0774 -0.9604 0.2676
vn 0.1373 -0.9778 0.1584
vn 0.2379 -0.9601 0.1468
vn 0.0134 -0.9880 0.1535
vn 0.0136 -0.9908 0.1343
vn 0.0056 -0.9910 0.1337
vn -0.1824 -0.9745 0.1306
vn -0.3604 -0.9211 0.1474
vn -0.1960 -0.9770 0.0838
vn 0.0044 -0.9945 0.1048
vn -0.3795 -0.9207 0.0912
vn -0.0055 -0.9983 0.0578
vn -0.0005 -0.9963 0.0855
vn -0.2091 -0.9769 0.0432
vn -0.0014 -0.9962 0.0868
vn 0.2084 -0.9727 0.1022
vn 0.1990 -0.9777 0.0672
vn 0.1955 -0.9800 0.0363
vn -0.0062 -0.9990 0.0446
vn -0.0047 -0.9991 0.0426
vn -0.0217 -0.9996 0.0177
vn -0.2177 -0.9760 0.0069
vn -0.0087 -0.9999 0.0093
vn 0.1963 -0.9805 0.0085
vn -0.0059 -1.0000 0.0020
vn 0.0846 -0.9015 0.4245
vn 0.1628 -0.9137 0.3723
vn 0.1461 -0.9063 0.3964
vn 0.2023 -0.8848 0.4197
vn 0.0654 -0.3633 0.9293
vn 0.0732 -0.4546 0.8877
vn 0.1332 -0.4353 0.8903
vn 0.3280 -0.8450 0.4223
vn 0.1375 -0.3356 0.9319
vn -0.0059 -0.3969 0.9178
vn -0.0598 -0.3948 0.9168
vn -0.2007 -0.9013 0.3839
vn -0.1354 -0.9165 0.3764
vn -0.0142 -0.9255 0.3785
vn -0.1999 -0.9012 0.3844
vn -0.2493 -0.8892 0.3835
vn -0.3150 -0.8604 0.4005
vn -0.3569 -0.8410 0.4066
vn -0.3941 -0.9178 0.0476
vn -0.5513 -0.8286 0.0971
vn -0.5543 -0.8224 0.1280
vn -0.5239 -0.8345 0.1704
vn -0.6863 -0.7123 0.1470
vn -0.8105 -0.5629 0.1615
vn -0.6725 -0.7165 0.1854
vn -0.7972 -0.5690 0.2016
vn -0.9146 -0.3844 0.1254
vn -0.9044 -0.3898 0.1734
vn -0.9244 -0.3735 0.0766
vn -0.9716 -0.1963 0.1317
vn -0.9785 -0.1898 0.0811
vn -0.9630 -0.1996 0.1813
vn -0.9909 0.0001 0.1342
vn -0.9890 -0.1018 0.1070
vn -0.9649 -0.1895 0.1819
vn -0.9963 0.0029 0.0858
vn -0.9632 -0.2491 0.1010
vn -0.9591 -0.2272 0.1686
vn -0.8935 -0.2446 0.3766
vn -0.9391 -0.3087 0.1506
vn -0.8560 -0.3607 0.3703
vn -0.9190 -0.3786 0.1097
vn -0.8855 -0.4399 0.1493
vn -0.8540 -0.4249 0.3001
vn -0.8738 -0.4120 0.2584
vn -0.8716 -0.4857 0.0664
vn -0.8786 -0.4451 0.1728
vn -0.9015 -0.3934 0.1800
vn -0.8802 -0.3218 0.3487
vn -0.8877 -0.4363 0.1469
vn -0.8864 -0.4490 0.1123
vn -0.9424 -0.2946 0.1581
vn -0.8616 -0.2006 0.4662
vn -0.7594 -0.2732 0.5904
vn -0.9525 -0.2130 0.2176
vn -0.7314 -0.3563 0.5813
vn -0.8427 -0.4436 0.3051
vn -0.8304 -0.4014 0.3864
vn -0.6563 -0.2720 0.7037
vn -0.7277 -0.3626 0.5823
vn -0.6921 -0.1925 0.6956
vn -0.5975 -0.2107 0.7736
vn -0.5817 -0.2163 0.7841
vn -0.7007 -0.3051 0.6449
vn -0.5902 -0.1658 0.7900
vn -0.5102 -0.1805 0.8408
vn -0.1416 -0.0450 0.9889
vn -0.5301 -0.1960 0.8250
vn -0.3813 -0.1000 0.9190
vn -0.1837 -0.0259 0.9826
vn -0.2885 -0.0562 0.9558
vn -0.3353 -0.0732 0.9392
vn 0.0829 -0.0052 0.9965
vn -0.0887 -0.0124 0.9960
vn -0.1768 -0.0365 0.9836
vn -0.2398 -0.0545 0.9693
vn -0.2037 -0.0309 0.9785
vn -0.4210 -0.0538 0.9055
vn -0.1948 -0.0084 0.9808
vn -0.3887 -0.0025 0.9213
vn -0.8856 -0.0172 0.4641
vn -0.2732 0.0048 0.9619
vn -0.1588 0.0101 0.9872
vn -0.2582 0.0207 0.9658
vn -0.2698 -0.0548 0.9613
vn -0.4090 -0.1137 0.9054
vn -0.5137 -0.1045 0.8516
vn -0.3750 0.0469 0.9258
vn -0.3670 0.0454 0.9291
vn -0.2805 0.0277 0.9594
vn -0.4069 0.0584 0.9116
vn -0.6859 0.1979 0.7002
vn -0.7097 0.0983 0.6975
vn -0.4375 0.1354 0.8889
vn -0.4079 -0.0037 0.9130
vn -0.9127 0.1354 0.3853
vn -0.7165 0.0000 0.6975
vn -0.8845 0.2585 0.3883
vn -0.8431 0.3718 0.3884
vn -0.9336 0.3231 0.1547
vn -0.9575 0.2515 0.1407
vn -0.9421 0.3144 0.1164
vn -0.9789 0.1878 0.0805
vn -0.9239 0.3751 0.0761
vn -0.8221 0.5569 0.1179
vn -0.9144 0.3846 0.1266
vn -0.8358 0.5445 0.0702
vn -0.8832 0.4521 0.1244
vn -0.9137 0.3784 0.1479
vn -0.8876 0.4098 0.2100
vn -0.8641 0.3863 0.3227
vn -0.8864 0.4408 0.1410
vn -0.8787 0.4729 0.0652
vn -0.9177 0.3929 0.0578
vn -0.8587 0.5081 0.0674
vn -0.8868 0.4490 0.1091
vn -0.8596 0.5061 0.0690
vn -0.8932 0.4255 0.1451
vn -0.9048 0.4015 0.1418
vn -0.9164 0.3856 0.1069
vn -0.9343 0.2985 0.1950
vn -0.9566 0.2488 0.1516
vn -0.9930 0.0776 0.0886
vn -0.9504 0.3041 0.0651
vn -0.8725 0.4840 0.0669
vn -0.9474 0.2214 0.2312
vn -0.9918 0.0779 0.1009
vn -0.6608 0.0867 0.7455
vn -0.6719 0.0448 0.7392
vn -0.9975 0.0672 0.0207
vn -0.9874 0.1434 0.0663
vn -0.6729 0.3650 0.6433
vn -0.5247 0.1270 0.8417
vn -0.6915 -0.3627 0.6247
vn -0.8477 0.2323 0.4768
vn -0.4989 -0.0762 0.8633
vn -0.5161 0.1200 0.8481
vn -0.6396 -0.1028 0.7618
vn -0.6471 -0.0633 0.7598
vn -0.9882 -0.1129 0.1031
vn -0.9930 -0.1082 0.0482
vn -0.9980 -0.0530 0.0340
vn -0.7260 -0.1981 0.6585
vn -0.5812 -0.3755 0.7219
vn -0.5766 -0.3765 0.7251
vn -0.9990 -0.0394 0.0218
vn -0.9984 -0.0501 0.0244
vn -0.9991 -0.0413 0.0131
vn -0.9845 -0.1627 0.0655
vn -0.9566 -0.2817 0.0747
vn -0.8676 -0.4923 0.0701
vn -0.8902 -0.4352 0.1349
vn -0.8593 -0.5069 0.0677
vn -0.9618 -0.2402 0.1315
vn -0.9925 -0.1058 0.0611
vn -0.8584 -0.5086 0.0667
vn -0.8805 -0.4630 0.1020
vn -0.8867 -0.4434 0.1307
vn -0.8543 -0.5166 0.0569
vn -0.8746 -0.4781 0.0802
vn -0.7883 0.2540 0.5604
vn -0.4740 0.1117 0.8734
vn -0.3658 0.1045 0.9248
vn -0.8928 0.2409 0.3804
vn -0.7757 0.3741 0.5082
vn -0.6483 0.1788 0.7400
vn -0.7248 0.2960 0.6221
vn -0.7400 0.3109 0.5965
vn -0.8397 0.4084 0.3580
vn -0.5022 0.2764 0.8194
vn -0.6849 0.2811 0.6722
vn -0.6214 0.1721 0.7643
vn -0.5237 0.1657 0.8356
vn -0.6182 0.1656 0.7684
vn -0.2682 0.0680 0.9609
vn -0.4136 0.1507 0.8979
vn -0.3076 0.0729 0.9487
vn -0.4132 0.1507 0.8981
vn -0.3199 0.0694 0.9449
vn -0.5727 0.0998 0.8136
vn -0.5763 0.3767 0.7252
vn -0.6781 0.3656 0.6376
vn -0.8180 0.3575 0.4506
vn -0.7163 0.6952 0.0607
vn -0.8293 0.3307 0.4503
vn -0.9153 0.3465 0.2054
vn -0.9298 0.3179 0.1854
vn -0.8844 0.3472 0.3119
vn -0.5668 0.8221 0.0529
vn -0.5495 0.8299 0.0958
vn -0.6989 0.7071 0.1072
vn -0.9270 0.3567 0.1159
vn -0.5374 0.8330 0.1315
vn -0.6863 0.7123 0.1470
vn -0.5231 0.8354 0.1688
vn -0.3582 0.9215 0.1502
vn -0.3787 0.9182 0.1162
vn -0.1867 0.9736 0.1314
vn -0.3800 0.9210 0.0855
vn -0.1705 0.9706 0.1696
vn 0.0019 0.9964 0.0848
vn -0.0003 0.9966 0.0820
vn -0.3364 0.9229 0.1870
vn -0.1610 0.9687 0.1891
vn -0.0037 0.9857 0.1684
vn -0.3149 0.9250 0.2125
vn -0.4960 0.8426 0.2094
vn -0.6721 0.7164 0.1871
vn -0.6425 0.7282 0.2384
vn -0.4709 0.8489 0.2398
vn -0.4509 0.8618 0.2325
vn -0.5253 0.8143 0.2469
vn -0.6001 0.7564 0.2600
vn -0.3757 0.9001 0.2205
vn -0.3907 0.8733 0.2911
vn -0.4304 0.8405 0.3290
vn -0.3068 0.8964 0.3199
vn -0.4404 0.8306 0.3409
vn -0.3123 0.8957 0.3164
vn -0.3123 0.7801 0.5421
vn -0.2502 0.7989 0.5469
vn -0.3077 0.8968 0.3178
vn -0.2956 0.9055 0.3046
vn -0.2804 0.9373 0.2067
vn -0.2562 0.9297 0.2646
vn -0.1691 0.9375 0.3040
vn -0.1712 0.9370 0.3045
vn -0.1491 0.9700 0.1920
vn -0.1224 0.9616 0.2455
vn -0.1556 0.9449 0.2881
vn -0.0514 0.9583 0.2812
vn -0.0040 0.9845 0.1754
vn 0.0292 0.9562 0.2912
vn 0.0254 0.9839 0.1765
vn 0.1110 0.9510 0.2883
vn 0.1286 0.9526 0.2757
vn 0.1251 0.8253 0.5507
vn 0.0213 0.9186 0.3945
vn 0.0170 0.9185 0.3949
vn -0.0660 0.8617 0.5032
vn -0.0049 0.7962 0.6050
vn -0.0017 0.6603 0.7510
vn -0.0478 0.6290 0.7759
vn 0.0314 0.6410 0.7669
vn -0.0347 0.3232 0.9457
vn -0.0937 0.6217 0.7776
vn -0.1262 0.8366 0.5331
vn -0.1861 0.8289 0.5274
vn -0.1393 0.6066 0.7826
vn -0.0491 0.3189 0.9465
vn -0.1839 0.5868 0.7885
vn -0.0707 0.3077 0.9489
vn -0.0930 0.2941 0.9512
vn -0.2273 0.5623 0.7950
vn -0.3690 0.7370 0.5662
vn -0.2691 0.5330 0.8022
vn -0.1129 0.2783 0.9538
vn -0.4471 0.8300 0.3334
vn -0.4383 0.7044 0.5583
vn -0.3089 0.4987 0.8098
vn -0.5118 0.7952 0.3252
vn -0.4397 0.8326 0.3366
vn -0.4849 0.6440 0.5917
vn -0.5563 0.7504 0.3570
vn -0.1490 0.2404 0.9592
vn -0.3464 0.4594 0.8179
vn -0.1319 0.2603 0.9565
vn -0.1642 0.2181 0.9620
vn -0.5500 0.6008 0.5801
vn -0.3811 0.4152 0.8260
vn -0.0379 0.0479 0.9981
vn -0.0370 0.0530 0.9979
vn -0.1774 0.1939 0.9648
vn -0.0350 0.0542 0.9979
vn -0.0338 0.0592 0.9977
vn -0.2971 0.7173 0.6302
vn -0.0313 0.0608 0.9977
vn -0.0302 0.0669 0.9973
vn -0.0269 0.0663 0.9974
vn -0.0253 0.0729 0.9970
vn -0.0214 0.0710 0.9972
vn -0.0194 0.0776 0.9968
vn -0.0136 0.0729 0.9972
vn -0.0141 0.0804 0.9966
vn -0.0070 0.0743 0.9972
vn -0.0126 0.0864 0.9962
vn 0.0151 0.2348 0.9719
vn -0.0070 0.1105 0.9938
vn 0.2971 0.7173 0.6302
vn -0.0050 0.2536 0.9673
vn 0.0028 0.1192 0.9929
vn 0.0161 0.0580 0.9982
vn 0.0101 0.0523 0.9986
vn 0.0121 0.0511 0.9986
vn 0.0177 0.0544 0.9984
vn 0.0190 0.0529 0.9984
vn 0.0231 0.0550 0.9982
vn 0.5091 0.5442 0.6667
vn 0.5575 0.5173 0.6492
vn 0.9738 0.1857 0.1313
vn 0.5693 0.5483 0.6126
vn 0.1061 0.2471 0.9631
vn 0.6264 0.5660 0.5360
vn 0.5725 0.5362 0.6202
vn 0.6339 0.5958 0.4932
vn 0.4964 0.5377 0.6815
vn 0.1187 0.2282 0.9663
vn 0.5700 0.6150 0.5448
vn 0.6019 0.6230 0.4996
vn 0.5830 0.6269 0.5169
vn 0.6143 0.6281 0.4775
vn 0.6195 0.6099 0.4942
vn 0.6327 0.6045 0.4839
vn 0.5028 0.4361 0.7463
vn 0.5394 0.3860 0.7484
vn 0.3115 0.1929 0.9304
vn 0.5796 0.3381 0.7414
vn 0.3787 0.2845 0.8807
vn 0.6135 0.2916 0.7339
vn 0.3122 0.1480 0.9384
vn 0.0793 0.0352 0.9962
vn 0.0786 0.0309 0.9964
vn 0.3286 0.1254 0.9361
vn 0.7172 0.2971 0.6302
vn 0.0834 0.0283 0.9961
vn 0.3424 0.1017 0.9340
vn 0.0851 0.0285 0.9959
vn 0.6412 0.2441 0.7274
vn 0.6634 0.1958 0.7222
vn 0.3535 0.0770 0.9322
vn 0.0837 0.0243 0.9962
vn 0.0897 0.0214 0.9957
vn 0.0871 0.0170 0.9960
vn 0.3616 0.0515 0.9309
vn 0.0929 0.0136 0.9956
vn 0.6802 0.1472 0.7181
vn 0.6904 0.0882 0.7180
vn 0.3455 0.0184 0.9382
vn 0.0892 0.0092 0.9960
vn 0.0943 0.0052 0.9955
vn 0.0901 0.0009 0.9959
vn 0.3648 0.0032 0.9311
vn 0.0932 -0.0033 0.9956
vn 0.0931 -0.0032 0.9956
vn 0.8905 0.1933 0.4118
vn 0.9109 0.1097 0.3979
vn 0.9890 0.0887 0.1186
vn 0.7071 0.0000 -0.7071
vn 0.0709 0.2492 0.9658
vn 0.1591 0.5641 0.8102
vn 0.0868 0.5694 0.8174
vn 0.0032 0.4532 0.8914
vn 0.0478 0.2436 0.9687
vn 0.7197 0.0472 0.6926
vn 0.7092 0.1900 0.6789
vn -0.0400 0.0412 0.9983
vn -0.0399 0.0468 0.9981
vn -0.0415 0.0399 0.9983
vn -0.1883 0.1676 0.9677
vn -0.0414 0.0349 0.9985
vn -0.4398 0.3128 0.8419
vn -0.1971 0.1404 0.9703
vn -0.4124 0.3662 0.8341
vn -0.5938 0.5344 0.6014
vn -0.6510 0.4509 0.6106
vn -0.6879 0.3817 0.6173
vn -0.7716 0.4970 0.3968
vn -0.7707 0.4977 0.3977
vn -0.7315 0.5699 0.3742
vn -0.6733 0.6307 0.3857
vn -0.7901 0.5312 0.3058
vn -0.7305 0.6175 0.2918
vn -0.8036 0.5141 0.2997
vn -0.6734 0.6307 0.3857
vn -0.6672 0.6908 0.2785
vn -0.7471 0.5995 0.2870
vn -0.7676 0.5821 0.2680
vn -0.8515 0.4227 0.3103
vn -0.8673 0.4064 0.2872
vn -0.8409 0.4385 0.3171
vn -0.8908 0.3229 0.3197
vn -0.9195 0.2190 0.3264
vn -0.9304 0.2092 0.3010
vn -0.8827 0.3370 0.3273
vn -0.8274 0.4138 0.3797
vn -0.8387 0.3498 0.4173
vn -0.8463 0.3312 0.4172
vn -0.9147 0.2272 0.3340
vn -0.8788 0.2683 0.3945
vn -0.8930 0.1664 0.4182
vn -0.8917 0.1684 0.4201
vn -0.9337 0.1167 0.3384
vn -0.9372 0.1103 0.3309
vn -0.8877 0.1653 0.4296
vn -0.9520 0.0000 0.3059
vn -0.9431 0.0001 0.3324
vn -0.9427 -0.2057 0.2625
vn -0.9638 0.0000 0.2665
vn -0.9427 0.2057 0.2625
vn -0.9370 -0.1101 0.3313
vn -0.9304 -0.2092 0.3010
vn -0.9192 -0.2188 0.3272
vn -0.8904 -0.3227 0.3208
vn -0.8811 -0.4009 0.2510
vn -0.8673 -0.4064 0.2872
vn -0.8511 -0.4224 0.3118
vn -0.8032 -0.5137 0.3014
vn -0.7837 -0.5755 0.2337
vn -0.7685 -0.5815 0.2669
vn -0.7897 -0.5335 0.3029
vn -0.8420 -0.4373 0.3157
vn -0.7467 -0.5990 0.2889
vn -0.7325 -0.6157 0.2904
vn -0.6849 -0.6742 0.2763
vn -0.6659 -0.6934 0.2753
vn -0.6404 -0.7284 0.2433
vn -0.6669 -0.7150 0.2098
vn -0.4980 -0.8404 0.2137
vn -0.6221 -0.6829 0.3828
vn -0.6302 -0.6793 0.3759
vn -0.6903 -0.6294 0.3569
vn -0.6002 -0.5350 0.5945
vn -0.7447 -0.5545 0.3714
vn -0.7389 -0.5584 0.3771
vn -0.6387 -0.4488 0.6250
vn -0.7335 -0.5455 0.4055
vn -0.7443 -0.5382 0.3954
vn -0.6879 -0.3739 0.6220
vn -0.7906 -0.4915 0.3651
vn -0.8272 -0.3873 0.4071
vn -0.8257 -0.3887 0.4087
vn -0.8231 -0.3847 0.4177
vn -0.7155 -0.2993 0.6312
vn -0.8227 -0.3850 0.4183
vn -0.4811 -0.1942 0.8549
vn -0.7421 -0.1856 0.6440
vn -0.4941 -0.1307 0.8595
vn -0.8633 -0.2986 0.4068
vn -0.2089 -0.0849 0.9742
vn -0.4629 -0.2550 0.8489
vn -0.2114 -0.0558 0.9758
vn -0.2050 -0.1139 0.9721
vn -0.4399 -0.3126 0.8419
vn -0.2131 -0.0274 0.9766
vn -0.2138 0.0004 0.9768
vn -0.5020 -0.0656 0.8624
vn -0.5046 0.0003 0.8633
vn -0.7663 -0.1076 0.6334
vn -0.8806 -0.2006 0.4293
vn -0.8890 -0.2070 0.4083
vn -0.9016 -0.1193 0.4157
vn -0.7572 0.0065 0.6531
vn -0.9031 -0.0056 0.4293
vn -0.7602 0.1034 0.6413
vn -0.5019 0.0662 0.8624
vn -0.2121 0.0553 0.9756
vn -0.2132 0.0282 0.9766
vn -0.4940 0.1312 0.8595
vn -0.7491 0.1963 0.6327
vn -0.4809 0.1946 0.8549
vn -0.2086 0.0833 0.9744
vn -0.7091 0.2878 0.6437
vn -0.4627 0.2553 0.8489
vn -0.2033 0.1123 0.9726
vn -0.0420 0.0178 0.9989
vn -0.0421 0.0286 0.9987
vn -0.0421 0.0234 0.9988
vn -0.0452 0.0155 0.9988
vn -0.0394 0.0129 0.9991
vn -0.0454 0.0099 0.9989
vn -0.0373 0.0081 0.9993
vn -0.0459 0.0056 0.9989
vn -0.0399 0.0026 0.9992
vn -0.0457 0.0005 0.9989
vn -0.0425 0.0332 0.9985
vn -0.9222 0.0528 0.3829
vn -0.8877 0.1654 0.4296
vn -0.9402 -0.0004 0.3406
vn -0.9338 -0.1154 0.3387
vn -0.9146 -0.2279 0.3339
vn -0.8774 -0.2052 0.4335
vn -0.8832 -0.3378 0.3254
vn -0.8929 -0.3952 0.2157
vn -0.9531 -0.2026 0.2246
vn -0.9829 0.0000 0.1840
vn -0.9738 0.0000 0.2276
vn -0.9531 0.2026 0.2246
vn -0.9630 0.1996 0.1813
vn -0.8929 0.3952 0.2157
vn -0.9044 0.3898 0.1734
vn -0.9715 0.1965 0.1323
vn -0.8105 0.5629 0.1615
vn -0.7972 0.5690 0.2016
vn -0.8811 0.4009 0.2510
vn -0.7891 0.5687 0.2322
vn -0.7716 0.4983 0.3954
vn -0.7726 0.4977 0.3942
vn -0.6853 0.6746 0.2743
vn -0.5965 0.7581 0.2636
vn -0.6259 0.7002 0.3433
vn -0.5683 0.7406 0.3586
vn -0.6811 0.6388 0.3576
vn -0.6764 0.6414 0.3620
vn 0.2126 0.9475 0.2389
vn -0.0035 0.9857 0.1682
vn -0.6210 0.3392 0.7066
vn -0.8693 0.4918 0.0497
vn -0.6189 0.2629 0.7401
vn -0.7170 0.0377 0.6960
vn -0.7169 0.1583 0.6789
vn -0.9854 0.0951 0.1409
vn -0.9753 0.1814 0.1259
vn -0.9925 0.0466 0.1131
vn -0.9753 0.1815 0.1259
vn -0.9240 0.0088 0.3823
vn -0.9873 -0.0419 0.1532
vn -0.7097 -0.0983 0.6975
vn -0.9175 -0.1199 0.3790
vn 0.2728 -0.9241 0.2675
vn 0.4696 -0.8530 0.2278
vn 0.3663 -0.9012 0.2315
vn 0.0019 -0.5882 0.8087
vn -0.0119 -0.4418 0.8970
vn -0.0298 -0.3265 0.9447
vn 0.0104 -0.2075 0.9782
vn 0.0083 -0.1993 0.9799
vn -0.0478 -0.3189 0.9466
vn -0.0141 -0.0751 0.9971
vn -0.0104 -0.0813 0.9966
vn -0.0164 -0.0782 0.9968
vn -0.0704 -0.3094 0.9483
vn -0.1391 -0.6067 0.7826
vn -0.0924 -0.2969 0.9504
vn -0.0222 -0.0745 0.9969
vn -0.0200 -0.0703 0.9973
vn -0.1915 -0.8187 0.5413
vn -0.1838 -0.5869 0.7885
vn -0.1130 -0.2817 0.9528
vn -0.2271 -0.5624 0.7950
vn -0.2542 -0.8079 0.5315
vn -0.2272 -0.9278 0.2959
vn -0.2209 -0.9224 0.3168
vn -0.1325 -0.2624 0.9558
vn -0.0292 -0.0625 0.9976
vn -0.0329 -0.0643 0.9974
vn -0.0330 -0.0572 0.9978
vn -0.1502 -0.2423 0.9585
vn -0.0368 -0.0588 0.9976
vn -0.0360 -0.0512 0.9980
vn -0.1659 -0.2198 0.9613
vn -0.0402 -0.0526 0.9978
vn -0.0384 -0.0449 0.9982
vn -0.0419 -0.0457 0.9980
vn -0.0274 -0.0697 0.9972
vn -0.0249 -0.0647 0.9976
vn -0.7092 -0.1900 -0.6789
vn -0.7092 -0.1900 0.6789
vn -0.6377 0.0000 -0.7702
vn -0.6359 0.3671 0.6789
vn -0.5610 0.4304 -0.7071
vn -0.5192 0.5192 0.6789
vn -0.5192 0.5192 -0.6789
vn -0.3671 0.6359 0.6789
vn -0.3671 0.6359 -0.6789
vn -0.1900 0.7092 0.6789
vn -0.0472 0.7197 0.6926
vn -0.1900 0.7092 -0.6789
vn 0.1900 0.7092 -0.6789
vn 0.2706 0.6532 -0.7071
vn 0.3188 -0.5523 -0.7703
vn -0.5522 -0.3189 -0.7703
vn 0.1831 -0.2826 0.9416
vn 0.5110 -0.4425 0.7369
vn 0.5664 -0.5336 0.6281
vn 0.6308 -0.5841 0.5107
vn 0.6189 -0.5988 0.5082
vn 0.8244 0.5659 0.0088
vn 0.9203 0.3912 0.0035
vn 0.7562 0.5351 0.3766
vn 0.7997 0.4732 0.3694
vn 0.8184 0.4250 0.3865
vn 0.7215 0.5727 0.3890
vn 0.3371 0.2192 0.9156
vn 0.3395 0.1991 0.9193
vn 0.2910 0.2728 0.9170
vn 0.2625 0.2758 0.9246
vn 0.6866 0.6224 0.3756
vn 0.6370 0.6673 0.3858
vn 0.6852 0.7283 0.0032
vn 0.6343 0.6673 0.3903
vn 0.2488 0.3278 0.9114
vn 0.5974 0.7024 0.3868
vn 0.2096 0.2944 0.9324
vn 0.2078 0.3922 0.8961
vn 0.5343 0.7409 0.4068
vn 0.1513 0.4082 0.9002
vn 0.4977 0.7660 0.4069
vn 0.3294 0.8829 0.3346
vn 0.3898 0.8185 0.4220
vn 0.3153 0.8771 0.3623
vn 0.3629 0.9318 0.0059
vn 0.2715 0.8539 0.4439
vn 0.1936 0.9063 0.3755
vn 0.1876 0.8988 0.3961
vn 0.0367 0.4474 0.8936
vn 0.1482 0.8843 0.4427
vn 0.0093 0.9265 0.3762
vn 0.0343 0.9994 0.0034
vn -0.0855 0.9024 0.4222
vn -0.1535 0.9146 0.3739
vn -0.0713 0.4490 0.8906
vn 0.0011 0.3946 0.9188
vn -0.0723 0.3714 0.9256
vn -0.1328 0.4391 0.8885
vn -0.1452 0.9130 0.3811
vn -0.1154 0.3022 0.9462
vn 0.5426 0.8397 0.0222
vn 0.5343 0.8452 0.0042
vn 0.7110 0.7026 0.0291
vn 0.6966 0.7172 0.0157
vn 0.7302 0.6818 0.0431
vn -0.7819 -0.4601 0.4206
vn -0.8821 -0.4707 -0.0156
vn -0.8789 -0.4767 -0.0145
vn -0.8819 -0.4710 -0.0188
vn -0.8826 -0.4696 -0.0218
vn -0.8816 -0.4711 -0.0280
vn -0.8853 -0.4638 -0.0318
vn -0.8971 -0.4415 -0.0144
vn -0.8059 -0.4193 0.4179
vn -0.8783 -0.3738 0.2980
vn -0.8605 -0.2955 0.4149
vn -0.8945 -0.2542 0.3676
vn -0.8728 -0.1718 0.4568
vn -0.9781 -0.1591 -0.1343
vn -0.8908 -0.1514 0.4284
vn -0.9193 -0.1242 0.3733
vn -0.9726 -0.1899 -0.1338
vn -0.9077 -0.2024 0.3676
vn -0.9400 -0.3218 -0.1135
vn -0.9059 -0.4053 -0.1228
vn -0.8692 -0.4931 -0.0354
vn -0.8986 -0.4375 -0.0329
vn -0.8816 -0.4680 -0.0605
vn -0.8776 -0.4744 -0.0685
vn -0.8786 -0.4716 -0.0754
vn -0.8764 -0.4739 -0.0850
vn 0.4466 -0.0036 0.8947
vn 0.4140 -0.0135 0.9102
vn 0.4532 -0.0678 0.8888
vn 0.3532 -0.0646 0.9333
vn -0.8042 0.2275 -0.5491
usemtl motoman_scan_mat
s 1
f 5/1/1 2/2/2 1/3/3
f 1/3/3 2/2/2 3/4/4
f 3/4/4 4/5/5 1/3/3
f 1/3/3 4/5/5 5/1/1
f 5/1/1 4/5/5 9/6/6
f 5/1/1 8/7/7 2/2/2
f 5/1/1 6/8/8 8/7/7
f 7/9/9 6/8/8 5/1/1
f 5/10/1 9/11/6 7/12/9
f 3/4/4 9/6/6 4/5/5
f 10/13/10 9/6/6 3/4/4
f 10/14/10 11/15/11 9/11/6
f 7/12/9 9/11/6 11/15/11
f 11/15/11 21/16/12 12/17/13
f 12/17/13 14/18/14 11/15/11
f 15/19/15 11/15/11 13/20/16
f 11/15/11 17/21/17 13/20/16
f 11/15/11 14/18/14 20/22/18
f 7/12/9 11/15/11 15/19/15
f 11/15/11 16/23/19 21/16/12
f 19/24/20 16/23/19 11/15/11
f 11/15/11 18/25/21 17/21/17
f 20/22/18 18/25/21 11/15/11
f 19/24/20 11/15/11 10/14/10
f 22/26/22 12/17/13 21/16/12
f 21/16/12 16/23/19 22/26/22
f 27/27/23 22/28/22 23/29/24
f 28/30/25 23/29/24 22/28/22
f 26/31/26 24/32/27 22/28/22
f 24/33/27 25/34/28 22/26/22
f 22/26/22 25/34/28 12/17/13
f 26/31/26 22/28/22 27/27/23
f 28/30/25 22/28/22 16/35/19
f 3/36/4 31/37/29 28/38/25
f 28/30/25 16/35/19 3/4/4
f 29/39/30 28/38/25 31/37/29
f 30/40/31 28/38/25 29/39/30
f 30/41/31 23/29/24 28/30/25
f 31/42/29 32/43/32 33/44/33
f 32/45/32 31/37/29 3/36/4
f 34/46/34 31/42/29 33/44/33
f 29/47/30 31/42/29 34/46/34
f 34/48/34 30/49/31 29/50/30
f 34/46/34 33/44/33 36/51/35
f 36/52/35 35/53/36 34/48/34
f 35/53/36 30/49/31 34/48/34
f 37/54/37 35/53/36 36/52/35
f 36/55/35 38/56/38 37/57/37
f 36/51/35 33/44/33 38/58/38
f 37/57/37 38/56/38 40/59/39
f 33/44/33 39/60/40 38/58/38
f 39/61/40 40/62/39 38/63/38
f 40/64/39 45/65/41 41/66/42
f 41/66/42 42/67/43 40/64/39
f 42/67/43 46/68/44 40/64/39
f 43/69/45 40/62/39 39/61/40
f 43/70/45 44/71/46 40/64/39
f 40/64/39 44/71/46 45/65/41
f 40/64/39 46/68/44 47/72/47
f 40/64/39 47/72/47 37/73/37
f 46/68/44 50/74/48 47/72/47
f 47/72/47 50/74/48 48/75/49
f 48/76/49 49/77/50 47/78/47
f 37/73/37 47/72/47 49/79/50
f 46/68/44 42/67/43 50/74/48
f 50/74/48 51/80/51 54/81/52
f 50/74/48 52/82/53 51/80/51
f 53/83/54 52/82/53 50/74/48
f 53/83/54 50/74/48 55/84/55
f 55/84/55 50/74/48 42/67/43
f 48/75/49 50/74/48 54/81/52
f 56/85/56 53/83/54 55/84/55
f 56/85/56 55/84/55 57/86/57
f 55/84/55 42/67/43 58/87/58
f 57/86/57 55/84/55 58/87/58
f 58/87/58 41/66/42 45/65/41
f 58/87/58 45/65/41 57/86/57
f 58/87/58 42/67/43 41/66/42
f 57/86/57 69/88/59 56/85/56
f 57/86/57 44/71/46 65/89/60
f 57/86/57 45/65/41 44/71/46
f 57/86/57 59/90/61 62/91/62
f 64/92/63 59/90/61 57/86/57
f 60/93/64 67/94/65 57/86/57
f 57/86/57 62/91/62 60/93/64
f 57/86/57 61/95/66 64/92/63
f 57/86/57 63/96/67 61/95/66
f 65/89/60 63/96/67 57/86/57
f 57/86/57 66/97/68 69/88/59
f 68/98/69 66/97/68 57/86/57
f 57/86/57 67/94/65 68/98/69
f 66/97/68 72/99/70 69/88/59
f 56/85/56 69/88/59 71/100/71
f 69/88/59 70/101/72 71/100/71
f 69/88/59 75/102/73 70/101/72
f 69/88/59 72/99/70 73/103/74
f 69/88/59 73/103/74 74/104/75
f 74/104/75 75/102/73 69/88/59
f 76/105/76 70/106/72 75/107/73
f 76/105/76 75/107/73 77/108/77
f 77/108/77 75/107/73 74/109/75
f 77/108/77 74/109/75 78/110/78
f 76/105/76 77/108/77 79/111/79
f 79/111/79 77/108/77 78/110/78
f 76/105/76 79/111/79 83/112/80
f 79/111/79 80/113/81 84/114/82
f 79/111/79 81/115/83 80/113/81
f 82/116/84 81/115/83 79/111/79
f 88/117/85 82/118/84 79/119/79
f 83/112/80 79/111/79 84/114/82
f 79/111/79 78/110/78 85/120/86
f 85/120/86 87/121/87 79/111/79
f 79/111/79 86/122/88 88/123/85
f 79/111/79 87/121/87 86/122/88
f 89/124/89 90/125/90 88/123/85
f 88/123/85 86/122/88 89/124/89
f 88/117/85 90/126/90 82/118/84
f 89/127/89 92/128/91 90/126/90
f 91/129/92 90/126/90 92/128/91
f 91/129/92 82/118/84 90/126/90
f 94/130/93 92/131/91 89/124/89
f 94/130/93 93/132/94 92/131/91
f 93/133/94 91/129/92 92/128/91
f 86/122/88 94/130/93 89/124/89
f 86/122/88 95/134/95 94/130/93
f 95/134/95 96/135/96 94/130/93
f 94/130/93 96/135/96 93/132/94
f 96/136/96 97/137/97 93/133/94
f 96/136/96 98/138/98 97/137/97
f 95/139/95 98/138/98 96/136/96
f 98/138/98 100/140/99 97/137/97
f 99/141/100 98/142/98 95/134/95
f 99/141/100 100/143/99 98/142/98
f 97/137/97 100/140/99 101/144/101
f 101/145/101 100/143/99 99/141/100
f 97/137/97 101/144/101 102/146/102
f 101/145/101 103/147/103 102/148/102
f 99/141/100 103/147/103 101/145/101
f 103/147/103 86/122/88 104/149/104
f 99/141/100 86/122/88 103/147/103
f 102/148/102 103/147/103 104/149/104
f 86/122/88 106/150/105 104/149/104
f 102/148/102 104/149/104 105/151/106
f 105/151/106 104/149/104 106/150/105
f 109/152/107 106/150/105 107/153/108
f 86/122/88 107/153/108 106/150/105
f 108/154/109 106/150/105 109/152/107
f 105/151/106 106/150/105 108/154/109
f 109/152/107 107/153/108 110/155/110
f 110/156/110 111/157/111 109/158/107
f 109/158/107 111/157/111 112/159/112
f 109/158/107 112/159/112 108/160/109
f 111/157/111 113/161/113 112/159/112
f 112/159/112 105/162/106 108/160/109
f 112/159/112 114/163/114 97/137/97
f 97/137/97 102/146/102 112/159/112
f 112/159/112 102/146/102 105/162/106
f 112/159/112 113/161/113 114/163/114
f 114/163/114 115/164/115 117/165/116
f 114/163/114 116/166/117 115/164/115
f 97/137/97 114/163/114 117/165/116
f 113/161/113 116/166/117 114/163/114
f 117/165/116 118/167/118 91/129/92
f 97/137/97 117/165/116 91/129/92
f 117/165/116 115/164/115 118/167/118
f 91/129/92 118/167/118 119/168/119
f 120/169/120 119/168/119 118/167/118
f 120/169/120 118/167/118 121/170/121
f 121/170/121 118/167/118 115/164/115
f 121/170/121 115/164/115 122/171/122
f 122/171/122 124/172/123 121/170/121
f 121/170/121 123/173/124 120/169/120
f 121/170/121 124/172/123 123/173/124
f 122/171/122 125/174/125 124/172/123
f 125/174/125 126/175/126 124/172/123
f 124/172/123 127/176/127 123/173/124
f 124/172/123 126/175/126 127/176/127
f 126/175/126 129/177/128 127/176/127
f 127/176/127 128/178/129 130/179/130
f 127/176/127 129/177/128 128/178/129
f 123/173/124 127/176/127 130/179/130
f 130/179/130 131/180/131 132/181/132
f 130/179/130 128/178/129 131/180/131
f 133/182/133 130/179/130 132/181/132
f 123/173/124 130/179/130 133/182/133
f 120/169/120 123/173/124 133/182/133
f 135/183/134 133/182/133 134/184/135
f 133/182/133 132/181/132 134/184/135
f 120/169/120 133/182/133 135/183/134
f 135/183/134 134/184/135 136/185/136
f 136/185/136 137/186/137 135/183/134
f 135/183/134 137/186/137 119/168/119
f 135/183/134 119/168/119 120/169/120
f 140/187/138 137/186/137 138/188/139
f 136/185/136 138/188/139 137/186/137
f 139/189/140 119/168/119 137/186/137
f 139/189/140 137/186/137 140/187/138
f 141/190/141 139/189/140 140/187/138
f 141/190/141 140/187/138 143/191/142
f 140/187/138 142/192/143 144/193/144
f 140/187/138 145/194/145 142/192/143
f 143/191/142 140/187/138 144/193/144
f 138/188/139 145/194/145 140/187/138
f 145/194/145 152/195/146 146/196/147
f 146/196/147 148/197/148 145/194/145
f 138/188/139 147/198/149 145/194/145
f 147/198/149 150/199/150 145/194/145
f 145/194/145 148/197/148 149/200/151
f 145/194/145 149/200/151 142/192/143
f 150/199/150 151/201/152 145/194/145
f 145/194/145 151/201/152 152/195/146
f 153/202/153 152/203/146 154/204/154
f 153/205/153 146/196/147 152/195/146
f 154/204/154 152/203/146 151/206/152
f 83/112/80 153/202/153 154/204/154
f 154/204/154 151/206/152 155/207/155
f 154/204/154 155/207/155 156/208/156
f 83/112/80 154/204/154 156/208/156
f 156/209/156 155/210/155 157/211/157
f 156/208/156 157/212/157 158/213/158
f 158/213/158 83/112/80 156/208/156
f 174/214/159 159/215/160 158/213/158
f 159/215/160 160/216/161 158/213/158
f 158/213/158 160/216/161 163/217/162
f 158/213/158 161/218/163 162/219/164
f 157/212/157 161/218/163 158/213/158
f 158/213/158 162/219/164 165/220/165
f 163/217/162 166/221/166 158/213/158
f 169/222/167 158/213/158 164/223/168
f 165/220/165 164/223/168 158/213/158
f 158/213/158 166/221/166 167/224/169
f 158/213/158 167/224/169 168/225/170
f 168/225/170 170/226/171 158/213/158
f 174/214/159 158/213/158 169/222/167
f 158/213/158 170/226/171 171/227/172
f 158/213/158 171/227/172 172/228/173
f 172/228/173 173/229/174 158/213/158
f 158/213/158 173/229/174 83/112/80
f 175/230/175 159/215/160 174/214/159
f 177/231/176 175/232/175 174/233/159
f 176/234/177 174/214/159 169/222/167
f 177/235/176 174/214/159 176/234/177
f 177/231/176 178/236/178 179/237/179
f 176/238/177 178/236/178 177/231/176
f 177/231/176 179/237/179 180/239/180
f 180/239/180 175/232/175 177/231/176
f 180/239/180 179/237/179 181/240/181
f 180/239/180 181/240/181 182/241/182
f 182/242/182 175/230/175 180/243/180
f 182/241/182 183/244/183 191/245/184
f 184/246/185 183/244/183 182/241/182
f 190/247/186 184/246/185 182/241/182
f 182/241/182 181/240/181 185/248/187
f 182/242/182 159/215/160 175/230/175
f 186/249/188 159/215/160 182/242/182
f 182/241/182 185/248/187 190/247/186
f 187/250/189 186/251/188 182/241/182
f 187/250/189 182/241/182 188/252/190
f 188/252/190 182/241/182 189/253/191
f 182/241/182 191/245/184 189/253/191
f 192/254/192 191/255/184 183/256/183
f 189/257/191 191/255/184 192/254/192
f 192/258/192 194/259/193 193/260/194
f 192/254/192 193/261/194 189/257/191
f 192/258/192 195/262/195 194/259/193
f 196/263/196 195/262/195 192/258/192
f 192/254/192 183/256/183 196/264/196
f 185/265/187 195/266/195 196/267/196
f 185/265/187 196/267/196 190/268/186
f 196/267/196 184/269/185 190/268/186
f 196/264/196 183/256/183 184/270/185
f 179/271/179 195/266/195 181/272/181
f 179/271/179 194/273/193 195/266/195
f 181/272/181 195/266/195 185/265/187
f 197/274/197 194/259/193 198/275/198
f 197/274/197 202/276/199 194/259/193
f 198/275/198 194/259/193 199/277/200
f 193/260/194 194/259/193 201/278/201
f 200/279/202 199/280/200 194/273/193
f 200/279/202 194/273/193 178/281/178
f 178/281/178 194/273/193 179/271/179
f 194/259/193 202/276/199 201/278/201
f 203/282/203 202/276/199 197/274/197
f 204/283/204 202/284/199 203/285/203
f 202/284/199 204/283/204 205/286/205
f 201/287/201 202/284/199 205/286/205
f 205/286/205 207/288/206 206/289/207
f 205/286/205 206/289/207 209/290/208
f 205/286/205 204/283/204 207/288/206
f 205/286/205 208/291/209 201/287/201
f 205/286/205 210/292/210 208/291/209
f 209/290/208 210/292/210 205/286/205
f 210/292/210 211/293/211 208/291/209
f 210/292/210 218/294/212 211/293/211
f 209/290/208 212/295/213 210/292/210
f 210/292/210 212/295/213 213/296/214
f 210/292/210 213/296/214 214/297/215
f 214/297/215 216/298/216 210/292/210
f 210/292/210 217/299/217 215/300/218
f 215/300/218 218/294/212 210/292/210
f 210/292/210 216/298/216 217/299/217
f 215/301/218 219/302/219 218/303/212
f 218/304/212 219/305/219 211/306/211
f 220/307/220 219/302/219 215/301/218
f 219/305/219 220/308/220 221/309/221
f 211/306/211 219/305/219 221/309/221
f 220/307/220 223/310/222 221/311/221
f 222/312/223 221/311/221 188/252/190
f 222/313/223 201/314/201 221/309/221
f 208/315/209 221/309/221 201/314/201
f 211/306/211 221/309/221 208/315/209
f 188/252/190 221/311/221 223/310/222
f 188/252/190 223/310/222 187/250/189
f 224/316/224 223/310/222 225/317/225
f 224/316/224 187/250/189 223/310/222
f 225/317/225 223/310/222 226/318/226
f 215/301/218 226/318/226 223/310/222
f 215/301/218 223/310/222 220/307/220
f 228/319/227 225/317/225 226/318/226
f 227/320/228 229/321/229 226/318/226
f 227/322/228 226/323/226 215/300/218
f 226/318/226 230/324/230 228/319/227
f 226/318/226 229/321/229 230/324/230
f 232/325/231 230/324/230 229/321/229
f 231/326/232 230/324/230 232/325/231
f 228/319/227 230/324/230 231/326/232
f 232/327/231 235/328/233 233/329/234
f 240/330/235 232/325/231 233/331/234
f 234/332/236 232/325/231 236/333/237
f 234/334/236 239/335/238 232/327/231
f 232/327/231 237/336/239 235/328/233
f 232/325/231 229/321/229 236/333/237
f 239/335/238 237/336/239 232/327/231
f 238/337/240 231/326/232 232/325/231
f 238/337/240 232/325/231 240/330/235
f 240/330/235 233/331/234 246/338/241
f 240/330/235 241/339/242 247/340/243
f 246/338/241 241/339/242 240/330/235
f 240/330/235 245/341/244 242/342/245
f 240/330/235 242/342/245 238/337/240
f 240/330/235 247/340/243 243/343/246
f 243/343/246 244/344/247 240/330/235
f 240/330/235 244/344/247 245/341/244
f 248/345/248 247/340/243 241/339/242
f 250/346/249 247/340/243 248/345/248
f 243/343/246 247/340/243 249/347/250
f 247/340/243 250/346/249 249/347/250
f 251/348/251 250/346/249 248/345/248
f 249/347/250 250/346/249 251/348/251
f 251/348/251 248/345/248 255/349/252
f 249/347/250 251/348/251 253/350/253
f 252/351/254 251/348/251 255/349/252
f 252/351/254 254/352/255 251/348/251
f 253/350/253 251/348/251 254/352/255
f 255/349/252 248/345/248 256/353/256
f 255/349/252 256/353/256 252/351/254
f 256/353/256 248/345/248 257/354/257
f 252/351/254 256/353/256 257/354/257
f 257/354/257 248/345/248 260/355/258
f 252/351/254 257/354/257 258/356/259
f 258/356/259 257/354/257 259/357/260
f 257/354/257 261/358/261 259/357/260
f 257/354/257 260/355/258 261/358/261
f 262/359/262 261/360/261 260/361/258
f 263/362/263 259/363/260 261/360/261
f 263/362/263 261/360/261 262/359/262
f 258/356/259 259/357/260 263/364/263
f 258/356/259 263/364/263 262/365/262
f 264/366/264 265/367/265 262/359/262
f 262/359/262 260/361/258 264/366/264
f 266/368/266 258/356/259 262/365/262
f 262/359/262 265/367/265 266/369/266
f 266/369/266 265/367/265 267/370/267
f 267/371/267 258/356/259 266/368/266
f 267/370/267 265/367/265 269/372/268
f 267/371/267 270/373/269 268/374/270
f 268/374/270 252/351/254 267/371/267
f 267/370/267 269/372/268 270/375/269
f 267/371/267 252/351/254 258/356/259
f 268/374/270 270/373/269 271/376/271
f 270/375/269 269/372/268 271/377/271
f 268/374/270 271/376/271 272/378/272
f 272/378/272 271/376/271 274/379/273
f 271/376/271 273/380/274 274/379/273
f 271/377/271 269/372/268 273/381/274
f 273/380/274 275/382/275 274/379/273
f 272/378/272 274/379/273 277/383/276
f 274/379/273 275/382/275 276/384/277
f 274/379/273 276/384/277 277/383/276
f 277/383/276 276/384/277 279/385/278
f 280/386/279 277/383/276 278/387/280
f 277/383/276 279/385/278 278/387/280
f 272/378/272 277/383/276 280/386/279
f 281/388/281 272/378/272 280/386/279
f 280/386/279 49/79/50 281/388/281
f 278/387/280 49/79/50 280/386/279
f 282/389/282 284/390/283 281/391/281
f 282/392/282 281/393/281 285/394/284
f 283/395/285 272/378/272 281/388/281
f 281/396/281 284/397/283 283/398/285
f 285/394/284 281/393/281 49/77/50
f 282/399/282 285/400/284 286/401/286
f 285/394/284 49/77/50 48/76/49
f 286/401/286 285/400/284 54/402/52
f 48/76/49 54/403/52 285/394/284
f 286/401/286 54/402/52 287/404/287
f 289/405/288 286/406/286 287/407/287
f 286/401/286 288/408/289 282/399/282
f 288/409/289 286/406/286 289/405/288
f 289/405/288 287/407/287 293/410/290
f 173/229/174 289/411/288 292/412/291
f 172/228/173 289/411/288 173/229/174
f 172/228/173 294/413/292 289/411/288
f 289/405/288 290/414/293 291/415/294
f 293/410/290 290/414/293 289/405/288
f 289/405/288 291/415/294 56/85/56
f 292/416/291 289/405/288 56/85/56
f 288/409/289 289/405/288 294/417/292
f 294/417/292 295/418/295 288/409/289
f 295/419/295 294/413/292 172/228/173
f 288/409/289 295/418/295 296/420/296
f 171/227/172 296/421/296 295/419/295
f 172/228/173 171/227/172 295/419/295
f 288/409/289 296/420/296 268/374/270
f 171/227/172 268/422/270 296/421/296
f 293/423/290 287/404/287 297/424/297
f 297/424/297 51/425/51 293/423/290
f 293/423/290 51/425/51 52/426/53
f 293/423/290 52/426/53 290/427/293
f 287/404/287 298/428/298 297/424/297
f 54/402/52 51/425/51 297/424/297
f 54/402/52 297/424/297 298/428/298
f 287/404/287 54/402/52 298/428/298
f 173/229/174 292/412/291 83/112/80
f 83/112/80 292/412/291 71/429/71
f 56/85/56 71/100/71 292/416/291
f 291/415/294 52/82/53 53/83/54
f 290/427/293 52/426/53 291/430/294
f 56/85/56 291/415/294 53/83/54
f 282/399/282 288/408/289 284/431/283
f 288/409/289 268/374/270 284/432/283
f 284/432/283 268/374/270 283/395/285
f 272/378/272 283/395/285 268/374/270
f 279/385/278 276/384/277 26/31/26
f 278/387/280 279/385/278 299/433/299
f 279/385/278 26/31/26 299/433/299
f 299/433/299 27/27/23 23/29/24
f 278/387/280 299/433/299 23/29/24
f 299/433/299 26/31/26 27/27/23
f 35/434/36 49/79/50 278/387/280
f 35/434/36 278/387/280 30/41/31
f 30/41/31 278/387/280 23/29/24
f 300/435/300 276/384/277 275/382/275
f 26/31/26 276/384/277 300/435/300
f 300/435/300 301/436/301 24/32/27
f 300/435/300 24/32/27 26/31/26
f 300/435/300 275/382/275 301/436/301
f 24/32/27 301/436/301 302/437/302
f 301/436/301 273/380/274 302/437/302
f 301/436/301 275/382/275 273/380/274
f 24/32/27 302/437/302 25/438/28
f 302/439/302 303/440/303 25/441/28
f 304/442/304 303/443/303 302/437/302
f 302/437/302 273/380/274 304/442/304
f 314/444/305 304/442/304 264/445/264
f 265/446/265 264/445/264 304/442/304
f 315/447/306 305/448/307 304/449/304
f 305/450/307 308/451/308 304/442/304
f 304/442/304 306/452/309 311/453/310
f 304/442/304 308/451/308 306/452/309
f 304/442/304 307/454/311 313/455/312
f 304/442/304 310/456/313 307/454/311
f 304/442/304 273/380/274 269/457/268
f 309/458/314 310/456/313 304/442/304
f 309/458/314 304/442/304 314/444/305
f 304/442/304 269/457/268 265/446/265
f 311/453/310 312/459/315 304/442/304
f 304/442/304 312/459/315 303/443/303
f 315/447/306 304/449/304 313/460/312
f 316/461/316 315/447/306 318/462/317
f 317/463/318 315/447/306 316/461/316
f 317/463/318 305/448/307 315/447/306
f 315/447/306 313/460/312 318/462/317
f 318/462/317 320/464/319 319/465/320
f 316/461/316 318/462/317 319/465/320
f 318/462/317 313/460/312 320/464/319
f 320/466/319 321/467/321 322/468/322
f 313/455/312 321/467/321 320/466/319
f 320/464/319 323/469/323 319/465/320
f 320/466/319 322/468/322 323/470/323
f 319/465/320 323/469/323 324/471/324
f 323/470/323 325/472/325 324/473/324
f 323/470/323 322/468/322 325/472/325
f 324/473/324 325/472/325 328/474/326
f 326/475/327 330/476/328 325/472/325
f 325/472/325 329/477/329 326/475/327
f 325/472/325 331/478/330 327/479/331
f 327/479/331 328/474/326 325/472/325
f 322/468/322 329/477/329 325/472/325
f 325/472/325 330/476/328 331/478/330
f 331/478/330 332/480/332 333/481/333
f 330/476/328 332/480/332 331/478/330
f 331/478/330 333/481/333 334/482/334
f 327/479/331 331/478/330 334/482/334
f 334/482/334 333/481/333 335/483/335
f 327/479/331 334/482/334 335/483/335
f 335/483/335 336/484/336 338/485/337
f 335/483/335 333/481/333 336/484/336
f 335/483/335 337/486/338 327/479/331
f 338/485/337 337/486/338 335/483/335
f 338/485/337 336/484/336 341/487/339
f 339/488/340 342/489/341 338/490/337
f 340/491/342 339/492/340 338/485/337
f 338/485/337 341/487/339 340/491/342
f 338/485/337 343/493/343 337/486/338
f 338/485/337 342/494/341 343/493/343
f 327/479/331 337/486/338 343/493/343
f 344/495/344 343/496/343 342/489/341
f 327/479/331 343/493/343 344/497/344
f 345/498/345 344/495/344 350/499/346
f 345/498/345 347/500/347 344/495/344
f 344/495/344 349/501/348 346/502/349
f 344/497/344 346/503/349 327/479/331
f 344/495/344 347/500/347 349/501/348
f 344/495/344 342/489/341 348/504/350
f 350/499/346 344/495/344 348/504/350
f 350/499/346 354/505/351 351/506/352
f 350/499/346 351/506/352 345/498/345
f 350/499/346 352/507/353 354/505/351
f 353/508/354 352/507/353 350/499/346
f 350/499/346 348/504/350 353/508/354
f 351/506/352 354/505/351 356/509/355
f 354/505/351 358/510/356 355/511/357
f 354/505/351 355/511/357 356/509/355
f 352/507/353 357/512/358 354/505/351
f 354/505/351 357/512/358 358/510/356
f 358/510/356 357/512/358 359/513/359
f 358/510/356 359/513/359 355/511/357
f 359/513/359 206/289/207 364/514/360
f 212/295/213 206/289/207 359/513/359
f 360/515/361 359/513/359 362/516/362
f 359/513/359 360/515/361 361/517/363
f 214/297/215 359/513/359 361/517/363
f 362/516/362 359/513/359 363/518/364
f 363/518/364 359/513/359 264/366/264
f 359/513/359 341/519/339 264/366/264
f 357/512/358 340/520/342 359/513/359
f 213/296/214 212/295/213 359/513/359
f 359/513/359 340/520/342 341/519/339
f 359/513/359 364/514/360 355/511/357
f 213/296/214 359/513/359 214/297/215
f 356/509/355 355/511/357 364/514/360
f 356/509/355 364/514/360 365/521/365
f 365/521/365 364/514/360 206/289/207
f 366/522/366 365/521/365 206/289/207
f 366/522/366 367/523/367 365/521/365
f 367/523/367 356/509/355 365/521/365
f 351/506/352 356/509/355 367/523/367
f 368/524/368 351/506/352 367/523/367
f 368/524/368 367/523/367 366/522/366
f 368/524/368 366/522/366 370/525/369
f 345/498/345 351/506/352 368/524/368
f 345/498/345 368/524/368 347/500/347
f 347/500/347 368/524/368 369/526/370
f 368/524/368 370/525/369 369/526/370
f 370/525/369 371/527/371 373/528/372
f 203/285/203 371/527/371 370/525/369
f 203/285/203 370/525/369 204/283/204
f 204/283/204 370/525/369 366/522/366
f 369/526/370 370/525/369 372/529/373
f 370/525/369 373/528/372 372/529/373
f 197/530/197 373/531/372 371/532/371
f 374/533/374 373/531/372 197/530/197
f 372/529/373 373/528/372 374/534/374
f 197/530/197 375/535/375 374/533/374
f 372/529/373 374/534/374 375/536/375
f 197/530/197 376/537/376 375/535/375
f 377/538/377 375/539/375 376/540/376
f 372/541/373 375/539/375 377/538/377
f 378/542/378 377/538/377 379/543/379
f 380/544/380 377/538/377 378/542/378
f 377/538/377 376/540/376 379/543/379
f 381/545/381 377/538/377 380/544/380
f 382/546/382 372/541/373 377/538/377
f 382/546/382 377/538/377 381/545/381
f 383/547/383 382/546/382 381/545/381
f 383/547/383 369/548/370 382/546/382
f 369/548/370 372/541/373 382/546/382
f 384/549/384 385/550/385 383/547/383
f 381/545/381 384/549/384 383/547/383
f 383/547/383 386/551/386 369/548/370
f 383/547/383 385/550/385 386/551/386
f 327/479/331 386/551/386 385/550/385
f 327/479/331 346/503/349 386/551/386
f 369/548/370 386/551/386 346/503/349
f 388/552/387 385/550/385 387/553/388
f 384/549/384 387/553/388 385/550/385
f 388/552/387 327/479/331 385/550/385
f 387/553/388 391/554/389 388/552/387
f 389/555/390 388/552/387 390/556/391
f 389/555/390 327/479/331 388/552/387
f 390/556/391 388/552/387 391/554/389
f 384/549/384 392/557/392 391/554/389
f 391/554/389 387/553/388 384/549/384
f 390/556/391 391/554/389 392/557/392
f 392/557/392 393/558/393 390/556/391
f 392/557/392 394/559/394 393/558/393
f 384/549/384 394/559/394 392/557/392
f 393/558/393 394/559/394 169/560/167
f 176/234/177 169/222/167 394/561/394
f 395/562/395 394/559/394 384/549/384
f 176/238/177 394/559/394 395/562/395
f 381/545/381 380/544/380 395/562/395
f 380/544/380 176/238/177 395/562/395
f 395/562/395 384/549/384 381/545/381
f 393/558/393 169/560/167 164/563/168
f 390/556/391 393/558/393 164/563/168
f 390/556/391 164/563/168 397/564/396
f 396/565/397 389/555/390 390/556/391
f 397/566/396 396/567/397 390/568/391
f 316/461/316 397/569/396 164/223/168
f 398/570/398 399/571/399 397/564/396
f 398/572/398 397/569/396 316/461/316
f 397/564/396 399/571/399 396/565/397
f 398/570/398 324/473/324 399/571/399
f 324/473/324 328/474/326 399/571/399
f 399/571/399 400/573/326 396/565/397
f 399/571/399 328/474/326 400/573/326
f 396/565/397 400/573/326 389/555/390
f 389/555/390 400/573/326 327/479/331
f 327/479/331 400/573/326 328/474/326
f 319/574/320 324/473/324 398/570/398
f 319/465/320 398/572/398 316/461/316
f 378/542/378 176/238/177 380/544/380
f 379/575/379 376/537/376 197/530/197
f 197/530/197 401/576/400 379/575/379
f 378/542/378 379/543/379 401/577/400
f 402/578/401 401/576/400 197/530/197
f 401/577/400 402/579/401 378/542/378
f 378/542/378 402/579/401 176/238/177
f 402/579/401 403/580/402 176/238/177
f 402/581/401 197/582/197 403/583/402
f 403/583/402 197/582/197 198/584/198
f 403/583/402 198/584/198 404/585/403
f 176/238/177 403/580/402 404/586/403
f 404/585/403 198/584/198 405/587/404
f 176/238/177 404/586/403 405/588/404
f 405/587/404 198/584/198 199/280/200
f 405/587/404 199/280/200 200/279/202
f 405/588/404 200/589/202 176/238/177
f 197/530/197 371/532/371 203/590/203
f 347/500/347 369/526/370 349/501/348
f 369/526/370 346/502/349 349/501/348
f 206/289/207 207/288/206 366/522/366
f 204/283/204 366/522/366 207/288/206
f 362/516/362 363/518/364 410/591/405
f 264/366/264 409/592/406 363/518/364
f 363/518/364 408/593/407 406/594/408
f 407/595/409 363/518/364 406/594/408
f 407/595/409 410/591/405 363/518/364
f 363/518/364 409/592/406 408/593/407
f 410/591/405 412/596/410 360/515/361
f 362/516/362 410/591/405 360/515/361
f 410/591/405 411/597/411 412/596/410
f 407/595/409 411/597/411 410/591/405
f 412/596/410 361/517/363 360/515/361
f 239/335/238 361/517/363 412/596/410
f 412/596/410 411/597/411 239/335/238
f 407/595/409 237/336/239 411/597/411
f 239/335/238 411/597/411 237/336/239
f 413/598/412 409/599/406 248/345/248
f 413/598/412 408/600/407 409/599/406
f 248/345/248 409/599/406 414/601/413
f 264/366/264 414/602/413 409/592/406
f 260/361/258 414/602/413 264/366/264
f 248/345/248 414/601/413 260/355/258
f 415/603/414 408/600/407 413/598/412
f 415/603/414 413/598/412 248/345/248
f 248/345/248 241/339/242 415/603/414
f 415/603/414 406/604/408 408/600/407
f 416/605/415 406/594/408 415/606/414
f 415/606/414 233/329/234 416/605/415
f 415/603/414 246/338/241 233/331/234
f 415/603/414 241/339/242 246/338/241
f 406/594/408 416/605/415 407/595/409
f 416/605/415 235/328/233 407/595/409
f 416/605/415 233/329/234 235/328/233
f 407/595/409 235/328/233 237/336/239
f 239/335/238 417/607/416 361/517/363
f 216/298/216 361/517/363 417/607/416
f 214/297/215 361/517/363 216/298/216
f 418/608/417 417/607/416 239/335/238
f 417/607/416 418/608/417 217/299/217
f 216/298/216 417/607/416 217/299/217
f 418/608/417 239/335/238 234/334/236
f 217/299/217 418/608/417 234/334/236
f 352/507/353 353/508/354 357/512/358
f 357/512/358 353/508/354 339/488/340
f 357/512/358 339/488/340 340/520/342
f 353/508/354 348/504/350 339/488/340
f 339/488/340 348/504/350 342/489/341
f 264/366/264 341/519/339 336/609/336
f 336/484/336 333/481/333 419/610/418
f 264/366/264 336/609/336 419/611/418
f 420/612/419 419/610/418 333/481/333
f 421/613/420 419/610/418 420/612/419
f 421/614/420 264/366/264 419/611/418
f 420/612/419 422/615/421 421/613/420
f 421/613/420 422/615/421 423/616/422
f 421/613/420 423/616/422 424/617/423
f 424/618/423 425/619/424 421/614/420
f 421/614/420 425/619/424 264/366/264
f 424/617/423 314/444/305 425/620/424
f 314/444/305 264/445/264 425/620/424
f 423/616/422 309/458/314 424/617/423
f 424/617/423 309/458/314 314/444/305
f 423/616/422 422/615/421 309/458/314
f 420/612/419 309/458/314 422/615/421
f 332/480/332 309/458/314 420/612/419
f 420/612/419 333/481/333 332/480/332
f 426/621/425 310/456/313 332/480/332
f 330/476/328 426/621/425 332/480/332
f 332/480/332 310/456/313 309/458/314
f 326/475/327 426/621/425 330/476/328
f 326/475/327 427/622/426 426/621/425
f 426/621/425 427/622/426 310/456/313
f 310/456/313 427/622/426 428/623/427
f 428/623/427 427/622/426 429/624/428
f 429/624/428 427/622/426 326/475/327
f 430/625/429 431/626/430 429/624/428
f 329/477/329 430/625/429 429/624/428
f 326/475/327 329/477/329 429/624/428
f 431/626/430 428/623/427 429/624/428
f 432/627/431 431/626/430 430/625/429
f 432/627/431 321/467/321 431/626/430
f 321/467/321 307/454/311 431/626/430
f 431/626/430 307/454/311 310/456/313
f 310/456/313 428/623/427 431/626/430
f 329/477/329 432/627/431 430/625/429
f 322/468/322 321/467/321 432/627/431
f 322/468/322 432/627/431 329/477/329
f 313/455/312 307/454/311 321/467/321
f 316/461/316 433/628/432 317/463/318
f 433/628/432 434/629/433 317/463/318
f 317/463/318 434/629/433 305/448/307
f 305/450/307 434/630/433 308/451/308
f 308/451/308 434/630/433 435/631/434
f 433/628/432 435/632/434 434/629/433
f 308/451/308 435/631/434 15/633/15
f 436/634/435 435/632/434 433/628/432
f 436/634/435 437/635/436 435/632/434
f 15/633/15 435/631/434 6/8/8
f 6/8/8 435/631/434 437/636/436
f 438/637/437 437/635/436 436/634/435
f 437/638/436 438/639/437 6/640/8
f 439/641/438 438/637/437 436/634/435
f 6/640/8 438/639/437 440/642/439
f 439/641/438 440/643/439 438/637/437
f 441/644/440 440/642/439 443/645/441
f 6/640/8 440/642/439 441/644/440
f 442/646/442 440/643/439 439/641/438
f 442/647/442 443/645/441 440/642/439
f 441/644/440 443/645/441 444/648/443
f 444/648/443 443/645/441 442/647/442
f 446/649/444 445/650/445 444/651/443
f 445/652/445 441/644/440 444/648/443
f 442/646/442 446/649/444 444/651/443
f 447/653/446 450/654/447 446/655/444
f 448/656/448 447/657/446 446/649/444
f 448/656/448 446/649/444 449/658/449
f 316/461/316 446/649/444 442/646/442
f 449/658/449 446/649/444 316/461/316
f 446/649/444 450/659/447 445/650/445
f 447/653/446 451/660/450 450/654/447
f 450/654/447 451/660/450 452/661/451
f 450/654/447 452/661/451 445/652/445
f 452/661/451 451/660/450 453/662/452
f 452/661/451 453/662/452 454/663/453
f 456/664/454 452/661/451 454/663/453
f 445/652/445 452/661/451 441/644/440
f 452/661/451 455/665/455 441/644/440
f 457/666/456 455/665/455 452/661/451
f 457/666/456 452/661/451 456/664/454
f 457/666/456 458/667/457 460/668/458
f 457/666/456 459/669/459 458/667/457
f 462/670/460 459/669/459 457/666/456
f 460/668/458 455/665/455 457/666/456
f 456/664/454 461/671/461 457/666/456
f 457/666/456 461/671/461 462/670/460
f 464/672/462 462/670/460 463/673/463
f 461/671/461 463/673/463 462/670/460
f 459/669/459 462/670/460 464/672/462
f 458/667/457 464/672/462 466/674/464
f 458/667/457 459/669/459 464/672/462
f 465/675/465 464/672/462 468/676/466
f 465/675/465 466/674/464 464/672/462
f 464/672/462 463/673/463 467/677/467
f 468/676/466 464/672/462 467/677/467
f 468/676/466 467/677/467 469/678/468
f 471/679/469 465/675/465 468/676/466
f 470/680/470 468/676/466 469/678/468
f 471/679/469 468/676/466 470/680/470
f 473/681/471 471/679/469 470/680/470
f 472/682/472 471/679/469 473/681/471
f 472/682/472 474/683/473 471/679/469
f 474/683/473 465/675/465 471/679/469
f 478/684/474 475/685/475 474/683/473
f 475/685/475 476/686/476 474/683/473
f 476/686/476 477/687/477 474/683/473
f 474/683/473 477/687/477 465/675/465
f 478/684/474 474/683/473 472/682/472
f 478/684/474 479/688/478 484/689/479
f 472/682/472 479/688/478 478/684/474
f 483/690/480 475/685/475 478/684/474
f 480/691/481 481/692/482 478/684/474
f 478/684/474 484/689/479 480/691/481
f 478/684/474 481/692/482 482/693/483
f 478/684/474 482/693/483 483/690/480
f 485/694/484 484/689/479 479/688/478
f 486/695/485 484/689/479 485/694/484
f 480/691/481 484/689/479 486/695/485
f 480/691/481 486/695/485 487/696/486
f 488/697/487 487/696/486 486/695/485
f 488/697/487 486/695/485 489/698/488
f 486/695/485 485/694/484 489/698/488
f 489/698/488 490/699/489 488/697/487
f 489/698/488 491/700/490 490/699/489
f 492/701/491 491/700/490 489/698/488
f 489/698/488 493/702/492 492/701/491
f 489/698/488 485/694/484 493/702/492
f 492/701/491 493/702/492 494/703/493
f 485/694/484 479/688/478 493/702/492
f 494/703/493 493/702/492 495/704/494
f 495/704/494 493/702/492 479/688/478
f 495/704/494 479/688/478 498/705/495
f 496/706/496 495/704/494 502/707/497
f 494/703/493 495/704/494 496/706/496
f 499/708/498 497/709/499 495/704/494
f 497/709/499 501/710/500 495/704/494
f 499/708/498 495/704/494 498/705/495
f 495/704/494 500/711/501 502/707/497
f 495/704/494 501/710/500 500/711/501
f 500/711/501 503/712/502 502/707/497
f 502/707/497 503/712/502 492/701/491
f 502/707/497 492/701/491 496/706/496
f 503/712/502 504/713/503 505/714/504
f 506/715/505 504/713/503 503/712/502
f 503/712/502 505/714/504 492/701/491
f 500/711/501 501/710/500 503/712/502
f 503/712/502 507/716/506 506/715/505
f 503/712/502 501/710/500 507/716/506
f 506/715/505 507/716/506 508/717/507
f 497/709/499 507/716/506 501/710/500
f 497/709/499 508/717/507 507/716/506
f 509/718/508 508/717/507 497/709/499
f 506/715/505 508/717/507 509/718/508
f 510/719/509 509/718/508 512/720/510
f 510/719/509 511/721/511 509/718/508
f 509/718/508 511/721/511 506/715/505
f 512/720/510 509/718/508 497/709/499
f 499/708/498 473/681/471 512/720/510
f 512/720/510 497/709/499 499/708/498
f 512/720/510 473/681/471 513/722/512
f 513/722/512 514/723/513 512/720/510
f 512/720/510 515/724/514 510/719/509
f 512/720/510 514/723/513 515/724/514
f 510/719/509 515/724/514 511/721/511
f 511/725/511 515/726/514 516/727/515
f 514/728/513 516/727/515 515/726/514
f 518/729/516 517/730/517 516/727/515
f 511/725/511 516/727/515 517/730/517
f 514/728/513 518/729/516 516/727/515
f 519/731/518 517/730/517 518/729/516
f 520/732/519 519/731/518 518/729/516
f 520/732/519 518/729/516 514/728/513
f 520/732/519 524/733/520 521/734/521
f 521/734/521 519/731/518 520/732/519
f 522/735/522 523/736/523 520/732/519
f 522/735/522 520/732/519 513/737/512
f 520/732/519 523/736/523 524/733/520
f 513/737/512 520/732/519 514/728/513
f 521/734/521 524/733/520 525/738/524
f 525/738/524 524/733/520 526/739/525
f 523/736/523 526/739/525 524/733/520
f 525/738/524 526/739/525 527/740/526
f 523/736/523 528/741/527 526/739/525
f 527/740/526 526/739/525 528/741/527
f 527/740/526 528/741/527 529/742/528
f 528/741/527 530/743/529 529/742/528
f 530/743/529 528/741/527 523/736/523
f 529/742/528 530/743/529 531/744/530
f 523/736/523 531/744/530 530/743/529
f 529/742/528 531/744/530 532/745/531
f 523/736/523 533/746/532 531/744/530
f 533/746/532 532/745/531 531/744/530
f 535/747/533 534/748/534 533/746/532
f 534/748/534 532/745/531 533/746/532
f 535/747/533 533/746/532 523/736/523
f 536/749/535 534/748/534 535/747/533
f 535/747/533 538/750/536 536/749/535
f 522/735/522 535/747/533 523/736/523
f 539/751/537 537/752/538 535/747/533
f 537/752/538 538/750/536 535/747/533
f 539/751/537 535/747/533 522/735/522
f 522/735/522 540/753/539 539/751/537
f 539/751/537 540/753/539 542/754/540
f 541/755/541 537/752/538 539/751/537
f 539/751/537 542/754/540 541/755/541
f 542/754/540 543/756/542 544/757/543
f 540/753/539 543/756/542 542/754/540
f 542/754/540 544/757/543 545/758/544
f 541/755/541 542/754/540 545/758/544
f 545/758/544 150/199/150 147/198/149
f 147/198/149 546/759/545 545/758/544
f 547/760/546 545/758/544 546/759/545
f 545/758/544 544/757/543 150/199/150
f 541/755/541 545/758/544 547/760/546
f 547/760/546 546/759/545 548/761/547
f 548/761/547 549/762/548 547/760/546
f 547/760/546 549/762/548 550/763/549
f 547/760/546 550/763/549 541/755/541
f 550/763/549 554/764/550 551/765/551
f 551/765/551 552/766/552 550/763/549
f 552/766/552 555/767/553 550/763/549
f 541/755/541 550/763/549 537/752/538
f 550/763/549 553/768/554 537/752/538
f 549/762/548 556/769/555 550/763/549
f 550/763/549 555/767/553 553/768/554
f 550/763/549 556/769/555 554/764/550
f 557/770/556 556/769/555 558/771/557
f 557/770/556 554/764/550 556/769/555
f 549/762/548 559/772/558 556/769/555
f 556/769/555 559/772/558 558/771/557
f 558/771/557 559/772/558 561/773/559
f 549/762/548 560/774/560 559/772/558
f 561/773/559 559/772/558 560/774/560
f 558/771/557 561/773/559 562/775/561
f 562/775/561 561/773/559 563/776/562
f 561/773/559 560/774/560 563/776/562
f 562/775/561 563/776/562 564/777/563
f 560/774/560 564/777/563 563/776/562
f 564/777/563 566/778/564 565/779/565
f 565/779/565 562/775/561 564/777/563
f 560/774/560 566/778/564 564/777/563
f 568/780/566 567/781/567 566/778/564
f 565/779/565 566/778/564 567/781/567
f 568/780/566 566/778/564 560/774/560
f 568/780/566 569/782/568 571/783/569
f 568/780/566 572/784/570 569/782/568
f 570/785/571 568/780/566 560/774/560
f 134/184/135 132/181/132 568/780/566
f 132/181/132 572/784/570 568/780/566
f 134/184/135 568/780/566 570/785/571
f 571/783/569 567/781/567 568/780/566
f 569/782/568 572/784/570 574/786/572
f 132/181/132 131/180/131 572/784/570
f 572/784/570 131/180/131 573/787/573
f 574/786/572 572/784/570 573/787/573
f 574/786/572 575/788/574 578/789/575
f 577/790/576 575/788/574 574/786/572
f 574/786/572 578/789/575 576/791/577
f 574/786/572 576/791/577 569/782/568
f 574/786/572 573/787/573 577/790/576
f 576/791/577 578/789/575 581/792/578
f 578/793/575 579/794/579 580/795/580
f 575/796/574 579/794/579 578/793/575
f 578/793/575 580/795/580 581/797/578
f 576/791/577 581/792/578 565/779/565
f 581/797/578 582/798/581 583/799/582
f 581/797/578 580/795/580 582/798/581
f 565/779/565 581/792/578 583/800/582
f 583/799/582 584/801/583 585/802/584
f 583/799/582 582/798/581 584/801/583
f 565/779/565 583/800/582 562/775/561
f 562/775/561 583/800/582 585/803/584
f 585/802/584 584/801/583 586/804/585
f 558/771/557 585/803/584 587/805/586
f 562/775/561 585/803/584 558/771/557
f 585/802/584 586/804/585 587/806/586
f 558/771/557 587/805/586 557/770/556
f 557/770/556 587/805/586 589/807/587
f 587/806/586 586/804/585 588/808/588
f 587/806/586 588/808/588 589/809/587
f 591/810/589 589/807/587 590/811/590
f 589/809/587 592/812/591 590/813/590
f 557/770/556 589/807/587 591/810/589
f 589/809/587 593/814/592 592/812/591
f 588/808/588 593/814/592 589/809/587
f 593/814/592 594/815/593 592/812/591
f 593/814/592 595/816/594 594/815/593
f 593/814/592 596/817/595 595/816/594
f 588/808/588 597/818/596 593/814/592
f 597/818/596 596/817/595 593/814/592
f 598/819/597 597/818/596 599/820/598
f 598/819/597 596/817/595 597/818/596
f 599/820/598 597/818/596 588/808/588
f 586/804/585 600/821/599 599/820/598
f 599/820/598 600/821/599 598/819/597
f 586/804/585 599/820/598 588/808/588
f 600/821/599 586/804/585 601/822/600
f 598/819/597 600/821/599 601/822/600
f 601/822/600 584/801/583 602/823/601
f 598/819/597 601/822/600 602/823/601
f 601/822/600 586/804/585 584/801/583
f 602/823/601 584/801/583 582/798/581
f 602/823/601 582/798/581 603/824/602
f 602/823/601 603/824/602 598/819/597
f 582/798/581 604/825/603 603/824/602
f 598/819/597 603/824/602 604/825/603
f 582/798/581 605/826/604 604/825/603
f 598/819/597 604/825/603 605/826/604
f 607/827/605 598/828/597 605/829/604
f 605/829/604 611/830/606 606/831/607
f 608/832/608 605/829/604 606/831/607
f 607/827/605 605/829/604 608/832/608
f 609/833/609 605/829/604 613/834/610
f 609/833/609 610/835/611 605/829/604
f 605/829/604 610/835/611 611/830/606
f 580/795/580 612/836/612 605/826/604
f 613/834/610 605/829/604 612/837/612
f 580/795/580 605/826/604 582/798/581
f 613/834/610 612/837/612 614/838/613
f 614/838/613 615/839/614 613/834/610
f 616/840/615 613/841/610 615/842/614
f 616/840/615 609/843/609 613/841/610
f 616/840/615 615/842/614 617/844/616
f 620/845/617 616/840/615 617/844/616
f 619/846/618 618/847/619 616/840/615
f 618/847/619 609/843/609 616/840/615
f 619/846/618 616/840/615 620/845/617
f 620/845/617 617/844/616 621/848/620
f 621/849/620 623/850/621 620/851/617
f 622/852/622 619/853/618 620/851/617
f 620/851/617 624/854/623 622/852/622
f 620/851/617 623/850/621 624/854/623
f 624/854/623 623/850/621 128/178/129
f 128/178/129 622/852/622 624/854/623
f 621/849/620 625/855/624 623/850/621
f 128/178/129 623/850/621 625/855/624
f 626/856/625 625/855/624 621/849/620
f 131/180/131 625/855/624 626/856/625
f 128/178/129 625/855/624 131/180/131
f 621/849/620 577/790/576 626/856/625
f 577/790/576 627/857/626 626/856/625
f 131/180/131 626/856/625 627/857/626
f 573/787/573 131/180/131 627/857/626
f 577/790/576 573/787/573 627/857/626
f 622/852/622 128/178/129 628/858/627
f 628/858/627 619/853/618 622/852/622
f 628/858/627 629/859/628 619/853/618
f 628/858/627 129/177/128 629/859/628
f 628/858/627 128/178/129 129/177/128
f 129/177/128 630/860/629 629/859/628
f 619/853/618 629/859/628 630/860/629
f 129/177/128 631/861/630 630/860/629
f 619/853/618 630/860/629 632/862/631
f 632/862/631 630/860/629 631/861/630
f 632/863/631 618/847/619 619/846/618
f 632/863/631 635/864/632 618/847/619
f 633/865/633 635/864/632 632/863/631
f 634/866/634 633/867/633 632/862/631
f 632/862/631 631/861/630 634/866/634
f 635/864/632 636/868/635 618/847/619
f 635/864/632 638/869/636 636/868/635
f 633/865/633 637/870/637 635/864/632
f 637/870/637 638/869/636 635/864/632
f 638/869/636 639/871/638 642/872/639
f 640/873/640 639/871/638 638/869/636
f 638/869/636 641/874/641 636/868/635
f 637/870/637 640/873/640 638/869/636
f 638/869/636 642/872/639 641/874/641
f 643/875/642 642/872/639 639/871/638
f 643/875/642 641/874/641 642/872/639
f 639/871/638 645/876/643 643/875/642
f 651/877/644 643/878/642 644/879/645
f 643/875/642 649/880/646 644/881/645
f 643/875/642 645/876/643 646/882/647
f 643/875/642 646/882/647 647/883/648
f 647/883/648 648/884/649 643/875/642
f 643/875/642 648/884/649 649/880/646
f 651/877/644 608/832/608 643/878/642
f 608/832/608 606/831/607 643/878/642
f 643/875/642 606/885/607 650/886/650
f 650/886/650 641/874/641 643/875/642
f 652/887/651 657/888/652 651/889/644
f 651/889/644 656/890/653 652/887/651
f 655/891/654 653/892/655 651/877/644
f 653/893/655 654/894/656 651/889/644
f 651/889/644 654/894/656 656/890/653
f 655/891/654 651/877/644 644/879/645
f 659/895/657 608/832/608 651/877/644
f 651/889/644 657/888/652 658/896/658
f 651/889/644 658/896/658 659/897/657
f 659/897/657 660/898/659 661/899/660
f 658/896/658 660/898/659 659/897/657
f 659/897/657 661/899/660 662/900/661
f 662/901/661 663/902/662 659/895/657
f 659/895/657 663/902/662 608/832/608
f 663/903/662 667/904/663 608/905/608
f 663/903/662 664/906/664 667/904/663
f 666/907/665 664/906/664 663/903/662
f 662/901/661 665/908/666 663/902/662
f 665/909/666 666/907/665 663/903/662
f 667/910/663 658/911/658 668/912/667
f 608/905/608 667/904/663 668/913/667
f 667/910/663 660/914/659 658/911/658
f 664/915/664 660/914/659 667/910/663
f 668/916/667 657/917/652 669/918/668
f 608/905/608 668/913/667 669/919/668
f 668/916/667 658/920/658 657/917/652
f 670/921/669 608/905/608 669/919/668
f 669/918/668 671/922/670 670/923/669
f 669/918/668 657/917/652 671/922/670
f 670/923/669 671/922/670 672/924/671
f 672/925/671 671/926/670 652/887/651
f 652/887/651 671/926/670 657/888/652
f 674/927/672 672/924/671 673/928/673
f 673/929/673 672/925/671 652/887/651
f 670/923/669 672/924/671 674/927/672
f 674/927/672 673/928/673 676/930/674
f 674/931/672 675/932/675 608/905/608
f 676/933/674 675/932/675 674/931/672
f 674/931/672 608/905/608 670/921/669
f 676/933/674 679/934/672 675/932/675
f 676/935/674 673/936/673 681/937/676
f 676/933/674 680/938/677 677/939/668
f 676/933/674 677/939/668 678/940/669
f 678/940/669 679/934/672 676/933/674
f 676/935/674 681/937/676 680/941/677
f 681/942/676 673/929/673 683/943/651
f 680/941/677 681/937/676 682/944/678
f 682/945/678 681/942/676 683/943/651
f 683/943/651 673/929/673 652/887/651
f 683/943/651 652/887/651 690/946/651
f 683/943/651 686/947/679 682/945/678
f 683/943/651 688/948/680 684/949/681
f 684/949/681 685/950/653 683/943/651
f 683/943/651 685/950/653 686/947/679
f 683/943/651 687/951/682 688/948/680
f 696/952/651 687/951/682 683/943/651
f 683/943/651 689/953/651 691/954/670
f 690/946/651 689/953/651 683/943/651
f 683/943/651 691/954/670 692/955/652
f 683/943/651 692/955/652 693/956/658
f 693/956/658 695/957/659 683/943/651
f 683/943/651 694/958/660 696/952/651
f 683/943/651 695/957/659 694/958/660
f 696/952/651 703/959/656 697/960/653
f 697/960/653 698/961/679 696/952/651
f 702/962/651 696/952/651 698/961/679
f 699/963/683 696/952/651 702/962/651
f 699/963/683 700/964/684 696/952/651
f 700/964/684 701/965/685 696/952/651
f 696/952/651 701/965/685 687/951/682
f 696/952/651 694/958/660 703/959/656
f 705/966/686 697/967/653 703/968/656
f 704/969/665 703/970/656 694/971/660
f 705/966/686 703/968/656 704/972/665
f 706/973/687 697/967/653 705/966/686
f 707/974/688 706/975/687 705/976/686
f 707/974/688 705/976/686 704/977/665
f 701/978/685 707/979/688 687/980/682
f 700/981/684 707/979/688 701/978/685
f 687/980/682 707/979/688 708/982/689
f 700/981/684 709/983/690 707/979/688
f 708/984/689 707/974/688 704/977/665
f 709/985/690 706/975/687 707/974/688
f 699/986/683 709/983/690 700/981/684
f 699/986/683 713/987/691 709/983/690
f 709/985/690 712/988/677 710/989/692
f 710/989/692 706/975/687 709/985/690
f 709/985/690 711/990/686 712/988/677
f 713/991/691 711/990/686 709/985/690
f 713/987/691 714/992/693 719/993/694
f 715/994/695 714/992/693 713/987/691
f 715/994/695 713/987/691 699/986/683
f 713/991/691 716/995/687 711/990/686
f 717/996/696 716/995/687 713/991/691
f 718/997/697 717/998/696 713/987/691
f 713/987/691 719/993/694 718/997/697
f 720/999/651 719/1000/694 714/1001/693
f 718/1002/697 719/1000/694 720/999/651
f 720/999/651 721/1003/651 718/1002/697
f 720/999/651 723/1004/679 721/1003/651
f 720/999/651 714/1001/693 715/1005/695
f 720/999/651 715/1005/695 702/962/651
f 702/962/651 724/1006/660 720/999/651
f 720/999/651 725/1007/656 722/1008/653
f 722/1008/653 723/1004/679 720/999/651
f 720/999/651 724/1006/660 725/1007/656
f 711/1009/686 722/1010/653 725/1011/656
f 726/1012/665 725/1013/656 724/1014/660
f 711/1009/686 725/1011/656 726/1015/665
f 726/1012/665 724/1014/660 727/1016/664
f 711/990/686 726/1017/665 712/988/677
f 712/988/677 726/1017/665 727/1018/664
f 728/1019/674 727/1018/664 730/1020/663
f 712/988/677 727/1018/664 728/1019/674
f 727/1016/664 729/1021/698 730/1022/663
f 727/1016/664 724/1014/660 729/1021/698
f 728/1019/674 730/1020/663 732/1023/699
f 730/1022/663 729/1021/698 731/1024/658
f 730/1022/663 731/1024/658 732/1025/699
f 732/1026/699 733/1027/652 675/1028/675
f 732/1026/699 731/1029/658 733/1027/652
f 732/1023/699 675/932/675 728/1019/674
f 675/1028/675 733/1027/652 734/1030/670
f 734/1031/670 733/1032/652 735/1033/651
f 702/962/651 733/1032/652 731/1034/658
f 735/1033/651 733/1032/652 702/962/651
f 721/1003/651 744/1035/676 735/1033/651
f 735/1033/651 742/1036/660 721/1003/651
f 736/1037/651 735/1033/651 740/1038/651
f 739/1039/651 735/1033/651 736/1037/651
f 735/1033/651 702/962/651 740/1038/651
f 739/1039/651 737/1040/652 735/1033/651
f 737/1040/652 738/1041/658 735/1033/651
f 738/1041/658 741/1042/698 735/1033/651
f 735/1033/651 741/1042/698 742/1036/660
f 735/1033/651 745/1043/673 743/1044/671
f 743/1044/671 734/1031/670 735/1033/651
f 735/1033/651 744/1035/676 745/1043/673
f 746/1045/672 745/1046/673 747/1047/674
f 746/1045/672 743/1048/671 745/1046/673
f 747/1049/674 745/1050/673 744/1051/676
f 607/1052/605 747/1053/674 748/1054/700
f 746/1055/672 747/1053/674 607/1052/605
f 747/1049/674 744/1051/676 748/1056/700
f 607/1052/605 748/1054/700 717/996/696
f 748/1056/700 750/1057/678 749/1058/692
f 748/1054/700 749/1059/692 717/996/696
f 748/1056/700 744/1051/676 750/1057/678
f 749/1058/692 750/1057/678 723/1060/679
f 723/1004/679 750/1061/678 721/1003/651
f 721/1003/651 750/1061/678 744/1035/676
f 749/1058/692 723/1060/679 716/1062/687
f 717/996/696 749/1059/692 716/995/687
f 746/1055/672 607/1052/605 751/1063/669
f 751/1064/669 743/1048/671 746/1045/672
f 675/1028/675 734/1030/670 751/1064/669
f 751/1063/669 608/905/608 675/932/675
f 751/1063/669 607/1052/605 608/905/608
f 751/1064/669 734/1030/670 743/1048/671
f 721/1003/651 742/1036/660 754/1065/656
f 753/1066/664 742/1067/660 741/1068/698
f 752/1069/665 742/1067/660 753/1066/664
f 752/1069/665 754/1070/656 742/1067/660
f 754/1065/656 756/1071/653 721/1003/651
f 755/1072/686 754/1073/656 752/1074/665
f 755/1072/686 756/1075/653 754/1073/656
f 721/1003/651 756/1071/653 758/1076/679
f 757/1077/687 756/1075/653 755/1072/686
f 757/1077/687 758/1078/679 756/1075/653
f 721/1003/651 758/1076/679 761/1079/651
f 759/1080/692 758/1078/679 757/1077/687
f 759/1080/692 760/1081/678 758/1078/679
f 761/1079/651 758/1076/679 760/1082/678
f 765/1083/701 761/1079/651 762/1084/702
f 762/1084/702 761/1079/651 763/1085/703
f 761/1079/651 766/1086/704 763/1085/703
f 764/1087/705 721/1003/651 761/1079/651
f 764/1087/705 761/1079/651 765/1083/701
f 761/1079/651 739/1039/651 766/1086/704
f 767/1088/676 739/1039/651 761/1079/651
f 761/1079/651 760/1082/678 767/1088/676
f 768/1089/674 767/1090/676 770/1091/677
f 768/1089/674 769/1092/673 767/1090/676
f 767/1088/676 769/1093/673 739/1039/651
f 770/1091/677 767/1090/676 760/1081/678
f 770/1091/677 760/1081/678 759/1080/692
f 759/1094/692 771/1095/665 770/1096/677
f 770/1096/677 771/1095/665 768/1097/674
f 772/1098/706 771/1095/665 759/1094/692
f 773/1099/686 771/1095/665 772/1098/706
f 768/1097/674 771/1095/665 774/1100/672
f 773/1101/686 777/1102/656 771/1103/665
f 774/1100/672 771/1095/665 775/1104/664
f 771/1105/665 776/1106/660 775/1107/664
f 771/1105/665 777/1108/656 776/1106/660
f 773/1101/686 778/1109/707 777/1102/656
f 739/1039/651 777/1110/656 778/1111/707
f 739/1039/651 776/1112/660 777/1110/656
f 779/1113/687 778/1109/707 773/1101/686
f 779/1113/687 780/1114/679 778/1109/707
f 780/1115/679 739/1039/651 778/1111/707
f 781/1116/651 739/1039/651 780/1115/679
f 781/1116/651 780/1115/679 783/1117/678
f 782/1118/692 783/1119/678 780/1114/679
f 782/1118/692 780/1114/679 779/1113/687
f 785/1120/676 781/1116/651 783/1117/678
f 784/1121/677 783/1119/678 782/1118/692
f 784/1121/677 785/1122/676 783/1119/678
f 786/1123/673 781/1116/651 785/1120/676
f 787/1124/674 786/1125/673 785/1122/676
f 787/1124/674 785/1122/676 784/1121/677
f 788/1126/672 786/1127/673 787/1128/674
f 788/1129/672 787/1130/674 789/1131/708
f 789/1131/708 787/1130/674 790/1132/709
f 787/1130/674 784/1133/677 790/1132/709
f 791/1134/710 789/1135/708 790/1136/709
f 791/1134/710 790/1136/709 793/1137/711
f 792/1138/712 790/1139/709 772/1140/706
f 793/1141/711 790/1139/709 792/1138/712
f 790/1132/709 782/1142/692 772/1098/706
f 790/1132/709 784/1133/677 782/1142/692
f 793/1143/711 792/1144/712 781/1116/651
f 781/1116/651 791/1145/710 793/1143/711
f 792/1138/712 772/1140/706 766/1146/704
f 792/1144/712 766/1086/704 739/1039/651
f 781/1116/651 792/1144/712 739/1039/651
f 794/1147/713 789/1135/708 791/1134/710
f 781/1116/651 794/1148/713 791/1145/710
f 795/1149/714 796/1150/715 794/1147/713
f 797/1151/651 795/1152/714 794/1148/713
f 794/1147/713 796/1150/715 789/1135/708
f 797/1151/651 794/1148/713 781/1116/651
f 797/1151/651 803/1153/656 798/1154/653
f 798/1154/653 799/1155/679 797/1151/651
f 797/1151/651 799/1155/679 800/1156/651
f 800/1156/651 795/1152/714 797/1151/651
f 786/1123/673 797/1151/651 781/1116/651
f 797/1151/651 736/1037/651 801/1157/651
f 801/1157/651 802/1158/660 797/1151/651
f 797/1151/651 802/1158/660 803/1153/656
f 797/1151/651 806/1159/652 736/1037/651
f 804/1160/671 805/1161/670 797/1151/651
f 804/1160/671 797/1151/651 786/1123/673
f 797/1151/651 805/1161/670 806/1159/652
f 736/1037/651 806/1159/652 809/1162/658
f 808/1163/668 806/1164/652 805/1165/670
f 807/1166/667 806/1164/652 808/1163/668
f 807/1166/667 809/1167/658 806/1164/652
f 810/1168/663 809/1169/658 807/1170/667
f 810/1168/663 811/1171/659 809/1169/658
f 736/1037/651 809/1162/658 811/1172/659
f 775/1107/664 811/1171/659 810/1168/663
f 775/1107/664 776/1106/660 811/1171/659
f 739/1039/651 811/1172/659 776/1112/660
f 736/1037/651 811/1172/659 739/1039/651
f 807/1173/667 813/1174/675 810/1175/663
f 810/1175/663 812/1176/669 774/1100/672
f 810/1175/663 813/1174/675 812/1176/669
f 774/1100/672 775/1104/664 810/1175/663
f 813/1177/675 814/1178/670 812/1179/669
f 813/1177/675 737/1180/652 814/1178/670
f 815/1181/716 813/1174/675 816/1182/663
f 815/1181/716 817/1183/667 813/1174/675
f 816/1182/663 813/1174/675 818/1184/664
f 817/1185/667 737/1180/652 813/1177/675
f 807/1173/667 818/1184/664 813/1174/675
f 818/1186/664 819/1187/659 816/1188/663
f 818/1186/664 802/1189/660 819/1187/659
f 820/1190/665 802/1189/660 818/1186/664
f 808/1191/668 818/1184/664 807/1173/667
f 808/1191/668 820/1192/665 818/1184/664
f 820/1190/665 803/1193/656 802/1189/660
f 821/1194/686 803/1195/656 820/1196/665
f 821/1197/686 820/1192/665 808/1191/668
f 821/1194/686 798/1198/653 803/1195/656
f 822/1199/717 798/1198/653 821/1194/686
f 821/1197/686 808/1191/668 822/1200/717
f 822/1199/717 799/1201/679 798/1198/653
f 824/1202/692 799/1201/679 822/1199/717
f 822/1200/717 808/1191/668 823/1203/669
f 822/1200/717 823/1203/669 824/1204/692
f 824/1202/692 825/1205/678 799/1201/679
f 826/1206/677 825/1205/678 824/1202/692
f 824/1204/692 823/1203/669 826/1207/677
f 789/1131/708 826/1207/677 823/1203/669
f 796/1208/715 826/1207/677 789/1131/708
f 826/1206/677 827/1209/676 825/1205/678
f 828/1210/674 827/1209/676 826/1206/677
f 796/1208/715 828/1211/674 826/1207/677
f 828/1210/674 830/1212/673 827/1209/676
f 829/1213/718 828/1211/674 796/1208/715
f 829/1213/718 831/1214/672 828/1211/674
f 831/1215/672 830/1216/673 828/1217/674
f 833/1218/669 831/1214/672 829/1213/718
f 831/1215/672 832/1219/671 830/1216/673
f 833/1220/669 832/1219/671 831/1215/672
f 815/1181/716 833/1218/669 829/1213/718
f 815/1181/716 835/1221/668 833/1218/669
f 833/1220/669 834/1222/670 832/1219/671
f 835/1223/668 834/1222/670 833/1220/669
f 836/1224/667 835/1221/668 815/1181/716
f 836/1225/667 837/1226/652 835/1223/668
f 835/1223/668 837/1226/652 834/1222/670
f 801/1157/651 834/1227/670 837/1228/652
f 801/1157/651 837/1228/652 838/1229/658
f 836/1225/667 838/1230/658 837/1226/652
f 838/1229/658 819/1231/659 801/1157/651
f 816/1188/663 838/1232/658 836/1233/667
f 816/1188/663 819/1187/659 838/1232/658
f 816/1182/663 836/1224/667 815/1181/716
f 839/1234/651 832/1235/671 834/1227/670
f 839/1234/651 834/1227/670 801/1157/651
f 844/1236/719 840/1237/720 839/1234/651
f 840/1237/720 841/1238/721 839/1234/651
f 843/1239/722 839/1234/651 841/1238/721
f 839/1234/651 842/1240/679 847/1241/678
f 801/1157/651 842/1240/679 839/1234/651
f 800/1156/651 839/1234/651 843/1239/722
f 800/1156/651 830/1242/673 839/1234/651
f 844/1236/719 839/1234/651 845/1243/673
f 845/1243/673 839/1234/651 846/1244/676
f 839/1234/651 847/1241/678 846/1244/676
f 830/1242/673 832/1235/671 839/1234/651
f 848/1245/677 846/1246/676 847/1247/678
f 849/1248/692 847/1247/678 842/1249/679
f 848/1245/677 847/1247/678 849/1248/692
f 850/1250/723 848/1251/677 849/1252/692
f 849/1252/692 851/1253/687 850/1250/723
f 849/1248/692 842/1249/679 851/1254/687
f 851/1254/687 853/1255/653 852/1256/724
f 850/1250/723 851/1253/687 852/1257/724
f 851/1254/687 842/1249/679 853/1255/653
f 801/1157/651 853/1258/653 842/1240/679
f 852/1256/724 853/1255/653 854/1259/656
f 854/1260/656 853/1258/653 801/1157/651
f 852/1256/724 854/1259/656 855/1261/665
f 855/1262/665 854/1263/656 856/1264/660
f 854/1260/656 801/1157/651 856/1265/660
f 856/1265/660 801/1157/651 858/1266/651
f 855/1262/665 856/1264/660 857/1267/664
f 857/1267/664 856/1264/660 859/1268/659
f 856/1265/660 858/1266/651 859/1269/659
f 861/1270/663 859/1268/659 860/1271/658
f 858/1266/651 860/1272/658 859/1269/659
f 857/1267/664 859/1268/659 861/1270/663
f 861/1270/663 860/1271/658 862/1273/667
f 864/1274/674 861/1275/663 862/1276/667
f 863/1277/700 857/1278/664 861/1275/663
f 863/1277/700 861/1275/663 864/1274/674
f 864/1279/674 865/1280/673 867/1281/676
f 866/1282/672 865/1283/673 864/1284/674
f 864/1274/674 862/1276/667 866/1285/672
f 864/1279/674 867/1281/676 863/1286/700
f 868/1287/651 867/1288/676 870/1289/725
f 868/1287/651 869/1290/678 867/1288/676
f 863/1286/700 867/1281/676 869/1291/678
f 867/1288/676 865/1292/673 870/1289/725
f 872/1293/726 871/1294/727 870/1295/725
f 871/1296/727 868/1287/651 870/1289/725
f 870/1295/725 874/1297/728 872/1293/726
f 870/1289/725 865/1292/673 873/1298/671
f 870/1289/725 873/1298/671 874/1299/728
f 874/1299/728 873/1298/671 875/1300/670
f 874/1299/728 875/1300/670 876/1301/729
f 872/1293/726 874/1297/728 876/1302/729
f 872/1293/726 876/1302/729 877/1303/730
f 877/1303/730 876/1302/729 878/1304/731
f 878/1304/731 876/1302/729 880/1305/199
f 876/1301/729 881/1306/732 879/1307/658
f 876/1301/729 879/1307/658 880/1308/199
f 876/1301/729 875/1300/670 881/1306/732
f 882/1309/668 881/1310/732 875/1311/670
f 883/1312/667 881/1310/732 882/1309/668
f 883/1312/667 879/1313/658 881/1310/732
f 884/1314/733 879/1315/658 883/1316/667
f 884/1317/733 883/1318/667 877/1319/730
f 877/1319/730 883/1318/667 882/1320/668
f 878/1321/731 884/1317/733 877/1319/730
f 878/1321/731 886/1322/664 884/1317/733
f 884/1314/733 885/1323/659 879/1315/658
f 886/1324/664 885/1323/659 884/1314/733
f 887/1325/665 886/1322/664 878/1321/731
f 887/1326/665 888/1327/660 886/1324/664
f 886/1324/664 888/1327/660 885/1323/659
f 888/1328/660 880/1308/199 885/1329/659
f 890/1330/651 880/1308/199 888/1328/660
f 887/1326/665 889/1331/656 888/1327/660
f 888/1328/660 889/1332/656 890/1330/651
f 891/1333/653 868/1287/651 890/1330/651
f 890/1330/651 889/1332/656 891/1333/653
f 890/1330/651 895/1334/734 880/1308/199
f 890/1330/651 868/1287/651 892/1335/651
f 890/1330/651 892/1335/651 690/946/651
f 690/946/651 896/1336/651 890/1330/651
f 890/1330/651 893/1337/679 894/1338/678
f 890/1330/651 896/1336/651 893/1337/679
f 894/1338/678 895/1334/734 890/1330/651
f 896/1336/651 904/1339/735 897/1340/736
f 897/1340/736 898/1341/737 896/1336/651
f 898/1341/737 901/1342/659 896/1336/651
f 893/1337/679 896/1336/651 899/1343/653
f 899/1343/653 896/1336/651 900/1344/656
f 896/1336/651 902/1345/660 900/1344/656
f 896/1336/651 901/1342/659 902/1345/660
f 896/1336/651 903/1346/651 904/1339/735
f 652/887/651 903/1346/651 896/1336/651
f 690/946/651 652/887/651 896/1336/651
f 903/1346/651 905/1347/738 904/1339/735
f 906/1348/739 897/1349/736 904/1350/735
f 904/1350/735 905/1351/738 907/1352/740
f 906/1348/739 904/1350/735 907/1352/740
f 908/1353/664 906/1354/739 907/1355/740
f 908/1353/664 907/1355/740 909/1356/741
f 907/1355/740 912/1357/668 909/1356/741
f 907/1352/740 913/1358/742 910/1359/743
f 910/1360/743 911/1361/667 907/1355/740
f 907/1355/740 911/1361/667 912/1357/668
f 907/1352/740 905/1351/738 913/1358/742
f 910/1359/743 913/1358/742 914/1362/744
f 914/1363/744 913/1364/742 903/1346/651
f 903/1346/651 913/1364/742 905/1347/738
f 910/1359/743 914/1362/744 918/1365/745
f 903/1346/651 915/1366/652 914/1363/744
f 914/1363/744 915/1366/652 916/1367/658
f 914/1363/744 916/1367/658 917/1368/746
f 918/1365/745 914/1362/744 917/1369/746
f 918/1370/745 919/1371/664 920/1372/663
f 921/1373/747 919/1371/664 918/1370/745
f 918/1370/745 920/1372/663 910/1360/743
f 653/1374/655 921/1375/747 918/1365/745
f 918/1365/745 917/1369/746 653/1374/655
f 655/1376/654 922/1377/686 921/1373/747
f 921/1378/747 653/892/655 655/891/654
f 922/1377/686 923/1379/665 921/1373/747
f 921/1373/747 923/1379/665 919/1371/664
f 922/1380/686 654/1381/656 923/1382/665
f 923/1383/665 924/1384/660 919/1385/664
f 923/1383/665 654/1386/656 924/1384/660
f 653/893/655 924/1387/660 654/894/656
f 653/893/655 925/1388/659 924/1387/660
f 919/1385/664 924/1384/660 925/1389/659
f 920/1390/663 925/1389/659 916/1391/658
f 917/1368/746 916/1367/658 925/1388/659
f 917/1368/746 925/1388/659 653/893/655
f 919/1385/664 925/1389/659 920/1390/663
f 922/1380/686 656/1392/653 654/1381/656
f 926/1393/687 656/1392/653 922/1380/686
f 655/1376/654 926/1394/687 922/1377/686
f 926/1393/687 927/1395/679 656/1392/653
f 928/1396/692 927/1395/679 926/1393/687
f 928/1397/692 926/1394/687 655/1376/654
f 928/1396/692 929/1398/678 927/1395/679
f 930/1399/677 929/1398/678 928/1396/692
f 930/1400/677 928/1397/692 655/1376/654
f 930/1399/677 931/1401/676 929/1398/678
f 932/1402/674 931/1401/676 930/1399/677
f 932/1403/674 930/1400/677 933/1404/686
f 933/1404/686 930/1400/677 655/1376/654
f 933/1405/686 900/1406/656 909/1407/741
f 909/1356/741 935/1408/669 933/1404/686
f 933/1404/686 936/1409/672 932/1403/674
f 933/1404/686 655/1376/654 934/1410/717
f 934/1411/717 899/1412/653 933/1405/686
f 933/1404/686 935/1408/669 936/1409/672
f 933/1405/686 899/1412/653 900/1406/656
f 935/1413/669 938/1414/671 936/1415/672
f 936/1415/672 937/1416/673 932/1417/674
f 936/1415/672 938/1414/671 937/1416/673
f 937/1418/673 938/1419/671 903/1346/651
f 935/1413/669 939/1420/670 938/1414/671
f 938/1419/671 939/1421/670 903/1346/651
f 912/1422/668 915/1423/652 939/1420/670
f 903/1346/651 939/1421/670 915/1366/652
f 912/1422/668 939/1420/670 935/1413/669
f 932/1402/674 937/1424/673 931/1401/676
f 931/1425/676 937/1418/673 652/887/651
f 652/887/651 937/1418/673 903/1346/651
f 909/1356/741 912/1357/668 935/1408/669
f 940/1426/692 893/1427/679 934/1411/717
f 934/1410/717 655/1376/654 940/1428/692
f 934/1411/717 893/1427/679 899/1412/653
f 940/1426/692 894/1429/678 893/1427/679
f 941/1430/700 894/1429/678 940/1426/692
f 942/1431/748 941/1432/700 940/1428/692
f 942/1431/748 940/1428/692 655/1376/654
f 942/1433/748 880/1305/199 947/1434/749
f 948/1435/750 880/1305/199 942/1433/748
f 943/1436/751 944/1437/669 942/1431/748
f 942/1433/748 947/1434/749 943/1438/751
f 942/1433/748 655/1439/654 948/1435/750
f 942/1431/748 944/1437/669 945/1440/672
f 942/1431/748 945/1440/672 946/1441/674
f 946/1441/674 941/1432/700 942/1431/748
f 948/1435/750 878/1304/731 880/1305/199
f 949/1442/752 878/1304/731 948/1435/750
f 950/1443/753 949/1444/752 948/1445/750
f 950/1443/753 948/1445/750 951/1446/754
f 948/1435/750 655/1439/654 644/1447/645
f 948/1445/750 954/1448/755 951/1446/754
f 948/1445/750 958/1449/756 952/1450/757
f 952/1450/757 953/1451/758 948/1445/750
f 948/1445/750 953/1451/758 954/1448/755
f 948/1445/750 961/1452/759 955/1453/760
f 955/1453/760 956/1454/761 948/1445/750
f 956/1454/761 957/1455/762 948/1445/750
f 948/1445/750 957/1455/762 958/1449/756
f 948/1445/750 963/1456/763 959/1457/764
f 959/1457/764 960/1458/765 948/1445/750
f 948/1445/750 960/1458/765 961/1452/759
f 644/881/645 962/1459/766 948/1445/750
f 948/1445/750 962/1459/766 963/1456/763
f 964/1460/767 963/1456/763 962/1459/766
f 965/1461/768 963/1456/763 964/1460/767
f 965/1461/768 959/1457/764 963/1456/763
f 968/1462/769 965/1461/768 964/1460/767
f 967/1463/770 966/1464/771 965/1461/768
f 965/1461/768 966/1464/771 960/1458/765
f 967/1463/770 965/1461/768 968/1462/769
f 960/1458/765 959/1457/764 965/1461/768
f 970/1465/772 967/1463/770 968/1462/769
f 968/1462/769 964/1460/767 969/1466/773
f 971/1467/774 968/1462/769 969/1466/773
f 970/1465/772 968/1462/769 971/1467/774
f 971/1468/774 972/1469/775 973/1470/776
f 974/1471/777 972/1469/775 971/1468/774
f 971/1468/774 973/1470/776 970/1472/772
f 971/1467/774 969/1466/773 974/1473/777
f 974/1473/777 969/1466/773 975/1474/778
f 974/1473/777 975/1474/778 977/1475/779
f 974/1473/777 976/1476/780 972/1477/775
f 977/1475/779 976/1476/780 974/1473/777
f 977/1475/779 975/1474/778 979/1478/781
f 977/1475/779 979/1478/781 978/1479/782
f 981/1480/783 977/1475/779 978/1479/782
f 980/1481/784 982/1482/785 977/1475/779
f 980/1481/784 977/1475/779 981/1480/783
f 977/1483/779 982/1484/785 976/1485/780
f 983/1486/786 976/1485/780 982/1484/785
f 980/1487/784 983/1486/786 982/1484/785
f 986/1488/787 984/1489/788 983/1486/786
f 984/1489/788 972/1469/775 983/1486/786
f 983/1486/786 972/1469/775 976/1485/780
f 985/1490/789 983/1486/786 987/1491/790
f 986/1488/787 983/1486/786 985/1490/789
f 980/1487/784 987/1491/790 983/1486/786
f 981/1492/783 987/1491/790 980/1487/784
f 987/1491/790 981/1492/783 988/1493/791
f 989/1494/792 987/1491/790 988/1493/791
f 985/1490/789 987/1491/790 989/1494/792
f 989/1494/792 988/1493/791 991/1495/793
f 989/1496/792 990/1497/794 992/1498/795
f 991/1495/793 990/1499/794 989/1494/792
f 989/1494/792 992/1500/795 993/1501/796
f 994/1502/797 989/1494/792 993/1501/796
f 985/1490/789 989/1494/792 994/1502/797
f 994/1502/797 995/1503/798 985/1490/789
f 994/1502/797 996/1504/799 995/1503/798
f 997/1505/800 996/1504/799 994/1502/797
f 994/1506/797 993/1507/796 997/1508/800
f 997/1508/800 998/1509/801 996/1510/799
f 999/1511/802 998/1509/801 997/1508/800
f 1000/1512/803 999/1511/802 997/1508/800
f 997/1508/800 1001/1513/804 1000/1512/803
f 997/1508/800 993/1507/796 1001/1513/804
f 1002/1514/805 1001/1513/804 1003/1515/806
f 1006/1516/807 1001/1513/804 1002/1514/805
f 1003/1515/806 1001/1513/804 1005/1517/808
f 1000/1512/803 1001/1513/804 1004/1518/809
f 1006/1516/807 1004/1518/809 1001/1513/804
f 1005/1517/808 1001/1513/804 993/1507/796
f 1007/1519/810 1004/1518/809 1006/1516/807
f 1007/1519/810 1006/1516/807 1008/1520/811
f 1008/1520/811 1006/1516/807 1002/1514/805
f 1009/1521/812 1015/1522/813 1008/1520/811
f 1014/1523/814 1009/1521/812 1008/1520/811
f 1008/1520/811 1012/1524/815 1007/1519/810
f 1008/1520/811 1010/1525/816 1011/1526/817
f 1013/1527/818 1010/1525/816 1008/1520/811
f 1008/1520/811 1011/1526/817 1014/1523/814
f 1008/1520/811 1015/1522/813 1012/1524/815
f 1008/1520/811 1002/1514/805 1013/1527/818
f 1016/1528/819 1015/1522/813 1009/1521/812
f 1016/1528/819 1012/1524/815 1015/1522/813
f 1016/1528/819 1019/1529/820 1017/1530/821
f 1017/1530/821 1020/1531/822 1016/1528/819
f 1016/1528/819 1018/1532/823 1021/1533/824
f 1016/1534/819 1020/1535/822 1018/1536/823
f 1022/1537/825 1012/1524/815 1016/1528/819
f 1016/1528/819 1014/1523/814 1019/1529/820
f 1009/1521/812 1014/1523/814 1016/1528/819
f 1021/1533/824 1022/1537/825 1016/1528/819
f 1021/1533/824 1000/1512/803 1022/1537/825
f 1022/1537/825 1004/1518/809 1007/1519/810
f 1022/1537/825 1000/1512/803 1004/1518/809
f 1022/1537/825 1007/1519/810 1012/1524/815
f 1021/1533/824 1023/1538/826 1000/1512/803
f 1018/1532/823 1023/1538/826 1021/1533/824
f 1020/1535/822 1023/1539/826 1018/1536/823
f 1020/1535/822 1024/1540/827 1023/1539/826
f 1024/1540/827 125/174/125 1023/1539/826
f 1023/1539/826 1025/1541/828 998/1542/801
f 1023/1539/826 125/174/125 1025/1541/828
f 998/1542/801 999/1543/802 1023/1539/826
f 1023/1539/826 999/1543/802 1000/1544/803
f 998/1509/801 1025/1545/828 996/1510/799
f 125/174/125 1026/1546/829 1025/1541/828
f 996/1510/799 1025/1545/828 1026/1547/829
f 1027/1548/830 1026/1546/829 125/174/125
f 1028/1549/831 1026/1547/829 1027/1550/830
f 996/1510/799 1026/1547/829 1028/1549/831
f 1028/1551/831 995/1503/798 996/1504/799
f 1028/1551/831 1029/1552/832 995/1503/798
f 1032/1553/833 1029/1552/832 1028/1551/831
f 1030/1554/834 1028/1549/831 1031/1555/830
f 1030/1554/834 1032/1556/833 1028/1549/831
f 1028/1549/831 1027/1550/830 1031/1555/830
f 1032/1553/833 1036/1557/835 1029/1552/832
f 1033/1558/836 1032/1556/833 1034/1559/837
f 1033/1558/836 1035/1560/838 1032/1556/833
f 1037/1561/839 1032/1556/833 1030/1554/834
f 1034/1559/837 1032/1556/833 1037/1561/839
f 1035/1562/838 1036/1557/835 1032/1553/833
f 1030/1563/834 1038/1564/840 1037/1565/839
f 1038/1564/840 1039/1566/841 1037/1565/839
f 1039/1566/841 1034/1567/837 1037/1565/839
f 1040/1568/842 1039/1566/841 113/161/113
f 1040/1568/842 1041/1569/843 1039/1566/841
f 113/161/113 1039/1566/841 116/166/117
f 1038/1564/840 116/166/117 1039/1566/841
f 1041/1569/843 1033/1570/836 1039/1566/841
f 1039/1566/841 1033/1570/836 1034/1567/837
f 1041/1571/843 1042/1572/844 1035/1562/838
f 1042/1573/844 1041/1569/843 1040/1568/842
f 1041/1571/843 1035/1562/838 1033/1574/836
f 1043/1575/845 1042/1573/844 1040/1568/842
f 1035/1562/838 1042/1572/844 1043/1576/845
f 1044/1577/846 1043/1576/845 1045/1578/847
f 1035/1562/838 1043/1576/845 1044/1577/846
f 1043/1575/845 1040/1568/842 1045/1579/847
f 1047/1580/848 1045/1579/847 1040/1568/842
f 1044/1577/846 1045/1578/847 1046/1581/849
f 1046/1582/849 1045/1579/847 1047/1580/848
f 1047/1580/848 1040/1568/842 111/157/111
f 1048/1583/850 1046/1582/849 1047/1580/848
f 1048/1583/850 1047/1580/848 1049/1584/851
f 1047/1580/848 1051/1585/852 1049/1584/851
f 111/157/111 1050/1586/853 1047/1580/848
f 1047/1580/848 1050/1586/853 1051/1585/852
f 1051/1587/852 1052/1588/854 1049/1589/851
f 1050/1590/853 1052/1588/854 1051/1587/852
f 1049/1589/851 1052/1588/854 1053/1591/855
f 86/122/88 1053/1591/855 1052/1588/854
f 1050/1590/853 1054/1592/856 1052/1588/854
f 86/122/88 1052/1588/854 1054/1592/856
f 1056/1593/857 1055/1594/858 1054/1592/856
f 1054/1592/856 1055/1594/858 86/122/88
f 1056/1593/857 1054/1592/856 1050/1590/853
f 110/155/110 1055/1594/858 1056/1593/857
f 110/156/110 1056/1595/857 111/157/111
f 111/157/111 1056/1595/857 1050/1586/853
f 1055/1594/858 107/153/108 86/122/88
f 110/155/110 107/153/108 1055/1594/858
f 1048/1596/850 1053/1591/855 1057/1597/859
f 1058/1598/860 1057/1597/859 1053/1591/855
f 1058/1598/860 1053/1591/855 86/122/88
f 1049/1589/851 1053/1591/855 1048/1596/850
f 1058/1598/860 1059/1599/861 1060/1600/862
f 86/122/88 1059/1599/861 1058/1598/860
f 1058/1598/860 1060/1600/862 1057/1597/859
f 1057/1597/859 1060/1600/862 1061/1601/863
f 1059/1602/861 1044/1577/846 1060/1603/862
f 1060/1603/862 1046/1581/849 1061/1604/863
f 1060/1603/862 1044/1577/846 1046/1581/849
f 1048/1596/850 1057/1597/859 1061/1601/863
f 1061/1605/863 1046/1582/849 1048/1583/850
f 86/122/88 1062/1606/864 1059/1599/861
f 1059/1602/861 1062/1607/864 1044/1577/846
f 1063/1608/865 1062/1606/864 86/122/88
f 1044/1577/846 1062/1607/864 1063/1609/865
f 87/121/87 1063/1608/865 86/122/88
f 87/121/87 1064/1610/866 1063/1608/865
f 1063/1609/865 72/99/70 1044/1577/846
f 1063/1609/865 1064/1611/866 72/99/70
f 85/120/86 1064/1610/866 87/121/87
f 85/120/86 1065/1612/867 1064/1610/866
f 72/99/70 1064/1611/866 1065/1613/867
f 72/99/70 1065/1613/867 73/103/74
f 78/110/78 73/1614/74 1065/1612/867
f 78/110/78 1065/1612/867 85/120/86
f 1044/1577/846 72/99/70 1066/1615/868
f 1044/1577/846 1066/1615/868 1035/1562/838
f 1035/1562/838 1066/1615/868 1036/1557/835
f 66/97/68 1066/1615/868 72/99/70
f 1067/1616/869 1066/1615/868 66/97/68
f 1067/1616/869 1036/1557/835 1066/1615/868
f 1068/1617/870 1029/1552/832 1067/1616/869
f 1029/1552/832 1036/1557/835 1067/1616/869
f 1068/1617/870 1067/1616/869 68/98/69
f 68/98/69 1067/1616/869 66/97/68
f 1069/1618/871 1029/1552/832 1068/1617/870
f 1070/1619/872 1069/1618/871 1068/1617/870
f 1070/1619/872 1068/1617/870 68/98/69
f 1070/1619/872 1072/1620/873 1071/1621/874
f 1071/1621/874 1069/1618/871 1070/1619/872
f 1070/1619/872 67/94/65 1072/1620/873
f 68/98/69 67/94/65 1070/1619/872
f 1071/1621/874 1072/1620/873 1074/1622/875
f 1075/1623/876 1073/1624/877 1072/1620/873
f 1073/1624/877 1074/1622/875 1072/1620/873
f 1075/1623/876 1072/1620/873 67/94/65
f 1076/1625/878 1075/1623/876 60/93/64
f 1076/1625/878 1077/1626/879 1075/1623/876
f 60/93/64 1075/1623/876 67/94/65
f 1077/1626/879 1073/1624/877 1075/1623/876
f 1080/1627/880 1077/1626/879 1076/1625/878
f 1077/1626/879 1078/1628/881 1073/1624/877
f 1079/1629/882 1078/1628/881 1077/1626/879
f 1080/1627/880 1079/1629/882 1077/1626/879
f 1081/1630/883 1080/1627/880 1082/1631/884
f 1081/1630/883 1084/1632/885 1080/1627/880
f 1076/1625/878 1085/1633/886 1080/1627/880
f 1080/1627/880 1083/1634/887 1082/1631/884
f 1080/1627/880 1085/1633/886 1083/1634/887
f 1084/1632/885 1079/1629/882 1080/1627/880
f 1086/1635/888 1083/1634/887 1085/1633/886
f 1076/1625/878 1087/1636/889 1085/1633/886
f 1086/1635/888 1085/1633/886 1087/1636/889
f 1088/1637/890 1087/1636/889 1089/1638/891
f 1086/1635/888 1087/1636/889 1088/1637/890
f 1089/1638/891 1087/1636/889 1076/1625/878
f 1088/1637/890 1089/1638/891 1090/1639/891
f 1090/1639/891 1089/1638/891 1076/1625/878
f 1076/1625/878 1091/1640/892 1090/1639/891
f 1088/1637/890 1090/1639/891 1091/1640/892
f 1092/1641/893 1091/1640/892 1095/1642/894
f 1092/1641/893 1088/1637/890 1091/1640/892
f 1076/1625/878 1093/1643/895 1091/1640/892
f 1091/1640/892 1093/1643/895 1094/1644/896
f 1095/1642/894 1091/1640/892 1094/1644/896
f 1096/1645/897 1095/1642/894 1094/1644/896
f 1092/1641/893 1095/1642/894 1096/1645/897
f 1096/1645/897 1100/1646/898 1092/1641/893
f 1096/1645/897 1094/1644/896 1097/1647/899
f 1096/1645/897 1097/1647/899 1098/1648/900
f 1096/1645/897 1098/1648/900 1099/1649/901
f 1099/1649/901 1100/1646/898 1096/1645/897
f 1100/1646/898 1101/1650/902 1102/1651/903
f 1103/1652/904 1101/1650/902 1100/1646/898
f 1100/1646/898 1102/1651/903 1104/1653/905
f 1099/1649/901 1103/1652/904 1100/1646/898
f 1100/1646/898 1106/1654/906 1092/1641/893
f 1104/1653/905 1105/1655/907 1100/1646/898
f 1100/1646/898 1105/1655/907 1106/1654/906
f 1105/1655/907 1088/1637/890 1106/1654/906
f 1106/1654/906 1088/1637/890 1092/1641/893
f 1105/1655/907 1104/1653/905 1107/1656/908
f 1107/1656/908 1088/1637/890 1105/1655/907
f 1107/1656/908 1104/1653/905 1111/1657/909
f 1108/1658/910 1086/1635/888 1107/1656/908
f 1108/1659/910 1107/1660/908 1112/1661/911
f 1107/1656/908 1086/1635/888 1088/1637/890
f 1107/1660/908 1109/1662/912 1112/1661/911
f 1107/1660/908 1110/1663/913 1109/1662/912
f 1111/1657/909 1110/1664/913 1107/1656/908
f 1113/1665/914 1112/1661/911 1109/1662/912
f 1113/1665/914 1114/1666/915 1112/1661/911
f 1114/1666/915 1108/1659/910 1112/1661/911
f 1117/1667/916 1114/1666/915 1113/1665/914
f 1114/1668/915 1115/1669/917 1116/1670/918
f 1117/1667/916 1115/1671/917 1114/1666/915
f 1116/1672/918 1108/1659/910 1114/1666/915
f 1117/1667/916 1121/1673/919 1118/1674/920
f 1118/1674/920 1119/1675/921 1117/1667/916
f 1119/1675/921 1115/1671/917 1117/1667/916
f 1113/1665/914 1120/1676/922 1117/1667/916
f 1117/1667/916 1120/1676/922 1121/1673/919
f 1122/1677/923 1121/1673/919 1120/1676/922
f 1123/1678/924 1121/1673/919 1122/1677/923
f 1118/1674/920 1121/1673/919 1123/1678/924
f 1124/1679/925 1123/1678/924 1122/1677/923
f 1118/1674/920 1123/1678/924 1124/1679/925
f 1124/1679/925 1122/1677/923 1126/1680/926
f 1125/1681/927 1118/1674/920 1124/1679/925
f 1125/1681/927 1124/1679/925 1126/1680/926
f 1126/1680/926 1127/1682/928 1125/1681/927
f 1126/1680/926 1122/1677/923 1127/1682/928
f 1125/1681/927 1127/1682/928 1128/1683/929
f 1129/1684/930 1128/1685/929 1127/1686/928
f 1129/1687/930 1127/1682/928 1122/1677/923
f 1130/1688/931 1128/1683/929 1129/1687/930
f 1130/1688/931 1129/1687/930 1122/1677/923
f 1131/1689/932 1128/1683/929 1130/1688/931
f 1135/1690/933 1131/1689/932 1130/1688/931
f 1130/1688/931 1132/1691/934 1133/1692/935
f 1130/1688/931 1120/1676/922 1132/1691/934
f 1122/1677/923 1120/1676/922 1130/1688/931
f 1133/1692/935 1134/1693/936 1130/1688/931
f 1130/1688/931 1134/1693/936 1135/1690/933
f 1136/1694/937 1138/1695/938 1135/1690/933
f 1136/1694/937 1135/1690/933 1137/1696/939
f 1134/1693/936 1137/1696/939 1135/1690/933
f 1135/1690/933 1138/1695/938 1131/1689/932
f 1139/1697/940 1138/1695/938 1136/1694/937
f 1139/1697/940 1131/1689/932 1138/1695/938
f 1139/1697/940 1140/1698/941 1143/1699/942
f 1141/1700/943 1140/1698/941 1139/1697/940
f 1139/1697/940 1136/1694/937 1141/1700/943
f 1139/1697/940 1143/1699/942 1142/1701/944
f 1142/1701/944 1131/1689/932 1139/1697/940
f 1143/1702/942 1144/1703/945 1145/1704/946
f 1143/1702/942 1146/1705/947 1144/1703/945
f 1142/1701/944 1143/1699/942 1145/1706/946
f 1140/1707/941 1146/1705/947 1143/1702/942
f 1140/1707/941 1147/1708/948 1146/1705/947
f 1147/1708/948 1149/1709/949 1146/1705/947
f 1146/1705/947 1148/1710/950 1144/1703/945
f 1146/1705/947 1150/1711/951 1148/1710/950
f 1146/1705/947 1149/1709/949 1150/1711/951
f 1151/1712/952 1150/1711/951 1152/1713/953
f 1151/1712/952 1148/1710/950 1150/1711/951
f 1152/1713/953 1150/1711/951 1149/1709/949
f 1152/1713/953 1153/1714/954 1154/1715/955
f 1155/1716/956 1153/1714/954 1152/1713/953
f 1152/1713/953 1154/1715/955 1151/1712/952
f 1152/1713/953 1157/1717/957 1155/1716/956
f 1152/1713/953 1149/1709/949 1156/1718/958
f 1152/1713/953 1156/1718/958 1157/1717/957
f 1160/1719/959 1157/1717/957 1158/1720/960
f 1157/1717/957 1147/1708/948 1158/1720/960
f 1159/1721/961 1157/1717/957 1160/1719/959
f 1159/1721/961 1161/1722/962 1157/1717/957
f 1155/1716/956 1157/1717/957 1161/1722/962
f 1157/1717/957 1156/1718/958 1147/1708/948
f 1162/1723/963 1161/1722/962 1159/1721/961
f 1162/1723/963 1163/1724/964 1161/1722/962
f 1155/1716/956 1161/1722/962 1163/1724/964
f 1165/1725/965 1164/1726/966 1163/1724/964
f 1163/1724/964 1164/1726/966 1155/1716/956
f 1163/1724/964 1166/1727/967 1165/1725/965
f 1162/1723/963 1166/1727/967 1163/1724/964
f 1165/1725/965 1166/1727/967 1167/1728/968
f 1159/1721/961 1167/1728/968 1166/1727/967
f 1159/1721/961 1166/1727/967 1162/1723/963
f 1169/1729/969 1167/1728/968 1168/1730/970
f 1168/1730/970 1167/1728/968 1159/1721/961
f 1165/1725/965 1167/1728/968 1169/1729/969
f 1169/1729/969 1168/1730/970 1173/1731/971
f 1170/1732/972 1169/1729/969 1173/1731/971
f 1170/1732/972 1172/1733/973 1169/1729/969
f 1169/1729/969 1164/1726/966 1165/1725/965
f 1169/1729/969 1171/1734/974 1164/1726/966
f 1172/1733/973 1171/1734/974 1169/1729/969
f 1168/1730/970 1174/1735/975 1173/1731/971
f 1173/1731/971 1174/1735/975 1175/1736/976
f 1175/1736/976 1170/1732/972 1173/1731/971
f 1179/1737/977 1175/1736/976 1174/1735/975
f 1178/1738/978 1176/1739/979 1175/1736/976
f 1176/1739/979 1177/1740/980 1175/1736/976
f 1175/1736/976 1177/1740/980 1170/1732/972
f 1178/1738/978 1175/1736/976 1179/1737/977
f 1179/1741/977 1181/1742/981 1178/1743/978
f 1179/1737/977 1174/1735/975 1182/1744/982
f 1179/1741/977 1180/1745/983 1181/1742/981
f 1182/1746/982 1180/1745/983 1179/1741/977
f 1184/1747/984 1182/1744/982 1174/1735/975
f 1182/1746/982 1185/1748/985 1180/1745/983
f 1183/1749/986 1134/1693/936 1182/1746/982
f 1183/1750/986 1182/1744/982 1184/1747/984
f 1182/1746/982 1134/1693/936 1185/1748/985
f 1180/1745/983 1185/1748/985 1186/1751/987
f 1186/1752/987 1185/1753/985 1101/1650/902
f 1185/1753/985 1134/1754/936 1101/1650/902
f 1180/1745/983 1186/1751/987 1190/1755/988
f 1103/1652/904 1186/1752/987 1101/1650/902
f 1188/1756/989 1187/1757/990 1186/1752/987
f 1189/1758/991 1186/1752/987 1187/1757/990
f 1188/1756/989 1186/1752/987 1103/1652/904
f 1189/1758/991 1190/1759/988 1186/1752/987
f 1193/1760/992 1190/1759/988 1189/1758/991
f 1190/1755/988 1191/1761/993 1192/1762/994
f 1193/1763/992 1191/1761/993 1190/1755/988
f 1190/1755/988 1192/1762/994 1180/1745/983
f 1193/1760/992 1194/1764/995 1195/1765/996
f 1189/1758/991 1194/1764/995 1193/1760/992
f 1193/1760/992 1195/1765/996 1196/1766/997
f 1196/1766/997 1197/1767/998 1193/1760/992
f 1193/1760/992 1197/1767/998 1198/1768/999
f 1193/1760/992 1198/1768/999 1199/1769/1000
f 1193/1760/992 1199/1769/1000 1191/1770/993
f 1201/1771/1001 1199/1769/1000 1198/1768/999
f 1191/1770/993 1199/1769/1000 1192/1772/994
f 1192/1772/994 1199/1769/1000 60/93/64
f 60/93/64 1199/1769/1000 1200/1773/1002
f 1098/1648/900 1200/1773/1002 1199/1769/1000
f 1098/1648/900 1199/1769/1000 1201/1771/1001
f 1099/1649/901 1098/1648/900 1201/1771/1001
f 1201/1771/1001 1198/1768/999 1197/1767/998
f 1202/1774/1003 1201/1771/1001 1197/1767/998
f 1099/1649/901 1201/1771/1001 1202/1774/1003
f 1202/1774/1003 1197/1767/998 1203/1775/1004
f 1203/1775/1004 1188/1756/989 1202/1774/1003
f 1202/1774/1003 1188/1756/989 1103/1652/904
f 1202/1774/1003 1103/1652/904 1099/1649/901
f 1203/1775/1004 1195/1765/996 1187/1757/990
f 1203/1775/1004 1187/1757/990 1188/1756/989
f 1203/1775/1004 1196/1766/997 1195/1765/996
f 1203/1775/1004 1197/1767/998 1196/1766/997
f 60/93/64 1200/1773/1002 1204/1776/1005
f 1205/1777/1006 1200/1773/1002 1098/1648/900
f 1205/1777/1006 1204/1776/1005 1200/1773/1002
f 1098/1648/900 1208/1778/1007 1205/1777/1006
f 1206/1779/1008 1204/1776/1005 1205/1777/1006
f 1205/1777/1006 1207/1780/1009 1206/1779/1008
f 1205/1777/1006 1208/1778/1007 1207/1780/1009
f 1094/1644/896 1207/1780/1009 1208/1778/1007
f 1097/1647/899 1094/1644/896 1208/1778/1007
f 1098/1648/900 1097/1647/899 1208/1778/1007
f 1206/1779/1008 1207/1780/1009 1093/1643/895
f 1093/1643/895 1207/1780/1009 1094/1644/896
f 60/93/64 1206/1779/1008 1093/1643/895
f 1204/1776/1005 1206/1779/1008 60/93/64
f 1187/1757/990 1195/1765/996 1194/1764/995
f 1187/1757/990 1194/1764/995 1189/1758/991
f 60/93/64 1180/1781/983 1192/1772/994
f 1184/1747/984 1174/1735/975 1210/1782/1010
f 1183/1750/986 1184/1747/984 1209/1783/1011
f 1209/1783/1011 1184/1747/984 1210/1782/1010
f 1209/1783/1011 1210/1782/1010 1212/1784/1012
f 1210/1782/1010 1211/1785/1013 1215/1786/1014
f 1210/1782/1010 1174/1735/975 1211/1785/1013
f 1212/1787/1012 1210/1788/1010 1213/1789/1015
f 1214/1790/1016 1213/1791/1015 1210/1782/1010
f 1214/1790/1016 1210/1782/1010 1216/1792/1017
f 1216/1792/1017 1210/1782/1010 1215/1786/1014
f 1214/1790/1016 1216/1792/1017 1147/1708/948
f 1216/1792/1017 1215/1786/1014 1147/1708/948
f 1147/1708/948 1215/1786/1014 1217/1793/1018
f 1215/1786/1014 1211/1785/1013 1217/1793/1018
f 1217/1793/1018 1211/1785/1013 1158/1720/960
f 1147/1708/948 1217/1793/1018 1158/1720/960
f 1218/1794/1019 1214/1795/1016 1219/1796/1020
f 1218/1794/1019 1213/1789/1015 1214/1795/1016
f 1219/1797/1020 1214/1790/1016 1147/1708/948
f 1219/1797/1020 1147/1708/948 1140/1707/941
f 1219/1796/1020 1220/1798/1021 1218/1794/1019
f 1140/1698/941 1222/1799/1022 1219/1796/1020
f 1219/1796/1020 1221/1800/1023 1220/1798/1021
f 1219/1796/1020 1222/1799/1022 1221/1800/1023
f 1223/1801/1024 1222/1799/1022 1225/1802/1025
f 1224/1803/1026 1222/1799/1022 1223/1801/1024
f 1224/1803/1026 1221/1800/1023 1222/1799/1022
f 1141/1700/943 1222/1799/1022 1140/1698/941
f 1225/1802/1025 1222/1799/1022 1141/1700/943
f 1223/1801/1024 1225/1802/1025 1226/1804/1027
f 1141/1700/943 1226/1804/1027 1225/1802/1025
f 1141/1700/943 1227/1805/1028 1226/1804/1027
f 1227/1805/1028 1223/1801/1024 1226/1804/1027
f 1227/1805/1028 1137/1696/939 1223/1801/1024
f 1136/1694/937 1137/1696/939 1227/1805/1028
f 1141/1700/943 1136/1694/937 1227/1805/1028
f 1224/1803/1026 1212/1787/1012 1228/1806/1029
f 1223/1801/1024 1212/1787/1012 1224/1803/1026
f 1213/1789/1015 1221/1800/1023 1224/1803/1026
f 1228/1807/1029 1213/1808/1015 1224/1809/1026
f 1212/1787/1012 1213/1789/1015 1228/1806/1029
f 1223/1801/1024 1209/1810/1011 1212/1787/1012
f 1183/1749/986 1209/1810/1011 1223/1801/1024
f 1134/1693/936 1223/1801/1024 1137/1696/939
f 1183/1749/986 1223/1801/1024 1134/1693/936
f 1213/1789/1015 1220/1798/1021 1221/1800/1023
f 1218/1794/1019 1220/1798/1021 1213/1789/1015
f 1158/1720/960 1211/1785/1013 1174/1735/975
f 1180/1745/983 62/1811/62 1181/1742/981
f 1229/1812/1030 1181/1813/981 1155/1716/956
f 1178/1743/978 1181/1742/981 1229/1814/1030
f 1181/1742/981 62/1811/62 1230/1815/1031
f 1155/1716/956 1181/1813/981 1230/1816/1031
f 1230/1815/1031 62/1811/62 1231/1817/1032
f 1232/1818/1033 1230/1816/1031 1231/1819/1032
f 1155/1716/956 1230/1816/1031 1232/1818/1033
f 1232/1818/1033 1231/1819/1032 1239/1820/1034
f 1232/1818/1033 1233/1821/1035 1240/1822/1036
f 1234/1823/1037 1233/1821/1035 1232/1818/1033
f 1239/1820/1034 1234/1823/1037 1232/1818/1033
f 6/8/8 1232/1818/1033 8/7/7
f 6/640/8 1235/1824/1038 1232/1825/1033
f 1235/1824/1038 1236/1826/1039 1232/1825/1033
f 1232/1825/1033 1236/1826/1039 1237/1827/1040
f 1232/1818/1033 1237/1828/1040 1155/1716/956
f 8/7/7 1232/1818/1033 1238/1829/1041
f 1232/1818/1033 1240/1822/1036 1238/1829/1041
f 63/96/67 1240/1822/1036 1233/1821/1035
f 65/89/60 1240/1822/1036 63/96/67
f 65/89/60 1238/1829/1041 1240/1822/1036
f 1239/1830/1034 64/1831/63 1234/1832/1037
f 64/1831/63 1239/1830/1034 1231/1833/1032
f 44/71/46 1238/1829/1041 65/89/60
f 44/71/46 8/7/7 1238/1829/1041
f 1242/1834/1042 1237/1827/1040 1236/1826/1039
f 1241/1835/1043 1237/1827/1040 1242/1834/1042
f 1241/1836/1043 1153/1714/954 1237/1828/1040
f 1155/1716/956 1237/1828/1040 1153/1714/954
f 1242/1834/1042 1244/1837/1044 1241/1835/1043
f 1242/1834/1042 1243/1838/1045 1244/1837/1044
f 1245/1839/1046 1243/1838/1045 1242/1834/1042
f 1242/1834/1042 1236/1826/1039 1245/1839/1046
f 1245/1839/1046 1246/1840/1047 1243/1838/1045
f 460/668/458 1246/1840/1047 1245/1839/1046
f 1245/1839/1046 1247/1841/1048 460/668/458
f 1245/1839/1046 1236/1826/1039 1247/1841/1048
f 460/668/458 1247/1841/1048 455/665/455
f 455/665/455 1247/1841/1048 1235/1824/1038
f 1235/1824/1038 1247/1841/1048 1236/1826/1039
f 1246/1840/1047 1248/1842/1049 1243/1838/1045
f 1246/1840/1047 483/690/480 1248/1842/1049
f 475/685/475 483/690/480 1246/1840/1047
f 460/668/458 1249/1843/1050 1246/1840/1047
f 1246/1840/1047 477/687/477 476/686/476
f 1249/1843/1050 477/687/477 1246/1840/1047
f 1246/1840/1047 476/686/476 475/685/475
f 1250/1844/1051 1249/1843/1050 460/668/458
f 1249/1843/1050 1250/1844/1051 465/675/465
f 1249/1843/1050 465/675/465 477/687/477
f 1250/1844/1051 466/674/464 465/675/465
f 460/668/458 466/674/464 1250/1844/1051
f 1248/1842/1049 482/693/483 481/692/482
f 483/690/480 482/693/483 1248/1842/1049
f 1243/1838/1045 1248/1842/1049 1253/1845/1052
f 1251/1846/1053 1248/1842/1049 1252/1847/1054
f 1251/1846/1053 1253/1845/1052 1248/1842/1049
f 1248/1842/1049 481/692/482 1252/1847/1054
f 1254/1848/1055 1253/1845/1052 1251/1846/1053
f 1254/1848/1055 1255/1849/1056 1253/1845/1052
f 1244/1837/1044 1253/1845/1052 1255/1849/1056
f 1243/1838/1045 1253/1845/1052 1244/1837/1044
f 1256/1850/1057 1255/1849/1056 1257/1851/1058
f 1244/1837/1044 1255/1849/1056 1256/1850/1057
f 1258/1852/1059 1257/1851/1058 1255/1849/1056
f 1258/1852/1059 1255/1849/1056 1254/1848/1055
f 1258/1852/1059 1262/1853/1060 1259/1854/1061
f 1259/1854/1061 1260/1855/1062 1258/1852/1059
f 1260/1855/1062 1257/1851/1058 1258/1852/1059
f 1254/1848/1055 1261/1856/1063 1258/1852/1059
f 1258/1852/1059 1261/1856/1063 1262/1853/1060
f 1262/1853/1060 1263/1857/1064 1264/1858/1065
f 1265/1859/1066 1263/1857/1064 1262/1853/1060
f 1262/1853/1060 1264/1858/1065 1266/1860/1067
f 1261/1856/1063 1267/1861/1068 1262/1853/1060
f 1262/1853/1060 1267/1861/1068 1265/1859/1066
f 1259/1854/1061 1262/1853/1060 1266/1860/1067
f 1268/1862/1069 1267/1861/1068 1269/1863/1070
f 1268/1862/1069 1265/1859/1066 1267/1861/1068
f 1269/1863/1070 1267/1861/1068 1270/1864/1071
f 1261/1856/1063 1270/1864/1071 1267/1861/1068
f 1269/1863/1070 1270/1864/1071 1271/1865/1072
f 1272/1866/1073 1271/1865/1072 1270/1864/1071
f 1261/1856/1063 1272/1866/1073 1270/1864/1071
f 1272/1866/1073 1273/1867/1074 1271/1865/1072
f 1274/1868/1075 1273/1867/1074 1272/1866/1073
f 1274/1868/1075 1272/1866/1073 1275/1869/1076
f 1275/1869/1076 1272/1866/1073 1276/1870/1077
f 1254/1848/1055 1272/1866/1073 1261/1856/1063
f 1254/1848/1055 1276/1870/1077 1272/1866/1073
f 1276/1870/1077 1277/1871/1078 1281/1872/1079
f 1278/1873/1080 1277/1871/1078 1276/1870/1077
f 1251/1846/1053 1276/1870/1077 1254/1848/1055
f 1251/1846/1053 1280/1874/1081 1276/1870/1077
f 1276/1870/1077 1279/1875/1082 1278/1873/1080
f 1276/1870/1077 1282/1876/1083 1279/1875/1082
f 1276/1870/1077 1281/1872/1079 1275/1869/1076
f 1280/1874/1081 1282/1876/1083 1276/1870/1077
f 1282/1876/1083 1283/1877/1084 1279/1875/1082
f 1280/1874/1081 1283/1877/1084 1282/1876/1083
f 480/691/481 1284/1878/1085 1283/1877/1084
f 1284/1878/1085 1285/1879/1086 1283/1877/1084
f 1283/1877/1084 1285/1879/1086 1286/1880/1087
f 1283/1877/1084 1286/1880/1087 1279/1875/1082
f 1280/1874/1081 480/691/481 1283/1877/1084
f 1285/1879/1086 1288/1881/1088 1286/1880/1087
f 1286/1880/1087 1287/1882/1089 1278/1873/1080
f 1288/1881/1088 1287/1882/1089 1286/1880/1087
f 1286/1880/1087 1278/1873/1080 1279/1875/1082
f 1285/1879/1086 1289/1883/1090 1288/1881/1088
f 1288/1881/1088 1289/1883/1090 1287/1882/1089
f 1290/1884/1091 1289/1885/1090 1285/1886/1086
f 1289/1885/1090 1290/1884/1091 1291/1887/1092
f 1287/1882/1089 1289/1883/1090 1291/1888/1092
f 1291/1887/1092 1292/1889/1093 1293/1890/1094
f 1290/1884/1091 1292/1889/1093 1291/1887/1092
f 1291/1887/1092 1293/1890/1094 1295/1891/1095
f 1294/1892/1096 1291/1888/1092 1295/1893/1095
f 1287/1882/1089 1291/1888/1092 1294/1892/1096
f 1296/1894/1097 1295/1893/1095 1298/1895/1098
f 1294/1892/1096 1295/1893/1095 1296/1894/1097
f 1295/1891/1095 1297/1896/1099 1298/1897/1098
f 1295/1891/1095 1293/1890/1094 1297/1896/1099
f 1296/1894/1097 1298/1895/1098 1269/1863/1070
f 1269/1863/1070 1298/1895/1098 1300/1898/1100
f 1298/1897/1098 1299/1899/1101 1300/1900/1100
f 1298/1897/1098 1297/1896/1099 1299/1899/1101
f 1300/1900/1100 1301/1901/1102 1302/1902/1103
f 1300/1900/1100 1299/1899/1101 1301/1901/1102
f 1268/1862/1069 1300/1898/1100 1302/1903/1103
f 1269/1863/1070 1300/1898/1100 1268/1862/1069
f 1305/1904/1104 1302/1902/1103 1303/1905/1105
f 1302/1902/1103 1304/1906/1106 1303/1905/1105
f 1302/1902/1103 1301/1901/1102 1304/1906/1106
f 1268/1907/1069 1302/1902/1103 1305/1904/1104
f 1264/1858/1065 1268/1862/1069 1305/1908/1104
f 1264/1858/1065 1305/1908/1104 1266/1860/1067
f 1266/1860/1067 1305/1908/1104 1306/1909/1107
f 1306/1909/1107 1305/1908/1104 1307/1910/1108
f 1305/1904/1104 1303/1905/1105 1307/1911/1108
f 1307/1911/1108 1303/1905/1105 1312/1912/1109
f 1307/1910/1108 1311/1913/1110 1308/1914/1111
f 1306/1909/1107 1307/1910/1108 1308/1914/1111
f 1307/1911/1108 1312/1912/1109 1309/1915/1112
f 1309/1916/1112 1310/1917/1113 1307/1910/1108
f 1307/1910/1108 1310/1917/1113 1311/1913/1110
f 1312/1912/1109 1313/1918/1114 1315/1919/1115
f 1312/1912/1109 1314/1920/1116 1313/1918/1114
f 1303/1905/1105 1314/1920/1116 1312/1912/1109
f 1309/1915/1112 1312/1912/1109 1315/1919/1115
f 1315/1919/1115 1313/1918/1114 1318/1921/1117
f 1309/1915/1112 1315/1919/1115 1317/1922/1118
f 1317/1922/1118 1315/1919/1115 1316/1923/1119
f 1315/1919/1115 1318/1921/1117 1316/1923/1119
f 1319/1924/1120 1318/1921/1117 1320/1925/1121
f 1319/1924/1120 1321/1926/1122 1318/1921/1117
f 1320/1925/1121 1318/1921/1117 1322/1927/1123
f 1316/1923/1119 1318/1921/1117 1321/1926/1122
f 1322/1927/1123 1318/1921/1117 1313/1918/1114
f 1322/1927/1123 1324/1928/1124 1323/1929/1125
f 1323/1929/1125 1320/1925/1121 1322/1927/1123
f 1322/1927/1123 1313/1918/1114 1324/1928/1124
f 1323/1929/1125 1324/1928/1124 1325/1930/1126
f 1324/1928/1124 1314/1920/1116 1325/1930/1126
f 1324/1928/1124 1313/1918/1114 1314/1920/1116
f 1323/1929/1125 1325/1930/1126 1326/1931/1127
f 1325/1930/1126 1304/1906/1106 1326/1931/1127
f 1325/1930/1126 1314/1920/1116 1304/1906/1106
f 1326/1931/1127 1327/1932/1128 1323/1929/1125
f 1326/1931/1127 1304/1906/1106 1327/1932/1128
f 1323/1929/1125 1327/1932/1128 1328/1933/1129
f 1327/1932/1128 1304/1906/1106 1301/1901/1102
f 1327/1932/1128 1301/1901/1102 1328/1933/1129
f 1328/1933/1129 1301/1901/1102 1329/1934/1130
f 1323/1929/1125 1328/1933/1129 1329/1934/1130
f 1329/1934/1130 1299/1899/1101 1330/1935/1131
f 1329/1934/1130 1330/1935/1131 1323/1929/1125
f 1329/1934/1130 1301/1901/1102 1299/1899/1101
f 1299/1899/1101 1331/1936/1132 1330/1935/1131
f 1323/1929/1125 1330/1935/1131 1331/1936/1132
f 1323/1929/1125 1331/1936/1132 1332/1937/1133
f 1299/1899/1101 1332/1937/1133 1331/1936/1132
f 1332/1937/1133 1333/1938/1134 1323/1929/1125
f 1297/1896/1099 1333/1938/1134 1332/1937/1133
f 1297/1896/1099 1332/1937/1133 1299/1899/1101
f 1334/1939/1135 1333/1938/1134 1297/1896/1099
f 1323/1929/1125 1333/1938/1134 1334/1939/1135
f 1336/1940/1136 1335/1941/1137 1334/1939/1135
f 1338/1942/1138 1334/1939/1135 1335/1941/1137
f 1297/1896/1099 1293/1890/1094 1334/1939/1135
f 1337/1943/1139 1334/1939/1135 1293/1890/1094
f 1336/1940/1136 1334/1939/1135 1337/1943/1139
f 1323/1929/1125 1334/1939/1135 1338/1942/1138
f 1338/1942/1138 1335/1941/1137 1339/1944/1140
f 1339/1944/1140 1340/1945/1141 1338/1942/1138
f 1340/1945/1141 1341/1946/1142 1338/1942/1138
f 1338/1942/1138 1341/1946/1142 1342/1947/1143
f 1338/1942/1138 1342/1947/1143 1343/1948/1144
f 1343/1948/1144 1344/1949/1145 1338/1942/1138
f 1338/1942/1138 1344/1949/1145 1345/1950/1146
f 1338/1942/1138 1345/1950/1146 1346/1951/1147
f 1346/1952/1147 815/1953/716 1338/1954/1138
f 1338/1954/1138 815/1953/716 1323/1955/1125
f 1346/1952/1147 1347/1956/1148 1348/1957/1149
f 1346/1952/1147 1350/1958/1150 1347/1956/1148
f 1354/1959/1151 1346/1951/1147 1345/1950/1146
f 1348/1957/1149 815/1953/716 1346/1952/1147
f 1346/1952/1147 1353/1960/1152 1349/1961/1153
f 1349/1961/1153 1350/1958/1150 1346/1952/1147
f 1346/1952/1147 1351/1962/1154 1353/1960/1152
f 1352/1963/1155 1351/1962/1154 1346/1952/1147
f 1355/1964/1156 1352/1965/1155 1346/1951/1147
f 1355/1964/1156 1346/1951/1147 1354/1959/1151
f 1356/1966/1157 1352/1965/1155 1355/1964/1156
f 491/1967/490 1356/1966/1157 1355/1964/1156
f 490/1968/489 1355/1964/1156 1354/1959/1151
f 491/1967/490 1355/1964/1156 490/1968/489
f 1351/1962/1154 1352/1963/1155 1356/1969/1157
f 1357/1970/1158 1356/1969/1157 1358/1971/1159
f 1357/1970/1158 1351/1962/1154 1356/1969/1157
f 1358/1972/1159 1356/1966/1157 491/1967/490
f 505/1973/504 1357/1974/1158 1358/1972/1159
f 505/1973/504 1358/1972/1159 491/1967/490
f 504/1975/503 1359/1976/1160 1357/1974/1158
f 1359/1977/1160 1351/1962/1154 1357/1970/1158
f 504/1975/503 1357/1974/1158 505/1973/504
f 504/1975/503 1360/1978/1161 1359/1976/1160
f 1360/1979/1161 1361/1980/1162 1359/1977/1160
f 1359/1977/1160 1361/1980/1162 1351/1962/1154
f 1362/1981/1163 1361/1982/1162 1360/1978/1161
f 1362/1981/1163 1351/1983/1154 1361/1982/1162
f 506/1984/505 1362/1981/1163 504/1975/503
f 1362/1981/1163 1360/1978/1161 504/1975/503
f 511/721/511 1362/1985/1163 506/715/505
f 511/1986/511 1363/1987/1164 1362/1981/1163
f 1363/1987/1164 1351/1983/1154 1362/1981/1163
f 1364/1988/1165 1363/1987/1164 1366/1989/1166
f 1365/1990/1167 1363/1987/1164 1364/1988/1165
f 1365/1990/1167 1351/1983/1154 1363/1987/1164
f 517/730/517 1366/1991/1166 1363/1992/1164
f 517/1993/517 1363/1987/1164 511/1986/511
f 525/738/524 1366/1991/1166 517/730/517
f 525/738/524 1367/1994/1168 1366/1991/1166
f 1364/1988/1165 1366/1989/1166 1368/1995/1169
f 1368/1995/1169 1366/1989/1166 1367/1996/1168
f 1368/1995/1169 1369/1997/1170 1347/1998/1148
f 1368/1995/1169 1347/1998/1148 1364/1988/1165
f 1368/1995/1169 1371/1999/1171 1369/1997/1170
f 1368/1995/1169 1367/1996/1168 1370/2000/1172
f 1370/2000/1172 1371/1999/1171 1368/1995/1169
f 1372/2001/1173 1369/1997/1170 1371/1999/1171
f 1372/2001/1173 1371/1999/1171 1373/2002/1174
f 1370/2000/1172 1373/2002/1174 1371/1999/1171
f 1375/2003/1175 1374/2004/1176 1373/2002/1174
f 1373/2002/1174 1374/2004/1176 1372/2001/1173
f 1375/2003/1175 1373/2002/1174 1370/2000/1172
f 1370/2000/1172 1377/2005/1177 1375/2003/1175
f 1375/2003/1175 1378/2006/1178 1376/2007/1179
f 1376/2007/1179 1379/2008/1180 1375/2003/1175
f 1375/2003/1175 1377/2005/1177 1378/2006/1178
f 1375/2003/1175 1379/2008/1180 1374/2004/1176
f 1372/2001/1173 1374/2004/1176 1379/2008/1180
f 1376/2007/1179 1380/2009/1181 1379/2008/1180
f 1372/2001/1173 1379/2008/1180 1380/2009/1181
f 1376/2007/1179 1381/2010/1182 1380/2009/1181
f 1380/2009/1181 1381/2010/1182 1372/2001/1173
f 1383/2011/1183 1382/2012/1184 1381/2010/1182
f 1372/2001/1173 1381/2010/1182 1382/2012/1184
f 1383/2011/1183 1381/2010/1182 1376/2007/1179
f 1376/2007/1179 1386/2013/1185 1383/2011/1183
f 1383/2011/1183 1385/2014/1186 1384/2015/1187
f 1384/2015/1187 1387/2016/1188 1383/2011/1183
f 1383/2011/1183 1386/2013/1185 1385/2014/1186
f 1383/2011/1183 1387/2016/1188 1382/2012/1184
f 1372/2001/1173 1382/2012/1184 1387/2016/1188
f 1387/2016/1188 1388/2017/1189 1372/2001/1173
f 1384/2015/1187 1388/2017/1189 1387/2016/1188
f 1372/2001/1173 1388/2017/1189 1389/2018/1190
f 1389/2018/1190 1388/2017/1189 1384/2015/1187
f 1389/2018/1190 1391/2019/1191 1390/2020/1192
f 598/819/597 1389/2018/1190 1390/2020/1192
f 1384/2015/1187 1391/2019/1191 1389/2018/1190
f 1372/2001/1173 1389/2018/1190 598/819/597
f 1390/2020/1192 1391/2019/1191 592/812/591
f 1384/2015/1187 1385/2014/1186 1391/2019/1191
f 590/813/590 1391/2019/1191 1385/2014/1186
f 590/813/590 592/812/591 1391/2019/1191
f 592/812/591 1392/2021/1193 1390/2020/1192
f 598/819/597 1390/2020/1192 1392/2021/1193
f 592/812/591 594/815/593 1392/2021/1193
f 1392/2021/1193 594/815/593 598/819/597
f 532/745/531 1386/2022/1185 1378/2023/1178
f 1376/2007/1179 1378/2006/1178 1386/2013/1185
f 1393/2024/1194 1386/2022/1185 532/745/531
f 1393/2024/1194 1385/2025/1186 1386/2022/1185
f 536/749/535 1393/2024/1194 534/748/534
f 536/749/535 1394/2026/1195 1393/2024/1194
f 534/748/534 1393/2024/1194 532/745/531
f 1394/2026/1195 1385/2025/1186 1393/2024/1194
f 591/810/589 590/811/590 1394/2026/1195
f 1394/2026/1195 553/768/554 591/810/589
f 1394/2026/1195 590/811/590 1385/2025/1186
f 538/750/536 1395/2027/1196 1394/2026/1195
f 538/750/536 1394/2026/1195 536/749/535
f 1394/2026/1195 1395/2027/1196 553/768/554
f 537/752/538 1395/2027/1196 538/750/536
f 537/752/538 553/768/554 1395/2027/1196
f 529/742/528 1378/2023/1178 1377/2028/1177
f 532/745/531 1378/2023/1178 529/742/528
f 527/740/526 1377/2028/1177 1367/1994/1168
f 529/742/528 1377/2028/1177 527/740/526
f 1370/2000/1172 1367/1996/1168 1377/2005/1177
f 1348/1957/1149 1347/1956/1148 1372/2029/1173
f 1347/1998/1148 1369/1997/1170 1372/2001/1173
f 598/828/597 607/827/605 1372/2030/1173
f 1372/2030/1173 1396/2031/1197 1348/2032/1149
f 1372/2030/1173 607/827/605 1396/2031/1197
f 1348/2032/1149 1396/2031/1197 764/2033/705
f 607/827/605 718/997/697 1396/2031/1197
f 718/1002/697 721/1003/651 1396/2034/1197
f 1396/2034/1197 721/1003/651 764/1087/705
f 527/740/526 1367/1994/1168 525/738/524
f 1353/2035/1152 1351/1983/1154 1365/1990/1167
f 1365/1990/1167 1364/1988/1165 1353/2035/1152
f 1353/2035/1152 1364/1988/1165 1349/2036/1153
f 1364/1988/1165 1347/1998/1148 1350/2037/1150
f 1364/1988/1165 1350/2037/1150 1349/2036/1153
f 1354/1959/1151 1345/1950/1146 1344/1949/1145
f 1354/1959/1151 1344/1949/1145 1397/2038/1198
f 1398/2039/1199 1354/1959/1151 1397/2038/1198
f 490/1968/489 1354/1959/1151 1398/2039/1199
f 488/697/487 490/699/489 1398/2040/1199
f 1285/1879/1086 1398/2040/1199 1399/2041/1200
f 488/697/487 1398/2040/1199 1285/1879/1086
f 1398/2039/1199 1397/2038/1198 1399/2042/1200
f 1400/2043/1201 1399/2042/1200 1337/1943/1139
f 1400/2043/1201 1292/1889/1093 1399/2042/1200
f 1290/1884/1091 1399/2042/1200 1292/1889/1093
f 1399/2042/1200 1401/2044/1202 1337/1943/1139
f 1399/2042/1200 1397/2038/1198 1401/2044/1202
f 1285/1879/1086 1399/2041/1200 1290/2045/1091
f 1401/2044/1202 1341/1946/1142 1340/1945/1141
f 1340/1945/1141 1336/1940/1136 1401/2044/1202
f 1401/2044/1202 1342/1947/1143 1341/1946/1142
f 1397/2038/1198 1342/1947/1143 1401/2044/1202
f 1337/1943/1139 1401/2044/1202 1336/1940/1136
f 1400/2043/1201 1293/1890/1094 1292/1889/1093
f 1337/1943/1139 1293/1890/1094 1400/2043/1201
f 1397/2038/1198 1343/1948/1144 1342/1947/1143
f 1397/2038/1198 1344/1949/1145 1343/1948/1144
f 1348/2032/1149 764/2033/705 1403/2046/1203
f 1348/2047/1149 817/1183/667 815/1181/716
f 1348/2047/1149 1402/2048/733 817/1183/667
f 753/2049/664 1402/2048/733 1348/2047/1149
f 1403/2050/1203 755/2051/686 1348/2047/1149
f 1348/2047/1149 755/2051/686 752/2052/665
f 1348/2047/1149 752/2052/665 753/2049/664
f 765/2053/701 1403/2046/1203 764/2033/705
f 765/2053/701 1404/2054/1204 1403/2046/1203
f 1404/2055/1204 759/1094/692 1403/2050/1203
f 759/1094/692 757/2056/687 1403/2050/1203
f 1403/2050/1203 757/2056/687 755/2051/686
f 763/2057/703 1404/2054/1204 762/2058/702
f 763/2057/703 772/1140/706 1404/2054/1204
f 772/1098/706 759/1094/692 1404/2055/1204
f 762/2058/702 1404/2054/1204 765/2053/701
f 1402/2059/733 741/1068/698 738/2060/658
f 753/1066/664 741/1068/698 1402/2059/733
f 1402/2059/733 738/2060/658 817/2061/667
f 1339/1944/1140 1336/1940/1136 1340/1945/1141
f 1339/1944/1140 1335/1941/1137 1336/1940/1136
f 1323/2062/1125 878/1304/731 949/1442/752
f 949/1444/752 1405/2063/1205 1323/1929/1125
f 1323/1929/1125 1405/2063/1205 1406/2064/1206
f 1406/2064/1206 1319/1924/1120 1323/1929/1125
f 1323/1929/1125 1319/1924/1120 1320/1925/1121
f 850/2065/723 878/1304/731 1323/2062/1125
f 1323/1955/1125 815/1953/716 841/2066/721
f 1323/1955/1125 841/2066/721 850/2067/723
f 1405/2063/1205 1321/1926/1122 1406/2064/1206
f 1406/2064/1206 1321/1926/1122 1319/1924/1120
f 949/1444/752 1407/2068/1207 1405/2063/1205
f 1407/2068/1207 1408/2069/1208 1405/2063/1205
f 1405/2063/1205 1408/2069/1208 1321/1926/1122
f 1411/2070/1209 1408/2069/1208 1407/2068/1207
f 1410/2071/1210 1408/2069/1208 1409/2072/1211
f 1411/2070/1209 1409/2072/1211 1408/2069/1208
f 1412/2073/1212 1408/2069/1208 1410/2071/1210
f 1412/2073/1212 1321/1926/1122 1408/2069/1208
f 1413/2074/1213 1412/2073/1212 1414/2075/1214
f 1413/2074/1213 1316/1923/1119 1412/2073/1212
f 1414/2075/1214 1412/2073/1212 1410/2071/1210
f 1316/1923/1119 1321/1926/1122 1412/2073/1212
f 1414/2075/1214 1410/2071/1210 1415/2076/1215
f 1415/2077/1215 1416/2078/1216 1414/2079/1214
f 1416/2078/1216 1417/2080/1217 1414/2079/1214
f 1414/2079/1214 1418/2081/1218 1413/2082/1213
f 1414/2079/1214 1417/2080/1217 1418/2081/1218
f 1413/2082/1213 1418/2081/1218 1419/2083/1219
f 1420/2084/1220 1418/2081/1218 1417/2080/1217
f 1421/2085/1221 1419/2083/1219 1418/2081/1218
f 1420/2084/1220 1421/2085/1221 1418/2081/1218
f 1425/2086/1222 1421/2085/1221 1420/2084/1220
f 1422/2087/1223 1421/2085/1221 1423/2088/1224
f 1422/2087/1223 1419/2083/1219 1421/2085/1221
f 1423/2088/1224 1421/2085/1221 1424/2089/1225
f 1425/2086/1222 1424/2089/1225 1421/2085/1221
f 1427/2090/1226 1424/2089/1225 1425/2086/1222
f 1428/2091/1227 1425/2086/1222 1420/2084/1220
f 1426/2092/1228 1425/2086/1222 1428/2091/1227
f 1426/2092/1228 1427/2090/1226 1425/2086/1222
f 1428/2091/1227 1420/2084/1220 1429/2093/1229
f 1430/2094/1230 1428/2091/1227 1429/2093/1229
f 1430/2094/1230 1426/2092/1228 1428/2091/1227
f 1430/2094/1230 1431/2095/1231 1432/2096/1232
f 1430/2094/1230 1433/2097/1233 1431/2095/1231
f 1432/2096/1232 1426/2092/1228 1430/2094/1230
f 1429/2093/1229 1433/2097/1233 1430/2094/1230
f 1429/2093/1229 1435/2098/1234 1433/2097/1233
f 1433/2097/1233 1434/2099/1235 1437/2100/1236
f 1435/2098/1234 1434/2099/1235 1433/2097/1233
f 1438/2101/1237 1431/2095/1231 1433/2097/1233
f 1433/2097/1233 1437/2100/1236 1436/2102/1238
f 1433/2097/1233 1436/2102/1238 1438/2101/1237
f 1438/2101/1237 1439/2103/1239 1441/2104/1240
f 1438/2101/1237 1436/2102/1238 1439/2103/1239
f 1440/2105/1241 1443/2106/1242 1438/2101/1237
f 1442/2107/1243 1440/2105/1241 1438/2101/1237
f 1442/2107/1243 1438/2101/1237 1441/2104/1240
f 1438/2101/1237 1443/2106/1242 1431/2095/1231
f 1445/2108/1244 1443/2106/1242 1444/2109/1245
f 1440/2105/1241 1444/2109/1245 1443/2106/1242
f 1432/2096/1232 1443/2106/1242 1445/2108/1244
f 1432/2096/1232 1431/2095/1231 1443/2106/1242
f 1448/2110/1246 1446/2111/1247 1445/2108/1244
f 1446/2111/1247 1447/2112/1248 1445/2108/1244
f 1445/2108/1244 1444/2109/1245 1449/2113/1249
f 1445/2108/1244 1447/2112/1248 1432/2096/1232
f 1448/2110/1246 1445/2108/1244 1450/2114/1250
f 1450/2114/1250 1445/2108/1244 1449/2113/1249
f 1450/2114/1250 1449/2113/1249 1451/2115/1251
f 1452/2116/1252 1450/2114/1250 1451/2115/1251
f 1450/2114/1250 1453/2117/1253 1448/2110/1246
f 1454/2118/1254 1450/2114/1250 1452/2116/1252
f 1454/2118/1254 1453/2117/1253 1450/2114/1250
f 1452/2116/1252 1455/2119/1255 1454/2118/1254
f 1455/2119/1255 1458/2120/1256 1454/2118/1254
f 1457/2121/1257 1453/2117/1253 1454/2118/1254
f 1454/2118/1254 1456/2122/1258 1457/2121/1257
f 1454/2118/1254 1458/2120/1256 1456/2122/1258
f 1459/2123/1259 1458/2120/1256 1460/2124/1260
f 1461/2125/1261 1458/2120/1256 1459/2123/1259
f 1455/2119/1255 1460/2124/1260 1458/2120/1256
f 1461/2125/1261 1456/2122/1258 1458/2120/1256
f 1459/2123/1259 1462/2126/1262 1461/2125/1261
f 1461/2125/1261 1462/2126/1262 1463/2127/1263
f 1463/2127/1263 1456/2122/1258 1461/2125/1261
f 1463/2127/1263 1464/2128/1264 986/1488/787
f 1463/2127/1263 1462/2126/1262 1464/2128/1264
f 1463/2127/1263 1465/2129/1265 1456/2122/1258
f 986/1488/787 1465/2129/1265 1463/2127/1263
f 1465/2129/1265 1466/2130/1266 1456/2122/1258
f 1466/2130/1266 1465/2129/1265 1467/2131/1267
f 986/1488/787 1467/2131/1267 1465/2129/1265
f 1071/1621/874 1466/2130/1266 1467/2131/1267
f 985/1490/789 1467/2131/1267 986/1488/787
f 985/1490/789 995/1503/798 1467/2131/1267
f 1467/2131/1267 995/1503/798 1029/1552/832
f 1069/1618/871 1467/2131/1267 1029/1552/832
f 1071/1621/874 1467/2131/1267 1069/1618/871
f 1457/2121/1257 1456/2122/1258 1466/2130/1266
f 1457/2121/1257 1466/2130/1266 1071/1621/874
f 1464/2128/1264 1468/2132/1268 984/1489/788
f 1469/2133/1269 1468/2132/1268 1464/2128/1264
f 1469/2133/1269 1464/2128/1264 1470/2134/1270
f 1464/2128/1264 984/1489/788 986/1488/787
f 1470/2134/1270 1464/2128/1264 1462/2126/1262
f 1471/2135/1271 1469/2133/1269 1470/2134/1270
f 1470/2134/1270 1462/2126/1262 1472/2136/1272
f 1471/2135/1271 1470/2134/1270 1472/2136/1272
f 1471/2135/1271 1472/2136/1272 1473/2137/1273
f 1462/2126/1262 1473/2137/1273 1472/2136/1272
f 1471/2135/1271 1473/2137/1273 1474/2138/1274
f 1462/2126/1262 1475/2139/1275 1473/2137/1273
f 1473/2137/1273 1475/2139/1275 1474/2138/1274
f 1459/2123/1259 1476/2140/1276 1475/2139/1275
f 1474/2138/1274 1475/2139/1275 1476/2140/1276
f 1459/2123/1259 1475/2139/1275 1462/2126/1262
f 1477/2141/1277 1476/2140/1276 1478/2142/1278
f 1474/2138/1274 1476/2140/1276 1477/2141/1277
f 1478/2142/1278 1476/2140/1276 1459/2123/1259
f 1459/2123/1259 1460/2124/1260 1478/2142/1278
f 1478/2142/1278 1460/2124/1260 1479/2143/1279
f 1477/2141/1277 1478/2142/1278 1479/2143/1279
f 1460/2124/1260 1480/2144/1280 1479/2143/1279
f 1480/2144/1280 1477/2141/1277 1479/2143/1279
f 1481/2145/1281 1480/2144/1280 1460/2124/1260
f 1481/2145/1281 1482/2146/1282 1480/2144/1280
f 1480/2144/1280 1482/2146/1282 1477/2141/1277
f 1481/2145/1281 1484/2147/1283 1482/2146/1282
f 1482/2148/1282 1487/2149/1284 1477/2150/1277
f 1483/2151/1285 1486/2152/1286 1482/2148/1282
f 1482/2146/1282 1485/2153/1287 1483/2154/1285
f 1482/2146/1282 1484/2147/1283 1485/2153/1287
f 1482/2148/1282 1486/2152/1286 1487/2149/1284
f 1487/2149/1284 1488/2155/1288 1490/2156/1289
f 1487/2149/1284 1489/2157/1290 1488/2155/1288
f 1486/2152/1286 1489/2157/1290 1487/2149/1284
f 1477/2150/1277 1487/2149/1284 1490/2156/1289
f 1490/2156/1289 1488/2155/1288 1491/2158/1291
f 1490/2156/1289 1491/2158/1291 1492/2159/1292
f 1474/2160/1274 1490/2156/1289 1492/2159/1292
f 1477/2150/1277 1490/2156/1289 1474/2160/1274
f 1471/2161/1271 1492/2159/1292 967/1463/770
f 1492/2159/1292 966/1464/771 967/1463/770
f 1474/2160/1274 1492/2159/1292 1471/2161/1271
f 1492/2159/1292 1491/2158/1291 966/1464/771
f 1491/2158/1291 956/1454/761 955/1453/760
f 957/1455/762 956/1454/761 1491/2158/1291
f 1488/2155/1288 957/1455/762 1491/2158/1291
f 1491/2158/1291 955/1453/760 966/1464/771
f 952/1450/757 1488/2155/1288 1489/2157/1290
f 952/1450/757 1489/2157/1290 953/1451/758
f 953/1451/758 1489/2157/1290 954/1448/755
f 954/1448/755 1489/2157/1290 1493/2162/1293
f 1486/2152/1286 1493/2162/1293 1489/2157/1290
f 954/1448/755 1493/2162/1293 951/1446/754
f 950/1443/753 1493/2162/1293 1494/2163/1294
f 951/1446/754 1493/2162/1293 950/1443/753
f 1495/2164/1295 1494/2163/1294 1493/2162/1293
f 1495/2164/1295 1493/2162/1293 1486/2152/1286
f 1496/2165/1296 1494/2163/1294 1495/2164/1295
f 1497/2166/1297 1496/2165/1296 1495/2164/1295
f 1497/2166/1297 1495/2164/1295 1483/2151/1285
f 1483/2151/1285 1495/2164/1295 1486/2152/1286
f 1497/2167/1297 1483/2154/1285 1498/2168/1298
f 1498/2168/1298 1499/2169/1299 1497/2167/1297
f 1497/2167/1297 1499/2169/1299 1500/2170/1300
f 1497/2167/1297 1500/2170/1300 1501/2171/1301
f 1501/2172/1301 1496/2165/1296 1497/2166/1297
f 1501/2171/1301 1500/2170/1300 1502/2173/1302
f 1501/2171/1301 1502/2173/1302 1503/2174/1303
f 1503/2175/1303 1504/2176/1304 1501/2172/1301
f 1501/2172/1301 1504/2176/1304 1496/2165/1296
f 1504/2176/1304 1505/2177/1305 1506/2178/1306
f 1507/2179/1307 1505/2177/1305 1504/2176/1304
f 1504/2176/1304 1506/2178/1306 1496/2165/1296
f 1503/2175/1303 1507/2179/1307 1504/2176/1304
f 1510/2180/1308 1508/2181/1309 1507/2179/1307
f 1508/2181/1309 1509/2182/1310 1507/2179/1307
f 1507/2179/1307 1509/2182/1310 1505/2177/1305
f 1510/2180/1308 1507/2179/1307 1503/2175/1303
f 1441/2104/1240 1510/2183/1308 1503/2174/1303
f 1439/2103/1239 1436/2102/1238 1510/2183/1308
f 1439/2103/1239 1510/2183/1308 1441/2104/1240
f 1510/2183/1308 1436/2102/1238 1437/2100/1236
f 1510/2183/1308 1437/2100/1236 1511/2184/1311
f 1511/2185/1311 1508/2181/1309 1510/2180/1308
f 1415/2076/1215 1512/2186/1312 1511/2185/1311
f 1511/2184/1311 1434/2099/1235 1415/2077/1215
f 1511/2184/1311 1437/2100/1236 1434/2099/1235
f 1511/2185/1311 1512/2186/1312 1508/2181/1309
f 1415/2076/1215 1410/2071/1210 1512/2186/1312
f 1512/2186/1312 1513/2187/1313 1508/2181/1309
f 1512/2186/1312 1409/2072/1211 1513/2187/1313
f 1410/2071/1210 1409/2072/1211 1512/2186/1312
f 1508/2181/1309 1513/2187/1313 1509/2182/1310
f 1515/2188/1314 1509/2182/1310 1513/2187/1313
f 1514/2189/1315 1513/2187/1313 1409/2072/1211
f 1516/2190/1316 1513/2187/1313 1514/2189/1315
f 1515/2188/1314 1513/2187/1313 1516/2190/1316
f 1516/2190/1316 1514/2189/1315 949/1444/752
f 949/1444/752 1515/2188/1314 1516/2190/1316
f 949/1444/752 1517/2191/1317 1515/2188/1314
f 1517/2191/1317 1509/2182/1310 1515/2188/1314
f 1518/2192/1318 1505/2177/1305 1517/2191/1317
f 1518/2192/1318 1517/2191/1317 949/1444/752
f 1517/2191/1317 1505/2177/1305 1509/2182/1310
f 1518/2192/1318 1519/2193/1319 1505/2177/1305
f 949/1444/752 1519/2193/1319 1518/2192/1318
f 949/1444/752 1520/2194/1320 1519/2193/1319
f 1506/2178/1306 1519/2193/1319 1520/2194/1320
f 1505/2177/1305 1519/2193/1319 1506/2178/1306
f 1521/2195/1321 1520/2194/1320 949/1444/752
f 1506/2178/1306 1520/2194/1320 1521/2195/1321
f 1522/2196/1322 1506/2178/1306 1521/2195/1321
f 949/1444/752 1522/2196/1322 1521/2195/1321
f 1523/2197/1323 1522/2196/1322 949/1444/752
f 1522/2196/1322 1494/2163/1294 1506/2178/1306
f 1523/2197/1323 1494/2163/1294 1522/2196/1322
f 1523/2197/1323 949/1444/752 950/1443/753
f 950/1443/753 1494/2163/1294 1523/2197/1323
f 949/1444/752 1514/2189/1315 1524/2198/1324
f 1514/2189/1315 1409/2072/1211 1524/2198/1324
f 949/1444/752 1524/2198/1324 1411/2070/1209
f 1524/2198/1324 1409/2072/1211 1411/2070/1209
f 1496/2165/1296 1506/2178/1306 1494/2163/1294
f 1503/2174/1303 1502/2173/1302 1525/2199/1325
f 1503/2174/1303 1525/2199/1325 1526/2200/1326
f 1442/2107/1243 1503/2174/1303 1526/2200/1326
f 1441/2104/1240 1503/2174/1303 1442/2107/1243
f 1525/2199/1325 1440/2105/1241 1526/2200/1326
f 1526/2200/1326 1440/2105/1241 1442/2107/1243
f 1502/2173/1302 1527/2201/1327 1525/2199/1325
f 1525/2199/1325 1527/2201/1327 1440/2105/1241
f 1527/2201/1327 1502/2173/1302 1500/2170/1300
f 1528/2202/1328 1527/2201/1327 1500/2170/1300
f 1527/2201/1327 1444/2109/1245 1440/2105/1241
f 1449/2113/1249 1444/2109/1245 1527/2201/1327
f 1449/2113/1249 1527/2201/1327 1528/2202/1328
f 1529/2203/1329 1528/2202/1328 1499/2169/1299
f 1528/2202/1328 1500/2170/1300 1499/2169/1299
f 1451/2115/1251 1528/2202/1328 1529/2203/1329
f 1451/2115/1251 1449/2113/1249 1528/2202/1328
f 1529/2203/1329 1499/2169/1299 1498/2168/1298
f 1529/2203/1329 1498/2168/1298 1530/2204/1330
f 1529/2203/1329 1485/2153/1287 1531/2205/1331
f 1530/2204/1330 1485/2153/1287 1529/2203/1329
f 1452/2116/1252 1451/2115/1251 1529/2203/1329
f 1529/2203/1329 1531/2205/1331 1452/2116/1252
f 1531/2205/1331 1481/2145/1281 1460/2124/1260
f 1484/2147/1283 1481/2145/1281 1531/2205/1331
f 1485/2153/1287 1484/2147/1283 1531/2205/1331
f 1531/2205/1331 1460/2124/1260 1455/2119/1255
f 1452/2116/1252 1531/2205/1331 1455/2119/1255
f 1483/2154/1285 1530/2204/1330 1498/2168/1298
f 1483/2154/1285 1485/2153/1287 1530/2204/1330
f 958/1449/756 957/1455/762 1488/2155/1288
f 958/1449/756 1488/2155/1288 952/1450/757
f 1471/2161/1271 967/1463/770 970/1465/772
f 970/1472/772 1469/2133/1269 1471/2135/1271
f 970/1472/772 1468/2132/1268 1469/2133/1269
f 1468/2132/1268 973/1470/776 984/1489/788
f 973/1470/776 1468/2132/1268 970/1472/772
f 1071/1621/874 1074/1622/875 1457/2121/1257
f 1457/2121/1257 1074/1622/875 1453/2117/1253
f 1074/1622/875 1532/2206/1332 1453/2117/1253
f 1448/2110/1246 1453/2117/1253 1532/2206/1332
f 1073/1624/877 1532/2206/1332 1074/1622/875
f 1533/2207/1333 1532/2206/1332 1078/1628/881
f 1078/1628/881 1532/2206/1332 1073/1624/877
f 1448/2110/1246 1532/2206/1332 1533/2207/1333
f 1533/2207/1333 1078/1628/881 1535/2208/1334
f 1533/2207/1333 1446/2111/1247 1448/2110/1246
f 1533/2207/1333 1534/2209/1335 1446/2111/1247
f 1535/2208/1334 1534/2209/1335 1533/2207/1333
f 1535/2208/1334 1078/1628/881 1079/1629/882
f 1535/2208/1334 1536/2210/1336 1534/2209/1335
f 1537/2211/1337 1536/2210/1336 1535/2208/1334
f 1535/2208/1334 1079/1629/882 1537/2211/1337
f 1537/2211/1337 1538/2212/1338 1536/2210/1336
f 1540/2213/1339 1538/2212/1338 1537/2211/1337
f 1537/2211/1337 1539/2214/1340 1540/2213/1339
f 1537/2211/1337 1079/1629/882 1539/2214/1340
f 1540/2213/1339 1154/1715/955 1542/2215/1341
f 1540/2213/1339 1539/2214/1340 1154/1715/955
f 1540/2213/1339 1541/2216/1342 1538/2212/1338
f 1542/2215/1341 1541/2216/1342 1540/2213/1339
f 1542/2215/1341 1154/1715/955 1153/1714/954
f 1241/1836/1043 1256/2217/1057 1542/2215/1341
f 1542/2215/1341 1153/1714/954 1241/1836/1043
f 1542/2215/1341 1256/2217/1057 1541/2216/1342
f 1544/2218/1343 1541/2216/1342 1543/2219/1344
f 1543/2219/1344 1541/2216/1342 1256/2217/1057
f 1538/2212/1338 1541/2216/1342 1544/2218/1343
f 1432/2096/1232 1544/2218/1343 1426/2092/1228
f 1447/2112/1248 1544/2218/1343 1432/2096/1232
f 1447/2112/1248 1538/2212/1338 1544/2218/1343
f 1544/2218/1343 1543/2219/1344 1426/2092/1228
f 1256/2217/1057 1257/2220/1058 1543/2219/1344
f 1543/2219/1344 1427/2090/1226 1426/2092/1228
f 1543/2219/1344 1257/2220/1058 1427/2090/1226
f 1151/1712/952 1154/1715/955 1539/2214/1340
f 1084/1632/885 1539/2214/1340 1079/1629/882
f 1151/1712/952 1539/2214/1340 1084/1632/885
f 1536/2210/1336 1538/2212/1338 1447/2112/1248
f 1534/2209/1335 1536/2210/1336 1446/2111/1247
f 1446/2111/1247 1536/2210/1336 1447/2112/1248
f 1545/2221/1345 1435/2098/1234 1429/2093/1229
f 1415/2077/1215 1435/2098/1234 1545/2221/1345
f 1415/2077/1215 1434/2099/1235 1435/2098/1234
f 1429/2093/1229 1546/2222/1346 1545/2221/1345
f 1545/2221/1345 1546/2222/1346 1415/2077/1215
f 1429/2093/1229 1420/2084/1220 1546/2222/1346
f 1415/2077/1215 1546/2222/1346 1416/2078/1216
f 1420/2084/1220 1416/2078/1216 1546/2222/1346
f 1427/2090/1226 1547/2223/1347 1424/2089/1225
f 1257/2220/1058 1547/2223/1347 1427/2090/1226
f 1423/2088/1224 1424/2089/1225 1547/2223/1347
f 1260/2224/1062 1547/2223/1347 1257/2220/1058
f 1548/2225/1348 1547/2223/1347 1260/2224/1062
f 1548/2226/1348 1423/2227/1224 1547/2228/1347
f 1549/2229/1349 1423/2227/1224 1548/2226/1348
f 1548/2226/1348 1550/2230/1350 1549/2229/1349
f 1548/2226/1348 1310/1917/1113 1550/2230/1350
f 1308/1914/1111 1311/1913/1110 1548/2226/1348
f 1306/1909/1107 1308/1914/1111 1548/2226/1348
f 1548/2226/1348 1311/1913/1110 1310/1917/1113
f 1259/1854/1061 1548/2226/1348 1260/1855/1062
f 1306/1909/1107 1548/2226/1348 1259/1854/1061
f 1317/2231/1118 1549/2229/1349 1550/2230/1350
f 1309/1916/1112 1550/2230/1350 1310/1917/1113
f 1317/2231/1118 1550/2230/1350 1309/1916/1112
f 1549/2232/1349 1551/2233/1351 1423/2088/1224
f 1551/2233/1351 1549/2232/1349 1317/2234/1118
f 1423/2088/1224 1551/2233/1351 1552/2235/1352
f 1551/2233/1351 1317/2234/1118 1552/2235/1352
f 1552/2235/1352 1317/2234/1118 1413/2082/1213
f 1423/2088/1224 1552/2235/1352 1422/2087/1223
f 1552/2235/1352 1413/2082/1213 1422/2087/1223
f 1413/2082/1213 1419/2083/1219 1422/2087/1223
f 1417/2080/1217 1416/2078/1216 1420/2084/1220
f 1317/1922/1118 1316/1923/1119 1413/2074/1213
f 1411/2070/1209 1407/2068/1207 949/1444/752
f 1303/1905/1105 1304/1906/1106 1314/1920/1116
f 1259/1854/1061 1266/1860/1067 1306/1909/1107
f 1296/1894/1097 1269/1863/1070 1271/1865/1072
f 1271/1865/1072 1273/1867/1074 1296/1894/1097
f 1296/1894/1097 1274/1868/1075 1294/1892/1096
f 1296/1894/1097 1273/1867/1074 1274/1868/1075
f 1294/1892/1096 1275/1869/1076 1281/1872/1079
f 1294/1892/1096 1281/1872/1079 1287/1882/1089
f 1294/1892/1096 1274/1868/1075 1275/1869/1076
f 1287/1882/1089 1281/1872/1079 1277/1871/1078
f 1287/1882/1089 1277/1871/1078 1278/1873/1080
f 1284/1878/1085 488/697/487 1285/1879/1086
f 480/691/481 1553/2236/1353 1284/1878/1085
f 1553/2236/1353 488/697/487 1284/1878/1085
f 1553/2236/1353 487/696/486 488/697/487
f 487/696/486 1553/2236/1353 480/691/481
f 1554/2237/1354 1280/1874/1081 1251/1846/1053
f 1554/2237/1354 480/691/481 1280/1874/1081
f 1252/1847/1054 1554/2237/1354 1251/1846/1053
f 1554/2237/1354 1252/1847/1054 480/691/481
f 1263/1857/1064 1265/1859/1066 1268/1862/1069
f 1263/1857/1064 1268/1862/1069 1264/1858/1065
f 1241/1835/1043 1244/1837/1044 1256/1850/1057
f 480/691/481 1252/1847/1054 481/692/482
f 441/644/440 1235/1824/1038 6/640/8
f 441/644/440 455/665/455 1235/1824/1038
f 1234/1823/1037 61/95/66 63/96/67
f 1234/1823/1037 64/92/63 61/95/66
f 63/96/67 1233/1821/1035 1234/1823/1037
f 1231/1819/1032 59/90/61 64/92/63
f 1231/1817/1032 62/1811/62 59/2238/61
f 1178/1743/978 1229/1814/1030 1556/2239/1355
f 1155/1716/956 1171/1734/974 1229/1812/1030
f 1229/1812/1030 1171/1734/974 1555/2240/1356
f 1229/1812/1030 1555/2240/1356 1556/2241/1355
f 1557/2242/1357 1178/1743/978 1556/2239/1355
f 1172/1733/973 1557/2243/1357 1556/2241/1355
f 1556/2241/1355 1555/2240/1356 1172/1733/973
f 1557/2242/1357 1558/2244/1358 1178/1743/978
f 1559/2245/1359 1558/2244/1358 1557/2242/1357
f 1557/2243/1357 1172/1733/973 1559/2246/1359
f 1559/2246/1359 1176/1739/979 1558/2247/1358
f 1559/2246/1359 1172/1733/973 1176/1739/979
f 1558/2247/1358 1176/1739/979 1178/1738/978
f 1172/1733/973 1555/2240/1356 1171/1734/974
f 60/93/64 62/91/62 1180/1781/983
f 1177/1740/980 1172/1733/973 1170/1732/972
f 1172/1733/973 1177/1740/980 1176/1739/979
f 1168/1730/970 1160/1719/959 1174/1735/975
f 1158/1720/960 1174/1735/975 1160/1719/959
f 1155/1716/956 1164/1726/966 1171/1734/974
f 1159/1721/961 1160/1719/959 1168/1730/970
f 1147/1708/948 1156/1718/958 1149/1709/949
f 1151/1712/952 1560/2248/1360 1562/2249/1361
f 1151/1712/952 1561/2250/1362 1560/2248/1360
f 1084/1632/885 1561/2250/1362 1151/1712/952
f 1562/2249/1361 1563/2251/1363 1151/1712/952
f 1563/2251/1363 1148/1710/950 1151/1712/952
f 1144/1703/945 1563/2251/1363 1562/2249/1361
f 1144/1703/945 1148/1710/950 1563/2251/1363
f 1560/2248/1360 1144/1703/945 1562/2249/1361
f 1561/2250/1362 1565/2252/1364 1560/2248/1360
f 1564/2253/1365 1561/2250/1362 1084/1632/885
f 1564/2253/1365 1565/2252/1364 1561/2250/1362
f 1567/2254/1366 1565/2252/1364 1566/2255/1367
f 1564/2253/1365 1566/2255/1367 1565/2252/1364
f 1145/1704/946 1565/2252/1364 1567/2254/1366
f 1145/1704/946 1144/1703/945 1565/2252/1364
f 1560/2248/1360 1565/2252/1364 1144/1703/945
f 1567/2254/1366 1566/2255/1367 1108/1658/910
f 1116/1672/918 1567/2256/1366 1108/1659/910
f 1125/1681/927 1145/1706/946 1567/2256/1366
f 1125/1681/927 1567/2256/1366 1116/1672/918
f 1108/1658/910 1566/2255/1367 1086/1635/888
f 1081/1630/883 1566/2255/1367 1564/2253/1365
f 1081/1630/883 1082/1631/884 1566/2255/1367
f 1566/2255/1367 1082/1631/884 1083/1634/887
f 1566/2255/1367 1083/1634/887 1086/1635/888
f 1564/2253/1365 1084/1632/885 1081/1630/883
f 1142/1701/944 1145/1706/946 1125/1681/927
f 1142/1701/944 1128/1683/929 1131/1689/932
f 1125/1681/927 1128/1683/929 1142/1701/944
f 1101/1650/902 1134/1754/936 1133/2257/935
f 1102/1651/903 1133/2257/935 1113/2258/914
f 1101/1650/902 1133/2257/935 1102/1651/903
f 1133/1692/935 1132/1691/934 1113/1665/914
f 1113/1665/914 1132/1691/934 1120/1676/922
f 1116/1672/918 1118/1674/920 1125/1681/927
f 1116/1672/918 1119/1675/921 1118/1674/920
f 1116/1672/918 1115/1671/917 1119/1675/921
f 1102/2259/903 1113/1665/914 1109/1662/912
f 1110/1664/913 1111/1657/909 1102/1651/903
f 1104/1653/905 1102/1651/903 1111/1657/909
f 1110/1663/913 1102/2259/903 1109/1662/912
f 60/93/64 1093/1643/895 1076/1625/878
f 111/157/111 1040/1568/842 113/161/113
f 1030/1563/834 1031/2260/830 1038/1564/840
f 1031/2260/830 1027/1548/830 1038/1564/840
f 1038/1564/840 125/174/125 122/171/122
f 122/171/122 116/166/117 1038/1564/840
f 1038/1564/840 1027/1548/830 125/174/125
f 1570/2261/1368 1024/1540/827 1020/1535/822
f 1568/2262/1369 126/175/126 1024/1540/827
f 1568/2262/1369 1024/1540/827 1569/2263/1370
f 1569/2263/1370 1024/1540/827 1570/2261/1368
f 1024/1540/827 126/175/126 125/174/125
f 633/865/633 1570/2264/1368 1017/1530/821
f 633/867/633 1569/2263/1370 1570/2261/1368
f 1017/1530/821 1570/2264/1368 1020/1531/822
f 1568/2262/1369 1569/2263/1370 633/867/633
f 1568/2262/1369 633/867/633 634/866/634
f 1568/2262/1369 634/866/634 126/175/126
f 1017/1530/821 1019/1529/820 637/870/637
f 1019/1529/820 640/873/640 637/870/637
f 1571/2265/1371 1019/1529/820 1014/1523/814
f 1571/2265/1371 640/873/640 1019/1529/820
f 1572/2266/1372 640/873/640 1571/2265/1371
f 1571/2265/1371 1573/2267/1373 1572/2266/1372
f 1011/1526/817 1573/2267/1373 1571/2265/1371
f 1014/1523/814 1011/1526/817 1571/2265/1371
f 1573/2267/1373 1574/2268/1374 1572/2266/1372
f 1573/2267/1373 1576/2269/1375 1574/2268/1374
f 1011/1526/817 1575/2270/1376 1573/2267/1373
f 649/880/646 1573/2267/1373 1575/2270/1376
f 648/884/649 1576/2269/1375 1573/2267/1373
f 648/884/649 1573/2267/1373 649/880/646
f 648/884/649 647/883/648 1576/2269/1375
f 647/883/648 646/882/647 1576/2269/1375
f 1576/2269/1375 640/873/640 1574/2268/1374
f 1576/2269/1375 646/882/647 640/873/640
f 1575/2270/1376 1577/2271/1377 1580/2272/1378
f 1575/2270/1376 1578/2273/1379 1577/2271/1377
f 1579/2274/1380 1578/2273/1379 1575/2270/1376
f 1010/1525/816 1579/2274/1380 1575/2270/1376
f 1010/1525/816 1575/2270/1376 1011/1526/817
f 649/880/646 1575/2270/1376 1580/2272/1378
f 644/881/645 1580/2272/1378 1577/2271/1377
f 644/881/645 649/880/646 1580/2272/1378
f 1584/2275/1381 1581/2276/1382 1579/2274/1380
f 1581/2276/1382 1583/2277/1383 1579/2274/1380
f 1579/2274/1380 1582/2278/1384 1578/2273/1379
f 1583/2277/1383 1582/2278/1384 1579/2274/1380
f 1584/2275/1381 1579/2274/1380 1010/1525/816
f 1013/1527/818 1584/2275/1381 1010/1525/816
f 1585/2279/1385 1584/2275/1381 1013/1527/818
f 1585/2279/1385 1586/2280/1386 1584/2275/1381
f 1586/2280/1386 1581/2276/1382 1584/2275/1381
f 1586/2280/1386 1587/2281/1387 1581/2276/1382
f 1588/2282/1388 1587/2281/1387 1586/2280/1386
f 1589/2283/1389 1588/2282/1388 1586/2280/1386
f 1589/2283/1389 1586/2280/1386 1585/2279/1385
f 1589/2283/1389 992/1498/795 990/1497/794
f 990/1499/794 991/1495/793 1589/2284/1389
f 1585/2279/1385 1590/2285/1390 1589/2283/1389
f 1589/2283/1389 991/2286/793 978/1479/782
f 978/1479/782 1588/2282/1388 1589/2283/1389
f 1589/2283/1389 1590/2285/1390 992/1498/795
f 993/1507/796 1590/2285/1390 1591/2287/1391
f 1585/2279/1385 1591/2287/1391 1590/2285/1390
f 993/1507/796 992/1498/795 1590/2285/1390
f 1005/1517/808 993/1507/796 1591/2287/1391
f 1005/1517/808 1591/2287/1391 1585/2279/1385
f 978/1479/782 979/1478/781 1588/2282/1388
f 979/1478/781 1592/2288/1392 1588/2282/1388
f 1588/2282/1388 1592/2288/1392 1587/2281/1387
f 1593/2289/1393 1592/2288/1392 1594/2290/1394
f 1593/2289/1393 1587/2281/1387 1592/2288/1392
f 1594/2290/1394 1592/2288/1392 1595/2291/1395
f 1595/2291/1395 1592/2288/1392 1596/2292/1396
f 979/1478/781 1596/2292/1396 1592/2288/1392
f 1597/2293/1397 1596/2292/1396 1599/2294/1398
f 1595/2291/1395 1596/2292/1396 1597/2293/1397
f 975/1474/778 1598/2295/1399 1596/2292/1396
f 1599/2294/1398 1596/2292/1396 1598/2295/1399
f 975/1474/778 1596/2292/1396 979/1478/781
f 1597/2293/1397 1599/2294/1398 644/881/645
f 644/881/645 1599/2294/1398 1600/2296/1400
f 1599/2294/1398 1598/2295/1399 1600/2296/1400
f 644/881/645 1600/2296/1400 1601/2297/1401
f 1600/2296/1400 1598/2295/1399 1601/2297/1401
f 1601/2297/1401 1602/2298/1402 644/881/645
f 1601/2297/1401 964/1460/767 1602/2298/1402
f 1601/2297/1401 1598/2295/1399 964/1460/767
f 644/881/645 1602/2298/1402 962/1459/766
f 964/1460/767 962/1459/766 1602/2298/1402
f 969/1466/773 964/1460/767 1598/2295/1399
f 969/1466/773 1598/2295/1399 975/1474/778
f 644/881/645 1595/2291/1395 1597/2293/1397
f 644/881/645 1594/2290/1394 1595/2291/1395
f 1593/2289/1393 1594/2290/1394 644/881/645
f 1603/2299/1403 1587/2281/1387 1593/2289/1393
f 644/881/645 1603/2299/1403 1593/2289/1393
f 644/881/645 1604/2300/1404 1603/2299/1403
f 1604/2300/1404 1581/2276/1382 1603/2299/1403
f 1603/2299/1403 1581/2276/1382 1587/2281/1387
f 1583/2277/1383 1604/2300/1404 644/881/645
f 1604/2300/1404 1583/2277/1383 1581/2276/1382
f 1585/2279/1385 1013/1527/818 1005/1517/808
f 644/881/645 1582/2278/1384 1583/2277/1383
f 644/881/645 1578/2273/1379 1582/2278/1384
f 1577/2271/1377 1578/2273/1379 644/881/645
f 1574/2268/1374 640/873/640 1572/2266/1372
f 1017/1530/821 637/870/637 633/865/633
f 1013/1527/818 1002/1514/805 1003/1515/806
f 1013/1527/818 1003/1515/806 1005/1517/808
f 988/2301/791 978/1479/782 991/2286/793
f 981/1480/783 978/1479/782 988/2301/791
f 984/1489/788 973/1470/776 972/1469/775
f 966/1464/771 961/1452/759 960/1458/765
f 966/1464/771 955/1453/760 961/1452/759
f 880/1308/199 1607/2302/671 947/2303/749
f 947/2303/749 1608/2304/670 1605/2305/652
f 947/2303/749 1605/2305/652 1606/2306/1405
f 943/1438/751 947/1434/749 1606/2307/1405
f 947/2303/749 1607/2302/671 1608/2304/670
f 944/2308/669 1608/2309/670 1607/2310/671
f 1609/2311/668 1608/2309/670 944/2308/669
f 1609/2311/668 1605/2312/652 1608/2309/670
f 1609/2313/668 943/1436/751 1610/2314/667
f 943/1436/751 1609/2313/668 944/1437/669
f 1610/2315/667 1605/2312/652 1609/2311/668
f 1610/2314/667 943/1436/751 1611/2316/1406
f 1610/2315/667 1613/2317/658 1605/2312/652
f 1610/2314/667 1611/2316/1406 1612/2318/663
f 1612/2319/663 1613/2320/658 1610/2321/667
f 1606/2306/1405 1605/2305/652 1613/2322/658
f 1606/2306/1405 1613/2322/658 898/1341/737
f 1612/2319/663 901/2323/659 1613/2320/658
f 898/1341/737 1613/2322/658 901/1342/659
f 1612/2318/663 1611/2316/1406 906/1354/739
f 908/2324/664 901/2323/659 1612/2319/663
f 1612/2318/663 906/1354/739 908/1353/664
f 943/1438/751 1606/2307/1405 1611/2325/1406
f 1611/2325/1406 1606/2307/1405 898/2326/737
f 1611/2325/1406 898/2326/737 906/1348/739
f 880/1308/199 1614/2327/673 1607/2302/671
f 945/2328/672 1607/2310/671 1614/2329/673
f 944/2308/669 1607/2310/671 945/2328/672
f 895/1334/734 1614/2327/673 880/1308/199
f 945/2328/672 1614/2329/673 946/2330/674
f 946/2331/674 1614/2332/673 895/2333/734
f 946/2331/674 895/2333/734 941/1430/700
f 941/1430/700 895/2333/734 894/1429/678
f 929/2334/678 931/1425/676 652/887/651
f 652/887/651 927/2335/679 929/2334/678
f 652/887/651 656/890/653 927/2335/679
f 920/1390/663 916/1391/658 911/2336/667
f 910/1360/743 920/1372/663 911/1361/667
f 911/2337/667 916/2338/658 915/1423/652
f 911/2337/667 915/1423/652 912/1422/668
f 909/2339/741 902/2340/660 908/2324/664
f 909/2339/741 900/2341/656 902/2340/660
f 908/2324/664 902/2340/660 901/2323/659
f 898/2326/737 897/1349/736 906/1348/739
f 740/1038/651 689/953/651 892/1335/651
f 1615/2342/651 740/1038/651 892/1335/651
f 690/946/651 892/1335/651 689/953/651
f 1615/2342/651 892/1335/651 868/1287/651
f 858/1266/651 1615/2342/651 868/1287/651
f 736/1037/651 740/1038/651 1615/2342/651
f 801/1157/651 736/1037/651 1615/2342/651
f 801/1157/651 1615/2342/651 858/1266/651
f 1618/2343/717 1616/2344/1407 891/2345/653
f 891/1333/653 1616/2346/1407 868/1287/651
f 1617/2347/686 891/2345/653 889/2348/656
f 1618/2343/717 891/2345/653 1617/2347/686
f 1617/2349/686 850/1250/723 1618/2350/717
f 1619/2351/692 1616/2344/1407 1618/2343/717
f 1618/2350/717 850/1250/723 1619/2352/692
f 1619/2351/692 869/1291/678 1616/2344/1407
f 1619/2352/692 855/2353/665 863/1277/700
f 1619/2352/692 850/1250/723 855/2353/665
f 863/1286/700 869/1291/678 1619/2351/692
f 1617/2349/686 878/1321/731 850/1250/723
f 887/1325/665 878/1321/731 1617/2349/686
f 1617/2347/686 889/2348/656 887/2354/665
f 1616/2346/1407 869/1290/678 868/1287/651
f 880/1308/199 879/1307/658 885/1329/659
f 882/1309/668 875/1311/670 1620/2355/669
f 872/2356/726 882/1320/668 1620/2357/669
f 877/1319/730 882/1320/668 872/2356/726
f 1621/2358/1408 1620/2357/669 866/1285/672
f 872/2356/726 1620/2357/669 1621/2358/1408
f 1620/2355/669 873/2359/671 866/1282/672
f 1620/2355/669 875/1311/670 873/2359/671
f 1621/2360/1408 871/1294/727 872/1293/726
f 1621/2360/1408 1623/2361/1409 871/1294/727
f 866/1285/672 1622/2362/1410 1621/2358/1408
f 1622/2363/1410 1623/2361/1409 1621/2360/1408
f 871/1296/727 1623/2364/1409 858/1266/651
f 1622/2363/1410 1624/2365/1411 1623/2361/1409
f 858/1266/651 1623/2364/1409 1624/2366/1411
f 1626/2367/1412 1625/2368/1413 1624/2369/1411
f 1624/2366/1411 1625/2370/1413 858/1266/651
f 1626/2367/1412 1624/2369/1411 1622/2371/1410
f 844/2372/719 1626/2367/1412 1627/2373/1414
f 1629/2374/719 1626/2367/1412 844/2372/719
f 1628/2375/669 1627/2376/1414 1626/2377/1412
f 1629/2374/719 1625/2368/1413 1626/2367/1412
f 1628/2375/669 1626/2377/1412 1630/2378/668
f 1630/2378/668 1626/2377/1412 1622/2362/1410
f 1630/2379/668 1631/2380/670 1628/2381/669
f 1630/2379/668 1632/2382/652 1631/2380/670
f 862/2383/667 1632/2382/652 1630/2379/668
f 1630/2378/668 1622/2362/1410 862/1276/667
f 844/1236/719 1632/2384/652 858/1266/651
f 844/1236/719 1631/2385/670 1632/2384/652
f 862/2383/667 860/2386/658 1632/2382/652
f 858/1266/651 1632/2384/652 860/1272/658
f 1633/2387/671 1631/2385/670 844/1236/719
f 1628/2381/669 1631/2380/670 1633/2388/671
f 844/1236/719 845/1243/673 1633/2387/671
f 1634/2389/672 1633/2388/671 845/2390/673
f 1628/2381/669 1633/2388/671 1634/2389/672
f 1634/2389/672 845/2390/673 1636/2391/674
f 1634/2392/672 1627/2376/1414 1628/2375/669
f 1635/2393/1415 1627/2376/1414 1634/2392/672
f 1634/2392/672 1636/2394/674 1635/2393/1415
f 1636/2395/674 846/1246/676 848/1245/677
f 1636/2395/674 845/2396/673 846/1246/676
f 1635/2393/1415 1636/2394/674 848/1251/677
f 1637/2397/1416 1635/2398/1415 840/2399/720
f 1637/2397/1416 1627/2373/1414 1635/2398/1415
f 850/2067/723 840/2399/720 1635/2398/1415
f 1635/2393/1415 848/1251/677 850/1250/723
f 844/2372/719 1627/2373/1414 1637/2397/1416
f 1637/2400/1416 840/1237/720 844/1236/719
f 858/1266/651 1629/2401/719 844/1236/719
f 858/1266/651 1625/2370/1413 1629/2401/719
f 866/1285/672 862/1276/667 1622/2362/1410
f 866/1282/672 873/2359/671 865/1283/673
f 858/1266/651 868/1287/651 871/1296/727
f 863/1277/700 855/2353/665 857/1278/664
f 850/1250/723 852/1257/724 855/2353/665
f 850/2067/723 841/2066/721 840/2399/720
f 843/1239/722 1638/2402/1417 800/1156/651
f 815/1953/716 843/2403/722 841/2066/721
f 843/2403/722 829/2404/718 796/1150/715
f 829/2404/718 843/2403/722 815/1953/716
f 796/1150/715 1638/2405/1417 843/2403/722
f 800/1156/651 1638/2402/1417 1639/2406/1418
f 796/1150/715 1639/2407/1418 1638/2405/1417
f 800/1156/651 1639/2406/1418 795/1152/714
f 795/1149/714 1639/2407/1418 796/1150/715
f 827/2408/676 830/1242/673 800/1156/651
f 800/1156/651 825/2409/678 827/2408/676
f 800/1156/651 799/1155/679 825/2409/678
f 789/1131/708 823/1203/669 788/1129/672
f 808/1163/668 805/1165/670 823/2410/669
f 823/2410/669 804/2411/671 788/1126/672
f 823/2410/669 805/1165/670 804/2411/671
f 801/1157/651 819/1231/659 802/1158/660
f 817/1185/667 738/2412/658 737/1180/652
f 812/1179/669 814/1178/670 1640/2413/1419
f 739/1039/651 1640/2414/1419 814/2415/670
f 814/2415/670 737/1040/652 739/1039/651
f 774/2416/672 1640/2413/1419 769/2417/673
f 739/1039/651 769/1093/673 1640/2414/1419
f 812/1179/669 1640/2413/1419 774/2416/672
f 788/1126/672 804/2411/671 786/1127/673
f 772/1098/706 782/1142/692 779/2418/687
f 772/1098/706 779/2418/687 773/1099/686
f 774/2416/672 769/2417/673 768/2419/674
f 766/1146/704 772/1140/706 763/2057/703
f 740/1038/651 702/962/651 689/953/651
f 731/1034/658 729/2420/698 702/962/651
f 702/962/651 729/2420/698 724/1006/660
f 728/1019/674 675/932/675 679/934/672
f 728/2421/674 1641/2422/673 1642/2423/676
f 679/2424/672 1641/2425/673 728/2426/674
f 728/2421/674 1642/2423/676 712/2427/677
f 702/962/651 1642/2428/676 1641/2429/673
f 1643/2430/1420 1642/2428/676 702/962/651
f 712/2427/677 1642/2423/676 1643/2431/1420
f 702/962/651 698/961/679 1643/2430/1420
f 712/2427/677 1643/2431/1420 710/2432/692
f 710/2432/692 1643/2431/1420 698/2433/679
f 679/2424/672 1644/2434/671 1641/2425/673
f 689/953/651 1641/2429/673 1644/2435/671
f 702/962/651 1641/2429/673 689/953/651
f 689/953/651 1644/2435/671 691/954/670
f 678/2436/669 1644/2434/671 679/2424/672
f 678/2436/669 691/2437/670 1644/2434/671
f 716/1062/687 723/1060/679 722/1010/653
f 716/1062/687 722/1010/653 711/1009/686
f 717/998/696 718/997/697 607/827/605
f 702/962/651 715/1005/695 699/963/683
f 710/2432/692 698/2433/679 706/973/687
f 687/980/682 708/982/689 688/2438/680
f 688/2438/680 708/982/689 684/2439/681
f 684/2439/681 708/982/689 665/908/666
f 1648/2440/664 708/984/689 704/977/665
f 1647/2441/663 1645/2442/687 708/984/689
f 1645/2442/687 1646/2443/686 708/984/689
f 708/984/689 1646/2443/686 665/909/666
f 1647/2441/663 708/984/689 1648/2440/664
f 1648/2444/664 695/2445/659 1647/2446/663
f 1648/2444/664 694/971/660 695/2445/659
f 704/969/665 694/971/660 1648/2444/664
f 1649/2447/667 1645/2442/687 1647/2441/663
f 1647/2446/663 693/2448/658 1649/2449/667
f 1647/2446/663 695/2445/659 693/2448/658
f 1649/2447/667 1650/2450/692 1645/2442/687
f 1649/2451/667 692/2452/652 677/2453/668
f 1649/2451/667 693/2454/658 692/2452/652
f 677/939/668 1650/2450/692 1649/2447/667
f 1650/2455/692 686/2456/679 1645/2457/687
f 1650/2455/692 682/944/678 686/2456/679
f 680/941/677 682/944/678 1650/2455/692
f 677/939/668 680/938/677 1650/2450/692
f 1645/2457/687 685/2458/653 1646/2459/686
f 665/909/666 1646/2443/686 666/907/665
f 1646/2459/686 1651/2460/656 666/2461/665
f 1646/2459/686 685/2458/653 1651/2460/656
f 666/2462/665 1651/2463/656 661/2464/660
f 662/900/661 661/899/660 1651/2465/656
f 662/900/661 1651/2465/656 684/949/681
f 684/949/681 1651/2465/656 685/950/653
f 1645/2457/687 686/2456/679 685/2458/653
f 706/973/687 698/2433/679 697/967/653
f 677/2453/668 692/2452/652 691/2437/670
f 677/2453/668 691/2437/670 678/2436/669
f 684/2439/681 665/908/666 662/901/661
f 666/2462/665 661/2464/660 664/915/664
f 664/915/664 661/2464/660 660/914/659
f 636/868/635 650/886/650 606/885/607
f 636/868/635 641/874/641 650/886/650
f 646/882/647 645/876/643 640/873/640
f 640/873/640 645/876/643 639/871/638
f 618/847/619 636/868/635 1652/2466/1421
f 611/2467/606 636/868/635 606/885/607
f 611/2467/606 1652/2466/1421 636/868/635
f 609/843/609 1652/2466/1421 610/2468/611
f 610/2468/611 1652/2466/1421 611/2467/606
f 618/847/619 1652/2466/1421 609/843/609
f 126/175/126 634/866/634 129/177/128
f 634/866/634 631/861/630 129/177/128
f 621/849/620 1653/2469/1422 577/790/576
f 621/849/620 617/2470/616 1653/2469/1422
f 577/790/576 1653/2469/1422 575/788/574
f 1653/2471/1422 614/2472/613 575/796/574
f 617/844/616 614/2472/613 1653/2471/1422
f 617/844/616 615/842/614 614/2472/613
f 614/838/613 1656/2473/1423 1654/2474/1424
f 1654/2474/1424 1655/2475/1425 614/838/613
f 614/2472/613 1655/2476/1425 575/796/574
f 614/838/613 612/837/612 1656/2473/1423
f 579/794/579 1656/2477/1423 612/836/612
f 1654/2478/1424 1656/2477/1423 579/794/579
f 1655/2476/1425 1654/2478/1424 575/796/574
f 575/796/574 1654/2478/1424 579/794/579
f 579/794/579 612/836/612 580/795/580
f 598/819/597 594/815/593 595/816/594
f 595/816/594 596/817/595 598/819/597
f 551/765/551 591/810/589 552/766/552
f 551/765/551 557/770/556 591/810/589
f 591/810/589 553/768/554 555/767/553
f 591/810/589 555/767/553 552/766/552
f 576/791/577 571/783/569 569/782/568
f 576/791/577 567/781/567 571/783/569
f 565/779/565 567/781/567 576/791/577
f 548/761/547 570/785/571 549/762/548
f 570/785/571 560/774/560 549/762/548
f 136/185/136 570/785/571 548/761/547
f 136/185/136 134/184/135 570/785/571
f 554/764/550 557/770/556 551/765/551
f 548/761/547 147/198/149 138/188/139
f 548/761/547 138/188/139 136/185/136
f 548/761/547 546/759/545 147/198/149
f 543/756/542 1657/2479/1426 544/757/543
f 544/757/543 1658/2480/1427 150/199/150
f 544/757/543 1657/2479/1426 1658/2480/1427
f 150/199/150 1658/2480/1427 157/211/157
f 1658/2480/1427 162/2481/164 161/2482/163
f 161/2482/163 157/211/157 1658/2480/1427
f 1658/2480/1427 1662/2483/1428 1659/2484/1429
f 1659/2484/1429 1660/2485/1430 1658/2480/1427
f 1658/2480/1427 1660/2485/1430 162/2481/164
f 1658/2480/1427 1661/2486/1431 1662/2483/1428
f 1657/2479/1426 1661/2486/1431 1658/2480/1427
f 1663/2487/1432 1659/2488/1429 1662/2489/1428
f 1663/2487/1432 1662/2489/1428 1661/2490/1431
f 1664/2491/1433 1659/2488/1429 1663/2487/1432
f 1664/2491/1433 1663/2487/1432 164/223/168
f 1663/2487/1432 1661/2490/1431 1665/2492/1434
f 164/223/168 1663/2487/1432 1665/2492/1434
f 164/223/168 1665/2492/1434 1666/2493/1435
f 1665/2492/1434 1667/2494/1436 1666/2493/1435
f 1665/2492/1434 1661/2490/1431 1667/2494/1436
f 1667/2494/1436 1669/2495/1437 1666/2493/1435
f 1661/2496/1431 1668/2497/1438 1667/2498/1436
f 1667/2499/1436 1668/2500/1438 1669/2501/1437
f 1666/2493/1435 1669/2495/1437 1670/2502/1439
f 1668/2500/1438 1670/2503/1439 1669/2501/1437
f 1672/2504/1440 1670/2502/1439 1671/2505/1441
f 1668/2500/1438 1671/2506/1441 1670/2503/1439
f 1666/2493/1435 1670/2502/1439 1672/2504/1440
f 164/223/168 1672/2504/1440 1673/2507/1442
f 1666/2493/1435 1672/2504/1440 164/223/168
f 1672/2504/1440 1671/2505/1441 1673/2507/1442
f 164/223/168 1673/2507/1442 1675/2508/1443
f 1673/2507/1442 1674/2509/1444 1675/2508/1443
f 1673/2507/1442 1671/2505/1441 1674/2509/1444
f 1677/2510/1445 164/223/168 1675/2508/1443
f 1675/2511/1443 1676/2512/1446 1677/2513/1445
f 1675/2508/1443 1674/2509/1444 1676/2514/1446
f 316/461/316 164/223/168 1677/2510/1445
f 1677/2515/1445 1679/2516/1447 316/2517/316
f 1677/2518/1445 1676/2519/1446 1678/2520/1448
f 1677/2515/1445 1678/2521/1448 1679/2516/1447
f 316/2517/316 1679/2516/1447 1681/2522/1449
f 1678/2521/1448 1680/2523/1450 1679/2516/1447
f 1680/2523/1450 1681/2522/1449 1679/2516/1447
f 449/2524/449 1681/2525/1449 1682/2526/1451
f 1680/2523/1450 1682/2527/1451 1681/2522/1449
f 316/2517/316 1681/2522/1449 449/2528/449
f 463/673/463 1682/2527/1451 1680/2523/1450
f 463/673/463 1683/2529/1452 1682/2527/1451
f 449/2528/449 1682/2527/1451 1683/2529/1452
f 1684/2530/1453 1683/2529/1452 463/673/463
f 448/2531/448 1683/2529/1452 1684/2530/1453
f 449/2528/449 1683/2529/1452 448/2531/448
f 448/656/448 1684/2532/1453 1685/2533/1454
f 1685/2533/1454 1684/2532/1453 1686/2534/1455
f 1686/2535/1455 1684/2530/1453 463/673/463
f 1685/2536/1454 1686/2535/1455 1687/2537/1456
f 1688/2538/1457 1686/2535/1455 463/673/463
f 1687/2537/1456 1686/2535/1455 1688/2538/1457
f 1688/2538/1457 463/673/463 461/671/461
f 1687/2537/1456 1688/2538/1457 1689/2539/1458
f 1689/2539/1458 1688/2538/1457 461/671/461
f 1690/2540/1459 1692/2541/1460 1689/2539/1458
f 1689/2539/1458 461/671/461 1690/2540/1459
f 1689/2539/1458 1691/2542/1461 1687/2537/1456
f 1689/2543/1458 1692/2544/1460 1691/2545/1461
f 1691/2545/1461 1692/2544/1460 1693/2546/1462
f 1690/2547/1459 1693/2546/1462 1692/2544/1460
f 1693/2546/1462 448/656/448 1685/2533/1454
f 1695/2548/1463 448/656/448 1693/2546/1462
f 1693/2546/1462 1685/2533/1454 1691/2545/1461
f 1693/2546/1462 1694/2549/1464 454/2550/453
f 1690/2547/1459 1694/2549/1464 1693/2546/1462
f 1693/2546/1462 454/2550/453 1695/2548/1463
f 1695/2548/1463 453/2551/452 1696/2552/1465
f 1695/2553/1463 454/663/453 453/662/452
f 1695/2548/1463 1696/2552/1465 448/656/448
f 1696/2552/1465 447/657/446 448/656/448
f 1696/2552/1465 451/2554/450 447/657/446
f 1696/2552/1465 453/2551/452 451/2554/450
f 1694/2555/1464 1690/2540/1459 456/664/454
f 456/664/454 454/663/453 1694/2555/1464
f 1687/2537/1456 1691/2542/1461 1685/2536/1454
f 456/664/454 1690/2540/1459 461/671/461
f 467/677/467 463/673/463 1680/2523/1450
f 1698/2556/1466 1680/2523/1450 1697/2557/1467
f 1678/2521/1448 1697/2557/1467 1680/2523/1450
f 467/677/467 1680/2523/1450 1698/2556/1466
f 469/678/468 467/677/467 1698/2556/1466
f 469/678/468 1698/2556/1466 1700/2558/1468
f 1698/2556/1466 1697/2557/1467 1699/2559/1469
f 1700/2558/1468 1698/2556/1466 1699/2559/1469
f 1700/2560/1468 1699/2561/1469 543/756/542
f 1701/2562/1470 469/678/468 1700/2558/1468
f 540/753/539 1700/2560/1468 543/756/542
f 1701/2563/1470 1700/2560/1468 540/753/539
f 513/722/512 470/680/470 1701/2562/1470
f 470/680/470 469/678/468 1701/2562/1470
f 522/735/522 1701/2563/1470 540/753/539
f 513/737/512 1701/2563/1470 522/735/522
f 1699/2559/1469 1697/2557/1467 1668/2500/1438
f 543/756/542 1699/2561/1469 1657/2479/1426
f 1699/2561/1469 1668/2564/1438 1657/2479/1426
f 1697/2557/1467 1674/2565/1444 1671/2506/1441
f 1676/2566/1446 1674/2565/1444 1697/2557/1467
f 1697/2557/1467 1671/2506/1441 1668/2500/1438
f 1676/2566/1446 1697/2557/1467 1678/2521/1448
f 1657/2567/1426 1668/2568/1438 1661/2569/1431
f 1664/2491/1433 164/223/168 165/220/165
f 165/220/165 1660/2570/1430 1664/2491/1433
f 1664/2491/1433 1660/2570/1430 1659/2488/1429
f 165/220/165 162/219/164 1660/2570/1430
f 519/731/518 525/738/524 517/730/517
f 521/734/521 525/738/524 519/731/518
f 473/681/471 470/680/470 513/722/512
f 492/701/491 505/714/504 491/700/490
f 498/705/495 472/682/472 499/708/498
f 499/708/498 472/682/472 473/681/471
f 498/705/495 479/688/478 472/682/472
f 492/701/491 494/703/493 496/706/496
f 460/668/458 458/667/457 466/674/464
f 316/461/316 442/646/442 439/641/438
f 439/641/438 436/634/435 316/461/316
f 316/461/316 436/634/435 433/628/432
f 25/441/28 312/2571/315 12/2572/13
f 25/441/28 303/440/303 312/2571/315
f 12/2572/13 312/2571/315 311/2573/310
f 14/2574/14 311/2573/310 306/2575/309
f 12/2572/13 311/2573/310 14/2574/14
f 306/2575/309 308/2576/308 13/2577/16
f 15/633/15 13/2578/16 308/451/308
f 13/2577/16 17/2579/17 306/2575/309
f 306/2575/309 17/2579/17 18/2580/21
f 306/2575/309 18/2580/21 20/2581/18
f 14/2574/14 306/2575/309 20/2581/18
f 170/226/171 268/422/270 171/227/172
f 170/2582/171 1708/2583/1471 268/374/270
f 1702/2584/1472 268/374/270 1707/2585/1473
f 1702/2584/1472 1703/2586/1474 268/374/270
f 268/374/270 1703/2586/1474 1704/2587/1475
f 268/374/270 1704/2587/1475 1705/2588/1476
f 1705/2588/1476 1706/2589/1477 268/374/270
f 268/374/270 1706/2589/1477 252/351/254
f 1707/2585/1473 268/374/270 1708/2583/1471
f 168/225/170 1708/2590/1471 170/226/171
f 1709/2591/1478 1708/2583/1471 1710/2592/1479
f 1707/2585/1473 1708/2583/1471 1709/2591/1478
f 168/225/170 1710/2593/1479 1708/2590/1471
f 1709/2591/1478 1710/2592/1479 243/343/246
f 243/343/246 1710/2592/1479 1711/2594/1480
f 167/2595/169 1711/2594/1480 1710/2592/1479
f 167/224/169 1710/2593/1479 168/225/170
f 167/2595/169 1712/2596/1481 1711/2594/1480
f 244/344/247 1711/2594/1480 1712/2596/1481
f 243/343/246 1711/2594/1480 244/344/247
f 166/221/166 1713/2597/1482 1712/2598/1481
f 245/341/244 1712/2596/1481 1713/2599/1482
f 166/221/166 1712/2598/1481 167/224/169
f 244/344/247 1712/2596/1481 245/341/244
f 242/342/245 1713/2599/1482 1714/2600/1483
f 245/341/244 1713/2599/1482 242/342/245
f 163/2601/162 1714/2600/1483 1713/2599/1482
f 163/217/162 1713/2597/1482 166/221/166
f 242/342/245 1714/2600/1483 1715/2602/1484
f 1716/2603/1485 1715/2602/1484 1714/2600/1483
f 1716/2604/1485 1714/2605/1483 163/217/162
f 1717/2606/1486 1715/2602/1484 1716/2603/1485
f 1716/2603/1485 160/2607/161 1717/2606/1486
f 163/217/162 160/216/161 1716/2604/1485
f 1717/2606/1486 1718/2608/1487 1715/2602/1484
f 1719/2609/1488 1718/2608/1487 1717/2606/1486
f 160/2607/161 1719/2609/1488 1717/2606/1486
f 1720/2610/1489 1719/2609/1488 186/251/188
f 1718/2608/1487 1719/2609/1488 1720/2610/1489
f 160/2607/161 186/251/188 1719/2609/1488
f 1720/2610/1489 224/316/224 228/319/227
f 1720/2610/1489 1721/2611/1490 224/316/224
f 1718/2608/1487 1720/2610/1489 238/337/240
f 238/337/240 1720/2610/1489 228/319/227
f 1720/2610/1489 186/251/188 1721/2611/1490
f 1721/2611/1490 186/251/188 187/250/189
f 1721/2611/1490 187/250/189 224/316/224
f 238/337/240 1715/2602/1484 1718/2608/1487
f 238/337/240 242/342/245 1715/2602/1484
f 1709/2591/1478 1722/2612/1491 1707/2585/1473
f 1723/2613/1492 1722/2612/1491 1709/2591/1478
f 1723/2613/1492 1709/2591/1478 243/343/246
f 1723/2613/1492 243/343/246 253/350/253
f 253/350/253 1724/2614/1493 1723/2613/1492
f 1723/2613/1492 1724/2614/1493 1722/2612/1491
f 253/350/253 1725/2615/1494 1724/2614/1493
f 1702/2584/1472 1724/2614/1493 1725/2615/1494
f 1707/2585/1473 1724/2614/1493 1702/2584/1472
f 1707/2585/1473 1722/2612/1491 1724/2614/1493
f 1703/2586/1474 1725/2615/1494 1726/2616/1495
f 1726/2616/1495 1725/2615/1494 253/350/253
f 1702/2584/1472 1725/2615/1494 1703/2586/1474
f 1704/2587/1475 1726/2616/1495 1727/2617/1496
f 1727/2617/1496 1726/2616/1495 253/350/253
f 1703/2586/1474 1726/2616/1495 1704/2587/1475
f 253/350/253 254/352/255 1727/2617/1496
f 1705/2588/1476 1727/2617/1496 254/352/255
f 1704/2587/1475 1727/2617/1496 1705/2588/1476
f 1705/2588/1476 254/352/255 1706/2589/1477
f 1706/2589/1477 254/352/255 252/351/254
f 243/343/246 249/347/250 253/350/253
f 228/319/227 231/326/232 238/337/240
f 227/320/228 234/332/236 236/333/237
f 227/320/228 236/333/237 229/321/229
f 217/2618/217 234/332/236 227/320/228
f 228/319/227 224/316/224 225/317/225
f 215/300/218 217/299/217 227/322/228
f 188/252/190 189/253/191 222/312/223
f 222/313/223 193/261/194 201/314/201
f 189/257/191 193/261/194 222/313/223
f 209/290/208 206/289/207 212/295/213
f 176/238/177 200/589/202 178/236/178
f 159/215/160 186/249/188 160/216/161
f 150/199/150 157/211/157 155/210/155
f 150/199/150 155/210/155 151/201/152
f 1728/2619/1497 146/2620/147 153/202/153
f 1728/2619/1497 153/202/153 83/112/80
f 1729/2621/1498 148/197/148 1728/2622/1497
f 83/112/80 1729/2623/1498 1728/2619/1497
f 1728/2622/1497 148/197/148 146/196/147
f 1730/2624/1499 142/2625/143 1729/2623/1498
f 83/112/80 1730/2624/1499 1729/2623/1498
f 1729/2621/1498 149/200/151 148/197/148
f 142/192/143 149/200/151 1729/2621/1498
f 1730/2626/1499 144/193/144 142/192/143
f 1731/2627/1500 144/2628/144 1730/2624/1499
f 1731/2627/1500 1730/2624/1499 83/112/80
f 1731/2627/1500 141/2629/141 143/2630/142
f 84/114/82 141/2629/141 1731/2627/1500
f 1731/2627/1500 143/2630/142 144/2628/144
f 83/112/80 84/114/82 1731/2627/1500
f 84/2631/82 80/2632/81 141/190/141
f 80/2632/81 139/189/140 141/190/141
f 91/129/92 119/168/119 139/189/140
f 139/189/140 82/118/84 91/129/92
f 80/2632/81 81/2633/83 139/189/140
f 139/189/140 81/2633/83 82/118/84
f 122/171/122 115/164/115 116/166/117
f 99/141/100 95/134/95 86/122/88
f 93/133/94 97/137/97 91/129/92
f 83/112/80 71/429/71 76/105/76
f 74/109/75 73/1614/74 78/110/78
f 76/105/76 71/429/71 70/106/72
f 37/73/37 49/79/50 35/434/36
f 43/70/45 8/7/7 44/71/46
f 33/2634/33 43/69/45 39/61/40
f 1732/2635/1501 43/69/45 33/2634/33
f 1732/2636/1501 8/7/7 43/70/45
f 1732/2636/1501 2/2/2 8/7/7
f 3/4/4 2/2/2 1732/2636/1501
f 3/2637/4 1732/2635/1501 32/2638/32
f 32/2638/32 1732/2635/1501 33/2634/33
f 3/4/4 19/2639/20 10/13/10
f 3/4/4 16/35/19 19/2639/20
f 15/633/15 6/8/8 7/9/9
